account_id,member_id,service_address,service_city,service_state,start_date,end_date,billing_status_cd
300001,101738,900 Williams Prairie,Conwayside,VA,2025-09-20,2026-01-15,CLOSED
300002,101311,507 Sullivan Bridge,Lake Danielfurt,SC,2019-03-29,,ACTIVE
300003,101274,635 Emily Burg Apt. 008,Tommyberg,NC,2018-04-04,,ACTIVE
300004,101365,202 Fox Alley Apt. 878,Cainchester,NC,2018-12-28,,ACTIVE
300005,100338,41713 Raymond Inlet,Donnaland,SC,2020-04-07,,ACTIVE
300006,101919,19149 Russell Overpass,West Billy,NC,2025-04-22,,ACTIVE
300007,101356,11075 Felicia Alley Suite 534,North Davidfurt,NC,2019-11-19,,ACTIVE
300008,100784,82275 Casey Extensions,New Erica,SC,2024-05-27,,ACTIVE
300009,101836,74960 Brown Prairie Apt. 326,Bellstad,SC,2018-12-16,,ACTIVE
300010,101863,52648 Singh Bridge,Dianabury,NC,2019-05-19,,ACTIVE
300011,101203,9173 Terri Summit Apt. 598,Rodgershaven,NC,2022-02-03,2023-03-16,CLOSED
300012,100461,748 Figueroa Mountain,Lake Ronald,NC,2019-10-20,,ACTIVE
300013,100767,415 Calhoun Parks,Hansenfurt,NC,2019-05-04,,ACTIVE
300014,101586,453 Janet Courts Apt. 831,Mcintoshborough,SC,2024-09-04,,ACTIVE
300015,100887,2760 Maddox Run Suite 173,North Emilyport,SC,2025-12-29,,ACTIVE
300016,100472,956 Collins Gateway Suite 752,New Timothyton,SC,2023-10-16,,ACTIVE
300017,101359,228 Watkins Lakes Suite 815,Rogerstad,SC,2021-01-31,,ACTIVE
300018,100199,1831 Janet Stravenue,Richardshire,SC,2023-11-02,,ACTIVE
300019,101841,855 Jennifer Drive Suite 802,Williamtown,SC,2023-10-06,2025-08-09,CLOSED
300020,100859,578 Jessica Walk,Camposside,VA,2021-08-22,,ACTIVE
300021,101568,8652 Jonathan Plains,Lake Kimberlyside,NC,2018-08-14,,CLOSED
300022,101360,114 Bryan Manors Suite 976,Ryanberg,NC,2023-04-05,2023-11-20,CLOSED
300023,101413,41895 Kline Plaza,Littlechester,VA,2022-09-05,,ACTIVE
300024,101994,920 Williams Station,North Cynthia,NC,2023-10-23,,ACTIVE
300025,101443,65459 Gallagher Knoll,Jeremyhaven,GA,2023-03-17,,ACTIVE
300026,101208,429 Reyes Neck,North Melissa,NC,2024-05-30,,ACTIVE
300027,100111,1526 Kristin Courts Apt. 383,Williamview,NC,2018-09-17,2021-04-05,CLOSED
300028,100446,6376 Reynolds Stream,Nolanhaven,VA,2023-02-13,2026-06-24,CLOSED
300029,100237,8034 Lisa Lock,West Donald,SC,2025-10-21,,ACTIVE
300030,100561,11072 Madeline Extensions Apt. 967,West Meganburgh,FL,2023-07-24,2025-02-28,CLOSED
300031,101272,9393 Mary Forks,Lake Ruben,NC,2019-01-09,,ACTIVE
300032,101286,814 Laura Prairie Apt. 086,Lake Edward,NC,2022-05-13,,ACTIVE
300033,100174,1679 Marissa Loop Apt. 175,Monroeton,SC,2024-12-27,,ACTIVE
300034,100651,7969 Calvin Wall,New Jonathanport,NC,2025-03-19,,ACTIVE
300035,100310,49744 Seth Green Apt. 025,Rhodeshaven,NC,2020-12-22,,ACTIVE
300036,100646,12299 Mason Route Apt. 708,East Karlaton,NC,2025-09-10,,ACTIVE
300037,100485,0211 Anderson View Apt. 082,West Michellemouth,NC,2018-01-15,,ACTIVE
300038,100886,6990 Wagner Knolls,East Valerie,SC,2022-02-17,,ACTIVE
300039,101692,94440 Latoya Rue,South Miguelhaven,NC,2019-03-25,,ACTIVE
300040,101316,2937 David Trafficway,Hicksburgh,NC,2022-12-16,,ACTIVE
300041,100099,434 Leslie Vista Apt. 864,New Maryborough,NC,2019-02-26,,ACTIVE
300042,100719,869 Laura Gateway,Taylorfurt,TN,2019-06-04,,ACTIVE
300043,101685,0738 Contreras Trail,Burkestad,NC,2020-03-05,,ACTIVE
300044,100161,775 Baird Points,Lake Toddmouth,TN,2023-05-14,,ACTIVE
300045,101262,454 Wood Mountains,Port Meganside,NC,2025-12-13,,ACTIVE
300046,100100,9830 Brandon Court,Barronfort,GA,2023-03-24,,ACTIVE
300047,100859,92039 Joseph Road Apt. 019,Lake John,VA,2025-07-29,,ACTIVE
300048,100071,68891 Sanders Groves Apt. 036,Dannyberg,NC,2021-12-13,,ACTIVE
300049,101241,6486 Park Fields Suite 888,New Aliceland,GA,2019-11-06,,ACTIVE
300050,100707,3187 Sara Mountain,Michealfurt,GA,2021-05-20,,ACTIVE
300051,100122,90303 Michael Glen,Tonyhaven,VA,2022-02-22,,ACTIVE
300052,101154,97587 Johnson Brook Suite 278,Williamsside,SC,2020-03-15,,ACTIVE
300053,100930,5710 Hampton Extension Suite 605,Paulfort,SC,2025-05-21,,ACTIVE
300054,100513,802 Tapia Mission Suite 702,Lake Stevenside,SC,2021-06-18,,ACTIVE
300055,101327,74324 Gina Junction Suite 555,Port Andrewfurt,NC,2019-09-21,,ACTIVE
300056,100747,8281 Kimberly Station Suite 784,North Joseshire,FL,2024-10-02,,ACTIVE
300057,101703,575 Ronald Haven,Port William,NC,2020-10-04,,ACTIVE
300058,100951,7331 Angela Cove,South Jessica,SC,2025-07-28,,ACTIVE
300059,101651,79866 Justin Springs,Port Elizabeth,NC,2023-11-20,,ACTIVE
300060,100317,54502 Hill Field,Baldwinville,SC,2020-04-03,,ACTIVE
300061,100386,278 Thomas Causeway,South Matthew,NC,2019-06-20,,ACTIVE
300062,101572,4027 Daniel Forks Suite 366,Georgestad,NC,2025-04-30,,ACTIVE
300063,100388,70060 Parker Viaduct,Trevinoview,NC,2024-03-05,,ACTIVE
300064,100189,1881 Terry Junction,Lake Keithchester,FL,2019-08-03,,ACTIVE
300065,101402,7407 Thompson Springs Apt. 461,South Rachael,VA,2023-09-05,2026-06-30,CLOSED
300066,100942,43544 Philip Port Apt. 454,South Jason,TN,2020-06-12,,ACTIVE
300067,100394,078 Beltran Well,Cummingsshire,NC,2019-10-04,,ACTIVE
300068,100135,965 Collins Oval,Kellyhaven,SC,2020-08-27,,ACTIVE
300069,101125,82282 Johnson Brook Suite 037,Lake Stevenside,SC,2019-07-31,,ACTIVE
300070,101348,421 Julie Ways Suite 246,South Erinmouth,NC,2024-11-14,,ACTIVE
300071,100058,3632 Phillips Trace Suite 089,Hoffmanfort,SC,2020-03-25,2020-05-28,CLOSED
300072,100876,81690 Henderson Drives Apt. 485,West Johnmouth,NC,2018-06-16,,ACTIVE
300073,101083,91153 Dawn Isle,Mariafort,NC,2024-03-02,,ACTIVE
300074,100937,8245 Alyssa Crossing,New Courtney,NC,2021-08-09,,ACTIVE
300075,100506,3030 Daniel Isle,West Richardberg,GA,2019-12-08,,ACTIVE
300076,101985,22308 Michael Neck Apt. 075,Glendafort,NC,2025-09-30,2026-06-30,CLOSED
300077,101341,6382 Donald Corners Suite 283,Jillberg,NC,2018-04-02,,ACTIVE
300078,101089,06804 Wright Pine Suite 619,Port Joseph,VA,2021-02-02,2023-04-01,CLOSED
300079,100115,334 Katelyn Fords,Chenview,NC,2018-10-17,,ACTIVE
300080,101221,02880 Burgess Mountain,Grahamchester,FL,2018-02-12,,ACTIVE
300081,100168,99287 Christian Road,West John,NC,2020-09-09,,ACTIVE
300082,100432,63120 Manning Route,Parkerchester,TN,2020-08-22,,ACTIVE
300083,101793,1822 Kim Knolls,West Christopher,NC,2022-12-30,2024-02-01,CLOSED
300084,101598,0618 Wesley Point,Richardsonfort,VA,2019-11-27,2020-02-06,CLOSED
300085,100567,9151 Kari Isle Apt. 799,North Olivia,NC,2021-06-26,,ACTIVE
300086,101254,04980 Perry Stravenue,New Matthew,VA,2021-09-12,,ACTIVE
300087,101736,057 Shelby Crest Apt. 698,Jamestown,SC,2020-06-17,,ACTIVE
300088,100099,96070 Ronald Walks Suite 983,Gloverberg,NC,2018-05-27,,ACTIVE
300089,100792,4044 Ruben Tunnel Suite 346,Whitneyland,NC,2018-09-24,,ACTIVE
300090,100587,625 Blake View Apt. 772,Kingshire,NC,2024-08-14,,ACTIVE
300091,100616,6869 Andrade Dam Suite 453,Kellyport,NC,2023-09-01,,ACTIVE
300092,100393,46844 Stein Inlet,Peterland,VA,2019-04-04,,ACTIVE
300093,101508,9216 Jacqueline Plaza Apt. 714,Arroyoview,NC,2020-01-18,,ACTIVE
300094,100219,788 Cheryl Junctions,Kylebury,GA,2019-08-11,,ACTIVE
300095,100534,563 Lee Throughway Suite 110,East Edward,NC,2022-01-17,,ACTIVE
300096,100361,022 Yvette Brooks Apt. 617,Port Jamesborough,NC,2024-01-02,,ACTIVE
300097,101315,4764 Stewart Summit Suite 931,Cartershire,GA,2021-09-24,,ACTIVE
300098,101096,72359 Keller Views,Port Diana,TN,2025-11-22,2026-06-30,CLOSED
300099,100471,64783 Kyle Rapids,Nelsonborough,VA,2021-02-07,,ACTIVE
300100,101143,634 Greer Mission Suite 169,Fergusonmouth,NC,2021-09-17,,ACTIVE
300101,101651,4667 Donald Cliffs,Port Claireville,NC,2021-01-10,,ACTIVE
300102,101108,29536 Courtney Ways,Reyeston,NC,2022-06-16,,ACTIVE
300103,101897,7201 Lopez Mountain,New Richard,FL,2021-03-20,,ACTIVE
300104,100773,389 Evans Corners Apt. 183,Lake Cassandraside,SC,2018-09-26,2021-03-15,CLOSED
300105,100620,1776 Dylan Lodge,Lindseyberg,VA,2020-11-30,,ACTIVE
300106,100242,2588 Veronica Landing Suite 073,Leeborough,NC,2023-09-30,,ACTIVE
300107,100685,464 Brenda Parkway Suite 247,Myersmouth,GA,2025-04-19,,ACTIVE
300108,100557,927 Washington Gardens,Lake Aprilville,NC,2020-11-07,2021-11-23,CLOSED
300109,101113,2200 Steve Road Suite 195,Smithshire,VA,2019-12-30,,ACTIVE
300110,100623,2388 Frederick Fork,New Jameschester,FL,2022-11-16,,ACTIVE
300111,101916,81002 Debra Trail Suite 042,West Emma,NC,2021-02-06,,ACTIVE
300112,100530,42312 Adam River Suite 766,Lake Justinburgh,NC,2022-12-11,,ACTIVE
300113,101314,28204 Karla Pine Apt. 472,Mooremouth,NC,2020-11-21,,ACTIVE
300114,100864,556 Carol Oval Apt. 305,Lake William,VA,2018-11-04,2021-01-12,CLOSED
300115,101148,63979 Walter Throughway Apt. 539,Mosesshire,FL,2020-04-29,2023-03-11,CLOSED
300116,100013,53715 Hernandez Locks,North Saraside,TN,2018-05-11,,ACTIVE
300117,101526,257 Jasmine Gardens Suite 471,Arthurmouth,GA,2018-06-27,,ACTIVE
300118,100911,88382 Holmes Lane Apt. 196,West Edwin,NC,2025-07-17,2026-06-30,CLOSED
300119,101097,6081 Green Green,New Christy,NC,2018-04-05,,ACTIVE
300120,100700,22247 Macdonald Trail Suite 894,New Vanessatown,SC,2021-10-04,,ACTIVE
300121,101720,436 Olivia Cliff Apt. 888,South Tracy,NC,2024-03-01,,ACTIVE
300122,101484,564 Lisa Shores,Scottburgh,SC,2019-01-18,,ACTIVE
300123,101342,17460 Raymond Creek Suite 720,Maryside,NC,2024-12-23,2026-06-30,CLOSED
300124,100068,56131 Nichols Coves Apt. 305,Kelleyborough,NC,2020-12-31,,ACTIVE
300125,101357,2073 Cobb Fields Suite 239,Carneyton,NC,2023-07-10,,ACTIVE
300126,101909,94856 Elaine Point Suite 312,North Arielport,SC,2019-04-21,,ACTIVE
300127,100593,188 Paul Spur Apt. 244,North Jamie,TN,2022-06-14,,ACTIVE
300128,101864,803 Bush Shores Apt. 127,Hancockhaven,FL,2020-06-29,,ACTIVE
300129,101583,43631 Turner Curve,Melissaport,NC,2025-09-24,,ACTIVE
300130,101481,1402 Calvin Lights Apt. 733,Lake Amandaberg,FL,2023-06-11,,ACTIVE
300131,100286,4244 John Walk,Jacobstown,NC,2021-03-08,,ACTIVE
300132,100445,90110 Oliver Springs Apt. 185,Mirandamouth,NC,2025-06-07,,ACTIVE
300133,100306,781 Thomas Trail Apt. 016,Michaelland,VA,2025-05-17,,ACTIVE
300134,101886,1058 Wilson Oval,Port Patrickborough,NC,2022-12-05,,ACTIVE
300135,100429,7871 Davis Grove,West Crystal,NC,2024-03-30,,ACTIVE
300136,101872,14443 Barnes Ramp Apt. 156,Candacechester,SC,2025-12-15,,ACTIVE
300137,100257,760 Jordan Springs Apt. 551,Nicolasshire,SC,2023-02-03,2023-11-18,CLOSED
300138,100458,3102 Reyes Overpass Apt. 881,Lake Ethanburgh,NC,2023-10-30,,ACTIVE
300139,100670,057 King Landing,Jennifertown,NC,2021-06-23,,ACTIVE
300140,100626,89809 Robertson Summit,Spearsburgh,TN,2023-04-27,,ACTIVE
300141,101677,8509 Lisa Fords,Martinezmouth,GA,2023-07-25,,ACTIVE
300142,101497,03975 Kathleen Dam Suite 016,New Stevenmouth,NC,2023-04-20,,ACTIVE
300143,100226,9703 Ian Junction,Gonzalezchester,GA,2019-12-06,,ACTIVE
300144,100725,3926 Jill Street,Duranland,SC,2021-10-09,,ACTIVE
300145,101073,6147 Mitchell Wall Apt. 426,Crystalport,NC,2021-01-24,,ACTIVE
300146,101113,5748 Kathleen Meadow,Port Charlesville,VA,2022-11-20,,ACTIVE
300147,101436,04939 Kyle Cliff Apt. 021,South Philip,NC,2025-10-15,,ACTIVE
300148,100210,7586 Natalie Fields Apt. 316,Mariachester,NC,2021-09-24,,ACTIVE
300149,100131,559 Roberson Summit Apt. 851,Elliottchester,NC,2022-09-21,,ACTIVE
300150,100573,4048 Christina Creek Apt. 657,Brockville,GA,2024-01-26,,ACTIVE
300151,101287,0813 Brian Stream,East Kenneth,SC,2019-01-17,,ACTIVE
300152,100334,0256 Eddie Light,Port Tammyville,TN,2024-11-12,,ACTIVE
300153,100685,738 Harris Port Suite 709,North Scottchester,NC,2020-11-17,,ACTIVE
300154,100099,929 Lawrence Club Apt. 162,North Mallory,NC,2018-10-10,2022-08-14,CLOSED
300155,100909,65349 Romero Mountain Suite 960,Lake Robertstad,NC,2025-08-04,,ACTIVE
300156,100107,509 Luis Trace,Evanbury,TN,2023-04-04,,ACTIVE
300157,101748,7155 Amy Shoal,Laurafurt,SC,2019-04-18,,ACTIVE
300158,101744,84614 Williams Ranch,Port Kathleenberg,NC,2019-04-01,,ACTIVE
300159,100845,40639 Jessica Parkway,Daviesside,GA,2019-04-20,,ACTIVE
300160,101683,967 Smith Shoals,East Joe,NC,2018-07-03,2022-01-22,CLOSED
300161,100284,737 Jimenez Lodge,Jasonton,SC,2018-03-28,,ACTIVE
300162,101659,2677 Mary Tunnel Suite 705,West Kevin,NC,2025-10-09,,ACTIVE
300163,100973,2297 Amanda Glens,Michaelshire,GA,2020-12-20,,ACTIVE
300164,101564,41982 Jones Via,West Jeremiah,GA,2025-08-09,,ACTIVE
300165,101058,7917 Jeremy Rue,Lorettaside,FL,2018-08-05,,ACTIVE
300166,100426,7249 Eric Rapid Suite 868,Nathanielberg,TN,2021-08-20,,ACTIVE
300167,101261,427 Maria Ports Apt. 850,Smithbury,SC,2018-12-03,,ACTIVE
300168,101800,60283 Harvey Spring Apt. 061,Jeffreymouth,TN,2025-05-05,,ACTIVE
300169,100168,11671 Alexander Plains Apt. 829,East Brandonton,VA,2025-07-13,2026-06-30,CLOSED
300170,101927,6438 Henry Point Apt. 352,Wilsonborough,VA,2019-05-18,2022-09-21,CLOSED
300171,101175,24798 Derrick Loop,Kyleborough,FL,2019-03-13,2022-08-31,CLOSED
300172,101746,97980 Perez Circles Suite 998,West Joyberg,GA,2019-03-19,,ACTIVE
300173,100584,62580 Hall Expressway Apt. 160,Donnaland,NC,2025-03-17,,ACTIVE
300174,100208,537 Lane Throughway Suite 316,North Jennifer,VA,2019-04-15,,ACTIVE
300175,100715,59744 Karen Pike Apt. 818,Lake Taylorside,NC,2018-01-28,,ACTIVE
300176,101011,59006 Henderson Cliff,North Kari,NC,2018-05-27,2021-04-02,CLOSED
300177,100997,0519 Caroline Canyon,Port Ginaville,NC,2019-06-14,,ACTIVE
300178,101626,49884 Brian Course,New Andrea,NC,2026-01-29,,ACTIVE
300179,100077,060 Adams Course Apt. 333,Davidchester,SC,2018-12-21,,ACTIVE
300180,101047,5314 Christopher Spurs Apt. 500,Ronaldton,GA,2024-09-22,,ACTIVE
300181,101291,581 Neal Parkways Apt. 022,Donaldborough,SC,2020-04-30,,ACTIVE
300182,101130,29995 Ramos Place,North Lindsey,NC,2025-10-27,,ACTIVE
300183,101024,215 Ellis Viaduct Apt. 681,Mackland,NC,2022-10-09,2026-04-03,CLOSED
300184,100944,781 Montes Tunnel,North Leslie,TN,2019-09-28,,ACTIVE
300185,100079,5692 Solomon Highway Suite 882,Victoriamouth,FL,2022-08-12,,ACTIVE
300186,101725,8908 Matthew Roads Suite 946,Port Philip,NC,2022-03-10,,ACTIVE
300187,101154,758 Griffin Lane,Avilaton,NC,2019-12-04,,ACTIVE
300188,100081,2805 White Burgs,Doyleborough,NC,2024-03-01,,ACTIVE
300189,101132,85377 Saunders Field,Mathiston,SC,2023-07-25,,ACTIVE
300190,100051,062 Benjamin Extension,Josephville,NC,2021-09-14,,ACTIVE
300191,101135,01523 Edwards Branch,Alexanderburgh,SC,2025-01-20,,ACTIVE
300192,101721,3276 Jennifer Brook,Ricefort,NC,2024-06-01,,ACTIVE
300193,100033,59830 Levi Dam Apt. 850,Laurenport,NC,2023-01-28,,ACTIVE
300194,101484,4864 Valencia Canyon Apt. 638,Wrightville,GA,2024-11-01,2026-06-30,CLOSED
300195,100428,85732 Christopher Green Apt. 768,Carlborough,NC,2019-04-06,,ACTIVE
300196,101938,566 Jesse Forest Suite 991,Simpsonfort,NC,2024-04-21,,ACTIVE
300197,101087,8024 Mclaughlin Hills,South Brianbury,NC,2025-08-21,,ACTIVE
300198,101882,82358 Kayla Loop Suite 508,Cortezmouth,SC,2025-03-25,,ACTIVE
300199,100290,8951 Pope Port Suite 162,Port George,NC,2022-10-24,,ACTIVE
300200,101521,7740 Bauer Forks,West Denise,NC,2020-03-29,2020-10-13,CLOSED
300201,101372,864 Sparks Forest,New Barbaraton,SC,2023-07-01,,ACTIVE
300202,101487,39416 Sandra Fall Suite 477,South Carlos,SC,2018-01-19,,ACTIVE
300203,101281,1489 Robin Forest,West Karenland,VA,2021-06-02,2023-07-29,CLOSED
300204,100686,065 Thompson Islands Apt. 801,Hillville,VA,2019-03-21,,ACTIVE
300205,101510,649 Rebecca Branch,New April,NC,2025-08-13,,ACTIVE
300206,101271,50270 Michael Bypass Suite 417,East Kaitlin,SC,2019-05-29,,ACTIVE
300207,101237,6648 Mata Curve,Port Denisechester,TN,2023-10-12,2024-06-03,CLOSED
300208,101385,5145 Carolyn Neck Apt. 420,West Luisfort,NC,2021-01-08,,ACTIVE
300209,100197,36454 Marilyn Village,Hannahshire,GA,2025-03-06,,ACTIVE
300210,101617,65378 Campbell Canyon,New Dianaside,NC,2020-01-26,,ACTIVE
300211,101786,63499 Lee Forges,Rebeccastad,NC,2025-03-07,,ACTIVE
300212,100945,3219 Alexa Gateway,Kyliestad,NC,2023-02-07,,ACTIVE
300213,100502,3024 Duarte Heights Apt. 317,Montesview,SC,2018-04-03,,ACTIVE
300214,100622,8654 Zuniga Locks,North Anthony,SC,2024-01-15,2024-07-30,CLOSED
300215,100447,16596 Eric Cliffs,South Robert,SC,2019-06-29,2021-02-24,CLOSED
300216,101432,526 Amanda Via Suite 017,Meganbury,NC,2023-10-16,,ACTIVE
300217,101233,187 Colleen Highway Apt. 320,Port Joshualand,GA,2018-08-11,,ACTIVE
300218,100238,5303 Albert Loop,Conradmouth,GA,2025-12-03,,ACTIVE
300219,100810,98281 Hobbs Rapid,Bakerview,SC,2018-07-02,,ACTIVE
300220,101482,26709 Norton Tunnel Suite 037,Port Sara,NC,2021-11-25,,ACTIVE
300221,100579,2869 Hester Unions,Juliaburgh,GA,2023-10-23,,ACTIVE
300222,101261,7767 Harvey Mall Apt. 657,Chenton,VA,2025-06-17,2026-06-30,CLOSED
300223,100524,0892 Stephanie Greens,Marissaland,SC,2024-04-26,,ACTIVE
300224,100293,093 Olivia Junction,North Lindsay,TN,2025-02-18,,ACTIVE
300225,100217,8217 Smith Plains,New Johnview,SC,2023-01-03,2024-01-05,CLOSED
300226,101616,690 Taylor Divide,Smithville,NC,2024-05-21,2026-06-30,CLOSED
300227,100103,273 Paul Hill Apt. 211,Jessicashire,GA,2019-12-27,,ACTIVE
300228,101978,422 Christopher Tunnel Apt. 325,East Heidi,NC,2023-05-07,,ACTIVE
300229,101284,26965 Jeremiah Harbor,Sharimouth,NC,2020-05-24,,ACTIVE
300230,100032,61312 Johnson Spring,North Zacharyview,NC,2025-01-11,,ACTIVE
300231,101728,9378 George Avenue Suite 072,East Kim,FL,2025-02-18,,ACTIVE
300232,101224,87982 Stephanie Brook,West Antonio,NC,2025-09-22,,ACTIVE
300233,100069,561 Alexis Burgs,Lake Sarah,NC,2019-11-04,,ACTIVE
300234,101592,8085 Ruiz Island,New Nicolasbury,VA,2021-12-02,,ACTIVE
300235,101240,96530 Kimberly Orchard Apt. 223,Rodriguezborough,SC,2025-04-01,2026-06-30,CLOSED
300236,100150,744 Catherine Harbors Apt. 225,Davidfurt,GA,2022-10-15,,ACTIVE
300237,100085,4733 Lynch Flats,North Anthony,NC,2021-08-13,,ACTIVE
300238,101768,31191 Karla Common,Michaelbury,NC,2021-11-05,,ACTIVE
300239,101000,158 Gomez Street,New Chase,VA,2018-01-28,,ACTIVE
300240,100765,1395 Matthew Street Suite 721,Jacksonside,NC,2023-12-28,,ACTIVE
300241,100591,184 Jeffery Hills Apt. 440,West Robert,NC,2022-12-12,,ACTIVE
300242,100574,0575 Williams Highway,Port Mikaylaton,GA,2019-10-05,,ACTIVE
300243,100577,7386 Christopher Key Apt. 911,East Taylorstad,NC,2024-04-25,,ACTIVE
300244,100548,845 Scott Glens,Barajasville,FL,2022-08-05,,ACTIVE
300245,101610,99538 Christopher Heights,Hollandshire,FL,2025-12-13,,ACTIVE
300246,100710,50316 Clark Forges Suite 164,Charlesburgh,SC,2019-05-06,,ACTIVE
300247,100780,669 Wallace Fall Apt. 528,South Jose,SC,2021-07-06,2021-09-06,CLOSED
300248,101498,20233 Gary Greens,Smithborough,SC,2024-08-05,,ACTIVE
300249,100383,14981 Castro Wall,Isabelfurt,NC,2023-07-26,2026-06-30,CLOSED
300250,101623,582 Brooke Track Apt. 001,North Duanestad,NC,2020-09-05,,ACTIVE
300251,101167,74148 Christine Terrace,Thomasland,NC,2019-05-19,,ACTIVE
300252,101696,82995 Harrell Track,South Gregoryview,SC,2025-10-25,,ACTIVE
300253,101334,32986 Russell Road Apt. 150,Port Feliciaport,VA,2022-05-15,,ACTIVE
300254,100952,8970 Mann Divide,Baldwinfurt,SC,2020-10-12,,ACTIVE
300255,100577,6591 Lawson Haven,East Caitlinfurt,SC,2019-12-24,,ACTIVE
300256,100265,03581 Emily Fall Apt. 708,Port Toddberg,GA,2025-06-22,,ACTIVE
300257,101668,625 Cardenas Corners,Kingmouth,SC,2022-11-07,2025-05-24,CLOSED
300258,101374,80218 Vazquez Rest Apt. 469,Chrisstad,SC,2020-08-19,,ACTIVE
300259,100849,78721 Joshua Mountains,Samanthaport,VA,2021-10-18,,ACTIVE
300260,100500,3953 Vargas Bridge,Jacksonport,NC,2024-09-10,,ACTIVE
300261,100620,10844 Sarah Manor,New Donna,SC,2020-03-05,,ACTIVE
300262,100491,621 Elizabeth Ports Apt. 557,Hollyhaven,NC,2020-04-27,,ACTIVE
300263,100613,2550 Bailey Creek Apt. 546,Mullenstad,NC,2022-06-29,,ACTIVE
300264,101490,18947 Williams Circle Suite 310,Burnsmouth,SC,2022-03-11,2023-01-10,CLOSED
300265,100950,88072 Thomas Island,South Andrew,NC,2023-01-09,,ACTIVE
300266,101379,70844 Hill Groves,Hartberg,NC,2018-11-01,,ACTIVE
300267,100762,6811 Tanner Ville Suite 491,Gabrielleside,NC,2023-11-06,2026-06-30,CLOSED
300268,101905,873 Clark Plaza Suite 352,East Brittanyville,NC,2021-11-06,,ACTIVE
300269,100899,44362 Andrew Trafficway,New Robertborough,NC,2018-03-14,,ACTIVE
300270,100257,95170 Stewart Islands Suite 660,Guerrerotown,NC,2023-11-18,,ACTIVE
300271,101059,360 Knight Tunnel Suite 613,Solisview,NC,2021-05-21,,ACTIVE
300272,101387,36938 Stephens Divide Suite 729,South Nicholas,GA,2020-11-29,,ACTIVE
300273,101800,085 Kelly Terrace Suite 951,Merrittport,GA,2025-10-12,,ACTIVE
300274,100728,38127 Catherine Valley Apt. 447,Lake Lauraburgh,NC,2024-04-13,2026-06-30,CLOSED
300275,100859,944 Amber Estates,Mooreville,VA,2023-12-17,,ACTIVE
300276,100969,102 Erin Causeway,Jamieside,NC,2022-12-10,2024-03-11,CLOSED
300277,100612,16639 Gray Tunnel Apt. 961,Carolineville,NC,2025-02-07,,ACTIVE
300278,101245,05743 Colleen Groves Apt. 806,South Josephfort,SC,2020-11-25,,ACTIVE
300279,100538,724 Paul Radial,Lake Jamesville,NC,2022-04-30,,ACTIVE
300280,100936,1584 Allison Grove Apt. 979,Loriview,NC,2025-09-23,,ACTIVE
300281,100534,5705 Renee Heights,Lake Randallton,SC,2025-10-27,,ACTIVE
300282,101349,784 Johnson View,Blairmouth,NC,2022-02-14,,ACTIVE
300283,100104,22540 Walter Orchard Apt. 902,Mataland,TN,2024-05-23,,ACTIVE
300284,101236,87009 Gonzalez Mountain Apt. 684,Dennishaven,VA,2020-07-09,,ACTIVE
300285,101764,9477 Daniel Extensions,Crystalstad,NC,2023-03-16,,ACTIVE
300286,101748,32271 Charles Extension Suite 599,South Patrick,SC,2021-10-14,2025-04-07,CLOSED
300287,101313,53588 Riley Forges,Lake Thomasburgh,GA,2021-02-23,,ACTIVE
300288,101820,75314 Dickson Lakes Suite 104,North Bridget,SC,2020-05-29,,ACTIVE
300289,100332,8840 Ramirez Rest,Port Stacychester,NC,2023-04-16,,ACTIVE
300290,101609,663 Larson Plain,Kennedyborough,NC,2025-04-02,2026-06-30,CLOSED
300291,100517,7976 Gray Trace Suite 593,East Georgeborough,VA,2020-09-01,,ACTIVE
300292,101599,0657 Caroline Well Apt. 292,New Mary,TN,2025-08-30,2026-06-30,CLOSED
300293,100257,1964 Michael Center,Reynoldsside,NC,2025-10-26,,ACTIVE
300294,101569,141 Walker Summit,South Justinfort,FL,2019-07-24,,ACTIVE
300295,101516,522 Kiara Pines Apt. 008,West Joshuaburgh,SC,2024-11-09,,ACTIVE
300296,100224,334 Sandra Point Suite 889,Berrymouth,NC,2025-09-09,2026-06-30,CLOSED
300297,101750,537 Madison Field,South John,NC,2023-06-07,,ACTIVE
300298,101391,32498 Scott Locks Suite 030,Lake Yesenia,NC,2023-09-18,,ACTIVE
300299,101212,923 Gallegos Expressway Apt. 365,South Michealland,SC,2018-06-04,,ACTIVE
300300,101563,5166 Nicholson Courts Suite 135,Lake Nancy,NC,2025-06-19,2026-06-30,CLOSED
300301,101003,365 Vaughan Manors Suite 336,Alexandraborough,GA,2018-06-06,,ACTIVE
300302,101132,5514 Barnes Street Apt. 841,Melissaburgh,NC,2019-04-23,,ACTIVE
300303,101939,72960 Lindsey Shoals Apt. 715,New Michaelmouth,NC,2023-12-23,,ACTIVE
300304,100861,628 Meyers Green,Nguyenland,SC,2023-06-01,,ACTIVE
300305,101394,0551 Frank River,Lake Joshua,NC,2021-05-24,,ACTIVE
300306,101767,593 Adam Expressway Suite 297,Lake Tony,TN,2018-09-17,,ACTIVE
300307,101923,84582 Hudson Mountain,Amandafort,NC,2022-04-15,2023-10-02,CLOSED
300308,101036,53859 Veronica Ports Suite 537,Silvachester,NC,2020-12-22,,ACTIVE
300309,101664,2745 Johnson Pine,Smithborough,GA,2018-04-29,,ACTIVE
300310,101779,14268 Jennifer Walks Apt. 554,South Catherineton,VA,2024-05-25,,ACTIVE
300311,101893,683 Sarah River,North Amanda,NC,2020-10-14,,ACTIVE
300312,100017,7245 Stout Corner Apt. 541,West Amy,NC,2020-07-22,,ACTIVE
300313,100302,231 Rowe Pines,New Diane,NC,2018-10-25,,ACTIVE
300314,101597,147 Carrie Hills Suite 356,Sandrafort,NC,2022-09-25,2025-09-08,CLOSED
300315,101487,464 Matthew Extensions Suite 065,New Josephfort,NC,2021-11-13,,ACTIVE
300316,101542,845 Dunn Mountain,East Vincent,NC,2022-10-03,2026-03-06,CLOSED
300317,100528,48587 Robert Fall,Joshuaview,NC,2020-09-18,,ACTIVE
300318,101476,418 Long Meadow Apt. 724,New Keithtown,NC,2025-07-24,,ACTIVE
300319,100119,25568 Nicole Loaf,Robertland,NC,2020-02-25,,ACTIVE
300320,101395,2242 Wolfe Brooks,East Patrickfurt,FL,2018-07-14,,ACTIVE
300321,101300,5774 Mitchell Cliff,Ruizville,NC,2019-08-13,,ACTIVE
300322,100669,6187 Clayton Oval Suite 601,Christopherborough,VA,2021-10-18,,ACTIVE
300323,101540,1911 Pearson Circles Suite 516,Thomasside,SC,2018-11-08,,ACTIVE
300324,100373,170 Lopez Mount,Jaredbury,VA,2024-03-02,,ACTIVE
300325,101935,67826 Hill Way,North Jamesberg,NC,2024-03-06,,ACTIVE
300326,100159,07873 Taylor Mountain,Kristineton,TN,2022-01-05,,ACTIVE
300327,101098,045 Olsen Mission,Jademouth,NC,2018-01-14,,ACTIVE
300328,101829,108 Mckay Streets,Lake Matthewton,NC,2024-01-24,,ACTIVE
300329,101118,81517 Boyd Plains,North Sheilafurt,FL,2024-03-24,2026-06-30,CLOSED
300330,100859,262 Matthew Ridge Apt. 130,Hollyshire,NC,2024-02-06,,ACTIVE
300331,100373,251 Shepard Roads Suite 432,Jonesfurt,FL,2025-01-19,,ACTIVE
300332,101394,8647 April Passage,New Daniel,SC,2022-12-22,,ACTIVE
300333,101827,43335 Natalie Parks Suite 734,Holdenfurt,VA,2024-02-18,2026-06-30,CLOSED
300334,100437,71474 Roberson Inlet,New Jamesfort,NC,2019-01-28,,ACTIVE
300335,100671,6426 Anderson Canyon Suite 275,Martinezfort,SC,2025-07-14,,ACTIVE
300336,101783,539 Brett Forks Suite 331,Brittneyside,GA,2022-11-18,,ACTIVE
300337,100163,652 White Plaza,South Cheryl,NC,2019-04-22,,ACTIVE
300338,101581,698 Christopher Union Suite 633,Herrerastad,VA,2023-03-11,,ACTIVE
300339,100406,06435 Emily Square Apt. 227,Darrellview,TN,2020-09-27,,ACTIVE
300340,101803,547 Tracy Streets,Velasquezshire,NC,2025-09-28,,ACTIVE
300341,101430,121 Hart Throughway,North Travis,NC,2019-10-29,,ACTIVE
300342,100427,13653 Faith Streets Apt. 276,Isaacport,NC,2025-12-24,,ACTIVE
300343,100913,0751 Jeffrey Burg,Woodston,SC,2025-06-30,,ACTIVE
300344,100820,525 Collin Plains Apt. 700,Lindseybury,NC,2024-11-18,,ACTIVE
300345,100763,5344 Baldwin Isle Apt. 578,Jacobsbury,NC,2018-10-26,,ACTIVE
300346,101726,63241 Dan Turnpike,Castanedaburgh,SC,2020-08-03,,ACTIVE
300347,101141,587 Brown Summit Apt. 649,Jamesberg,FL,2022-01-23,,ACTIVE
300348,100639,313 Roberts Coves Suite 670,South Jasmine,NC,2025-03-05,,ACTIVE
300349,100805,963 Dawn Trafficway,Port Nathanielville,NC,2023-01-22,,ACTIVE
300350,101007,068 Eric Turnpike,Jacobsborough,FL,2023-03-07,,ACTIVE
300351,100378,56066 Tonya Crest,Port Tonyaville,NC,2020-02-19,2022-09-24,CLOSED
300352,100765,507 Mary Forge,West Colinshire,VA,2023-05-31,,ACTIVE
300353,101444,566 Amanda Divide,Seanview,NC,2023-10-31,,ACTIVE
300354,100119,81550 Choi Rapids,Duncanton,FL,2025-06-08,,ACTIVE
300355,100137,203 Thompson Light Suite 299,New Nancy,NC,2022-12-16,,ACTIVE
300356,100974,965 Kurt Cape Apt. 650,Jessestad,NC,2021-06-14,2024-04-21,CLOSED
300357,101171,08012 Graves Parkway Apt. 565,Aaronmouth,NC,2019-04-06,,ACTIVE
300358,101219,950 Clayton Crescent Suite 306,New Monique,NC,2019-12-07,,ACTIVE
300359,101239,87232 Elliott Village Suite 856,North Melissa,NC,2018-06-27,,ACTIVE
300360,100101,53746 Lori Field Suite 693,South Crystalchester,NC,2024-11-04,,ACTIVE
300361,100689,8395 Hoffman Cliffs Suite 426,East Maria,NC,2019-07-05,,ACTIVE
300362,101292,7736 Chase Roads,East Sarah,NC,2023-04-05,,ACTIVE
300363,101246,372 David Mount Suite 828,North Coltonview,GA,2024-08-17,2024-12-15,CLOSED
300364,100829,8507 Mary Well,Brianport,GA,2019-09-03,,ACTIVE
300365,101506,0551 Gina Turnpike,Port Margaret,GA,2019-02-25,,ACTIVE
300366,100154,79291 Rivera Path Suite 678,Sandrastad,NC,2024-12-29,,ACTIVE
300367,100340,186 Mccarthy Manors,Petermouth,NC,2019-08-19,,ACTIVE
300368,101654,892 Landry Greens,East Matthew,NC,2020-02-28,,ACTIVE
300369,101806,84917 Flores Burg,Port Amber,NC,2023-10-11,,ACTIVE
300370,101966,78648 Ian Road,West Samantha,VA,2021-01-29,2021-04-03,CLOSED
300371,101010,2798 Lindsey Row,Port Amyside,FL,2019-05-10,,ACTIVE
300372,100683,0677 Horn Ways,Abbottville,NC,2025-06-04,,ACTIVE
300373,101726,2751 Shannon Hills,Thompsonview,SC,2020-01-27,,ACTIVE
300374,101413,429 Edward Stravenue Apt. 399,Lake Josephfurt,VA,2019-06-03,,ACTIVE
300375,101231,511 Luna Mews,Lake Denisetown,NC,2023-05-09,2024-07-27,CLOSED
300376,101489,770 Julie Springs Apt. 949,North Douglasmouth,SC,2018-04-06,,ACTIVE
300377,101479,822 Espinoza Field Suite 988,Port Ellen,SC,2019-06-02,,ACTIVE
300378,100451,3900 White Circles Suite 221,Lake Raymond,NC,2021-01-21,,ACTIVE
300379,100248,0613 Alicia Mills Apt. 966,Johnsonburgh,NC,2019-04-15,,ACTIVE
300380,101857,5237 Floyd Rapids,Alexanderchester,GA,2025-05-26,,ACTIVE
300381,100523,77563 Sabrina Creek Apt. 446,New Melissatown,SC,2023-12-18,,ACTIVE
300382,100773,546 Johnson Stravenue Apt. 239,Michaelfort,VA,2022-05-30,,ACTIVE
300383,101031,1752 Cunningham Bridge,West Gary,SC,2023-02-17,,ACTIVE
300384,101990,1966 Navarro Club Suite 583,Williammouth,SC,2025-02-03,,ACTIVE
300385,100893,48519 Nicolas Alley,Spencerton,NC,2018-03-27,,ACTIVE
300386,100281,63634 Joseph Point,Port Joshua,FL,2020-03-07,,ACTIVE
300387,101370,3904 Timothy Spring Apt. 908,Lake Laurenhaven,SC,2021-04-04,,ACTIVE
300388,101427,28616 Kelly Common Apt. 394,East Randymouth,NC,2024-04-15,,ACTIVE
300389,100084,465 Burnett Inlet Suite 683,Bushbury,NC,2025-04-19,,ACTIVE
300390,101070,65285 Beasley Spring Apt. 152,Wilkinstown,NC,2019-04-14,,ACTIVE
300391,101896,3897 Myers Vista Suite 097,East Taraport,NC,2023-11-09,2025-10-29,CLOSED
300392,100689,3715 Freeman Meadows Apt. 100,Hamptonview,NC,2021-03-14,,ACTIVE
300393,101211,62784 Brian Stravenue Apt. 601,North Whitney,GA,2024-08-29,,ACTIVE
300394,100187,233 Tammy Summit,Gardnerport,GA,2023-03-30,,ACTIVE
300395,100229,464 Garcia Courts,Benjaminmouth,SC,2025-12-28,,ACTIVE
300396,101906,678 White Inlet,Port Andrewland,NC,2023-12-29,,ACTIVE
300397,101987,6491 Corey Union Suite 379,East Mark,NC,2021-12-19,2023-10-12,CLOSED
300398,100569,24733 Finley Ramp,South Gloriafurt,NC,2022-02-23,,ACTIVE
300399,100422,941 Bradley Ridge,Lake Ninaborough,NC,2024-04-20,,ACTIVE
300400,101717,92221 Williams Centers,South Joseview,FL,2026-01-08,,ACTIVE
300401,101085,66689 Alan Pines Apt. 009,Clarkside,TN,2022-03-05,,ACTIVE
300402,100004,1058 Vicki Trafficway Apt. 848,New Tyronefurt,NC,2021-02-26,,ACTIVE
300403,101642,074 Salas Village,Josemouth,SC,2020-01-10,,ACTIVE
300404,100503,919 Jessica Lodge Suite 542,New Felicia,NC,2019-05-07,,ACTIVE
300405,101186,780 Karen Union Apt. 324,West Samantha,NC,2025-01-04,,ACTIVE
300406,101000,7869 Thompson Walk Apt. 587,Gibbsland,NC,2025-03-24,,ACTIVE
300407,100821,13460 Andrew Center,Lindamouth,VA,2024-01-21,,ACTIVE
300408,101796,011 Erin Knoll Suite 707,Mcdanieltown,NC,2021-11-19,,ACTIVE
300409,101343,0489 Sean Keys,Lake Maria,NC,2020-04-10,,ACTIVE
300410,101531,982 Houston Crest,Traceyfort,SC,2023-04-22,,ACTIVE
300411,101069,14946 Evans Passage,Edwardmouth,VA,2022-07-06,,ACTIVE
300412,100941,09878 Scott Rue Apt. 365,Rangelside,SC,2021-03-26,,ACTIVE
300413,100794,68379 Janet Mountain,West Denisechester,FL,2021-08-02,,ACTIVE
300414,100412,3192 Blanchard Course,Nelsonshire,GA,2023-06-11,2024-03-27,CLOSED
300415,100275,605 Joseph Parks,North Robertside,NC,2022-10-27,2025-04-27,CLOSED
300416,100643,055 Foster Ramp,Bensonmouth,TN,2023-10-07,,ACTIVE
300417,101640,4976 Natalie Road Suite 286,Paulburgh,NC,2020-12-29,,ACTIVE
300418,100501,20924 White Circles,Lake Michael,NC,2025-05-25,,ACTIVE
300419,100508,9860 John Flats,North Seth,NC,2019-02-25,,ACTIVE
300420,101356,5696 Marie Lake Suite 625,Murphybury,NC,2020-06-13,,ACTIVE
300421,101909,7726 Brittany Terrace,Johnburgh,SC,2024-11-26,,ACTIVE
300422,101089,7335 Nguyen Club Apt. 582,Lake Edward,GA,2018-05-18,2022-05-28,CLOSED
300423,100061,54135 Kimberly Inlet Suite 825,Justinchester,NC,2020-10-19,,ACTIVE
300424,101878,11183 Gibson Isle Apt. 476,Matthewton,SC,2021-04-29,,ACTIVE
300425,100252,87661 Thompson Tunnel,Ortegaton,NC,2020-07-27,,ACTIVE
300426,100203,88311 Shelton Gateway,Annahaven,NC,2024-08-22,,ACTIVE
300427,100114,6267 Bryant Shoals,Katherineton,FL,2025-06-05,,ACTIVE
300428,100551,9744 Stephanie Lodge,South Louistown,NC,2022-08-16,,ACTIVE
300429,101804,3262 Rachel Key Suite 017,New Adam,TN,2023-03-24,,ACTIVE
300430,101966,003 Connie Drive Apt. 580,Port Susanton,VA,2019-03-19,,ACTIVE
300431,101618,0232 Sean Ferry Suite 985,Nancyfort,NC,2022-07-07,,ACTIVE
300432,101050,328 Rachel Islands Apt. 597,Aaronmouth,SC,2020-07-29,,ACTIVE
300433,101702,0980 Mary Summit Apt. 323,Lake Jim,NC,2020-01-09,,ACTIVE
300434,100544,9116 Jennifer Coves,Jenniferside,VA,2021-12-04,2025-12-27,CLOSED
300435,100566,62442 Curry Radial Suite 433,Shawnberg,NC,2019-05-11,,ACTIVE
300436,100135,490 Emily Corners,Tannerville,NC,2019-10-23,,ACTIVE
300437,100842,1684 Gene Shoal Suite 081,East Alexandrabury,NC,2019-04-12,,ACTIVE
300438,100215,434 Carter Track Apt. 490,Williamside,SC,2023-12-13,2024-12-21,CLOSED
300439,101236,529 Wagner Terrace,Jamesland,NC,2024-02-10,,ACTIVE
300440,100361,91325 Delgado Heights,East Mark,TN,2021-03-22,,ACTIVE
300441,100505,701 Shannon Fields,Kaylaville,SC,2020-06-20,,ACTIVE
300442,100378,546 Phillips Lights,Lake Daniellefort,VA,2025-01-10,,ACTIVE
300443,100142,99920 Megan Springs,South Timothy,NC,2025-04-20,,ACTIVE
300444,101730,3413 Ross Gardens,Juliestad,NC,2021-10-15,,ACTIVE
300445,100097,9614 David Lodge,Jennifertown,TN,2023-06-11,,ACTIVE
300446,100286,99583 Floyd Expressway Apt. 905,South Stephanie,NC,2023-07-11,,ACTIVE
300447,100679,0977 Bauer Brook,Brittanymouth,TN,2020-02-11,,ACTIVE
300448,100402,5442 Gregory Flat Apt. 495,East Tammy,NC,2020-08-04,,ACTIVE
300449,100423,60518 Walker Manor Suite 000,Joehaven,VA,2022-08-14,,ACTIVE
300450,101945,456 Baker Orchard,East Jessica,NC,2023-11-28,,ACTIVE
300451,101744,7169 Stevens Walk,East Blakeborough,NC,2025-03-03,,ACTIVE
300452,101638,929 Andrew River Suite 197,East Lisa,NC,2023-12-02,,ACTIVE
300453,100266,496 Danielle Mill Suite 153,Brettfurt,VA,2024-06-01,,ACTIVE
300454,100165,919 Dylan Dale,Lake Courtneytown,SC,2023-08-09,,ACTIVE
300455,101409,6083 Linda Wall,Mathistown,NC,2023-06-01,,ACTIVE
300456,101134,42078 Jennifer Field,New Cheryl,SC,2022-08-24,,ACTIVE
300457,100787,8304 Carr Fork Apt. 459,New Stevenfurt,VA,2022-03-15,,ACTIVE
300458,101727,2993 Andrea Oval,New John,SC,2018-05-23,,ACTIVE
300459,100450,435 Christopher Pass,Duncanchester,SC,2023-12-05,,ACTIVE
300460,101954,935 Sandra Well Suite 542,Thomastown,SC,2018-02-26,,ACTIVE
300461,101762,63030 Mora Bypass,Lake Megan,TN,2022-05-03,,ACTIVE
300462,101438,13771 April Locks Suite 380,Lake Valerie,NC,2025-04-21,2025-12-06,CLOSED
300463,100970,4084 Stacy Common Suite 081,Jeffreymouth,SC,2021-07-15,,ACTIVE
300464,100783,652 Vincent Junctions Apt. 872,Braychester,NC,2019-05-11,2021-08-16,CLOSED
300465,101065,052 Lisa Crossing,East Robinfort,TN,2019-06-19,,ACTIVE
300466,101841,41295 Michelle Extensions Suite 404,East Peter,GA,2020-11-18,2024-07-25,CLOSED
300467,100878,19829 Ballard Parkway,Tammyhaven,NC,2023-06-15,,ACTIVE
300468,100429,88314 Marsh Pines,Lake Christopher,SC,2020-02-18,2022-06-22,CLOSED
300469,101101,7672 Ward Views,Englishside,NC,2018-02-08,2018-06-30,CLOSED
300470,101300,68686 Payne Mission Apt. 113,South Jerry,NC,2024-06-28,,ACTIVE
300471,100194,362 James Forges,Kaylamouth,NC,2019-06-30,,ACTIVE
300472,100769,990 James Point Apt. 925,East Danielleberg,VA,2020-01-02,,ACTIVE
300473,101480,34754 Martha Lock,East Nicholas,TN,2021-03-19,,ACTIVE
300474,101451,8332 Jennifer Grove Suite 242,Barnesstad,FL,2024-12-03,,ACTIVE
300475,100150,94792 Belinda Manors,South Brianna,SC,2024-11-29,,ACTIVE
300476,101628,458 Andrew Knoll Apt. 824,Grantchester,SC,2019-05-27,,ACTIVE
300477,100158,9193 Mia Terrace Suite 056,Reginamouth,NC,2020-05-31,2023-12-26,CLOSED
300478,101310,01388 Church Drive,Port Janicemouth,VA,2018-05-14,,ACTIVE
300479,101903,5492 Kayla Route Apt. 350,West Daniellehaven,NC,2019-08-25,,ACTIVE
300480,101443,228 Teresa Manor,Serranomouth,TN,2022-05-25,,ACTIVE
300481,100889,16845 Jeanne Keys Suite 953,South Annechester,NC,2020-04-18,,ACTIVE
300482,100408,9531 Stacey Common,Port Evanborough,VA,2022-04-04,,ACTIVE
300483,101410,419 John Summit Apt. 639,Michaelside,TN,2024-03-29,,ACTIVE
300484,100591,920 Leach Vista,North Mike,SC,2018-07-16,,ACTIVE
300485,100869,4968 Alicia Rapids Suite 220,Russellbury,NC,2024-09-30,,ACTIVE
300486,100004,6268 Lawrence Summit Apt. 097,Garyburgh,NC,2024-05-08,,ACTIVE
300487,101600,961 Harris Mission,Port Carolborough,NC,2022-11-06,,ACTIVE
300488,101829,9565 Barnes Dale,Singhtown,GA,2018-07-28,,ACTIVE
300489,100056,224 Daniel View Apt. 767,West Robin,TN,2020-08-13,,ACTIVE
300490,100601,692 John Road,South Shelia,NC,2024-10-23,,ACTIVE
300491,100521,69593 Stephanie Walks,Kevinshire,VA,2021-03-02,,ACTIVE
300492,101609,41054 Brown Turnpike,Port Douglashaven,TN,2024-04-07,,ACTIVE
300493,100983,3454 Berry Club,West Rhondafort,NC,2022-07-17,,ACTIVE
300494,100712,76565 Adam Wall Apt. 073,South Wendy,NC,2025-02-28,,ACTIVE
300495,101946,06356 Teresa Manors,Connerstad,SC,2018-07-29,,ACTIVE
300496,100395,58139 Ingram Trafficway Suite 383,East Christine,FL,2021-09-07,,ACTIVE
300497,101890,503 Burns Stravenue,Port Christopherfurt,GA,2019-05-03,2022-03-16,CLOSED
300498,101759,8886 Elizabeth Pine Apt. 022,Mannmouth,NC,2025-09-17,2026-06-30,CLOSED
300499,100268,1737 Douglas Brook,Bellville,TN,2023-09-27,,ACTIVE
300500,101908,225 Morgan Stravenue Apt. 055,North Rodneytown,NC,2023-06-08,,ACTIVE
300501,101171,6850 Michael Plaza Apt. 848,Gibsonbury,SC,2022-02-20,2024-12-01,CLOSED
300502,100475,3463 Payne Park,Grahamburgh,TN,2020-06-16,,ACTIVE
300503,101915,36158 Cruz Way,North Tara,NC,2022-08-06,,ACTIVE
300504,100949,575 Castaneda Isle Suite 217,South Henry,TN,2020-07-05,,ACTIVE
300505,101972,1171 Lisa Summit Suite 532,Amyland,NC,2025-07-21,,ACTIVE
300506,101573,408 James Ways Suite 100,North Shannon,GA,2020-12-17,,ACTIVE
300507,101410,9450 Sims Ville,East Christina,VA,2020-09-23,,ACTIVE
300508,101844,8205 Kevin Stravenue Suite 002,Salashaven,NC,2021-04-02,,ACTIVE
300509,101567,6852 Laurie Path,East Vanessa,GA,2021-02-24,,ACTIVE
300510,101148,1203 Angela Pine Apt. 865,Torresshire,NC,2024-03-26,,ACTIVE
300511,100394,8118 Patricia Falls Suite 358,East Tracey,SC,2024-10-22,,ACTIVE
300512,101010,5703 Eileen Rest Apt. 453,Wyattberg,FL,2024-10-28,,ACTIVE
300513,101542,2764 Thomas Walk,Taylorchester,FL,2024-11-25,,ACTIVE
300514,100057,76333 Bell Path,East Brianstad,FL,2025-09-23,,ACTIVE
300515,101950,324 Cindy Squares,Lake Virginia,GA,2022-06-01,,ACTIVE
300516,101702,80979 Joseph Walk,Tylerstad,NC,2024-11-13,,ACTIVE
300517,100306,240 Rhonda Course,Smithburgh,SC,2018-07-08,2021-12-29,CLOSED
300518,101401,9793 Jennifer Grove Suite 629,East Ryanmouth,NC,2018-04-09,,ACTIVE
300519,100127,0036 Jennifer Creek Suite 805,West Michael,VA,2019-12-26,,ACTIVE
300520,101895,434 Thomas Ford,Mitchellland,SC,2025-07-05,,ACTIVE
300521,101271,727 Hayes Grove,South Kimberly,VA,2024-10-18,,ACTIVE
300522,101794,6478 Amanda Villages Apt. 942,Carterside,NC,2020-12-17,2022-11-30,CLOSED
300523,100728,23651 Kevin Mountains,Wrightburgh,GA,2023-03-31,,ACTIVE
300524,101252,46149 Drake Crossing Apt. 835,Lake Zachary,NC,2018-12-09,,ACTIVE
300525,100019,3750 Watts Knoll,West Samantha,GA,2022-05-09,,ACTIVE
300526,100595,426 West Overpass,Elijahview,NC,2018-09-23,,ACTIVE
300527,101488,85867 Jennifer Mall Suite 212,Gilbertburgh,NC,2018-10-09,,ACTIVE
300528,100929,88882 Samuel Track Suite 045,South Stephaniefurt,NC,2018-03-15,,ACTIVE
300529,101590,3456 Jonathan Coves Apt. 382,Port Kathleenbury,GA,2025-05-06,,ACTIVE
300530,101526,450 Mckee Mountains Apt. 930,New Tamara,TN,2019-04-06,,ACTIVE
300531,101138,5293 Collins Plains,North Wendy,TN,2022-12-27,,ACTIVE
300532,100719,6466 Jimenez Landing Suite 841,East Leslie,TN,2018-09-18,,ACTIVE
300533,100659,46297 Thompson Ports,West Erikview,NC,2023-07-08,,CLOSED
300534,101120,651 Jennifer Rue,Martinezport,NC,2018-05-25,,ACTIVE
300535,101724,990 Chapman Neck,North Peterton,NC,2020-06-21,,ACTIVE
300536,100928,39997 Gordon Mountain Apt. 954,Kelleyview,NC,2018-08-29,,ACTIVE
300537,101036,437 Hancock Orchard Apt. 434,East Jessicaland,SC,2018-03-21,,ACTIVE
300538,101935,682 Green Place,Roberttown,NC,2020-05-18,,ACTIVE
300539,101698,26901 Eric Circles,Lake Matthewtown,VA,2018-11-13,,ACTIVE
300540,101038,08310 Becky Grove Suite 689,Lake Kristenbury,SC,2018-04-03,2018-07-08,CLOSED
300541,100379,905 Lee View Suite 159,Benjaminton,NC,2022-05-23,2025-08-21,CLOSED
300542,101399,6285 Mcclure Summit Apt. 517,Diazhaven,NC,2019-04-07,,ACTIVE
300543,101389,059 Taylor Island,North Matthewport,NC,2021-03-16,2024-07-02,CLOSED
300544,101939,4118 Wanda Station,East Erinchester,NC,2025-03-06,2026-06-30,CLOSED
300545,100880,38973 Potts Park Apt. 621,Lake Johnnyview,VA,2020-11-19,,ACTIVE
300546,100404,17260 Tami Lights,New Christianbury,NC,2018-05-21,2020-10-10,CLOSED
300547,100683,0712 White Unions Suite 301,Andrewsport,SC,2020-01-27,2022-03-06,CLOSED
300548,100087,16123 Mitchell Square Apt. 997,Jenniferstad,NC,2019-11-10,,ACTIVE
300549,100520,1708 Garcia Lodge,Garyport,NC,2019-09-29,,ACTIVE
300550,101204,07353 Amber Plain Apt. 132,Jessicafurt,SC,2024-09-06,,ACTIVE
300551,101271,35309 Fleming Skyway Apt. 894,Donnachester,NC,2021-03-02,,ACTIVE
300552,101494,273 William Way,New Rebeccahaven,FL,2020-06-19,,ACTIVE
300553,101733,296 Eaton Flat Apt. 961,North Joseph,NC,2020-01-15,2020-07-08,CLOSED
300554,100210,70925 Perry Island,Davidside,TN,2020-12-29,,ACTIVE
300555,100450,0151 Andrea Orchard Apt. 962,Lake Veronica,FL,2026-01-17,,ACTIVE
300556,100294,549 Caldwell Plaza Suite 111,Kellybury,NC,2022-08-11,,ACTIVE
300557,101242,44509 Scott Lodge,West Donaldton,NC,2018-06-29,,ACTIVE
300558,100923,7547 Smith Green,North Joyce,FL,2023-02-06,,ACTIVE
300559,101266,667 Russell Plaza Suite 009,Stephentown,TN,2025-06-28,,ACTIVE
300560,100521,787 Isaiah Trace,Jasonhaven,NC,2018-04-22,,ACTIVE
300561,101430,1335 Daniel Key,Vancemouth,GA,2025-12-07,,ACTIVE
300562,101150,48662 Guerra Rapids Suite 534,Mitchellville,NC,2025-02-12,,ACTIVE
300563,100316,031 Kimberly Circles,Larsentown,NC,2022-03-23,,ACTIVE
300564,100409,705 Amanda Coves,Lake Mariachester,VA,2022-09-01,2025-10-24,CLOSED
300565,100697,1954 Ashley Terrace Suite 476,Kaufmanberg,NC,2020-03-21,,ACTIVE
300566,100010,546 Stafford Trace,South Cassidy,NC,2020-02-20,,ACTIVE
300567,101445,91103 Ramirez Fort,Justinhaven,FL,2019-10-03,,ACTIVE
300568,101229,01043 Kendra Views Suite 934,Justinbury,NC,2025-11-03,,ACTIVE
300569,100969,8752 Williams Ports,Andreston,NC,2021-12-12,,ACTIVE
300570,100670,6338 Leonard Spring Apt. 742,East Williamburgh,VA,2023-10-20,2024-11-12,CLOSED
300571,100089,61357 Davis Springs Apt. 615,Martinburgh,NC,2024-07-14,,ACTIVE
300572,101013,5392 Justin Trail Suite 295,Donaldstad,GA,2024-11-01,2026-06-30,CLOSED
300573,100971,58860 Raven Branch Suite 093,Lake Kimberly,SC,2018-03-28,,ACTIVE
300574,100594,34417 Kyle Brooks,Acostafurt,VA,2020-03-24,,ACTIVE
300575,100450,57349 Jasmine Valley Apt. 042,Watersmouth,VA,2024-04-30,,ACTIVE
300576,101810,241 Nguyen Plaza Apt. 462,New Susanport,FL,2019-01-28,2019-07-12,CLOSED
300577,100597,077 Mckenzie Plaza Apt. 069,East Joshuachester,NC,2020-08-06,2024-02-08,CLOSED
300578,101448,307 Martinez Isle Suite 496,West Rhonda,VA,2021-09-13,,ACTIVE
300579,100659,82026 Johnson Points Suite 328,North Ashleyport,NC,2018-01-31,,ACTIVE
300580,100873,9260 Galloway Well,Port Ashleystad,SC,2021-11-08,,ACTIVE
300581,100131,0883 Brian Mills Apt. 050,Ashleebury,NC,2020-04-21,,ACTIVE
300582,101603,81648 Zimmerman Path Suite 328,Robinsonville,NC,2020-02-23,,ACTIVE
300583,100206,842 Delgado Squares,Maryburgh,NC,2019-01-24,,ACTIVE
300584,101588,389 Andrew Ports,Yangbury,VA,2018-05-02,,ACTIVE
300585,101778,2663 Dixon Dale Apt. 077,Port Krystal,FL,2018-03-23,2021-06-15,CLOSED
300586,101644,4843 Blake Glen,North Mikeberg,NC,2020-09-29,,ACTIVE
300587,101595,12178 Warren Manor,Wardland,NC,2019-11-21,,ACTIVE
300588,100602,12893 Smith Tunnel,West Keithstad,NC,2023-05-22,,ACTIVE
300589,101269,8169 Hamilton Heights,North Dakotahaven,NC,2023-05-21,,ACTIVE
300590,100675,0055 Ashley Landing,Lake Joseph,NC,2020-02-25,2023-01-04,CLOSED
300591,100880,81702 Anne Grove Apt. 987,North Markbury,NC,2019-08-20,,ACTIVE
300592,100634,5727 James Park,Leeview,GA,2025-08-24,,ACTIVE
300593,100307,7929 Ortiz Divide Apt. 012,North Madisonland,NC,2021-07-27,,ACTIVE
300594,101980,482 Benson Circles,Lake Ronaldtown,VA,2024-06-20,,ACTIVE
300595,101641,11974 Brown Estate Suite 061,East Curtisfort,SC,2021-02-04,,ACTIVE
300596,100155,311 Kyle Streets,South Johnport,SC,2018-10-02,,ACTIVE
300597,101127,16759 Jose Squares Suite 203,South Baileyton,NC,2023-02-11,,ACTIVE
300598,101499,5688 Gary Freeway,West Matthew,NC,2019-01-10,,ACTIVE
300599,101751,6568 Luke Heights Suite 636,Davistown,NC,2025-04-13,,ACTIVE
300600,101672,90737 Parker Fall,Kevinburgh,NC,2020-04-13,,ACTIVE
300601,101455,9922 Sullivan Path,Melissaview,SC,2024-11-04,,ACTIVE
300602,101708,2053 Tyler Court Suite 374,West Jonathan,VA,2018-04-27,,ACTIVE
300603,100171,137 Sanders Extensions Apt. 301,Nelsonview,SC,2018-06-24,,ACTIVE
300604,100962,8856 William Walk Suite 077,North Andrewborough,FL,2019-01-08,,ACTIVE
300605,100192,17508 Jeffrey Street,West Edwardchester,FL,2019-06-11,,ACTIVE
300606,101867,8677 Smith Trace,Alexanderhaven,NC,2020-06-30,,ACTIVE
300607,101714,11565 Knight Harbors Suite 344,Marychester,NC,2021-06-23,,ACTIVE
300608,101764,09830 Lauren Walk Apt. 537,Ramosburgh,NC,2024-02-02,,ACTIVE
300609,100094,145 Smith Spur Suite 458,East Todd,NC,2019-04-30,,ACTIVE
300610,101949,38063 Zachary Creek Apt. 931,Gilbertton,NC,2024-10-22,,ACTIVE
300611,101556,9079 Jeffrey Coves,Roberthaven,FL,2023-11-08,,ACTIVE
300612,100559,015 Smith Stravenue,Browntown,NC,2024-12-08,,ACTIVE
300613,101169,55803 Andrew Spring Apt. 452,New Samuel,TN,2022-03-11,,ACTIVE
300614,101239,19070 John Lane,Moorestad,FL,2021-02-18,,ACTIVE
300615,100653,4000 Rivera Turnpike Suite 570,South Kimberlyport,NC,2020-01-25,2022-11-14,CLOSED
300616,101808,833 Lynch Shores Apt. 001,Christianside,GA,2021-02-15,2021-11-17,CLOSED
300617,101304,237 Brenda Port Suite 643,Lake Thomas,NC,2019-01-17,,ACTIVE
300618,100667,46263 Cindy Plaza,Calvinland,NC,2023-10-21,2024-08-01,CLOSED
300619,100633,15899 Brown Orchard Suite 554,West Kirsten,TN,2021-05-01,,ACTIVE
300620,100353,6713 Cochran Green Apt. 675,Brandonmouth,GA,2023-05-23,,ACTIVE
300621,101741,657 Kelly Valleys,Wallsland,NC,2025-07-08,,ACTIVE
300622,100968,195 Hanson Cove Suite 372,Jenkinsshire,NC,2022-03-30,,ACTIVE
300623,101455,015 Brandon Falls,Lake Brian,SC,2022-07-25,,ACTIVE
300624,101209,45463 Elliott Forest,East Richard,NC,2025-03-01,,ACTIVE
300625,100630,125 Corey Avenue,Port Davidfurt,VA,2021-02-14,,ACTIVE
300626,100195,680 Kristen Valley Suite 519,Bradyport,VA,2023-07-17,,ACTIVE
300627,101474,6190 Walsh Camp,Bettyton,NC,2021-02-07,,ACTIVE
300628,101350,924 Richard Trafficway Apt. 830,Riveraland,SC,2022-10-07,,ACTIVE
300629,101111,8334 Catherine Mountain Suite 346,New Nicole,NC,2025-02-03,2025-08-02,CLOSED
300630,101775,262 Jessica Crescent Apt. 343,Beckmouth,TN,2020-12-02,,ACTIVE
300631,100469,0621 Robertson Gateway,Stevenmouth,NC,2021-12-01,,ACTIVE
300632,101582,79273 Smith Park,South Christopherfurt,NC,2024-08-24,,ACTIVE
300633,100025,0232 Ruben Circle,North Janice,SC,2024-06-25,,ACTIVE
300634,101700,010 Jackson Passage,West Kellyborough,TN,2018-09-30,,ACTIVE
300635,100641,791 Bryan Freeway,Lake Charlesstad,TN,2019-06-29,2022-03-19,CLOSED
300636,100207,08808 Joyce Ranch Apt. 544,Port Nicholasberg,VA,2024-01-04,,ACTIVE
300637,100562,946 Moore Track Suite 300,West James,NC,2021-09-17,,ACTIVE
300638,100232,8175 Diana Common Suite 768,Susantown,NC,2023-02-20,,ACTIVE
300639,101355,5411 Choi Ford,Karenfurt,NC,2023-02-10,2023-06-16,CLOSED
300640,100028,606 Brown Corner,Laurieside,NC,2026-01-12,2026-04-19,CLOSED
300641,100764,3988 Jessica Mountains,Chandlerland,SC,2025-03-19,2026-06-30,CLOSED
300642,100290,9027 Katie Lights Suite 420,West Tammyview,NC,2023-04-16,,ACTIVE
300643,101380,45324 Gilbert Lock Apt. 971,Lake Jamesfurt,TN,2020-02-01,2020-08-28,CLOSED
300644,100287,01983 Montgomery Place,Terrystad,NC,2024-03-31,,ACTIVE
300645,100662,1721 Angela Walk,New Teresaport,NC,2019-08-02,,ACTIVE
300646,101950,7896 Gabrielle Mountains,Castroborough,NC,2024-12-10,,ACTIVE
300647,100581,30902 David Dale Apt. 141,Robertborough,NC,2024-12-22,2025-09-30,CLOSED
300648,101971,123 Leon Stravenue Apt. 508,South Daniel,TN,2020-02-26,,ACTIVE
300649,100059,7002 Morales Heights Apt. 292,North Davidstad,SC,2023-07-30,,ACTIVE
300650,100134,46040 James Landing Apt. 347,South James,NC,2025-09-26,,ACTIVE
300651,100964,293 Erik Mews Apt. 303,Bergerton,TN,2026-01-26,2026-06-30,CLOSED
300652,101454,124 Gary Ways Suite 488,New Sonyachester,FL,2022-02-23,,ACTIVE
300653,101499,3304 Michele Cove,South Julie,GA,2022-05-20,,ACTIVE
300654,101184,29462 Simmons Trafficway Suite 504,Mosesfurt,NC,2018-01-15,,ACTIVE
300655,101225,87808 Tasha Plaza,North Marie,NC,2023-02-13,,ACTIVE
300656,101694,4757 Danielle Mews,Martinshire,NC,2021-05-03,,ACTIVE
300657,101607,379 Theodore Ranch,New Kristine,NC,2024-10-29,2026-06-30,CLOSED
300658,101869,66294 Eric Plaza Apt. 823,Phillipsberg,NC,2024-03-15,,ACTIVE
300659,101534,98586 Savannah Ways Apt. 135,Perezburgh,NC,2023-07-28,,ACTIVE
300660,100782,43058 Heather Estates,Carlsonshire,NC,2023-07-06,,ACTIVE
300661,100532,62549 Wendy Mall,Anthonymouth,NC,2024-07-27,,ACTIVE
300662,100629,601 Fields Curve,South Keithview,NC,2018-01-18,,CLOSED
300663,100427,630 Davis Springs,Jonesfort,TN,2024-10-29,,ACTIVE
300664,100535,505 Kim Park Apt. 630,North Barbarashire,NC,2018-06-21,,ACTIVE
300665,100180,980 Troy Village Apt. 756,Samanthaburgh,NC,2023-01-19,,ACTIVE
300666,101102,52597 Andrew Ridge,New Traciburgh,SC,2019-07-31,,ACTIVE
300667,101697,680 Julia Cliff,North Wyattfurt,NC,2019-06-07,,ACTIVE
300668,101908,5456 Johnson Pike,Atkinsonfurt,SC,2020-03-31,,ACTIVE
300669,100371,5581 Davis Lodge,East Baileybury,NC,2021-10-09,,ACTIVE
300670,100398,881 Kaitlyn Squares Apt. 492,Richardfort,GA,2018-10-25,,ACTIVE
300671,101428,36767 Jackson Viaduct Suite 576,West Joshuaburgh,GA,2024-03-29,,ACTIVE
300672,101461,64689 Laura Port,Port Jamie,SC,2019-06-18,,ACTIVE
300673,101574,44700 Heath Rapids Apt. 776,South Steveshire,NC,2025-08-07,,ACTIVE
300674,100215,2135 Ellison Inlet,Sarahside,GA,2022-09-13,,ACTIVE
300675,101418,63775 Miller Union,Matthewfort,VA,2025-12-20,,ACTIVE
300676,100063,53163 Wendy Passage,Brightview,FL,2019-06-08,,ACTIVE
300677,100287,1674 Wang Greens,South Melodychester,NC,2023-01-13,,ACTIVE
300678,101546,0919 Kevin Passage,New Holly,NC,2023-08-09,,ACTIVE
300679,100918,2202 Carroll Overpass Apt. 120,West Herbertview,NC,2019-03-17,,ACTIVE
300680,100188,9690 Alyssa Street Apt. 250,Shannonshire,NC,2019-03-09,,ACTIVE
300681,101679,1309 Houston Stream,East Elizabeth,NC,2020-02-05,,ACTIVE
300682,100896,359 David Rapids,Allenburgh,NC,2023-02-22,,ACTIVE
300683,100948,49247 Albert Knoll,Smithside,SC,2022-11-28,,ACTIVE
300684,100985,072 Erin Burg Suite 036,Nicoleside,NC,2025-03-01,,ACTIVE
300685,100990,66129 Devin Place,Port Brandon,NC,2024-01-10,,ACTIVE
300686,100796,327 Holland Hills Apt. 714,Hawkinsmouth,NC,2018-10-21,,ACTIVE
300687,101797,728 Gallegos Center Suite 342,East Margaret,NC,2018-11-05,2019-09-24,CLOSED
300688,101485,2394 Angel Isle Apt. 289,South Erinborough,NC,2024-11-15,,ACTIVE
300689,101106,950 Mata Bridge Apt. 682,New Maureen,GA,2019-05-14,,CLOSED
300690,100815,9389 Blake Prairie Suite 796,Higginsside,SC,2021-06-10,,ACTIVE
300691,100825,7037 Shaffer Square Apt. 015,East Lindsayborough,NC,2018-10-08,,ACTIVE
300692,100037,3172 Johnson Vista,Port Noahview,NC,2020-12-28,,ACTIVE
300693,101070,999 Ashley Summit Suite 628,North Kennethside,TN,2020-12-21,,ACTIVE
300694,100518,2080 Fowler Plaza Suite 351,Jenningsfurt,NC,2019-02-03,,ACTIVE
300695,101257,9853 Hannah Forks Suite 483,Emilyburgh,SC,2024-06-17,,ACTIVE
300696,101249,788 Michael Union Apt. 090,Andersonshire,VA,2020-03-21,2021-12-06,CLOSED
300697,101297,756 Johnathan Run,Port Bonnieberg,FL,2020-04-09,,ACTIVE
300698,101918,186 Alejandro Parkways Suite 762,Smithside,NC,2022-04-22,,ACTIVE
300699,100799,87373 Mueller Flats,Coxport,GA,2024-10-17,,ACTIVE
300700,101802,46520 Sarah Mountain,New Todd,NC,2020-01-25,,ACTIVE
300701,100529,6493 Derek Highway,Kennethside,SC,2018-05-25,,ACTIVE
300702,101609,9666 Dustin Springs,West Devinburgh,NC,2025-03-09,,ACTIVE
300703,101150,1934 Nolan Valleys,Port Lauratown,NC,2018-06-12,2019-02-22,CLOSED
300704,101195,135 Hannah Square Suite 687,New Susanfurt,GA,2018-10-04,,ACTIVE
300705,100533,2112 Justin Lights,South Jacobfurt,VA,2021-10-09,,ACTIVE
300706,100838,211 Sherri Park,Brendastad,SC,2018-07-31,,ACTIVE
300707,101675,5228 Danny Mount,Josephview,SC,2023-09-07,,ACTIVE
300708,101501,606 Ashley Viaduct,Rodriguezfort,FL,2021-01-05,,ACTIVE
300709,100441,1539 Emily Shore,South Kenneth,FL,2025-08-15,,ACTIVE
300710,100023,01518 Jo View,Lake Kevinview,NC,2024-01-03,,ACTIVE
300711,100724,757 Williamson Terrace,Lake Kevin,NC,2018-10-28,2020-01-13,CLOSED
300712,100015,22744 Zuniga Cape Apt. 435,Johnsonton,VA,2020-09-01,2023-02-04,CLOSED
300713,100289,552 Sweeney Locks,Woodhaven,NC,2022-10-17,,ACTIVE
300714,100570,6869 Wilson Canyon Apt. 900,Port Meredith,NC,2024-08-09,2026-06-30,CLOSED
300715,100433,225 Haley Skyway,Maxmouth,GA,2019-11-11,,ACTIVE
300716,101017,9785 Lee Cliff Apt. 385,Port Josephmouth,VA,2020-02-19,,ACTIVE
300717,100456,969 Brian Crossing Apt. 088,North Melissachester,NC,2024-02-20,,ACTIVE
300718,101236,726 Lam Roads Apt. 674,East Willie,NC,2023-06-01,2026-06-30,CLOSED
300719,101037,799 Taylor Plains,Lake Andrew,NC,2023-04-21,,ACTIVE
300720,101315,0382 Roth Plains,Hayesstad,NC,2024-05-04,,ACTIVE
300721,101951,51214 Mark Neck Suite 742,Port Benjamin,NC,2019-04-11,,ACTIVE
300722,101570,2457 Sarah Expressway,New Jose,NC,2019-12-28,,ACTIVE
300723,101143,86804 Kristine Burgs,West Cynthia,VA,2023-10-25,,ACTIVE
300724,100566,933 Justin Square Suite 877,Marktown,NC,2022-07-21,2023-12-31,CLOSED
300725,101366,571 Maria Lake Suite 040,Matthewtown,TN,2023-04-22,,ACTIVE
300726,100432,090 Matthews Throughway Suite 810,Romeroport,FL,2020-03-21,,ACTIVE
300727,101913,6333 Sean Lane Suite 705,Lake Michael,NC,2018-01-20,,ACTIVE
300728,100284,41672 Brooke Dam Apt. 614,Melissaburgh,NC,2022-02-18,,ACTIVE
300729,101007,438 Natalie Forge,Howardshire,NC,2024-04-12,,ACTIVE
300730,101195,07303 Sanders Ways,Port Anthonybury,FL,2020-05-27,2022-03-15,CLOSED
300731,101172,8973 Kathryn Locks,Heathershire,GA,2021-12-06,,CLOSED
300732,100021,96861 Alexis Estates,East Crystalview,NC,2023-11-08,,ACTIVE
300733,100920,3196 Craig Views Suite 238,Hendersonborough,SC,2018-10-02,,ACTIVE
300734,100551,58051 Gonzalez Curve,Hinesview,NC,2024-06-15,,ACTIVE
300735,101819,6135 Jonathan Roads Suite 048,East Dylan,SC,2024-04-13,,ACTIVE
300736,101329,95991 Matthew Pine Suite 983,Pamelachester,NC,2022-07-31,,ACTIVE
300737,100162,15566 Ward Drive Suite 301,North Howardview,SC,2019-05-18,,ACTIVE
300738,100816,4853 Samantha Road Suite 030,East Peter,NC,2019-10-19,,ACTIVE
300739,100588,8034 Claudia Mountain Suite 508,Arellanoville,SC,2025-04-27,,ACTIVE
300740,100384,83573 Graham Overpass,Veronicamouth,TN,2024-05-02,,ACTIVE
300741,101632,474 Michael Center Suite 428,South Fernandoville,NC,2020-02-29,,ACTIVE
300742,101140,92117 Veronica Stravenue,Angelaville,FL,2024-09-05,,ACTIVE
300743,100412,32570 Johnson Spur Apt. 425,Williamston,GA,2024-05-06,2024-10-21,CLOSED
300744,100689,0077 Melissa Throughway Suite 943,Heidiview,SC,2019-06-29,,ACTIVE
300745,101216,163 Timothy Neck Apt. 471,New Joseph,VA,2023-09-09,,ACTIVE
300746,101623,2944 Jackson Pass,Lisachester,SC,2022-03-31,,ACTIVE
300747,101227,37002 Gutierrez Union,East Gwendolyn,TN,2022-09-10,,ACTIVE
300748,101004,229 Phillips Knolls Apt. 842,Sophialand,NC,2021-11-17,,ACTIVE
300749,100176,664 Moreno Turnpike Apt. 525,West Chelseaburgh,SC,2020-07-09,,ACTIVE
300750,100019,3031 Kim Point Suite 189,Smithport,NC,2019-06-18,,ACTIVE
300751,100703,30984 Samantha Lodge Suite 993,New Sabrinaport,NC,2022-05-20,,ACTIVE
300752,100147,70821 Payne Springs,Kendraport,GA,2024-10-28,,ACTIVE
300753,100311,575 Erin Street,Smithburgh,NC,2018-08-15,,ACTIVE
300754,101803,78385 Richard Branch Apt. 021,Jarvisville,TN,2024-07-11,,ACTIVE
300755,100417,8958 Daniel Mountains Apt. 878,North William,NC,2022-02-21,,ACTIVE
300756,100399,9722 Allen Dam,Whiteshire,NC,2023-08-12,2025-10-20,CLOSED
300757,101060,888 King Ridge,Barrettchester,NC,2018-04-29,,ACTIVE
300758,100433,60771 Marcus Cliff,Nathanhaven,SC,2023-03-29,,ACTIVE
300759,100651,903 Tracy Parkway,South Samuel,SC,2020-11-26,,ACTIVE
300760,101873,79191 Scott Throughway,Loriview,SC,2023-06-08,,ACTIVE
300761,101960,952 Thomas Mill,Lake Williamberg,SC,2024-12-29,,ACTIVE
300762,101836,402 Allen Dale Apt. 599,Hicksville,NC,2021-07-24,,ACTIVE
300763,100204,4735 Kathleen Fields,Lucasburgh,NC,2020-08-05,,ACTIVE
300764,100272,16982 Patricia Square Apt. 737,Ralphfurt,TN,2025-08-31,,ACTIVE
300765,100622,557 Karen Curve,East Michaelside,FL,2021-07-04,2021-09-13,CLOSED
300766,101245,549 Terri Bridge Suite 757,Samanthaside,SC,2021-08-14,,ACTIVE
300767,101741,10200 Andersen Mountain,North Michelle,NC,2024-11-09,,ACTIVE
300768,100619,87338 Amber Field Suite 284,Williamberg,TN,2022-11-05,,ACTIVE
300769,100356,3083 Mack Villages Suite 685,Shannonberg,GA,2021-02-14,,ACTIVE
300770,100273,8130 Griffin Shoals Suite 160,Port Tammymouth,VA,2021-06-06,,ACTIVE
300771,100482,93737 Christina Place,Lake Joshuashire,NC,2020-01-27,,ACTIVE
300772,100468,3539 Ortiz Loop Apt. 971,New Stevenside,GA,2019-10-20,,ACTIVE
300773,100502,266 Roberson Plains Suite 100,Port Normamouth,NC,2025-07-29,,ACTIVE
300774,100554,76063 Jennifer Inlet Suite 440,Rogermouth,NC,2018-08-23,,ACTIVE
300775,100145,41521 Jeremy Ways Suite 911,West Troy,VA,2022-04-08,,ACTIVE
300776,101968,66945 Fox Street,North Stephanieport,NC,2024-03-21,,ACTIVE
300777,100490,221 Frye Cliff Suite 281,North Karen,GA,2025-06-05,,ACTIVE
300778,100840,7462 Carter Common Suite 235,North James,SC,2020-04-27,,ACTIVE
300779,100618,9616 Mary Trail,Goodmantown,NC,2022-12-18,,ACTIVE
300780,100028,55512 Hendricks Well,Montgomeryburgh,NC,2018-07-16,,ACTIVE
300781,100150,5932 Richard Inlet,East Tonychester,VA,2024-05-15,2026-06-30,CLOSED
300782,101068,404 Charles Track Apt. 494,Lake Alex,NC,2024-10-18,,ACTIVE
300783,101414,5508 Brian Rest Apt. 210,Kristinhaven,NC,2022-09-08,,ACTIVE
300784,100615,5487 Rogers Pines,Pamelamouth,SC,2018-03-02,,ACTIVE
300785,101503,87578 Joshua Streets Apt. 050,Pittmanland,TN,2020-11-21,,ACTIVE
300786,100185,8235 Dylan Forks,Harristown,NC,2024-02-25,,ACTIVE
300787,100141,394 Amanda Corner,North Charlesstad,SC,2024-05-31,,ACTIVE
300788,101092,62556 Wilson Turnpike Suite 476,Reedport,NC,2018-01-15,,ACTIVE
300789,100214,77980 Rachel Avenue Suite 160,Grantville,NC,2018-10-23,2019-11-12,CLOSED
300790,101388,68389 Ward Viaduct,South Brandonmouth,GA,2023-08-31,,ACTIVE
300791,101633,5616 Jennifer Mission Apt. 124,Richardshire,NC,2025-11-28,,ACTIVE
300792,100924,90925 Heather Orchard,Gwendolynstad,NC,2024-11-21,,ACTIVE
300793,100888,557 Tammy Village Apt. 926,Potterberg,VA,2023-03-25,,ACTIVE
300794,101200,7890 Jennifer Locks,Murrayview,NC,2020-06-22,,CLOSED
300795,101032,597 Clark Loop Suite 220,East Danielmouth,NC,2023-01-20,,ACTIVE
300796,101298,02297 Fuller Cape,Leetown,VA,2019-09-07,,ACTIVE
300797,100148,7128 Blankenship Loop,Michaelbury,TN,2019-12-09,,ACTIVE
300798,101713,58942 John Roads,Ashleyville,FL,2022-07-30,,ACTIVE
300799,100608,612 Silva Coves,East Cheryl,TN,2020-08-15,,ACTIVE
300800,101060,5540 Cain Station Suite 828,Jacksonside,GA,2025-03-27,,ACTIVE
300801,100965,918 Latoya Squares Suite 653,Brandiport,NC,2022-11-29,,CLOSED
300802,100300,795 Hoffman Cliff,Lake Crystal,VA,2020-05-14,2022-11-01,CLOSED
300803,100290,6598 Estes Mission Suite 368,New Kendra,TN,2020-05-20,,ACTIVE
300804,101999,268 Lisa Lodge Suite 141,East Alexisberg,SC,2020-04-09,,ACTIVE
300805,100844,33952 Marcia Forges Apt. 118,East Ryan,NC,2022-06-15,2024-05-25,CLOSED
300806,101158,02204 Noble Green Apt. 710,South David,NC,2022-07-05,,ACTIVE
300807,100046,0247 Kelly Neck,Shawnburgh,SC,2022-11-18,,ACTIVE
300808,101476,4586 Michele Trail Suite 669,New Sherrychester,NC,2023-11-05,2026-04-13,CLOSED
300809,101222,275 Cameron Trail Suite 244,East Lesliemouth,NC,2024-01-16,,ACTIVE
300810,100357,3165 Marie Creek Apt. 128,Ritterstad,SC,2022-11-20,,ACTIVE
300811,100520,0218 Randy Springs Suite 755,Loribury,GA,2025-02-25,,ACTIVE
300812,100105,2641 Nicholas Stravenue,Mariaton,VA,2025-06-05,,ACTIVE
300813,101653,24823 Myers Overpass Suite 809,New Denise,NC,2023-08-15,,ACTIVE
300814,100550,710 Eugene Plain,Lake Edgar,NC,2022-12-03,,ACTIVE
300815,100056,557 Price Rapids Suite 503,North George,SC,2018-10-31,,ACTIVE
300816,101293,79013 Kyle Row,Rogerstown,NC,2020-09-07,,ACTIVE
300817,100112,091 Ramsey Place Apt. 090,Williamsland,NC,2023-06-09,,ACTIVE
300818,100348,9755 Aaron Prairie,East Heidichester,NC,2024-01-17,,ACTIVE
300819,100649,735 Sarah Ports Suite 038,Wadeshire,TN,2018-01-04,2021-01-25,CLOSED
300820,101245,46045 Hanson Walk,North Ronaldmouth,NC,2020-04-24,,ACTIVE
300821,100691,2588 Hayes Manors Apt. 967,Port Courtneymouth,FL,2021-01-23,,ACTIVE
300822,100928,896 Charlene Viaduct,Richardfort,NC,2022-10-08,,ACTIVE
300823,100180,538 Kelsey Knoll Apt. 383,Port Maryville,FL,2018-05-11,,ACTIVE
300824,100686,211 Leonard Viaduct Apt. 707,Port Melissaside,NC,2025-03-21,,ACTIVE
300825,101820,6045 Daniel Camp Suite 366,New Patrick,NC,2023-08-13,,ACTIVE
300826,101215,6083 Christopher Inlet Apt. 189,South Debraborough,NC,2022-04-06,,ACTIVE
300827,100081,319 Ortiz Turnpike,Rachaelberg,GA,2022-10-15,,ACTIVE
300828,101500,259 Caitlin Mountains,Lake George,NC,2019-11-08,,ACTIVE
300829,100984,31198 Ellis Row Apt. 078,Dwaynemouth,NC,2022-10-27,2025-09-04,CLOSED
300830,100320,39984 Deborah Stravenue Suite 151,Lake Scott,NC,2019-03-24,,ACTIVE
300831,100142,67832 Allen Crescent,Smithburgh,VA,2018-12-25,,ACTIVE
300832,100059,98913 Diane Falls,Jenniferhaven,NC,2021-08-03,,ACTIVE
300833,101483,955 Espinoza Village Apt. 644,Rodriguezfort,NC,2025-04-22,,ACTIVE
300834,100587,3402 Taylor Mountain Suite 576,Brittanyside,GA,2020-10-16,,ACTIVE
300835,100648,572 Carol Fort Apt. 440,Juliestad,GA,2018-12-17,,ACTIVE
300836,100682,0411 Joseph Meadows Suite 944,Lake Scottmouth,NC,2022-12-10,,ACTIVE
300837,100409,063 Jonathan Ports,North Jacquelinechester,SC,2018-06-18,2020-12-24,CLOSED
300838,101736,3367 Theresa Fork,Lake Steventon,VA,2022-11-11,,ACTIVE
300839,101360,290 Deborah Lock,Lake Carol,GA,2020-04-30,,ACTIVE
300840,100765,3829 Patrick Corner Suite 726,Tinaview,SC,2021-12-12,,ACTIVE
300841,100154,341 Miller Ramp Suite 989,Chadchester,GA,2018-11-18,,ACTIVE
300842,100122,2808 Eric Gateway Apt. 587,Port Georgeland,SC,2025-11-21,,ACTIVE
300843,100615,0135 Mckay Fords Apt. 027,East Christine,SC,2019-05-03,,ACTIVE
300844,100089,74867 Jacob Way Apt. 303,West Beckyfurt,SC,2023-07-17,,ACTIVE
300845,100628,38225 Johnson Spurs Apt. 619,Gonzalezborough,NC,2023-02-15,,ACTIVE
300846,101412,752 Park Fords Suite 982,North Julieville,FL,2024-05-09,,ACTIVE
300847,100627,8734 Washington Course Apt. 301,Lesliestad,VA,2025-07-15,,ACTIVE
300848,101982,918 Lang Terrace,New Richardton,GA,2022-04-18,2026-02-26,CLOSED
300849,101382,012 Ana Junction Suite 404,Jamieborough,VA,2018-07-31,,ACTIVE
300850,100935,907 Randall Ford Suite 293,New Kimberlyfurt,TN,2022-05-31,,ACTIVE
300851,100705,0375 James Prairie,New Franciscoshire,NC,2023-10-19,,ACTIVE
300852,101517,21839 Kenneth Estate,Garciamouth,VA,2025-09-14,,ACTIVE
300853,101144,530 Cynthia Fords,North Julia,FL,2019-10-30,,ACTIVE
300854,100858,31435 White Fork,West Jacobberg,SC,2018-01-16,,ACTIVE
300855,101499,852 Thomas Alley,Michaeltown,NC,2020-09-17,2023-11-25,CLOSED
300856,101324,6653 Gregory Plaza Suite 873,Turnertown,SC,2018-06-20,,ACTIVE
300857,100619,0166 Theodore Fork,West Mark,SC,2021-07-28,,ACTIVE
300858,100623,90010 Winters Cape,East Tonyafort,GA,2022-08-04,,ACTIVE
300859,100027,20603 Choi Place,Lake Donna,TN,2018-11-04,,ACTIVE
300860,101739,300 Williams Mountain,Brendaton,NC,2023-05-22,,ACTIVE
300861,100588,505 Tapia Via Suite 775,East Benjamin,NC,2024-02-08,,ACTIVE
300862,100503,686 Valerie Isle,Garciatown,SC,2020-04-27,,ACTIVE
300863,101034,34162 Angel Plains Suite 710,Jeremyberg,VA,2018-11-07,,ACTIVE
300864,101179,0396 Hayden Path Apt. 310,Tylerburgh,NC,2019-10-31,,ACTIVE
300865,100228,7079 Thornton Hill,Jessicatown,NC,2020-06-15,,ACTIVE
300866,100608,548 Thornton Brook,Whitakerbury,GA,2020-09-17,,ACTIVE
300867,101841,0639 Valentine Field,East Holly,NC,2023-12-26,2026-06-30,CLOSED
300868,101999,3751 Sarah Mount Suite 678,Lake Robinport,NC,2020-02-22,,ACTIVE
300869,100292,8354 Brewer Islands,Danielmouth,SC,2018-01-13,2021-07-24,CLOSED
300870,101004,1225 Mullins Points,North Jamesberg,GA,2018-01-01,,ACTIVE
300871,100098,1518 Amy Ways,New Davidberg,NC,2020-11-30,,ACTIVE
300872,101658,897 Ellison Spurs,Timothymouth,NC,2022-06-15,,ACTIVE
300873,100060,23118 Morgan Pass,New Stephenside,FL,2024-11-14,,ACTIVE
300874,100171,80959 Hill Summit Apt. 199,Maryton,SC,2025-02-27,,ACTIVE
300875,100139,25252 Melissa Isle,East Sharon,NC,2025-09-18,2026-01-23,CLOSED
300876,100423,407 Deanna Trace Apt. 053,Daughertyfurt,NC,2018-02-04,,ACTIVE
300877,100594,860 Williams Stream Suite 545,North Loriborough,GA,2022-12-08,,ACTIVE
300878,101840,21070 Bauer Fork,Grantside,SC,2020-05-29,2021-04-10,CLOSED
300879,100555,267 Bauer Roads,West Eric,NC,2018-03-30,,ACTIVE
300880,100664,77514 Steven Knolls Apt. 108,East Isabel,GA,2024-01-10,2026-06-30,CLOSED
300881,100166,096 Jackson Ways,West Paulport,NC,2020-07-26,,ACTIVE
300882,100445,93288 Williams Points Suite 628,Jamesfurt,VA,2024-07-31,,ACTIVE
300883,101912,33943 Stafford Lodge Apt. 971,North Jeffrey,TN,2020-07-25,,ACTIVE
300884,101695,21751 Peterson Tunnel Suite 079,East Aaron,VA,2025-04-17,,CLOSED
300885,101175,73535 Jennifer Stravenue Suite 758,Jamesview,NC,2022-04-27,,ACTIVE
300886,101299,93853 Hess Hollow Apt. 134,Morenoberg,NC,2020-11-23,,ACTIVE
300887,100032,829 Brown Alley Suite 601,West Steventown,NC,2020-03-21,2022-07-17,CLOSED
300888,100839,7343 Blake Square Apt. 683,Lake Laurenland,VA,2020-12-25,2024-10-15,CLOSED
300889,101622,97127 Hamilton Roads Suite 779,Sarahshire,SC,2024-10-14,,ACTIVE
300890,100212,21546 Alexander Heights Suite 251,West Carrie,NC,2021-06-23,,ACTIVE
300891,100150,4519 Russell Junction Apt. 142,Richardsonshire,NC,2024-05-25,,ACTIVE
300892,100816,543 Alexandra Greens,Garciastad,NC,2023-06-18,,ACTIVE
300893,100064,58311 Hernandez Harbor Suite 100,West Daniel,GA,2023-07-11,2024-10-22,CLOSED
300894,101614,990 Margaret Fords,Port Michael,TN,2018-10-21,,ACTIVE
300895,100158,470 Richards Lights,New Bradyland,NC,2021-02-14,,ACTIVE
300896,101314,6149 Martin Expressway Suite 954,Lake Davidchester,SC,2023-11-10,2024-11-12,CLOSED
300897,101738,965 Anne Shoal Apt. 883,North Charles,NC,2019-11-20,,ACTIVE
300898,100390,706 Thomas Stravenue Suite 942,New Rachel,FL,2018-10-03,,ACTIVE
300899,100225,50925 Randolph Station,North Adrianafurt,NC,2025-02-26,,ACTIVE
300900,101242,693 Buckley Shoal Suite 317,Duranborough,VA,2020-06-23,,ACTIVE
300901,100815,32772 Clark Bridge,New Samuel,VA,2020-05-02,,ACTIVE
300902,101083,296 Deanna Islands Suite 521,South Angelatown,NC,2018-12-12,,ACTIVE
300903,100787,4887 Kurt Court Suite 721,Calhounfurt,NC,2019-03-13,,ACTIVE
300904,101985,31290 Keith Groves Suite 536,Hansenton,NC,2024-12-15,,ACTIVE
300905,100768,8204 Martinez Isle,East Charlesview,NC,2018-09-03,,ACTIVE
300906,100232,80580 Sanchez Rapids,Cartershire,GA,2023-08-01,,ACTIVE
300907,101476,669 Spencer Lakes,Lisashire,NC,2022-01-30,,ACTIVE
300908,101545,064 Davis Expressway Suite 188,West Jamieburgh,SC,2024-08-25,,ACTIVE
300909,100253,200 Amber Landing,Williamsfurt,SC,2023-03-06,,ACTIVE
300910,100932,550 Justin Creek Apt. 950,East Matthew,NC,2020-05-15,,ACTIVE
300911,101048,7070 Wilson Alley Suite 516,Tracyburgh,SC,2018-02-23,,ACTIVE
300912,101247,022 Chan Spur Suite 703,Wardburgh,VA,2020-02-09,,ACTIVE
300913,100025,1510 Garcia Mews,Margaretside,NC,2021-12-03,,ACTIVE
300914,100676,7304 Jason Passage,Lake Chelsea,FL,2025-02-24,,ACTIVE
300915,101732,147 Jones Village Suite 392,Haletown,NC,2018-09-17,,ACTIVE
300916,100528,025 Foster Mission Apt. 254,North Scott,NC,2022-07-11,,ACTIVE
300917,101245,618 Christopher Radial Apt. 353,North Justinland,NC,2024-09-20,,ACTIVE
300918,100784,051 Moreno Drive,New Kristatown,VA,2024-05-05,,ACTIVE
300919,100776,6380 Patricia Keys Suite 849,South Jeffreyview,SC,2023-04-06,2026-06-30,CLOSED
300920,101181,4729 Terri Meadow,Johnsonton,SC,2023-05-21,,ACTIVE
300921,101857,6515 Nicholas Mission Suite 063,Ginaland,NC,2026-01-09,,ACTIVE
300922,101683,8481 Ruth Springs,New Nicolemouth,NC,2023-10-20,,ACTIVE
300923,100848,058 Earl Tunnel Apt. 142,Port Samanthamouth,NC,2023-05-21,,ACTIVE
300924,100560,99196 Rivera Harbor,Ortizstad,NC,2020-10-20,,ACTIVE
300925,100401,55741 Christine Ports Suite 587,Mcbridetown,GA,2024-07-12,,ACTIVE
300926,100805,86775 Jordan Turnpike,Kevinland,FL,2026-01-04,,ACTIVE
300927,101384,52370 Johnson Isle,West Patrick,TN,2023-04-09,,ACTIVE
300928,100067,5623 Erika Village,West Roger,NC,2023-04-05,,ACTIVE
300929,100402,4945 Zachary Station,New Kellymouth,NC,2018-02-01,,ACTIVE
300930,100073,842 Frank Street,Port Brianshire,NC,2020-08-28,,ACTIVE
300931,101453,6274 Hunt Groves Suite 773,South Amanda,NC,2021-11-13,,ACTIVE
300932,100957,87426 Matthew Unions,New Kathleenview,NC,2024-11-29,,ACTIVE
300933,100627,5602 Nathan Point,South Jerrystad,VA,2023-06-13,,ACTIVE
300934,100534,01822 Boone Pike Apt. 515,Martinezshire,NC,2023-09-21,,ACTIVE
300935,100934,01737 Stephen Roads,Port Jessica,VA,2024-12-18,,ACTIVE
300936,101874,153 Melissa Keys Suite 941,East Teresa,NC,2023-01-26,,ACTIVE
300937,100964,5626 King Corners Suite 519,Keithmouth,NC,2025-07-12,,ACTIVE
300938,100082,93456 Harris Circle Apt. 211,Floresland,NC,2022-01-21,,ACTIVE
300939,100661,872 Jeffrey Cliffs,Melissachester,NC,2021-03-03,,ACTIVE
300940,100426,526 Joseph Unions Suite 522,Ericmouth,TN,2024-10-10,,ACTIVE
300941,101687,49146 Gibbs Court,Buckleyside,GA,2021-05-15,,ACTIVE
300942,100851,7455 Peter Locks,South Joseph,VA,2020-04-13,,ACTIVE
300943,100992,5876 Lisa Ranch Apt. 239,Bethbury,NC,2025-01-12,,ACTIVE
300944,101390,91479 Robert Alley,North Tiffanyfurt,NC,2020-04-30,,ACTIVE
300945,100185,760 Chavez Brook,East Justinport,NC,2022-10-12,2024-06-23,CLOSED
300946,100968,8898 Edward Key,East Donna,GA,2025-04-28,,ACTIVE
300947,100852,7939 Chelsea Plaza Suite 803,Barberfort,VA,2024-05-03,,ACTIVE
300948,101566,9726 Lori Mill,Port Kevinbury,NC,2024-08-07,,ACTIVE
300949,101795,621 Elizabeth Route,Christianhaven,NC,2022-07-05,,ACTIVE
300950,101936,254 Anderson Run,Lake Michaelchester,SC,2021-01-28,,ACTIVE
300951,101453,67712 Thomas Parkway,Harryport,VA,2025-08-22,,ACTIVE
300952,100940,75643 Alexander Way,South Manuelfurt,GA,2019-11-20,,ACTIVE
300953,101664,095 Mark Lodge Suite 626,North Josephland,SC,2022-04-21,,ACTIVE
300954,100668,4738 Davis Canyon Suite 579,Timothychester,SC,2024-08-11,,ACTIVE
300955,101758,637 Albert Walks Suite 566,Dickersonview,TN,2021-07-16,,ACTIVE
300956,101754,44151 Simon Motorway Suite 092,North Rickville,SC,2022-06-19,,ACTIVE
300957,101751,2461 Jonathan Village,Kathleenstad,TN,2024-07-26,,ACTIVE
300958,100812,41816 David Brook,South Williamville,NC,2019-12-24,,ACTIVE
300959,101053,38451 Stephen Cape,Desireeport,VA,2021-07-23,2023-06-18,CLOSED
300960,100478,902 Nancy Fields Suite 100,Elainemouth,NC,2025-11-11,,ACTIVE
300961,101717,708 Watson Stream Suite 921,Garciamouth,GA,2024-01-27,,ACTIVE
300962,100290,438 Megan Lodge,Sosaland,TN,2021-03-17,,ACTIVE
300963,101489,533 Sandra Station,Walterburgh,NC,2024-12-04,,ACTIVE
300964,100908,4298 Walker Freeway Apt. 212,South Stacey,NC,2022-12-17,,ACTIVE
300965,101992,96041 Smith Stream Suite 014,Codymouth,SC,2023-01-12,2023-06-24,CLOSED
300966,101901,736 Floyd View Suite 761,Robinchester,NC,2023-04-19,,ACTIVE
300967,100911,662 Emily Forge Suite 254,West Ryanbury,NC,2019-05-04,2020-12-30,CLOSED
300968,100359,613 Bates Cape Apt. 006,Tylerfurt,SC,2023-02-28,,ACTIVE
300969,100524,1857 Woods Plains Apt. 221,East Michael,GA,2021-02-05,2022-12-05,CLOSED
300970,101235,9089 Yang Course Apt. 338,Ryanbury,NC,2021-06-03,,ACTIVE
300971,100552,96533 Harris Knolls,Gibsonmouth,GA,2021-07-14,,ACTIVE
300972,100370,544 Ewing Road Apt. 380,Lake Michaelton,NC,2023-02-21,,ACTIVE
300973,101941,8145 Thomas Tunnel,Brownview,FL,2022-03-19,,ACTIVE
300974,101432,7015 Day Dale,New Nancyborough,SC,2023-10-05,,ACTIVE
300975,101532,6118 Jorge Street Apt. 518,Dakotaborough,NC,2021-07-14,,ACTIVE
300976,101804,856 Julie Loaf Suite 433,Pattonton,NC,2025-02-23,,ACTIVE
300977,100840,1894 David Field Apt. 454,Adamshaven,NC,2022-10-17,,ACTIVE
300978,101578,03028 Terri Overpass,Port Brian,TN,2025-03-29,2026-06-30,CLOSED
300979,100515,8299 Cynthia Manors Suite 896,Holmesstad,SC,2021-06-30,,ACTIVE
300980,101304,0987 Chaney Ville Suite 990,North Markside,NC,2022-05-12,,ACTIVE
300981,100057,2207 Rice View,Brennanstad,SC,2023-06-24,,ACTIVE
300982,101916,969 Jackson Burg Apt. 828,Alexanderchester,TN,2022-10-17,,ACTIVE
300983,101600,02911 Johnson Estate,Williamsshire,SC,2021-04-21,,ACTIVE
300984,100553,974 Jean Skyway,Julieside,TN,2025-02-04,,ACTIVE
300985,101027,5031 Michael Vista Suite 675,West Randallmouth,NC,2019-09-27,,ACTIVE
300986,101872,2939 Boyd Village Suite 580,Rhodesport,FL,2019-09-23,,ACTIVE
300987,100464,573 Payne Walks Apt. 030,Lake Ian,SC,2019-01-29,,ACTIVE
300988,100333,38434 Morgan Track Apt. 176,West Danny,TN,2025-09-14,,ACTIVE
300989,100320,33311 Burns Square,Aaronland,NC,2023-06-01,,ACTIVE
300990,100759,61913 Wallace Fort Suite 341,North Mark,NC,2022-01-09,2025-08-06,CLOSED
300991,101543,0861 Kimberly Track,North Evelynstad,NC,2024-10-27,,ACTIVE
300992,101806,970 Hughes Glens,Port Kathleentown,GA,2025-09-09,,ACTIVE
300993,100673,10395 Aguilar Junctions Apt. 455,Wangmouth,NC,2025-10-21,,ACTIVE
300994,101585,14484 Morales Spring,Port Jackie,NC,2023-10-13,,ACTIVE
300995,100760,04272 Ross Fords Suite 581,South Christine,NC,2018-12-13,,ACTIVE
300996,100392,536 Bruce Drive,Jerryfurt,TN,2024-08-30,,ACTIVE
300997,101606,5204 Miller Circle Apt. 907,Knightberg,GA,2024-01-14,,ACTIVE
300998,100789,733 Samuel Road Apt. 318,Port Kendra,NC,2024-02-20,,ACTIVE
300999,100484,54255 Cindy Mission Suite 622,North Kevinview,NC,2022-03-03,,ACTIVE
301000,101278,61917 Marcus Neck Apt. 747,New Diane,NC,2024-02-13,2026-06-30,CLOSED
301001,101265,5413 Meyer Spring,Lake Patrickton,NC,2025-05-07,,ACTIVE
301002,100477,4706 Robert Rue,North Davidhaven,VA,2024-04-17,,ACTIVE
301003,100588,354 Warren Spring Suite 940,Leslieside,FL,2018-04-23,,ACTIVE
301004,101758,92573 Dunn Crossing,Mcgrathborough,NC,2020-12-24,,ACTIVE
301005,101044,0906 Francisco Bridge Suite 467,Port Edwardville,SC,2021-12-04,,ACTIVE
301006,100004,561 Melissa Glen,Port Debra,SC,2018-02-10,,ACTIVE
301007,101262,806 Steven Expressway Apt. 129,Lake Chris,GA,2022-09-05,,ACTIVE
301008,100040,86007 Davis Mission,Freyville,SC,2020-07-14,,ACTIVE
301009,100397,64516 Byrd Village,Morrisville,GA,2025-01-22,2025-08-06,CLOSED
301010,101398,27909 Stephens Lights Apt. 416,Deanside,TN,2024-02-03,,ACTIVE
301011,100959,6520 Marie Isle Apt. 603,South Nicholeville,VA,2019-08-16,2019-12-08,CLOSED
301012,100790,329 Catherine Throughway Apt. 381,West Craig,NC,2023-09-16,2026-06-30,CLOSED
301013,101792,755 Victor Common,Pamelahaven,SC,2021-05-31,,ACTIVE
301014,101028,185 Brad Ports,Amymouth,FL,2020-03-03,,ACTIVE
301015,100872,176 Howard Turnpike,West Steven,SC,2025-07-16,,ACTIVE
301016,101183,81777 Foster Islands,Shawmouth,SC,2025-12-22,,ACTIVE
301017,101380,999 Rogers Knolls,New Jacob,VA,2023-08-15,,ACTIVE
301018,100657,7599 Jill Corners Suite 712,Mathewsview,NC,2022-07-29,2024-09-07,CLOSED
301019,101485,1778 Coleman Road,West Samuelville,VA,2018-03-15,2021-10-23,CLOSED
301020,100334,581 Jose Cape,Moniqueton,SC,2022-11-18,2023-04-09,CLOSED
301021,101436,3578 Thomas Corners Suite 498,Port Victorfort,SC,2019-07-05,,ACTIVE
301022,101528,40179 Christopher Ramp Apt. 018,Sandratown,VA,2025-07-17,,ACTIVE
301023,101492,40696 Jackson Hollow,East Brianview,NC,2024-11-03,,ACTIVE
301024,101442,6221 Dixon Forge,Ericstad,VA,2022-06-27,,CLOSED
301025,100830,336 Ethan Fork Suite 477,North Robert,TN,2025-02-16,,CLOSED
301026,101124,835 Scott Canyon Apt. 600,Amandashire,SC,2021-05-30,,ACTIVE
301027,100108,10007 Miller Alley,East Savannah,NC,2020-11-17,2024-12-20,CLOSED
301028,101356,266 Matthew Ports,West Clinton,SC,2024-05-23,,ACTIVE
301029,101230,43941 David Green Suite 881,Dustinside,GA,2025-05-05,,ACTIVE
301030,101276,6967 Williams Ramp,North Elizabeth,GA,2022-05-16,2026-03-05,CLOSED
301031,100691,801 Joseph Views,Mooreside,GA,2024-11-21,,ACTIVE
301032,101167,642 Adam Lake,South Laura,FL,2025-03-27,,ACTIVE
301033,101964,103 Richard Camp Suite 108,Port Johnhaven,SC,2019-04-20,,ACTIVE
301034,101737,5311 Allen Neck,Port Angela,NC,2022-02-24,,ACTIVE
301035,100511,15329 Mcguire Light Suite 972,New Teresaburgh,SC,2024-08-10,,ACTIVE
301036,101204,310 Casey Loaf,Morganborough,VA,2020-04-26,2021-03-12,CLOSED
301037,101727,186 Virginia Drive,Kevinberg,NC,2021-11-29,2022-02-11,CLOSED
301038,100319,69349 Walker Summit Suite 601,Davidsonberg,NC,2025-03-04,,ACTIVE
301039,100460,52506 Vincent Course Apt. 265,Rodriguezport,SC,2025-09-30,,ACTIVE
301040,100661,0569 Calvin Streets Apt. 263,Gonzalesshire,NC,2023-02-18,,ACTIVE
301041,100246,0422 Wendy Station,Mooremouth,VA,2020-11-25,,ACTIVE
301042,100153,2725 Sanchez Corners,North Codybury,FL,2018-07-18,,ACTIVE
301043,100242,2239 Shane Common,Port Michaelview,GA,2025-09-30,,ACTIVE
301044,100255,502 Crystal Forest Suite 322,Lovetown,SC,2025-11-19,2026-06-30,CLOSED
301045,100685,8781 David Circles Suite 012,East Vincenttown,NC,2023-06-25,,ACTIVE
301046,101659,7554 Justin Crest Suite 716,Phillipview,VA,2020-11-19,2022-01-15,CLOSED
301047,100748,13043 Owens Circles Apt. 269,Russellton,NC,2025-07-22,,ACTIVE
301048,101689,63444 Robinson Rue,West Shawn,SC,2022-08-13,,ACTIVE
301049,100011,104 Dixon Brooks,Pattersonchester,VA,2022-09-11,2026-04-01,CLOSED
301050,101436,0868 Fox Way,Kathleenstad,NC,2019-10-28,,ACTIVE
301051,101718,05277 Kim Shoal Apt. 738,Glendatown,NC,2021-02-17,,ACTIVE
301052,100121,44368 Michael Track Apt. 049,Mannport,NC,2021-07-11,,ACTIVE
301053,100207,3519 Branch Isle,South Sarahmouth,NC,2024-01-27,,ACTIVE
301054,101386,70841 Roger Walks Suite 976,Morsestad,TN,2021-04-08,,ACTIVE
301055,100957,63861 Jennifer Gateway,Walshtown,NC,2021-09-18,,ACTIVE
301056,101878,906 Price Mill Suite 815,Ryanside,NC,2021-11-29,,ACTIVE
301057,101501,90011 Lindsey Club,Perezville,SC,2024-10-15,,ACTIVE
301058,101017,4025 Clark Valleys,East Heather,NC,2022-08-28,,ACTIVE
301059,101093,062 Chan Light Apt. 487,Lake Erin,VA,2020-08-18,,ACTIVE
301060,101529,22890 Phillips Gateway Apt. 164,Francisborough,NC,2025-05-20,,ACTIVE
301061,100156,0979 Linda Passage Apt. 617,Kevinborough,NC,2020-12-04,,ACTIVE
301062,101568,231 Ryan Glen,Juliemouth,TN,2018-09-11,,ACTIVE
301063,100838,06058 Maria Vista,Lake Richardburgh,NC,2018-12-21,,ACTIVE
301064,100375,6391 Bruce Haven,Tristanland,NC,2020-11-20,,ACTIVE
301065,101040,058 Hailey Terrace,New Jonathanshire,NC,2024-04-10,,ACTIVE
301066,101723,20431 Susan Orchard Suite 539,New Richard,NC,2023-06-14,,ACTIVE
301067,101150,55161 Green Plain Apt. 515,Webbhaven,NC,2024-03-22,,ACTIVE
301068,100799,44643 Miller Hills Suite 456,North Rebecca,NC,2020-03-02,,ACTIVE
301069,100687,00859 Hoffman Mountain,New Rhonda,SC,2022-03-19,,ACTIVE
301070,100921,90061 Kimberly Freeway Apt. 672,Lake Dana,SC,2022-06-10,,ACTIVE
301071,101808,2746 Armstrong Trail,Richtown,VA,2020-12-10,,ACTIVE
301072,100565,38952 Gordon Inlet,East Michellestad,VA,2022-12-11,,ACTIVE
301073,100934,3057 Heather Branch Suite 601,Gravesbury,NC,2023-12-01,,ACTIVE
301074,100598,46803 John Port Suite 800,New Tina,NC,2021-12-19,,ACTIVE
301075,101459,3469 Daniel Track Apt. 979,Ronaldshire,FL,2021-07-29,,ACTIVE
301076,100086,777 Kent Ridge,Tylerville,FL,2019-04-26,2019-08-24,CLOSED
301077,101580,69953 Reyes Field,Bryanfurt,VA,2020-08-03,,ACTIVE
301078,101783,42168 Nicole Walks,East Alexisstad,NC,2018-10-02,,ACTIVE
301079,101989,22644 Mitchell Cove,Russellburgh,SC,2020-06-19,,ACTIVE
301080,100628,49091 Reynolds Vista Apt. 821,Victoriashire,NC,2019-04-15,,ACTIVE
301081,100050,13111 Bonnie Trace,Port Robertborough,NC,2019-12-06,,ACTIVE
301082,100006,21193 Taylor Springs Suite 511,New Katherinechester,SC,2019-08-09,2021-07-14,CLOSED
301083,100727,2817 Christopher Plain,Lake Peter,NC,2020-06-20,,ACTIVE
301084,100725,7985 Coleman Mall Suite 897,Brianview,SC,2018-04-06,,ACTIVE
301085,101979,66943 Jennifer Harbors Apt. 523,Lake Jeremy,SC,2023-07-01,,ACTIVE
301086,100366,80505 Hill Court,Haynesfurt,NC,2018-08-02,2020-03-20,CLOSED
301087,101807,511 Ronald Ranch,Joannafort,NC,2023-12-22,,ACTIVE
301088,100872,6991 Davis Extension Suite 860,Amyland,NC,2023-07-27,,ACTIVE
301089,100702,968 Gonzales Pike,West Taylor,NC,2021-07-21,,ACTIVE
301090,101843,5374 Robert Hill,Clarkborough,SC,2020-10-10,,ACTIVE
301091,101551,7809 Serrano Ford,East Christopher,SC,2018-09-03,,ACTIVE
301092,101289,0599 Shelby Cliff Apt. 168,Lake Brendafort,NC,2021-12-28,2023-01-24,CLOSED
301093,100709,76787 Catherine Isle Suite 995,Amandafort,NC,2021-08-04,,ACTIVE
301094,101542,6265 Burnett Coves Suite 749,Lake Nancy,VA,2020-03-09,,ACTIVE
301095,100523,352 Beth Trail,Isaacburgh,GA,2018-02-04,,ACTIVE
301096,101195,687 Hanson Crossing,Lake Robertport,TN,2025-01-14,,ACTIVE
301097,100943,8102 Angela Well Apt. 530,Estesbury,NC,2019-05-16,,ACTIVE
301098,101644,2794 David Hill Suite 525,Mendezshire,NC,2019-06-03,,ACTIVE
301099,101419,245 Andersen Plains Suite 948,Natashaside,NC,2025-01-16,,ACTIVE
301100,101601,9772 Ronald Orchard Apt. 440,Martinborough,SC,2023-07-05,,ACTIVE
301101,101081,4085 Brooks Turnpike Apt. 110,New Seth,NC,2022-10-23,2026-05-04,CLOSED
301102,101517,337 Julie Keys,Andrewland,NC,2022-05-22,2022-11-20,CLOSED
301103,101171,70144 Lynch Station,Smithside,SC,2025-07-09,,ACTIVE
301104,100273,7148 Thompson Falls,Chunghaven,TN,2018-03-28,,ACTIVE
301105,101812,2227 Douglas Parkways,Sheribury,NC,2023-05-03,,ACTIVE
301106,100075,062 Contreras Centers Suite 920,Austinport,SC,2021-12-09,2022-07-14,CLOSED
301107,101534,35028 Emily Dale Suite 313,Wallchester,FL,2018-01-10,,ACTIVE
301108,101471,92872 Bennett Inlet,West Matthew,SC,2021-09-20,,ACTIVE
301109,101967,200 Perez Burg Suite 432,Fryeport,NC,2020-12-08,,ACTIVE
301110,101142,6509 Stacey Plaza Apt. 421,East Melissa,NC,2018-08-15,,ACTIVE
301111,100501,1363 Amy Manors,Port Cynthiahaven,NC,2024-10-20,,ACTIVE
301112,100675,05733 Kyle Fort Suite 495,Marcoville,SC,2019-12-01,,ACTIVE
301113,101808,55828 Caldwell Junctions,Hendricksport,SC,2020-02-17,,ACTIVE
301114,100137,5144 Norton Bypass Apt. 351,Andersonview,NC,2024-06-13,,ACTIVE
301115,100120,422 Wilson Villages Apt. 631,Vegafurt,GA,2019-09-23,,ACTIVE
301116,100249,8490 Crystal Corners Suite 125,North Brent,VA,2021-03-13,,ACTIVE
301117,101891,7349 Gomez Lodge Apt. 472,Taraton,NC,2019-05-17,,ACTIVE
301118,100555,2529 Ortega Cliff,North Kelly,NC,2024-06-13,,ACTIVE
301119,101782,720 Mary Drives Suite 372,Ericburgh,FL,2020-10-12,,ACTIVE
301120,100562,99408 Thompson Cape,East Natasha,VA,2023-07-17,,ACTIVE
301121,101654,8484 Kathryn Centers Apt. 248,Taylorville,SC,2020-12-22,2021-11-18,CLOSED
301122,100264,665 Paul Island Apt. 026,North Andrea,VA,2018-02-08,,ACTIVE
301123,100524,955 Troy Mountains Apt. 246,Cooperbury,NC,2025-06-16,,ACTIVE
301124,101201,028 Paula Prairie,East Patricia,NC,2023-06-08,,ACTIVE
301125,100094,604 Anthony Street Apt. 750,Paynebury,NC,2019-04-18,,ACTIVE
301126,100104,6989 Weaver Lock,Port Christopher,NC,2018-07-14,,ACTIVE
301127,100735,6047 Kimberly Inlet Suite 187,Danielburgh,TN,2019-07-16,,ACTIVE
301128,101230,420 Mark Grove Suite 245,East Collin,GA,2025-01-30,,ACTIVE
301129,100149,495 Richard Island Apt. 696,West Julian,NC,2022-01-26,,ACTIVE
301130,101201,259 Thomas View Apt. 277,Taylorview,NC,2022-12-14,,ACTIVE
301131,101004,071 Adams Circle Apt. 042,Lake Katrinaberg,SC,2024-04-26,,ACTIVE
301132,101214,21557 Kelly Center,Solomonport,VA,2019-05-09,,ACTIVE
301133,101831,72897 Rush Roads Suite 055,East Nicolestad,NC,2024-03-05,,ACTIVE
301134,101158,30093 Morse Turnpike,North Tammieshire,NC,2023-10-01,,ACTIVE
301135,101785,8903 Delgado Islands Apt. 184,Robertland,GA,2018-08-11,2021-01-09,CLOSED
301136,101861,0436 Katherine Shore,West Cathy,NC,2024-01-23,,ACTIVE
301137,101821,7282 Dennis Circles,Kennedyberg,VA,2022-06-13,,ACTIVE
301138,100693,635 Diaz Pine,Emilyview,VA,2023-07-06,,ACTIVE
301139,100786,7885 Kerr Green Apt. 352,East Jamesburgh,FL,2022-12-14,,ACTIVE
301140,101018,318 James Pine Apt. 391,North Donald,NC,2019-05-01,,ACTIVE
301141,100569,630 Vazquez Ports,North Debra,NC,2020-05-01,,ACTIVE
301142,100244,9784 Austin Gardens Suite 823,New Kendraborough,NC,2019-08-29,,ACTIVE
301143,101045,40171 Baker Cliff Suite 915,West Jillianfort,SC,2018-10-28,,ACTIVE
301144,100794,282 Chris Estate Suite 957,Lake Lauren,NC,2020-11-30,,ACTIVE
301145,101170,52356 Collins Lakes,North Davefurt,VA,2022-03-21,,ACTIVE
301146,100797,379 Kristopher Cliff Apt. 257,Lake Jamie,NC,2023-03-06,,ACTIVE
301147,100075,167 Adrienne Port,North Matthewland,NC,2023-04-11,,ACTIVE
301148,100866,213 Shirley River Apt. 025,Rebeccachester,NC,2022-08-14,,CLOSED
301149,100487,5287 Carter Wells Suite 963,West Christophershire,NC,2019-10-24,,ACTIVE
301150,100071,827 Robert Ramp,Lake Aaron,NC,2020-11-15,,ACTIVE
301151,100649,32012 Natalie Lakes,South Jeffrey,FL,2025-03-25,2026-06-30,CLOSED
301152,100165,908 Joshua Mountains Suite 351,North Dariuschester,VA,2023-02-25,,ACTIVE
301153,100814,24324 Beasley Burg,East Cynthiashire,SC,2022-10-14,,ACTIVE
301154,100274,707 Mann Mount Apt. 735,South Kyleborough,SC,2018-02-06,,ACTIVE
301155,101183,1509 Gillespie Flat,North Gabrielle,NC,2025-03-27,2025-10-18,CLOSED
301156,100598,221 Amber Land Suite 940,Richardside,NC,2020-06-16,,ACTIVE
301157,100320,657 Valerie Ways,East Bradley,NC,2020-03-06,,ACTIVE
301158,101651,28721 Robert Radial Apt. 713,Perkinsstad,VA,2022-09-10,2025-09-01,CLOSED
301159,101828,0240 Richards Inlet Suite 358,New Brendan,NC,2019-07-13,,ACTIVE
301160,101144,13360 Thompson Mills Apt. 896,Morrisstad,NC,2019-09-01,,ACTIVE
301161,101854,98228 Brandon Flats Apt. 536,New Ericshire,NC,2025-08-31,,ACTIVE
301162,101932,899 Arthur Falls,Kleinberg,SC,2023-11-16,,ACTIVE
301163,101958,70100 Garcia Fork,West Elizabeth,GA,2018-04-09,,ACTIVE
301164,100511,7527 Montgomery Mills Apt. 316,New Kathryn,FL,2021-02-04,,ACTIVE
301165,100607,63321 Aaron Junctions,Ronaldmouth,GA,2025-12-10,,ACTIVE
301166,101909,969 Dalton Orchard Apt. 982,Cordovachester,NC,2024-08-16,,ACTIVE
301167,100137,81163 Charles Circles,Mcdowellberg,SC,2023-01-13,2024-09-29,CLOSED
301168,101150,475 Hernandez Mission Apt. 414,South Robertfort,NC,2018-05-13,,ACTIVE
301169,101649,359 David Corner Suite 296,North Saraville,TN,2020-11-26,,ACTIVE
301170,101910,148 Cooper Vista,Coltonberg,NC,2019-06-02,2022-08-28,CLOSED
301171,100350,9164 Coleman Points Apt. 153,Loriville,SC,2021-05-04,,ACTIVE
301172,101291,86082 Williams Shore Apt. 460,South Heiditon,NC,2020-09-23,2024-10-13,CLOSED
301173,101107,12368 Amber Plaza,Michaelfurt,NC,2020-12-05,2021-06-20,CLOSED
301174,101879,0610 Amanda Ridge Suite 834,Port Mary,TN,2026-01-25,,ACTIVE
301175,100274,851 Latoya Loop,Port Cameron,NC,2022-03-30,,ACTIVE
301176,100313,86407 Chris Turnpike Suite 019,Lake David,FL,2020-04-11,,ACTIVE
301177,100299,03181 Johnson Vista,Billymouth,SC,2021-10-11,,ACTIVE
301178,100935,156 Garrett Stravenue Apt. 069,New Erinshire,NC,2018-06-24,,ACTIVE
301179,100043,8196 Beth Rue Apt. 418,Hillberg,NC,2021-01-29,,ACTIVE
301180,100657,86187 Mills Knoll Suite 131,South Katherinestad,NC,2025-06-09,2026-06-30,CLOSED
301181,100337,230 Lloyd Plains Apt. 104,West Kellyland,NC,2024-03-09,,ACTIVE
301182,100682,432 William Throughway Suite 676,East Holly,NC,2023-04-07,,ACTIVE
301183,100356,4827 Ashley Rapid Suite 437,Andersonstad,SC,2019-05-16,,ACTIVE
301184,101343,60259 Wayne Orchard,Lorihaven,SC,2021-07-09,,ACTIVE
301185,101093,993 Simmons Extension Apt. 676,Chadview,NC,2018-06-09,,ACTIVE
301186,101417,7540 Travis Vista Suite 761,West Amber,GA,2020-02-21,2022-02-26,CLOSED
301187,101946,151 Morse Gardens,Harperberg,NC,2019-10-10,,ACTIVE
301188,100119,0148 Lori Trail,Port Joseph,NC,2023-05-14,,ACTIVE
301189,101538,935 Stevens Branch Suite 841,Bethanyland,NC,2020-06-21,,ACTIVE
301190,100264,95823 Leslie Forges Suite 478,East Geraldshire,FL,2023-01-01,,ACTIVE
301191,101755,1493 Susan Forges,Thomaschester,VA,2025-06-24,2026-04-11,CLOSED
301192,100249,208 Frank Dale Apt. 621,Torreshaven,GA,2024-01-03,,ACTIVE
301193,100920,8569 Lowe Harbor,Bradleyhaven,NC,2023-07-30,,ACTIVE
301194,100799,098 Webb Pike,Mitchellmouth,NC,2021-03-05,,ACTIVE
301195,100217,1359 Laura Forges Suite 178,Katieberg,TN,2020-10-11,,ACTIVE
301196,101827,52776 Kirk Union,Kendraside,GA,2022-07-21,,ACTIVE
301197,100468,706 Snyder Landing,Sharptown,NC,2020-01-03,2020-05-25,CLOSED
301198,100137,977 Adrian Knoll Apt. 277,Lake Johnland,SC,2022-09-18,,ACTIVE
301199,101889,2508 Gentry Motorway Apt. 559,Bestton,NC,2022-03-08,,ACTIVE
301200,101025,489 Brian Ranch Apt. 225,East Lauraland,NC,2021-03-19,,ACTIVE
301201,100368,59307 Adam Bypass Suite 130,South Timothy,VA,2018-07-28,,ACTIVE
301202,101901,1923 West Mews Apt. 557,North Williamborough,GA,2025-12-13,,ACTIVE
301203,100594,53395 Stephen Terrace Apt. 304,Bondton,FL,2024-03-11,,ACTIVE
301204,101990,30573 Lisa Lodge Suite 669,Robinsonmouth,SC,2024-12-25,,ACTIVE
301205,101986,72611 Barnett Plaza Apt. 929,Bryanville,NC,2021-01-29,,ACTIVE
301206,100548,913 John Tunnel,Alanland,NC,2019-11-21,,ACTIVE
301207,101988,5662 Richards Pike,Amybury,SC,2023-07-05,,ACTIVE
301208,101385,78786 David Brook,New Johnnyton,SC,2019-09-21,,ACTIVE
301209,101743,44800 Castro Spring,South Christopher,NC,2024-09-25,,ACTIVE
301210,100626,25025 Mendoza Forge Suite 692,Port Andrewburgh,NC,2022-01-28,,ACTIVE
301211,100774,2113 Natalie Pike,Johnstad,NC,2022-05-31,,ACTIVE
301212,100917,54552 Michelle Knoll,Shahport,NC,2019-05-10,,ACTIVE
301213,100309,563 Dunn Common,Marktown,FL,2018-12-13,,ACTIVE
301214,101293,336 Sara Lodge,East Christina,FL,2019-11-26,2021-03-06,CLOSED
301215,101877,453 Marshall Walks Apt. 892,North Anthonymouth,NC,2019-10-01,,ACTIVE
301216,101139,7899 David Roads Suite 343,Lindaborough,NC,2022-06-07,,ACTIVE
301217,100839,36465 Coleman Mountain Suite 108,Port Michaelport,SC,2022-10-07,,ACTIVE
301218,100404,41990 Hardin Motorway,South Steve,SC,2019-02-08,,ACTIVE
301219,100488,2932 Russell Ways,Wintersstad,SC,2020-08-29,,ACTIVE
301220,100808,99400 Crystal Streets Suite 574,South Scott,NC,2020-10-20,,ACTIVE
301221,101122,3478 Oliver Glen,Port Holly,SC,2025-04-18,,ACTIVE
301222,101088,3393 Young Burg Apt. 631,Jordanburgh,NC,2020-10-06,,ACTIVE
301223,100658,150 Robles Groves,Butlerview,NC,2021-06-25,,ACTIVE
301224,101284,6187 Donna Valleys Apt. 410,Jameschester,NC,2023-07-11,,ACTIVE
301225,101443,0207 Shawn Summit,Port Jennifermouth,NC,2020-07-18,2022-09-15,CLOSED
301226,101085,5993 White Heights Apt. 063,Shafferbury,NC,2022-03-25,,ACTIVE
301227,101885,49422 Kimberly Loop Apt. 619,Port Julie,NC,2021-01-18,,CLOSED
301228,101881,6017 Michael Branch,East Pamela,GA,2018-02-27,,ACTIVE
301229,101798,4553 Ferguson Summit Suite 098,Lake Chadshire,TN,2019-05-24,2021-03-13,CLOSED
301230,101266,74093 Miller Track,East Vickiton,NC,2025-06-19,,ACTIVE
301231,100362,098 Matthew Stream,South Jessica,VA,2021-06-12,,ACTIVE
301232,100612,50966 Natalie Circles,Richardtown,SC,2020-03-06,2021-02-05,CLOSED
301233,101636,47250 Felicia Rue,Jeremiahborough,NC,2021-09-01,,ACTIVE
301234,100486,153 Spears Terrace Suite 501,Port Ashleyberg,NC,2020-12-03,,ACTIVE
301235,101294,70373 Gonzalez Garden Suite 433,Williamsonside,NC,2025-03-02,,ACTIVE
301236,100386,2215 Morris Lake,Aaronland,FL,2018-07-04,,ACTIVE
301237,100415,3248 Rivers Views Apt. 794,Hernandezstad,NC,2024-05-26,,ACTIVE
301238,101356,80435 Craig Brooks,Alexandertown,GA,2025-08-25,,ACTIVE
301239,100397,055 Bradley Forges,Kimberlymouth,VA,2022-04-19,,ACTIVE
301240,100307,555 Leon Drives,Gallegosport,GA,2022-04-23,,CLOSED
301241,101223,454 Schneider Center,Lawrenceburgh,SC,2022-03-29,,ACTIVE
301242,100053,59244 Smith Cape,West Charlestown,NC,2018-05-18,,ACTIVE
301243,100152,69101 Graham Mall,South Jeanetteborough,VA,2024-12-29,,ACTIVE
301244,101794,293 Sara Vista,Port Kenneth,NC,2022-05-18,,ACTIVE
301245,100653,80777 Hernandez Club,Fieldschester,NC,2025-03-17,,ACTIVE
301246,101187,28528 Gonzales Track Suite 336,Mitchellmouth,NC,2018-04-25,,ACTIVE
301247,101664,894 Morales Trail Suite 016,North Kelly,NC,2018-05-04,,ACTIVE
301248,100513,1410 Michael Falls,Courtneyburgh,NC,2021-11-01,,ACTIVE
301249,101083,9599 Adam Ville,Scottmouth,NC,2023-10-11,,ACTIVE
301250,101363,000 Ortiz Ridges Apt. 566,South Patriciatown,NC,2019-01-19,,ACTIVE
301251,100452,0296 Carlos Tunnel Suite 301,East Lisa,SC,2020-10-19,,ACTIVE
301252,101062,4952 Garrison Route Suite 450,Ericside,FL,2018-09-15,2022-08-06,CLOSED
301253,100113,80925 Anthony Extension,North Alexisburgh,VA,2020-11-06,,ACTIVE
301254,100641,3947 Hayden Walks,Simsburgh,NC,2025-06-30,2026-06-30,CLOSED
301255,100926,192 Kenneth Expressway,Robertsland,NC,2018-05-04,,ACTIVE
301256,100030,005 Connor Gateway Apt. 943,New Lisa,NC,2018-09-19,,ACTIVE
301257,101651,305 Autumn Club,Lovetown,VA,2023-03-24,,ACTIVE
301258,100412,288 Heather Field Suite 901,Rogertown,TN,2021-05-21,,ACTIVE
301259,100931,2047 Nguyen Lodge,Port Todd,NC,2022-06-08,,ACTIVE
301260,101653,25661 Banks Springs,South Antonioville,NC,2024-06-11,2026-06-30,CLOSED
301261,101783,809 Gross Ford Suite 971,Riveraborough,VA,2022-03-10,,ACTIVE
301262,100374,126 Miller Cape,Lopezland,VA,2024-09-15,,ACTIVE
301263,101932,798 Mary Hills Apt. 242,Lake Julianchester,VA,2023-04-21,,ACTIVE
301264,101030,57451 Nguyen Ferry,Diazfurt,SC,2019-06-16,,ACTIVE
301265,101627,656 West Plains,Amyfort,VA,2020-06-05,,ACTIVE
301266,100672,41892 Christopher Square,Davisville,GA,2023-01-23,,ACTIVE
301267,101113,018 Alan Port,Stanleystad,NC,2021-12-17,,ACTIVE
301268,101833,08013 Lawrence Lodge,West Brittneychester,NC,2023-06-17,,ACTIVE
301269,101804,6459 Robert Ferry,West Angela,SC,2018-10-18,,ACTIVE
301270,100031,618 Erin Island Apt. 724,Lucasland,SC,2025-09-04,,ACTIVE
301271,100803,2091 Reyes Ramp,Brittanyside,NC,2020-11-05,,ACTIVE
301272,101932,53451 Timothy Parkway,South Shannonfurt,VA,2024-03-26,,ACTIVE
301273,101306,669 Christopher Streets Suite 063,Lake Christopherburgh,NC,2020-07-01,,ACTIVE
301274,101705,5285 Christina Summit Apt. 647,Mcgeeshire,SC,2020-03-04,,ACTIVE
301275,100206,88998 Gibson Fork Suite 343,Port Brandy,NC,2025-06-13,,ACTIVE
301276,100067,21929 Jesse Mission Suite 755,West Todd,GA,2024-02-22,,ACTIVE
301277,101649,938 Jessica Burg,Lake Meghanfort,NC,2018-03-19,2018-06-22,CLOSED
301278,101184,252 Christina Lakes,Port Brooke,SC,2020-05-01,,ACTIVE
301279,100796,721 Hester Trail Suite 177,Alexbury,NC,2021-05-15,,ACTIVE
301280,100439,96396 Jeremiah Circles,Harrisbury,NC,2022-05-21,,ACTIVE
301281,101115,961 Davis Passage,South Carolmouth,NC,2018-03-05,2019-12-04,CLOSED
301282,100827,7438 Byrd Turnpike,Johnfurt,NC,2020-09-01,2022-04-30,CLOSED
301283,100067,289 Victoria Stravenue Apt. 915,Bryantbury,NC,2019-09-24,,ACTIVE
301284,101696,8460 Carolyn Radial,Lake Lauramouth,NC,2018-03-16,,ACTIVE
301285,101593,2086 Chandler Hills,Port Stephanie,NC,2021-09-09,2024-04-06,CLOSED
301286,100002,9867 Wilson Wells Apt. 315,Nathanfurt,TN,2023-01-15,,ACTIVE
301287,100663,88198 Meyer Unions,Jeffreybury,GA,2021-12-10,,ACTIVE
301288,100008,8983 George Club Apt. 063,Clintonburgh,NC,2022-10-12,,ACTIVE
301289,100948,526 Patel Rue Suite 629,New Tonyaland,NC,2021-05-30,2022-03-16,CLOSED
301290,101809,87953 Michele Views,Hintonmouth,NC,2020-07-30,,ACTIVE
301291,101552,909 James Landing,Amandaberg,VA,2021-06-07,,ACTIVE
301292,100665,3267 Whitney Grove,Pierceburgh,TN,2020-12-30,,ACTIVE
301293,101133,5024 Samantha Island Apt. 597,Barrettview,NC,2023-05-27,,ACTIVE
301294,100191,2866 Zachary Mountains,South Jennifer,NC,2022-01-10,2024-08-05,CLOSED
301295,101361,747 Joseph Courts Suite 004,Chelseatown,TN,2022-11-07,,ACTIVE
301296,100088,3521 Jorge Plains,South Toddborough,FL,2019-11-20,,ACTIVE
301297,100523,6351 Elizabeth Alley Apt. 191,Coreytown,SC,2022-04-04,,ACTIVE
301298,101338,995 Dorothy Divide Suite 079,Angelmouth,VA,2019-05-16,,ACTIVE
301299,101263,204 Leslie Corners,South Jessebury,SC,2024-09-01,,ACTIVE
301300,100369,6370 Chambers Station,North Alexisport,NC,2019-04-30,,ACTIVE
301301,101786,0039 Darlene Turnpike,East Nicole,NC,2020-11-15,,ACTIVE
301302,101446,81872 Chandler Landing,South Catherine,SC,2021-08-26,,ACTIVE
301303,101227,48881 Jose Crest Apt. 280,Lake Michelletown,NC,2018-08-02,,ACTIVE
301304,101331,959 Cordova Street Suite 913,South Michele,TN,2020-05-19,2023-03-31,CLOSED
301305,101915,613 Zimmerman Stream,Davisfurt,FL,2020-07-25,,ACTIVE
301306,101755,4266 Taylor Rest Suite 381,West Donaldton,GA,2021-10-11,,ACTIVE
301307,101576,8300 Mark Village Apt. 520,North Corey,VA,2020-10-27,,ACTIVE
301308,100021,581 Schmitt Inlet Apt. 712,East Dennis,TN,2018-11-13,,ACTIVE
301309,100613,92881 West Corner Suite 218,Nathanview,SC,2025-03-03,,ACTIVE
301310,101950,06144 Brown Mission,Floreschester,SC,2022-05-02,,ACTIVE
301311,101165,08791 Alexander Light Apt. 982,Morrisport,NC,2023-10-26,,ACTIVE
301312,101393,89079 Patricia Motorway,Carpenterstad,NC,2024-09-29,,ACTIVE
301313,100927,55238 Combs Avenue,Travisview,GA,2020-11-20,,ACTIVE
301314,101722,7622 Brent Branch Suite 061,East Davidburgh,SC,2023-05-16,,ACTIVE
301315,101022,4582 Kathryn Glen Apt. 019,West David,NC,2025-10-13,,ACTIVE
301316,101596,065 Webster Shoal,New Sara,FL,2024-10-15,,ACTIVE
301317,101595,09970 William Estate Suite 083,New Julieport,NC,2025-10-21,,ACTIVE
301318,100369,37558 Samantha Gateway Apt. 792,Carpenterland,NC,2018-07-23,,ACTIVE
301319,100642,484 Morris Meadow Apt. 250,North Kyleland,FL,2023-07-11,,ACTIVE
301320,100092,966 Kenneth Parkways Suite 206,Davisland,VA,2020-06-01,,ACTIVE
301321,101800,35111 Calvin Ford Apt. 622,South Jennafort,FL,2025-07-04,2026-06-30,CLOSED
301322,101100,04978 Flores Trail Apt. 201,North Abigail,VA,2020-08-18,,ACTIVE
301323,101615,0388 Cervantes Run Apt. 033,Port Juan,VA,2020-06-30,,ACTIVE
301324,101429,88785 Nicole Mill Suite 282,Shawnshire,NC,2018-09-28,,ACTIVE
301325,101391,9113 Marsh Square Suite 017,New Dominicstad,NC,2022-09-16,,ACTIVE
301326,100626,8432 Melanie Neck Suite 556,Lehaven,NC,2025-06-13,,ACTIVE
301327,101994,67356 Rodriguez Prairie Apt. 619,West Gregory,SC,2023-10-21,2025-11-13,CLOSED
301328,100551,35649 Alex Harbor Suite 819,East Dominicbury,NC,2018-05-12,,ACTIVE
301329,101751,202 Wilson River,Bairdville,GA,2018-11-15,,ACTIVE
301330,101491,212 Sanders Plains Apt. 098,East Jeremy,NC,2025-12-16,,ACTIVE
301331,100448,47230 Rachel Views,Smithfort,TN,2018-03-20,,ACTIVE
301332,100935,530 Bryan Crossing Apt. 006,Serranohaven,NC,2020-12-29,,ACTIVE
301333,100044,3595 Olivia Harbor,Smallchester,GA,2023-07-08,,ACTIVE
301334,101033,08787 Julie Isle,Erikastad,NC,2019-08-10,,ACTIVE
301335,100156,5167 Kristopher Centers Apt. 465,Richardbury,VA,2018-12-27,,ACTIVE
301336,101673,48335 Cross Harbor Suite 880,North Crystalville,NC,2024-04-04,,ACTIVE
301337,100462,04281 Nathan Walk,Lukeberg,NC,2022-09-08,2023-05-01,CLOSED
301338,101588,1489 Kyle Mill Suite 043,Mayoville,NC,2024-02-02,,ACTIVE
301339,100650,927 Mason Gateway Suite 296,Lesterport,NC,2023-09-03,,ACTIVE
301340,101296,732 Michael Course Suite 898,Jessicamouth,GA,2025-03-12,,ACTIVE
301341,100064,491 Jessica Summit,New Angieshire,NC,2020-01-01,,ACTIVE
301342,100114,9003 Tate Islands,West Meredithmouth,NC,2019-04-24,,ACTIVE
301343,100605,41886 Colleen Pines,North Brenda,NC,2021-11-24,,ACTIVE
301344,100156,2868 Andrew Isle Apt. 416,Greenmouth,NC,2024-02-23,,ACTIVE
301345,100747,6534 Parrish Shoal Suite 575,Taraburgh,FL,2018-09-22,,ACTIVE
301346,101502,1058 Veronica Prairie Apt. 819,North Michael,NC,2024-04-11,,ACTIVE
301347,100181,704 Holloway Dale Apt. 574,West Angela,VA,2018-01-18,2021-10-25,CLOSED
301348,101906,349 Williams Branch,Vazquezshire,NC,2021-07-31,,ACTIVE
301349,101854,55021 Danielle Pine Suite 676,Randolphmouth,TN,2018-04-09,,ACTIVE
301350,101695,29953 Palmer Meadow Suite 858,Andersonshire,NC,2024-06-19,,ACTIVE
301351,100765,859 Smith Burg Apt. 300,Barryberg,SC,2020-12-28,,ACTIVE
301352,100615,698 Danielle Wells,Ryanfort,NC,2018-09-26,,ACTIVE
301353,101792,5852 Robinson Burg,Garciaport,NC,2020-08-21,,ACTIVE
301354,100055,281 Duran Cove,Reneechester,FL,2024-09-25,,ACTIVE
301355,100231,178 Susan Lakes Suite 064,Kristenchester,FL,2021-08-13,,ACTIVE
301356,101119,47095 Kathryn Groves,North Christophermouth,TN,2023-10-09,,ACTIVE
301357,100244,127 Smith Walks,Terriberg,VA,2018-11-06,,ACTIVE
301358,100225,0007 Anderson Pass,Rubenton,FL,2018-09-22,,ACTIVE
301359,101039,4469 Melanie Mall,East Andrewside,SC,2024-04-03,,ACTIVE
301360,101648,295 Calvin Prairie,South Oliviaport,SC,2023-01-21,,ACTIVE
301361,101194,1760 Pitts Camp,Lake Karla,VA,2019-01-06,,ACTIVE
301362,100812,4496 Wilson Views Suite 294,Moniqueview,TN,2021-09-10,,ACTIVE
301363,100552,4397 Rivas Place Apt. 622,New Thomaschester,FL,2018-07-31,,ACTIVE
301364,100243,8323 Jesse Crest,Karenland,VA,2024-01-13,,ACTIVE
301365,100990,03507 Sutton Tunnel Suite 178,Lake Barbarastad,SC,2020-01-09,,ACTIVE
301366,101526,2703 Baker Summit Suite 417,Nathantown,NC,2022-09-17,,ACTIVE
301367,101731,8857 Jennifer Rue Suite 821,New James,SC,2018-02-08,,ACTIVE
301368,100485,10037 Mann Cliff Apt. 589,Lloydstad,NC,2022-08-17,,ACTIVE
301369,101738,4685 Sanchez Street Suite 281,Meghanbury,SC,2025-07-06,,ACTIVE
301370,101728,3416 Mitchell Inlet Apt. 512,North Mariamouth,GA,2023-01-08,,ACTIVE
301371,100924,31017 Howard Views Suite 010,Lake Ryanberg,NC,2022-02-04,,ACTIVE
301372,100709,5126 Griffin Vista,New William,VA,2024-10-20,,ACTIVE
301373,101621,0759 Gary Locks Apt. 774,South Nancy,FL,2022-04-21,,ACTIVE
301374,100358,7759 Steele Haven Apt. 039,Amymouth,NC,2022-12-11,,ACTIVE
301375,101375,3008 Wilson Lodge,Traviston,GA,2020-03-01,2021-11-02,CLOSED
301376,100600,603 Michelle Forest,Jonathanburgh,SC,2024-09-13,,ACTIVE
301377,100014,6476 Nguyen Branch,Lake Derrick,NC,2023-09-17,,ACTIVE
301378,100077,551 Susan Stream,North Danielle,NC,2018-04-21,,ACTIVE
301379,100224,62469 Frey Springs Apt. 254,Gibsonshire,FL,2025-09-11,,ACTIVE
301380,101765,37179 Guerra Trail,Johnsonton,TN,2024-10-29,,ACTIVE
301381,101310,1313 Bernard Tunnel,West Kristinaside,NC,2020-11-30,,ACTIVE
301382,100530,67550 Jason Island Apt. 523,Lake Adamtown,NC,2024-06-06,,ACTIVE
301383,101297,919 Samantha View,Hancockburgh,GA,2020-06-16,,ACTIVE
301384,101294,04922 Davis Forge Apt. 523,Sharonshire,NC,2021-02-08,,ACTIVE
301385,100118,4164 Martinez Fields Apt. 980,Sandraburgh,GA,2021-10-31,,ACTIVE
301386,100414,198 Evans Oval,Leemouth,NC,2019-02-15,,ACTIVE
301387,100075,8114 Dixon Manors,Williammouth,TN,2019-11-17,,ACTIVE
301388,100743,855 Yvette Valleys Apt. 525,Port Kathryn,NC,2025-05-03,,ACTIVE
301389,100768,79250 Jones Station Apt. 796,South Carlos,SC,2025-04-22,,ACTIVE
301390,101666,802 Gibson Points Apt. 422,Scottstad,NC,2019-10-02,,ACTIVE
301391,100240,2545 Michelle Road Suite 530,East Michael,NC,2018-09-25,,ACTIVE
301392,101928,9304 Sheena Mews,Kathleenview,FL,2018-05-02,,ACTIVE
301393,100683,3300 Murray Ferry Apt. 036,Stacyfurt,NC,2021-04-19,,ACTIVE
301394,100607,75996 Nathan Circle,Lake Edwardtown,NC,2019-02-04,,ACTIVE
301395,100088,82032 Short Mountain,South Tinaside,SC,2020-05-23,2020-09-11,CLOSED
301396,101768,82019 Cline Inlet Apt. 095,Brianmouth,TN,2021-11-07,,ACTIVE
301397,100620,5707 Berger Route,Lake Sara,VA,2018-12-07,,ACTIVE
301398,101612,40979 Phillips Ville,Port Melissamouth,NC,2024-03-10,,ACTIVE
301399,100514,5101 Thompson Skyway Apt. 663,Darlenebury,NC,2025-11-07,,ACTIVE
301400,100649,04626 Gary Summit Suite 577,East Lisa,NC,2019-07-09,2022-06-12,CLOSED
301401,100247,78788 Crystal Rapid Suite 285,Port Catherine,SC,2020-07-21,,ACTIVE
301402,100983,27928 Leslie Light,Tammyhaven,TN,2025-03-10,2025-09-07,CLOSED
301403,100916,0190 Cummings Ways,West Vanessa,NC,2024-03-26,,ACTIVE
301404,100419,92837 Gary Road,East Donnastad,SC,2020-12-28,,ACTIVE
301405,101155,02843 Stephens Meadow,East Antonio,GA,2018-06-23,,ACTIVE
301406,101593,05329 Lewis Parkway Apt. 650,Brucemouth,SC,2020-12-13,,ACTIVE
301407,101505,4267 Albert Mill,Smithfurt,NC,2023-06-18,,ACTIVE
301408,100697,22441 Robinson Orchard,Ramoschester,SC,2019-08-09,,ACTIVE
301409,100240,96624 Sabrina Meadows,Fisherville,SC,2021-08-14,,ACTIVE
301410,100684,4128 Bell Drive,Lake Brittanyland,FL,2021-12-10,,ACTIVE
301411,101344,4974 Hurst Estate Suite 390,Jasonchester,NC,2025-01-27,,ACTIVE
301412,100452,8533 Barnes Plaza Suite 771,North Jessicaport,TN,2025-10-31,,ACTIVE
301413,100587,132 David Burgs,New Barbara,SC,2021-06-08,2025-06-13,CLOSED
301414,100838,71278 Robertson Islands,Gilmoremouth,SC,2023-08-27,2026-06-30,CLOSED
301415,100443,9870 Salazar Flat,New Rhondaport,NC,2018-12-25,,ACTIVE
301416,101417,5737 Walter Valley Suite 576,Smithbury,NC,2020-09-18,,ACTIVE
301417,100150,1287 Clark Keys,Reneestad,SC,2020-02-10,,ACTIVE
301418,101721,893 Lawson Extensions Suite 066,Steelefort,VA,2023-05-05,,ACTIVE
301419,101932,6219 Johnson Shores Suite 343,Salaschester,GA,2022-05-12,,ACTIVE
301420,101303,0780 Smith Ranch,New Anthony,TN,2020-10-26,,ACTIVE
301421,101975,3432 Ross Harbor Suite 305,Dannyshire,NC,2023-12-21,,ACTIVE
301422,100626,21945 Wilson Path Suite 470,Port Emily,SC,2018-01-28,,ACTIVE
301423,100272,155 Nathan Tunnel Suite 068,Port Stephanieberg,NC,2021-06-16,,ACTIVE
301424,100345,436 Michelle Heights Apt. 507,North Mark,NC,2025-09-20,,ACTIVE
301425,100376,33347 Craig Shore,Mackfurt,FL,2024-04-07,,ACTIVE
301426,100142,078 Robinson Land Suite 564,Port Felicia,NC,2023-07-17,,ACTIVE
301427,101065,00747 Jennifer Ports,North Melissa,NC,2020-06-24,,ACTIVE
301428,100343,03292 Cody Drive Suite 259,Martinland,NC,2022-11-28,2023-07-11,CLOSED
301429,100799,651 King Dam Suite 966,South Brent,NC,2025-03-30,2026-06-30,CLOSED
301430,100296,981 Alan Point,Chadside,NC,2021-09-09,,ACTIVE
301431,101016,00342 Denise Springs,Garzaberg,SC,2021-03-18,,ACTIVE
301432,100844,75833 Flores Forge,Foxberg,GA,2022-08-30,2024-01-04,CLOSED
301433,101103,787 Jacqueline Shoals,Jensenfurt,VA,2020-03-25,,ACTIVE
301434,101004,8299 Daniel Park,Philipland,NC,2018-12-07,,ACTIVE
301435,101239,455 Kevin Prairie Suite 833,Port Amyshire,NC,2025-01-21,,ACTIVE
301436,101006,471 Adams Tunnel Suite 668,Davidchester,NC,2024-05-19,,ACTIVE
301437,101280,108 Montgomery Club,Lake Jason,NC,2023-06-10,,ACTIVE
301438,101177,141 Matthew Throughway,East Beckyland,FL,2024-03-11,,ACTIVE
301439,100498,1000 Wells Stream Suite 086,Salazartown,NC,2026-01-04,,ACTIVE
301440,100943,4635 Brittany Gardens,Shawnmouth,SC,2023-12-24,,ACTIVE
301441,101305,826 Anthony Way,North Kyle,NC,2021-12-13,2024-05-05,CLOSED
301442,100506,8772 John Ranch Apt. 664,Andersonfurt,VA,2023-04-27,,ACTIVE
301443,100635,802 Jorge Green,North Tracytown,SC,2025-07-22,,ACTIVE
301444,100545,685 Brian Curve Suite 540,Christinabury,NC,2019-12-23,,ACTIVE
301445,100512,98166 Young Parks Suite 773,Deborahfurt,NC,2020-12-23,,CLOSED
301446,101174,600 Gary Via Apt. 717,West Ryan,SC,2022-10-08,,ACTIVE
301447,101402,70339 Valdez Valley Apt. 757,Cynthiabury,NC,2024-12-05,2026-06-30,CLOSED
301448,101041,8012 Harrison Port,New Emilytown,TN,2018-12-02,2022-12-19,CLOSED
301449,101386,746 Anderson Meadows,Armstrongville,TN,2020-05-26,2020-09-19,CLOSED
301450,101647,3659 Clark Skyway Apt. 238,Cortezborough,NC,2021-11-21,,ACTIVE
301451,101000,666 Hutchinson Drive Apt. 237,Jameston,VA,2021-09-11,,ACTIVE
301452,101327,10885 Thornton Ports,North Alexandermouth,NC,2021-05-21,,ACTIVE
301453,100564,215 Perkins Valleys,Joycebury,FL,2023-07-17,,ACTIVE
301454,100087,8637 David Avenue Apt. 921,Rossland,NC,2021-10-12,,ACTIVE
301455,100697,682 Morgan Loop,Lisaberg,NC,2021-10-25,,ACTIVE
301456,101308,396 Robinson Estate,Lake Racheltown,TN,2020-09-18,,ACTIVE
301457,101357,36460 Alison Plaza,Lake Patriciahaven,SC,2025-11-18,,ACTIVE
301458,101471,87895 Pamela Streets Apt. 795,Hoganburgh,SC,2024-11-19,,CLOSED
301459,101243,208 Dana Neck Apt. 400,East John,NC,2018-07-24,,ACTIVE
301460,101910,93068 Brown Shoal,Mcgeefort,SC,2024-04-05,,ACTIVE
301461,100226,60973 Li Hills Apt. 995,Lake Dannymouth,GA,2020-05-04,,ACTIVE
301462,100837,9215 Ibarra Lights,Collinfurt,FL,2024-02-12,,ACTIVE
301463,100748,9609 Mark Wells,New Robert,NC,2022-03-30,2023-05-02,CLOSED
301464,101412,2347 Johnson Lock Suite 745,Scottside,FL,2025-05-03,,ACTIVE
301465,101186,968 Boyer Field,North Andrew,NC,2021-11-11,2025-03-07,CLOSED
301466,101733,505 Brianna Inlet,Harringtonton,NC,2024-12-18,,ACTIVE
301467,100633,526 Holmes Square,Port James,TN,2023-01-25,2024-03-18,CLOSED
301468,101134,77525 Martin Plains,South Brandontown,SC,2023-11-19,2025-12-20,CLOSED
301469,101250,4539 Palmer Rapids Apt. 955,Port Alisonview,SC,2018-09-30,,ACTIVE
301470,100752,666 Brian Row Apt. 520,East Michaelbury,NC,2024-09-02,,ACTIVE
301471,101251,1444 Tyler Trail Apt. 352,North Latoyaton,NC,2019-07-27,,ACTIVE
301472,101865,3789 Jones Field,South Michael,NC,2018-02-25,,ACTIVE
301473,100696,432 Hebert Fort,Port Gary,SC,2023-03-27,2024-09-23,CLOSED
301474,101727,5672 Garcia Plain,Gatesland,NC,2019-07-11,,ACTIVE
301475,101096,3177 Steven Shoals,West Samantha,NC,2025-11-29,,ACTIVE
301476,100175,6996 Delgado Mews Suite 742,South Kevin,TN,2025-09-28,,ACTIVE
301477,101262,904 Anna Field Apt. 618,South Brandonfurt,NC,2023-08-04,,ACTIVE
301478,101276,98776 Robert Dale,Stricklandland,GA,2023-06-22,,ACTIVE
301479,100817,50951 Evans Turnpike,Jonesshire,NC,2019-08-11,2023-08-25,CLOSED
301480,100714,7830 Collins Fords Apt. 511,West David,NC,2025-05-29,,ACTIVE
301481,101515,41141 Kenneth Junction Suite 525,North Alexander,SC,2021-12-27,,ACTIVE
301482,101962,3574 Julia Greens Suite 602,Johnhaven,NC,2023-12-04,,ACTIVE
301483,100710,2521 Annette Wells,West Alexandria,VA,2022-04-26,,ACTIVE
301484,100053,5299 Woods Vista Suite 575,Reynoldsport,NC,2023-04-16,,ACTIVE
301485,100883,70994 Daniel Plains Apt. 598,East Jessica,GA,2021-04-07,,ACTIVE
301486,100324,76027 Fernandez Lakes,Lake Jennifer,VA,2019-09-27,,ACTIVE
301487,100921,90363 Tammy Loaf Apt. 245,Dominguezport,VA,2024-04-13,,ACTIVE
301488,101692,599 Davis Haven,Lawrencefort,SC,2019-01-02,,ACTIVE
301489,101021,3637 Jennifer Forge,South Tannerborough,SC,2019-11-28,,ACTIVE
301490,100851,5090 Shelly Common Suite 993,Penaport,SC,2021-08-28,,ACTIVE
301491,100994,4930 Derek Ridge Apt. 946,Chaseside,NC,2025-04-06,,ACTIVE
301492,101068,7410 Jackson Landing Apt. 493,Singletonhaven,NC,2024-02-06,,ACTIVE
301493,100944,78008 King Village,New Michelle,VA,2025-04-04,,ACTIVE
301494,101500,521 Ruth Cape Suite 036,Jillmouth,NC,2025-10-17,,ACTIVE
301495,101731,18103 Jason Ramp Suite 448,Steeletown,NC,2019-03-12,,ACTIVE
301496,101194,7850 Goodwin Mills Apt. 798,New Ryantown,SC,2025-08-18,,ACTIVE
301497,101799,04105 Sara Bridge,Lake Ashley,NC,2021-07-29,,ACTIVE
301498,101896,2658 Antonio Shore Apt. 440,Sanchezville,SC,2022-09-20,,ACTIVE
301499,101499,77428 Jensen Burgs Apt. 138,Daviesstad,NC,2023-10-08,,ACTIVE
301500,100330,472 Miller Harbor Apt. 158,Longchester,NC,2019-09-17,,ACTIVE
301501,101846,4433 Susan Unions Apt. 130,Shaffershire,GA,2021-01-24,2021-07-17,CLOSED
301502,100251,6878 Ann Springs Apt. 389,East Hailey,NC,2022-05-03,,ACTIVE
301503,101267,451 Jeffrey Light Suite 558,Timothyborough,NC,2018-06-23,,ACTIVE
301504,101553,164 Kelly Shoal,Harrellborough,NC,2022-11-07,2023-04-28,CLOSED
301505,101554,992 Matthew Union,Matthewchester,NC,2023-01-18,,ACTIVE
301506,100898,9716 Jennifer Branch,Markborough,VA,2025-10-02,,ACTIVE
301507,101689,309 Smith Village,South Kathleen,GA,2018-04-11,,ACTIVE
301508,101354,8255 Abbott Junctions,West Christopher,VA,2023-04-16,,ACTIVE
301509,100691,1739 Martinez Pine,Port Ericashire,TN,2024-07-10,,ACTIVE
301510,101572,26690 Rebecca Island Suite 740,Jonestown,GA,2020-05-21,,ACTIVE
301511,100699,6583 Karen Drives,Lanceport,TN,2023-04-01,,ACTIVE
301512,101203,37710 Jason Freeway,Christopherport,NC,2025-08-07,,ACTIVE
301513,101417,0987 Ortiz Squares Suite 111,Port Jameston,GA,2023-04-12,,ACTIVE
301514,101631,7021 Miller Cliff,Harrismouth,VA,2023-03-28,,ACTIVE
301515,100852,59124 Dean Loop Suite 303,Grantbury,TN,2025-11-02,,ACTIVE
301516,101739,368 Ryan Drive Apt. 247,Lake Pamela,FL,2025-04-15,,ACTIVE
301517,100766,26509 Jefferson Passage Apt. 259,New Andrewtown,SC,2020-01-18,,ACTIVE
301518,100751,4894 Craig Ports,East Crystal,NC,2020-11-18,,ACTIVE
301519,100630,38894 Jackson Track,Duaneberg,NC,2020-10-24,,ACTIVE
301520,100403,24656 Barbara Branch,Port Dawnburgh,SC,2020-02-17,,ACTIVE
301521,100685,55934 Sarah Rest,East Julieberg,NC,2022-04-21,,ACTIVE
301522,101620,16426 Stephenson Manor,North Nicole,GA,2024-11-05,,ACTIVE
301523,101955,8386 Madison Divide,Paulfort,NC,2025-01-05,,ACTIVE
301524,101628,077 Alan Forges,Port Rebecca,VA,2020-03-25,,ACTIVE
301525,101644,702 Morrison Walk Apt. 059,West Jennifer,NC,2022-09-09,,ACTIVE
301526,101469,4953 Cynthia Summit Suite 466,North Dustin,FL,2024-03-16,,ACTIVE
301527,100817,5309 Richard Glen,Bishopview,VA,2018-12-05,,ACTIVE
301528,101470,9128 Logan Mill,North John,SC,2023-03-08,,ACTIVE
301529,101990,983 Carter Ranch Suite 430,Robinland,FL,2024-06-13,,ACTIVE
301530,100285,4300 Albert Ramp Apt. 594,New Chelsea,SC,2020-07-12,,ACTIVE
301531,101524,00621 Cheryl Terrace,Lake Thomaschester,NC,2023-11-02,,ACTIVE
301532,101915,275 Richard Meadows,New Max,VA,2025-11-11,,ACTIVE
301533,101182,601 Christopher Heights Suite 181,Lake Adam,FL,2023-12-20,2024-03-30,CLOSED
301534,100605,9682 Erika Trail,West Katie,NC,2019-02-16,,ACTIVE
301535,100272,92800 Olson Station Apt. 189,Michaelstad,NC,2022-04-12,,ACTIVE
301536,101435,52065 Taylor Crossing,Williamsshire,NC,2024-10-06,,ACTIVE
301537,101694,165 Melissa Mews,Brandonport,NC,2024-09-10,,ACTIVE
301538,101790,187 Brittany Ways,West Kaitlyn,GA,2021-12-14,,ACTIVE
301539,101018,428 Jones Port Apt. 161,Gallagherborough,NC,2019-09-15,,ACTIVE
301540,100608,208 Kevin Field,Blackwellmouth,SC,2023-04-27,,ACTIVE
301541,101196,3307 Mary Isle Apt. 779,Port Timothyhaven,VA,2024-05-15,,ACTIVE
301542,101093,06171 Stefanie Lock Suite 675,Lake Amychester,VA,2022-11-20,,ACTIVE
301543,101063,5467 Willis Loop Suite 285,West Elijah,NC,2018-08-30,2019-08-08,CLOSED
301544,101235,7518 Benjamin Islands Apt. 455,New Saratown,GA,2025-09-08,,ACTIVE
301545,101045,482 Adams Run,Katherineshire,SC,2022-03-07,2022-10-28,CLOSED
301546,101072,8737 Jessica Pine Suite 171,North Renee,SC,2023-03-25,,ACTIVE
301547,101591,12109 Vanessa Shoals Suite 157,Lake Timothymouth,NC,2019-05-17,,ACTIVE
301548,100018,54773 Manning Knoll,Josephside,TN,2020-09-07,,ACTIVE
301549,101735,6243 Sarah Isle Apt. 999,East Hollyborough,NC,2023-01-20,,ACTIVE
301550,101720,2976 Krista Lake Suite 616,Calebville,NC,2021-04-25,,ACTIVE
301551,101744,03780 Travis Light Apt. 701,Melanieview,NC,2018-01-28,,ACTIVE
301552,101240,08258 David Cove Suite 517,Brownshire,VA,2022-12-02,,ACTIVE
301553,101213,93534 Gabrielle Harbor Apt. 283,Port Sheena,FL,2025-05-02,,ACTIVE
301554,100967,2076 Tucker Green,West Anthonyborough,GA,2024-02-03,,ACTIVE
301555,101959,2107 Elizabeth Pass Suite 175,Williamsshire,GA,2024-07-07,,ACTIVE
301556,101217,96584 Bailey Mews,Jamesstad,SC,2020-04-02,,ACTIVE
301557,100834,865 Kenneth Orchard,Victoriachester,NC,2018-02-06,,ACTIVE
301558,101443,047 Wendy Lake,New Katherine,NC,2019-03-27,,ACTIVE
301559,100941,355 Melissa Flats Suite 397,New Corey,NC,2020-03-18,,ACTIVE
301560,100613,56721 Bryant Meadows Apt. 022,East Timothy,VA,2022-10-08,,ACTIVE
301561,100797,25012 Williams Estate Apt. 411,Lake Courtneyshire,SC,2023-08-31,,ACTIVE
301562,101750,89113 Erin Falls Apt. 642,Andreaview,NC,2023-09-28,,ACTIVE
301563,100936,52730 Sandoval Bypass,Michaelmouth,NC,2018-08-06,2022-05-03,CLOSED
301564,101666,06216 Justin Trail,Danielleborough,NC,2019-04-02,,ACTIVE
301565,101192,9717 Knight Coves Apt. 797,West Thomas,NC,2020-09-14,,ACTIVE
301566,100545,7625 Jimenez Springs Apt. 616,Taylorport,NC,2022-02-14,,ACTIVE
301567,101940,8939 Katherine Knoll Suite 235,Evansbury,TN,2019-04-11,,ACTIVE
301568,100612,89024 Dana Roads Suite 611,Jamesshire,NC,2018-11-23,,ACTIVE
301569,101909,2199 Cohen Burg Suite 462,Ralphland,VA,2019-08-17,,ACTIVE
301570,101085,54781 Alexander Roads Apt. 990,East Elizabethbury,FL,2026-01-19,,ACTIVE
301571,100378,34475 Shaw Pass Suite 696,East Timothyside,NC,2019-09-07,,ACTIVE
301572,100261,6261 Willis Row,Littlechester,NC,2020-10-16,2021-07-18,CLOSED
301573,101121,07234 Harvey Ford Apt. 308,South Taylorborough,SC,2023-08-24,,ACTIVE
301574,100591,020 Graham Corners Suite 101,South Michaela,VA,2019-03-22,,ACTIVE
301575,101299,02734 Velazquez Mountains Apt. 384,Obrienview,VA,2018-09-18,,ACTIVE
301576,101587,29383 Tyler Spurs Suite 316,Martinezville,SC,2020-03-04,,ACTIVE
301577,100924,549 Golden Ports,Wrightfort,NC,2019-11-25,,ACTIVE
301578,101590,8976 Johnny Locks Apt. 754,Port Laurastad,SC,2024-02-24,,ACTIVE
301579,101287,44841 Gabriel Mission Suite 919,Campbelltown,SC,2023-06-02,,ACTIVE
301580,101580,476 Courtney Court Apt. 340,North Duaneport,NC,2018-09-26,,ACTIVE
301581,101812,6765 Bowman Overpass,Bradleymouth,NC,2019-09-04,2020-02-15,CLOSED
301582,100261,791 Daniel Fields Suite 522,Petersside,FL,2022-12-20,,ACTIVE
301583,101660,199 Jordan Brook,North Bryanborough,NC,2019-02-09,2019-08-05,CLOSED
301584,101777,02352 Lisa Meadow Apt. 472,Alvaradomouth,SC,2025-11-15,,ACTIVE
301585,101404,630 Sutton Fork Suite 114,Ashleyton,NC,2020-04-06,,ACTIVE
301586,100408,169 Harris Knolls,Mossborough,NC,2020-02-03,,ACTIVE
301587,100357,0595 Dean Burg Apt. 819,New Michael,VA,2020-02-20,,ACTIVE
301588,101037,5037 Andrew Locks,Bassburgh,SC,2020-10-17,,ACTIVE
301589,100226,9379 Renee Drive Apt. 959,West Robert,NC,2018-05-22,,ACTIVE
301590,101871,8455 Vasquez Fall Suite 298,Lake James,TN,2025-01-27,,ACTIVE
301591,101818,2434 Hayden Summit Suite 598,East Christina,NC,2023-03-27,,ACTIVE
301592,101282,896 Adam Throughway Apt. 992,Lisafort,SC,2019-05-23,,ACTIVE
301593,100105,21342 Joshua Grove,Lake Lindsey,NC,2022-07-22,,ACTIVE
301594,101464,3794 William Dam,Port Rogerport,NC,2024-09-28,2026-06-30,CLOSED
301595,101482,9627 Malone Landing,North Manuel,VA,2018-12-25,,ACTIVE
301596,101370,756 Debra Motorway,East Anna,TN,2023-12-31,2026-06-30,CLOSED
301597,100500,0207 David Overpass,West Ashley,NC,2018-07-14,,ACTIVE
301598,100717,9663 Corey Springs,New Joy,NC,2024-07-10,,ACTIVE
301599,100831,484 James Brook Suite 012,Port John,SC,2023-01-03,,ACTIVE
301600,100747,5412 Jackson Glens Suite 692,Royfort,SC,2020-03-07,,ACTIVE
301601,101251,898 Stacy Turnpike Apt. 788,Nicholasville,TN,2022-06-15,,ACTIVE
301602,100564,89872 Troy Highway Apt. 076,Annetteland,NC,2023-01-07,,ACTIVE
301603,100476,930 Lisa Meadow Apt. 883,North Robertborough,SC,2021-04-24,,ACTIVE
301604,101384,34502 Patrick Rest,North Denise,NC,2025-04-27,,ACTIVE
301605,100684,45912 Catherine Points Suite 644,Romeroport,NC,2020-03-02,,ACTIVE
301606,100941,475 Kenneth Inlet Apt. 697,Michaelmouth,NC,2025-06-29,,ACTIVE
301607,101569,22482 Mary Square,Cunninghamville,NC,2018-07-07,,ACTIVE
301608,101831,733 Ramirez Lights Suite 772,Justinton,NC,2024-02-09,2024-08-17,CLOSED
301609,100110,02342 Robert Parks Apt. 242,Goodmanmouth,NC,2021-08-29,,ACTIVE
301610,100791,7887 Harper Lane,Fowlerchester,NC,2022-07-18,,ACTIVE
301611,100060,9036 Laura Hollow Suite 153,Gregorytown,VA,2019-10-23,,ACTIVE
301612,101871,64685 Scott Park,Reedbury,NC,2024-01-17,,ACTIVE
301613,101739,0833 Jennifer Club Apt. 740,East Matthewmouth,NC,2019-11-21,,ACTIVE
301614,100754,92311 Veronica Islands Suite 587,North Christopher,NC,2022-09-10,,ACTIVE
301615,101925,7959 Brown Unions,New Patrickbury,NC,2022-06-09,,ACTIVE
301616,100769,665 Travis Brook,North Brianville,FL,2026-01-11,,ACTIVE
301617,100156,694 James Crescent Apt. 580,Port Cynthia,SC,2025-04-14,,ACTIVE
301618,100458,768 James Square,North Alicia,NC,2025-11-23,,ACTIVE
301619,101741,2410 Johnson Summit Apt. 515,Moniqueburgh,NC,2025-07-09,,ACTIVE
301620,101185,9145 Stanton Extension Suite 725,South Diana,NC,2025-11-23,,ACTIVE
301621,101831,38173 Jamie Greens Suite 117,North Nicoleborough,NC,2019-05-18,,ACTIVE
301622,101065,0669 Hubbard Haven,East Anthonychester,GA,2018-10-26,,ACTIVE
301623,101614,89728 Holly Drive,Bryanhaven,NC,2020-01-01,,ACTIVE
301624,101869,180 Erica Springs,North Erictown,TN,2024-03-28,,ACTIVE
301625,101697,44391 Taylor Lane,Jonesbury,SC,2018-03-14,,ACTIVE
301626,100875,7976 Williams Harbors Apt. 458,New Timothyfort,TN,2021-08-11,,ACTIVE
301627,101515,69574 Thompson Brooks Suite 024,West Rickyberg,NC,2018-02-12,,ACTIVE
301628,100264,99189 Perkins Rest Apt. 161,Luischester,NC,2025-10-08,,ACTIVE
301629,101479,54075 Oliver Path Suite 732,Peterton,NC,2018-01-14,,ACTIVE
301630,101473,2807 Tony Field,North Jenniferbury,NC,2020-04-09,,ACTIVE
301631,101173,5813 Calvin Mission,East Bobfort,VA,2019-07-03,,ACTIVE
301632,100173,762 Hall Mill Suite 962,Austinport,NC,2022-10-24,,ACTIVE
301633,101828,17052 Leah Wall Suite 955,East Mirandashire,NC,2018-01-09,,ACTIVE
301634,101630,44940 Stewart Land,Lake Cynthiafurt,FL,2019-03-30,,ACTIVE
301635,101214,781 Brady Dale,North Kimberly,NC,2022-01-26,,ACTIVE
301636,101552,8744 Ryan Branch Apt. 856,Santanafort,NC,2025-04-21,,ACTIVE
301637,100901,400 Nelson Pines,Kingside,NC,2020-02-06,2021-02-22,CLOSED
301638,101939,435 Harvey Union Apt. 449,Lake Michaelville,NC,2021-03-13,,ACTIVE
301639,100799,630 Brown Ville Suite 323,Jodiland,SC,2024-02-29,,ACTIVE
301640,100548,005 Rodgers Oval,North George,FL,2022-05-22,,ACTIVE
301641,101602,233 Garcia Underpass Suite 584,Hermanstad,SC,2022-11-11,,ACTIVE
301642,101792,471 Tracy Trafficway,New Julie,VA,2020-09-26,,ACTIVE
301643,101952,254 Jessica Ford,New Heatherfurt,VA,2024-11-22,,ACTIVE
301644,100189,479 Richard Square,Lake Jennifertown,NC,2023-09-06,,ACTIVE
301645,100192,44042 White Knolls Suite 425,North Ashleymouth,NC,2022-10-19,,ACTIVE
301646,100812,5553 David Island Apt. 048,East Faithside,TN,2022-01-01,2025-04-05,CLOSED
301647,101325,144 Fisher Common Apt. 572,West Brittany,NC,2020-02-13,,ACTIVE
301648,101428,81806 Nicole Hill,South Nicolebury,NC,2024-08-03,,ACTIVE
301649,100899,97483 Atkins Hills Apt. 920,West Anthony,GA,2021-08-25,,ACTIVE
301650,100883,88016 Tyler Haven Apt. 285,Kimport,SC,2024-04-17,,ACTIVE
301651,100524,7471 Jackson Plain,Port Bradview,SC,2020-09-01,2021-07-08,CLOSED
301652,100072,251 Graham Walk,Raymondview,NC,2025-11-11,,ACTIVE
301653,100769,264 Troy Mountain Suite 596,Sotoport,NC,2019-12-31,,ACTIVE
301654,100347,14443 Dixon Mill Apt. 372,Port Jesseview,FL,2025-12-31,,ACTIVE
301655,101933,891 Kari Rue,West Tammyland,NC,2021-11-28,,ACTIVE
301656,101464,22943 Wilson Point Apt. 211,Scottside,TN,2025-11-06,,ACTIVE
301657,100429,714 Monica Divide,Shermanhaven,NC,2023-09-14,2025-04-18,CLOSED
301658,100489,277 King Cliffs Apt. 408,North William,NC,2024-10-05,,ACTIVE
301659,100067,419 Daniel Lane,Paulland,VA,2023-04-25,,CLOSED
301660,101104,1711 Perry Stream,New Scott,NC,2022-12-07,,ACTIVE
301661,100811,7311 Dustin Drives Apt. 771,Smithtown,NC,2020-05-25,,ACTIVE
301662,101771,176 Gabriel Union,Whitefurt,SC,2022-04-07,,ACTIVE
301663,101541,98707 Calvin Causeway Suite 197,South Robertburgh,NC,2023-02-28,,ACTIVE
301664,101038,18926 Tracy Turnpike,New Jill,VA,2023-12-21,,ACTIVE
301665,100765,916 Jensen Flat Suite 307,Mcguireshire,VA,2023-09-23,,ACTIVE
301666,100880,03888 Jones Throughway,New Timothyland,SC,2021-08-14,,ACTIVE
301667,100114,999 Cooper Lodge,West Johnnymouth,SC,2018-08-10,2020-12-18,CLOSED
301668,101238,4226 Karen Squares,Baileyburgh,VA,2022-12-21,2025-08-08,CLOSED
301669,101365,90266 Miller Locks,Castromouth,GA,2025-06-24,,ACTIVE
301670,101870,969 Flores Spring Suite 043,Gardnerchester,FL,2021-07-07,,ACTIVE
301671,101074,120 Beth Alley Apt. 264,Port Karenborough,NC,2024-11-17,,ACTIVE
301672,101399,5236 Nguyen Lane,East Valerie,NC,2019-10-06,,ACTIVE
301673,100117,777 Savage Fords Apt. 538,East Richardshire,GA,2018-09-04,,ACTIVE
301674,100685,378 Michael Burgs,Shepherdfurt,GA,2020-11-25,,ACTIVE
301675,100372,2245 Jennifer Cove,Lutzville,NC,2025-03-12,,ACTIVE
301676,101758,3626 Christopher Island Apt. 065,East Julianchester,TN,2022-03-27,,ACTIVE
301677,100333,527 James Mountains,Pamelafurt,NC,2021-08-04,,ACTIVE
301678,100523,694 Rodriguez Mill Suite 012,Lauraburgh,NC,2022-01-07,2024-04-13,CLOSED
301679,100593,554 Sanders Stream,Lake Joshua,VA,2025-12-25,,ACTIVE
301680,100509,89023 Nguyen Course Suite 466,Jaclynside,VA,2019-12-24,2023-04-03,CLOSED
301681,100927,3559 Rodriguez Ville Apt. 589,Johnsonfort,NC,2022-04-18,2024-12-03,CLOSED
301682,101435,587 Gilbert Hollow Suite 896,Kevinberg,NC,2019-11-24,2020-05-15,CLOSED
301683,100740,7382 Jennifer Mission,Charlesville,NC,2018-08-20,,ACTIVE
301684,101443,773 Oneal Summit,Chadmouth,NC,2022-04-25,,ACTIVE
301685,101395,39870 Mendez Plain,Cynthiaside,SC,2018-04-02,,ACTIVE
301686,100900,1497 Vincent Light Suite 010,Garciahaven,SC,2025-12-08,,ACTIVE
301687,101119,6021 Chavez Lodge Apt. 792,East Nicholas,SC,2024-07-19,,ACTIVE
301688,101736,65269 Jacqueline River,Lake Kimberlychester,NC,2020-05-17,,ACTIVE
301689,101774,621 Edward Passage,Rayview,SC,2022-07-31,,ACTIVE
301690,101793,450 Cory Divide,Ashleyton,SC,2018-12-21,,ACTIVE
301691,101710,04419 Catherine Cliff,Jillton,NC,2024-02-21,,ACTIVE
301692,101969,7954 Davis Drive Suite 503,Douglasfurt,NC,2023-07-12,,ACTIVE
301693,101124,2427 Riley Cliffs Suite 870,East Mariaville,NC,2020-07-20,2021-10-05,CLOSED
301694,100468,1935 Velazquez Port Suite 088,South Marcus,GA,2018-12-30,2021-02-23,CLOSED
301695,101866,6469 Carter Isle Suite 384,South Connor,NC,2024-09-13,,ACTIVE
301696,100787,5914 Reese Summit Apt. 293,North Benjaminview,SC,2018-05-05,,ACTIVE
301697,101690,953 Jason Throughway Apt. 423,Port Brent,SC,2018-05-15,,ACTIVE
301698,100342,128 Jason Manor,West Brandon,NC,2021-11-22,,ACTIVE
301699,101732,943 Howell Valley,Watsonview,NC,2023-04-09,,ACTIVE
301700,100698,065 Norris Parkway,Port Ricky,NC,2022-08-18,,ACTIVE
301701,101943,8189 Kevin Passage,North Dennis,SC,2021-05-21,,ACTIVE
301702,101418,8051 Jennifer Light,Carterton,GA,2019-03-18,,ACTIVE
301703,101920,850 Kelli Light,West Heatherton,NC,2019-03-31,,ACTIVE
301704,101284,703 Sara Shores Suite 666,Jeffreychester,NC,2022-05-25,,ACTIVE
301705,101069,317 Flores Rue,New Thomasville,SC,2024-04-01,,ACTIVE
301706,101632,03415 Crystal Spur,New Christopherport,TN,2022-12-29,,ACTIVE
301707,101490,2200 Yvonne Station,Jasonbury,VA,2019-04-01,,ACTIVE
301708,100449,9821 Conway Unions,Lake Reginaldhaven,NC,2023-10-19,,ACTIVE
301709,100445,349 Jack Lane,West Ryanmouth,NC,2023-06-11,,ACTIVE
301710,100135,3720 Farley Green Apt. 717,East Franktown,FL,2023-08-02,,ACTIVE
301711,101293,9617 Harper Lodge,Robertville,NC,2023-09-10,,ACTIVE
301712,101621,314 Beard Plains Suite 562,Larryville,VA,2025-08-29,,ACTIVE
301713,101373,3974 Molly Roads Suite 804,South Craig,TN,2024-02-28,2026-01-07,CLOSED
301714,100855,2133 Daniels Spur,Lake Elizabethside,GA,2024-03-19,,ACTIVE
301715,101681,1748 Bryan Extensions Apt. 511,North Denisemouth,VA,2019-09-12,2021-07-03,CLOSED
301716,101159,16028 Joseph Parks Apt. 802,Marcmouth,SC,2021-03-15,,ACTIVE
301717,100294,8804 Perry Curve Suite 697,Lake Kaylamouth,GA,2021-12-28,,ACTIVE
301718,100320,15738 Stevens Meadows Apt. 684,West Melanie,VA,2022-05-31,,ACTIVE
301719,101213,271 Sandra Square Suite 618,South Annette,SC,2025-09-07,,ACTIVE
301720,101326,156 Cole Gateway,Aaronport,NC,2020-12-18,2022-10-06,CLOSED
301721,100233,121 Moore Forest,Julieburgh,SC,2020-12-22,,ACTIVE
301722,100024,8881 Short Stream,Munozbury,NC,2025-06-16,,ACTIVE
301723,100275,48452 Martinez Turnpike Suite 914,North Michelle,GA,2022-07-24,2023-01-07,CLOSED
301724,101146,746 Noah Trail,Mitchellburgh,NC,2021-05-06,,ACTIVE
301725,101591,61092 Tony Trail Apt. 891,Coxport,SC,2021-09-17,,ACTIVE
301726,101740,36839 Lisa Drives Apt. 718,East Jasonland,NC,2019-06-19,,ACTIVE
301727,100628,0916 Cody Lake Suite 429,Martinezton,NC,2022-07-15,,ACTIVE
301728,100865,12327 Susan Trail Apt. 587,West Joseph,NC,2018-10-04,,ACTIVE
301729,101648,479 Mackenzie Ridge Apt. 634,South Melaniebury,GA,2023-11-05,,ACTIVE
301730,100296,112 Hayes Port,Wuborough,NC,2019-05-27,,ACTIVE
301731,100126,1428 Christopher Light Suite 591,New Devon,FL,2018-11-23,,ACTIVE
301732,101005,439 Alyssa Spring,Lake Kristinport,NC,2022-08-26,,ACTIVE
301733,100687,50433 Clark Estates Suite 796,Samanthaborough,VA,2018-06-23,,ACTIVE
301734,100590,24306 Jimmy Skyway Apt. 730,Fergusonport,FL,2018-04-27,,ACTIVE
301735,101375,6749 Brandon Wells,Williamsborough,VA,2023-05-30,,ACTIVE
301736,100402,1432 Howell Dam Suite 217,New Raymond,SC,2023-09-03,,ACTIVE
301737,100966,3608 Nelson Crossroad Apt. 371,West Claudia,NC,2019-02-23,,ACTIVE
301738,101543,9925 Timothy Path Suite 123,Lake Alexandriahaven,VA,2018-04-18,,ACTIVE
301739,101667,83211 Palmer Summit,Lopezshire,SC,2024-02-09,,ACTIVE
301740,100509,040 Miguel Cove,East Zacharyshire,NC,2020-01-07,,ACTIVE
301741,101278,268 Susan Knoll,Christopherland,NC,2024-03-02,2025-06-12,CLOSED
301742,100675,394 Tyler Parks Apt. 707,Lake Jennifertown,TN,2021-07-08,,ACTIVE
301743,100267,307 Crystal Rapid Apt. 109,Simmonsville,NC,2023-09-14,,ACTIVE
301744,100294,759 Laura Isle Apt. 272,Conniestad,NC,2018-11-08,2019-12-26,CLOSED
301745,101298,0798 Mcdaniel Lakes,Thomasland,NC,2019-12-01,,ACTIVE
301746,100561,16949 Mcintyre Tunnel Suite 131,Hernandeztown,NC,2019-07-07,,ACTIVE
301747,101923,56475 Duncan Shoals Suite 242,North Rebecca,NC,2018-03-20,,ACTIVE
301748,101081,8759 Emily Parkways,New Michael,NC,2024-03-11,,ACTIVE
301749,101881,81139 Brian Flat Suite 919,Jessicashire,NC,2023-02-24,2024-12-31,CLOSED
301750,100204,77279 Cheyenne Ridges Suite 144,Jamesstad,TN,2020-02-04,,ACTIVE
301751,100362,478 Tricia Street,Romerostad,NC,2025-08-22,,ACTIVE
301752,100327,613 Charles Ford,Barnesville,NC,2024-04-25,,ACTIVE
301753,101319,21716 Robinson Plaza Apt. 554,Beverlybury,TN,2019-06-29,,ACTIVE
301754,101813,1862 Pugh Tunnel,Websterburgh,SC,2023-06-03,,ACTIVE
301755,101158,63736 Shannon Shores,Allisonfurt,NC,2022-01-07,,ACTIVE
301756,101276,058 Luis Station,Atkinsonberg,NC,2021-08-21,,ACTIVE
301757,100471,30631 Amanda Wells Suite 274,East Alanmouth,NC,2025-07-01,,ACTIVE
301758,101101,0362 Mcdonald Pines Suite 319,Port Markbury,SC,2023-01-02,2024-12-11,CLOSED
301759,100784,460 Hurst Harbor Suite 845,West Rebeccaport,NC,2021-01-23,,ACTIVE
301760,100940,4475 Tracy Extension,New Charlesstad,NC,2025-09-28,,ACTIVE
301761,101525,1060 Brandt Common Apt. 921,Lake Mark,NC,2024-07-29,,ACTIVE
301762,101875,881 Lane Loaf Suite 963,Port Daniel,SC,2021-04-06,2024-01-24,CLOSED
301763,101270,393 Joel Spur,Charlesmouth,NC,2020-04-02,,ACTIVE
301764,101307,49075 Robert Parkways,Larsonport,NC,2018-03-28,,ACTIVE
301765,101023,34195 Peterson Extensions,Ericfort,NC,2024-12-06,,ACTIVE
301766,100704,478 Moore Bypass Apt. 393,Hudsonbury,NC,2018-10-18,,ACTIVE
301767,101740,752 Brian Villages,Ginaside,NC,2022-10-03,,ACTIVE
301768,101040,3658 Kaylee Trail,Pattytown,GA,2022-05-05,,ACTIVE
301769,100188,577 Erin Forges Suite 787,Anthonyside,SC,2023-05-13,,ACTIVE
301770,101761,75124 Bryan Route,Port Andrewside,SC,2018-11-22,,ACTIVE
301771,100063,51236 Singh Unions,Leonside,TN,2018-07-24,,ACTIVE
301772,100463,0778 Juan Meadows,Deniseberg,NC,2021-02-20,,ACTIVE
301773,100629,443 Virginia Ports Apt. 749,Scottberg,NC,2024-11-17,,ACTIVE
301774,100610,6659 Anderson Drive Suite 051,Garciastad,VA,2020-04-10,2020-06-19,CLOSED
301775,101435,348 Melissa Mall Suite 202,New Sarah,NC,2024-09-10,2026-06-30,CLOSED
301776,101928,7516 Michelle Ports Apt. 339,Port Elizabethland,SC,2018-09-16,2019-05-28,CLOSED
301777,100623,17048 Kelly Harbors Suite 737,Frankstad,NC,2023-05-21,,ACTIVE
301778,100870,8973 Ashley Grove Apt. 846,South Meganborough,SC,2018-05-07,,ACTIVE
301779,100830,051 Hernandez Wells,East Vincentberg,FL,2020-05-06,,ACTIVE
301780,101293,618 Larson Ports,North Nancy,TN,2018-07-27,,ACTIVE
301781,101916,825 Michelle Spur,North Juan,SC,2018-08-09,,ACTIVE
301782,101866,079 Carr Club,Robertville,VA,2019-09-04,,ACTIVE
301783,101381,8004 Myers Falls Suite 050,Nicholaston,SC,2020-09-28,2024-02-19,CLOSED
301784,100114,5353 Joseph Glen,West Tim,NC,2019-07-28,,ACTIVE
301785,100542,8573 Fisher Place,Port William,NC,2024-02-09,2024-08-25,CLOSED
301786,101686,34756 Christian Skyway Apt. 980,West Williammouth,NC,2021-07-17,,ACTIVE
301787,100161,3313 Short Estate,Briannaberg,SC,2019-09-13,,ACTIVE
301788,100112,1565 Bryan Burgs Suite 664,Lake Ronnie,VA,2019-09-25,,ACTIVE
301789,101924,775 Carter Shoal Suite 483,North Charlesburgh,NC,2019-11-30,,ACTIVE
301790,101987,2288 Crystal Square Apt. 280,West Noah,SC,2024-04-06,,ACTIVE
301791,100051,02791 Taylor Key Apt. 628,Jennifermouth,VA,2018-06-22,,ACTIVE
301792,100033,4347 Jones Estate,North Oscar,VA,2019-12-12,,ACTIVE
301793,100839,892 Daniel Highway,West Sheila,NC,2023-12-27,,ACTIVE
301794,101111,77022 Robert Ports Apt. 726,Walshburgh,NC,2020-02-20,,ACTIVE
301795,101454,17926 Arnold Trail,Davidhaven,NC,2024-03-04,,ACTIVE
301796,100419,865 Benjamin Brooks Apt. 398,East Roberta,SC,2018-11-17,,ACTIVE
301797,100243,2484 Jason Dale,Smithfort,NC,2018-01-12,,ACTIVE
301798,101614,48101 Kevin Divide,New Lisa,GA,2023-01-24,,ACTIVE
301799,101080,6812 Walter Key,Robertborough,VA,2019-08-06,,ACTIVE
301800,100293,35451 Michael Highway,New Dawn,TN,2025-04-07,,ACTIVE
301801,101940,62030 Brian Ways,Andersonland,TN,2019-04-27,2020-09-25,CLOSED
301802,101087,7471 Tasha Skyway,Crystalshire,NC,2024-08-03,,ACTIVE
301803,101706,9967 Goodman Grove,Fisherchester,SC,2022-08-19,,ACTIVE
301804,101390,32143 Mitchell Course Apt. 373,Michaelmouth,NC,2019-07-06,,ACTIVE
301805,100431,432 Thomas Green,Jacobsville,SC,2025-01-15,,ACTIVE
301806,101217,5086 Rebecca Burg Apt. 518,Cardenaschester,GA,2021-10-22,,ACTIVE
301807,100780,8066 Hull Lakes Suite 798,New Anthony,VA,2024-01-18,,ACTIVE
301808,101220,6233 Robin Crossing Suite 130,Lake Melinda,TN,2022-12-28,2024-11-23,CLOSED
301809,100722,28269 Brown Parks Apt. 138,North Amyborough,GA,2022-07-30,,ACTIVE
301810,100360,20044 Bean Flat Suite 158,East Annstad,NC,2019-04-10,,ACTIVE
301811,101766,8773 Linda Park Suite 600,Janetport,NC,2025-12-04,,ACTIVE
301812,101290,5101 Matthew Burgs Apt. 684,Port Teresa,SC,2020-01-11,2021-09-28,CLOSED
301813,101066,27071 Thompson Shoal,East Josephmouth,SC,2020-09-01,,ACTIVE
301814,101875,4850 Goodman Extensions Suite 479,Poncestad,NC,2024-10-19,,ACTIVE
301815,101183,933 Richard Meadows Apt. 133,Williammouth,GA,2025-04-26,2026-06-30,CLOSED
301816,101097,7319 Wayne Shore Apt. 468,North Timothymouth,NC,2024-09-04,,ACTIVE
301817,100500,1530 Bush Branch,Amyborough,NC,2020-05-24,,ACTIVE
301818,100293,401 James Village,Darrellville,GA,2021-11-24,2024-08-27,CLOSED
301819,101481,13631 Aguilar Turnpike Suite 294,Lisaview,NC,2020-08-05,,ACTIVE
301820,101931,5089 Diaz Locks Apt. 990,Williammouth,NC,2022-10-29,,ACTIVE
301821,101258,279 Lisa Flats Apt. 467,Lake Martha,FL,2019-11-20,,ACTIVE
301822,101840,401 Samantha Pine,New Chrishaven,VA,2023-12-21,,ACTIVE
301823,100375,94172 Johnson Ramp Apt. 956,Martinchester,SC,2023-11-30,,ACTIVE
301824,101007,5546 Jose Curve,Andreastad,NC,2024-01-22,2024-08-15,CLOSED
301825,100203,735 Martin Trace Apt. 502,Castilloport,SC,2024-08-28,,ACTIVE
301826,101996,0580 Kimberly Spring,Vegamouth,FL,2025-08-21,,ACTIVE
301827,101481,19827 Myers Walks Suite 207,Christophertown,NC,2025-07-25,,ACTIVE
301828,100024,76101 Carla Alley,Pamelamouth,VA,2025-09-20,,ACTIVE
301829,100491,51061 Cindy Greens,Martintown,VA,2019-04-29,,ACTIVE
301830,100881,5726 Newman Plains,Mathewton,SC,2026-01-12,,ACTIVE
301831,100117,9969 Alicia Drive Suite 776,South James,NC,2025-05-06,,ACTIVE
301832,100632,85985 Miranda Forges,Patrickburgh,SC,2023-03-09,,ACTIVE
301833,101010,93339 William Port Apt. 255,Port Sara,NC,2021-12-18,2024-06-16,CLOSED
301834,100158,01421 Shelly Highway Suite 399,Ramirezbury,NC,2022-04-18,2024-08-18,CLOSED
301835,101228,1691 Davis Village Suite 035,South Richard,SC,2024-02-08,,ACTIVE
301836,100247,216 Kelly Coves,West Robert,SC,2019-08-18,,ACTIVE
301837,100011,8766 Clay Knolls Apt. 759,North Taylor,VA,2021-07-15,,ACTIVE
301838,101179,0019 Brenda Islands,Jacksonfort,TN,2019-05-03,,ACTIVE
301839,101255,7253 Daniel Square Suite 117,West Natalie,NC,2025-12-14,2026-06-30,CLOSED
301840,100794,91665 Jennifer Unions,New Maria,NC,2024-08-05,,ACTIVE
301841,100506,9895 Gonzalez Hollow,Shepherdland,NC,2019-03-05,,ACTIVE
301842,101400,520 Miguel Avenue,Nelsonstad,TN,2025-08-17,,ACTIVE
301843,100972,311 Khan Extension,Monroeberg,NC,2023-02-01,2026-01-17,CLOSED
301844,100361,91801 Johnson Track Suite 607,Ramseymouth,VA,2021-05-18,,ACTIVE
301845,100642,5452 Anderson Port,Lake Brenda,VA,2019-10-20,,ACTIVE
301846,100382,229 Moreno Shores,Rodriguezburgh,NC,2023-05-15,,ACTIVE
301847,100553,5310 Norton Centers Apt. 971,North Denisemouth,NC,2023-12-21,,ACTIVE
301848,101568,356 Justin Rest,South Ronald,NC,2021-03-05,,ACTIVE
301849,100442,691 Kevin Cove Apt. 699,Christopherland,NC,2025-12-11,,ACTIVE
301850,100398,0536 Sean Court,New Luis,NC,2018-06-07,,ACTIVE
301851,100262,960 Jones Drive Apt. 125,Carrollport,SC,2022-01-09,,ACTIVE
301852,101216,73800 Sara Port,New Anthonyland,NC,2022-05-12,,ACTIVE
301853,101671,1171 Torres Roads,Gregorybury,NC,2025-02-15,,ACTIVE
301854,101707,2417 Shannon Fields Apt. 028,North Autumn,NC,2020-01-29,,ACTIVE
301855,101712,024 Andrew Mountain,Jenkinsborough,SC,2020-03-17,,ACTIVE
301856,101169,27010 Nancy Turnpike,Dixonmouth,VA,2025-12-10,,ACTIVE
301857,100273,890 Sanchez Lane,New Jennifer,NC,2023-12-12,,ACTIVE
301858,100938,096 Alex Forks Suite 312,Gibsonburgh,VA,2022-09-16,,ACTIVE
301859,100640,59088 Rachel Hills,South Mary,NC,2023-02-25,,ACTIVE
301860,101525,34586 Clark Plaza Suite 787,Steveland,NC,2018-03-11,,ACTIVE
301861,101557,6617 Hernandez Curve Apt. 230,Kyleborough,NC,2021-08-28,,ACTIVE
301862,100759,2411 Fisher Park Suite 086,New Matthew,NC,2020-11-27,,ACTIVE
301863,100441,4818 Jason Crossing,Weststad,NC,2023-02-07,,ACTIVE
301864,100307,22750 Thomas Gateway,East Emilytown,SC,2019-02-15,,ACTIVE
301865,100389,78714 Vanessa Crossroad,Kennedybury,FL,2018-11-24,,ACTIVE
301866,101668,15075 Allen Mall Apt. 122,Brandonview,NC,2021-05-03,2022-07-10,CLOSED
301867,101989,81376 Edwin Track,East Jason,NC,2021-12-09,,ACTIVE
301868,100910,4173 Aaron Circle Apt. 422,East Kristiland,SC,2022-11-10,2024-07-12,CLOSED
301869,100215,083 Smith Parkways,South Ronald,NC,2024-01-14,,ACTIVE
301870,101447,043 Smith Valleys Apt. 259,Kington,NC,2019-04-27,,ACTIVE
301871,100776,52108 Brian Well Apt. 347,Davisview,NC,2023-08-19,,ACTIVE
301872,100694,2750 Sutton Prairie Apt. 675,Stewartborough,SC,2019-01-05,,ACTIVE
301873,101392,081 James Branch,Buckleyside,NC,2024-02-05,2026-06-30,CLOSED
301874,101072,560 Sabrina Trail Suite 617,East Rachelfurt,FL,2020-06-07,2023-12-12,CLOSED
301875,100395,657 Mack Turnpike Apt. 782,New Patriciaborough,VA,2018-05-29,,ACTIVE
301876,100890,167 Jeffrey Mission Apt. 283,Wrightbury,SC,2024-08-07,,ACTIVE
301877,101586,5341 Daniels Mills,Stevenborough,SC,2021-01-17,,ACTIVE
301878,100011,479 Clark Drive Suite 275,West Jade,SC,2020-11-27,,ACTIVE
301879,101129,53087 James Lodge Apt. 389,New Adam,NC,2019-02-05,2020-01-01,CLOSED
301880,100465,747 Horton Plains Apt. 811,Lake Margaret,NC,2021-01-04,,ACTIVE
301881,101067,23868 Gary Groves Suite 177,South Derekshire,NC,2020-06-20,2020-11-29,CLOSED
301882,100818,40124 Lee Falls,East Rebecca,NC,2018-06-17,,ACTIVE
301883,100541,18176 Alan Fields Suite 321,Hillport,VA,2020-06-20,,ACTIVE
301884,101954,1495 Mark Crescent,Stricklandberg,SC,2018-03-21,2020-06-07,CLOSED
301885,100009,42818 Olsen Groves,New Brenda,FL,2023-04-23,,ACTIVE
301886,100335,9111 Torres Mission,Espinozaborough,NC,2025-02-18,,ACTIVE
301887,100565,6283 Anderson Lane,Staceyhaven,VA,2018-09-24,,ACTIVE
301888,101628,9866 Delgado Plain,South John,FL,2025-07-02,,ACTIVE
301889,101809,6731 Tyler Prairie Apt. 049,Brandtmouth,NC,2024-02-13,2026-06-30,CLOSED
301890,100521,367 Jessica Walks,South Christianview,SC,2018-10-05,,ACTIVE
301891,102000,3391 Natalie Village,East Patriciaton,VA,2020-04-22,2021-03-06,CLOSED
301892,100461,5321 Lindsey Dale,West Kelly,NC,2018-10-05,,ACTIVE
301893,100386,2973 Davis Drive,Johnsonside,NC,2020-03-28,,ACTIVE
301894,100096,45826 Smith Parkways,Longmouth,NC,2022-06-06,,ACTIVE
301895,100493,568 Tiffany Club,North Matthewfort,NC,2022-09-13,,ACTIVE
301896,100705,615 Martin Rest,Mathewsshire,SC,2023-11-30,,ACTIVE
301897,100341,40888 Denise Shores,Frostmouth,SC,2022-11-28,,ACTIVE
301898,100409,09891 David Manor,New Joshua,VA,2019-08-12,,ACTIVE
301899,100743,90497 Gomez Spur Suite 538,East Pamelaland,VA,2023-09-02,,ACTIVE
301900,101026,5545 Benjamin Key,Brentton,TN,2020-09-14,,ACTIVE
301901,101694,49820 Adriana Ranch,Port Kaitlinborough,SC,2025-12-18,2026-06-30,CLOSED
301902,101215,997 Murray Estate Apt. 016,East Ashleyfurt,NC,2019-01-17,,ACTIVE
301903,100697,83850 Cruz Ports Suite 594,New Margaret,NC,2020-04-27,,ACTIVE
301904,100959,0404 Nelson Club Apt. 658,North Sarahaven,SC,2019-12-21,,ACTIVE
301905,100661,50636 Meyer Throughway Suite 037,Melissaberg,NC,2025-04-22,,ACTIVE
301906,101455,0923 Kaiser Expressway Apt. 632,East Donald,GA,2022-08-29,,ACTIVE
301907,101407,001 Murphy Villages Apt. 682,Duranmouth,TN,2023-06-19,,ACTIVE
301908,100830,6069 Li Ports,Port Vincentberg,NC,2021-08-10,,ACTIVE
301909,100423,735 Erika Underpass Apt. 839,Kaufmanburgh,SC,2020-02-07,,ACTIVE
301910,101071,6218 Barbara Fall,Davischester,NC,2020-06-30,,ACTIVE
301911,101184,21337 Briana Dam,Bishopport,SC,2022-01-17,,ACTIVE
301912,100862,5959 Williams Springs Apt. 526,New John,NC,2021-11-14,,ACTIVE
301913,100480,642 Allison Port,Port Paul,VA,2018-01-06,,ACTIVE
301914,100806,4931 Collins Center,New Carlosshire,SC,2024-06-11,,ACTIVE
301915,101950,5370 Brent Motorway Suite 504,Sandersfurt,NC,2021-04-13,,ACTIVE
301916,100288,56248 Bennett Plains Suite 990,North Alyssa,SC,2024-04-29,,ACTIVE
301917,100446,25024 Dennis Gardens Apt. 666,East Sandrahaven,TN,2023-04-11,2024-09-29,CLOSED
301918,100804,59349 Merritt Row,Port Luis,FL,2023-02-26,,ACTIVE
301919,100129,6124 Brandon Fields Apt. 519,North Aaronmouth,NC,2023-05-03,,ACTIVE
301920,100713,83101 Chandler Plain,South Kimberlyhaven,FL,2022-07-26,,ACTIVE
301921,100930,339 Jones Drives Suite 374,New Matthew,NC,2018-03-22,2019-11-18,CLOSED
301922,100983,428 Kenneth Club Apt. 782,Maryfurt,NC,2023-04-06,,ACTIVE
301923,100277,4837 Carmen Rapid Apt. 464,Cherylshire,TN,2025-10-28,,ACTIVE
301924,100655,571 Chang Via,New Scott,NC,2021-11-25,,CLOSED
301925,101582,46747 Brandt Manor Apt. 640,Jonathanburgh,NC,2024-10-12,,ACTIVE
301926,100994,65486 Michael Street,Palmerton,NC,2019-05-02,,ACTIVE
301927,100268,1673 Davis Divide,New Susanville,FL,2025-09-02,2026-06-30,CLOSED
301928,101225,53370 Cook Summit,East Jessica,NC,2021-12-15,,ACTIVE
301929,101186,976 Knight Dam,Port Johnfurt,SC,2024-11-13,,ACTIVE
301930,100421,471 Austin Groves,New Raymond,NC,2025-09-19,,ACTIVE
301931,100814,174 Cynthia Cliff Apt. 670,North Julia,SC,2025-09-24,2026-06-30,CLOSED
301932,101939,038 Johnson Crossing,Lake Emilyview,GA,2018-12-06,,ACTIVE
301933,101305,6834 White Square,Lake Jodymouth,GA,2023-11-14,,ACTIVE
301934,101511,1721 Green Canyon,East Karen,NC,2020-09-03,,ACTIVE
301935,100125,93471 Riley Throughway Suite 811,New Haley,NC,2021-09-26,,ACTIVE
301936,100697,3621 Carlson Manor Suite 244,West Carolyn,NC,2019-04-11,,ACTIVE
301937,100132,157 Romero Lock,North Jim,VA,2025-09-30,,ACTIVE
301938,101389,70126 Alan Junctions,New Amanda,TN,2019-05-07,2021-10-28,CLOSED
301939,101710,1684 Berry Ford,Stephanieview,NC,2025-08-07,2026-06-30,CLOSED
301940,101823,45320 Green Prairie,Ashleyton,NC,2024-10-03,,ACTIVE
301941,100301,45268 Stewart Point Suite 434,South Matthew,NC,2019-02-02,,ACTIVE
301942,101352,344 Murphy Cove Apt. 083,Goodwinberg,VA,2022-11-09,,ACTIVE
301943,101620,54410 Michael Terrace Apt. 684,South Sherrimouth,NC,2025-12-07,,ACTIVE
301944,101002,446 Scott Estates Apt. 537,Christianhaven,NC,2024-04-28,,ACTIVE
301945,101611,307 Rebecca Port Apt. 470,Jonathanberg,VA,2023-06-13,2024-03-27,CLOSED
301946,100905,6033 Wagner Circles Apt. 645,Petersenside,NC,2025-09-06,,ACTIVE
301947,100430,1354 Ian Shores,Jamesburgh,FL,2021-01-28,2022-02-26,CLOSED
301948,101365,19922 Santos Avenue,Port Jamesmouth,NC,2018-11-03,,ACTIVE
301949,100381,3502 Barbara Burgs,North Darryl,NC,2022-06-14,,ACTIVE
301950,100216,01043 Douglas Vista Suite 098,Debraborough,NC,2019-11-13,,ACTIVE
301951,101795,72368 Williams Mountains Apt. 643,Schroederport,NC,2020-06-10,,ACTIVE
301952,100047,550 Chase Locks Suite 851,New Davidstad,NC,2022-01-29,,ACTIVE
301953,101581,5101 Eric Rapid,Lauratown,VA,2021-02-06,,ACTIVE
301954,100757,92052 Benjamin Cliff,North Kaitlyn,NC,2018-10-31,,ACTIVE
301955,100290,514 David Bridge,Williamshaven,VA,2018-12-14,,ACTIVE
301956,100154,45622 Allen Underpass Apt. 253,Frankbury,NC,2019-06-12,,ACTIVE
301957,101011,58907 Kaitlyn Corners,Port Stacymouth,GA,2025-09-09,,ACTIVE
301958,101926,8028 Angela Drives,Christinaburgh,NC,2025-12-04,,ACTIVE
301959,100729,186 Conway Rapids Suite 206,Garciafort,SC,2025-05-10,,ACTIVE
301960,100428,075 Stephen Islands,Port Michaelshire,NC,2020-02-02,,ACTIVE
301961,101813,19402 Jason Course Apt. 682,Shawnafurt,NC,2023-02-17,,ACTIVE
301962,100446,236 Dudley Rest,Lisashire,NC,2020-10-17,2024-07-11,CLOSED
301963,101511,659 Ryan Falls Suite 470,North Carol,VA,2022-09-11,,ACTIVE
301964,100972,3438 Murphy Islands Apt. 252,North Tammy,NC,2018-04-02,,ACTIVE
301965,101650,3601 Robert Terrace Apt. 233,Lake Royview,VA,2020-07-08,,ACTIVE
301966,100359,382 Daisy Dam Apt. 176,New Bruce,TN,2022-02-13,,ACTIVE
301967,101313,18306 Lara Knoll Suite 898,Port Suzanne,VA,2021-08-19,,ACTIVE
301968,101305,28962 Andrea Village Apt. 512,South Markfurt,VA,2020-12-18,,ACTIVE
301969,100492,07384 Nicole Forks,East Kylefurt,SC,2025-12-24,,ACTIVE
301970,101833,3029 Wang Field Apt. 463,New Ryanfort,NC,2018-04-29,,ACTIVE
301971,100201,95991 Lambert Port Apt. 064,Hannahberg,FL,2025-02-25,,ACTIVE
301972,101271,020 Weiss Forge Apt. 452,Ramosshire,NC,2020-03-15,,ACTIVE
301973,101117,11237 Miller Springs,Garrettport,NC,2024-07-12,2025-03-29,CLOSED
301974,101310,6218 Perkins Ferry Apt. 810,Lorishire,SC,2018-01-10,,ACTIVE
301975,100546,19603 Curtis Oval Suite 818,Dillonhaven,SC,2023-10-20,,ACTIVE
301976,101679,1288 Bonnie Shoal,East Russellside,NC,2022-10-25,,ACTIVE
301977,101124,02422 Hill Groves Apt. 605,Sarashire,SC,2019-02-14,,ACTIVE
301978,100633,7585 Shaffer Point Suite 279,East Edwardmouth,SC,2021-03-28,,ACTIVE
301979,101547,7942 Wade Circles Apt. 170,West Pam,NC,2019-09-01,2022-05-03,CLOSED
301980,101848,726 Harding Course Apt. 743,Robertsmouth,NC,2020-03-14,,ACTIVE
301981,100593,32561 Krista Fall,East Andrew,NC,2024-04-15,,ACTIVE
301982,100325,4217 Cook Field Suite 041,East Leslie,VA,2018-04-02,,ACTIVE
301983,100996,415 Fuentes Islands Suite 353,West Karen,SC,2021-03-13,,ACTIVE
301984,100390,886 Bell Junctions,Shawnfurt,TN,2023-08-06,,ACTIVE
301985,101815,3031 Deborah Vista Suite 331,Payneshire,GA,2022-07-13,2023-05-31,CLOSED
301986,101737,89436 Julia Gardens,Stephanieton,SC,2020-07-05,,ACTIVE
301987,101598,691 Michael Summit,New Ariel,SC,2024-05-04,,ACTIVE
301988,100232,97088 Jennifer Trail,Port Richard,NC,2025-11-27,,ACTIVE
301989,101108,7832 Nichols Isle,Thompsonside,NC,2023-02-15,,ACTIVE
301990,100887,75542 George Road,Loganton,GA,2022-04-13,,ACTIVE
301991,101134,777 Alexander Stream Apt. 297,Huntmouth,FL,2024-03-21,,ACTIVE
301992,100076,95535 Stephen Rapid,New Connor,NC,2020-09-17,,ACTIVE
301993,100251,611 Joel Centers Suite 237,South Ashleyport,NC,2019-01-11,,ACTIVE
301994,101085,051 Roberson Streets Suite 656,New Alexisbury,SC,2021-02-11,2023-08-22,CLOSED
301995,101099,820 Conley Lane,South Coleport,VA,2018-09-18,,ACTIVE
301996,100030,097 Thomas Rapids Apt. 254,West Juliemouth,SC,2020-12-03,,ACTIVE
301997,101170,12496 Wong Pine Suite 340,East Patricia,SC,2025-02-07,,ACTIVE
301998,100881,363 Victor Squares Apt. 257,Aliciastad,NC,2019-08-28,,ACTIVE
301999,101856,370 Gray Expressway Apt. 834,South Matthewtown,GA,2025-08-07,,ACTIVE
302000,100655,2315 Michelle Route Suite 776,Nicholasville,GA,2019-07-12,,ACTIVE
302001,100244,78055 Michelle Lodge Suite 629,South Amanda,SC,2025-05-22,,ACTIVE
302002,101951,57520 Jackson Coves Apt. 837,New Brandonberg,NC,2024-09-15,,ACTIVE
302003,101306,51121 Thomas Pine,Barronstad,SC,2021-06-16,,ACTIVE
302004,101890,53025 Hernandez Way,West Kristenland,NC,2021-03-27,,ACTIVE
302005,101934,381 Rebekah Mountain Suite 314,Jameston,NC,2018-09-21,,ACTIVE
302006,100286,413 Morales Ridges Apt. 527,New Robin,FL,2024-02-14,2024-06-11,CLOSED
302007,101189,27796 Brandon Park,North Julie,SC,2021-09-06,,ACTIVE
302008,100217,9484 Victor Rapid Suite 386,North Joshuastad,SC,2022-12-02,,ACTIVE
302009,100298,125 Vargas Ferry,Cunninghamfurt,FL,2025-05-21,,ACTIVE
302010,100753,6636 Erickson Cliff Apt. 110,Alanmouth,TN,2023-01-08,,ACTIVE
302011,100913,9647 Michael Light,New Haroldchester,NC,2021-11-21,,ACTIVE
302012,100594,949 Alexander Ferry Apt. 884,North Dawn,VA,2022-06-08,,ACTIVE
302013,100501,18748 Burns Port,Christinamouth,NC,2018-08-19,,ACTIVE
302014,100584,350 Jessica Courts,Ericside,VA,2021-12-31,,ACTIVE
302015,101609,32589 Molly Springs Suite 655,South Colleenbury,VA,2023-06-12,,ACTIVE
302016,101924,254 Michael Parkway Suite 589,Jeffreymouth,TN,2019-04-07,,ACTIVE
302017,101855,374 Guzman Circles,Jenniferton,GA,2024-04-28,,ACTIVE
302018,101366,84965 Alicia Square,Josephberg,FL,2023-08-06,,ACTIVE
302019,101631,91785 Donald Motorway,South Christopher,SC,2018-10-24,,ACTIVE
302020,101432,830 Laura Drive Suite 346,Larsonstad,TN,2025-01-30,2025-10-06,CLOSED
302021,101996,7661 Jones Key Apt. 189,Floydmouth,VA,2022-12-17,,ACTIVE
302022,100064,579 Scott Inlet,Evanfort,VA,2018-04-24,,ACTIVE
302023,101294,3737 Katherine Turnpike,Michaelborough,NC,2019-10-18,,ACTIVE
302024,100908,41569 Matthew Stravenue,Jonesmouth,VA,2021-02-13,,ACTIVE
302025,100198,8537 Carla Underpass,East Markstad,NC,2025-07-09,,ACTIVE
302026,101513,02057 Destiny Vista,North James,FL,2019-06-27,,ACTIVE
302027,101630,571 Cole Mews,Port Keithfort,VA,2025-12-10,,ACTIVE
302028,100456,50357 Thompson Alley,West Kathryn,FL,2022-08-27,,ACTIVE
302029,100233,56811 Simmons Forges,South Vanessa,SC,2018-12-14,,ACTIVE
302030,100235,63018 Hernandez Skyway,Lauramouth,TN,2019-10-26,2021-10-25,CLOSED
302031,100978,57988 Albert Rue Suite 528,Matthewhaven,NC,2022-07-04,,ACTIVE
302032,101633,31238 Shane Expressway Apt. 306,North Timothyberg,VA,2025-03-21,,ACTIVE
302033,100323,399 Richard Rapid Suite 628,New Robert,NC,2019-07-15,,ACTIVE
302034,100953,753 Christopher Spurs Apt. 416,West Davidfort,TN,2019-09-24,,ACTIVE
302035,101763,77199 Carrie Plaza Apt. 003,Brittanystad,VA,2025-01-10,,ACTIVE
302036,100591,916 Michael Skyway,Fordmouth,FL,2025-01-06,,ACTIVE
302037,100696,674 Hughes Hollow Suite 564,Reneebury,SC,2024-03-01,2026-06-30,CLOSED
302038,101372,89184 Pearson Walk Apt. 510,West Amberton,FL,2020-12-08,,ACTIVE
302039,100232,44435 Wesley Turnpike,Jacksonstad,NC,2023-03-22,,ACTIVE
302040,101658,99444 Laurie Summit Suite 675,Nortonberg,NC,2020-07-31,,ACTIVE
302041,101891,58622 Margaret Prairie Suite 834,West Robert,SC,2019-03-19,,ACTIVE
302042,101073,520 Barnes Square,South Chad,GA,2018-04-01,2022-03-12,CLOSED
302043,100899,0956 Oconnor Centers,North Melissa,VA,2019-08-07,,CLOSED
302044,100528,64163 Cynthia Islands Suite 594,Brownbury,NC,2021-08-11,2022-12-21,CLOSED
302045,101228,462 Lynn Via,Ronaldside,NC,2020-01-07,,ACTIVE
302046,100039,69870 Victoria Heights,Thomasstad,VA,2018-10-20,,ACTIVE
302047,100575,5541 Turner Park,Dudleymouth,GA,2023-04-22,,ACTIVE
302048,101969,5355 Craig Ford,Johnsonbury,NC,2024-09-19,,ACTIVE
302049,100290,2820 Hall Viaduct Suite 353,Delgadoshire,NC,2022-12-25,2026-06-01,CLOSED
302050,100206,60601 Hanson Roads Suite 375,Millerburgh,NC,2019-06-27,,ACTIVE
302051,101859,40367 Danny Turnpike,New Travis,NC,2020-10-24,,ACTIVE
302052,101464,615 Michael Hill,Port Melissastad,TN,2020-02-05,,ACTIVE
302053,101555,9260 Marie Lakes Apt. 554,Port Adamview,NC,2024-12-10,,ACTIVE
302054,101941,6743 Brandon Locks Apt. 433,North Monicashire,SC,2022-06-27,,ACTIVE
302055,101258,0455 Delgado Stream Suite 049,Diazside,NC,2022-07-02,,ACTIVE
302056,101419,5332 Dillon Mall Suite 948,Lake Jenniferton,VA,2019-07-14,,ACTIVE
302057,101621,628 Paul Manor Apt. 468,East Angela,VA,2024-06-16,,ACTIVE
302058,100448,0244 Holder Estate,East Eileen,SC,2023-06-11,,ACTIVE
302059,100833,008 Murphy Bypass Suite 144,Donaldview,SC,2023-11-22,2026-06-30,CLOSED
302060,101654,57486 Kristine Trace,Amybury,SC,2019-04-04,,ACTIVE
302061,101446,5410 Sandra Heights,Brownton,VA,2021-12-01,2022-08-17,CLOSED
302062,100972,29462 Brandon Mews Apt. 645,West Lauren,TN,2018-06-02,,ACTIVE
302063,101294,320 Lisa Dale,Levyburgh,NC,2023-11-13,,ACTIVE
302064,100944,03137 Smith Valleys Apt. 560,Lake Lisaport,TN,2022-06-11,,ACTIVE
302065,100436,60822 David Cape Suite 015,South Gina,SC,2018-12-23,,ACTIVE
302066,100935,8657 Justin Fords,Hamiltonside,GA,2018-12-20,,ACTIVE
302067,100008,70714 Jasmine Locks Suite 553,Lake Christy,SC,2026-01-23,,ACTIVE
302068,101280,2655 Gonzalez Spring Suite 708,New Annachester,VA,2021-01-19,,ACTIVE
302069,100208,53082 Jill Field,East Richard,NC,2022-12-11,2024-05-06,CLOSED
302070,100978,03483 Newman Knoll Apt. 012,Thomasstad,NC,2018-02-12,,ACTIVE
302071,101502,8723 Lee Burgs,Lake Donna,NC,2021-08-19,,ACTIVE
302072,101785,08133 Roberts Road,Branchville,VA,2021-09-05,,ACTIVE
302073,101908,466 Frances Ports Apt. 333,North Wesleyborough,SC,2018-01-21,,ACTIVE
302074,101036,39892 Floyd Grove,Carrieview,NC,2020-04-16,,ACTIVE
302075,100986,205 Bell Lodge,Lake Perry,SC,2025-05-09,,ACTIVE
302076,101790,8049 Scott Expressway,Butlerberg,NC,2022-05-16,,ACTIVE
302077,101537,309 Sherry Rue,Adamton,NC,2019-06-07,,ACTIVE
302078,100730,3447 Terri Inlet,Martinezside,NC,2022-12-15,,ACTIVE
302079,100584,92617 John Street Suite 522,West Gregoryland,SC,2024-05-30,,ACTIVE
302080,101132,85596 Garza Roads,West Emilyton,NC,2025-06-09,2026-06-30,CLOSED
302081,100197,4270 Donald Harbor,South Joshua,NC,2025-10-12,,ACTIVE
302082,100145,9587 Buchanan Ranch Suite 824,Mackchester,NC,2022-02-16,,ACTIVE
302083,100302,7707 Stephanie Springs,Taylorton,VA,2018-11-23,,ACTIVE
302084,100417,989 Jennifer Stream Apt. 587,Devinborough,NC,2022-12-20,,ACTIVE
302085,100337,731 Travis Crossing,Cynthiaborough,SC,2023-07-01,,ACTIVE
302086,100451,978 Nguyen Springs Suite 275,Ellenburgh,TN,2024-05-14,,ACTIVE
302087,100058,26811 Farley Port Apt. 153,South Monica,NC,2025-01-13,2025-10-30,CLOSED
302088,100001,83058 Kimberly Road,Jimenezfurt,GA,2020-02-08,,ACTIVE
302089,100819,329 Michelle Mountain Apt. 355,North Douglas,FL,2021-12-28,,ACTIVE
302090,100938,56515 Grant Divide,Port Katelynburgh,SC,2019-11-29,,ACTIVE
302091,100869,660 Kyle Summit,East Caitlinhaven,GA,2018-11-11,,ACTIVE
302092,100867,18102 Katie Estates Suite 917,Kayleeberg,VA,2019-07-21,,ACTIVE
302093,101806,769 Clark Valleys,West Adriennechester,SC,2024-11-01,,ACTIVE
302094,101949,81847 Coffey Rapid,Lake Lindsay,NC,2019-01-10,,ACTIVE
302095,100591,4872 Cobb Plain,Huertaburgh,FL,2020-05-03,,ACTIVE
302096,100888,642 Brian Wall Apt. 802,West Mark,NC,2024-11-25,,ACTIVE
302097,101081,7610 Derek Station,East James,NC,2024-12-06,,ACTIVE
302098,100220,54738 Brandon Branch,Donaldsonfurt,VA,2021-06-15,,ACTIVE
302099,101467,5978 Tyler Freeway Suite 760,New Joseph,TN,2020-10-10,,CLOSED
302100,100615,810 Conley Ports Apt. 078,Lorettatown,SC,2019-09-25,,ACTIVE
302101,101601,089 Brown Rue,North Shawnton,NC,2022-10-22,2025-01-30,CLOSED
302102,101160,5775 Johnson Forest,Jaredborough,FL,2020-12-05,,ACTIVE
302103,101698,1103 Garcia Road Suite 242,Port Vanessaborough,NC,2024-07-18,,ACTIVE
302104,100942,065 Shannon Groves Suite 330,Sheliaton,VA,2022-04-07,2024-10-27,CLOSED
302105,100230,47146 Miller Plaza,Denisehaven,VA,2019-09-23,2022-11-03,CLOSED
302106,101685,973 Choi River Suite 055,South James,VA,2018-02-07,2022-02-02,CLOSED
302107,100220,919 Nicholson Loaf Apt. 169,East Allisonburgh,NC,2021-04-20,,ACTIVE
302108,101664,25560 Brent Landing,Port Alexandermouth,NC,2025-08-14,,ACTIVE
302109,101849,499 Martinez Walk,Watsonport,SC,2022-06-08,,ACTIVE
302110,101429,938 Audrey Islands Suite 908,Averymouth,GA,2023-03-31,,ACTIVE
302111,101570,244 Sherri Forks Suite 717,Wallaceshire,NC,2022-08-26,,ACTIVE
302112,100970,346 Thompson Harbor Apt. 680,Colemanland,SC,2022-12-05,,ACTIVE
302113,100794,3024 Reed Mews Suite 929,Thompsonport,NC,2021-10-01,2023-05-09,CLOSED
302114,101290,10771 Eric Road Suite 923,Hicksfort,NC,2025-08-19,,ACTIVE
302115,100413,081 Soto Stravenue Apt. 246,Gregoryville,SC,2025-10-24,,ACTIVE
302116,101488,5559 Thompson Squares,Flynnport,SC,2023-02-19,,ACTIVE
302117,101617,307 Joseph Locks Suite 751,Moorestad,NC,2020-04-11,,ACTIVE
302118,100895,927 Marshall Fort,Kathleenville,NC,2018-06-18,,ACTIVE
302119,101895,988 Phillips Turnpike,New Timothymouth,NC,2025-07-17,2026-06-30,CLOSED
302120,101452,3104 Payne Port,Lake Donald,VA,2021-11-16,,ACTIVE
302121,101125,1783 Christy Union Apt. 511,Janetstad,GA,2025-09-21,,ACTIVE
302122,101873,3709 Jacob Plain Suite 600,Moodyville,NC,2024-08-24,,ACTIVE
302123,100556,009 Samantha Mews,East Jonathanbury,VA,2021-02-11,,ACTIVE
302124,101482,0848 Michael Island,New Ryanshire,NC,2023-12-23,2026-06-30,CLOSED
302125,101025,03920 Pierce Mission Apt. 723,Lake Karen,NC,2022-09-19,,ACTIVE
302126,100548,8063 Walsh Overpass,West David,NC,2022-06-05,,ACTIVE
302127,101209,237 Hanson Bypass Apt. 790,West Marcus,FL,2018-03-05,,ACTIVE
302128,100864,890 Kelly Springs Suite 746,North Christopher,SC,2018-05-26,,ACTIVE
302129,100231,13291 Evans Spur,New Andrewbury,NC,2020-02-04,,ACTIVE
302130,100369,885 Gabriela Ports Apt. 367,West Stephanie,NC,2020-06-30,,ACTIVE
302131,101384,40413 Mcmahon Streets,New Douglasport,NC,2018-08-27,2021-11-19,CLOSED
302132,100329,760 Mack Oval,Bakerville,NC,2018-08-01,2020-06-10,CLOSED
302133,101105,16965 Clark Park Suite 694,North Timothy,NC,2025-07-25,,ACTIVE
302134,100161,734 Oconnor Harbors,North David,TN,2021-11-29,,ACTIVE
302135,101340,4437 King Estates Apt. 590,South Danielle,NC,2020-02-20,,ACTIVE
302136,101190,7344 Thomas Shoal,Pattonchester,NC,2023-02-09,2025-11-28,CLOSED
302137,101548,118 Arnold Throughway Apt. 632,East Ericton,NC,2019-02-02,,ACTIVE
302138,100232,71794 Shaw Lane,Gregside,NC,2021-08-29,,ACTIVE
302139,100582,1579 Gonzalez Station Suite 745,Port Shannonborough,GA,2024-03-27,,ACTIVE
302140,100956,973 Stephanie Shores Suite 808,Johnstad,VA,2020-06-10,2022-03-28,CLOSED
302141,101058,503 Brooke Neck,Nortonstad,GA,2024-04-17,,ACTIVE
302142,100557,21989 Brent Rapid Suite 033,Kellyton,NC,2025-01-24,,ACTIVE
302143,101582,525 Allison Trace,Johnshire,SC,2024-05-01,,ACTIVE
302144,101461,5541 James Trace,South Daniel,VA,2021-02-20,,ACTIVE
302145,100275,84146 Jackson Mountains,Lake Jennifer,NC,2019-04-23,,ACTIVE
302146,101126,405 Porter Glen Apt. 461,Robertburgh,NC,2019-09-11,,ACTIVE
302147,100975,517 Castaneda Loop,North Juliechester,NC,2022-02-16,,ACTIVE
302148,100780,9978 Walters Junctions,Matthewshire,NC,2020-09-28,,ACTIVE
302149,101587,223 Ross Harbors,East Larryfort,TN,2018-04-08,,ACTIVE
302150,101248,4744 William Extension,Robertside,NC,2024-05-19,,ACTIVE
302151,100331,4832 Mendoza Alley Suite 050,Christopherfurt,SC,2018-11-22,,ACTIVE
302152,101176,707 French Roads Suite 178,North Dianafort,NC,2022-01-14,,ACTIVE
302153,101505,2303 Roberts Spurs Apt. 215,Port Dawnland,SC,2025-03-25,,ACTIVE
302154,100072,235 Flores Mountain Suite 160,Shieldsshire,VA,2025-11-08,,ACTIVE
302155,101356,85781 Kimberly Street Apt. 596,Lake Glendaburgh,FL,2024-06-01,,ACTIVE
302156,101771,30476 Lisa Spurs,Port Russell,VA,2024-02-29,,ACTIVE
302157,100259,1953 Erik Burg,Port Dale,VA,2021-11-26,,ACTIVE
302158,100241,71045 Renee Springs Suite 238,Tylerport,NC,2022-04-13,,ACTIVE
302159,100082,50275 Curry Streets Apt. 457,North Michael,NC,2023-02-16,2025-02-11,CLOSED
302160,100118,3934 Moss Gateway,Davismouth,VA,2019-06-15,,ACTIVE
302161,101159,28130 Pamela Summit,Port Jenniferburgh,NC,2023-11-21,,ACTIVE
302162,101277,30858 Christopher Islands Suite 818,East Madison,NC,2018-12-24,2020-12-04,CLOSED
302163,101471,7541 Smith Route Suite 794,Pettyberg,NC,2022-07-06,,ACTIVE
302164,101024,7421 Erickson Villages Apt. 989,Matthewton,TN,2024-06-05,,ACTIVE
302165,101848,4050 Walters Meadows,Christopherside,VA,2025-09-20,,ACTIVE
302166,101173,88393 Janice Wall Apt. 523,Alexandriabury,SC,2022-02-25,2024-11-07,CLOSED
302167,101635,70397 Padilla Mission Suite 835,East Cassandraton,SC,2021-05-20,,ACTIVE
302168,100256,55294 Annette Crossing Suite 504,Sandershaven,NC,2025-01-17,,ACTIVE
302169,100800,086 Winters Lake Apt. 752,Lake Stevenville,SC,2023-06-17,,ACTIVE
302170,101108,2118 Juan Tunnel,Simmonsfurt,NC,2022-01-16,2022-11-22,CLOSED
302171,101401,566 Brett Lock Apt. 621,Yorkshire,SC,2019-01-31,,ACTIVE
302172,100185,364 Andrew Highway Suite 332,Olsonside,GA,2025-12-08,,ACTIVE
302173,100720,71512 Nicole Via,East Sheila,NC,2020-06-23,,ACTIVE
302174,101888,468 Jeffrey Islands,Simpsonborough,NC,2021-10-04,,ACTIVE
302175,101615,37119 Julie Mountains,Alisonborough,NC,2020-01-29,,ACTIVE
302176,100417,19873 Ross Motorway Apt. 176,Port Christopherland,GA,2023-10-17,,ACTIVE
302177,100548,0063 Sarah Stream Suite 484,Port Timothystad,TN,2025-11-25,,ACTIVE
302178,100414,959 Brian Center Apt. 235,Johnsonview,NC,2023-05-26,,ACTIVE
302179,100768,35667 Price Burg Suite 275,South Brianberg,GA,2021-08-16,,ACTIVE
302180,100703,6242 Austin Divide,South Parker,SC,2021-01-01,,ACTIVE
302181,101612,2061 Robert Fork,Alexanderstad,NC,2020-07-25,,ACTIVE
302182,100909,437 Hodge Cliff Apt. 058,Lake Makaylastad,NC,2022-01-21,,ACTIVE
302183,101954,05076 Holland Corner Apt. 552,North Ashley,GA,2020-03-18,2021-09-25,CLOSED
302184,100122,754 Caitlyn Glen,North Kenneth,VA,2024-05-20,,ACTIVE
302185,101157,743 Kimberly Mission Apt. 138,Port Johnbury,NC,2024-10-06,,ACTIVE
302186,101852,6580 Charles Cliffs Apt. 814,Jasonside,SC,2025-11-25,2026-06-30,CLOSED
302187,101701,6200 Daniel Walk,South Michelleview,NC,2024-09-24,,ACTIVE
302188,101661,4263 Wilson Point Suite 065,Katelynfort,NC,2023-01-25,,ACTIVE
302189,101237,045 Franklin Circle,Hendrickshaven,VA,2020-03-04,,ACTIVE
302190,101176,8823 Christopher Shoal Suite 348,Erikaland,NC,2021-10-18,2025-10-31,CLOSED
302191,101400,4521 Jacobs Viaduct Suite 319,Starkville,VA,2025-01-19,,ACTIVE
302192,100586,023 William Knolls,Port Brandonburgh,TN,2019-01-26,,ACTIVE
302193,101043,144 Harris Isle Apt. 846,Aaronchester,TN,2018-09-10,,ACTIVE
302194,101056,032 Heidi Vista,North Samuel,VA,2024-01-18,,ACTIVE
302195,100868,1822 Tina Islands Suite 983,Markchester,SC,2018-03-22,,ACTIVE
302196,100891,20298 Marshall Road,Maldonadoton,SC,2020-08-22,,ACTIVE
302197,100583,0249 Elizabeth Mountains,Phillipsville,FL,2020-01-05,,ACTIVE
302198,101167,0020 Amy Ports,East Richard,TN,2020-05-27,,ACTIVE
302199,100457,827 Swanson Mission,Wrightbury,SC,2024-10-01,,ACTIVE
302200,101230,184 Kimberly Square,Susanview,SC,2024-10-28,,ACTIVE
302201,100890,44341 Connie Shoal Suite 696,North Sierratown,NC,2022-06-09,,ACTIVE
302202,101919,65070 Collin Highway Suite 383,West Jerryton,TN,2020-05-04,,ACTIVE
302203,100609,986 Henry Grove Suite 682,South Kathyhaven,VA,2023-07-29,,ACTIVE
302204,100861,366 Quinn Green Apt. 652,Charlestown,NC,2025-10-21,,ACTIVE
302205,101147,614 Barajas Burgs,Ericksonstad,NC,2018-09-05,,ACTIVE
302206,101896,4756 Julian Shores,Hannamouth,TN,2024-06-18,,ACTIVE
302207,101490,327 Miller Islands Suite 689,Pennyton,SC,2022-06-12,2026-05-13,CLOSED
302208,101327,6410 Tracy Crossroad,Port Craigmouth,VA,2018-04-11,,ACTIVE
302209,101933,322 Thornton Loaf,Hillton,NC,2019-05-26,,ACTIVE
302210,100644,1940 Copeland Keys Suite 011,Johnbury,NC,2022-05-02,,ACTIVE
302211,101565,81985 Morse Locks Suite 213,North Kevin,NC,2024-06-01,,ACTIVE
302212,101123,06676 Davis Island,East Williamview,NC,2019-06-06,,ACTIVE
302213,101060,56719 Taylor Lane Suite 550,Lewistown,NC,2018-07-20,,ACTIVE
302214,101338,13220 Garcia Forest,North Michael,NC,2023-02-07,,ACTIVE
302215,100256,220 Singh Stream Apt. 442,Patrickshire,SC,2025-09-11,,ACTIVE
302216,101506,3520 Campbell Harbors Apt. 367,North Desireeside,SC,2023-07-17,,ACTIVE
302217,101834,579 Anthony Bridge Suite 319,Carrilloville,NC,2020-11-16,,ACTIVE
302218,101350,36644 Jocelyn Plaza,Millerville,FL,2019-10-16,,ACTIVE
302219,100104,556 Sarah Estates Apt. 135,Ashleyfort,SC,2019-08-10,,ACTIVE
302220,101418,1681 Gray Garden,Lake Misty,NC,2018-12-08,,ACTIVE
302221,100646,4580 Williams Port Apt. 629,New Brian,NC,2022-10-08,,ACTIVE
302222,101711,22539 Spencer Brooks Suite 151,West Kevinview,FL,2018-05-17,,ACTIVE
302223,100799,753 Geoffrey Shores,New Kyle,NC,2020-08-10,,ACTIVE
302224,100595,03975 Sherri Square,Kingstad,NC,2019-10-22,,ACTIVE
302225,101614,580 Michael Keys,Briannaport,GA,2025-04-01,,ACTIVE
302226,100118,87305 Atkinson Rapid,Cannonshire,NC,2024-08-12,,ACTIVE
302227,101318,8317 Latoya Overpass,Jennifermouth,NC,2024-03-11,2026-06-30,CLOSED
302228,100101,7618 Morgan Street Apt. 318,North Jasonberg,VA,2019-12-11,2020-08-12,CLOSED
302229,100737,3076 Barnes Crescent,North Alicia,GA,2025-12-08,,ACTIVE
302230,101082,703 Key Glen,West Katiefort,GA,2025-02-24,,ACTIVE
302231,101833,1912 Lopez Flat Suite 897,Bryanville,SC,2025-04-20,,ACTIVE
302232,101180,04108 Tiffany Plaza Suite 402,Ryanshire,TN,2025-01-06,,ACTIVE
302233,101321,406 Rogers Stream,South Kimberlyberg,SC,2025-04-11,2026-06-30,CLOSED
302234,101662,7961 Stephanie Cliff Suite 585,East Cory,SC,2019-09-24,,ACTIVE
302235,101192,546 Lopez Prairie Apt. 093,Walkerfort,VA,2019-12-25,,ACTIVE
302236,101161,7031 Lawson Summit Apt. 280,West Jonathan,NC,2022-03-19,,ACTIVE
302237,100143,5579 Abbott Run,Holmeshaven,FL,2023-04-11,,ACTIVE
302238,101475,58667 Thomas Loaf Suite 593,East Stacybury,VA,2019-08-25,,ACTIVE
302239,100638,133 Timothy Overpass Suite 719,Reyeston,SC,2019-11-28,,ACTIVE
302240,100076,525 Meyer Circle,East Matthewfort,NC,2022-06-18,2023-08-26,CLOSED
302241,100661,6399 Brown Lake Apt. 477,Port Melissaton,GA,2020-07-01,,ACTIVE
302242,101939,5150 Mary Views,South Samuel,NC,2020-02-19,,ACTIVE
302243,100873,781 Pope Tunnel,Port Donnaport,NC,2019-08-02,,ACTIVE
302244,100689,129 Luke Spurs,North Joseph,GA,2018-02-04,,ACTIVE
302245,100259,50832 Solomon Junction,New Alec,NC,2022-03-02,,ACTIVE
302246,101364,78232 May Trafficway Apt. 537,Woodstad,NC,2019-12-03,,ACTIVE
302247,101774,92248 Fernandez Skyway,South Jonathanfort,SC,2025-01-16,,ACTIVE
302248,101920,4616 Amanda Stravenue,South Brianview,GA,2022-06-07,,ACTIVE
302249,101913,348 Avila Centers,Melanieton,NC,2024-10-28,2026-06-30,CLOSED
302250,100903,02042 Arroyo Summit Suite 752,Reedstad,TN,2019-12-01,,ACTIVE
302251,100335,92177 Wagner Greens Apt. 543,Lake Sethmouth,SC,2019-09-11,,ACTIVE
302252,100041,34207 John Via,West Amanda,FL,2019-12-23,,ACTIVE
302253,101616,7007 Wheeler Row,West Josephchester,VA,2025-08-16,,ACTIVE
302254,101570,94065 Perez Lights Suite 638,New Tiffanyport,VA,2024-05-21,,ACTIVE
302255,100127,37842 Rachel Orchard Suite 978,North Erik,VA,2023-05-30,,ACTIVE
302256,100821,6850 Lowe Radial Apt. 310,Richardberg,VA,2025-01-07,,ACTIVE
302257,100781,035 Michele Crest,Berryfurt,GA,2025-08-12,,ACTIVE
302258,100324,158 Kevin Haven,Griffinport,SC,2019-06-25,,ACTIVE
302259,100318,609 Johnson Row Suite 243,West Josephstad,FL,2019-09-22,,ACTIVE
302260,100763,7475 Burns Dam,West Kathrynfurt,FL,2018-05-28,,ACTIVE
302261,100110,78649 Wilson Hills,Hicksstad,NC,2019-12-09,,ACTIVE
302262,101897,633 Mcintyre Mews Apt. 341,Marissamouth,VA,2021-11-09,,ACTIVE
302263,100100,616 Sullivan Lodge,Howellberg,FL,2025-09-06,,ACTIVE
302264,101138,480 Melissa Views,North Edwardland,SC,2024-01-27,,ACTIVE
302265,101248,328 Justin Causeway,East Monica,VA,2022-08-17,,ACTIVE
302266,100261,99049 Guzman Squares,West Corey,SC,2023-09-29,2026-03-24,CLOSED
302267,100479,29605 Sarah Spurs,East Austin,VA,2024-04-17,,ACTIVE
302268,101365,12053 Richardson Crest,Larahaven,NC,2024-09-15,,ACTIVE
302269,101429,616 Brian Ways,South Brendastad,TN,2019-12-22,,ACTIVE
302270,101628,94941 Kelsey Corners Suite 348,Muellerville,NC,2019-05-21,,ACTIVE
302271,101153,320 Hamilton Neck,Katelynville,TN,2024-05-10,2024-10-28,CLOSED
302272,100258,98019 Fox Stream,Joshuatown,SC,2023-10-09,,ACTIVE
302273,101156,115 Warren Villages,Erikaborough,FL,2023-10-25,,ACTIVE
302274,100536,205 Janet Walks,Maystown,NC,2025-04-19,,ACTIVE
302275,100591,85193 Derek Greens,North Amybury,VA,2025-03-20,2026-06-30,CLOSED
302276,101527,9893 Byrd Loaf Apt. 427,South Rossport,FL,2024-02-22,2024-05-13,CLOSED
302277,100370,334 Lopez Walk,New Randybury,SC,2018-02-14,,ACTIVE
302278,100618,1330 Hernandez Extension Suite 742,Jenniferview,NC,2024-12-12,2026-06-30,CLOSED
302279,100658,96541 Michael Village,East Thomasburgh,GA,2019-02-21,2020-04-26,CLOSED
302280,101413,03122 Lowe Plains,South Hollyburgh,NC,2022-06-05,,ACTIVE
302281,100749,4737 Jackson Curve Suite 917,West Marcside,NC,2024-06-19,,ACTIVE
302282,100036,549 Christopher Hill,Port Mikayla,VA,2021-07-06,,ACTIVE
302283,100261,80882 Russell Springs Suite 604,New Christineberg,GA,2024-01-11,,ACTIVE
302284,101508,173 Green Divide Apt. 696,Stephenport,NC,2023-05-06,,ACTIVE
302285,100017,338 Stephens Hills Apt. 818,Johnstad,NC,2024-01-07,,ACTIVE
302286,101829,443 Norton Greens Suite 985,New Kayla,GA,2019-11-27,,ACTIVE
302287,100647,96632 Michael Rapids,Nicholastown,NC,2022-06-08,,ACTIVE
302288,101435,59250 Jose Courts,Christopherstad,SC,2024-10-16,2026-06-30,CLOSED
302289,101234,938 Laura Forks,Judyfurt,NC,2026-01-01,,ACTIVE
302290,100848,2189 Peterson Knolls Apt. 843,East Joshuaside,NC,2025-02-23,,ACTIVE
302291,101716,9443 Callahan Mission,Smithton,SC,2020-05-23,,ACTIVE
302292,100033,454 Adams Rapid Apt. 228,West Samanthaborough,SC,2024-07-15,,ACTIVE
302293,101774,888 Joseph Valley,East Michaelmouth,GA,2021-06-09,2022-07-27,CLOSED
302294,101699,0746 Helen Spur Suite 388,New Barbara,VA,2024-05-26,,ACTIVE
302295,100080,1023 Joseph Highway Suite 061,West Davidmouth,NC,2023-09-03,,ACTIVE
302296,101345,57664 Jenna Crescent Suite 336,New Katieborough,VA,2024-08-20,,ACTIVE
302297,100397,00467 Gabriel Hill Apt. 189,Port Jameston,NC,2020-01-06,2022-03-30,CLOSED
302298,100934,8788 Gina Points,South Haley,SC,2019-09-12,,ACTIVE
302299,101849,31509 Hampton Stravenue,Lake Lorraine,NC,2025-08-18,2026-06-30,CLOSED
302300,100452,37776 Thomas Inlet,New Rebeccaland,NC,2021-07-28,2022-07-09,CLOSED
302301,101445,801 Jonathan Green,South Sheri,FL,2018-10-30,,ACTIVE
302302,101321,491 Karen Trail,West Brianna,NC,2022-07-28,,ACTIVE
302303,101411,1840 Joshua Flat Suite 334,Sarahfort,NC,2018-04-22,,ACTIVE
302304,100957,9840 Joshua Spur Apt. 921,West Colleen,SC,2025-12-30,2026-06-30,CLOSED
302305,101815,2304 Sarah Ford Apt. 877,Craigview,NC,2025-04-05,,ACTIVE
302306,101866,5398 Johnston Junction,Port Peter,NC,2022-02-09,,ACTIVE
302307,102000,138 Chad Port Suite 368,East Robertville,NC,2023-10-19,,ACTIVE
302308,100649,078 Carmen Gardens Apt. 791,Port Christinafurt,GA,2018-07-12,,ACTIVE
302309,100718,0122 Angela Trafficway,South Kimberly,NC,2021-09-23,,ACTIVE
302310,101181,01880 Miller Points,South Stephanieburgh,NC,2019-10-05,,ACTIVE
302311,100603,241 Scott Burgs,East Troyhaven,NC,2025-05-10,,ACTIVE
302312,101906,4424 Adams Orchard,Angelicabury,VA,2024-06-23,,ACTIVE
302313,101813,69642 Clark Roads Apt. 988,Meganfurt,SC,2020-07-30,,ACTIVE
302314,101730,112 Mccormick Place,North Rebeccastad,NC,2020-04-27,,ACTIVE
302315,101357,8156 Mckee Road,Bradleyshire,NC,2018-07-23,,ACTIVE
302316,100405,6611 Ronald Throughway Suite 854,Desireeton,VA,2022-05-28,,ACTIVE
302317,100881,322 Michael Fields,East Jennifer,GA,2023-10-22,,ACTIVE
302318,100348,614 Murray Inlet,Amandaburgh,SC,2025-07-07,,ACTIVE
302319,101029,30696 Anthony Turnpike,South Baileyhaven,SC,2021-07-06,,ACTIVE
302320,100747,6038 Leonard Prairie,Pittmanfort,NC,2023-09-17,,ACTIVE
302321,101640,04297 Fox Trace,Staceyburgh,NC,2021-12-27,,ACTIVE
302322,101704,14618 Joseph Knoll Apt. 395,Rodriguezhaven,NC,2023-11-06,,ACTIVE
302323,101634,249 Jeremy Track,West Mikefurt,VA,2025-05-24,,ACTIVE
302324,100565,419 Devon Locks,East Ginaburgh,NC,2024-06-12,,ACTIVE
302325,100688,54705 Hall Viaduct,North Christopherberg,SC,2025-10-07,,ACTIVE
302326,100453,751 Rogers Rue,Lake Brookeburgh,NC,2023-08-08,,ACTIVE
302327,101001,590 Adam Valleys,Lake Eric,VA,2021-07-09,,ACTIVE
302328,101967,07582 Sierra Glen Suite 482,East Gordon,FL,2019-06-28,,ACTIVE
302329,101529,6499 Anthony Turnpike Suite 855,West Christine,FL,2021-12-15,2023-10-25,CLOSED
302330,100437,80555 Phillips Turnpike,Lisaton,TN,2025-11-17,2026-06-30,CLOSED
302331,101195,1586 Sanders Vista Suite 502,Christineport,VA,2023-09-24,,ACTIVE
302332,101747,1156 Melissa Ridge,Holtburgh,NC,2018-04-05,2018-10-21,CLOSED
302333,100359,59558 Ellis Glen Apt. 257,Katelynmouth,VA,2019-10-14,,ACTIVE
302334,101313,427 Joy Spurs,Kevinshire,NC,2019-06-19,,ACTIVE
302335,101909,365 Jamie Ranch,Port Angela,NC,2020-02-12,,ACTIVE
302336,100897,73984 Jacob Parkway Apt. 965,New Monicaview,NC,2021-11-09,,ACTIVE
302337,100590,523 Travis Parkway,Port Julie,TN,2018-07-21,,ACTIVE
302338,101201,1825 Fox Centers,West Jordanshire,SC,2021-04-19,,ACTIVE
302339,101423,7785 Holder Turnpike Suite 649,Lewisland,GA,2021-11-05,,ACTIVE
302340,100601,673 Ashley Island,Espinozafurt,VA,2022-04-13,,ACTIVE
302341,101901,7931 Martinez Neck Suite 874,West Johnstad,NC,2018-03-23,,ACTIVE
302342,100336,50134 Corey Pike,Port Melissa,SC,2020-08-08,2022-12-12,CLOSED
302343,100915,37807 Cortez Passage Suite 500,Bestchester,TN,2024-02-13,,ACTIVE
302344,100618,926 Douglas Parkway Suite 618,Claytonborough,GA,2019-02-11,,ACTIVE
302345,101821,788 Kelsey Landing,Port Wyattmouth,GA,2024-05-28,,ACTIVE
302346,101831,5340 Bradford Ports Suite 606,Thomasside,VA,2022-08-30,2023-12-03,CLOSED
302347,101479,6436 Justin Hill Apt. 154,North Karenland,VA,2024-01-16,,ACTIVE
302348,101921,98891 Melissa Isle Suite 512,North Kent,VA,2019-12-13,,ACTIVE
302349,101166,98564 Waller Ville Suite 892,Port Walterberg,NC,2022-03-19,,ACTIVE
302350,100705,780 Collins Freeway,East Jennifer,NC,2019-11-29,,ACTIVE
302351,100271,8763 Gross Vista Apt. 085,Port Alicia,GA,2018-04-08,2021-03-14,CLOSED
302352,101414,837 Edwards Walk Apt. 422,Mendezhaven,NC,2019-09-18,,ACTIVE
302353,100905,153 Garrett Orchard,Port Troy,NC,2019-06-24,,ACTIVE
302354,100446,680 Gregory Shore,New Leeshire,NC,2025-10-06,,ACTIVE
302355,100091,9837 Rodriguez Springs Suite 282,Juliaview,NC,2025-05-13,,ACTIVE
302356,101595,8193 Lopez Well Apt. 553,Morganmouth,NC,2024-10-01,,ACTIVE
302357,100729,8739 Lee Divide,Reginahaven,NC,2024-12-20,2025-05-09,CLOSED
302358,101766,911 Emily Falls Suite 701,Virginiashire,NC,2024-06-29,,ACTIVE
302359,100400,016 Hamilton Heights,New Traviston,NC,2021-11-05,,ACTIVE
302360,100071,89230 Williams Fork,Port Richard,SC,2018-09-21,,ACTIVE
302361,100093,7813 Kyle Light,Port Jennifertown,NC,2025-08-31,,ACTIVE
302362,101559,39760 Hayley Run,Lake Gregoryside,SC,2022-12-21,,ACTIVE
302363,101375,9451 Ashley Freeway,Port Cody,VA,2024-02-28,,ACTIVE
302364,100535,29972 Robinson Harbors Apt. 186,East Matthewstad,NC,2021-12-02,2024-05-14,CLOSED
302365,100138,82438 Lewis Fork,Port Jessefort,VA,2022-09-08,,ACTIVE
302366,100906,045 Chambers Terrace Suite 654,North Nicole,NC,2023-12-17,,ACTIVE
302367,100585,12701 Parsons Road Suite 173,Rachaelhaven,VA,2024-10-21,,ACTIVE
302368,101527,7726 Aaron Crossroad Suite 474,Paulville,SC,2022-12-25,,ACTIVE
302369,101588,480 Christopher Junction Apt. 534,Leehaven,GA,2022-10-21,,ACTIVE
302370,101033,20820 Kim Mount,Jeffton,NC,2023-10-01,2025-10-26,CLOSED
302371,100617,68008 Edwards Roads,Lake Robertland,NC,2020-03-27,,ACTIVE
302372,100417,4501 Amber Passage Suite 819,Washingtonfurt,NC,2019-01-12,,ACTIVE
302373,101615,89286 Hensley Green,Toddshire,VA,2019-08-05,,ACTIVE
302374,100993,33553 Roy Mountain Apt. 870,Port Jamietown,NC,2022-01-28,,ACTIVE
302375,101754,486 Emily Court Apt. 258,Port Carolchester,FL,2021-05-07,,ACTIVE
302376,101088,631 Brown Plaza Apt. 816,Sydneyport,NC,2020-06-03,,ACTIVE
302377,100678,1807 Vaughn Tunnel Suite 438,West Michael,NC,2019-09-27,,ACTIVE
302378,101384,986 Jared Alley Suite 395,Lake Jonathan,SC,2022-08-26,,ACTIVE
302379,101377,244 Gonzalez Orchard Suite 155,Thompsonmouth,VA,2020-01-20,,ACTIVE
302380,101231,2694 Ortega Spur,Port Michaelton,NC,2018-04-24,,ACTIVE
302381,101986,71480 Thornton Throughway Suite 034,Aaronland,NC,2022-05-02,,ACTIVE
302382,100839,1176 Kathryn Ports Apt. 580,Sonyaberg,NC,2023-02-22,,ACTIVE
302383,100389,9671 Brian Rapids,Michaelview,NC,2023-03-09,2026-01-19,CLOSED
302384,101369,05776 Hogan Spur Suite 631,South Gregoryfurt,VA,2023-04-21,,ACTIVE
302385,101087,126 Williams Park Suite 275,North Donnaton,GA,2019-03-25,,ACTIVE
302386,100358,54416 Debbie Valleys Suite 407,New Heather,TN,2024-11-12,,ACTIVE
302387,100311,798 Herring Loop,East Tabithamouth,NC,2021-03-18,,ACTIVE
302388,101004,9091 Pena Village,Gonzalezchester,VA,2021-05-22,,ACTIVE
302389,101928,215 Moore Parks Suite 321,Port Annaview,SC,2018-12-01,,ACTIVE
302390,100448,354 Veronica Lane,West Kiaraborough,GA,2022-07-16,,ACTIVE
302391,101861,61257 Lee Oval,New Connieshire,NC,2022-10-15,,ACTIVE
302392,101152,6219 Michelle Ramp Apt. 657,Tracymouth,NC,2021-04-04,,ACTIVE
302393,101112,00476 Brianna Rapid Apt. 764,South Andreville,NC,2025-08-24,,ACTIVE
302394,100318,22796 Jeremy Estates Suite 133,Port Wyatt,NC,2025-05-30,,ACTIVE
302395,101733,2849 Wiley Unions,Clayfurt,NC,2019-08-18,,ACTIVE
302396,101295,938 James Dam,Ramosport,SC,2025-12-24,,ACTIVE
302397,100615,27413 Robert Junctions Suite 998,North Renee,NC,2019-08-28,,ACTIVE
302398,101010,335 Huber Ranch,Port Samuel,SC,2025-12-25,,ACTIVE
302399,101230,336 Steven Groves Apt. 180,Dayburgh,TN,2021-09-09,,ACTIVE
302400,100725,6515 Hicks Haven,North Stephanie,NC,2019-10-28,2021-12-31,CLOSED
302401,101160,7673 Simmons Summit Apt. 433,North Veronicaland,NC,2019-02-26,2020-09-17,CLOSED
302402,100546,706 Myers Isle Apt. 237,Port Jamie,VA,2025-10-30,2026-06-30,CLOSED
302403,100602,75887 Roberson Plain Suite 220,South Kimberlyhaven,NC,2020-02-18,,ACTIVE
302404,101113,946 Jason Mountain Suite 793,Douglasshire,VA,2018-01-10,,ACTIVE
302405,100741,7966 Harrison Throughway,Lewisfurt,FL,2019-07-06,,ACTIVE
302406,100261,517 Stewart Vista Suite 622,West Mark,NC,2025-05-29,,ACTIVE
302407,100039,545 Mary Corners,South Dianaland,NC,2019-10-22,,ACTIVE
302408,101751,98929 Morgan Crest Apt. 411,Loriton,SC,2020-10-14,2021-02-08,CLOSED
302409,101678,1658 Chavez Spur,South Markton,NC,2020-02-11,,ACTIVE
302410,101958,940 Ray Passage,South Lisaside,TN,2024-03-04,,ACTIVE
302411,101987,32191 Debra Summit Suite 695,Port Jessica,NC,2023-02-20,,ACTIVE
302412,100992,2700 Frye Fall Suite 231,Melanieland,NC,2018-10-09,,ACTIVE
302413,101550,640 Mccullough Ranch Apt. 960,Lake Kristishire,NC,2025-06-04,2025-10-02,CLOSED
302414,101791,16877 Hoffman Branch,Johnsonborough,NC,2020-07-10,2021-07-21,CLOSED
302415,100601,9623 Kristina Lock Apt. 779,South Amanda,SC,2019-08-22,,ACTIVE
302416,100404,7425 Page Grove Suite 469,Kristinburgh,VA,2022-05-10,,ACTIVE
302417,101210,7301 Jeremy Greens Suite 165,New Susantown,NC,2024-08-10,2025-09-09,CLOSED
302418,100147,06185 Deborah Divide Apt. 932,Murrayview,NC,2019-06-18,,ACTIVE
302419,101481,70045 Denise Valleys,Carolinehaven,SC,2025-09-11,,ACTIVE
302420,101763,622 Lisa Gateway Apt. 246,Cunninghambury,FL,2020-11-26,2023-09-19,CLOSED
302421,101838,4521 Robert Streets,Robertsonbury,SC,2023-01-17,2026-06-30,CLOSED
302422,101581,228 James Mountain,Carrview,GA,2023-03-12,,ACTIVE
302423,101163,5709 Day Alley Suite 829,South Andreachester,NC,2025-11-18,,ACTIVE
302424,100158,9764 Justin Glens,Pamelahaven,NC,2024-07-14,,ACTIVE
302425,100108,97450 Robert Glen,Fosterhaven,NC,2020-05-03,2022-08-08,CLOSED
302426,100035,8961 Erik Harbors Suite 862,Jeffreyport,SC,2025-12-28,,ACTIVE
302427,100723,9156 Virginia Street,Lake Michellechester,NC,2023-03-08,,ACTIVE
302428,101202,336 Thompson Parks,Markshire,GA,2024-06-15,,ACTIVE
302429,101543,90231 Galvan Extensions,Brandonstad,VA,2020-12-12,,ACTIVE
302430,100591,868 Bryan River Apt. 836,Robinsonbury,NC,2019-08-25,,ACTIVE
302431,101897,1335 Guerrero Fort,East Toddport,TN,2025-08-23,,ACTIVE
302432,100329,333 Russell Isle,Robinsonside,NC,2025-12-26,,ACTIVE
302433,101613,33557 Werner Plains,Moorehaven,TN,2018-03-28,,ACTIVE
302434,101602,783 Scott Parkway Apt. 215,South Christopherburgh,NC,2022-07-13,,ACTIVE
302435,101282,507 Perez Mission,Georgeborough,VA,2022-09-10,,ACTIVE
302436,101485,2835 Reed Summit Suite 506,Samanthamouth,GA,2019-04-20,,ACTIVE
302437,100062,9484 Lowe Drives,Marcchester,GA,2018-11-23,,ACTIVE
302438,100329,0189 Linda Fort,Ortizmouth,NC,2024-03-21,2026-03-31,CLOSED
302439,101932,06469 Jennifer Lock Apt. 115,Mcdanielfort,NC,2021-03-08,,ACTIVE
302440,100021,6963 Reilly Trafficway Apt. 266,East Austin,VA,2021-05-10,2022-03-05,CLOSED
302441,100719,92918 Timothy Trail Apt. 236,New Daniellehaven,NC,2020-07-11,,ACTIVE
302442,100721,466 Hector Forks,New Deborahmouth,TN,2021-12-06,,ACTIVE
302443,101472,297 Sarah Squares,Port Nancy,NC,2023-10-20,,ACTIVE
302444,101788,832 Craig Crossroad,Port Kristy,SC,2020-04-26,,ACTIVE
302445,101173,43781 Mathis Road,Heatherchester,SC,2023-09-23,,ACTIVE
302446,100274,0081 James Passage Suite 718,New Zoe,NC,2024-02-24,,ACTIVE
302447,101282,71299 Tran Rest Apt. 638,Lisafurt,VA,2023-03-20,2024-05-14,CLOSED
302448,100680,170 Herman Shore Apt. 594,Jesseport,SC,2020-12-29,,ACTIVE
302449,101658,86978 Michael Ports,East Johnburgh,NC,2020-02-17,,ACTIVE
302450,100184,9721 Mark Cliffs,Ortegafort,TN,2023-11-16,,ACTIVE
302451,100527,021 Michael Prairie Suite 130,West Renee,NC,2023-07-24,,ACTIVE
302452,100564,570 Davidson Crossroad Suite 816,Jessicabury,NC,2025-08-14,,ACTIVE
302453,101096,2463 Yates Extensions,New Peter,SC,2023-01-11,,ACTIVE
302454,101625,238 Kane Mill,South Saraville,NC,2018-08-25,,ACTIVE
302455,100741,849 Lewis Fork,South Emilyview,NC,2023-02-13,,ACTIVE
302456,100667,0250 Johnson Mountain,Phillipsmouth,TN,2022-09-10,,ACTIVE
302457,101114,0469 Zachary Brook,East Peterberg,VA,2025-11-16,,ACTIVE
302458,101394,7642 Mason Square,Christopherhaven,VA,2025-04-10,2026-06-30,CLOSED
302459,100274,1225 Aaron Mill,Douglasville,SC,2019-10-20,,ACTIVE
302460,100142,65119 Jacob Hollow,Villegasmouth,NC,2023-01-19,2025-03-16,CLOSED
302461,100250,063 Jessica Ports,New Markbury,NC,2019-05-11,,ACTIVE
302462,100454,881 Robert Manor,New Richardview,VA,2018-08-08,,ACTIVE
302463,100683,4201 Marshall Path,North Amandafort,NC,2019-11-13,,ACTIVE
302464,101393,2889 Kristen Shores,Brookschester,VA,2024-06-16,,ACTIVE
302465,100461,625 Matthew Viaduct,East Cindymouth,NC,2018-06-07,2020-04-28,CLOSED
302466,101304,596 Caitlin Inlet Suite 836,Langport,NC,2025-04-28,,ACTIVE
302467,101054,170 Ashley Parks Apt. 401,Elizabethstad,NC,2018-01-08,,ACTIVE
302468,101627,828 Brown Corner Apt. 864,Lake Wesley,SC,2022-04-25,,ACTIVE
302469,100231,384 Allen Roads Suite 266,Myersland,SC,2022-08-15,,ACTIVE
302470,100601,839 Lisa Expressway Apt. 802,Port Georgeborough,VA,2024-10-15,,ACTIVE
302471,101484,83232 Christian Viaduct Apt. 224,Morenoview,GA,2024-04-24,,ACTIVE
302472,101734,4250 Sharon Fork,Smithview,TN,2025-12-21,,ACTIVE
302473,100673,604 Larson Junction Suite 837,West Mollyshire,NC,2024-03-04,,ACTIVE
302474,101700,17173 Day Key Suite 748,Lake Mollyport,NC,2018-01-07,,ACTIVE
302475,101091,966 Elizabeth Trail Apt. 939,Jamesside,SC,2024-09-22,2026-06-30,CLOSED
302476,101558,6325 Joseph Locks,Jonesstad,VA,2023-06-29,,ACTIVE
302477,101821,477 George Islands,Johnland,NC,2019-12-14,,ACTIVE
302478,100813,03801 Kayla Spurs,Johnsonland,NC,2019-06-12,2020-02-25,CLOSED
302479,101886,856 Mcclure Square,Sanchezhaven,NC,2021-03-10,,ACTIVE
302480,100715,288 Teresa River,Jenniferton,NC,2023-05-25,,ACTIVE
302481,101585,806 Mclean Terrace Apt. 195,Frankside,SC,2021-04-06,2023-07-23,CLOSED
302482,100252,3193 Angela Estate Suite 278,South Haileyfort,NC,2023-03-20,,ACTIVE
302483,100701,78538 Richard Tunnel,Jacobton,NC,2018-07-16,,ACTIVE
302484,101859,098 Alexandria Glens,Patriciaborough,NC,2025-11-28,,ACTIVE
302485,100677,931 Kathy Ferry,Joshuaview,SC,2025-05-15,,ACTIVE
302486,101281,079 Erin Knolls Apt. 153,North Ericport,VA,2018-03-02,,ACTIVE
302487,101743,34411 Michael Square,Whitneyborough,SC,2025-09-23,,ACTIVE
302488,100043,6392 Jimenez Road,Lewistown,NC,2020-09-20,,ACTIVE
302489,101564,911 Veronica Groves Suite 875,Boonehaven,VA,2021-10-25,,ACTIVE
302490,101459,906 Kurt Divide,Port Cheryl,SC,2019-05-08,2022-06-15,CLOSED
302491,100577,3443 Ortiz Forest Apt. 396,Jessehaven,VA,2019-03-13,,ACTIVE
302492,101377,2908 Wilson Road Apt. 100,New Andrea,FL,2020-02-27,,ACTIVE
302493,101308,4358 Jacob Shore,Port Rhonda,NC,2026-01-14,,ACTIVE
302494,101804,136 Newman Vista,East Christine,SC,2021-07-25,,ACTIVE
302495,101783,804 Davis Fork Suite 799,Chadmouth,FL,2023-12-07,,ACTIVE
302496,101320,686 Murray Trace,Shawnchester,NC,2024-06-26,,ACTIVE
302497,101526,1341 Michael Landing Apt. 916,Jenniferton,NC,2022-11-17,2023-06-02,CLOSED
302498,101648,766 Victoria Corners,Gonzalesshire,VA,2024-11-17,,ACTIVE
302499,100523,57870 Evans Ranch Apt. 386,Lake Anthony,GA,2018-02-01,,ACTIVE
302500,100612,262 Nichols Lakes,Lake Jillianmouth,NC,2022-04-20,,ACTIVE
