member_id,first_name,last_name,email,phone,join_date,crm_status_cd
100001,Andres,Brown,taylorjohnny@example.org,903-562-5547,2017-10-12,A
100002,Cynthia,Diaz,michellelewis@example.org,370-090-2226,2021-08-05,I
100003,Matthew,Russell,lauraboyd@example.com,249-019-7684,2023-03-26,A
100004,Kaitlin,Cole,valdezkurt@example.org,621-532-5951,2021-02-02,A
100005,Steven,Guerrero,cjohnson@example.org,567-939-1390,2022-10-19,A
100006,Aaron,Short,alejandra09@example.org,011-425-4519,2019-10-18,P
100007,Nicole,Sanchez,wrusso@example.com,603-062-2566,2014-07-23,A
100008,Allison,Lee,rberger@example.org,866-251-8200,2014-06-08,A
100009,Mary,Mann,eric74@example.net,209-114-7749,2023-01-09,A
100010,Samantha,Williams,harrislaura@example.com,944-498-4890,2017-11-11,A
100011,Daniel,Rodriguez,laurie61@example.org,962-086-8843,2025-12-22,A
100012,Tanner,Williams,kathy22@example.net,458-251-4633,2020-01-28,A
100013,Cynthia,Small,joseph56@example.org,595-182-4149,2019-04-17,A
100014,Joshua,Copeland,veronicacarter@example.org,642-423-4720,2023-05-19,A
100015,Ryan,Campos,christinaescobar@example.org,629-150-5106,2023-07-14,A
100016,Michelle,Kaiser,lindsey52@example.com,071-653-4012,2015-07-04,A
100017,Carmen,Vargas,joseph48@example.com,904-826-4588,2025-03-17,I
100018,Joshua,Sanders,jlyons@example.net,981-497-0650,2017-12-26,A
100019,Deborah,Bridges,aprilsmith@example.net,051-620-1975,2023-02-28,A
100020,Joshua,Bowers,greenteresa@example.net,001-980-6362,2019-03-10,A
100021,Diana,Castaneda,smallcarrie@example.net,089-215-3250,2023-12-02,I
100022,Sean,Huffman,bjones@example.org,416-942-4128,2017-01-24,I
100023,Angela,Stanton,sherry91@example.net,933-090-4020,2017-03-10,A
100024,Richard,Mcdonald,thall@example.com,118-646-4935,2023-07-04,A
100025,Chloe,Holmes,millermichael@example.net,463-798-7035,2025-12-23,A
100026,Troy,Molina,grayisabella@example.com,811-644-7578,2016-11-29,I
100027,Craig,Jones,omyers@example.org,351-351-2036,2019-09-05,A
100028,Christine,Barnes,tiffanyhooper@example.org,785-149-8402,2022-01-02,A
100029,Shawn,Cole,jamesmay@example.net,326-897-0414,2025-10-05,A
100030,Steven,Nelson,christinewatts@example.net,480-739-1783,2024-12-31,A
100031,Meagan,Landry,danielschristine@example.net,223-112-2369,2015-08-13,A
100032,Cheryl,Allen,walshcarolyn@example.net,025-455-2302,2018-09-06,A
100033,Vincent,Stewart,tiffany58@example.net,775-494-8570,2018-11-25,A
100034,Albert,Ruiz,ashley36@example.net,643-845-4129,2024-04-27,A
100035,Courtney,Wilson,amandadouglas@example.com,602-368-4663,2015-12-26,I
100036,Matthew,King,karensosa@example.org,145-875-5316,2017-11-19,A
100037,Carolyn,Glover,richardmckinney@example.net,521-436-4294,2017-06-20,A
100038,Adam,Sharp,ufleming@example.com,835-000-4398,2016-02-03,A
100039,Alicia,Jackson,monicawebster@example.com,173-959-2377,2020-10-23,A
100040,Steven,Sims,jonathon58@example.com,791-008-3233,2019-08-03,A
100041,Lisa,Smith,marymyers@example.net,360-013-4257,2020-01-23,A
100042,Brian,Day,billytaylor@example.com,126-410-7863,2025-12-22,A
100043,Kevin,Lin,danielle59@example.org,065-485-5453,2019-02-09,A
100044,Eric,Weber,jacqueline57@example.org,311-586-8934,2019-12-10,A
100045,Sandra,Thompson,rose92@example.org,535-444-5616,2022-01-17,A
100046,Amanda,Herring,jonesalison@example.org,293-343-0314,2014-10-09,A
100047,Michelle,Miller,donaldlee@example.net,665-079-9689,2015-03-17,A
100048,Amanda,Gillespie,murphyjames@example.org,882-410-5901,2018-02-07,A
100049,James,Taylor,pmarshall@example.net,375-524-3126,2023-10-28,A
100050,Samantha,Sandoval,tylerporter@example.org,646-030-7693,2014-03-12,A
100051,Amanda,Hatfield,christopherharris@example.net,408-878-0714,2017-02-05,A
100052,Scott,Collins,joseph67@example.net,166-007-5700,2025-09-05,A
100053,Linda,Douglas,eparrish@example.com,137-620-8970,2023-01-15,A
100054,Dakota,Jimenez,pateljessica@example.net,040-367-8823,2016-09-15,A
100055,Monica,Murray,craiggolden@example.org,203-634-2660,2023-10-15,I
100056,Katherine,Lutz,elizabethpierce@example.com,503-288-4325,2025-12-09,A
100057,Adrian,Garcia,jeffreyfields@example.net,846-495-7108,2016-09-17,A
100058,Michele,Dominguez,tyrone77@example.net,555-115-5830,2015-08-28,A
100059,Crystal,Moody,adrian43@example.net,631-138-6593,2024-05-02,A
100060,Stephanie,Brown,gail45@example.net,946-228-8640,2025-05-29,A
100061,Amber,Oneill,zrobbins@example.com,604-396-9737,2023-07-10,I
100062,Emily,Johnson,david36@example.net,036-833-4855,2021-11-20,A
100063,Madeline,Pham,tparker@example.org,561-361-6969,2020-06-14,P
100064,Judith,Gibson,zthomas@example.org,258-648-7760,2019-05-04,I
100065,Caitlin,Bell,trevor26@example.net,155-908-7207,2019-03-09,I
100066,Kelly,Sexton,drodriguez@example.net,290-750-6797,2018-10-26,A
100067,Jeremy,Weaver,heather94@example.org,509-442-7318,2019-10-18,I
100068,Michael,Olsen,veronicashannon@example.net,965-026-4965,2015-02-05,A
100069,Ashley,Williams,davidbrown@example.org,801-195-7703,2019-03-01,A
100070,Michael,Cameron,sjacobs@example.org,147-461-4436,2021-03-17,A
100071,Carolyn,Flynn,debbie42@example.com,363-136-7528,2022-04-25,A
100072,Troy,Neal,andreacarter@example.org,346-773-9837,2018-05-01,I
100073,James,Torres,miranda69@example.org,194-005-5868,2019-01-07,A
100074,Benjamin,Anderson,laurenrowe@example.com,696-338-9800,2024-02-20,A
100075,Mark,Jones,emilyarellano@example.com,730-323-8125,2020-08-03,A
100076,Michaela,Tucker,gonzalezthomas@example.com,075-171-0242,2018-10-06,A
100077,Michael,Lucas,staceydaniel@example.com,347-429-4197,2018-11-26,I
100078,Christopher,Lowe,david73@example.net,811-633-4817,2023-05-30,A
100079,Charles,Dominguez,markmoore@example.org,655-380-7820,2024-08-23,A
100080,Whitney,Torres,rachelhamilton@example.net,653-679-7878,2020-12-29,A
100081,Billy,Coleman,cjones@example.net,760-452-9786,2019-07-15,I
100082,Christopher,Olson,karen40@example.org,449-681-9343,2017-06-06,A
100083,Caleb,Gates,srivera@example.net,179-196-1451,2023-06-10,A
100084,Susan,Hughes,duncanjason@example.com,362-903-1135,2017-07-14,A
100085,Daniel,Harvey,greeneangel@example.net,424-916-2855,2023-08-08,A
100086,Edward,Morton,mary51@example.com,683-130-9828,2021-12-29,A
100087,Paul,Jacobson,esaunders@example.com,060-420-7327,2019-05-04,A
100088,Erin,Taylor,fmendez@example.net,958-633-7116,2018-07-03,A
100089,Victoria,Garcia,hmanning@example.net,508-252-4898,2022-04-23,A
100090,Rachel,Pierce,mpreston@example.net,702-689-1265,2021-03-18,A
100091,Kelly,Warner,walter30@example.com,191-487-2563,2016-03-20,A
100092,Diana,Austin,rblair@example.org,411-809-2795,2022-01-18,A
100093,Christopher,Williams,bpeterson@example.org,965-370-2306,2016-10-03,I
100094,Jessica,Owens,danielhenderson@example.org,484-998-1825,2020-06-29,A
100095,Brandon,May,hcombs@example.com,449-643-3029,2025-09-16,A
100096,Justin,Murphy,tylersmith@example.net,065-314-0098,2022-10-17,A
100097,Jeremy,Mcintyre,marybecker@example.com,863-677-4096,2016-11-26,A
100098,Sarah,Pennington,fischerdana@example.net,127-974-8735,2018-09-22,A
100099,Marvin,Rivera,cwinters@example.com,172-788-2672,2022-10-24,A
100100,Ryan,Byrd,james62@example.com,271-762-9901,2021-02-06,A
100101,Keith,Cox,isabellacarter@example.com,611-717-7985,2025-07-19,A
100102,Wesley,Beck,gcampbell@example.net,951-722-3354,2025-03-08,A
100103,Kelly,Wallace,michaelgardner@example.com,566-632-5815,2023-10-13,A
100104,Kathryn,Jones,vgonzalez@example.net,005-581-7343,2020-06-23,A
100105,Jason,Lucas,xhamilton@example.com,872-989-5947,2019-12-19,P
100106,Amber,Farmer,qneal@example.com,858-117-2470,2022-04-18,A
100107,Jessica,Williams,pjohnson@example.org,819-830-1899,2015-11-07,A
100108,Lori,Wilson,samuel99@example.net,463-562-6370,2019-08-29,A
100109,Nicholas,Drake,owalters@example.net,368-601-4438,2022-07-21,A
100110,Philip,Tate,colemanlaurie@example.net,201-776-8405,2017-11-08,A
100111,Kimberly,Rogers,bonniegibson@example.net,261-437-4151,2023-09-24,A
100112,Aaron,Miller,jlogan@example.org,405-799-8149,2018-03-18,A
100113,Holly,Lopez,davidbass@example.net,651-559-6396,2020-02-08,P
100114,Dennis,Davis,erica75@example.com,334-003-5211,2019-09-13,A
100115,Kenneth,Chandler,pamela54@example.com,047-434-3227,2014-05-07,A
100116,Adam,Lam,nguyendanielle@example.com,521-865-8278,2019-05-31,A
100117,Emily,Hinton,hhill@example.org,678-692-6976,2024-10-05,A
100118,Anthony,Shaw,jennifersmith@example.org,986-263-7419,2020-07-16,A
100119,Justin,Lynch,pwiley@example.com,789-997-0078,2015-09-05,A
100120,Lisa,Hooper,qcastro@example.net,449-415-8928,2024-09-26,A
100121,Rachel,Rivers,erincraig@example.net,149-182-6406,2022-02-28,A
100122,Renee,Grant,laurarogers@example.com,991-082-5794,2020-07-13,A
100123,Allen,Wilson,xbarajas@example.net,169-738-3956,2017-01-13,A
100124,Todd,Simpson,paulsue@example.com,605-601-5732,2015-06-17,A
100125,Kenneth,Hernandez,amberking@example.org,823-185-9146,2022-07-23,A
100126,Steven,Barton,traviscurtis@example.net,770-366-5195,2024-06-26,I
100127,Amber,Adams,zacharymartinez@example.com,702-293-9521,2020-12-27,A
100128,Roberto,Watkins,zmoore@example.org,808-726-6287,2020-12-27,A
100129,Carol,Young,denise99@example.net,991-679-5945,2014-12-24,A
100130,John,Bell,jonescatherine@example.com,522-584-1367,2022-05-09,A
100131,Patricia,Hodges,castromichael@example.net,572-582-8332,2016-05-16,A
100132,Isaac,Gutierrez,idaniels@example.org,509-555-0404,2018-11-06,A
100133,Amber,Williams,castromatthew@example.net,401-216-9368,2021-09-25,A
100134,Stephen,Gonzalez,wolfjoseph@example.org,301-607-2721,2025-09-15,P
100135,Heather,Lopez,thomasjones@example.com,690-976-6103,2025-07-01,I
100136,Jennifer,Davis,gary43@example.org,785-432-3992,2016-09-12,A
100137,Brandon,Hess,patrick86@example.org,841-087-3707,2022-04-29,I
100138,Stacy,Miller,salasthomas@example.com,331-686-7018,2015-08-08,A
100139,Anthony,Duncan,elizabeth41@example.net,900-309-0220,2018-09-13,A
100140,Matthew,Logan,christopher82@example.com,183-725-9279,2014-05-03,A
100141,Christopher,Valentine,careykim@example.net,471-014-9787,2022-10-12,A
100142,Vanessa,Andrade,wolfestephanie@example.net,953-149-6877,2015-05-05,I
100143,Jose,Powell,nelsonamber@example.net,772-835-5310,2017-10-24,A
100144,Lindsay,Fuller,saraarnold@example.org,401-545-1520,2015-05-09,A
100145,Joanna,Martinez,jjennings@example.org,896-906-9073,2021-03-27,A
100146,Robert,Williamson,michelle45@example.com,111-235-0440,2020-08-19,A
100147,Cynthia,Jones,stevengibson@example.org,145-331-2488,2014-05-02,I
100148,Samantha,Davis,brooksangelica@example.com,520-240-4142,2014-02-02,A
100149,Tommy,Freeman,laurenterry@example.org,642-672-6660,2024-05-02,A
100150,Christopher,Adams,kellycross@example.org,580-499-8229,2022-11-24,A
100151,Amber,Allen,carmenwood@example.net,074-654-4923,2023-05-01,A
100152,Shane,Thomas,castilloaustin@example.net,174-488-9308,2014-01-01,A
100153,Margaret,Ramirez,jessica57@example.com,523-266-0909,2021-07-15,A
100154,Kaitlyn,Patterson,lrosales@example.com,856-024-1113,2019-07-03,A
100155,Robert,Watson,parkerkyle@example.net,806-302-3132,2016-08-31,A
100156,Daniel,Williams,david61@example.net,328-400-9220,2014-01-15,A
100157,Anthony,Donaldson,stanley82@example.net,312-047-9466,2015-01-14,A
100158,Brandon,Colon,rmcintyre@example.com,349-227-8489,2021-05-17,A
100159,Stephanie,Daniel,patrick99@example.org,217-411-7847,2014-05-30,A
100160,Curtis,Moore,freed@example.com,064-750-0970,2015-04-04,A
100161,Raymond,Evans,garciaalicia@example.com,737-627-4834,2017-12-17,A
100162,Michelle,Cooper,brownelizabeth@example.org,293-646-5265,2018-01-09,A
100163,Lisa,Solis,jonathanhamilton@example.net,017-951-9446,2019-08-09,A
100164,Leah,Jones,nicholas55@example.net,063-177-1673,2024-02-20,A
100165,Judith,Vega,hvelazquez@example.net,101-491-0889,2016-01-29,A
100166,Karen,Jones,uyoung@example.net,489-758-3053,2015-03-14,A
100167,Michael,Davidson,amanda70@example.net,081-509-2439,2024-06-16,A
100168,Martin,Casey,xnavarro@example.com,207-114-0851,2025-11-13,A
100169,Frank,Foster,lgray@example.net,455-299-2400,2023-02-12,A
100170,Steven,Hamilton,kimberly37@example.com,177-322-1232,2022-02-10,A
100171,Ashley,Burton,kimberly43@example.org,257-489-9851,2014-02-05,A
100172,Susan,Conner,gregory46@example.org,889-095-2020,2021-01-21,A
100173,Kristen,Berry,fford@example.com,276-839-9432,2017-07-25,I
100174,Linda,Smith,stevensjohn@example.org,671-316-6092,2016-12-21,A
100175,Daniel,Summers,brettduke@example.com,172-081-5767,2025-12-06,A
100176,Steven,Cook,elizabeth16@example.com,953-217-5092,2023-08-08,I
100177,Walter,Villa,hernandezsandra@example.com,404-102-5881,2020-12-19,A
100178,Heidi,Pierce,skelly@example.net,405-113-2541,2021-02-05,P
100179,April,Dickerson,floreszachary@example.net,678-498-8244,2022-10-13,A
100180,Glenda,Ward,wthompson@example.com,211-512-1922,2023-08-19,A
100181,Molly,Davis,charles48@example.com,702-988-8098,2017-02-03,A
100182,Ryan,Vargas,edwardsjason@example.org,310-813-0028,2025-08-10,A
100183,Lindsay,Bryant,crystal00@example.net,513-786-0316,2025-06-26,A
100184,Philip,Clark,johnsonrichard@example.org,875-000-6367,2022-12-23,A
100185,Lindsey,Nash,meganjohnston@example.net,691-893-4453,2014-01-15,A
100186,Justin,Steele,wrose@example.com,758-198-0554,2020-05-12,A
100187,Karen,Watson,tkennedy@example.net,214-539-1218,2025-01-26,A
100188,Samuel,Ashley,ununez@example.org,943-443-0259,2017-08-27,A
100189,Brittney,Mayo,duncanpeter@example.com,729-875-4317,2020-10-29,A
100190,Nicole,Anderson,banksmatthew@example.com,063-915-5676,2014-08-06,A
100191,Arthur,Hickman,thomaspatricia@example.com,540-020-7644,2022-01-01,A
100192,Todd,Williams,blanchardjohn@example.org,877-114-7699,2020-09-06,A
100193,Kimberly,Watson,bclark@example.net,772-848-7237,2020-06-08,A
100194,Michelle,Brown,alexis24@example.com,302-680-8746,2023-01-29,A
100195,George,Ayers,alyssalamb@example.net,955-222-4782,2017-09-12,A
100196,Kevin,Payne,xwoods@example.net,788-013-4487,2017-09-01,A
100197,Kaitlin,Wagner,elliottrichard@example.org,585-083-9542,2015-11-19,A
100198,Brandon,Foster,bjones@example.net,751-542-4432,2023-02-10,A
100199,Brenda,Rogers,harrisoncarl@example.net,614-063-5062,2023-02-07,A
100200,Aimee,Medina,gjimenez@example.com,878-303-4226,2016-09-27,A
100201,Jacob,Warren,michellespencer@example.com,238-404-1332,2015-01-23,A
100202,Amanda,Gonzalez,amanda66@example.net,673-165-7930,2023-09-16,A
100203,Carl,Harrell,fhuff@example.com,957-475-3476,2023-03-06,A
100204,Jessica,Hutchinson,nicole17@example.com,852-843-4061,2015-09-14,A
100205,Patrick,Travis,phensley@example.org,858-967-6805,2015-06-22,I
100206,Sarah,Jenkins,walterssylvia@example.com,152-915-1201,2025-01-15,A
100207,Connie,Richardson,randy91@example.net,616-384-0269,2021-12-07,A
100208,Denise,Franco,vtucker@example.net,446-235-7977,2015-04-24,A
100209,Hannah,Mcmillan,bbarnes@example.com,312-774-0774,2015-05-05,A
100210,Devin,Butler,jacksoneric@example.org,471-097-2786,2017-11-13,A
100211,Christopher,Andrews,erica78@example.com,193-226-9878,2017-06-03,I
100212,Carrie,Wagner,nicholas66@example.com,758-416-6609,2017-05-29,A
100213,Autumn,Singleton,adamssteven@example.org,285-961-0928,2018-07-12,A
100214,Sabrina,Lawson,perrymichael@example.net,212-195-5417,2019-03-31,A
100215,Candice,Carlson,james47@example.com,631-018-1600,2015-02-26,A
100216,Shane,Oneill,shaunmiranda@example.org,076-778-8117,2020-06-22,A
100217,Andrea,Steele,steinjacob@example.com,393-127-7255,2017-07-18,A
100218,Donna,Davis,mark43@example.org,280-351-4520,2014-11-13,A
100219,Alejandra,Rhodes,destinyscott@example.org,333-904-3406,2015-01-01,A
100220,Ashley,Baker,johnsonandrea@example.org,711-318-4555,2024-11-19,A
100221,Robert,Perry,virginia81@example.net,980-080-9481,2018-09-27,A
100222,Antonio,Sims,byrdanna@example.net,938-212-6297,2024-03-15,P
100223,John,Miller,reyesalexis@example.net,039-784-8131,2022-09-21,A
100224,Justin,Todd,xvillarreal@example.com,925-268-1533,2014-04-20,A
100225,Emily,Austin,debbie33@example.com,030-737-8030,2020-09-09,A
100226,Mark,Warren,wrodriguez@example.org,854-435-7820,2019-08-09,A
100227,Kimberly,Jensen,courtney98@example.org,140-801-0055,2023-07-20,A
100228,Christopher,Kemp,jhill@example.net,664-955-5321,2025-07-12,A
100229,Michael,Clark,vmiller@example.com,606-833-2537,2017-12-26,A
100230,Erica,Molina,dustinwest@example.net,883-240-8670,2022-08-05,A
100231,Joseph,Martinez,kennedykathy@example.net,441-843-9517,2017-09-06,A
100232,Barry,Love,lunacatherine@example.net,262-431-6959,2020-02-24,A
100233,Vanessa,Willis,carlossanchez@example.net,630-891-2640,2022-02-21,A
100234,Vanessa,Stephens,derrickstanley@example.org,358-944-4868,2016-04-19,A
100235,Kyle,Bennett,walkerclayton@example.net,579-820-8491,2024-02-27,P
100236,Christine,Spencer,michaelroach@example.com,465-863-2261,2014-09-03,A
100237,Kenneth,Green,ljones@example.net,888-903-5756,2021-04-15,A
100238,Ronald,Brown,aaron57@example.net,329-068-8736,2022-04-12,I
100239,Christina,Mendoza,paul69@example.net,775-458-0113,2024-09-23,A
100240,Danielle,Johnson,lambertgary@example.net,660-320-7628,2014-12-03,I
100241,Amanda,Maxwell,amber95@example.net,347-077-8676,2022-01-27,A
100242,Nicole,Cruz,srobinson@example.net,701-532-3724,2019-08-06,A
100243,Sean,Golden,ngarcia@example.net,995-499-3838,2014-08-28,I
100244,David,Brown,janet98@example.com,294-753-0668,2016-02-29,P
100245,Shawn,Miller,richardstephanie@example.org,335-415-4529,2021-01-30,A
100246,William,Kelley,christina68@example.com,642-639-8243,2022-05-26,A
100247,Cindy,Randall,arnoldsarah@example.net,262-331-5918,2020-03-25,I
100248,Gregory,Hanson,todd81@example.com,944-422-6147,2018-09-09,A
100249,Jeffery,Martin,erikafrost@example.net,853-890-6231,2025-12-28,A
100250,Amanda,Mcdaniel,markrandall@example.com,393-466-5612,2020-03-15,A
100251,Zachary,Meyer,rbrown@example.net,270-338-0434,2025-09-16,A
100252,Robert,Peters,tammy42@example.org,109-983-0183,2015-04-25,I
100253,Connie,White,nicoleyoung@example.org,958-724-4497,2024-11-23,A
100254,April,Young,amy51@example.net,856-953-4135,2024-08-12,A
100255,James,Becker,thomasmatthew@example.com,872-396-9330,2022-02-10,P
100256,Alexander,Macdonald,randy40@example.com,497-951-3818,2017-01-25,A
100257,Laura,Black,juan44@example.org,949-773-1370,2019-05-07,A
100258,Joshua,Cooper,rhooper@example.net,908-597-0555,2021-12-07,A
100259,William,King,jporter@example.net,363-716-7824,2022-03-05,A
100260,Natasha,Rogers,tjohnson@example.net,877-540-9287,2021-03-31,P
100261,Christopher,Sexton,qcastaneda@example.org,773-498-8031,2017-06-25,A
100262,Amber,Boone,ashley55@example.org,157-924-4173,2024-01-21,P
100263,Michael,Burton,amandaburton@example.net,901-020-4911,2023-08-28,A
100264,Jesse,Schroeder,erinromero@example.com,695-388-5569,2021-05-12,A
100265,Frank,Pratt,abigail52@example.com,715-775-8737,2023-11-07,A
100266,Johnny,Mack,kkelly@example.org,877-359-8991,2022-06-02,A
100267,Trevor,Robles,stephaniewilson@example.com,438-474-4568,2022-08-30,A
100268,Brian,Harris,sandrablake@example.com,201-339-5055,2016-06-18,A
100269,Mathew,Conway,nancy28@example.net,435-200-4851,2021-04-12,A
100270,Emily,Ryan,cwaters@example.com,101-995-7306,2022-04-18,A
100271,James,Rogers,melissa95@example.net,441-989-1438,2022-06-01,A
100272,Michael,Shaw,eric41@example.com,198-193-8673,2022-07-24,A
100273,Janet,Martinez,hawkinscody@example.com,402-608-7409,2018-09-21,A
100274,Rhonda,Flores,baileyamber@example.com,324-151-0653,2019-08-30,A
100275,Carl,Williams,duncanallen@example.org,379-447-7825,2014-09-13,A
100276,Jose,Guzman,danielnunez@example.net,606-324-1515,2015-05-31,A
100277,Jon,Pennington,lowescott@example.net,667-882-7686,2015-02-20,A
100278,Ashley,Raymond,taylordyer@example.com,321-116-9741,2024-09-29,A
100279,Lynn,Scott,amy75@example.com,337-280-3275,2022-06-05,A
100280,Christian,Pierce,wphillips@example.net,878-270-2610,2019-06-17,A
100281,Steven,Nguyen,jamiezuniga@example.net,662-596-9153,2019-06-30,A
100282,Richard,Thompson,aaronrussell@example.org,393-032-8010,2024-09-27,A
100283,Robert,Yates,michele53@example.org,756-989-3741,2021-09-03,A
100284,William,Newman,vbaker@example.org,322-724-9305,2023-12-25,A
100285,Wanda,Byrd,gardnershane@example.net,757-288-2596,2021-12-01,A
100286,Tyler,Gonzalez,kinglauren@example.net,784-659-5006,2024-08-15,A
100287,Shannon,Anderson,jordanreginald@example.com,270-773-5097,2021-07-22,A
100288,Mark,Brennan,fmiller@example.net,486-886-0667,2016-12-02,A
100289,Kyle,Huber,gsmith@example.org,708-495-4269,2015-05-13,I
100290,Gregory,Richards,ijimenez@example.org,864-457-4544,2020-11-05,A
100291,Marcus,White,ericramsey@example.net,500-725-2379,2022-02-12,A
100292,Erin,Buck,ogarcia@example.com,128-654-6417,2021-07-25,A
100293,Kimberly,Fisher,allison63@example.net,735-899-2461,2014-10-21,A
100294,John,Tucker,rubiobryan@example.net,538-527-5888,2025-07-07,I
100295,Nicholas,Jackson,meganvargas@example.com,829-026-0793,2025-04-18,I
100296,Glenn,Morales,brandibentley@example.com,597-363-1084,2022-12-11,A
100297,Joanne,Garcia,garciaronald@example.com,171-989-3980,2019-04-12,A
100298,Kenneth,Smith,npowell@example.org,149-331-2125,2025-07-14,A
100299,Megan,Burton,emann@example.net,925-173-7377,2024-12-22,A
100300,Mary,Torres,zparker@example.org,846-810-9112,2022-02-07,A
100301,Linda,Moss,ngoodman@example.org,223-236-1061,2017-05-01,A
100302,Amy,Kaiser,hmiller@example.org,733-286-3866,2025-11-08,A
100303,Richard,Walker,mroberts@example.net,002-636-7756,2019-12-22,A
100304,Allison,Aguirre,rickytucker@example.org,122-037-4432,2023-08-30,A
100305,Jessica,Smith,burnsedward@example.com,838-793-7227,2016-06-15,A
100306,Christina,Arias,aliciajones@example.org,140-502-8173,2024-06-09,A
100307,Matthew,Rojas,melissa19@example.com,647-579-0308,2015-02-18,A
100308,Anthony,Leblanc,toddangela@example.net,566-774-4781,2018-11-02,P
100309,Kelly,Mitchell,wallerryan@example.net,331-946-7504,2025-09-24,A
100310,Debra,Fischer,andersonhoward@example.net,130-910-8806,2015-01-30,A
100311,Sandra,Cabrera,melanie30@example.net,868-006-3343,2016-07-12,A
100312,Tracy,Ford,richardtrujillo@example.com,593-154-7835,2017-12-23,I
100313,Anne,Anderson,brian22@example.net,129-045-3573,2019-12-26,A
100314,Stanley,Wilkins,hullbarbara@example.net,829-868-4130,2020-06-12,I
100315,Mark,Johnson,anthonycarter@example.com,544-006-7556,2017-07-11,A
100316,Robert,Johnson,ochoakeith@example.org,171-959-5351,2016-08-30,A
100317,Nicholas,Myers,alejandro41@example.net,591-177-0854,2023-12-27,A
100318,Robert,Bowers,thomasmelissa@example.com,217-593-9579,2021-03-21,A
100319,Donald,Shepard,austinjensen@example.net,429-783-0919,2019-11-25,A
100320,Michael,Jenkins,isaiahponce@example.com,824-683-7288,2014-06-12,A
100321,Michael,Wong,jenniferortiz@example.net,733-856-6029,2024-07-06,A
100322,Benjamin,Jones,wjohnson@example.net,818-990-4334,2018-07-10,I
100323,William,Horn,troymorris@example.com,278-416-8708,2017-07-08,A
100324,Scott,Jackson,dstewart@example.org,764-766-9907,2024-10-14,A
100325,Nathaniel,Silva,ncarney@example.net,030-976-4587,2017-12-17,A
100326,Denise,Smith,charles63@example.com,466-574-8582,2019-12-23,A
100327,Jeffrey,Martinez,nelsonaaron@example.net,030-282-0543,2016-12-04,P
100328,John,Smith,sylviajohnson@example.net,712-147-3506,2016-10-21,A
100329,Angela,Reyes,rshelton@example.net,514-111-3257,2025-05-15,A
100330,Christina,Martin,christopher38@example.com,971-845-1855,2018-03-15,A
100331,Ronald,Bell,isaiah77@example.net,398-951-3782,2015-11-26,A
100332,Christopher,Perez,lorithomas@example.com,552-333-3682,2020-03-15,A
100333,Krista,Flynn,grahamkeith@example.org,438-107-2432,2015-09-16,I
100334,Nicole,Mccann,christopher53@example.com,611-755-1046,2023-01-02,I
100335,Ryan,Thompson,erica44@example.net,374-784-1936,2017-04-11,A
100336,Scott,Norris,nfarrell@example.org,089-583-0219,2018-09-09,A
100337,Madison,Bowman,opaul@example.org,739-260-0971,2021-11-15,A
100338,Rita,Obrien,floresalexis@example.com,594-870-6076,2014-03-11,A
100339,Diana,Watson,jonathanjones@example.com,243-337-2420,2014-09-26,A
100340,Patrick,Hart,jamie15@example.org,575-217-7473,2022-06-19,A
100341,Andrea,Carter,elizabethroth@example.org,044-219-2485,2020-08-14,A
100342,Jay,Larsen,dcannon@example.org,132-733-2093,2019-07-26,A
100343,Stephanie,Douglas,martha38@example.com,320-950-5529,2014-03-13,P
100344,Pamela,Fox,alvarezsamantha@example.net,413-354-4204,2019-06-23,A
100345,Michael,Peters,millssandra@example.com,420-462-7604,2021-09-10,A
100346,Heather,Burch,jessica26@example.com,001-251-1468,2021-04-21,A
100347,Sally,Campbell,savagemichael@example.com,347-092-6645,2020-03-20,I
100348,Katie,Anderson,justingarrett@example.net,938-240-6902,2023-12-05,A
100349,Ronald,Munoz,twilson@example.net,361-904-5980,2025-01-14,A
100350,Elizabeth,Burch,athomas@example.org,202-626-7612,2017-12-29,A
100351,Patrick,Tyler,johnsonthomas@example.com,672-027-3656,2025-02-02,P
100352,Mark,Massey,bswanson@example.net,969-107-2139,2016-08-25,A
100353,Melissa,May,jessica60@example.org,623-761-3243,2017-07-10,A
100354,Samantha,Washington,fmoore@example.com,587-066-7859,2022-06-17,A
100355,Cole,Pearson,michelle15@example.com,839-973-5535,2017-03-19,A
100356,Barbara,Gamble,ramirezdaniel@example.net,662-939-4795,2025-09-19,A
100357,Michael,Ortega,robertyoung@example.com,252-708-2475,2015-05-11,A
100358,Jennifer,Bowman,elaine30@example.net,243-456-1434,2015-11-07,A
100359,Jack,Skinner,tyler99@example.org,976-308-4218,2025-06-08,A
100360,Christian,Zavala,alvaradojamie@example.net,174-784-6532,2017-05-10,A
100361,Andrea,Patton,cgrimes@example.com,500-284-9534,2015-07-30,A
100362,Michael,Webb,rebeccarogers@example.net,153-731-2091,2015-05-23,A
100363,Russell,Dominguez,ellisbrooke@example.org,340-018-4422,2020-02-17,A
100364,Aaron,Cohen,heatherbrown@example.com,760-052-4955,2020-05-03,A
100365,Ryan,Johnson,antoniorussell@example.com,468-185-2742,2016-08-04,A
100366,Logan,Castro,michaellynch@example.org,043-837-4225,2017-10-15,A
100367,Jonathan,Bowen,michaeldiaz@example.org,868-710-4609,2018-11-24,A
100368,Kevin,Clark,jjohnson@example.org,190-767-7809,2020-12-07,A
100369,Molly,Wiggins,greggcoleman@example.net,919-184-8392,2014-08-20,A
100370,John,Hunt,stephenjohnson@example.com,955-414-4028,2020-08-28,A
100371,James,Park,monroeann@example.org,883-196-6266,2024-08-23,A
100372,Peggy,Foster,agarcia@example.com,167-580-4118,2025-12-09,A
100373,Karen,Davis,jessica14@example.net,490-556-0753,2018-04-29,A
100374,Haley,Moore,thomasjennings@example.net,203-006-1791,2016-12-12,A
100375,Brenda,Barr,john31@example.org,488-726-5069,2020-10-09,A
100376,Matthew,Myers,logan64@example.org,929-611-9012,2024-06-05,A
100377,Charles,Glass,schultzcole@example.net,789-785-9155,2016-03-29,A
100378,Barbara,Berry,jonathon21@example.org,122-156-7125,2024-07-02,A
100379,William,Jacobs,jennifer24@example.net,349-713-9504,2021-12-27,A
100380,Andre,Melton,mhughes@example.org,392-313-4241,2017-09-03,A
100381,Oscar,Rodriguez,martinezkyle@example.com,496-941-8356,2025-01-30,I
100382,Rachel,Bolton,leestone@example.org,127-818-5079,2025-05-15,A
100383,Xavier,Hernandez,jennifer40@example.org,338-883-8406,2016-07-06,A
100384,Samuel,Ruiz,simmonsmichael@example.net,066-865-7813,2018-08-23,A
100385,Shannon,Scott,kelly48@example.com,773-929-1217,2024-06-24,P
100386,John,Morris,lindsay57@example.net,339-446-1780,2015-10-26,A
100387,Brittany,Berry,sullivandaniel@example.com,617-970-7582,2017-09-26,A
100388,Jessica,Hood,obrienaaron@example.org,717-793-1314,2016-08-25,A
100389,Nicholas,Murray,williamrowe@example.org,970-577-3409,2017-12-04,A
100390,John,Henry,alopez@example.net,611-635-4554,2020-03-30,P
100391,Johnny,Bennett,jennifer67@example.net,411-782-2094,2022-05-21,P
100392,Abigail,Brooks,michele17@example.net,681-080-5708,2016-04-10,P
100393,Brittany,Rogers,april07@example.org,748-516-8353,2021-05-29,A
100394,Michael,Beck,wongcharles@example.com,396-840-2842,2015-12-31,A
100395,Jason,Molina,madelinekoch@example.net,139-524-4694,2022-03-19,A
100396,Joanne,Wallace,wneal@example.com,656-054-0045,2021-07-03,A
100397,Shelley,Hoover,iaguirre@example.com,267-952-0330,2025-10-11,A
100398,Jessica,Schwartz,robert15@example.net,472-349-0954,2022-03-16,A
100399,Tammy,Decker,pamelaknight@example.com,548-870-9570,2021-11-05,A
100400,Charles,Rodriguez,rossmichael@example.com,570-365-6740,2020-01-26,A
100401,Christopher,Martin,amanda60@example.org,712-303-3609,2016-07-21,A
100402,Kristin,Mayer,thompsonrichard@example.com,610-783-1693,2016-10-17,A
100403,Calvin,Richards,ysmith@example.com,658-313-5789,2015-03-29,A
100404,Bradley,Lewis,thomasbrett@example.net,962-487-4153,2022-09-07,A
100405,Edward,Garcia,henrytoni@example.org,324-358-5777,2017-02-17,A
100406,Faith,Mccann,michaeloneal@example.net,371-281-3966,2018-05-08,A
100407,Noah,Phillips,sara05@example.com,300-289-6796,2025-08-19,I
100408,Jeremy,Simpson,sarahpotter@example.net,799-103-8209,2021-05-01,A
100409,Richard,Montes,michelle12@example.net,561-471-1176,2018-01-24,A
100410,Scott,Cortez,rayshelby@example.net,685-698-1552,2014-10-18,A
100411,Brenda,Rios,kward@example.com,926-536-0554,2019-01-07,A
100412,Bruce,Dominguez,kroth@example.net,351-705-3595,2022-07-27,A
100413,Charles,Bradley,fwilliams@example.net,493-162-4702,2015-02-27,A
100414,Todd,Anderson,spencervictoria@example.com,390-657-6956,2015-08-16,A
100415,Lisa,Parks,rebecca44@example.net,591-685-6117,2017-06-24,A
100416,Tammy,Huffman,patriciacole@example.org,544-030-0389,2022-10-15,A
100417,Elizabeth,Summers,jpeters@example.org,635-812-8163,2023-06-03,A
100418,Michelle,Nelson,michael69@example.com,020-272-2785,2024-10-28,A
100419,Mark,Rios,sharongonzalez@example.org,461-212-0095,2016-12-26,A
100420,Alvin,Smith,khughes@example.com,459-998-4149,2022-02-17,I
100421,Jamie,Henderson,dwayne45@example.net,604-490-3890,2014-11-22,A
100422,Bryan,Esparza,derekhenderson@example.org,483-354-3116,2021-10-07,A
100423,Elizabeth,Williams,larry55@example.com,787-017-7645,2014-07-01,A
100424,Christine,Robinson,ronald76@example.com,931-832-5028,2015-12-12,A
100425,Timothy,Ryan,nrodriguez@example.org,658-798-4370,2023-10-14,I
100426,David,Johnson,shannon71@example.com,728-921-0692,2016-11-13,A
100427,Maurice,Carroll,alicia75@example.com,661-802-2037,2016-10-06,A
100428,James,Cooper,csoto@example.com,512-666-4020,2014-11-26,A
100429,Joseph,Rivas,glenda28@example.org,956-552-4502,2024-09-22,A
100430,Regina,King,tracy10@example.org,136-625-4988,2018-12-27,A
100431,Kristen,Horton,snewton@example.org,906-647-6231,2021-06-16,A
100432,Ronald,Marsh,mlewis@example.com,604-944-5743,2024-09-30,A
100433,Gary,Adams,lorigutierrez@example.org,409-329-3538,2023-10-30,A
100434,Gregory,Wilson,myersandrew@example.org,737-819-3622,2016-07-04,A
100435,Cassandra,Gay,amanda59@example.net,556-427-2432,2014-09-23,A
100436,Misty,Walker,andrewboyle@example.com,899-433-2057,2017-09-02,A
100437,Amanda,Mcdaniel,robrien@example.com,729-445-0595,2015-02-02,A
100438,Cheryl,Matthews,jennifer47@example.net,332-967-8738,2018-11-03,I
100439,Anna,Garcia,thomasmolly@example.com,426-585-4331,2015-02-08,A
100440,Gabrielle,Roberts,logansarah@example.com,563-309-5084,2015-07-14,P
100441,Robert,Flores,deborah55@example.net,375-706-5357,2025-09-23,A
100442,Connor,Gates,luke88@example.org,675-965-8886,2024-07-16,A
100443,George,Hawkins,cummingsbryan@example.net,647-570-2980,2015-03-30,A
100444,John,Williams,angelathompson@example.net,397-980-9377,2023-05-09,A
100445,Christopher,Klein,ricemegan@example.net,145-625-0396,2014-04-12,A
100446,Michelle,Erickson,anthonywilliams@example.com,168-295-0901,2023-05-29,A
100447,Dawn,Wallace,gabriella61@example.org,330-383-7002,2020-04-24,A
100448,Cody,Rodriguez,jasonmccormick@example.org,386-879-4085,2016-09-25,A
100449,Jeffrey,Watts,rpage@example.com,285-739-5053,2024-08-22,A
100450,Andrea,Sweeney,chorton@example.org,177-357-2180,2016-08-24,A
100451,Steven,Erickson,lscott@example.com,988-674-0963,2021-07-06,A
100452,Morgan,Lewis,evelynbell@example.net,283-988-2411,2015-11-27,A
100453,Erin,Pugh,cdowns@example.org,937-781-1372,2025-05-02,A
100454,Jacob,Black,ppayne@example.com,713-867-9428,2015-12-24,A
100455,Joseph,Perez,robert89@example.net,836-311-7059,2020-07-18,P
100456,Brittany,Kim,joyce16@example.com,650-715-5300,2024-09-06,A
100457,Tammy,Mitchell,nicholsdenise@example.com,557-078-3464,2024-01-28,A
100458,Amber,Coleman,kburns@example.com,459-663-2235,2017-08-15,A
100459,Brenda,Kelley,stewartlaurie@example.org,093-266-2596,2023-11-17,A
100460,Christopher,Arellano,james64@example.org,769-300-8705,2015-07-29,A
100461,Justin,Johnson,qjoseph@example.org,993-930-7986,2020-06-27,A
100462,Danielle,Valdez,lwheeler@example.net,897-918-5294,2022-02-26,I
100463,Jessica,Taylor,utorres@example.com,976-872-4366,2024-05-14,I
100464,Thomas,Vasquez,thomashill@example.org,409-207-5362,2020-01-31,A
100465,Laurie,Alvarado,robertgarrett@example.net,938-484-1581,2014-12-05,A
100466,Allison,Robinson,kylemoses@example.net,817-273-4910,2015-02-06,A
100467,Michael,Patterson,mross@example.com,860-176-7250,2025-06-16,A
100468,Shelly,Cole,john92@example.org,356-542-3018,2024-05-21,A
100469,Matthew,West,brian59@example.org,025-005-3205,2021-02-15,A
100470,Natalie,Flynn,msmith@example.com,222-275-6344,2018-03-07,A
100471,Daniel,Burnett,matthewross@example.net,642-622-8331,2016-05-18,A
100472,Christopher,Thomas,taylor33@example.org,221-539-8937,2014-01-13,A
100473,Robert,Cain,paulswanson@example.org,383-444-0867,2023-01-24,A
100474,Eric,Hamilton,robertrogers@example.org,082-727-0703,2024-04-17,A
100475,James,Bowers,daniel12@example.com,996-436-6653,2019-10-21,I
100476,Margaret,Munoz,jharris@example.net,920-132-6439,2023-04-04,A
100477,Kevin,Richards,gary35@example.net,403-012-8383,2017-07-05,A
100478,Brian,Terry,david15@example.com,622-170-7640,2021-12-29,A
100479,Richard,Kerr,bguerrero@example.com,360-584-6020,2019-04-07,A
100480,Eric,Chambers,michellemonroe@example.org,544-849-3359,2018-07-15,I
100481,Ann,Cruz,micheleanthony@example.net,275-447-2901,2020-01-18,A
100482,Thomas,Porter,qmeadows@example.net,853-693-1169,2024-10-23,A
100483,Steven,Adkins,joneselijah@example.org,206-854-5937,2024-02-20,A
100484,Keith,Vance,bowersdaniel@example.com,395-036-4841,2020-06-10,A
100485,Andrew,Brown,santosbrian@example.com,917-913-6511,2022-08-27,A
100486,Wendy,Soto,andrea05@example.net,537-932-3233,2023-12-11,P
100487,Sandra,Mata,jonathan13@example.net,285-677-9285,2022-05-07,A
100488,Lindsay,Molina,kelseyhenry@example.net,731-314-1523,2014-12-16,I
100489,Steven,Lopez,gcarr@example.net,448-678-4089,2014-11-27,A
100490,Sheena,Collins,acostadavid@example.org,912-446-0696,2021-08-31,A
100491,Desiree,Bass,cody95@example.net,990-374-6441,2022-05-08,A
100492,Jeremy,Hoffman,stephanie40@example.org,719-943-2418,2015-05-01,A
100493,Heather,Lewis,harrismichael@example.net,629-216-8199,2022-07-29,A
100494,Andrew,French,lorettacook@example.org,732-198-2089,2014-03-08,A
100495,Justin,Brown,vasquezaaron@example.org,449-753-6187,2017-05-25,P
100496,Natasha,Wood,kim91@example.net,876-815-4905,2020-02-28,A
100497,Randy,Fisher,richard47@example.org,815-968-5601,2024-09-07,I
100498,Mark,Mclaughlin,katie44@example.com,854-965-9166,2022-01-03,A
100499,David,Fleming,qwilson@example.org,437-007-0369,2015-08-13,A
100500,Michelle,Carter,thomas19@example.com,150-325-5140,2022-07-19,I
100501,Gregory,Turner,knightbrian@example.org,611-848-1304,2016-06-04,A
100502,Jennifer,Wilson,christinegardner@example.org,389-418-0739,2014-02-26,A
100503,Brian,Alvarado,kristinmartin@example.net,431-508-6919,2020-01-08,A
100504,Joshua,Graves,jason21@example.org,946-815-9321,2024-03-13,A
100505,Kyle,Hamilton,robin81@example.org,132-432-4964,2016-02-22,A
100506,James,Douglas,cassandra58@example.com,142-602-1943,2017-11-12,I
100507,Amy,Barajas,dgibson@example.org,275-834-5342,2016-08-05,A
100508,Sharon,Morrow,williamsdeborah@example.net,202-425-2921,2022-07-21,A
100509,Andrea,Reyes,kimlisa@example.net,478-747-2615,2015-09-26,A
100510,Ann,Duffy,dixonsusan@example.org,167-363-6561,2019-02-28,A
100511,Danielle,Zamora,rchurch@example.org,504-484-9440,2022-07-13,A
100512,Michael,Atkinson,josephchristensen@example.com,320-052-1938,2022-03-04,A
100513,Kiara,Barber,hubbardmatthew@example.org,174-786-4132,2021-05-03,A
100514,Katie,Baker,ryan26@example.com,278-931-5432,2019-10-13,A
100515,Emily,Kane,jacquelinesimpson@example.net,613-591-6413,2023-11-08,A
100516,Heather,King,rhondahunt@example.com,742-134-0049,2024-10-09,A
100517,Willie,Bishop,barbara85@example.net,150-486-8411,2015-12-30,A
100518,Jacob,Williams,pharris@example.org,304-064-5310,2015-11-08,A
100519,Ryan,Gonzalez,braunomar@example.net,043-145-8928,2017-09-21,A
100520,Brooke,Jones,tbeasley@example.org,125-458-5276,2020-05-08,A
100521,Benjamin,Pena,mcconnellstacy@example.com,554-501-9316,2016-04-21,A
100522,Glenn,Fox,harrisfelicia@example.org,396-012-1767,2018-01-18,A
100523,Nicholas,Miller,smithcody@example.net,997-259-5027,2015-04-12,P
100524,Tammy,Perez,oshort@example.org,109-550-2107,2019-10-07,A
100525,Renee,Willis,alicialee@example.net,218-345-6341,2014-12-17,I
100526,Tammy,Nichols,nicholasmata@example.org,324-221-4930,2014-04-17,A
100527,Gail,Davenport,caroline22@example.net,549-452-4967,2016-02-08,A
100528,Lisa,Cabrera,mcclainmichelle@example.net,370-704-8324,2024-11-06,A
100529,Randall,Clark,tschmitt@example.com,630-964-7569,2017-10-29,A
100530,Lisa,Taylor,qgonzales@example.net,840-228-1982,2017-07-02,A
100531,Jeffrey,Barber,castilloaaron@example.net,470-634-4911,2019-12-17,I
100532,Juan,Thompson,joel89@example.net,272-146-1710,2023-01-08,A
100533,Megan,Townsend,adam19@example.com,928-439-7895,2020-04-29,A
100534,William,Moore,vincentrich@example.com,955-837-0312,2021-10-08,A
100535,Rachel,Thomas,nancybryant@example.net,291-742-3499,2017-06-05,P
100536,John,Schneider,todd89@example.org,469-794-1343,2016-01-05,A
100537,Pamela,Castillo,batesjennifer@example.net,620-167-5829,2025-01-30,A
100538,Daniel,Jones,debramorris@example.net,418-883-1005,2019-12-28,A
100539,Sharon,Rivera,alexis62@example.com,803-052-0901,2014-03-07,A
100540,James,Briggs,fwright@example.net,921-475-7893,2016-10-22,P
100541,Sara,Garrison,jcarrillo@example.com,294-809-7870,2020-06-21,A
100542,Matthew,Flores,mooredana@example.net,959-939-0705,2014-03-15,P
100543,Kiara,Aguilar,alberthudson@example.org,076-534-1314,2023-06-29,A
100544,Jonathan,Allen,daviladavid@example.net,411-502-9784,2018-01-30,A
100545,Catherine,Ross,clarkmichael@example.net,387-520-3160,2024-04-16,A
100546,Troy,Velasquez,marydillon@example.net,502-178-7973,2025-09-30,A
100547,John,Anderson,walkerrobert@example.net,394-762-9582,2023-08-26,A
100548,Jennifer,Watson,kelsey18@example.com,938-682-1469,2024-10-29,A
100549,Renee,Coleman,michelleholt@example.net,765-660-2956,2016-12-11,A
100550,Margaret,Daniels,ricky00@example.com,418-015-2325,2021-10-06,A
100551,Michael,Maxwell,harrisjasmine@example.org,349-890-6643,2017-06-03,A
100552,Walter,Doyle,osborndiane@example.net,350-481-3360,2015-06-13,A
100553,Linda,Perez,rachel61@example.com,396-481-0991,2016-04-10,A
100554,Misty,Anderson,ovelasquez@example.org,003-790-0395,2024-07-10,A
100555,Diane,Conway,michaelbarnes@example.net,441-624-9351,2023-10-11,A
100556,Walter,Williams,thompsonrobert@example.org,035-774-7048,2018-06-04,A
100557,James,Fuentes,johnsoncharles@example.com,663-868-0674,2022-01-04,A
100558,Emily,Moore,cespinoza@example.com,061-805-2697,2017-09-14,A
100559,Elizabeth,Marshall,brandygreene@example.org,765-715-2175,2023-06-20,A
100560,Thomas,Gomez,lauralawrence@example.com,582-669-0853,2021-03-14,A
100561,Sarah,Campbell,sarah95@example.com,338-874-6965,2025-09-15,A
100562,Michael,Gray,molinamaria@example.com,635-275-6051,2014-05-16,A
100563,Nathan,Williams,kristinmoore@example.org,130-542-4748,2022-12-18,A
100564,Daniel,Hart,david81@example.org,162-357-1481,2019-04-18,I
100565,Tracy,Flores,randypeterson@example.net,751-943-0164,2019-11-04,P
100566,Brandi,Davies,tina52@example.org,621-581-8163,2015-12-15,A
100567,Misty,Adams,johnweaver@example.com,098-184-9710,2019-04-01,A
100568,Jasmine,Lee,jsmith@example.net,882-921-9990,2025-10-18,A
100569,Michael,Carter,kgrimes@example.com,358-268-4273,2014-10-27,A
100570,Margaret,Hernandez,ellismark@example.org,662-259-0500,2024-11-05,A
100571,Veronica,Edwards,gainesdonna@example.net,008-618-1933,2018-12-22,A
100572,Laurie,Orr,nicholaswyatt@example.com,189-392-1595,2014-01-25,A
100573,Meghan,Lopez,alexisknight@example.org,438-326-0516,2018-10-10,A
100574,Arthur,Morales,caldwellmichael@example.org,852-464-1414,2018-06-01,I
100575,Christopher,Phillips,anthony18@example.org,632-373-9585,2022-07-19,A
100576,Megan,Mccullough,jonathan74@example.org,175-613-8046,2025-07-25,A
100577,Mario,Gomez,woodnicholas@example.org,735-977-5468,2024-01-20,A
100578,Erik,Gonzales,virginia53@example.com,168-797-6748,2023-11-03,A
100579,Kevin,Myers,kmitchell@example.com,830-632-8520,2023-04-12,A
100580,Kevin,Hawkins,derek87@example.com,071-247-4470,2017-10-04,A
100581,Alex,Walker,victoriajimenez@example.com,667-972-2577,2014-06-17,A
100582,Samantha,Snyder,mjames@example.com,238-831-7702,2020-07-09,A
100583,William,Burch,xreyes@example.com,371-740-6558,2017-06-14,A
100584,Steven,May,rojasjoseph@example.com,197-499-1959,2020-05-12,A
100585,Tracy,Yang,allenpaul@example.org,442-754-9208,2019-08-03,I
100586,Ryan,West,peter02@example.org,254-418-5779,2024-09-25,A
100587,Daniel,Freeman,fcampbell@example.org,352-589-7409,2025-12-13,I
100588,David,Morgan,ddouglas@example.net,460-262-5072,2014-03-21,I
100589,Joan,King,hmiddleton@example.net,519-054-0514,2020-06-28,A
100590,Reginald,Macias,qscott@example.com,372-407-4059,2019-02-06,I
100591,Manuel,Campbell,mcdanielsamuel@example.org,150-714-7704,2016-05-03,A
100592,Brett,Harrison,gwright@example.com,773-170-6926,2014-09-15,A
100593,Sharon,Stewart,ymosley@example.org,870-687-8871,2020-03-23,A
100594,Melissa,Stone,stevencobb@example.com,772-380-9849,2023-06-10,A
100595,Michael,Nunez,uholmes@example.com,347-819-7867,2023-08-31,A
100596,Lisa,Morgan,michael76@example.net,456-005-9224,2015-05-29,A
100597,Kristin,Gilbert,benderronnie@example.org,195-059-8603,2015-01-03,I
100598,Joshua,Scott,patrickthomas@example.org,123-263-6605,2018-04-12,A
100599,John,Santana,robertboyd@example.org,407-073-6837,2023-06-24,I
100600,Joshua,Jackson,igonzalez@example.org,248-948-2024,2016-09-10,A
100601,Robert,Hart,melissaruiz@example.com,272-228-4571,2019-07-18,A
100602,Angela,Green,gilbertamy@example.com,978-253-6373,2017-06-26,A
100603,Danielle,Williams,jonesstephen@example.org,484-512-0938,2022-06-30,A
100604,Sean,Jones,gonzalesrachel@example.org,950-852-0587,2022-11-23,A
100605,Andrew,Jones,michelle79@example.org,796-899-0614,2019-07-20,A
100606,Samuel,Blankenship,stanley27@example.com,077-530-1970,2019-09-20,A
100607,Kenneth,Moran,kayla09@example.net,036-640-6998,2017-02-14,A
100608,Jason,Smith,xroberts@example.org,397-101-7385,2020-05-24,I
100609,Michael,Richardson,tiffany80@example.org,371-900-1075,2021-12-12,A
100610,Mathew,Campbell,kristen33@example.net,336-880-5804,2023-04-30,A
100611,Angela,Nguyen,jamesleon@example.net,617-848-7193,2023-06-30,A
100612,Alice,Gill,hayesblake@example.net,743-088-2722,2015-12-22,A
100613,Samantha,Gomez,kristinasparks@example.org,855-898-1289,2021-04-06,P
100614,Sarah,Jones,michaelroberts@example.net,319-232-6807,2023-12-13,A
100615,James,Donaldson,pking@example.net,313-869-3029,2016-07-05,A
100616,Ashlee,Goodman,richard08@example.net,812-804-9215,2023-04-17,A
100617,Gregory,Hardy,hilldonald@example.org,267-610-3612,2024-06-23,A
100618,Kimberly,Warner,derrick45@example.net,355-223-9461,2022-07-20,A
100619,Jacob,Carr,haynesjames@example.org,223-369-5676,2015-09-16,A
100620,John,Moore,zkelley@example.com,522-301-1815,2023-09-06,A
100621,Todd,Poole,martingregory@example.com,507-623-0037,2025-01-29,A
100622,Gina,Garza,harperanthony@example.org,783-479-1742,2017-11-12,A
100623,Nicole,Bryant,dylan54@example.net,814-416-4554,2018-12-31,I
100624,Aimee,Robinson,cwong@example.com,078-090-6719,2018-06-26,A
100625,Douglas,Ryan,jessematthews@example.net,703-005-2920,2019-08-18,A
100626,Alicia,Sims,johnrojas@example.net,395-187-0374,2020-04-21,A
100627,Derrick,Mills,raymond74@example.com,257-624-3683,2020-11-21,A
100628,John,Richmond,ucummings@example.com,236-129-2449,2014-10-02,I
100629,Kimberly,Thomas,jessicatownsend@example.net,688-806-1127,2015-05-23,A
100630,Anthony,Reed,chadflores@example.com,331-240-4446,2015-01-04,A
100631,Michelle,Scott,angeladavis@example.com,851-136-2778,2023-01-25,A
100632,Melinda,Owens,deborah60@example.org,367-490-4370,2021-11-04,A
100633,Aaron,Bates,omorales@example.org,941-655-8844,2024-02-25,A
100634,Alicia,Hayes,emilyrivera@example.com,297-379-9713,2022-09-12,A
100635,Mary,Wilson,howard31@example.org,451-096-8654,2024-09-27,A
100636,Randy,Kemp,bobbymcgee@example.org,172-092-0546,2017-09-25,A
100637,Cassandra,Mcbride,kathrynvalenzuela@example.org,694-550-4022,2014-06-25,I
100638,Jennifer,Alexander,austinsara@example.com,575-682-6405,2016-09-28,A
100639,Nathan,Johnston,carlaparrish@example.net,193-723-0472,2020-03-01,A
100640,Heather,Roy,hawkinsashley@example.com,186-474-8861,2020-12-03,A
100641,Latoya,Lee,richard43@example.com,538-712-5607,2022-04-02,A
100642,Brianna,Griffin,wmurray@example.org,635-933-9381,2016-08-24,A
100643,Amanda,Day,maryphelps@example.org,459-820-9707,2024-11-28,I
100644,John,Kelly,justin04@example.net,425-574-5331,2021-08-13,A
100645,William,Holder,juliandecker@example.net,354-770-9979,2023-02-17,A
100646,Richard,Sheppard,lvargas@example.net,040-430-8200,2022-02-15,A
100647,Gerald,Cook,susan59@example.net,000-565-2086,2021-08-05,I
100648,Dylan,Ryan,chris72@example.com,277-404-7383,2016-07-17,A
100649,Michael,Santiago,kenneth90@example.com,452-701-0451,2025-01-03,I
100650,Joseph,Stephens,kelliott@example.net,210-969-4432,2020-12-15,A
100651,Roy,Chapman,mooremelanie@example.net,195-655-0603,2021-05-04,A
100652,Jeremiah,Shelton,reedbrian@example.org,516-816-7729,2021-09-05,A
100653,Jacob,Rogers,pattersonbryan@example.com,540-051-4387,2023-09-17,P
100654,Rachel,Williams,lindarobinson@example.com,839-650-1136,2023-10-05,P
100655,Matthew,Livingston,moralessamantha@example.com,952-412-5330,2021-03-05,A
100656,Rose,Stanley,dawnlucas@example.net,062-670-4264,2018-05-25,A
100657,Stephanie,Love,cruzallison@example.com,338-916-0031,2025-08-25,A
100658,Lynn,Boyle,logan66@example.net,653-819-0578,2024-12-30,A
100659,Linda,Dorsey,johnsonangela@example.com,995-349-0524,2025-12-21,A
100660,Nicole,Nguyen,michael21@example.com,133-350-9904,2021-11-23,A
100661,Benjamin,Wood,matthew35@example.org,833-970-4409,2022-07-27,I
100662,Dominique,Wilkinson,pamela32@example.net,591-610-9913,2015-05-12,A
100663,James,Woods,kevinporter@example.com,997-044-0289,2022-06-25,A
100664,Shane,Boyd,grahamjohnny@example.net,819-962-4534,2018-03-25,A
100665,Alexis,Ferguson,salinaslinda@example.net,263-207-0509,2022-03-21,A
100666,Angela,Edwards,murphysamantha@example.com,622-702-4305,2018-11-16,A
100667,Laura,Williams,christopherdavis@example.net,878-037-5970,2022-04-06,A
100668,Danny,Williams,jimmy35@example.org,499-253-6250,2018-03-21,A
100669,Rachel,Brooks,ksmith@example.org,993-002-3166,2015-09-22,A
100670,Hunter,Welch,daniellecampbell@example.net,480-542-9390,2022-03-17,A
100671,Frank,Contreras,sarapayne@example.net,195-905-0086,2018-05-08,P
100672,Pamela,George,yelliott@example.net,597-292-0189,2017-09-16,A
100673,Ryan,Noble,ubarnes@example.org,152-188-0596,2014-10-31,A
100674,Seth,Pham,suzanne57@example.org,621-933-5181,2017-12-16,A
100675,Joshua,Griffin,renee48@example.net,053-759-3692,2016-11-11,A
100676,Andrew,Campos,johnsonmonica@example.org,977-018-4878,2022-02-26,A
100677,Kathryn,Brown,blakerobert@example.org,392-779-4742,2019-01-03,P
100678,Jacob,Matthews,douglasmckinney@example.com,493-270-5055,2017-10-21,A
100679,Christina,Kidd,sanforddaniel@example.com,986-068-5429,2021-08-24,P
100680,Gary,Gates,wallacekaitlyn@example.org,935-364-1277,2022-05-03,A
100681,Gary,Ruiz,michelle16@example.net,659-731-4078,2020-06-01,A
100682,Jack,James,gonzalezrobert@example.net,028-577-7699,2015-09-29,A
100683,Shane,Gibson,sharonnorman@example.net,127-206-9684,2017-07-04,A
100684,Ann,Valenzuela,elijahcook@example.org,649-584-1965,2022-04-09,A
100685,Kimberly,Moreno,lawrencedanny@example.org,666-038-5942,2025-03-12,A
100686,Dawn,Jones,cherylsmith@example.net,982-634-2351,2020-07-01,A
100687,Tanya,Peters,timothyfritz@example.net,525-107-4774,2018-10-15,A
100688,Alexandra,Frazier,john64@example.org,602-044-6263,2018-10-19,A
100689,Kim,Martinez,phammark@example.com,181-935-4956,2015-07-30,A
100690,Victor,Moody,emilybrown@example.org,630-225-5863,2017-04-08,A
100691,Carolyn,Roy,rhodesamanda@example.com,345-506-3482,2018-11-25,P
100692,Justin,Taylor,michaelmccoy@example.org,938-565-2911,2025-09-14,A
100693,Kara,Johnson,lindseygoodman@example.com,889-687-5656,2024-10-15,A
100694,Rachel,Cox,palmerhannah@example.net,380-426-7512,2022-04-27,A
100695,Linda,Gomez,joseph51@example.net,975-693-5878,2015-12-27,A
100696,Jerome,Thomas,audrey75@example.com,083-819-8465,2014-12-13,A
100697,Gabriel,Valdez,james75@example.org,013-812-3868,2017-04-14,I
100698,Robin,Larsen,jane67@example.org,904-019-6637,2025-07-08,A
100699,Brian,Fitzgerald,amandatyler@example.com,229-743-9326,2024-09-11,A
100700,Ian,Mueller,olsonkathy@example.com,084-795-2315,2016-08-08,A
100701,Laura,Garza,kellerolivia@example.net,997-263-0541,2024-04-19,A
100702,Devin,Johnson,jackford@example.org,115-253-9813,2024-04-11,I
100703,Michael,Lin,jpalmer@example.net,212-677-9080,2024-03-22,I
100704,Shelley,Miller,millerlinda@example.com,838-236-5421,2025-12-25,A
100705,Mark,Anderson,adavis@example.org,491-062-4944,2016-05-06,A
100706,Jenna,Miranda,tara72@example.org,641-599-0723,2021-11-10,A
100707,Jon,Brown,christinadawson@example.com,790-941-7892,2017-02-07,I
100708,Brianna,Daniel,johnday@example.org,356-053-7890,2015-04-28,A
100709,Maureen,Bridges,deleonmichael@example.net,220-484-8653,2014-05-30,A
100710,Natalie,Hayes,corey38@example.com,359-297-4078,2025-05-24,A
100711,Cathy,Koch,joseph52@example.net,839-412-5770,2014-03-08,A
100712,Ryan,Burns,vvasquez@example.net,918-202-8925,2025-08-24,I
100713,Raven,Miller,alexandria43@example.com,257-703-4771,2021-11-19,A
100714,Jeffrey,Thomas,ericmolina@example.net,073-171-2223,2016-11-02,A
100715,Cheryl,Delacruz,davistammy@example.com,054-140-9269,2020-11-19,A
100716,Jason,Barrett,vincent72@example.org,105-592-9931,2017-08-09,I
100717,Ashley,Lewis,jeffrey36@example.org,214-326-1006,2015-01-17,A
100718,Amber,Wyatt,nhowell@example.com,309-298-6760,2020-08-08,A
100719,Michael,Kane,phamemily@example.net,124-619-0206,2017-10-10,A
100720,Ann,May,julie04@example.org,610-879-6301,2022-08-23,I
100721,Jennifer,Sanchez,shawnsmith@example.com,474-998-6021,2018-03-01,A
100722,Marisa,Benitez,kevin25@example.com,803-954-2018,2025-06-30,A
100723,Christina,Allen,obutler@example.com,818-829-9787,2025-08-17,A
100724,Laura,Stanton,matthew07@example.net,440-163-4168,2022-05-26,A
100725,Jason,Curry,cassandra62@example.org,594-765-3579,2020-03-03,A
100726,Lisa,Robles,elizabeth63@example.com,928-577-5251,2023-07-09,A
100727,Wendy,Avery,perry54@example.net,784-350-5647,2021-12-19,A
100728,Victoria,Skinner,silvawayne@example.com,692-798-1712,2023-03-11,I
100729,Tammy,Santiago,mullenjared@example.org,652-326-6738,2021-01-20,A
100730,Brittany,Russell,juliegreen@example.org,706-918-9188,2018-02-17,A
100731,Melissa,Campbell,melissa45@example.net,456-054-4006,2022-05-07,I
100732,Sierra,Beck,greenchris@example.com,988-463-0443,2014-05-19,I
100733,Robert,Knox,rhayes@example.net,951-120-4376,2022-03-01,A
100734,Sherry,Mitchell,ericdawson@example.com,922-038-3455,2025-08-27,A
100735,Brenda,Myers,stewarttheresa@example.com,310-004-0455,2024-12-17,I
100736,William,Allen,justinlee@example.org,438-658-4994,2017-12-04,A
100737,Tara,Kim,dochoa@example.com,340-689-1840,2014-03-12,A
100738,Stephen,Allen,ronnie57@example.com,664-318-7461,2022-07-27,A
100739,Hunter,Chapman,jgonzalez@example.com,521-214-8292,2014-01-07,A
100740,Nicole,Neal,rjones@example.net,063-675-7358,2020-12-22,I
100741,Jose,Flores,llopez@example.org,765-122-6802,2024-04-14,A
100742,Diana,Powers,fishervirginia@example.net,080-421-1101,2020-12-18,A
100743,Charles,Hall,dan30@example.org,751-734-8865,2017-07-18,A
100744,David,Huang,nancy70@example.com,417-025-8878,2014-12-09,A
100745,Haley,Andrews,ylang@example.org,772-841-5859,2018-03-07,A
100746,Isaac,Robertson,nicholscarla@example.com,498-089-8326,2018-05-15,A
100747,Aaron,Brennan,brianochoa@example.com,281-999-5010,2019-05-18,A
100748,Victor,Thompson,ryanchambers@example.com,044-622-4133,2021-09-21,A
100749,Cynthia,Nelson,andersonchristine@example.net,391-891-6226,2021-04-20,A
100750,Alexander,Williams,cvega@example.org,591-210-6049,2020-12-07,A
100751,Julia,Walls,lee23@example.com,596-408-2771,2018-10-25,A
100752,Catherine,Delgado,jamestaylor@example.org,076-615-6598,2022-08-02,A
100753,Hayley,Henderson,robersondenise@example.com,625-022-6758,2023-01-10,A
100754,Jeffrey,Rice,stevengray@example.org,756-123-1955,2018-04-25,A
100755,Ryan,Patel,kathleen10@example.com,858-871-5097,2020-08-11,A
100756,Lisa,Rodriguez,christine92@example.org,067-978-2540,2022-04-23,A
100757,Christopher,Bentley,mgarrison@example.org,794-844-3728,2017-07-30,A
100758,Michael,Martin,amymckay@example.org,193-059-2518,2017-01-24,A
100759,Jacob,Bond,ariastina@example.net,602-455-9351,2025-04-27,A
100760,Steve,Collins,seansullivan@example.org,230-743-1940,2024-12-02,P
100761,Susan,Cunningham,caldwellandrea@example.com,608-671-9669,2015-03-30,I
100762,Tina,Cox,mhawkins@example.org,622-401-9833,2014-12-01,A
100763,Sean,Miller,andrea01@example.net,295-015-7661,2021-09-06,A
100764,Anthony,Malone,christian03@example.net,837-923-2043,2025-06-16,A
100765,Dylan,Diaz,matthew38@example.org,317-199-6634,2021-11-04,A
100766,Robert,Jackson,moorerachel@example.com,768-035-8689,2019-06-23,A
100767,Scott,Martinez,parksdebra@example.net,654-919-8891,2018-11-14,A
100768,Ashley,Lutz,laurenperry@example.org,476-830-1595,2025-09-12,A
100769,Kevin,Smith,tcervantes@example.net,607-915-0744,2017-12-22,A
100770,Ashley,Sullivan,sbyrd@example.org,739-603-8515,2021-01-01,A
100771,Robert,Webb,aaron23@example.com,924-788-7854,2015-05-15,A
100772,Paula,Fleming,qmays@example.com,444-405-5575,2017-02-05,A
100773,Christopher,Kelly,cgonzalez@example.com,703-815-4595,2019-04-24,A
100774,Lori,Brown,donald45@example.net,629-835-3745,2022-01-12,A
100775,Sheryl,Ward,elizabethbrady@example.com,801-538-9002,2020-11-27,A
100776,Eric,Johnson,bradleyroberson@example.com,242-924-9161,2021-06-26,A
100777,Kelly,Hernandez,vbecker@example.net,669-838-8659,2018-09-24,A
100778,Gregory,Beard,christopherflynn@example.org,723-898-3128,2020-04-14,A
100779,Erik,Chang,natalie63@example.net,121-264-9193,2015-02-17,A
100780,Joel,Perez,wrobertson@example.net,631-499-7468,2017-03-03,A
100781,Brandon,Smith,stephenwillis@example.com,088-303-3778,2017-06-09,A
100782,Jamie,Murphy,crystalporter@example.com,656-953-6291,2021-06-20,I
100783,Michael,Glenn,tshaw@example.com,113-799-2922,2020-10-28,A
100784,Joyce,Mcneil,fitzgeraldmelissa@example.com,424-756-1425,2021-12-22,A
100785,Patricia,Kennedy,christopher44@example.com,132-564-6211,2024-12-02,A
100786,Tyrone,Brown,wyoung@example.com,108-694-1422,2014-12-09,A
100787,Sarah,Maldonado,michael43@example.org,176-862-3015,2019-03-12,A
100788,Kenneth,Henry,sheila74@example.net,651-535-1579,2020-03-26,A
100789,Adam,Hill,rickyrobinson@example.com,290-967-4025,2016-09-10,A
100790,Danny,Baker,tammyfrancis@example.org,761-949-6333,2015-02-04,P
100791,Carolyn,Williams,jorgenewton@example.net,072-730-9092,2022-06-13,A
100792,Travis,Myers,jennifer03@example.net,444-731-1534,2017-04-12,I
100793,Mary,Boyd,matthew09@example.net,499-893-4390,2019-05-19,A
100794,Michele,Hardin,lgreen@example.net,871-179-3427,2015-06-14,A
100795,Wanda,Davis,melaniekerr@example.com,683-941-3879,2017-12-06,A
100796,Jeffrey,White,helen71@example.com,643-369-6453,2024-09-08,A
100797,Melinda,Green,russell47@example.net,405-086-9329,2014-11-11,A
100798,Richard,Schwartz,xwiggins@example.org,352-617-0410,2022-07-16,A
100799,Yvonne,Carter,breid@example.org,952-239-7624,2017-09-16,A
100800,Kathryn,Kirk,nmccall@example.net,208-464-8624,2020-01-22,A
100801,Mark,Ellis,emilyreyes@example.org,043-425-9244,2023-01-06,A
100802,Curtis,Cohen,allisongraham@example.net,209-429-5281,2014-03-24,P
100803,Angela,Murray,maryvargas@example.net,525-263-0839,2016-11-25,A
100804,Sean,Nelson,julia20@example.com,294-632-2526,2022-11-09,A
100805,Luke,Flores,cindyross@example.com,331-905-4252,2020-03-31,A
100806,Andrew,Pope,weissmatthew@example.org,513-205-8746,2015-04-23,I
100807,Daniel,Cook,danbryan@example.org,966-514-8480,2019-07-19,I
100808,Andrew,Walker,lbaldwin@example.com,610-449-3938,2020-03-16,A
100809,Justin,Holmes,colleenmann@example.net,077-074-4343,2015-07-12,A
100810,Jody,Mann,annmatthews@example.org,344-212-5056,2020-01-17,A
100811,Joshua,Mosley,stephaniewood@example.org,474-618-0756,2025-10-28,A
100812,Ashley,Pratt,richard19@example.org,292-408-7585,2016-07-15,A
100813,Joshua,Murphy,joshua04@example.com,457-516-4697,2015-09-02,A
100814,David,Stark,kevinmcbride@example.com,552-522-1967,2014-07-03,A
100815,Kenneth,Ray,icunningham@example.org,484-736-1370,2015-04-25,A
100816,Patricia,Christian,kathleenlee@example.net,448-755-4982,2015-08-04,A
100817,Robert,Ibarra,taylorjoshua@example.com,040-035-9597,2017-03-21,I
100818,Alexis,Garner,jill74@example.org,751-680-8870,2015-09-17,I
100819,Michael,Brown,harry08@example.net,438-946-2177,2025-06-17,A
100820,Kathleen,Martin,johnsonmark@example.com,339-565-9131,2014-07-25,A
100821,Mary,Stone,hdillon@example.org,016-576-1197,2017-03-04,A
100822,Jessica,Davis,kristacompton@example.net,342-808-6616,2018-01-05,A
100823,Melissa,Webb,owilliams@example.com,454-207-0592,2024-08-20,A
100824,Jessica,Barnes,johnathan54@example.org,400-036-7754,2016-11-08,A
100825,Jordan,Hartman,nskinner@example.net,603-891-5030,2021-10-09,P
100826,Melissa,Christensen,andrea99@example.net,971-484-0696,2024-12-17,A
100827,Jaclyn,Hamilton,jennifer52@example.net,948-138-7710,2024-08-11,A
100828,Ronald,Anthony,nicholsoncharles@example.net,910-656-1057,2020-06-29,A
100829,Michelle,Blake,lesliewebb@example.com,543-852-5808,2019-02-07,A
100830,Kevin,Robinson,andersonscott@example.com,019-961-5263,2018-09-06,A
100831,George,Miller,wgardner@example.com,760-664-5375,2023-07-05,A
100832,David,Silva,andrewpalmer@example.net,915-418-7000,2016-09-29,A
100833,Elizabeth,Hill,umartin@example.org,705-895-2734,2017-06-20,A
100834,Jacqueline,Murphy,ryanmichele@example.net,419-855-1350,2025-08-18,A
100835,Rachel,Smith,donna24@example.net,924-865-3242,2022-08-18,A
100836,Susan,Abbott,kennethsilva@example.org,675-124-8507,2022-06-19,I
100837,Ryan,Williams,qjennings@example.com,238-937-9959,2019-10-01,A
100838,Jennifer,Romero,christensenjennifer@example.org,866-753-0991,2015-08-01,P
100839,Christina,Olsen,ramirezjennifer@example.org,218-310-7250,2015-10-20,A
100840,Deanna,Berry,gmitchell@example.net,413-555-3097,2017-12-24,A
100841,Mary,Allen,wgeorge@example.net,847-478-0188,2018-09-29,P
100842,Sarah,Hernandez,ograves@example.com,505-778-8386,2020-07-29,A
100843,Stephanie,Moore,wilsonshawn@example.com,959-779-5923,2018-04-26,A
100844,Heather,Rhodes,shellymason@example.com,795-075-3359,2014-01-18,A
100845,Denise,Morris,tbrown@example.org,629-767-8929,2018-11-25,A
100846,Kara,Little,montgomerysusan@example.com,414-613-6673,2020-07-30,A
100847,Matthew,Lopez,palmernicole@example.net,808-676-7925,2024-12-08,A
100848,Patricia,Bryant,valeriesherman@example.org,430-589-9378,2022-11-26,I
100849,Peter,Golden,michael33@example.org,256-718-5438,2015-03-08,A
100850,Christopher,Montes,hartedwin@example.net,088-313-4175,2018-10-23,A
100851,Chelsey,Cisneros,calderonbriana@example.net,554-956-5499,2025-02-07,A
100852,John,Martinez,bcampos@example.org,340-602-3664,2015-10-30,A
100853,Brandi,Owens,sharonlong@example.net,069-348-5072,2021-09-17,A
100854,Maria,Peck,callahanrobert@example.com,799-036-6280,2024-05-07,A
100855,Aaron,Dudley,rodriguezbrendan@example.com,130-172-9846,2018-01-10,A
100856,Christopher,Harrison,darmstrong@example.com,918-457-0423,2018-03-10,A
100857,Tony,Barnett,courtneydouglas@example.com,898-890-2851,2025-12-17,A
100858,Anthony,Patel,charles24@example.org,852-891-8332,2021-01-09,A
100859,Ashlee,Pearson,ayalachelsey@example.net,149-055-2008,2022-12-07,A
100860,Stacey,Wolf,kimberlypayne@example.org,809-037-2279,2025-07-28,A
100861,Nicole,Miller,schroederrobert@example.net,326-850-4536,2023-12-26,A
100862,Patrick,Williams,julie62@example.org,008-418-7080,2014-05-29,A
100863,Rebecca,Levine,wwhite@example.com,771-825-7825,2019-09-07,A
100864,Pamela,Jensen,jennifer54@example.org,456-965-4177,2015-02-17,A
100865,Joel,Morrison,theresagarza@example.org,310-829-5057,2023-06-27,A
100866,David,Matthews,zspencer@example.net,380-184-7155,2016-01-08,I
100867,Jerry,Johnson,cody19@example.org,650-400-8281,2017-09-13,A
100868,Tony,Winters,carolyn00@example.com,738-236-2940,2024-07-20,A
100869,Andrew,Crane,vazquezrussell@example.com,650-036-9715,2022-12-11,A
100870,Joseph,Moreno,gperkins@example.com,408-568-7792,2014-10-03,A
100871,Christine,Norris,clopez@example.net,162-441-7683,2019-07-07,P
100872,Donna,Anderson,twright@example.net,229-815-5915,2015-01-10,P
100873,Scott,Diaz,robert25@example.com,095-907-9493,2019-10-07,A
100874,Erik,Evans,veronica14@example.net,301-927-8855,2021-08-19,I
100875,Deanna,Campbell,walkerjames@example.com,232-244-6105,2018-11-21,A
100876,Michael,Mann,leeelizabeth@example.com,161-448-2296,2015-10-30,A
100877,Catherine,Martinez,davisrodney@example.org,892-892-0376,2020-08-06,A
100878,Scott,Ramos,mallory01@example.com,152-842-6377,2022-11-29,A
100879,Tiffany,Herring,laurie84@example.net,203-999-9789,2016-05-27,I
100880,Jennifer,Carter,fjenkins@example.net,089-199-6334,2015-03-07,A
100881,Lisa,Nguyen,patriciahernandez@example.org,725-541-3070,2025-07-22,A
100882,Donna,Miller,xcarson@example.net,672-276-6780,2025-06-25,A
100883,Timothy,Smith,rebeccaweber@example.org,431-023-1163,2016-12-23,A
100884,Cassandra,Dickson,dennisholmes@example.net,101-183-4402,2015-06-29,A
100885,Timothy,Lee,paynechristine@example.net,755-395-4201,2020-12-15,A
100886,Vicki,Washington,todd34@example.org,548-050-7963,2022-11-06,A
100887,Timothy,Johnson,iodom@example.net,612-036-9435,2018-08-04,A
100888,Larry,Ward,clewis@example.net,591-120-5404,2020-06-11,A
100889,Mallory,Adams,nicholasbuchanan@example.com,464-340-1800,2016-05-14,A
100890,Michael,Parsons,longmichael@example.net,217-077-6920,2023-04-24,A
100891,Debra,Davis,kerrjohn@example.net,223-834-9515,2014-08-08,A
100892,Micheal,Griffith,chernandez@example.com,314-965-1143,2022-10-05,A
100893,Brandon,Brooks,johnstonabigail@example.net,418-052-3939,2018-07-05,A
100894,Kim,Payne,ifrank@example.net,419-679-4810,2023-05-17,A
100895,Darin,Watkins,carrbrandon@example.com,702-723-5351,2024-08-31,A
100896,Alan,Boone,lwatson@example.org,466-205-6741,2024-02-21,A
100897,Erik,Walls,michael99@example.org,104-331-3260,2022-12-08,I
100898,Jesse,Johnson,breanna99@example.net,941-431-5742,2019-11-11,A
100899,Jeffrey,West,youngryan@example.org,061-073-3111,2025-09-19,A
100900,Lauren,Harrison,tharper@example.net,712-790-7107,2014-06-21,A
100901,Todd,Moore,sanchezdebra@example.com,948-935-2462,2021-08-11,A
100902,Cameron,Banks,pattersonjennifer@example.net,052-517-7700,2016-11-09,A
100903,Greg,Bauer,matthewwillis@example.org,453-535-6509,2019-09-25,A
100904,Matthew,Gardner,lopezalexander@example.org,576-799-3618,2019-06-26,A
100905,Daniel,Porter,estradamargaret@example.org,739-042-2474,2023-03-01,A
100906,Kelly,Shaw,jermaine26@example.com,786-177-3129,2018-08-24,A
100907,Brian,Johnson,dbeard@example.com,652-538-7672,2019-01-15,I
100908,Matthew,Henry,pmoore@example.com,975-369-0671,2020-02-11,A
100909,Alan,Edwards,longthomas@example.org,993-238-6408,2022-11-04,A
100910,Luke,Small,angela94@example.org,760-881-6755,2021-09-11,A
100911,Garrett,Barton,qdillon@example.net,276-186-9220,2024-05-03,A
100912,Monique,Navarro,kathryn00@example.net,562-518-5959,2022-11-07,I
100913,Tyler,Jones,rsimon@example.net,401-526-4945,2025-03-17,A
100914,Samantha,Jordan,melissa26@example.net,397-065-0568,2024-03-14,A
100915,Aaron,Holland,gmyers@example.net,121-188-7461,2019-12-15,A
100916,Donna,Brown,bishopbrandon@example.net,092-521-7769,2015-06-25,I
100917,Elizabeth,Vazquez,copelandgeorge@example.net,551-934-9566,2022-06-25,A
100918,Michael,Yates,mallory22@example.com,764-480-4607,2019-03-13,P
100919,Michael,Roberts,greenanne@example.com,240-333-7585,2020-01-22,A
100920,Taylor,Mcintyre,kevinsantos@example.net,559-908-6005,2025-05-20,A
100921,William,Ford,terrellmichael@example.net,923-911-8454,2018-09-29,A
100922,Jesse,Murphy,matthewrodgers@example.com,194-785-9017,2015-01-17,A
100923,Ruben,Aguirre,nathan36@example.com,998-263-9554,2023-05-26,A
100924,Isaac,Williams,sheriwheeler@example.org,949-318-0167,2018-05-27,A
100925,Lauren,Smith,hayesbrenda@example.org,150-173-5996,2024-06-09,I
100926,Richard,Smith,jpowers@example.com,144-281-3245,2024-09-20,A
100927,Maria,Durham,wrightpatrick@example.net,005-845-5756,2023-01-18,A
100928,Phillip,Osborn,larryblack@example.com,810-438-2509,2018-09-09,A
100929,David,Morales,jennifer41@example.net,829-447-3467,2019-01-24,A
100930,Lisa,Leon,karagoodman@example.com,618-993-0124,2014-10-13,A
100931,Tracy,Woodard,danielleshaffer@example.com,087-625-3488,2024-10-04,A
100932,Marissa,Heath,colemankathryn@example.com,365-139-5358,2015-01-06,A
100933,Michael,Kennedy,andrewsjustin@example.com,549-740-1890,2021-06-23,A
100934,Juan,Miller,teresa44@example.org,091-910-5794,2014-09-16,A
100935,Stacey,Mcbride,smithshelly@example.net,471-299-7184,2017-03-26,A
100936,Brett,Johnson,jmorris@example.org,621-437-2763,2017-02-28,A
100937,Austin,Mcdowell,james46@example.org,395-744-4918,2021-03-15,A
100938,William,Edwards,kristyjones@example.com,000-935-7346,2014-03-31,A
100939,Timothy,Gonzalez,jeffreyreilly@example.org,110-245-0465,2022-02-07,A
100940,Raymond,Fernandez,eholmes@example.net,962-602-3596,2023-06-11,A
100941,Hannah,Martinez,ddixon@example.com,526-597-6089,2021-07-25,A
100942,Kevin,Tyler,wrightkaren@example.com,700-865-8262,2019-09-11,A
100943,Maria,Hart,huntsue@example.com,180-924-6246,2024-01-21,I
100944,Devon,Taylor,flittle@example.com,474-837-0790,2017-03-08,A
100945,Amber,Wright,richardmiller@example.com,026-952-6758,2020-11-23,A
100946,Robert,Alvarado,elizabethmorris@example.org,660-007-7740,2018-03-04,A
100947,Robert,Russo,robertkennedy@example.org,489-608-5962,2018-12-02,A
100948,Gabriel,Fuller,carolsmith@example.net,759-459-4243,2015-05-21,I
100949,Kristy,Cook,dustinjackson@example.net,446-682-0782,2014-12-09,A
100950,Rebecca,Woods,michaelcody@example.com,843-247-3606,2018-05-06,A
100951,Steve,Williamson,wrightnicole@example.net,409-914-2286,2023-01-24,A
100952,Shelby,Reyes,michaelrivera@example.com,183-061-1120,2017-01-27,A
100953,Jennifer,Woods,taylorjennifer@example.net,664-260-9082,2025-01-16,A
100954,Katie,Mcneil,april04@example.org,113-014-6174,2024-08-31,A
100955,Amanda,Wyatt,zrodriguez@example.com,818-831-1288,2019-05-21,A
100956,Diane,Spencer,jamesroberts@example.org,406-137-1189,2020-10-11,A
100957,Alicia,Chapman,qflores@example.org,171-557-8207,2022-12-30,I
100958,Lindsay,Bryant,walkerpamela@example.org,428-752-2013,2015-08-29,A
100959,Sarah,Sheppard,hesterkelsey@example.com,511-595-5448,2022-07-05,A
100960,Dawn,Martin,amyrobbins@example.com,955-163-1570,2019-04-09,I
100961,Kevin,Fisher,johnsonamanda@example.net,785-768-7673,2015-12-19,I
100962,David,Sawyer,fadams@example.org,467-428-5462,2018-08-13,A
100963,Jonathan,Taylor,kimberly02@example.com,136-143-7550,2015-07-05,A
100964,Lawrence,Raymond,howellpaul@example.net,825-236-6911,2025-08-07,A
100965,Edward,Jones,emily09@example.com,765-284-1262,2024-04-27,A
100966,Sarah,Ramirez,oscardawson@example.net,953-346-7181,2024-07-29,A
100967,Antonio,Wheeler,nparker@example.org,522-126-8147,2021-11-10,A
100968,Sara,Ibarra,jamie25@example.org,362-750-6842,2020-05-12,A
100969,Adriana,Kaufman,mary01@example.net,384-600-7745,2022-11-29,A
100970,Nancy,Smith,whernandez@example.org,019-856-8700,2016-06-23,A
100971,Sean,Baldwin,robert77@example.com,924-416-6623,2017-11-19,A
100972,Riley,Herrera,youngmatthew@example.org,196-424-8662,2019-12-18,A
100973,Ralph,Wolf,nyoung@example.org,855-287-7184,2025-10-28,I
100974,William,Nguyen,johnpacheco@example.org,604-470-8779,2022-06-05,A
100975,Michael,Ramos,vwebb@example.com,750-601-1350,2015-05-22,A
100976,Joe,Walker,usteele@example.com,277-364-8314,2021-06-08,A
100977,Amanda,Rice,angela78@example.org,933-421-6117,2016-07-26,A
100978,Janice,Morales,hendrixdale@example.com,283-211-0762,2020-08-26,A
100979,Anthony,Chavez,saradonovan@example.net,020-459-2079,2025-05-10,A
100980,Pamela,Richmond,sharon08@example.com,456-370-7782,2017-04-21,A
100981,James,Bates,josephbilly@example.org,038-273-1997,2021-10-15,A
100982,Thomas,Martinez,tracy70@example.net,453-724-6833,2025-05-11,I
100983,Brandon,Hernandez,samantharowe@example.net,642-899-4085,2019-02-24,A
100984,Jonathan,Sampson,david84@example.org,855-160-5044,2017-12-09,A
100985,Nicholas,Bishop,qcunningham@example.org,390-228-4494,2014-02-22,A
100986,Alicia,Foley,benjamindavidson@example.net,004-778-7785,2020-01-15,A
100987,Kelly,Moreno,mariaflynn@example.org,624-088-1028,2023-07-22,I
100988,Seth,Serrano,etorres@example.com,086-991-5820,2015-02-20,A
100989,Sara,Mcguire,xrusso@example.com,591-875-4892,2015-12-22,A
100990,Renee,Beasley,elizabeth30@example.com,374-012-7713,2015-08-04,A
100991,Nicole,Deleon,rodriguezdeanna@example.org,230-101-3417,2025-07-29,A
100992,Trevor,Bennett,douglas90@example.org,492-522-7387,2019-12-29,A
100993,Kayla,Martinez,sanchezkathy@example.com,121-174-4003,2019-07-22,A
100994,Daniel,Arnold,markpreston@example.net,748-168-8485,2019-05-21,A
100995,Robert,Lopez,shawbianca@example.com,471-626-7553,2023-01-30,A
100996,Cody,Cooper,mary69@example.com,465-506-2892,2022-01-01,A
100997,Jodi,Trevino,whowell@example.com,467-758-5085,2019-12-19,A
100998,Eric,Sanders,lynchmichael@example.net,936-496-2233,2024-03-25,A
100999,Eileen,Baker,cummingskimberly@example.org,917-750-0923,2025-08-07,I
101000,Travis,Perez,wcollins@example.org,879-608-9852,2025-05-23,A
101001,Rachel,Mitchell,cathychapman@example.net,504-309-1325,2018-02-07,A
101002,Kathleen,Rodriguez,shariyoung@example.org,972-797-4642,2024-09-16,A
101003,Nicholas,Stout,shafferpaul@example.net,506-360-1618,2021-04-03,A
101004,Alexander,Kelly,walkerdana@example.com,305-062-2121,2023-08-24,A
101005,Michael,Arnold,mlee@example.org,040-492-7453,2016-03-16,A
101006,Taylor,White,sheltonscott@example.net,112-239-5211,2023-06-28,A
101007,Virginia,Wilson,owenkatherine@example.org,663-514-4221,2025-07-31,I
101008,Kim,Norton,tristan61@example.net,364-979-1067,2016-08-14,A
101009,Christopher,Good,cburke@example.org,844-590-3127,2020-02-02,A
101010,Jeffery,Mcguire,jennifer45@example.com,030-742-1975,2024-05-01,A
101011,Kayla,Garcia,santosnancy@example.net,082-246-8137,2017-11-20,A
101012,Kathryn,Gross,heather32@example.net,827-828-7171,2024-10-31,A
101013,William,Kerr,mark50@example.net,761-163-2377,2021-01-15,A
101014,Jennifer,Reyes,heather26@example.org,075-418-1933,2018-07-26,A
101015,Misty,Evans,alyssa76@example.com,567-476-1090,2017-01-14,A
101016,Michelle,Romero,iclayton@example.com,618-591-9182,2018-06-11,A
101017,Randy,Moreno,oliviabooth@example.com,303-610-6187,2022-12-27,A
101018,Joseph,Black,joanna61@example.com,585-130-3793,2014-09-14,A
101019,Diane,Brown,pamela47@example.org,817-565-8089,2024-06-04,A
101020,Steve,Clements,grant40@example.com,736-792-1908,2016-02-07,A
101021,James,Mcdaniel,ewest@example.net,906-860-0305,2016-11-14,A
101022,Jessica,Schneider,brandy30@example.com,354-889-8965,2022-01-06,A
101023,Chad,Maddox,hhughes@example.com,630-678-0175,2018-03-08,A
101024,Daniel,Brown,nicolegarrett@example.org,468-403-1426,2014-03-27,A
101025,Jessica,Wiggins,terickson@example.org,728-592-3787,2021-11-19,A
101026,Eric,Cruz,allencasey@example.org,391-383-1085,2022-12-24,I
101027,Scott,Henry,marco92@example.org,375-200-9222,2024-08-20,A
101028,Jonathan,Jones,sara82@example.com,366-193-3363,2021-05-26,I
101029,Sean,Roberts,tphillips@example.com,611-103-1847,2025-08-20,I
101030,Christina,Jimenez,ehogan@example.com,891-939-0870,2016-11-18,A
101031,Tony,Glass,kevinmueller@example.com,029-442-2216,2025-07-27,A
101032,John,Richmond,jesse26@example.org,729-083-3540,2024-10-13,A
101033,Xavier,Bates,sarahmiller@example.org,880-913-4601,2021-01-06,A
101034,Belinda,Ramirez,robinsonjustin@example.org,006-191-2634,2018-08-21,A
101035,Christopher,Wilson,kristin92@example.net,619-970-7317,2023-10-21,A
101036,Nicole,White,williamwood@example.net,147-320-4890,2022-10-22,A
101037,Cody,Green,jordannelson@example.org,188-193-3342,2024-10-19,I
101038,Caroline,Smith,ocaldwell@example.com,987-987-4713,2015-08-22,A
101039,William,Sullivan,ryangarcia@example.com,245-897-6287,2016-12-23,A
101040,Teresa,Trujillo,stephenvaldez@example.org,739-184-2404,2016-05-21,P
101041,James,Harmon,thomasbriggs@example.net,250-228-7753,2019-07-07,A
101042,Stacy,Rodriguez,sarah60@example.com,505-580-9685,2020-10-21,A
101043,Adam,Thomas,hsmith@example.com,774-475-6705,2014-09-26,A
101044,Rebekah,Ramirez,lisharon@example.org,233-782-9665,2024-03-23,A
101045,Richard,Jackson,lindsey78@example.net,204-572-0803,2014-05-25,A
101046,Jesse,Wilson,jacob71@example.net,544-340-4307,2025-06-08,A
101047,Michaela,Harrell,ofowler@example.com,698-286-4095,2021-12-15,I
101048,Jamie,Davenport,angelalewis@example.org,618-206-4573,2014-04-10,A
101049,Dawn,Young,gilbertamanda@example.org,699-799-6566,2024-10-13,A
101050,Michael,Cortez,dylan31@example.org,033-347-9198,2016-04-17,A
101051,Anna,Aguilar,hhartman@example.net,560-357-2052,2018-10-16,A
101052,Todd,Mueller,oholmes@example.org,802-865-9488,2019-09-11,A
101053,Walter,Johnson,sanchezheather@example.net,382-853-3140,2021-05-23,A
101054,Shawn,Robertson,rjensen@example.org,052-604-0839,2025-01-26,A
101055,Wendy,Bridges,sloandavid@example.net,349-192-9148,2025-09-06,A
101056,Melissa,Wilson,chaneydavid@example.org,072-456-3976,2019-11-21,A
101057,Michelle,Lewis,cwilson@example.org,118-752-7312,2018-03-14,A
101058,Margaret,Hinton,tdiaz@example.net,893-125-1396,2025-04-15,A
101059,Cassandra,Rodriguez,wallacescott@example.net,181-508-5967,2017-04-02,A
101060,John,Garcia,kmiddleton@example.com,142-612-7871,2022-06-17,A
101061,Lisa,Moore,gloria68@example.com,754-112-5811,2019-12-20,A
101062,Rebecca,Singleton,simmonssandra@example.com,325-275-2933,2022-11-24,A
101063,Daniel,Castillo,cindy06@example.org,891-918-7549,2016-08-15,A
101064,Amy,Butler,jmcgrath@example.com,847-339-3074,2015-03-09,A
101065,Antonio,Johnson,casey15@example.com,299-826-9043,2014-11-20,A
101066,Tracy,Mills,charleshammond@example.org,014-623-1773,2020-07-09,A
101067,John,Jones,debbiediaz@example.org,595-416-2732,2022-09-17,A
101068,Miguel,Russell,rowlandwilliam@example.net,456-300-7680,2024-05-19,A
101069,Daniel,Thompson,kathy22@example.com,436-026-8789,2015-08-18,A
101070,Judith,Lloyd,gabriellacobb@example.net,576-410-2251,2014-12-17,A
101071,Shannon,Hernandez,duncanjacob@example.net,672-757-9442,2020-03-14,A
101072,Daniel,Rogers,anthonypowell@example.org,271-390-2313,2023-12-03,A
101073,Gary,Eaton,timothy86@example.net,244-587-1836,2023-06-07,A
101074,Alicia,Morgan,shirleysandoval@example.com,437-561-4157,2014-04-10,A
101075,Stacey,Carlson,brucemelissa@example.com,813-413-6192,2020-08-28,A
101076,Shannon,Brown,janetroman@example.org,592-360-3120,2022-01-23,I
101077,Jillian,Trujillo,yfisher@example.net,490-287-2521,2022-10-11,A
101078,Selena,Young,fhuffman@example.org,223-603-7643,2018-01-19,A
101079,John,Kelly,simmonscharles@example.org,659-937-2716,2015-11-21,A
101080,Jeffrey,Jones,john48@example.org,545-515-6806,2021-02-12,A
101081,Sarah,Henry,robert44@example.com,490-638-2123,2016-02-11,A
101082,Brian,Meadows,iburns@example.com,499-111-8324,2023-06-22,A
101083,Karen,Dawson,zgoodwin@example.com,231-313-2884,2016-09-16,A
101084,Patrick,Cortez,whogan@example.net,104-561-5105,2018-01-29,P
101085,Anthony,Reed,anitajohnson@example.net,800-932-2397,2016-09-05,A
101086,Alex,Mueller,elizabeth78@example.org,905-648-4699,2024-07-24,A
101087,Mark,Robinson,stewartnathaniel@example.com,122-204-5619,2022-01-10,A
101088,Allison,Boyd,sfaulkner@example.net,064-408-5667,2020-02-04,I
101089,Shannon,Carter,rachel72@example.org,828-393-0166,2023-02-13,A
101090,Patrick,Harrell,rogerspatricia@example.com,964-373-4247,2023-02-19,A
101091,Paula,Blanchard,ivillegas@example.org,849-471-4492,2021-12-19,A
101092,Michael,Medina,bkey@example.com,244-886-0299,2021-08-17,A
101093,Tracey,Martinez,tsmith@example.net,024-997-4800,2016-04-15,I
101094,Jill,Willis,loribell@example.net,486-416-0720,2020-03-12,A
101095,Michelle,Spencer,shellysmith@example.com,350-299-3779,2022-08-13,A
101096,Charles,Shaw,richard98@example.net,838-923-3503,2025-05-05,A
101097,Shawn,Love,ryanmedina@example.com,701-468-6879,2018-09-24,A
101098,John,Young,gabrielle10@example.org,386-970-7482,2018-11-23,A
101099,Mark,Roberts,shelly11@example.org,195-092-4738,2016-07-21,I
101100,Andrew,Jackson,christine46@example.com,127-861-4393,2018-11-30,A
101101,Jose,Thompson,yangashley@example.org,153-429-3029,2017-01-19,A
101102,Charles,Case,angela47@example.net,975-333-4773,2025-05-07,A
101103,Carl,Smith,janet04@example.org,414-852-5163,2019-12-29,A
101104,James,Warner,susan64@example.com,699-169-2077,2022-06-08,A
101105,Theodore,Young,frazierjames@example.com,680-336-7250,2017-04-12,I
101106,Jason,Richardson,erin61@example.org,684-865-9834,2020-02-02,A
101107,Howard,Baker,gonzaleztom@example.org,857-372-5109,2021-09-15,I
101108,Emma,Hill,luis44@example.com,209-106-1316,2020-09-11,A
101109,Margaret,Silva,adam20@example.org,216-256-1742,2022-01-04,A
101110,David,Jones,salazarandrea@example.org,897-589-8245,2019-06-16,A
101111,Michael,Rowland,shawsarah@example.com,565-751-9435,2019-11-11,A
101112,Kathryn,Conrad,stephanie07@example.com,868-058-3636,2025-02-03,A
101113,Scott,Green,benjamin57@example.com,112-185-6969,2019-11-09,A
101114,Susan,Riley,rhonda84@example.org,365-649-4554,2019-05-06,A
101115,Matthew,Vasquez,xkelly@example.com,500-536-9293,2014-04-17,A
101116,Laurie,Garcia,victor93@example.com,929-769-1759,2017-04-20,A
101117,Robert,Rodriguez,fullerstephen@example.com,630-879-9544,2014-01-26,A
101118,Tracey,Johnson,youngangela@example.net,079-662-5145,2020-05-18,I
101119,William,Velasquez,michael15@example.org,338-915-7849,2024-09-08,A
101120,Matthew,Morales,cguerrero@example.com,804-763-9440,2016-04-20,A
101121,Lori,Brown,markcarr@example.org,027-520-8673,2015-02-10,P
101122,Mackenzie,Crawford,jchen@example.org,784-002-6158,2014-04-11,A
101123,Kenneth,Hicks,carlsonreginald@example.com,846-109-0564,2025-02-01,I
101124,Brian,Gonzalez,marvin15@example.org,643-414-1168,2018-11-14,A
101125,Madison,Reeves,dferguson@example.net,096-799-3869,2017-06-01,A
101126,Katherine,Grimes,denisebarton@example.org,367-849-3043,2018-04-17,P
101127,Evan,Young,gibarra@example.net,038-587-9930,2019-07-09,A
101128,Christine,Huang,christopher74@example.com,648-888-3857,2023-03-06,A
101129,Sara,Clark,joshualewis@example.net,081-797-7698,2025-09-30,A
101130,Brenda,Webb,sarahgraves@example.com,763-590-1635,2018-04-09,A
101131,Hector,Fox,mario42@example.net,183-043-0659,2021-05-03,P
101132,Randy,Flowers,scott83@example.com,126-974-2047,2014-08-23,A
101133,Raymond,Richardson,williamwhite@example.com,688-626-5072,2025-07-27,A
101134,Darryl,Olson,jstout@example.net,001-712-8084,2021-07-26,A
101135,Barbara,Buckley,cooperstephanie@example.com,562-151-1908,2017-01-01,A
101136,Diamond,Klein,sheila53@example.org,283-351-8750,2019-08-18,A
101137,James,Davis,edouglas@example.net,389-504-0099,2024-03-13,A
101138,Valerie,Diaz,karen14@example.com,245-300-1628,2021-10-25,A
101139,Caleb,Velazquez,ingramtraci@example.com,840-972-6319,2014-03-09,A
101140,James,Graves,bgraham@example.net,900-743-1032,2019-07-22,A
101141,Christopher,Rice,christopherking@example.org,654-733-0487,2021-03-22,I
101142,Tracy,Stuart,sward@example.net,833-256-0613,2024-01-03,I
101143,Monica,Webb,garciajames@example.net,658-029-1111,2019-02-25,A
101144,Jacob,Adams,jonescurtis@example.org,439-217-1335,2018-11-10,A
101145,Richard,Bryant,kylecrawford@example.com,418-390-0123,2022-11-28,A
101146,Cody,George,patricia70@example.org,581-294-6254,2024-06-02,I
101147,Julie,Weaver,marshallkeith@example.org,305-888-8039,2024-08-03,A
101148,Lee,Gonzales,sbradford@example.com,119-349-5270,2014-05-24,A
101149,Mark,Turner,davisjohnathan@example.net,355-150-0708,2024-04-28,A
101150,Tammy,Goodman,timothy60@example.org,940-563-3416,2015-05-09,A
101151,Emily,Rivers,jared45@example.com,600-810-2376,2025-11-15,P
101152,Rachel,Patterson,holmesthomas@example.net,001-379-4002,2022-05-14,A
101153,James,Nguyen,lori34@example.com,433-906-3389,2015-09-03,A
101154,Peter,Allen,kgarcia@example.com,910-120-6913,2025-02-24,A
101155,Melissa,Rivera,grahamjessica@example.net,393-015-2986,2025-06-16,A
101156,Philip,Ramirez,nicoleflores@example.net,139-793-8320,2022-03-13,A
101157,Andrew,Jackson,fbeck@example.org,905-570-7030,2024-11-27,A
101158,Paul,Clark,brownangela@example.net,325-769-8789,2024-08-19,A
101159,Joseph,Maldonado,susanmartin@example.com,351-350-1729,2019-03-26,A
101160,Garrett,Chavez,nataliegraham@example.com,254-630-0112,2014-12-18,I
101161,Norman,Kerr,uward@example.com,345-862-5937,2018-03-28,P
101162,Carlos,Williams,zkidd@example.org,054-342-4964,2022-12-02,A
101163,Charles,Chan,rebekah61@example.com,301-320-3446,2023-06-06,A
101164,Sharon,Murray,shawbrian@example.net,635-508-4294,2018-11-19,A
101165,Kayla,Rodriguez,phanson@example.org,675-535-6490,2016-09-01,A
101166,Karen,Alvarez,nroberts@example.org,090-903-3431,2016-10-07,A
101167,Charles,Farmer,cruzjohn@example.net,715-629-8948,2019-08-26,A
101168,Nicholas,Holmes,davisrodney@example.net,771-890-4570,2019-12-01,A
101169,Christine,Buckley,amy25@example.org,314-772-7210,2025-05-15,A
101170,Justin,Coleman,stevensmargaret@example.net,980-676-4245,2019-12-29,A
101171,Stacy,Thompson,brightemily@example.com,179-302-2302,2023-04-06,A
101172,Tara,Carter,copelandkathy@example.net,164-741-4034,2025-01-10,I
101173,Jean,Burnett,marcus17@example.com,917-669-2091,2023-02-21,A
101174,Kimberly,Morales,spatrick@example.org,863-001-8714,2014-02-22,A
101175,Gerald,Kelly,angelamorris@example.org,696-671-4237,2019-09-05,I
101176,Stacey,Krueger,haydenbarbara@example.org,670-610-8748,2021-07-06,A
101177,Amy,Porter,natalie12@example.org,637-743-6138,2024-12-11,A
101178,Joseph,Wright,gtorres@example.com,124-165-5492,2023-05-18,A
101179,Jorge,Lee,luisgonzales@example.org,199-510-0250,2024-10-07,A
101180,Troy,Tucker,ndiaz@example.net,040-353-1834,2019-08-16,A
101181,Taylor,Horn,hpope@example.net,111-316-9590,2015-02-28,A
101182,Jacob,Brady,ryanlopez@example.net,086-137-9489,2017-03-03,A
101183,Makayla,Hansen,zweaver@example.net,943-633-2965,2020-10-26,A
101184,Juan,Gross,tmontgomery@example.com,956-295-4747,2024-06-26,A
101185,Brandon,Murphy,scott59@example.org,811-790-3834,2025-04-28,A
101186,Amanda,Montes,lwalker@example.org,535-347-1342,2016-07-03,A
101187,Robert,Hogan,ashley83@example.net,328-131-8768,2023-11-22,I
101188,Olivia,Davis,audrey94@example.com,581-530-3599,2021-09-17,A
101189,Gavin,Gray,matthewzamora@example.org,762-085-8277,2023-10-15,A
101190,Sandra,Bradford,hensleymeagan@example.net,942-209-3594,2023-10-15,A
101191,Jon,Acevedo,brendamassey@example.com,963-078-9765,2022-11-22,A
101192,Rodney,Pugh,wrightstephanie@example.net,412-412-4621,2019-07-28,A
101193,Summer,Patrick,brownmike@example.net,420-704-6325,2019-09-20,A
101194,James,Barnes,richardjones@example.net,922-107-5646,2022-08-30,I
101195,Sharon,Cox,kimberly64@example.net,728-578-7891,2024-07-11,A
101196,Sharon,Wright,mark81@example.net,139-371-4438,2017-05-31,A
101197,Linda,Martinez,davilajohn@example.org,076-426-6919,2020-05-03,A
101198,Michael,Howard,carterbridget@example.net,060-893-3152,2018-03-11,A
101199,Nicholas,Morris,whitedestiny@example.net,513-613-3080,2025-02-02,A
101200,Amanda,Levine,berrykayla@example.com,503-958-9823,2025-01-01,P
101201,Jamie,Snyder,christopherlittle@example.org,163-358-5677,2016-03-21,A
101202,Rebecca,Patterson,turnersherri@example.com,907-009-6580,2015-06-08,A
101203,Robert,Hall,rblack@example.com,011-090-3723,2021-03-27,A
101204,Kristen,Hood,usharp@example.com,549-464-2754,2017-09-28,A
101205,Amanda,Kim,steven52@example.org,307-987-7352,2018-12-05,A
101206,Madeline,Johnson,julie72@example.net,756-251-4040,2018-08-16,I
101207,Joshua,Bailey,jacobtaylor@example.net,974-222-4555,2022-10-24,A
101208,Randall,Burnett,bbradley@example.org,964-027-4177,2017-06-04,A
101209,Natalie,Hill,johngray@example.com,008-812-0473,2014-09-21,A
101210,Steven,Owen,rodneymatthews@example.com,798-783-8715,2023-08-26,A
101211,Collin,Hooper,michael22@example.net,350-244-7923,2022-04-11,A
101212,Kelly,Hood,pmooney@example.com,894-301-8778,2020-01-30,A
101213,Crystal,Jackson,xhudson@example.net,315-339-4514,2023-03-08,A
101214,Nicholas,Moore,glee@example.com,999-189-6660,2025-11-04,I
101215,Louis,Lowe,dawn39@example.org,741-631-1801,2016-11-28,A
101216,Michelle,Jones,reneefoster@example.net,475-746-1142,2018-03-22,A
101217,Amanda,Osborne,gjames@example.net,251-420-2776,2020-11-14,A
101218,Rachel,Nolan,armstrongchristina@example.net,025-378-1143,2022-08-27,A
101219,Wesley,Hobbs,danielthomas@example.net,671-321-1441,2024-09-19,A
101220,Melissa,Prince,qford@example.net,165-245-1655,2018-02-04,A
101221,Carolyn,Sanders,charlesking@example.net,841-125-6065,2019-05-04,P
101222,Oscar,Walsh,onealkatherine@example.com,003-812-3735,2021-01-09,A
101223,Daniel,Hart,rebecca14@example.com,930-167-4092,2021-09-14,A
101224,Sergio,Martinez,roger18@example.org,403-549-7753,2022-05-29,A
101225,Jennifer,Estrada,tinarodriguez@example.net,915-781-0444,2021-01-11,A
101226,Melissa,Paul,valerie51@example.org,237-518-4741,2022-02-24,A
101227,Kathy,Jones,williammedina@example.com,136-270-2512,2014-01-25,A
101228,Stephanie,Graham,barbara05@example.net,479-811-0059,2025-03-31,A
101229,Nancy,Barry,alexanderalexis@example.com,284-595-5416,2017-03-19,A
101230,Charles,Cook,amontgomery@example.org,330-941-1861,2014-11-25,A
101231,Manuel,Galloway,burgessconnie@example.org,979-817-4936,2015-10-02,I
101232,Jessica,Oneal,olsonrobert@example.net,473-702-8057,2018-03-02,A
101233,Michael,Powell,vbennett@example.net,043-041-1323,2025-01-31,A
101234,Jack,Taylor,john34@example.org,261-909-1608,2019-06-10,A
101235,Douglas,Hill,rodgersnathan@example.net,887-061-9226,2018-06-06,A
101236,Lynn,Williams,mbaker@example.net,873-626-4817,2022-12-26,A
101237,John,Jackson,mark98@example.org,338-432-6449,2019-09-01,A
101238,Jade,Anderson,marcuscook@example.com,153-035-4732,2016-06-29,P
101239,Rachel,Klein,lewismichael@example.com,611-023-6971,2019-10-01,A
101240,Bryan,Webster,chapmankevin@example.com,040-608-4294,2018-08-24,A
101241,Theresa,Lewis,khuff@example.com,938-712-6295,2018-01-29,A
101242,Jason,Gonzalez,meganlewis@example.net,530-661-6713,2016-05-23,A
101243,Anthony,Lynch,christy96@example.net,818-915-0335,2020-07-07,P
101244,Derrick,Aguilar,tgrimes@example.org,498-265-7908,2019-11-27,A
101245,Andrew,Kelly,timothy39@example.com,014-171-9838,2015-05-02,A
101246,Shawn,Morris,omiller@example.net,087-209-6633,2025-03-29,A
101247,Ruben,Barnett,rosborne@example.com,063-871-8240,2019-08-31,A
101248,Jennifer,Dudley,kmccormick@example.net,210-535-9417,2014-10-07,A
101249,Joshua,Payne,barbara12@example.org,321-878-0820,2015-04-20,A
101250,Tracy,Diaz,christopher32@example.net,356-645-1085,2019-08-30,A
101251,Tammy,Ruiz,jesse09@example.org,298-835-5242,2015-03-19,A
101252,Mary,Mullins,cindy26@example.net,557-561-6934,2019-01-10,A
101253,Sara,Lee,gjimenez@example.net,122-871-5520,2015-02-20,A
101254,Christopher,Noble,nicholas71@example.com,635-219-0272,2025-02-21,I
101255,Alice,Harrison,stephanie78@example.net,723-633-8097,2024-03-23,A
101256,Gary,Miranda,stewartapril@example.com,472-516-9232,2014-10-03,A
101257,Karen,Williams,jmyers@example.org,581-373-9142,2020-09-17,I
101258,Michelle,Nichols,bonillateresa@example.net,995-598-0173,2020-12-25,A
101259,Robert,Petersen,gardnerkathleen@example.com,903-018-9786,2022-03-21,A
101260,Melissa,Williams,davidlopez@example.org,381-938-0127,2016-01-21,A
101261,Jessica,Bennett,tommyyates@example.net,786-289-7921,2022-05-04,A
101262,Michelle,Dean,bferguson@example.net,172-729-9052,2020-10-18,A
101263,Michelle,Washington,fullerbrian@example.com,876-845-3539,2018-09-14,A
101264,Ashley,Mcdonald,alansanchez@example.org,226-525-1907,2015-12-25,I
101265,Tara,Gutierrez,umiller@example.org,810-200-9511,2023-08-17,A
101266,Jose,Vance,john86@example.org,306-322-8199,2017-03-15,A
101267,Robin,Brown,charleslambert@example.com,263-571-8231,2017-01-05,A
101268,Alexander,Rivera,michael49@example.org,264-459-8821,2025-03-07,A
101269,Nicole,Melendez,brobbins@example.org,370-893-9593,2025-05-17,A
101270,Allison,Gallagher,laura55@example.org,220-916-0381,2023-12-04,A
101271,Kayla,Dyer,sydneyjohnson@example.org,885-554-2706,2025-08-06,A
101272,Rachel,Jenkins,brandy68@example.com,380-648-0970,2021-03-31,A
101273,Vanessa,Lee,jesse74@example.net,487-700-2133,2023-05-09,A
101274,Caleb,Willis,tiffanygreen@example.net,925-835-6427,2017-09-05,A
101275,Jason,Aguilar,umorris@example.net,969-617-0840,2022-06-26,A
101276,Kyle,Lawrence,greenmichelle@example.com,905-655-1170,2017-06-20,A
101277,Jennifer,Schmidt,tsteele@example.com,503-909-1955,2025-07-31,A
101278,Alyssa,Sanders,angelawalters@example.org,227-249-5347,2021-12-11,A
101279,Kelly,Oliver,lmontgomery@example.org,293-875-1669,2024-01-26,A
101280,Michael,Shannon,carterjohn@example.com,912-613-3088,2024-06-27,A
101281,Crystal,Daugherty,kyle29@example.org,080-097-0986,2019-05-15,A
101282,Anthony,Hernandez,mcclainsharon@example.org,335-233-4580,2022-07-31,A
101283,Toni,Walker,david78@example.com,159-091-6676,2025-10-15,I
101284,Tricia,Lamb,iscott@example.net,919-512-2022,2020-03-08,P
101285,Jennifer,Flowers,daniellee@example.org,850-967-9815,2022-01-28,A
101286,Heather,Hunt,loriblair@example.net,011-669-6376,2025-10-16,A
101287,Seth,Ward,timothy80@example.net,268-483-9355,2025-08-13,A
101288,Daniel,Patrick,rachelsantos@example.net,033-644-8499,2025-07-23,I
101289,Michael,Rangel,josephclay@example.org,416-170-3082,2015-04-25,A
101290,Tiffany,Harris,cameronherrera@example.org,561-950-2486,2017-06-04,A
101291,Judy,Holden,ycarter@example.org,371-297-9984,2020-07-08,A
101292,Amber,Huffman,susanshields@example.com,940-312-4380,2015-12-01,A
101293,Jacob,Villa,jonathankelly@example.com,703-738-5145,2022-01-07,A
101294,Stephen,Adams,michael19@example.org,579-434-3307,2024-04-26,I
101295,Matthew,Kemp,debbie09@example.org,602-174-6280,2017-03-28,A
101296,Patrick,Howe,hortonjose@example.com,252-503-2937,2017-06-30,A
101297,Kathryn,Yang,johndavis@example.com,850-841-1958,2023-10-03,I
101298,Alexis,Rios,taylorcuevas@example.com,801-533-3163,2021-01-18,A
101299,Rebekah,Turner,fitzpatrickmelissa@example.org,365-120-8205,2023-04-28,A
101300,Jennifer,Armstrong,johnsonvictoria@example.com,213-894-3950,2025-07-15,I
101301,Brady,Ramirez,robertscharles@example.net,247-577-6906,2014-06-06,A
101302,Debra,Chen,thomascross@example.net,534-374-4214,2024-04-27,A
101303,Taylor,Williams,nelsonmaria@example.com,539-665-4969,2021-05-02,A
101304,Kristen,Guerrero,pattersonmark@example.org,223-704-5642,2022-12-26,I
101305,Teresa,Estrada,mary56@example.net,782-827-7509,2020-01-31,A
101306,Phyllis,Wheeler,donald70@example.org,121-386-5216,2020-07-01,A
101307,Suzanne,Cruz,khanjuan@example.com,146-281-1786,2014-09-15,A
101308,Daniel,Ingram,anthony24@example.org,573-082-1654,2016-01-26,A
101309,Brittany,Mcintyre,joseph69@example.org,508-588-1123,2014-12-09,I
101310,Nicole,Myers,gwalker@example.net,244-409-2311,2021-10-05,A
101311,Shawn,Vasquez,wgrant@example.org,984-026-7640,2024-07-21,A
101312,Tammy,Anderson,patriciabrown@example.org,014-964-0914,2017-12-13,A
101313,Luis,Smith,ryan49@example.org,813-801-4040,2017-01-27,A
101314,Joseph,Cox,michellethomas@example.com,449-098-3586,2014-11-29,A
101315,Colin,Hunt,danielmurphy@example.com,199-285-9427,2018-01-10,A
101316,Richard,Hayes,joy49@example.org,186-243-2718,2018-01-14,A
101317,Michael,Cruz,susan60@example.com,581-017-4947,2019-05-15,A
101318,Maria,Jordan,shannon47@example.com,696-783-5549,2018-11-30,A
101319,Taylor,Martin,james78@example.net,255-687-7560,2017-01-16,A
101320,William,Barrett,smithchristopher@example.org,388-283-1385,2022-02-28,A
101321,Michael,Copeland,joseph32@example.org,938-613-0043,2015-09-24,A
101322,Monique,Sullivan,rogerbennett@example.com,720-180-4772,2023-11-30,A
101323,Heidi,Rios,brett75@example.com,936-915-5183,2020-02-23,A
101324,Katherine,Vazquez,gturner@example.com,610-431-6243,2020-06-10,I
101325,Stacy,Steele,kmiller@example.org,400-807-6914,2022-02-01,A
101326,Shari,Manning,pattoncynthia@example.com,347-505-8895,2024-05-28,A
101327,Tracy,Wood,bruce12@example.org,691-826-1644,2021-10-24,I
101328,Derrick,Perez,wilsonedward@example.com,783-353-5401,2021-02-09,A
101329,Patrick,Morgan,camachojessica@example.com,961-928-4667,2014-05-06,A
101330,Edward,Dixon,wmiller@example.org,623-946-1747,2015-04-10,A
101331,Christopher,Riley,dawncastro@example.com,380-079-3380,2021-08-13,I
101332,Gary,Serrano,alan09@example.org,601-625-0825,2016-04-20,A
101333,Jennifer,Goodman,kevintaylor@example.com,166-648-1502,2018-10-01,A
101334,Kyle,Walter,brenda47@example.net,647-348-8945,2024-06-27,A
101335,Brandon,Williams,lopezkayla@example.org,819-901-0216,2022-09-23,A
101336,Olivia,Swanson,lisa84@example.net,800-921-5192,2017-11-13,A
101337,Benjamin,Barker,pollardphilip@example.org,543-538-9713,2018-01-31,A
101338,Maurice,Hunter,qsmith@example.org,609-631-3518,2014-02-10,P
101339,Savannah,Scott,trevorserrano@example.org,791-653-3523,2018-07-02,A
101340,Hannah,Smith,eking@example.org,977-190-2334,2014-09-04,A
101341,Jason,Taylor,laura84@example.org,799-621-9365,2017-03-01,A
101342,Brandon,Rodriguez,elizabeth83@example.com,628-204-4961,2018-04-30,I
101343,Joseph,Lopez,michaellopez@example.org,029-545-6267,2019-05-24,A
101344,Cheryl,Kemp,xwilson@example.org,012-712-4614,2025-10-23,A
101345,Angela,Shields,clarkelizabeth@example.net,798-513-9086,2022-10-09,A
101346,Kimberly,Andrade,mgraham@example.com,277-326-6869,2024-11-17,A
101347,Charles,Morrison,nicolecarpenter@example.org,699-552-5092,2016-08-27,A
101348,Theresa,Christensen,phillip61@example.com,333-586-5592,2014-03-21,A
101349,Shawn,Harvey,marvinmoore@example.org,949-118-4028,2024-02-07,A
101350,Sharon,Bell,millerjacqueline@example.com,016-938-4238,2024-10-02,A
101351,Robert,Carson,arthur33@example.com,377-311-1087,2020-01-03,A
101352,Lori,Rodgers,amy50@example.net,699-348-8690,2022-03-13,A
101353,Jose,Scott,nathan40@example.com,304-340-6492,2024-01-30,A
101354,Zachary,Schneider,wendy75@example.org,720-182-3308,2015-08-06,A
101355,Tonya,Wilson,xlee@example.com,105-085-1076,2021-07-28,A
101356,Michael,Ramirez,amaddox@example.com,715-228-9368,2024-09-09,A
101357,Gary,Weber,mary72@example.net,170-267-7007,2017-06-09,A
101358,Janice,Wise,hglenn@example.net,497-838-2158,2025-11-09,A
101359,Nathan,Ward,susandecker@example.net,777-484-1779,2020-03-14,A
101360,Emily,Reyes,ksimpson@example.com,681-266-9399,2017-09-10,A
101361,Meredith,Ferguson,tiffanycoleman@example.com,931-595-6418,2023-07-22,A
101362,Brittney,Johnston,joshua31@example.net,321-089-1787,2019-04-28,A
101363,Julia,Hampton,umcmillan@example.com,059-528-3769,2021-07-07,A
101364,Cynthia,Walker,xjohnson@example.com,851-800-6107,2018-11-06,A
101365,Michael,Burke,walkermichelle@example.com,015-114-8516,2015-08-10,A
101366,Nathaniel,Walton,morgan11@example.org,280-462-3663,2017-01-28,A
101367,Patrick,Wright,anthonyolson@example.com,791-743-1242,2022-05-15,A
101368,Elizabeth,Chandler,christinawoodward@example.org,706-089-2081,2025-02-01,A
101369,Tyler,Le,bergdustin@example.org,014-286-6522,2022-03-29,I
101370,Darren,Hart,simsbianca@example.net,834-769-1318,2018-01-17,A
101371,Carrie,Hernandez,smithtimothy@example.net,102-765-4119,2025-09-22,A
101372,Evan,Bowman,waltermason@example.net,140-759-7288,2018-08-30,A
101373,Phillip,Anderson,katrina83@example.org,036-872-3864,2022-03-27,A
101374,Timothy,Ray,jacobcook@example.org,924-488-6735,2024-09-12,A
101375,Michelle,Palmer,melissawatson@example.net,620-431-0203,2021-10-23,A
101376,Traci,Roberson,bishophannah@example.net,015-641-5584,2021-08-03,A
101377,Kevin,Thompson,kday@example.com,373-536-0123,2025-04-07,A
101378,Jennifer,Powell,rodriguezsteven@example.com,032-003-9509,2015-08-29,A
101379,Alexis,Smith,sophia27@example.net,179-863-3810,2024-06-22,A
101380,Charles,Vazquez,nicholas34@example.org,832-873-2471,2018-07-18,I
101381,Zachary,Coffey,luceromelissa@example.org,241-886-6920,2024-09-29,A
101382,Robert,Hernandez,christina68@example.org,222-413-9737,2019-07-31,A
101383,Chad,Maxwell,rodriguezchris@example.com,018-493-8998,2025-10-18,A
101384,Amber,Castaneda,fcannon@example.net,201-914-1179,2018-09-02,I
101385,Laurie,Weaver,grahammichael@example.com,349-189-5003,2018-01-12,I
101386,Rebecca,Sosa,lquinn@example.net,048-036-6875,2015-09-13,A
101387,Ricky,Valencia,conleysusan@example.net,974-908-4977,2020-06-30,A
101388,Sara,Hernandez,scottfleming@example.org,188-480-3113,2024-02-07,A
101389,Dalton,Robertson,christythompson@example.net,305-384-3311,2022-04-14,A
101390,Daniel,Marshall,michael09@example.com,894-437-6789,2016-02-19,A
101391,Deborah,Hubbard,jennifer80@example.org,561-988-0233,2025-10-22,A
101392,Edwin,Lopez,harveywilliam@example.net,218-977-0213,2016-04-16,A
101393,James,Hancock,tmaldonado@example.org,702-950-5572,2025-07-12,A
101394,Jason,Patton,ledavid@example.net,097-987-6443,2023-10-09,A
101395,Adrian,Hall,brianmitchell@example.org,049-360-8403,2020-08-05,A
101396,Sherry,Campbell,douglas44@example.net,092-955-9645,2017-08-23,A
101397,Cody,Taylor,laura83@example.net,853-031-0913,2021-08-04,A
101398,Natalie,Payne,mejiakatherine@example.org,899-346-3049,2024-08-20,A
101399,Stephanie,Bailey,dustin87@example.net,000-284-5573,2018-04-14,A
101400,Derek,Martinez,crossjamie@example.net,435-347-6240,2018-01-20,A
101401,Jessica,Allen,damonanderson@example.org,836-567-0930,2017-02-14,A
101402,Donna,Cummings,collinsanna@example.com,506-906-7404,2015-05-27,I
101403,Amy,Shaw,kevin36@example.org,213-114-4716,2016-10-02,A
101404,Jessica,Mclean,christinahernandez@example.com,355-387-5026,2025-05-16,I
101405,Brandon,Gonzales,twelch@example.com,102-179-0345,2022-08-01,A
101406,Stephanie,Mendoza,stephen76@example.com,032-945-1726,2018-08-26,A
101407,John,Dominguez,jacksonmaria@example.net,460-903-7562,2016-09-21,A
101408,Tina,Carter,qlucas@example.net,162-202-8594,2016-06-03,A
101409,Robert,Franklin,thunt@example.net,657-486-3300,2015-08-19,A
101410,Amanda,Maldonado,csteele@example.org,543-101-9922,2017-01-15,A
101411,Elizabeth,Powers,wallacebrianna@example.net,685-149-5568,2018-09-18,P
101412,William,Bell,yaustin@example.org,551-943-3305,2024-08-04,A
101413,Susan,Johnson,ubaker@example.net,747-763-3329,2016-10-03,A
101414,Clayton,Taylor,anntaylor@example.net,224-280-3234,2014-12-13,I
101415,David,Adams,lmcneil@example.com,054-276-6052,2014-02-02,A
101416,Susan,Hunt,jesseayers@example.org,020-580-2269,2016-06-03,A
101417,Gabriella,Ruiz,mercadoleslie@example.com,451-128-7610,2024-09-19,A
101418,Courtney,Kramer,josephsmith@example.net,727-755-7673,2016-12-04,A
101419,Michael,Mccall,brittney79@example.net,383-005-4977,2023-01-25,A
101420,Daniel,Sutton,caitlinmarquez@example.com,302-761-5088,2014-10-03,A
101421,Scott,Murray,maria48@example.net,724-916-0539,2019-12-06,A
101422,John,Watkins,vellis@example.com,990-684-5502,2016-09-02,A
101423,Deborah,Patton,frederickcheryl@example.com,602-734-6297,2023-02-01,A
101424,Sarah,Tucker,marcusmorgan@example.org,761-595-5031,2025-12-01,A
101425,Gwendolyn,Hernandez,brandyduran@example.com,129-897-3683,2014-07-01,A
101426,Melissa,Moreno,andrea94@example.org,836-468-5516,2018-08-19,A
101427,Samantha,Sutton,ashleymathis@example.net,698-850-3800,2019-12-16,I
101428,Shawn,Lowery,stephanieknight@example.com,267-308-8269,2014-09-10,A
101429,Michele,Jones,zhoffman@example.org,903-875-8923,2020-11-11,A
101430,Wanda,Alexander,joseph63@example.org,092-052-7007,2017-05-27,A
101431,Jerry,Turner,stephaniegonzalez@example.com,602-922-7765,2016-02-01,A
101432,Jennifer,Downs,xhayes@example.com,537-333-4383,2016-07-02,A
101433,Miranda,Rogers,scollins@example.net,827-614-3605,2016-09-17,A
101434,Patricia,Schultz,ricerobin@example.com,304-244-6818,2020-02-03,A
101435,Kimberly,Carroll,daniellestewart@example.org,166-326-7819,2022-10-27,A
101436,Deborah,Jones,phawkins@example.com,656-974-9496,2021-06-29,A
101437,Rebecca,Bridges,davidhess@example.org,707-134-1741,2024-05-05,A
101438,Laura,Hall,phillipsmary@example.net,843-695-8890,2021-07-09,A
101439,Charles,Brown,ggonzalez@example.net,905-651-8927,2016-08-21,A
101440,Gary,Carter,susan96@example.com,133-023-4535,2024-10-26,A
101441,Craig,Jones,jillbarnes@example.net,617-794-0786,2023-10-15,I
101442,Raymond,Patel,amanda04@example.com,311-442-1822,2023-06-25,A
101443,Brittany,Gomez,cvalentine@example.net,831-268-2278,2021-11-22,A
101444,Brenda,Johnson,oavila@example.com,788-444-0794,2019-12-30,A
101445,Charles,Kemp,gthompson@example.org,074-213-6026,2020-01-30,A
101446,William,Hernandez,andersonapril@example.org,453-087-4541,2014-07-06,A
101447,Jill,Carney,mfreeman@example.org,498-391-3203,2016-10-04,I
101448,Luke,Hoffman,mathewhansen@example.com,175-773-4756,2022-10-20,A
101449,Cody,Hess,john52@example.net,474-475-6761,2019-03-19,I
101450,Claudia,Patterson,andersondonna@example.com,747-735-0997,2019-05-14,A
101451,Jeremy,Dean,bjohnson@example.org,497-350-4955,2023-11-14,A
101452,Tanya,Wilson,thomas87@example.net,871-505-8451,2020-06-22,A
101453,Kathy,Lopez,melissachung@example.com,077-572-6878,2025-10-28,A
101454,Richard,Mcbride,deleonrichard@example.com,296-342-9919,2025-11-10,A
101455,Nicole,White,jennifer91@example.org,547-337-0871,2021-07-11,A
101456,Tami,Hamilton,april20@example.org,097-763-4583,2020-11-08,A
101457,Gregory,Lloyd,kcollins@example.net,844-974-9846,2022-10-07,A
101458,Kyle,Smith,edavis@example.org,837-827-9468,2017-09-30,I
101459,Jeffrey,Rice,frankbutler@example.com,502-798-0637,2018-06-11,P
101460,Barbara,Mccarthy,zjones@example.org,521-846-7557,2022-04-30,A
101461,Samuel,Brown,jennifer84@example.com,853-202-3791,2020-02-28,A
101462,Ashley,Chase,alexisgreen@example.com,099-404-6161,2025-06-30,A
101463,Heather,Chen,douglas99@example.net,981-886-5510,2019-10-09,A
101464,Jill,Nguyen,matthew12@example.net,374-446-2251,2024-08-05,A
101465,Craig,Reed,wschaefer@example.org,831-111-6184,2017-05-30,A
101466,Aaron,Novak,tterry@example.com,733-855-8612,2016-06-03,A
101467,Lisa,Carlson,gonzalesbrady@example.com,439-873-2201,2018-02-20,A
101468,Bryan,Chan,alexandervincent@example.com,151-058-4600,2024-05-08,A
101469,Derrick,Pitts,jhill@example.com,995-562-3358,2014-11-23,A
101470,Meghan,Wilson,emilyhood@example.org,846-477-3916,2016-12-02,A
101471,Jessica,Gonzales,wmendez@example.com,747-676-1584,2017-06-24,A
101472,Hannah,Le,gregoryparker@example.net,795-752-9565,2021-10-16,A
101473,Janet,Castro,phelpscrystal@example.net,690-678-7732,2015-02-09,A
101474,David,Valentine,efritz@example.com,875-773-7081,2024-06-28,A
101475,Andrew,Pratt,megan95@example.net,177-690-2840,2024-11-05,A
101476,Phillip,Parker,larry58@example.org,579-940-7669,2019-05-10,A
101477,William,Daniel,james74@example.net,790-056-8001,2025-10-09,A
101478,Maria,Payne,joewhite@example.org,563-817-2884,2017-03-02,A
101479,Brian,Strickland,scottjoshua@example.net,558-486-2984,2021-12-16,A
101480,Robert,White,tomlewis@example.com,747-584-6534,2020-09-13,A
101481,Jennifer,Burton,michelle11@example.net,394-829-0090,2014-05-04,I
101482,Bryan,Martin,brandygraham@example.net,027-113-2090,2014-01-29,A
101483,Carrie,Nichols,martintheresa@example.com,928-756-2890,2015-04-21,P
101484,Joshua,Harris,mirandabrandon@example.org,165-859-0270,2021-05-02,I
101485,Candace,Wright,mary34@example.org,291-640-4056,2018-05-01,A
101486,Sarah,Perez,hunterjaime@example.net,273-150-4614,2022-02-06,A
101487,Brian,Martin,steven62@example.net,547-241-0506,2019-09-23,A
101488,Fred,Cabrera,stephenjensen@example.net,555-216-9593,2015-10-26,I
101489,David,Hess,twade@example.net,070-342-7135,2020-06-27,A
101490,Matthew,Hinton,deanna59@example.com,223-355-9622,2018-06-20,A
101491,Daniel,Brooks,thompsonjessica@example.com,334-299-0057,2015-10-15,A
101492,Emily,Francis,rodgerskimberly@example.com,187-828-3128,2017-11-22,I
101493,Jay,Medina,brian24@example.org,229-791-4764,2023-12-13,P
101494,Michael,Hood,thompsondana@example.org,168-057-6513,2024-08-29,A
101495,Jonathan,Dunn,laraadam@example.org,157-654-6584,2014-11-04,I
101496,Kimberly,Hooper,bryanwoodward@example.com,243-954-9746,2018-02-01,A
101497,Gloria,Sanders,jessicaroberts@example.net,640-433-8940,2020-10-11,I
101498,John,Rodriguez,markdean@example.net,245-650-8712,2015-04-25,A
101499,Lauren,Ramos,nathanielgomez@example.net,795-635-5625,2016-10-27,A
101500,Amber,Roberts,rsanchez@example.com,433-320-9563,2019-08-23,A
101501,Linda,Castro,ayalaalejandro@example.org,605-167-1866,2019-05-13,A
101502,Nicole,Sanchez,xhernandez@example.com,209-241-6861,2017-03-04,A
101503,Cheryl,Leonard,carlsonsarah@example.org,805-899-0926,2024-01-26,A
101504,Stephanie,Ellis,joshuahicks@example.com,906-787-4080,2017-06-05,A
101505,Christopher,Chandler,hcuevas@example.com,127-383-7246,2024-07-15,A
101506,Melissa,Riley,nicolestevens@example.com,044-578-0517,2017-05-31,A
101507,Laura,Harris,ediaz@example.org,816-403-1133,2017-10-21,A
101508,Melissa,Miller,coreyhodges@example.com,420-867-5504,2015-10-19,I
101509,Christopher,Ballard,matthew68@example.org,805-167-5930,2023-09-16,A
101510,James,Long,seanbrock@example.net,218-352-7000,2025-01-21,A
101511,Miranda,Holloway,lisa66@example.com,882-157-0692,2024-09-04,A
101512,Donna,Freeman,roberthawkins@example.org,881-389-2331,2022-10-31,A
101513,Dominique,Hudson,joannaswanson@example.org,708-987-4858,2019-01-16,A
101514,Stephen,Leach,samanthahansen@example.com,478-912-9417,2015-08-02,A
101515,Christine,Bush,ericcombs@example.com,652-879-5958,2017-06-15,A
101516,Timothy,Newton,jeffreymoore@example.org,929-330-8340,2021-03-12,I
101517,Melissa,Mcmillan,tina68@example.net,694-001-1699,2017-10-02,A
101518,Kendra,Stewart,mcintyrejames@example.net,436-332-7500,2018-06-04,A
101519,Sara,Meyer,darnold@example.com,373-453-4153,2014-09-11,I
101520,Stephen,Pratt,peter44@example.org,720-481-6841,2022-08-26,A
101521,Emma,Gonzalez,tiffany35@example.org,924-241-3148,2019-09-17,I
101522,Michelle,Nelson,michelle41@example.com,782-735-1206,2023-07-13,A
101523,Christian,Bell,jacquelinejohnson@example.com,305-343-5594,2023-11-08,A
101524,Toni,Hudson,taylorvasquez@example.org,803-466-9478,2021-07-22,A
101525,Gerald,Adams,juanfields@example.net,508-098-2412,2020-07-18,A
101526,Jose,Steele,tmontgomery@example.net,209-096-2172,2014-03-26,A
101527,Kristine,Gutierrez,gravesmelissa@example.org,041-091-7271,2017-02-13,A
101528,Joseph,Martin,narroyo@example.net,266-806-6425,2024-11-05,A
101529,Janet,Butler,ellenblack@example.org,825-881-6583,2025-08-20,P
101530,Tina,Smith,john68@example.com,992-661-4310,2019-05-29,A
101531,David,Chavez,cmurphy@example.com,154-035-2848,2024-11-06,P
101532,Cindy,Reed,janetgreene@example.org,545-000-0607,2020-02-18,A
101533,Christopher,Bryant,jarviswilliam@example.org,245-156-6599,2019-02-16,A
101534,Mitchell,Burgess,burnsgregory@example.org,690-824-4115,2016-08-29,A
101535,Elizabeth,Bass,jonesedwin@example.com,465-820-4267,2017-06-12,A
101536,Rachael,Hansen,fgray@example.com,406-593-4930,2017-02-21,I
101537,Derrick,Robles,james96@example.com,458-725-2316,2023-09-27,I
101538,Brittany,Reynolds,christophersimpson@example.net,569-820-1954,2022-01-23,A
101539,Leonard,Diaz,vhernandez@example.net,063-794-9886,2014-03-13,A
101540,Erica,Bailey,bishopjessica@example.com,938-457-5936,2025-05-04,A
101541,Keith,Thompson,davidsims@example.com,923-585-4482,2022-09-02,A
101542,Barbara,Olsen,amber76@example.com,160-222-3887,2023-10-28,A
101543,Ryan,Jones,garnerlynn@example.net,872-988-6919,2024-02-22,A
101544,Barbara,Burch,mooreamy@example.org,874-262-1401,2017-12-05,A
101545,Samuel,Edwards,jamescourtney@example.org,345-023-1488,2024-01-26,A
101546,Joshua,Sellers,craigcross@example.com,688-319-4943,2019-02-22,A
101547,Heather,Rivera,stewartdonald@example.org,122-543-0552,2021-02-19,A
101548,Michael,Blanchard,jpatterson@example.net,573-830-2865,2025-04-21,A
101549,Katherine,Armstrong,stevensnancy@example.com,712-396-3854,2017-05-28,A
101550,Timothy,Rodriguez,cstein@example.com,235-759-1571,2021-10-15,A
101551,Michael,Evans,johnfranco@example.org,042-768-8110,2018-08-20,A
101552,Robert,Scott,jonathanmoore@example.net,956-069-8127,2018-09-28,A
101553,Diane,King,nicholas27@example.com,292-032-8192,2015-07-11,A
101554,Dale,Morgan,carlsonmadison@example.com,687-149-5588,2017-05-28,A
101555,Michael,Carter,ddavis@example.net,843-697-0518,2022-01-16,A
101556,Christopher,Saunders,uward@example.net,461-260-9972,2022-10-15,A
101557,Heather,Reynolds,donaldreynolds@example.org,936-834-0461,2022-10-09,A
101558,Adrian,Hale,rosstammy@example.com,009-324-9362,2015-07-05,A
101559,David,Watson,ogarcia@example.org,318-005-5266,2019-06-29,A
101560,Ryan,Harris,ivega@example.org,978-122-3461,2025-06-29,A
101561,Jessica,Ward,james65@example.net,587-135-0117,2016-12-22,A
101562,Gabriel,Baker,lthomas@example.org,864-621-9410,2019-02-14,A
101563,Rebecca,Rodriguez,kristin01@example.org,455-577-6209,2023-01-11,A
101564,Hannah,Gutierrez,stephaniehoffman@example.com,212-031-9093,2022-06-21,A
101565,Christopher,Mills,obrienpaul@example.org,209-582-1339,2018-08-31,A
101566,Amanda,Morales,philip45@example.net,334-863-8913,2016-12-27,A
101567,Katherine,Johnson,heidijones@example.org,211-555-9595,2023-09-30,A
101568,Robert,Gordon,jcarr@example.com,146-716-5047,2015-05-20,A
101569,Rodney,Garcia,smorales@example.org,987-544-2605,2016-10-08,A
101570,William,Roberts,austin02@example.net,048-527-5324,2020-05-12,A
101571,Amy,Rogers,thomasdominguez@example.com,155-139-1417,2015-02-22,I
101572,Paige,Garner,tbowers@example.org,318-765-7031,2018-12-04,A
101573,Kristine,Ortiz,jeremymedina@example.net,228-338-1412,2025-09-28,P
101574,Dana,Nichols,scottgonzalez@example.com,630-482-5639,2020-11-19,A
101575,Christopher,Diaz,mark18@example.net,629-428-0695,2018-08-04,A
101576,Mitchell,Arnold,coxnancy@example.org,972-697-0245,2016-06-13,A
101577,Tiffany,Edwards,ballardjennifer@example.com,052-509-4854,2021-05-12,P
101578,Daisy,Weber,carneysarah@example.com,575-897-9722,2017-06-27,A
101579,Melissa,Burns,salinasshane@example.org,581-166-8536,2024-04-25,A
101580,Courtney,Acevedo,thompsonkayla@example.org,288-683-1615,2022-09-13,A
101581,Joshua,Horn,lsharp@example.org,301-133-7465,2025-11-24,A
101582,Dawn,Walsh,kennethmonroe@example.net,266-277-8696,2018-11-30,A
101583,Katherine,Dalton,leahrice@example.com,730-653-8850,2025-02-16,A
101584,April,Valenzuela,nford@example.net,534-319-4050,2020-02-02,A
101585,Roy,Scott,roachjessica@example.org,448-164-8540,2014-08-29,A
101586,Joseph,Murray,alvarezjoshua@example.com,284-020-4423,2017-02-05,A
101587,Daniel,Todd,stephensonkelly@example.com,321-430-9126,2019-05-10,A
101588,Pamela,Hall,mitchellbrian@example.net,724-416-9622,2021-03-16,A
101589,Brittany,Long,megan03@example.com,641-036-7161,2016-08-18,A
101590,Randy,Jones,rblanchard@example.net,974-606-4289,2021-07-02,A
101591,Dustin,Gomez,nicolegrimes@example.com,218-031-2659,2022-10-19,A
101592,Nathaniel,Camacho,melaniemyers@example.com,247-848-2922,2014-05-11,A
101593,Jessica,Johns,roberto11@example.org,958-705-8916,2015-12-23,A
101594,Hailey,Wang,kristinafuller@example.org,707-346-2029,2016-10-16,I
101595,Mark,Sullivan,jasmine89@example.net,903-197-2901,2023-12-23,A
101596,Christina,Mendoza,patriciaramirez@example.com,046-572-2704,2020-12-10,A
101597,Jessica,Sutton,jlambert@example.com,005-038-5364,2014-08-05,I
101598,Angelica,Cole,aholloway@example.org,212-976-2694,2016-02-11,A
101599,Stephanie,Johnson,moorekevin@example.net,685-214-4673,2019-12-10,A
101600,Mark,Watts,ijohnson@example.com,230-090-9730,2021-10-28,A
101601,Victoria,Ayala,melissa15@example.com,890-185-1141,2016-04-10,A
101602,Carol,Tucker,howardcindy@example.org,514-442-1671,2023-06-05,A
101603,Connor,Oneal,hharris@example.org,294-742-5885,2021-03-07,A
101604,Ricky,Phillips,philip31@example.net,606-628-7935,2018-02-24,A
101605,Peter,Williams,nnunez@example.com,030-334-8545,2023-11-01,A
101606,Tina,Garcia,vwhite@example.com,260-774-9977,2021-09-11,A
101607,Pamela,Saunders,shernandez@example.org,927-536-6456,2022-09-21,P
101608,Kevin,Sweeney,inolan@example.org,575-275-1068,2020-02-03,A
101609,Melanie,Snow,evanfloyd@example.net,594-303-7947,2025-01-10,A
101610,Gregory,Smith,wendysmith@example.org,168-587-6617,2025-02-22,A
101611,Kevin,Jordan,maynardlaurie@example.net,561-377-3534,2024-03-07,A
101612,Ricardo,Hill,donovanrichard@example.net,212-159-9313,2019-08-04,A
101613,Melissa,Smith,vkemp@example.com,622-760-7896,2024-02-17,A
101614,Sarah,Black,adamscaleb@example.net,063-897-6157,2017-05-02,P
101615,Eric,Perkins,beckycole@example.com,838-643-2840,2021-11-28,A
101616,Nicole,Reynolds,carneyallison@example.org,527-477-5932,2020-09-10,A
101617,Elizabeth,Strickland,bradleyjones@example.org,609-340-2680,2016-01-19,A
101618,Amanda,Summers,whines@example.org,827-619-0289,2018-06-02,A
101619,Eric,Hurst,kathy78@example.net,470-643-3495,2018-09-14,I
101620,Carolyn,Morris,uwalker@example.com,164-712-3061,2021-12-25,A
101621,Sherry,Clark,lhill@example.com,913-213-2750,2022-12-02,A
101622,Gregg,Collins,mckenziealan@example.org,353-434-4451,2014-05-16,A
101623,Paula,Perry,brittney30@example.org,474-161-8674,2018-11-12,A
101624,Cheryl,Smith,cynthia47@example.com,773-688-2179,2024-07-19,A
101625,Matthew,Malone,jamesunderwood@example.net,491-016-9399,2016-04-16,I
101626,Grant,Spencer,patricia11@example.com,828-550-1952,2017-06-08,A
101627,John,Diaz,grantchristina@example.com,440-760-1873,2014-11-11,A
101628,Monica,Sanders,jenniferfrancis@example.com,741-086-0381,2019-01-26,A
101629,Rhonda,Johnson,frobinson@example.net,995-968-4032,2014-10-04,A
101630,Peter,Payne,washingtonjonathan@example.net,061-161-4890,2015-06-03,I
101631,Scott,Simpson,jasonjohnson@example.net,829-833-9303,2021-03-22,A
101632,Michelle,Green,megan81@example.net,046-515-5558,2015-10-20,A
101633,William,Hobbs,nicolewright@example.net,080-412-2430,2017-12-10,A
101634,Brandon,Carter,phillipsdaniel@example.net,119-532-7705,2014-08-14,A
101635,Angela,Cline,jasoncharles@example.org,454-774-5755,2020-04-19,A
101636,Amy,Lawrence,james77@example.net,756-318-2393,2018-05-25,A
101637,Julie,Clements,cheyenneowens@example.net,846-908-5768,2016-12-04,A
101638,Rhonda,Kelley,obrienjulie@example.org,523-880-8656,2015-04-23,A
101639,Daniel,Miller,bryantcarla@example.com,242-606-1711,2014-02-25,A
101640,Kyle,Griffin,christopherrodriguez@example.org,733-367-9197,2022-01-15,A
101641,Michael,Mckenzie,strongdavid@example.net,683-518-1437,2021-11-17,A
101642,Jennifer,Carroll,younglauren@example.com,737-354-5506,2014-01-10,A
101643,Alex,Alexander,xlutz@example.com,019-556-7783,2016-11-21,A
101644,Alexander,Bartlett,ucain@example.net,284-865-6295,2023-11-17,A
101645,Charles,Clark,aterrell@example.org,951-301-7534,2016-03-01,A
101646,James,Mclaughlin,rhudson@example.net,572-765-8641,2016-03-08,A
101647,Ruth,Young,salazarlisa@example.net,396-713-6391,2019-05-18,A
101648,Wayne,Perkins,charles13@example.com,784-659-4810,2019-12-22,A
101649,Carlos,Baker,hmacias@example.net,517-136-9105,2022-07-28,A
101650,Jacob,Leon,whitney88@example.net,500-538-3710,2019-11-28,A
101651,Linda,Cooper,elizabethallen@example.org,146-642-7346,2018-01-11,A
101652,Michael,Waters,mcguiresusan@example.net,470-959-2484,2018-05-06,A
101653,Jessica,Oconnor,thomasmacdonald@example.net,386-264-4692,2017-04-30,A
101654,Brianna,Morales,cwilliams@example.net,398-532-4194,2025-05-21,A
101655,Kevin,Brady,johnmorgan@example.org,467-556-4067,2020-01-12,A
101656,Andrew,Nelson,rebeccabrooks@example.net,885-279-1759,2022-07-08,A
101657,Carlos,Taylor,schultzamanda@example.org,257-273-0993,2024-03-09,A
101658,Jared,Willis,terryvargas@example.org,896-954-6596,2015-09-13,A
101659,Leroy,Young,cameronacevedo@example.net,599-284-8539,2023-05-09,A
101660,Linda,Thomas,acohen@example.net,690-971-7928,2025-10-05,A
101661,Cheryl,Reyes,joseph82@example.net,664-992-4356,2023-02-11,A
101662,Michelle,Lara,gsmith@example.net,259-694-3894,2022-07-27,A
101663,Roberta,Davis,briana16@example.com,328-862-2708,2015-12-22,A
101664,Jimmy,Hill,natashacastillo@example.net,793-329-5570,2018-05-21,A
101665,Amanda,Herrera,qhoward@example.net,884-449-6889,2023-02-24,A
101666,Kenneth,Lewis,emilymurray@example.net,412-816-0866,2019-02-10,I
101667,Jeffrey,Higgins,amanda14@example.com,963-265-3815,2016-07-17,A
101668,Katie,Brown,wendyblair@example.net,660-378-9037,2020-01-25,A
101669,Kelly,Ramirez,rmorris@example.com,283-252-5912,2016-01-13,A
101670,Ray,Walters,schroederashley@example.net,561-101-6471,2017-08-09,A
101671,Jennifer,Rodriguez,monicadominguez@example.org,569-101-4388,2014-04-15,A
101672,Jeanne,Carter,donald41@example.com,509-370-8484,2020-08-03,A
101673,Shawn,Nicholson,laura06@example.net,270-358-9221,2022-09-05,A
101674,Donald,Stanley,briannashort@example.net,084-004-0359,2021-10-01,A
101675,Nicole,Ortiz,robinrobertson@example.org,385-432-6309,2018-02-08,A
101676,Beth,Allison,gabrielajones@example.com,960-472-0374,2025-04-24,A
101677,Mark,Robertson,stacylopez@example.net,359-229-2689,2017-11-24,A
101678,Peter,Reid,kristin21@example.net,617-915-3622,2025-02-17,P
101679,Roberto,Buckley,ealvarado@example.com,892-777-7485,2021-04-20,P
101680,Carol,Smith,burkematthew@example.net,675-532-5946,2023-10-26,A
101681,Brandon,Baldwin,vcarter@example.org,942-058-4410,2017-06-26,A
101682,Jasmine,Nelson,amanda47@example.com,107-507-0601,2020-01-20,A
101683,Kelly,Edwards,ramirezjason@example.org,617-454-1736,2018-07-02,A
101684,Elizabeth,Chase,melinda08@example.org,806-840-0883,2014-02-05,A
101685,Mark,Quinn,blackwellrobert@example.org,511-659-2919,2019-03-23,A
101686,Adam,Hayes,xdavis@example.org,398-671-8031,2019-11-12,A
101687,Nathan,Montgomery,benjamin07@example.net,248-224-6338,2015-05-20,I
101688,Steven,Sandoval,michelle18@example.com,766-810-7288,2019-01-16,I
101689,Jon,Shea,clintonmurray@example.net,467-410-5591,2025-01-23,A
101690,Shannon,Lester,mendozaalexis@example.org,881-250-5665,2015-12-22,A
101691,Jacqueline,Walker,karamcdowell@example.net,370-254-0952,2025-02-19,P
101692,Stacy,Callahan,raymond40@example.com,137-635-2602,2018-12-15,A
101693,Gina,Ward,cowancarol@example.net,637-283-1200,2021-04-10,A
101694,Nathan,Price,marcus14@example.com,539-941-9332,2019-10-25,A
101695,Brian,Lee,iantaylor@example.com,753-410-4852,2023-05-17,A
101696,Sarah,Robertson,traci77@example.com,568-452-5039,2021-12-20,A
101697,Tyler,Hicks,michellebauer@example.net,433-241-7543,2020-06-19,A
101698,Heather,Rose,kennethjohnston@example.net,105-760-4091,2021-11-28,A
101699,Lisa,Price,dlewis@example.org,172-523-8592,2020-10-21,A
101700,Leslie,Lucas,hclark@example.org,174-744-0994,2024-12-06,A
101701,Omar,Robertson,samantha35@example.org,461-514-6448,2020-08-08,A
101702,Frank,Leonard,jeremy28@example.com,133-740-4367,2023-06-12,A
101703,Alexander,Mcintyre,pauldavis@example.org,532-264-6044,2015-06-28,A
101704,Jennifer,Johnson,kendra45@example.org,885-547-1260,2014-01-26,A
101705,Joan,Rivers,kleinmark@example.org,886-990-5674,2015-05-26,A
101706,William,Jones,nancy18@example.com,993-658-5465,2021-10-10,A
101707,Chase,Bartlett,zacharydavis@example.net,665-926-9858,2024-12-06,A
101708,Connor,Wheeler,currysheri@example.net,495-446-8190,2016-04-22,A
101709,Margaret,Jarvis,jonestheresa@example.com,287-435-7329,2024-02-22,A
101710,Mark,Braun,cameronanderson@example.net,702-998-5810,2025-09-02,A
101711,Amanda,Johnson,ujohnson@example.net,418-139-4485,2018-06-02,I
101712,Jason,Wolfe,gallegosdaniel@example.com,017-719-5414,2025-06-25,A
101713,Steven,Davis,spencerhaney@example.com,994-608-0845,2023-03-16,P
101714,Jonathon,Flores,xmccann@example.com,161-323-0110,2022-12-09,A
101715,Lee,Martin,xbender@example.org,290-374-9010,2015-04-14,A
101716,Amanda,Johnson,justin20@example.net,359-528-4114,2022-07-10,A
101717,Heather,Werner,collinsmercedes@example.com,970-317-4498,2016-08-24,A
101718,Wesley,Ferrell,bgonzalez@example.com,261-679-9210,2020-01-19,A
101719,Marcus,Lambert,kaitlyn12@example.net,317-509-5091,2022-04-09,I
101720,Lauren,Roberts,walkeradam@example.com,125-215-2739,2019-09-30,A
101721,Tanner,Gardner,tamara75@example.com,836-385-9877,2016-05-24,A
101722,William,Miller,zjohnson@example.org,549-543-5969,2023-10-11,A
101723,Noah,Taylor,margaretkelly@example.com,407-759-8213,2021-09-06,A
101724,Travis,Baldwin,meaganlevine@example.com,369-855-9835,2017-05-23,A
101725,Steven,Moore,kennedymichael@example.com,972-481-9168,2022-08-23,A
101726,Vanessa,Mahoney,heathpatrick@example.org,464-702-5148,2019-10-12,A
101727,Harold,Owens,fgarcia@example.org,770-901-6501,2017-10-23,A
101728,Matthew,Russell,lgarner@example.net,635-631-2557,2025-07-17,A
101729,Yvonne,Murray,elizabethmathews@example.org,083-422-8167,2023-12-20,A
101730,Jeremy,Macias,angie03@example.net,610-240-3644,2017-08-28,A
101731,Danielle,Travis,briankoch@example.org,998-813-3846,2020-02-16,A
101732,Alyssa,Rhodes,penanichole@example.net,088-995-5933,2025-04-02,A
101733,Jason,Brown,mzavala@example.net,542-375-6193,2022-08-11,A
101734,Matthew,Thomas,silvasherry@example.net,682-614-5738,2022-02-23,A
101735,Brittany,Santos,phillipsangela@example.org,430-734-7894,2021-02-25,A
101736,Kelly,Weaver,ladams@example.org,484-060-5610,2014-12-17,A
101737,Alison,Castro,fcollins@example.com,840-293-9129,2018-06-02,A
101738,Matthew,Solis,juankim@example.com,235-620-0284,2017-02-16,A
101739,Matthew,Buck,ksmith@example.com,361-892-9883,2021-08-15,A
101740,Christina,Rogers,hfriedman@example.com,816-352-3128,2014-04-26,A
101741,Crystal,Ho,qsantiago@example.com,741-704-7059,2021-09-12,A
101742,Gina,Johnson,phernandez@example.com,059-973-6536,2015-08-24,I
101743,Michael,Arnold,gouldjason@example.com,868-568-7471,2016-02-10,A
101744,Anthony,Sharp,usaunders@example.net,565-935-2136,2015-06-24,A
101745,Andrew,Munoz,davidbrooks@example.com,990-135-1403,2015-06-07,A
101746,Eric,Jarvis,rebeccabarnes@example.com,027-982-2089,2021-02-14,A
101747,Samantha,Mueller,esmith@example.com,790-575-0640,2022-05-06,A
101748,Thomas,Olson,mcbridealicia@example.net,360-941-0918,2015-11-19,A
101749,Jillian,Walker,richardhorn@example.org,039-862-3841,2015-11-06,I
101750,Raymond,Moore,theresa46@example.org,976-054-8669,2015-07-24,A
101751,Robert,Lee,zjones@example.com,390-762-8080,2016-04-22,A
101752,Charles,Little,amyjuarez@example.com,245-607-9578,2016-02-12,A
101753,Ashley,James,brittany27@example.org,276-579-8823,2014-09-21,A
101754,Brian,Stevenson,hkerr@example.com,705-655-0444,2017-09-16,A
101755,Hannah,Newman,jameshoward@example.org,513-587-9821,2020-04-24,A
101756,Stephen,Ingram,eatonrachel@example.com,766-282-4239,2014-05-10,A
101757,Marissa,Richardson,adam08@example.com,952-304-9123,2018-03-31,A
101758,Robert,Washington,berrykevin@example.org,530-608-8803,2024-02-24,A
101759,Dennis,Ortiz,alexander70@example.org,810-398-3644,2015-06-11,A
101760,William,Mason,tammieallen@example.net,802-125-4705,2016-02-09,A
101761,Richard,Barry,jjackson@example.net,202-633-6286,2019-05-10,I
101762,Stacy,Dominguez,brendaduran@example.net,082-155-9386,2016-11-23,A
101763,Michelle,Rhodes,jeremy97@example.org,035-862-6739,2022-03-26,A
101764,Robert,Pope,strongnatalie@example.org,157-345-9491,2023-07-15,A
101765,Jessica,Frank,andre91@example.org,431-385-9399,2019-05-13,A
101766,Annette,White,jessicalewis@example.com,521-059-3707,2022-07-02,A
101767,Sabrina,Smith,matthew32@example.org,767-485-0297,2016-02-10,A
101768,Daisy,Fletcher,denise36@example.org,861-337-8672,2014-05-24,A
101769,Jose,Hayes,markslaura@example.org,320-570-7860,2021-01-23,I
101770,Susan,Ellis,kimberlyanderson@example.com,151-696-0136,2019-02-16,A
101771,Christian,Allison,qevans@example.net,629-292-0915,2022-06-03,A
101772,Kevin,White,paigesimmons@example.net,800-379-7544,2019-04-03,A
101773,Jason,Smith,baldwinmarc@example.org,787-740-5692,2025-04-15,P
101774,Kristina,Jones,serranorichard@example.org,142-888-8371,2020-04-09,A
101775,Edgar,Williams,kim35@example.net,221-717-3227,2014-07-27,P
101776,Kevin,Wade,robinarnold@example.com,450-240-8884,2017-10-27,A
101777,Casey,Gaines,ricardo29@example.net,179-118-7460,2019-07-23,A
101778,Brenda,Gonzalez,karenrandolph@example.org,407-367-4604,2023-02-14,A
101779,Christopher,Moore,oliverbridget@example.com,073-658-0987,2023-03-24,A
101780,Richard,Wong,stevenlee@example.org,868-041-0113,2021-11-14,A
101781,Adrienne,Dunn,stefanieramirez@example.org,088-334-9947,2024-03-14,A
101782,Steven,Rice,nataliekrueger@example.org,735-907-9142,2018-04-19,A
101783,John,Payne,jeffreylawrence@example.org,649-330-2918,2019-02-05,A
101784,Jamie,Evans,charleshernandez@example.net,898-476-8711,2021-09-13,A
101785,David,Terrell,ccoleman@example.com,664-060-3857,2019-09-26,I
101786,Jacqueline,Barber,walshlarry@example.com,008-526-7878,2015-06-29,A
101787,Nicole,Smith,ocohen@example.org,742-754-8198,2017-01-08,A
101788,Elizabeth,Smith,jwest@example.org,845-374-4945,2017-03-04,I
101789,Sabrina,Shaw,nthomas@example.net,703-733-8578,2021-03-07,I
101790,Eric,Guerra,vboyd@example.org,436-346-9834,2020-05-22,A
101791,Brenda,Owen,beckkevin@example.com,174-427-6355,2015-12-23,A
101792,Michelle,Hamilton,juanstewart@example.net,965-434-4644,2019-12-11,A
101793,Isaac,Phillips,samanthahernandez@example.com,043-935-0432,2020-10-10,I
101794,Olivia,Hayes,kathy06@example.com,503-491-4426,2019-06-19,A
101795,Samuel,Butler,jshaw@example.com,464-821-6636,2021-03-05,A
101796,Amy,Davis,williamssarah@example.org,691-139-0159,2022-04-16,A
101797,Renee,Johnson,mariehamilton@example.com,963-221-4271,2022-06-07,A
101798,John,Thomas,mcfarlandscott@example.org,688-367-6791,2014-12-28,A
101799,Michael,Mcclure,sarah27@example.com,309-218-7383,2015-01-10,A
101800,Valerie,Gardner,jasonlee@example.net,039-929-6176,2023-08-28,A
101801,Jeffrey,Brown,david10@example.net,247-883-3743,2020-10-21,A
101802,Rebecca,Webb,egarrett@example.org,557-639-5054,2014-12-05,A
101803,Nicole,Snow,gcox@example.net,372-108-1258,2022-10-15,A
101804,David,Pena,loridean@example.net,241-494-7218,2021-06-16,P
101805,Cristina,Ward,rebecca83@example.net,800-417-0326,2022-03-24,A
101806,Jennifer,Li,pmorrow@example.com,246-477-4965,2024-04-12,A
101807,Andrew,Warren,onavarro@example.net,159-960-6807,2022-11-22,A
101808,Gabrielle,Lewis,brucekennedy@example.org,796-457-3058,2014-12-26,A
101809,Lisa,Buchanan,gonzalezstacy@example.com,466-787-1954,2016-04-14,I
101810,Daniel,Juarez,michellebeltran@example.net,598-524-9935,2025-05-02,A
101811,John,Dixon,stephaniejohnson@example.org,823-969-7872,2019-08-07,A
101812,Susan,Brady,luke46@example.org,444-201-4364,2021-07-26,A
101813,Nathaniel,Bates,jennifer16@example.org,762-685-3145,2019-07-10,A
101814,Jacqueline,Ibarra,victoria20@example.net,440-650-8729,2019-08-04,A
101815,William,Oneill,bernardnatalie@example.net,623-370-0182,2018-02-15,A
101816,John,Taylor,yjones@example.net,852-070-5486,2014-08-22,I
101817,Darlene,Figueroa,whutchinson@example.net,813-906-1063,2020-03-01,A
101818,Mary,Garza,yross@example.com,566-473-1111,2017-08-24,I
101819,Nathan,Richard,devinhunter@example.org,890-319-2937,2018-09-28,A
101820,Jeremy,Quinn,kristagarza@example.org,415-039-4159,2019-11-23,A
101821,Maria,Wiley,jennifer74@example.com,285-795-1115,2021-11-29,I
101822,Christina,Bird,anthonyward@example.net,476-484-8686,2022-06-14,A
101823,Phillip,Smith,thomasmartinez@example.com,718-275-1438,2021-07-10,P
101824,Ryan,Kelly,emily94@example.org,135-711-9689,2016-02-07,A
101825,William,Doyle,justinwilliams@example.net,433-130-6864,2024-09-24,I
101826,David,Bradley,sherryreid@example.org,617-849-1887,2016-09-19,A
101827,Christine,Campos,gregory62@example.com,167-113-0324,2021-04-05,A
101828,Heather,Brown,wkline@example.net,417-758-7683,2019-06-12,I
101829,Leah,Henderson,sherricooper@example.com,096-239-4862,2021-01-03,A
101830,Jeremy,Patterson,sanchezcameron@example.org,195-227-2258,2021-08-16,A
101831,Sheila,Brown,larryhanson@example.com,173-743-4837,2021-07-15,A
101832,Brandon,Arellano,gregoryhill@example.org,156-327-4816,2016-07-02,A
101833,Monica,Shelton,tonyalexander@example.net,757-522-1359,2023-11-29,A
101834,Melissa,Kelly,agardner@example.com,628-734-6207,2021-12-09,A
101835,Jennifer,Grimes,evansrandy@example.net,352-379-2526,2018-11-21,A
101836,Brenda,Sexton,rgonzalez@example.org,466-268-1571,2019-02-15,A
101837,Judith,Collins,mendozakathryn@example.com,180-032-3507,2021-01-27,A
101838,Edward,Bridges,kimberly98@example.com,597-533-5713,2019-03-27,A
101839,Todd,Nguyen,nwilson@example.com,997-846-9243,2016-01-07,A
101840,Lisa,Nelson,jessicasmith@example.org,562-943-3066,2021-01-06,A
101841,Frank,David,justin19@example.com,190-119-8789,2016-11-30,A
101842,Gary,Peterson,michael12@example.org,813-642-0753,2017-06-23,A
101843,Elizabeth,Marquez,amandahernandez@example.net,494-861-3291,2015-12-13,A
101844,Scott,Hansen,imullen@example.com,938-922-6549,2016-01-06,A
101845,Ashlee,Grant,wilsonjerome@example.org,551-296-1140,2020-10-01,P
101846,Michael,Glenn,kimberly17@example.net,232-808-5922,2025-12-29,A
101847,Julie,Lee,wallerstephen@example.com,512-697-1744,2018-08-28,A
101848,Joseph,Perez,joseph77@example.net,980-213-5989,2020-06-25,A
101849,Leonard,Garcia,briannacollins@example.org,514-562-7505,2022-10-12,A
101850,Ashley,Prince,anneirwin@example.com,536-564-5473,2023-05-29,I
101851,David,Cochran,emcintosh@example.com,185-209-8189,2014-09-04,A
101852,Michael,Blake,stevenholland@example.net,497-015-2235,2025-12-14,A
101853,William,Mendez,matthew79@example.org,417-562-8919,2022-04-20,A
101854,Natalie,Lawrence,stephanie16@example.com,004-463-4685,2015-05-15,I
101855,Jaime,Berger,walter65@example.org,449-254-2460,2016-12-17,A
101856,Jose,Castaneda,matthew32@example.com,168-502-0490,2019-03-20,A
101857,Angela,Price,jesse96@example.net,859-332-7297,2020-12-07,A
101858,Stacey,Holt,christopher06@example.com,945-876-0989,2023-10-09,A
101859,Melissa,Johnson,cassandrarivers@example.com,669-082-4587,2017-08-22,A
101860,Kylie,Davis,mitchell83@example.com,294-019-7912,2017-07-29,I
101861,John,Gomez,amber73@example.net,804-103-1012,2023-05-16,A
101862,Alice,Murray,evansedward@example.org,683-890-8837,2016-08-21,A
101863,Samuel,Gardner,blopez@example.com,693-013-4893,2017-02-21,A
101864,Nathan,Nelson,elucas@example.net,420-380-7585,2025-12-11,A
101865,Brenda,Myers,espears@example.org,716-816-5294,2025-03-21,A
101866,Logan,Richardson,michael73@example.com,046-054-9743,2023-11-14,A
101867,Caroline,Martinez,wbarnes@example.net,091-343-3965,2020-08-06,A
101868,Cody,Thornton,sally91@example.com,957-050-1368,2015-09-21,A
101869,Julia,Clark,jenniferwilliams@example.org,512-699-1566,2020-03-22,A
101870,Andrew,Ross,patrick90@example.com,680-924-6811,2019-08-23,A
101871,Catherine,Dennis,xrodriguez@example.com,036-918-3623,2021-03-03,A
101872,Michaela,Walker,mbennett@example.org,636-082-2200,2023-08-10,A
101873,Cindy,Wilkins,wharvey@example.org,007-406-1109,2016-05-19,A
101874,Amanda,Hubbard,dennisreed@example.net,008-911-9991,2023-04-20,A
101875,Deborah,Washington,twerner@example.com,503-024-3579,2021-07-23,A
101876,Jeffrey,West,sherry54@example.com,207-797-6155,2016-11-02,A
101877,Veronica,Peters,tracey52@example.com,491-903-4768,2021-01-27,A
101878,Kyle,Smith,janetrivers@example.net,637-011-5062,2025-09-27,I
101879,Carrie,Long,wendy43@example.org,328-950-9152,2022-10-19,A
101880,Melissa,Goodman,tlucas@example.com,993-200-0806,2023-09-13,A
101881,Scott,Lynch,aaron29@example.com,917-622-2053,2014-03-10,A
101882,Brenda,Martinez,shahmegan@example.com,740-231-5520,2016-02-14,A
101883,Veronica,Robles,natasha60@example.net,215-564-7631,2014-03-30,A
101884,Jamie,Lambert,taylor78@example.com,120-802-8963,2023-09-08,A
101885,Anthony,Wallace,brownanthony@example.net,550-058-2298,2014-01-12,A
101886,Kevin,Villa,zthomas@example.com,950-923-4282,2021-09-09,A
101887,Sean,Lowery,williamfields@example.net,238-943-9248,2021-02-20,A
101888,Krista,Ward,alvarezfelicia@example.net,916-681-8919,2020-09-05,A
101889,Paige,Herring,browndonna@example.com,986-662-3770,2022-11-09,A
101890,Connor,Silva,mcfarlandmark@example.net,799-085-7414,2018-06-30,A
101891,Steven,Marshall,jasonstone@example.net,215-174-6438,2019-04-18,P
101892,Calvin,Wu,nwolfe@example.com,684-704-6052,2024-04-21,A
101893,Kristine,Stevens,joseph18@example.com,772-740-9026,2021-03-22,A
101894,Christopher,Jennings,nicholasward@example.com,157-309-3725,2018-07-01,A
101895,Nancy,Macias,vasquezlindsay@example.com,250-876-8628,2019-05-31,A
101896,Ryan,Gutierrez,zpage@example.net,865-278-7861,2017-09-29,A
101897,Nicholas,Wright,hammondmatthew@example.net,541-373-3511,2021-11-21,A
101898,Brittany,Petersen,bryantmichael@example.org,058-560-3329,2024-02-19,A
101899,Steven,Morrison,yallison@example.net,968-173-6805,2023-05-21,I
101900,Nancy,Ramirez,jasmine76@example.org,904-054-9319,2018-12-18,A
101901,Krystal,Rogers,hsanford@example.net,786-955-8143,2015-10-22,A
101902,Ryan,Lucas,mooremichelle@example.net,235-617-2163,2021-04-08,A
101903,Michele,Scott,carol56@example.org,437-223-1915,2018-02-21,A
101904,Steven,Harvey,jennanelson@example.net,984-248-5464,2019-05-14,A
101905,Bradley,Carter,manuelturner@example.com,199-096-9541,2014-03-03,A
101906,Rodney,Snyder,chayes@example.org,878-599-8744,2017-03-18,A
101907,Angela,Adkins,vincenthooper@example.com,523-181-2909,2025-06-12,A
101908,Earl,Garrett,andrewobrien@example.com,383-072-6768,2019-11-18,I
101909,Anthony,Scott,navarromichelle@example.org,135-412-6628,2019-06-11,A
101910,Tiffany,Colon,eroberts@example.org,917-047-9128,2015-07-30,A
101911,David,Butler,charles77@example.net,402-180-9957,2020-09-03,A
101912,Ricky,Yang,daniel98@example.com,963-858-7118,2021-03-26,I
101913,Jessica,White,ovaughn@example.net,453-274-6102,2023-07-15,A
101914,Catherine,Greene,samuel84@example.org,359-313-0463,2018-04-11,A
101915,Emily,Gray,levyalison@example.com,741-362-1047,2020-06-13,A
101916,Jennifer,Sweeney,smithjessica@example.org,944-507-0096,2016-01-31,A
101917,Erin,Hayes,stephensbrian@example.org,208-402-7507,2018-06-07,A
101918,Matthew,Martinez,walkerjessica@example.com,618-483-8792,2021-12-17,A
101919,Stephen,Torres,edwardwilliams@example.net,057-969-8396,2016-12-02,I
101920,Steven,Collins,toddturner@example.org,076-530-6819,2024-06-16,A
101921,Steven,Mahoney,ortegapaul@example.org,065-760-5385,2020-03-31,A
101922,Amanda,Stephens,samantha69@example.net,772-121-9763,2025-01-22,A
101923,Anne,Hays,hhill@example.com,485-123-9694,2022-09-01,A
101924,Victoria,Clark,jessica57@example.org,428-176-0955,2020-04-06,A
101925,Jaime,Martin,jhughes@example.net,204-993-8420,2021-08-31,A
101926,Manuel,Kelley,troyhernandez@example.net,617-320-2478,2016-12-26,A
101927,Patrick,Williams,brian82@example.org,577-620-8266,2021-07-09,A
101928,Kimberly,Soto,zhernandez@example.com,801-422-9818,2022-08-15,A
101929,John,Bailey,pjackson@example.org,693-233-5309,2016-01-08,A
101930,Timothy,Horton,millerkim@example.org,730-491-7788,2015-11-05,A
101931,Jill,Nelson,lwall@example.org,200-007-6801,2018-09-07,A
101932,Stacey,Romero,ericochoa@example.net,632-274-0867,2019-10-22,A
101933,Michael,Liu,hendrickskaren@example.com,926-162-2155,2022-03-07,A
101934,Christopher,Williams,ryanrangel@example.net,023-417-2719,2015-06-23,I
101935,Megan,Arnold,rmccarthy@example.net,433-777-9992,2017-12-18,A
101936,Ryan,Dixon,morgangomez@example.net,933-589-7970,2019-06-18,A
101937,Becky,Thornton,kristenpennington@example.net,791-408-5795,2025-02-08,A
101938,Carla,Smith,nelsonedward@example.org,742-184-9696,2020-09-08,A
101939,Rebecca,Duncan,gacosta@example.org,519-893-1658,2023-06-17,A
101940,Michael,Nelson,jermaine42@example.org,407-126-4302,2023-11-04,A
101941,Micheal,Gibbs,jeffrey60@example.net,687-416-9867,2025-05-23,A
101942,Chase,Hernandez,swolf@example.com,442-276-8037,2023-05-21,A
101943,Debra,Phelps,brittanyjohnston@example.com,710-124-1417,2015-02-05,I
101944,Tony,Carter,tmeza@example.org,669-268-3726,2014-11-29,A
101945,Jacob,Martin,russellmegan@example.net,895-997-7134,2022-07-19,I
101946,Daniel,Wilson,olove@example.org,247-745-3957,2015-08-30,A
101947,Marvin,Le,ambermitchell@example.org,816-442-3883,2024-07-15,A
101948,John,Esparza,dawnvargas@example.com,258-122-5773,2015-08-30,A
101949,Stephen,Sanders,maldonadocollin@example.org,731-865-9718,2018-07-01,A
101950,Brenda,Leonard,arroyothomas@example.org,503-153-3664,2024-01-11,A
101951,Ross,Delgado,kristen52@example.net,095-789-3873,2019-09-21,A
101952,Elizabeth,Norman,lorettapadilla@example.org,539-069-8480,2023-10-06,I
101953,Carol,Barnes,nelsonjenny@example.org,866-743-6291,2021-09-09,A
101954,Candice,Evans,leslieclark@example.net,149-966-7990,2023-11-04,A
101955,Karen,Henry,mcintyreluis@example.com,194-788-7181,2018-08-02,A
101956,Jose,Gray,millerkevin@example.com,427-393-9397,2025-04-09,A
101957,Tara,Mcguire,wnguyen@example.org,409-694-8840,2015-04-26,A
101958,Walter,Salas,bcrane@example.com,157-607-8101,2025-08-02,A
101959,Steven,Morgan,barneslisa@example.net,489-495-0988,2016-07-02,A
101960,Jason,Burgess,burkechristian@example.net,551-310-0305,2018-01-26,A
101961,Linda,Gardner,justinorozco@example.com,936-920-3928,2017-12-21,A
101962,Angela,Thomas,castillojacob@example.org,136-584-8855,2021-09-01,A
101963,Eric,Stephens,wesley25@example.net,564-562-4001,2022-07-16,A
101964,Jermaine,Lee,wallacethomas@example.net,096-532-4772,2018-08-31,A
101965,Victoria,Sanchez,janet02@example.com,261-378-4195,2023-02-06,A
101966,Jennifer,Kidd,lhoward@example.com,724-538-0520,2021-06-20,A
101967,Ray,Williams,matthew90@example.com,420-109-8107,2017-09-07,A
101968,Robin,Wright,gtaylor@example.org,100-947-2995,2014-03-14,A
101969,Kayla,Thompson,michelleguzman@example.com,366-153-7625,2021-06-22,A
101970,Anthony,Hunt,gary14@example.com,246-661-7678,2025-03-13,A
101971,Angela,Melendez,juliamartinez@example.net,225-546-3842,2024-05-20,A
101972,Stacey,Green,rbowman@example.com,030-915-1849,2019-07-03,A
101973,Daniel,Downs,lorilopez@example.org,521-930-6908,2017-08-12,A
101974,Gregory,Chavez,ngeorge@example.com,145-189-7207,2018-03-29,A
101975,Tony,Shepard,anne99@example.net,808-079-7870,2018-12-10,A
101976,Brianna,Nelson,ncurry@example.com,040-334-1124,2020-06-08,A
101977,Regina,Pena,autumnmartinez@example.net,123-174-7319,2023-09-20,A
101978,Kevin,Montgomery,ewilliams@example.com,508-594-5946,2021-07-28,A
101979,Timothy,Garcia,vjohnson@example.net,041-717-2149,2023-11-15,A
101980,Troy,Anderson,andrew40@example.org,019-246-3070,2023-05-26,I
101981,Sharon,Weber,yroberts@example.net,688-648-4755,2015-11-09,A
101982,Christopher,Yang,williamstephens@example.org,156-435-8508,2020-10-16,A
101983,Gregory,Wallace,maryanderson@example.com,195-052-2820,2020-04-21,P
101984,Chad,Smith,kimberlykelly@example.org,936-417-2643,2017-06-19,I
101985,Jaime,Smith,george98@example.com,644-944-0647,2017-02-09,A
101986,Stephanie,Dominguez,charlesmendez@example.net,629-411-7543,2015-04-11,A
101987,Jason,Ramirez,csharp@example.com,684-016-9260,2015-12-31,I
101988,Christine,Cortez,charleschandler@example.com,576-476-3190,2015-06-14,A
101989,Christopher,Ayala,donaldturner@example.org,624-779-0610,2018-10-09,A
101990,Dennis,Johnson,heatheryoung@example.net,837-374-3002,2018-07-16,A
101991,Dawn,Johnson,priscillacastro@example.org,081-844-9041,2015-05-22,A
101992,David,Gregory,christopherrussell@example.org,820-823-1079,2019-04-23,A
101993,Alex,Reeves,lindayu@example.net,832-591-6286,2016-09-05,A
101994,Mark,Garcia,gaypatricia@example.org,117-873-5257,2020-11-13,A
101995,Amanda,Johnson,dallen@example.net,037-199-4989,2021-04-30,A
101996,William,Baxter,rpadilla@example.com,639-928-2001,2018-01-21,A
101997,Alexandra,Butler,tiffanysmall@example.org,986-944-2515,2025-11-13,A
101998,Harold,Marshall,jbaker@example.org,715-448-1458,2018-01-04,A
101999,Jerry,Smith,steven61@example.org,939-788-4312,2023-01-22,A
102000,Timothy,Smith,jameskeith@example.com,314-069-7979,2017-07-11,A
102001,Nicholas,Bishop,qcunningham@example.org,390-228-4494,2014-02-22,A
102002,Mathew,Campbell,kristen33@example.net,336-880-5804,2023-04-30,A
102003,Laurie,Orr,nicholaswyatt@example.com,189-392-1595,2014-01-25,A
102004,Emily,Johnson,david36@example.net,036-833-4855,2021-11-20,A
102005,Laura,Williams,christopherdavis@example.net,878-037-5970,2022-04-06,A
102006,Susan,Ellis,kimberlyanderson@example.com,151-696-0136,2019-02-16,A
102007,Katherine,Lutz,elizabethpierce@example.com,503-288-4325,2025-12-09,A
102008,Joyce,Mcneil,fitzgeraldmelissa@example.com,424-756-1425,2021-12-22,A
102009,Lauren,Roberts,walkeradam@example.com,125-215-2739,2019-09-30,A
102010,Joshua,Scott,patrickthomas@example.org,123-263-6605,2018-04-12,A
102011,Christian,Allison,qevans@example.net,629-292-0915,2022-06-03,A
102012,Kevin,Villa,zthomas@example.com,950-923-4282,2021-09-09,A
102013,Tracy,Wood,bruce12@example.org,691-826-1644,2021-10-24,A
102014,Linda,Dorsey,johnsonangela@example.com,995-349-0524,2025-12-21,A
102015,Katherine,Grimes,denisebarton@example.org,367-849-3043,2018-04-17,A
102016,Michael,Blake,stevenholland@example.net,497-015-2235,2025-12-14,A
