plan_history_id,account_id,plan_cd,effective_start,effective_end
1,300001,BUSINESS500,2025-09-20,
2,300002,BUSINESS500,2019-03-29,
3,300003,GIG1,2018-04-04,
4,300004,BUSINESS1G,2018-12-28,2020-11-27
5,300004,BASIC100,2020-11-28,
6,300005,FIBER500,2020-04-07,
7,300006,BUSINESS1G,2025-04-22,
8,300007,BUSINESS500,2019-11-19,
9,300008,FIBER500,2024-05-27,
10,300009,BUSINESS500,2018-12-16,
11,300010,BUSINESS500,2019-05-19,
12,300011,BASIC100,2022-02-03,
13,300012,FIBER500,2019-10-20,
14,300013,BUSINESS500,2019-05-04,
15,300014,GIG1,2024-09-04,
16,300015,FIBER500,2025-12-29,
17,300016,GIG1,2023-10-16,
18,300017,GIG1,2021-01-31,2022-07-19
19,300017,BUSINESS500,2022-07-20,
20,300018,BASIC100,2023-11-02,
21,300019,BUSINESS1G,2023-10-06,
22,300020,GIG1,2021-08-22,
23,300021,FIBER500,2018-08-14,2021-05-13
24,300021,BASIC100,2021-05-14,
25,300022,GIG1,2023-04-05,2024-08-30
26,300022,BUSINESS1G,2024-08-31,
27,300023,BUSINESS1G,2022-09-05,
28,300024,BUSINESS500,2023-10-23,
29,300025,GIG1,2023-03-17,2025-05-11
30,300025,FIBER500,2025-05-12,
31,300026,GIG1,2024-05-30,2025-01-02
32,300026,BASIC100,2025-01-03,
33,300027,FIBER500,2018-09-17,2021-12-23
34,300027,BUSINESS1G,2021-12-24,
35,300028,BASIC100,2023-02-13,
36,300029,BUSINESS500,2025-10-21,
37,300030,BUSINESS1G,2023-07-24,
38,300031,BUSINESS1G,2019-01-09,
39,300032,BUSINESS1G,2022-05-13,
40,300033,BUSINESS500,2024-12-27,
41,300034,BUSINESS500,2025-03-19,
42,300035,FIBER500,2020-12-22,
43,300036,BUSINESS1G,2025-09-10,
44,300037,GIG1,2018-01-15,
45,300038,GIG1,2022-02-17,
46,300039,GIG1,2019-03-25,
47,300040,BASIC100,2022-12-16,
48,300041,GIG1,2019-02-26,
49,300042,FIBER500,2019-06-04,2020-09-18
50,300042,BASIC100,2020-09-19,
51,300043,BUSINESS500,2020-03-05,
52,300044,BUSINESS1G,2023-05-14,2026-05-26
53,300044,GIG1,2026-05-27,
54,300045,GIG1,2025-12-13,
55,300046,BASIC100,2023-03-24,
56,300047,GIG1,2025-07-29,
57,300048,GIG1,2021-12-13,
58,300049,BASIC100,2019-11-06,
59,300050,BUSINESS500,2021-05-20,2022-01-06
60,300050,BASIC100,2022-01-07,
61,300051,FIBER500,2022-02-22,
62,300052,GIG1,2020-03-15,
63,300053,BASIC100,2025-05-21,
64,300054,BUSINESS1G,2021-06-18,2023-05-16
65,300054,BUSINESS500,2023-05-17,
66,300055,BUSINESS500,2019-09-21,
67,300056,BUSINESS500,2024-10-02,
68,300057,GIG1,2020-10-04,2023-10-24
69,300057,BUSINESS500,2023-10-25,
70,300058,BUSINESS1G,2025-07-28,
71,300059,GIG1,2023-11-20,
72,300060,BASIC100,2020-04-03,
73,300061,GIG1,2019-06-20,2022-06-19
74,300061,BUSINESS1G,2022-06-20,
75,300062,BASIC100,2025-04-30,
76,300063,BASIC100,2024-03-05,
77,300064,FIBER500,2019-08-03,2021-11-09
78,300064,BASIC100,2021-11-10,
79,300065,GIG1,2023-09-05,2026-06-06
80,300065,BUSINESS500,2026-06-07,
81,300066,BUSINESS500,2020-06-12,
82,300067,BASIC100,2019-10-04,
83,300068,FIBER500,2020-08-27,
84,300069,BUSINESS1G,2019-07-31,
85,300070,BUSINESS500,2024-11-14,
86,300071,BUSINESS500,2020-03-25,
87,300072,BUSINESS500,2018-06-16,2019-09-17
88,300072,BASIC100,2019-09-18,
89,300073,BUSINESS1G,2024-03-02,
90,300074,BUSINESS1G,2021-08-09,2022-12-25
91,300074,FIBER500,2022-12-26,
92,300075,BUSINESS1G,2019-12-08,
93,300076,GIG1,2025-09-30,
94,300077,FIBER500,2018-04-02,
95,300078,BUSINESS500,2021-02-02,
96,300079,BUSINESS1G,2018-10-17,
97,300080,GIG1,2018-02-12,2020-07-30
98,300080,BUSINESS1G,2020-07-31,
99,300081,FIBER500,2020-09-09,
100,300082,FIBER500,2020-08-22,2021-08-24
101,300082,GIG1,2021-08-25,
102,300083,BUSINESS500,2022-12-30,
103,300084,BUSINESS1G,2019-11-27,2022-08-18
104,300084,BUSINESS500,2022-08-19,
105,300085,BUSINESS500,2021-06-26,2023-01-15
106,300085,BASIC100,2023-01-16,
107,300086,BASIC100,2021-09-12,
108,300087,FIBER500,2020-06-17,
109,300088,BUSINESS1G,2018-05-27,2021-07-23
110,300088,FIBER500,2021-07-24,
111,300089,GIG1,2018-09-24,
112,300090,FIBER500,2024-08-14,
113,300091,BASIC100,2023-09-01,
114,300092,BUSINESS1G,2019-04-04,
115,300093,BASIC100,2020-01-18,
116,300094,GIG1,2019-08-11,
117,300095,BUSINESS500,2022-01-17,2023-01-08
118,300095,BUSINESS1G,2023-01-09,
119,300096,BUSINESS1G,2024-01-02,
120,300097,BUSINESS1G,2021-09-24,2023-05-22
121,300097,BUSINESS500,2023-05-23,
122,300098,BUSINESS500,2025-11-22,
123,300099,GIG1,2021-02-07,2024-04-22
124,300099,BUSINESS1G,2024-04-23,
125,300100,BUSINESS500,2021-09-17,
126,300101,BUSINESS1G,2021-01-10,
127,300102,GIG1,2022-06-16,2025-08-04
128,300102,FIBER500,2025-08-05,
129,300103,GIG1,2021-03-20,2024-03-21
130,300103,BUSINESS1G,2024-03-22,
131,300104,GIG1,2018-09-26,
132,300105,BUSINESS1G,2020-11-30,
133,300106,BUSINESS1G,2023-09-30,
134,300107,FIBER500,2025-04-19,
135,300108,BASIC100,2020-11-07,2021-12-21
136,300108,GIG1,2021-12-22,
137,300109,BUSINESS1G,2019-12-30,
138,300110,BASIC100,2022-11-16,2025-12-08
139,300110,BUSINESS500,2025-12-09,
140,300111,BASIC100,2021-02-06,
141,300112,FIBER500,2022-12-11,
142,300113,GIG1,2020-11-21,
143,300114,GIG1,2018-11-04,
144,300115,BASIC100,2020-04-29,2021-10-02
145,300115,BUSINESS500,2021-10-03,
146,300116,GIG1,2018-05-11,2021-04-10
147,300116,BUSINESS500,2021-04-11,
148,300117,BASIC100,2018-06-27,2021-03-30
149,300117,BUSINESS1G,2021-03-31,
150,300118,GIG1,2025-07-17,
151,300119,GIG1,2018-04-05,
152,300120,BASIC100,2021-10-04,2022-07-04
153,300120,BUSINESS500,2022-07-05,
154,300121,BUSINESS500,2024-03-01,
155,300122,GIG1,2019-01-18,
156,300123,BUSINESS500,2024-12-23,
157,300124,FIBER500,2020-12-31,2023-11-17
158,300124,BASIC100,2023-11-18,
159,300125,BASIC100,2023-07-10,
160,300126,BUSINESS500,2019-04-21,2021-09-27
161,300126,BASIC100,2021-09-28,
162,300127,GIG1,2022-06-14,
163,300128,BUSINESS1G,2020-06-29,
164,300129,GIG1,2025-09-24,
165,300130,BUSINESS500,2023-06-11,
166,300131,GIG1,2021-03-08,
167,300132,BUSINESS500,2025-06-07,
168,300133,BASIC100,2025-05-17,
169,300134,GIG1,2022-12-05,
170,300135,GIG1,2024-03-30,
171,300136,FIBER500,2025-12-15,
172,300137,FIBER500,2023-02-03,
173,300138,BUSINESS500,2023-10-30,
174,300139,FIBER500,2021-06-23,
175,300140,BUSINESS1G,2023-04-27,
176,300141,BUSINESS500,2023-07-25,
177,300142,BASIC100,2023-04-20,
178,300143,GIG1,2019-12-06,
179,300144,BUSINESS500,2021-10-09,
180,300145,BASIC100,2021-01-24,
181,300146,GIG1,2022-11-20,2024-08-01
182,300146,BUSINESS1G,2024-08-02,
183,300147,BASIC100,2025-10-15,
184,300148,BUSINESS500,2021-09-24,2023-01-03
185,300148,FIBER500,2023-01-04,
186,300149,GIG1,2022-09-21,
187,300150,BUSINESS1G,2024-01-26,
188,300151,BUSINESS500,2019-01-17,
189,300152,BASIC100,2024-11-12,
190,300153,BASIC100,2020-11-17,
191,300154,BUSINESS500,2018-10-10,
192,300155,BUSINESS1G,2025-08-04,
193,300156,GIG1,2023-04-04,
194,300157,BUSINESS500,2019-04-18,
195,300158,FIBER500,2019-04-01,2021-09-09
196,300158,GIG1,2021-09-10,
197,300159,BASIC100,2019-04-20,
198,300160,GIG1,2018-07-03,2020-11-14
199,300160,BASIC100,2020-11-15,
200,300161,FIBER500,2018-03-28,
201,300162,BUSINESS500,2025-10-09,
202,300163,BUSINESS1G,2020-12-20,2021-07-08
203,300163,GIG1,2021-07-09,
204,300164,FIBER500,2025-08-09,
205,300165,BUSINESS500,2018-08-05,
206,300166,BUSINESS1G,2021-08-20,2024-01-25
207,300166,GIG1,2024-01-26,
208,300167,GIG1,2018-12-03,2020-01-10
209,300167,BASIC100,2020-01-11,
210,300168,GIG1,2025-05-05,
211,300169,GIG1,2025-07-13,
212,300170,GIG1,2019-05-18,2020-08-20
213,300170,FIBER500,2020-08-21,
214,300171,BUSINESS1G,2019-03-13,
215,300172,BUSINESS1G,2019-03-19,
216,300173,GIG1,2025-03-17,
217,300174,BUSINESS1G,2019-04-15,2021-07-19
218,300174,BUSINESS500,2021-07-20,
219,300175,BASIC100,2018-01-28,2019-10-21
220,300175,FIBER500,2019-10-22,
221,300176,FIBER500,2018-05-27,
222,300177,BUSINESS500,2019-06-14,
223,300178,BASIC100,2026-01-29,
224,300179,GIG1,2018-12-21,2022-01-16
225,300179,FIBER500,2022-01-17,
226,300180,BUSINESS500,2024-09-22,
227,300181,BASIC100,2020-04-30,
228,300182,BASIC100,2025-10-27,
229,300183,BUSINESS500,2022-10-09,
230,300184,BUSINESS500,2019-09-28,
231,300185,GIG1,2022-08-12,
232,300186,BUSINESS500,2022-03-10,
233,300187,BUSINESS500,2019-12-04,2021-05-18
234,300187,FIBER500,2021-05-19,
235,300188,BUSINESS1G,2024-03-01,2025-03-14
236,300188,BASIC100,2025-03-15,
237,300189,BUSINESS1G,2023-07-25,
238,300190,BUSINESS500,2021-09-14,2024-05-29
239,300190,GIG1,2024-05-30,
240,300191,FIBER500,2025-01-20,
241,300192,BUSINESS500,2024-06-01,
242,300193,FIBER500,2023-01-28,
243,300194,FIBER500,2024-11-01,
244,300195,BUSINESS500,2019-04-06,
245,300196,BUSINESS500,2024-04-21,2026-05-17
246,300196,GIG1,2026-05-18,
247,300197,FIBER500,2025-08-21,
248,300198,BASIC100,2025-03-25,
249,300199,BUSINESS1G,2022-10-24,2024-02-15
250,300199,FIBER500,2024-02-16,
251,300200,BASIC100,2020-03-29,
252,300201,BUSINESS500,2023-07-01,
253,300202,BUSINESS1G,2018-01-19,2020-12-28
254,300202,FIBER500,2020-12-29,
255,300203,FIBER500,2021-06-02,
256,300204,GIG1,2019-03-21,
257,300205,BUSINESS1G,2025-08-13,
258,300206,BASIC100,2019-05-29,
259,300207,GIG1,2023-10-12,
260,300208,BUSINESS1G,2021-01-08,
261,300209,BUSINESS1G,2025-03-06,
262,300210,BASIC100,2020-01-26,2021-12-09
263,300210,GIG1,2021-12-10,
264,300211,BUSINESS500,2025-03-07,
265,300212,GIG1,2023-02-07,
266,300213,FIBER500,2018-04-03,2020-11-05
267,300213,BASIC100,2020-11-06,
268,300214,FIBER500,2024-01-15,
269,300215,BUSINESS500,2019-06-29,2021-04-01
270,300215,FIBER500,2021-04-02,
271,300216,BUSINESS1G,2023-10-16,2024-10-10
272,300216,GIG1,2024-10-11,
273,300217,BUSINESS500,2018-08-11,2021-04-11
274,300217,FIBER500,2021-04-12,
275,300218,BUSINESS1G,2025-12-03,
276,300219,FIBER500,2018-07-02,
277,300220,BUSINESS500,2021-11-25,
278,300221,FIBER500,2023-10-23,
279,300222,FIBER500,2025-06-17,
280,300223,GIG1,2024-04-26,
281,300224,BUSINESS500,2025-02-18,
282,300225,FIBER500,2023-01-03,
283,300226,BUSINESS500,2024-05-21,
284,300227,BUSINESS500,2019-12-27,
285,300228,BASIC100,2023-05-07,
286,300229,BUSINESS500,2020-05-24,
287,300230,GIG1,2025-01-11,
288,300231,GIG1,2025-02-18,
289,300232,FIBER500,2025-09-22,
290,300233,FIBER500,2019-11-04,
291,300234,BUSINESS500,2021-12-02,
292,300235,BUSINESS1G,2025-04-01,
293,300236,BASIC100,2022-10-15,2024-04-11
294,300236,BUSINESS1G,2024-04-12,
295,300237,BASIC100,2021-08-13,
296,300238,BUSINESS1G,2021-11-05,
297,300239,FIBER500,2018-01-28,2020-02-23
298,300239,GIG1,2020-02-24,
299,300240,BUSINESS1G,2023-12-28,
300,300241,FIBER500,2022-12-12,2025-02-18
301,300241,GIG1,2025-02-19,
302,300242,BUSINESS1G,2019-10-05,
303,300243,BUSINESS500,2024-04-25,
304,300244,BUSINESS1G,2022-08-05,
305,300245,FIBER500,2025-12-13,
306,300246,BASIC100,2019-05-06,
307,300247,FIBER500,2021-07-06,
308,300248,BUSINESS500,2024-08-05,
309,300249,GIG1,2023-07-26,
310,300250,BUSINESS1G,2020-09-05,
311,300251,BASIC100,2019-05-19,
312,300252,FIBER500,2025-10-25,
313,300253,GIG1,2022-05-15,
314,300254,GIG1,2020-10-12,
315,300255,GIG1,2019-12-24,
316,300256,GIG1,2025-06-22,
317,300257,BUSINESS1G,2022-11-07,2025-04-03
318,300257,BUSINESS500,2025-04-04,
319,300258,BASIC100,2020-08-19,
320,300259,FIBER500,2021-10-18,2023-08-08
321,300259,BUSINESS500,2023-08-09,
322,300260,GIG1,2024-09-10,
323,300261,BASIC100,2020-03-05,
324,300262,BUSINESS1G,2020-04-27,
325,300263,BUSINESS500,2022-06-29,2025-10-06
326,300263,BASIC100,2025-10-07,
327,300264,BUSINESS500,2022-03-11,2023-01-01
328,300264,BASIC100,2023-01-02,
329,300265,BUSINESS1G,2023-01-09,
330,300266,BASIC100,2018-11-01,
331,300267,GIG1,2023-11-06,
332,300268,BASIC100,2021-11-06,2024-05-20
333,300268,GIG1,2024-05-21,
334,300269,BUSINESS500,2018-03-14,2021-04-02
335,300269,BUSINESS1G,2021-04-03,
336,300270,GIG1,2023-11-18,
337,300271,BUSINESS500,2021-05-21,2021-11-27
338,300271,FIBER500,2021-11-28,
339,300272,BUSINESS1G,2020-11-29,
340,300273,BUSINESS1G,2025-10-12,
341,300274,GIG1,2024-04-13,2025-02-04
342,300274,BUSINESS1G,2025-02-05,
343,300275,FIBER500,2023-12-17,
344,300276,BUSINESS1G,2022-12-10,
345,300277,FIBER500,2025-02-07,
346,300278,BASIC100,2020-11-25,2023-10-26
347,300278,BUSINESS1G,2023-10-27,
348,300279,BASIC100,2022-04-30,
349,300280,GIG1,2025-09-23,
350,300281,FIBER500,2025-10-27,
351,300282,FIBER500,2022-02-14,
352,300283,BUSINESS500,2024-05-23,
353,300284,BASIC100,2020-07-09,
354,300285,GIG1,2023-03-16,2024-03-28
355,300285,BASIC100,2024-03-29,
356,300286,FIBER500,2021-10-14,2024-05-26
357,300286,BUSINESS1G,2024-05-27,
358,300287,BASIC100,2021-02-23,
359,300288,FIBER500,2020-05-29,
360,300289,BASIC100,2023-04-16,2025-07-05
361,300289,GIG1,2025-07-06,
362,300290,GIG1,2025-04-02,
363,300291,GIG1,2020-09-01,
364,300292,BUSINESS1G,2025-08-30,
365,300293,BUSINESS500,2025-10-26,
366,300294,GIG1,2019-07-24,
367,300295,FIBER500,2024-11-09,
368,300296,BUSINESS500,2025-09-09,
369,300297,BUSINESS500,2023-06-07,
370,300298,FIBER500,2023-09-18,
371,300299,BUSINESS500,2018-06-04,
372,300300,FIBER500,2025-06-19,
373,300301,BUSINESS1G,2018-06-06,
374,300302,GIG1,2019-04-23,2021-12-11
375,300302,FIBER500,2021-12-12,
376,300303,BUSINESS500,2023-12-23,
377,300304,BUSINESS1G,2023-06-01,
378,300305,BASIC100,2021-05-24,
379,300306,FIBER500,2018-09-17,
380,300307,BASIC100,2022-04-15,2024-01-09
381,300307,BUSINESS1G,2024-01-10,
382,300308,FIBER500,2020-12-22,2022-03-09
383,300308,BASIC100,2022-03-10,
384,300309,BASIC100,2018-04-29,
385,300310,BUSINESS1G,2024-05-25,
386,300311,FIBER500,2020-10-14,2023-08-06
387,300311,BASIC100,2023-08-07,
388,300312,BASIC100,2020-07-22,
389,300313,GIG1,2018-10-25,2019-09-30
390,300313,FIBER500,2019-10-01,
391,300314,BASIC100,2022-09-25,
392,300315,BUSINESS1G,2021-11-13,
393,300316,FIBER500,2022-10-03,2025-03-31
394,300316,BASIC100,2025-04-01,
395,300317,BUSINESS1G,2020-09-18,
396,300318,BUSINESS500,2025-07-24,
397,300319,BASIC100,2020-02-25,
398,300320,BUSINESS1G,2018-07-14,2020-10-16
399,300320,FIBER500,2020-10-17,
400,300321,BASIC100,2019-08-13,
401,300322,GIG1,2021-10-18,
402,300323,GIG1,2018-11-08,2020-05-27
403,300323,BUSINESS500,2020-05-28,
404,300324,BUSINESS500,2024-03-02,
405,300325,GIG1,2024-03-06,2025-12-27
406,300325,FIBER500,2025-12-28,
407,300326,FIBER500,2022-01-05,
408,300327,FIBER500,2018-01-14,
409,300328,BASIC100,2024-01-24,2026-02-28
410,300328,GIG1,2026-03-01,
411,300329,FIBER500,2024-03-24,
412,300330,BUSINESS1G,2024-02-06,
413,300331,BUSINESS500,2025-01-19,
414,300332,GIG1,2022-12-22,2025-07-01
415,300332,FIBER500,2025-07-02,
416,300333,BUSINESS1G,2024-02-18,
417,300334,BUSINESS500,2019-01-28,
418,300335,FIBER500,2025-07-14,
419,300336,FIBER500,2022-11-18,2023-12-22
420,300336,GIG1,2023-12-23,
421,300337,FIBER500,2019-04-22,
422,300338,BUSINESS500,2023-03-11,
423,300339,BUSINESS1G,2020-09-27,2022-12-08
424,300339,FIBER500,2022-12-09,
425,300340,GIG1,2025-09-28,
426,300341,GIG1,2019-10-29,
427,300342,FIBER500,2025-12-24,
428,300343,BASIC100,2025-06-30,
429,300344,BUSINESS500,2024-11-18,
430,300345,GIG1,2018-10-26,2019-06-16
431,300345,FIBER500,2019-06-17,
432,300346,BUSINESS500,2020-08-03,
433,300347,BASIC100,2022-01-23,
434,300348,FIBER500,2025-03-05,
435,300349,GIG1,2023-01-22,
436,300350,BUSINESS500,2023-03-07,
437,300351,FIBER500,2020-02-19,
438,300352,BUSINESS1G,2023-05-31,2024-10-04
439,300352,GIG1,2024-10-05,
440,300353,GIG1,2023-10-31,
441,300354,BUSINESS1G,2025-06-08,
442,300355,BUSINESS500,2022-12-16,
443,300356,FIBER500,2021-06-14,
444,300357,FIBER500,2019-04-06,2019-11-01
445,300357,BUSINESS1G,2019-11-02,
446,300358,FIBER500,2019-12-07,
447,300359,BUSINESS500,2018-06-27,
448,300360,GIG1,2024-11-04,2025-06-07
449,300360,BUSINESS500,2025-06-08,
450,300361,GIG1,2019-07-05,
451,300362,BASIC100,2023-04-05,2025-09-14
452,300362,BUSINESS500,2025-09-15,
453,300363,FIBER500,2024-08-17,
454,300364,GIG1,2019-09-03,2021-03-17
455,300364,BUSINESS500,2021-03-18,
456,300365,BUSINESS500,2019-02-25,
457,300366,GIG1,2024-12-29,
458,300367,GIG1,2019-08-19,2020-11-19
459,300367,FIBER500,2020-11-20,
460,300368,BUSINESS500,2020-02-28,2020-10-27
461,300368,BASIC100,2020-10-28,
462,300369,BUSINESS500,2023-10-11,
463,300370,FIBER500,2021-01-29,
464,300371,GIG1,2019-05-10,
465,300372,BUSINESS1G,2025-06-04,
466,300373,BASIC100,2020-01-27,
467,300374,GIG1,2019-06-03,
468,300375,GIG1,2023-05-09,
469,300376,GIG1,2018-04-06,
470,300377,FIBER500,2019-06-02,2020-03-08
471,300377,BUSINESS500,2020-03-09,
472,300378,BUSINESS500,2021-01-21,2024-02-01
473,300378,FIBER500,2024-02-02,
474,300379,GIG1,2019-04-15,
475,300380,BASIC100,2025-05-26,
476,300381,BASIC100,2023-12-18,
477,300382,GIG1,2022-05-30,2023-01-07
478,300382,BUSINESS1G,2023-01-08,
479,300383,BASIC100,2023-02-17,2024-02-24
480,300383,BUSINESS1G,2024-02-25,
481,300384,FIBER500,2025-02-03,
482,300385,BUSINESS1G,2018-03-27,2019-08-03
483,300385,BUSINESS500,2019-08-04,
484,300386,BASIC100,2020-03-07,
485,300387,BASIC100,2021-04-04,
486,300388,BASIC100,2024-04-15,
487,300389,BUSINESS1G,2025-04-19,
488,300390,BASIC100,2019-04-14,2020-02-27
489,300390,BUSINESS500,2020-02-28,
490,300391,BUSINESS1G,2023-11-09,
491,300392,BASIC100,2021-03-14,
492,300393,GIG1,2024-08-29,
493,300394,BASIC100,2023-03-30,2026-02-02
494,300394,BUSINESS500,2026-02-03,
495,300395,BUSINESS500,2025-12-28,
496,300396,BUSINESS500,2023-12-29,
497,300397,GIG1,2021-12-19,
498,300398,FIBER500,2022-02-23,
499,300399,BASIC100,2024-04-20,2025-01-30
500,300399,BUSINESS1G,2025-01-31,
501,300400,GIG1,2026-01-08,
502,300401,BUSINESS1G,2022-03-05,
503,300402,BUSINESS1G,2021-02-26,2023-01-11
504,300402,FIBER500,2023-01-12,
505,300403,BUSINESS500,2020-01-10,2022-03-22
506,300403,BUSINESS1G,2022-03-23,
507,300404,GIG1,2019-05-07,
508,300405,GIG1,2025-01-04,
509,300406,BUSINESS1G,2025-03-24,
510,300407,BUSINESS500,2024-01-21,2026-01-03
511,300407,FIBER500,2026-01-04,
512,300408,BUSINESS1G,2021-11-19,
513,300409,BUSINESS500,2020-04-10,
514,300410,BUSINESS1G,2023-04-22,
515,300411,BUSINESS500,2022-07-06,2024-10-28
516,300411,BUSINESS1G,2024-10-29,
517,300412,FIBER500,2021-03-26,
518,300413,BUSINESS500,2021-08-02,2022-06-15
519,300413,GIG1,2022-06-16,
520,300414,BUSINESS500,2023-06-11,
521,300415,GIG1,2022-10-27,
522,300416,BASIC100,2023-10-07,2025-10-23
523,300416,GIG1,2025-10-24,
524,300417,GIG1,2020-12-29,2021-11-23
525,300417,FIBER500,2021-11-24,
526,300418,BASIC100,2025-05-25,
527,300419,FIBER500,2019-02-25,
528,300420,BUSINESS500,2020-06-13,
529,300421,BUSINESS500,2024-11-26,
530,300422,BASIC100,2018-05-18,2019-10-04
531,300422,BUSINESS1G,2019-10-05,
532,300423,BUSINESS1G,2020-10-19,2023-03-03
533,300423,BASIC100,2023-03-04,
534,300424,BUSINESS500,2021-04-29,
535,300425,FIBER500,2020-07-27,2022-07-01
536,300425,BASIC100,2022-07-02,
537,300426,BUSINESS1G,2024-08-22,
538,300427,BASIC100,2025-06-05,
539,300428,BASIC100,2022-08-16,
540,300429,GIG1,2023-03-24,2025-11-21
541,300429,BUSINESS500,2025-11-22,
542,300430,BUSINESS500,2019-03-19,
543,300431,BUSINESS500,2022-07-07,
544,300432,FIBER500,2020-07-29,
545,300433,FIBER500,2020-01-09,
546,300434,FIBER500,2021-12-04,
547,300435,BASIC100,2019-05-11,2021-12-25
548,300435,FIBER500,2021-12-26,
549,300436,BUSINESS1G,2019-10-23,
550,300437,FIBER500,2019-04-12,
551,300438,BASIC100,2023-12-13,
552,300439,BASIC100,2024-02-10,
553,300440,BASIC100,2021-03-22,
554,300441,FIBER500,2020-06-20,
555,300442,BASIC100,2025-01-10,
556,300443,FIBER500,2025-04-20,
557,300444,BUSINESS1G,2021-10-15,2024-01-24
558,300444,GIG1,2024-01-25,
559,300445,GIG1,2023-06-11,
560,300446,GIG1,2023-07-11,
561,300447,BUSINESS1G,2020-02-11,
562,300448,FIBER500,2020-08-04,
563,300449,BASIC100,2022-08-14,2025-07-29
564,300449,BUSINESS1G,2025-07-30,
565,300450,FIBER500,2023-11-28,
566,300451,BASIC100,2025-03-03,
567,300452,BUSINESS500,2023-12-02,
568,300453,FIBER500,2024-06-01,2025-08-04
569,300453,BASIC100,2025-08-05,
570,300454,GIG1,2023-08-09,2024-05-02
571,300454,BUSINESS1G,2024-05-03,
572,300455,BUSINESS1G,2023-06-01,2024-05-13
573,300455,GIG1,2024-05-14,
574,300456,BUSINESS1G,2022-08-24,
575,300457,BUSINESS500,2022-03-15,
576,300458,GIG1,2018-05-23,2021-08-09
577,300458,FIBER500,2021-08-10,
578,300459,FIBER500,2023-12-05,2025-01-07
579,300459,BUSINESS500,2025-01-08,
580,300460,GIG1,2018-02-26,
581,300461,BUSINESS500,2022-05-03,
582,300462,GIG1,2025-04-21,
583,300463,FIBER500,2021-07-15,
584,300464,FIBER500,2019-05-11,
585,300465,FIBER500,2019-06-19,
586,300466,BUSINESS500,2020-11-18,
587,300467,BUSINESS500,2023-06-15,2026-02-09
588,300467,BUSINESS1G,2026-02-10,
589,300468,BUSINESS500,2020-02-18,
590,300469,FIBER500,2018-02-08,2020-09-26
591,300469,BUSINESS500,2020-09-27,
592,300470,FIBER500,2024-06-28,
593,300471,FIBER500,2019-06-30,2020-09-04
594,300471,BUSINESS500,2020-09-05,
595,300472,BASIC100,2020-01-02,2020-10-16
596,300472,GIG1,2020-10-17,
597,300473,BASIC100,2021-03-19,
598,300474,BUSINESS500,2024-12-03,
599,300475,GIG1,2024-11-29,
600,300476,BUSINESS1G,2019-05-27,
601,300477,BUSINESS1G,2020-05-31,
602,300478,BUSINESS500,2018-05-14,2019-11-30
603,300478,GIG1,2019-12-01,
604,300479,BASIC100,2019-08-25,2021-09-30
605,300479,FIBER500,2021-10-01,
606,300480,BUSINESS500,2022-05-25,2025-06-13
607,300480,GIG1,2025-06-14,
608,300481,FIBER500,2020-04-18,
609,300482,FIBER500,2022-04-04,2023-12-03
610,300482,BUSINESS500,2023-12-04,
611,300483,FIBER500,2024-03-29,
612,300484,FIBER500,2018-07-16,2019-09-02
613,300484,GIG1,2019-09-03,
614,300485,BASIC100,2024-09-30,
615,300486,BASIC100,2024-05-08,
616,300487,BUSINESS1G,2022-11-06,
617,300488,FIBER500,2018-07-28,2021-01-12
618,300488,BASIC100,2021-01-13,
619,300489,FIBER500,2020-08-13,
620,300490,FIBER500,2024-10-23,
621,300491,GIG1,2021-03-02,2024-06-01
622,300491,FIBER500,2024-06-02,
623,300492,GIG1,2024-04-07,
624,300493,FIBER500,2022-07-17,
625,300494,BUSINESS1G,2025-02-28,
626,300495,GIG1,2018-07-29,
627,300496,FIBER500,2021-09-07,
628,300497,GIG1,2019-05-03,
629,300498,BASIC100,2025-09-17,
630,300499,BUSINESS1G,2023-09-27,2025-11-22
631,300499,BASIC100,2025-11-23,
632,300500,FIBER500,2023-06-08,
633,300501,BUSINESS1G,2022-02-20,
634,300502,BUSINESS1G,2020-06-16,
635,300503,BUSINESS1G,2022-08-06,
636,300504,BUSINESS500,2020-07-05,
637,300505,BASIC100,2025-07-21,
638,300506,GIG1,2020-12-17,
639,300507,FIBER500,2020-09-23,
640,300508,GIG1,2021-04-02,
641,300509,BASIC100,2021-02-24,
642,300510,FIBER500,2024-03-26,
643,300511,BASIC100,2024-10-22,
644,300512,FIBER500,2024-10-28,
645,300513,BUSINESS1G,2024-11-25,
646,300514,BUSINESS500,2025-09-23,
647,300515,BASIC100,2022-06-01,
648,300516,BUSINESS1G,2024-11-13,
649,300517,GIG1,2018-07-08,2020-05-16
650,300517,BUSINESS500,2020-05-17,
651,300518,BUSINESS1G,2018-04-09,
652,300519,FIBER500,2019-12-26,2023-03-21
653,300519,BUSINESS500,2023-03-22,
654,300520,FIBER500,2025-07-05,
655,300521,GIG1,2024-10-18,2025-09-26
656,300521,FIBER500,2025-09-27,
657,300522,GIG1,2020-12-17,2023-04-01
658,300522,BUSINESS500,2023-04-02,
659,300523,FIBER500,2023-03-31,2024-10-17
660,300523,BASIC100,2024-10-18,
661,300524,BUSINESS1G,2018-12-09,2019-08-15
662,300524,BASIC100,2019-08-16,
663,300525,BUSINESS1G,2022-05-09,
664,300526,BUSINESS1G,2018-09-23,2021-10-04
665,300526,FIBER500,2021-10-05,
666,300527,BASIC100,2018-10-09,
667,300528,BASIC100,2018-03-15,2019-12-16
668,300528,GIG1,2019-12-17,
669,300529,BASIC100,2025-05-06,
670,300530,BUSINESS500,2019-04-06,2020-09-29
671,300530,BUSINESS1G,2020-09-30,
672,300531,FIBER500,2022-12-27,
673,300532,FIBER500,2018-09-18,2021-04-17
674,300532,GIG1,2021-04-18,
675,300533,BASIC100,2023-07-08,2026-03-21
676,300533,FIBER500,2026-03-22,
677,300534,BASIC100,2018-05-25,
678,300535,BASIC100,2020-06-21,
679,300536,BASIC100,2018-08-29,2019-05-02
680,300536,BUSINESS500,2019-05-03,
681,300537,FIBER500,2018-03-21,
682,300538,BUSINESS500,2020-05-18,
683,300539,BUSINESS500,2018-11-13,2020-04-02
684,300539,BUSINESS1G,2020-04-03,
685,300540,FIBER500,2018-04-03,
686,300541,BASIC100,2022-05-23,2025-02-06
687,300541,BUSINESS500,2025-02-07,
688,300542,GIG1,2019-04-07,
689,300543,BASIC100,2021-03-16,2021-10-11
690,300543,FIBER500,2021-10-12,
691,300544,GIG1,2025-03-06,
692,300545,FIBER500,2020-11-19,2022-12-19
693,300545,GIG1,2022-12-20,
694,300546,GIG1,2018-05-21,
695,300547,FIBER500,2020-01-27,
696,300548,FIBER500,2019-11-10,2022-05-04
697,300548,BUSINESS500,2022-05-05,
698,300549,BUSINESS500,2019-09-29,
699,300550,BASIC100,2024-09-06,
700,300551,BUSINESS500,2021-03-02,
701,300552,BUSINESS500,2020-06-19,2020-12-21
702,300552,BUSINESS1G,2020-12-22,
703,300553,GIG1,2020-01-15,
704,300554,FIBER500,2020-12-29,
705,300555,BASIC100,2026-01-17,
706,300556,BUSINESS1G,2022-08-11,2023-11-11
707,300556,GIG1,2023-11-12,
708,300557,BUSINESS500,2018-06-29,
709,300558,BUSINESS1G,2023-02-06,
710,300559,BUSINESS500,2025-06-28,
711,300560,GIG1,2018-04-22,2020-07-05
712,300560,BASIC100,2020-07-06,
713,300561,FIBER500,2025-12-07,
714,300562,FIBER500,2025-02-12,
715,300563,BUSINESS500,2022-03-23,
716,300564,BUSINESS1G,2022-09-01,
717,300565,GIG1,2020-03-21,2023-05-21
718,300565,FIBER500,2023-05-22,
719,300566,GIG1,2020-02-20,
720,300567,BUSINESS1G,2019-10-03,
721,300568,BUSINESS500,2025-11-03,
722,300569,BASIC100,2021-12-12,
723,300570,FIBER500,2023-10-20,
724,300571,BUSINESS1G,2024-07-14,
725,300572,BASIC100,2024-11-01,
726,300573,BUSINESS1G,2018-03-28,
727,300574,FIBER500,2020-03-24,
728,300575,GIG1,2024-04-30,
729,300576,BUSINESS500,2019-01-28,2020-07-09
730,300576,GIG1,2020-07-10,
731,300577,GIG1,2020-08-06,
732,300578,BASIC100,2021-09-13,
733,300579,GIG1,2018-01-31,
734,300580,FIBER500,2021-11-08,
735,300581,GIG1,2020-04-21,
736,300582,BUSINESS1G,2020-02-23,2021-07-03
737,300582,BUSINESS500,2021-07-04,
738,300583,FIBER500,2019-01-24,2022-03-31
739,300583,BASIC100,2022-04-01,
740,300584,GIG1,2018-05-02,
741,300585,BUSINESS500,2018-03-23,
742,300586,BUSINESS500,2020-09-29,
743,300587,BASIC100,2019-11-21,
744,300588,FIBER500,2023-05-22,2024-06-19
745,300588,GIG1,2024-06-20,
746,300589,GIG1,2023-05-21,
747,300590,BUSINESS1G,2020-02-25,
748,300591,GIG1,2019-08-20,2021-12-15
749,300591,BUSINESS500,2021-12-16,
750,300592,BASIC100,2025-08-24,
751,300593,GIG1,2021-07-27,2022-06-01
752,300593,BUSINESS500,2022-06-02,
753,300594,BASIC100,2024-06-20,2025-01-07
754,300594,FIBER500,2025-01-08,
755,300595,GIG1,2021-02-04,
756,300596,BUSINESS500,2018-10-02,2021-04-26
757,300596,GIG1,2021-04-27,
758,300597,BASIC100,2023-02-11,
759,300598,BUSINESS1G,2019-01-10,
760,300599,GIG1,2025-04-13,
761,300600,FIBER500,2020-04-13,
762,300601,BUSINESS1G,2024-11-04,
763,300602,BUSINESS1G,2018-04-27,
764,300603,BUSINESS500,2018-06-24,
765,300604,BUSINESS1G,2019-01-08,
766,300605,FIBER500,2019-06-11,2021-08-27
767,300605,BUSINESS1G,2021-08-28,
768,300606,BUSINESS1G,2020-06-30,
769,300607,FIBER500,2021-06-23,
770,300608,FIBER500,2024-02-02,
771,300609,FIBER500,2019-04-30,2022-04-10
772,300609,GIG1,2022-04-11,
773,300610,FIBER500,2024-10-22,
774,300611,FIBER500,2023-11-08,
775,300612,BUSINESS1G,2024-12-08,
776,300613,FIBER500,2022-03-11,
777,300614,GIG1,2021-02-18,
778,300615,BUSINESS500,2020-01-25,
779,300616,FIBER500,2021-02-15,
780,300617,FIBER500,2019-01-17,
781,300618,FIBER500,2023-10-21,
782,300619,BUSINESS500,2021-05-01,
783,300620,GIG1,2023-05-23,2025-04-21
784,300620,BUSINESS1G,2025-04-22,
785,300621,BUSINESS1G,2025-07-08,
786,300622,BASIC100,2022-03-30,
787,300623,BUSINESS500,2022-07-25,
788,300624,BASIC100,2025-03-01,
789,300625,BUSINESS1G,2021-02-14,
790,300626,BUSINESS500,2023-07-17,
791,300627,GIG1,2021-02-07,
792,300628,GIG1,2022-10-07,
793,300629,BUSINESS1G,2025-02-03,
794,300630,BUSINESS500,2020-12-02,
795,300631,GIG1,2021-12-01,2022-10-11
796,300631,BUSINESS1G,2022-10-12,
797,300632,BUSINESS500,2024-08-24,
798,300633,BUSINESS500,2024-06-25,
799,300634,BUSINESS500,2018-09-30,
800,300635,BUSINESS500,2019-06-29,
801,300636,BASIC100,2024-01-04,
802,300637,GIG1,2021-09-17,
803,300638,BUSINESS500,2023-02-20,2024-11-30
804,300638,BUSINESS1G,2024-12-01,
805,300639,GIG1,2023-02-10,2025-01-08
806,300639,BUSINESS1G,2025-01-09,
807,300640,FIBER500,2026-01-12,
808,300641,BUSINESS500,2025-03-19,
809,300642,BUSINESS1G,2023-04-16,2025-08-16
810,300642,FIBER500,2025-08-17,
811,300643,BASIC100,2020-02-01,2022-04-01
812,300643,GIG1,2022-04-02,
813,300644,BUSINESS500,2024-03-31,
814,300645,GIG1,2019-08-02,
815,300646,BUSINESS1G,2024-12-10,
816,300647,BASIC100,2024-12-22,
817,300648,BASIC100,2020-02-26,
818,300649,GIG1,2023-07-30,
819,300650,BASIC100,2025-09-26,
820,300651,BUSINESS500,2026-01-26,
821,300652,BUSINESS500,2022-02-23,
822,300653,BUSINESS500,2022-05-20,
823,300654,GIG1,2018-01-15,
824,300655,BUSINESS500,2023-02-13,
825,300656,BASIC100,2021-05-03,2023-09-23
826,300656,FIBER500,2023-09-24,
827,300657,GIG1,2024-10-29,2025-12-19
828,300657,BUSINESS1G,2025-12-20,
829,300658,GIG1,2024-03-15,
830,300659,BUSINESS500,2023-07-28,
831,300660,BASIC100,2023-07-06,
832,300661,BUSINESS500,2024-07-27,
833,300662,FIBER500,2018-01-18,
834,300663,BASIC100,2024-10-29,
835,300664,BUSINESS500,2018-06-21,
836,300665,BUSINESS1G,2023-01-19,
837,300666,BUSINESS1G,2019-07-31,
838,300667,GIG1,2019-06-07,
839,300668,BUSINESS500,2020-03-31,2022-04-05
840,300668,FIBER500,2022-04-06,
841,300669,GIG1,2021-10-09,2024-06-10
842,300669,BUSINESS500,2024-06-11,
843,300670,BUSINESS500,2018-10-25,
844,300671,BASIC100,2024-03-29,2024-12-02
845,300671,GIG1,2024-12-03,
846,300672,GIG1,2019-06-18,
847,300673,BUSINESS500,2025-08-07,
848,300674,BUSINESS1G,2022-09-13,2025-06-18
849,300674,BUSINESS500,2025-06-19,
850,300675,GIG1,2025-12-20,
851,300676,BASIC100,2019-06-08,
852,300677,GIG1,2023-01-13,
853,300678,BASIC100,2023-08-09,2024-07-26
854,300678,BUSINESS500,2024-07-27,
855,300679,GIG1,2019-03-17,2021-06-16
856,300679,BASIC100,2021-06-17,
857,300680,BUSINESS1G,2019-03-09,
858,300681,GIG1,2020-02-05,2022-07-02
859,300681,BUSINESS500,2022-07-03,
860,300682,BASIC100,2023-02-22,2025-03-28
861,300682,GIG1,2025-03-29,
862,300683,BUSINESS500,2022-11-28,2023-11-06
863,300683,BUSINESS1G,2023-11-07,
864,300684,GIG1,2025-03-01,
865,300685,BUSINESS1G,2024-01-10,
866,300686,FIBER500,2018-10-21,2021-08-17
867,300686,BUSINESS500,2021-08-18,
868,300687,FIBER500,2018-11-05,2020-01-25
869,300687,GIG1,2020-01-26,
870,300688,BASIC100,2024-11-15,
871,300689,FIBER500,2019-05-14,2020-02-25
872,300689,BUSINESS1G,2020-02-26,
873,300690,BUSINESS1G,2021-06-10,2022-10-24
874,300690,GIG1,2022-10-25,
875,300691,BUSINESS1G,2018-10-08,
876,300692,FIBER500,2020-12-28,
877,300693,BUSINESS500,2020-12-21,2022-01-22
878,300693,BASIC100,2022-01-23,
879,300694,BUSINESS500,2019-02-03,2022-04-29
880,300694,BUSINESS1G,2022-04-30,
881,300695,GIG1,2024-06-17,
882,300696,BUSINESS500,2020-03-21,
883,300697,BUSINESS1G,2020-04-09,2023-05-29
884,300697,FIBER500,2023-05-30,
885,300698,BUSINESS1G,2022-04-22,
886,300699,BASIC100,2024-10-17,2026-06-21
887,300699,BUSINESS1G,2026-06-22,
888,300700,BUSINESS500,2020-01-25,2021-08-03
889,300700,BASIC100,2021-08-04,
890,300701,FIBER500,2018-05-25,2021-06-13
891,300701,BUSINESS1G,2021-06-14,
892,300702,FIBER500,2025-03-09,
893,300703,FIBER500,2018-06-12,2019-06-27
894,300703,BUSINESS500,2019-06-28,
895,300704,BUSINESS1G,2018-10-04,2021-03-24
896,300704,FIBER500,2021-03-25,
897,300705,BUSINESS500,2021-10-09,
898,300706,FIBER500,2018-07-31,2020-09-04
899,300706,BUSINESS1G,2020-09-05,
900,300707,BUSINESS1G,2023-09-07,
901,300708,BUSINESS500,2021-01-05,
902,300709,GIG1,2025-08-15,
903,300710,FIBER500,2024-01-03,
904,300711,GIG1,2018-10-28,2019-10-23
905,300711,BUSINESS1G,2019-10-24,
906,300712,FIBER500,2020-09-01,2022-03-24
907,300712,GIG1,2022-03-25,
908,300713,BUSINESS500,2022-10-17,2023-07-15
909,300713,GIG1,2023-07-16,
910,300714,BUSINESS1G,2024-08-09,
911,300715,BUSINESS1G,2019-11-11,
912,300716,GIG1,2020-02-19,
913,300717,GIG1,2024-02-20,
914,300718,BUSINESS1G,2023-06-01,
915,300719,BUSINESS1G,2023-04-21,
916,300720,BASIC100,2024-05-04,
917,300721,GIG1,2019-04-11,2022-01-06
918,300721,FIBER500,2022-01-07,
919,300722,BUSINESS1G,2019-12-28,
920,300723,FIBER500,2023-10-25,
921,300724,GIG1,2022-07-21,
922,300725,BUSINESS500,2023-04-22,
923,300726,GIG1,2020-03-21,
924,300727,BUSINESS1G,2018-01-20,2019-04-19
925,300727,BASIC100,2019-04-20,
926,300728,BUSINESS1G,2022-02-18,
927,300729,BASIC100,2024-04-12,
928,300730,GIG1,2020-05-27,
929,300731,BUSINESS500,2021-12-06,
930,300732,BASIC100,2023-11-08,
931,300733,FIBER500,2018-10-02,2021-09-07
932,300733,GIG1,2021-09-08,
933,300734,BUSINESS1G,2024-06-15,
934,300735,FIBER500,2024-04-13,2025-02-27
935,300735,BUSINESS1G,2025-02-28,
936,300736,BASIC100,2022-07-31,
937,300737,BUSINESS1G,2019-05-18,2021-07-20
938,300737,GIG1,2021-07-21,
939,300738,BUSINESS500,2019-10-19,
940,300739,BASIC100,2025-04-27,
941,300740,BASIC100,2024-05-02,
942,300741,BUSINESS1G,2020-02-29,2021-07-04
943,300741,FIBER500,2021-07-05,
944,300742,FIBER500,2024-09-05,
945,300743,FIBER500,2024-05-06,2025-08-04
946,300743,GIG1,2025-08-05,
947,300744,FIBER500,2019-06-29,
948,300745,GIG1,2023-09-09,
949,300746,GIG1,2022-03-31,
950,300747,FIBER500,2022-09-10,
951,300748,BASIC100,2021-11-17,
952,300749,BASIC100,2020-07-09,2022-09-28
953,300749,FIBER500,2022-09-29,
954,300750,GIG1,2019-06-18,
955,300751,BUSINESS500,2022-05-20,
956,300752,BUSINESS1G,2024-10-28,
957,300753,FIBER500,2018-08-15,
958,300754,BUSINESS500,2024-07-11,2025-05-20
959,300754,FIBER500,2025-05-21,
960,300755,BASIC100,2022-02-21,
961,300756,BUSINESS500,2023-08-12,2026-03-21
962,300756,FIBER500,2026-03-22,
963,300757,BUSINESS1G,2018-04-29,
964,300758,BUSINESS500,2023-03-29,2023-11-16
965,300758,BASIC100,2023-11-17,
966,300759,BASIC100,2020-11-26,
967,300760,BUSINESS500,2023-06-08,
968,300761,BUSINESS500,2024-12-29,
969,300762,BUSINESS500,2021-07-24,
970,300763,GIG1,2020-08-05,2022-05-06
971,300763,BASIC100,2022-05-07,
972,300764,FIBER500,2025-08-31,
973,300765,GIG1,2021-07-04,
974,300766,BUSINESS500,2021-08-14,
975,300767,FIBER500,2024-11-09,
976,300768,BASIC100,2022-11-05,
977,300769,BASIC100,2021-02-14,
978,300770,BUSINESS500,2021-06-06,2024-08-13
979,300770,FIBER500,2024-08-14,
980,300771,GIG1,2020-01-27,
981,300772,FIBER500,2019-10-20,
982,300773,FIBER500,2025-07-29,
983,300774,GIG1,2018-08-23,
984,300775,BUSINESS1G,2022-04-08,
985,300776,BUSINESS1G,2024-03-21,
986,300777,BASIC100,2025-06-05,
987,300778,GIG1,2020-04-27,
988,300779,FIBER500,2022-12-18,
989,300780,BUSINESS1G,2018-07-16,
990,300781,FIBER500,2024-05-15,
991,300782,BUSINESS1G,2024-10-18,
992,300783,BUSINESS500,2022-09-08,
993,300784,BASIC100,2018-03-02,
994,300785,BASIC100,2020-11-21,
995,300786,BUSINESS500,2024-02-25,2025-11-21
996,300786,FIBER500,2025-11-22,
997,300787,FIBER500,2024-05-31,
998,300788,GIG1,2018-01-15,
999,300789,FIBER500,2018-10-23,
1000,300790,GIG1,2023-08-31,
1001,300791,BUSINESS500,2025-11-28,
1002,300792,BUSINESS500,2024-11-21,
1003,300793,BASIC100,2023-03-25,2025-04-18
1004,300793,FIBER500,2025-04-19,
1005,300794,BUSINESS1G,2020-06-22,
1006,300795,BASIC100,2023-01-20,
1007,300796,BUSINESS500,2019-09-07,
1008,300797,BASIC100,2019-12-09,
1009,300798,BUSINESS500,2022-07-30,
1010,300799,FIBER500,2020-08-15,2023-04-30
1011,300799,GIG1,2023-05-01,
1012,300800,FIBER500,2025-03-27,
1013,300801,BUSINESS1G,2022-11-29,
1014,300802,BUSINESS500,2020-05-14,
1015,300803,BUSINESS1G,2020-05-20,
1016,300804,BUSINESS1G,2020-04-09,2020-11-28
1017,300804,BUSINESS500,2020-11-29,
1018,300805,BUSINESS1G,2022-06-15,
1019,300806,FIBER500,2022-07-05,
1020,300807,GIG1,2022-11-18,
1021,300808,BUSINESS1G,2023-11-05,2025-08-14
1022,300808,BASIC100,2025-08-15,
1023,300809,GIG1,2024-01-16,2025-12-13
1024,300809,BUSINESS1G,2025-12-14,
1025,300810,FIBER500,2022-11-20,2025-06-12
1026,300810,GIG1,2025-06-13,
1027,300811,BASIC100,2025-02-25,
1028,300812,BUSINESS500,2025-06-05,
1029,300813,GIG1,2023-08-15,2025-04-02
1030,300813,BASIC100,2025-04-03,
1031,300814,BUSINESS500,2022-12-03,
1032,300815,GIG1,2018-10-31,
1033,300816,FIBER500,2020-09-07,
1034,300817,GIG1,2023-06-09,
1035,300818,FIBER500,2024-01-17,
1036,300819,FIBER500,2018-01-04,
1037,300820,GIG1,2020-04-24,2022-01-27
1038,300820,BUSINESS500,2022-01-28,
1039,300821,BUSINESS500,2021-01-23,
1040,300822,BUSINESS500,2022-10-08,2025-07-31
1041,300822,BASIC100,2025-08-01,
1042,300823,FIBER500,2018-05-11,
1043,300824,BASIC100,2025-03-21,
1044,300825,BUSINESS1G,2023-08-13,2025-08-21
1045,300825,GIG1,2025-08-22,
1046,300826,FIBER500,2022-04-06,
1047,300827,BUSINESS500,2022-10-15,
1048,300828,FIBER500,2019-11-08,2022-07-31
1049,300828,BASIC100,2022-08-01,
1050,300829,BUSINESS1G,2022-10-27,2025-04-05
1051,300829,BUSINESS500,2025-04-06,
1052,300830,BUSINESS1G,2019-03-24,
1053,300831,FIBER500,2018-12-25,2020-08-09
1054,300831,BASIC100,2020-08-10,
1055,300832,BUSINESS500,2021-08-03,
1056,300833,FIBER500,2025-04-22,
1057,300834,GIG1,2020-10-16,
1058,300835,BASIC100,2018-12-17,2022-02-19
1059,300835,BUSINESS500,2022-02-20,
1060,300836,FIBER500,2022-12-10,
1061,300837,BUSINESS1G,2018-06-18,
1062,300838,BUSINESS500,2022-11-11,2023-07-17
1063,300838,FIBER500,2023-07-18,
1064,300839,BUSINESS1G,2020-04-30,2021-04-08
1065,300839,FIBER500,2021-04-09,
1066,300840,BUSINESS500,2021-12-12,
1067,300841,BASIC100,2018-11-18,2021-07-31
1068,300841,FIBER500,2021-08-01,
1069,300842,FIBER500,2025-11-21,
1070,300843,FIBER500,2019-05-03,
1071,300844,BUSINESS1G,2023-07-17,2024-01-21
1072,300844,GIG1,2024-01-22,
1073,300845,GIG1,2023-02-15,2025-09-21
1074,300845,BUSINESS500,2025-09-22,
1075,300846,BASIC100,2024-05-09,
1076,300847,BUSINESS500,2025-07-15,
1077,300848,GIG1,2022-04-18,2023-09-02
1078,300848,BASIC100,2023-09-03,
1079,300849,GIG1,2018-07-31,
1080,300850,BUSINESS1G,2022-05-31,
1081,300851,GIG1,2023-10-19,
1082,300852,BUSINESS500,2025-09-14,
1083,300853,FIBER500,2019-10-30,
1084,300854,GIG1,2018-01-16,2018-07-19
1085,300854,BUSINESS1G,2018-07-20,
1086,300855,GIG1,2020-09-17,
1087,300856,BASIC100,2018-06-20,
1088,300857,BUSINESS500,2021-07-28,
1089,300858,BASIC100,2022-08-04,
1090,300859,FIBER500,2018-11-04,
1091,300860,BUSINESS500,2023-05-22,
1092,300861,BUSINESS500,2024-02-08,
1093,300862,FIBER500,2020-04-27,
1094,300863,BUSINESS1G,2018-11-07,
1095,300864,BASIC100,2019-10-31,
1096,300865,BASIC100,2020-06-15,
1097,300866,FIBER500,2020-09-17,
1098,300867,BUSINESS500,2023-12-26,
1099,300868,BUSINESS1G,2020-02-22,
1100,300869,GIG1,2018-01-13,
1101,300870,BUSINESS1G,2018-01-01,
1102,300871,BASIC100,2020-11-30,
1103,300872,GIG1,2022-06-15,
1104,300873,BUSINESS500,2024-11-14,
1105,300874,BUSINESS1G,2025-02-27,
1106,300875,GIG1,2025-09-18,
1107,300876,FIBER500,2018-02-04,
1108,300877,BUSINESS1G,2022-12-08,2024-08-20
1109,300877,FIBER500,2024-08-21,
1110,300878,BASIC100,2020-05-29,2021-09-21
1111,300878,BUSINESS1G,2021-09-22,
1112,300879,BASIC100,2018-03-30,
1113,300880,BASIC100,2024-01-10,2025-03-29
1114,300880,BUSINESS1G,2025-03-30,
1115,300881,BUSINESS500,2020-07-26,
1116,300882,BUSINESS1G,2024-07-31,
1117,300883,FIBER500,2020-07-25,
1118,300884,BUSINESS500,2025-04-17,
1119,300885,FIBER500,2022-04-27,2024-03-19
1120,300885,BASIC100,2024-03-20,
1121,300886,BASIC100,2020-11-23,
1122,300887,FIBER500,2020-03-21,2021-10-21
1123,300887,GIG1,2021-10-22,
1124,300888,FIBER500,2020-12-25,
1125,300889,BASIC100,2024-10-14,
1126,300890,BASIC100,2021-06-23,
1127,300891,FIBER500,2024-05-25,
1128,300892,BASIC100,2023-06-18,
1129,300893,BUSINESS500,2023-07-11,
1130,300894,BUSINESS1G,2018-10-21,2019-10-28
1131,300894,BUSINESS500,2019-10-29,
1132,300895,BUSINESS1G,2021-02-14,
1133,300896,FIBER500,2023-11-10,
1134,300897,BUSINESS500,2019-11-20,2022-06-20
1135,300897,GIG1,2022-06-21,
1136,300898,BASIC100,2018-10-03,
1137,300899,BASIC100,2025-02-26,
1138,300900,BASIC100,2020-06-23,
1139,300901,FIBER500,2020-05-02,2023-05-27
1140,300901,BUSINESS1G,2023-05-28,
1141,300902,BUSINESS1G,2018-12-12,
1142,300903,FIBER500,2019-03-13,2020-04-21
1143,300903,BUSINESS500,2020-04-22,
1144,300904,GIG1,2024-12-15,
1145,300905,FIBER500,2018-09-03,
1146,300906,BUSINESS500,2023-08-01,2026-04-01
1147,300906,BASIC100,2026-04-02,
1148,300907,BASIC100,2022-01-30,
1149,300908,BUSINESS1G,2024-08-25,
1150,300909,BUSINESS1G,2023-03-06,2025-01-20
1151,300909,BASIC100,2025-01-21,
1152,300910,GIG1,2020-05-15,
1153,300911,BUSINESS500,2018-02-23,
1154,300912,GIG1,2020-02-09,
1155,300913,BASIC100,2021-12-03,2024-07-29
1156,300913,GIG1,2024-07-30,
1157,300914,BUSINESS1G,2025-02-24,
1158,300915,GIG1,2018-09-17,
1159,300916,BUSINESS500,2022-07-11,2023-07-16
1160,300916,GIG1,2023-07-17,
1161,300917,FIBER500,2024-09-20,2025-06-19
1162,300917,GIG1,2025-06-20,
1163,300918,BUSINESS500,2024-05-05,
1164,300919,GIG1,2023-04-06,
1165,300920,GIG1,2023-05-21,
1166,300921,BUSINESS500,2026-01-09,
1167,300922,BUSINESS1G,2023-10-20,
1168,300923,FIBER500,2023-05-21,2024-03-18
1169,300923,BUSINESS1G,2024-03-19,
1170,300924,BUSINESS500,2020-10-20,
1171,300925,GIG1,2024-07-12,
1172,300926,BUSINESS500,2026-01-04,
1173,300927,BUSINESS1G,2023-04-09,2024-07-22
1174,300927,BASIC100,2024-07-23,
1175,300928,BUSINESS1G,2023-04-05,
1176,300929,GIG1,2018-02-01,2018-09-29
1177,300929,BUSINESS1G,2018-09-30,
1178,300930,BASIC100,2020-08-28,
1179,300931,BUSINESS1G,2021-11-13,
1180,300932,BUSINESS1G,2024-11-29,
1181,300933,BASIC100,2023-06-13,
1182,300934,GIG1,2023-09-21,
1183,300935,BUSINESS1G,2024-12-18,
1184,300936,FIBER500,2023-01-26,
1185,300937,BASIC100,2025-07-12,
1186,300938,GIG1,2022-01-21,
1187,300939,FIBER500,2021-03-03,
1188,300940,GIG1,2024-10-10,
1189,300941,BUSINESS500,2021-05-15,2022-03-26
1190,300941,BUSINESS1G,2022-03-27,
1191,300942,BUSINESS1G,2020-04-13,2021-08-13
1192,300942,BUSINESS500,2021-08-14,
1193,300943,BASIC100,2025-01-12,
1194,300944,BUSINESS500,2020-04-30,2020-12-25
1195,300944,FIBER500,2020-12-26,
1196,300945,BUSINESS500,2022-10-12,2024-11-12
1197,300945,FIBER500,2024-11-13,
1198,300946,BUSINESS1G,2025-04-28,
1199,300947,BUSINESS500,2024-05-03,2026-02-15
1200,300947,BASIC100,2026-02-16,
1201,300948,GIG1,2024-08-07,
1202,300949,BUSINESS500,2022-07-05,
1203,300950,FIBER500,2021-01-28,2021-11-27
1204,300950,BASIC100,2021-11-28,
1205,300951,GIG1,2025-08-22,
1206,300952,BASIC100,2019-11-20,
1207,300953,BUSINESS500,2022-04-21,2023-08-17
1208,300953,FIBER500,2023-08-18,
1209,300954,BUSINESS500,2024-08-11,
1210,300955,BASIC100,2021-07-16,2022-08-13
1211,300955,BUSINESS500,2022-08-14,
1212,300956,BUSINESS1G,2022-06-19,2024-03-15
1213,300956,GIG1,2024-03-16,
1214,300957,BUSINESS500,2024-07-26,
1215,300958,BASIC100,2019-12-24,2022-07-08
1216,300958,BUSINESS500,2022-07-09,
1217,300959,BASIC100,2021-07-23,
1218,300960,BUSINESS1G,2025-11-11,
1219,300961,BASIC100,2024-01-27,
1220,300962,BUSINESS1G,2021-03-17,
1221,300963,FIBER500,2024-12-04,
1222,300964,BUSINESS1G,2022-12-17,
1223,300965,GIG1,2023-01-12,
1224,300966,BUSINESS1G,2023-04-19,2024-06-27
1225,300966,GIG1,2024-06-28,
1226,300967,FIBER500,2019-05-04,
1227,300968,BUSINESS1G,2023-02-28,
1228,300969,BASIC100,2021-02-05,
1229,300970,BUSINESS500,2021-06-03,2022-06-17
1230,300970,BASIC100,2022-06-18,
1231,300971,GIG1,2021-07-14,
1232,300972,BUSINESS1G,2023-02-21,
1233,300973,BUSINESS1G,2022-03-19,2023-10-11
1234,300973,BUSINESS500,2023-10-12,
1235,300974,GIG1,2023-10-05,
1236,300975,BUSINESS500,2021-07-14,2022-10-25
1237,300975,BUSINESS1G,2022-10-26,
1238,300976,GIG1,2025-02-23,
1239,300977,GIG1,2022-10-17,2023-08-02
1240,300977,BUSINESS500,2023-08-03,
1241,300978,BUSINESS1G,2025-03-29,
1242,300979,BUSINESS500,2021-06-30,2024-02-07
1243,300979,BUSINESS1G,2024-02-08,
1244,300980,FIBER500,2022-05-12,2023-05-09
1245,300980,BASIC100,2023-05-10,
1246,300981,BUSINESS1G,2023-06-24,
1247,300982,BASIC100,2022-10-17,
1248,300983,GIG1,2021-04-21,
1249,300984,BUSINESS500,2025-02-04,
1250,300985,BUSINESS500,2019-09-27,2020-11-09
1251,300985,FIBER500,2020-11-10,
1252,300986,BUSINESS1G,2019-09-23,2022-10-05
1253,300986,BUSINESS500,2022-10-06,
1254,300987,BASIC100,2019-01-29,
1255,300988,GIG1,2025-09-14,
1256,300989,BUSINESS500,2023-06-01,
1257,300990,BUSINESS1G,2022-01-09,
1258,300991,FIBER500,2024-10-27,2025-05-28
1259,300991,BASIC100,2025-05-29,
1260,300992,BUSINESS500,2025-09-09,
1261,300993,BASIC100,2025-10-21,
1262,300994,GIG1,2023-10-13,
1263,300995,GIG1,2018-12-13,
1264,300996,FIBER500,2024-08-30,
1265,300997,BUSINESS500,2024-01-14,
1266,300998,BUSINESS500,2024-02-20,
1267,300999,BUSINESS1G,2022-03-03,2024-08-20
1268,300999,BASIC100,2024-08-21,
1269,301000,GIG1,2024-02-13,
1270,301001,BUSINESS1G,2025-05-07,
1271,301002,GIG1,2024-04-17,
1272,301003,FIBER500,2018-04-23,
1273,301004,BASIC100,2020-12-24,
1274,301005,GIG1,2021-12-04,2024-07-23
1275,301005,FIBER500,2024-07-24,
1276,301006,GIG1,2018-02-10,
1277,301007,FIBER500,2022-09-05,
1278,301008,BUSINESS500,2020-07-14,
1279,301009,BASIC100,2025-01-22,
1280,301010,GIG1,2024-02-03,
1281,301011,FIBER500,2019-08-16,
1282,301012,BASIC100,2023-09-16,
1283,301013,GIG1,2021-05-31,2024-01-09
1284,301013,BUSINESS1G,2024-01-10,
1285,301014,FIBER500,2020-03-03,
1286,301015,GIG1,2025-07-16,
1287,301016,BUSINESS1G,2025-12-22,
1288,301017,FIBER500,2023-08-15,
1289,301018,BUSINESS1G,2022-07-29,
1290,301019,FIBER500,2018-03-15,
1291,301020,GIG1,2022-11-18,
1292,301021,BUSINESS500,2019-07-05,
1293,301022,BUSINESS1G,2025-07-17,
1294,301023,BASIC100,2024-11-03,
1295,301024,BUSINESS1G,2022-06-27,2025-07-27
1296,301024,FIBER500,2025-07-28,
1297,301025,BUSINESS500,2025-02-16,
1298,301026,BASIC100,2021-05-30,
1299,301027,BUSINESS1G,2020-11-17,
1300,301028,GIG1,2024-05-23,
1301,301029,BUSINESS500,2025-05-05,
1302,301030,BUSINESS500,2022-05-16,2023-08-01
1303,301030,FIBER500,2023-08-02,
1304,301031,BASIC100,2024-11-21,2025-05-29
1305,301031,GIG1,2025-05-30,
1306,301032,GIG1,2025-03-27,
1307,301033,GIG1,2019-04-20,
1308,301034,BUSINESS500,2022-02-24,
1309,301035,BUSINESS500,2024-08-10,2025-05-28
1310,301035,FIBER500,2025-05-29,
1311,301036,BUSINESS500,2020-04-26,
1312,301037,BUSINESS1G,2021-11-29,
1313,301038,FIBER500,2025-03-04,
1314,301039,BUSINESS500,2025-09-30,
1315,301040,BUSINESS1G,2023-02-18,
1316,301041,BUSINESS500,2020-11-25,
1317,301042,FIBER500,2018-07-18,
1318,301043,BUSINESS1G,2025-09-30,
1319,301044,BASIC100,2025-11-19,
1320,301045,FIBER500,2023-06-25,
1321,301046,BUSINESS1G,2020-11-19,
1322,301047,GIG1,2025-07-22,
1323,301048,BASIC100,2022-08-13,
1324,301049,BASIC100,2022-09-11,2023-05-08
1325,301049,BUSINESS1G,2023-05-09,
1326,301050,GIG1,2019-10-28,2022-03-18
1327,301050,BASIC100,2022-03-19,
1328,301051,BASIC100,2021-02-17,
1329,301052,BASIC100,2021-07-11,2022-07-11
1330,301052,FIBER500,2022-07-12,
1331,301053,BUSINESS500,2024-01-27,
1332,301054,BUSINESS500,2021-04-08,2022-03-22
1333,301054,BASIC100,2022-03-23,
1334,301055,BUSINESS500,2021-09-18,
1335,301056,FIBER500,2021-11-29,
1336,301057,BUSINESS500,2024-10-15,
1337,301058,FIBER500,2022-08-28,
1338,301059,BUSINESS500,2020-08-18,2022-11-21
1339,301059,BUSINESS1G,2022-11-22,
1340,301060,FIBER500,2025-05-20,
1341,301061,BUSINESS1G,2020-12-04,2023-04-08
1342,301061,BASIC100,2023-04-09,
1343,301062,FIBER500,2018-09-11,
1344,301063,FIBER500,2018-12-21,
1345,301064,GIG1,2020-11-20,
1346,301065,BASIC100,2024-04-10,
1347,301066,BUSINESS500,2023-06-14,
1348,301067,BUSINESS500,2024-03-22,2025-11-15
1349,301067,BUSINESS1G,2025-11-16,
1350,301068,FIBER500,2020-03-02,2023-06-05
1351,301068,BUSINESS1G,2023-06-06,
1352,301069,BUSINESS1G,2022-03-19,
1353,301070,BUSINESS1G,2022-06-10,
1354,301071,BASIC100,2020-12-10,
1355,301072,BUSINESS1G,2022-12-11,2025-07-18
1356,301072,FIBER500,2025-07-19,
1357,301073,BUSINESS1G,2023-12-01,
1358,301074,BUSINESS1G,2021-12-19,2023-02-13
1359,301074,BUSINESS500,2023-02-14,
1360,301075,FIBER500,2021-07-29,
1361,301076,BUSINESS1G,2019-04-26,2020-09-29
1362,301076,FIBER500,2020-09-30,
1363,301077,BUSINESS1G,2020-08-03,
1364,301078,BASIC100,2018-10-02,
1365,301079,GIG1,2020-06-19,2022-06-03
1366,301079,FIBER500,2022-06-04,
1367,301080,BUSINESS500,2019-04-15,
1368,301081,BUSINESS1G,2019-12-06,2023-03-07
1369,301081,FIBER500,2023-03-08,
1370,301082,BASIC100,2019-08-09,2022-05-17
1371,301082,GIG1,2022-05-18,
1372,301083,BASIC100,2020-06-20,2021-11-14
1373,301083,FIBER500,2021-11-15,
1374,301084,BUSINESS500,2018-04-06,
1375,301085,BUSINESS1G,2023-07-01,2026-06-28
1376,301085,GIG1,2026-06-29,
1377,301086,BASIC100,2018-08-02,
1378,301087,BASIC100,2023-12-22,
1379,301088,BUSINESS500,2023-07-27,
1380,301089,BUSINESS500,2021-07-21,2022-08-19
1381,301089,GIG1,2022-08-20,
1382,301090,GIG1,2020-10-10,
1383,301091,GIG1,2018-09-03,
1384,301092,BUSINESS1G,2021-12-28,2024-02-18
1385,301092,GIG1,2024-02-19,
1386,301093,FIBER500,2021-08-04,2022-08-14
1387,301093,GIG1,2022-08-15,
1388,301094,BUSINESS500,2020-03-09,2021-04-01
1389,301094,BASIC100,2021-04-02,
1390,301095,BUSINESS1G,2018-02-04,2019-05-10
1391,301095,BASIC100,2019-05-11,
1392,301096,FIBER500,2025-01-14,
1393,301097,FIBER500,2019-05-16,2022-01-12
1394,301097,BASIC100,2022-01-13,
1395,301098,FIBER500,2019-06-03,2021-03-10
1396,301098,BASIC100,2021-03-11,
1397,301099,BUSINESS1G,2025-01-16,
1398,301100,BUSINESS500,2023-07-05,2024-02-24
1399,301100,GIG1,2024-02-25,
1400,301101,BUSINESS1G,2022-10-23,
1401,301102,BASIC100,2022-05-22,2023-09-29
1402,301102,FIBER500,2023-09-30,
1403,301103,GIG1,2025-07-09,
1404,301104,BUSINESS500,2018-03-28,
1405,301105,BUSINESS500,2023-05-03,2025-08-02
1406,301105,BASIC100,2025-08-03,
1407,301106,FIBER500,2021-12-09,
1408,301107,BASIC100,2018-01-10,
1409,301108,FIBER500,2021-09-20,2023-03-04
1410,301108,BUSINESS1G,2023-03-05,
1411,301109,BUSINESS1G,2020-12-08,
1412,301110,FIBER500,2018-08-15,
1413,301111,GIG1,2024-10-20,
1414,301112,BASIC100,2019-12-01,
1415,301113,BUSINESS500,2020-02-17,2022-07-17
1416,301113,FIBER500,2022-07-18,
1417,301114,BASIC100,2024-06-13,
1418,301115,GIG1,2019-09-23,
1419,301116,FIBER500,2021-03-13,
1420,301117,BUSINESS1G,2019-05-17,
1421,301118,BUSINESS500,2024-06-13,
1422,301119,BUSINESS500,2020-10-12,
1423,301120,FIBER500,2023-07-17,
1424,301121,BUSINESS500,2020-12-22,2022-10-03
1425,301121,BUSINESS1G,2022-10-04,
1426,301122,BUSINESS1G,2018-02-08,
1427,301123,GIG1,2025-06-16,
1428,301124,FIBER500,2023-06-08,2024-12-10
1429,301124,BUSINESS500,2024-12-11,
1430,301125,GIG1,2019-04-18,2020-06-17
1431,301125,BASIC100,2020-06-18,
1432,301126,GIG1,2018-07-14,
1433,301127,BUSINESS500,2019-07-16,
1434,301128,FIBER500,2025-01-30,
1435,301129,BUSINESS500,2022-01-26,2024-03-04
1436,301129,FIBER500,2024-03-05,
1437,301130,BASIC100,2022-12-14,
1438,301131,GIG1,2024-04-26,2026-01-01
1439,301131,BUSINESS1G,2026-01-02,
1440,301132,BUSINESS1G,2019-05-09,2022-01-26
1441,301132,BUSINESS500,2022-01-27,
1442,301133,BUSINESS1G,2024-03-05,
1443,301134,FIBER500,2023-10-01,
1444,301135,FIBER500,2018-08-11,2020-11-01
1445,301135,GIG1,2020-11-02,
1446,301136,BUSINESS1G,2024-01-23,2026-02-02
1447,301136,BUSINESS500,2026-02-03,
1448,301137,BUSINESS1G,2022-06-13,
1449,301138,BASIC100,2023-07-06,
1450,301139,FIBER500,2022-12-14,2024-10-26
1451,301139,BASIC100,2024-10-27,
1452,301140,BUSINESS1G,2019-05-01,
1453,301141,GIG1,2020-05-01,
1454,301142,BUSINESS1G,2019-08-29,
1455,301143,BUSINESS500,2018-10-28,
1456,301144,GIG1,2020-11-30,
1457,301145,GIG1,2022-03-21,
1458,301146,BUSINESS1G,2023-03-06,
1459,301147,FIBER500,2023-04-11,2026-06-12
1460,301147,GIG1,2026-06-13,
1461,301148,BUSINESS1G,2022-08-14,
1462,301149,GIG1,2019-10-24,2021-03-09
1463,301149,BUSINESS500,2021-03-10,
1464,301150,BASIC100,2020-11-15,
1465,301151,BASIC100,2025-03-25,
1466,301152,BUSINESS1G,2023-02-25,
1467,301153,BUSINESS1G,2022-10-14,
1468,301154,BUSINESS500,2018-02-06,2020-05-19
1469,301154,BUSINESS1G,2020-05-20,
1470,301155,BUSINESS1G,2025-03-27,
1471,301156,GIG1,2020-06-16,2022-11-04
1472,301156,BASIC100,2022-11-05,
1473,301157,FIBER500,2020-03-06,2023-03-11
1474,301157,BUSINESS500,2023-03-12,
1475,301158,GIG1,2022-09-10,
1476,301159,FIBER500,2019-07-13,
1477,301160,FIBER500,2019-09-01,2022-11-30
1478,301160,BASIC100,2022-12-01,
1479,301161,BUSINESS1G,2025-08-31,
1480,301162,BASIC100,2023-11-16,
1481,301163,BASIC100,2018-04-09,
1482,301164,BUSINESS1G,2021-02-04,2023-06-12
1483,301164,FIBER500,2023-06-13,
1484,301165,BUSINESS1G,2025-12-10,
1485,301166,BASIC100,2024-08-16,
1486,301167,BUSINESS1G,2023-01-13,2024-03-08
1487,301167,GIG1,2024-03-09,
1488,301168,FIBER500,2018-05-13,
1489,301169,BUSINESS1G,2020-11-26,
1490,301170,GIG1,2019-06-02,2021-10-25
1491,301170,BASIC100,2021-10-26,
1492,301171,BUSINESS1G,2021-05-04,2023-06-25
1493,301171,BASIC100,2023-06-26,
1494,301172,BUSINESS500,2020-09-23,
1495,301173,FIBER500,2020-12-05,
1496,301174,BUSINESS500,2026-01-25,
1497,301175,GIG1,2022-03-30,
1498,301176,GIG1,2020-04-11,
1499,301177,GIG1,2021-10-11,
1500,301178,BUSINESS500,2018-06-24,
1501,301179,FIBER500,2021-01-29,
1502,301180,FIBER500,2025-06-09,
1503,301181,FIBER500,2024-03-09,2026-05-22
1504,301181,BASIC100,2026-05-23,
1505,301182,GIG1,2023-04-07,
1506,301183,BUSINESS1G,2019-05-16,2020-11-12
1507,301183,BASIC100,2020-11-13,
1508,301184,BUSINESS500,2021-07-09,2023-01-17
1509,301184,BUSINESS1G,2023-01-18,
1510,301185,FIBER500,2018-06-09,
1511,301186,FIBER500,2020-02-21,
1512,301187,BUSINESS1G,2019-10-10,2020-10-03
1513,301187,FIBER500,2020-10-04,
1514,301188,BASIC100,2023-05-14,
1515,301189,GIG1,2020-06-21,2023-10-02
1516,301189,BASIC100,2023-10-03,
1517,301190,FIBER500,2023-01-01,2024-06-30
1518,301190,BASIC100,2024-07-01,
1519,301191,FIBER500,2025-06-24,
1520,301192,BASIC100,2024-01-03,2026-03-26
1521,301192,BUSINESS500,2026-03-27,
1522,301193,BUSINESS500,2023-07-30,
1523,301194,BUSINESS1G,2021-03-05,
1524,301195,BUSINESS500,2020-10-11,
1525,301196,BASIC100,2022-07-21,
1526,301197,FIBER500,2020-01-03,
1527,301198,BUSINESS1G,2022-09-18,
1528,301199,BUSINESS1G,2022-03-08,2023-12-10
1529,301199,BUSINESS500,2023-12-11,
1530,301200,FIBER500,2021-03-19,2023-03-05
1531,301200,BASIC100,2023-03-06,
1532,301201,BUSINESS500,2018-07-28,
1533,301202,GIG1,2025-12-13,
1534,301203,BUSINESS1G,2024-03-11,
1535,301204,FIBER500,2024-12-25,
1536,301205,BUSINESS500,2021-01-29,
1537,301206,FIBER500,2019-11-21,
1538,301207,FIBER500,2023-07-05,
1539,301208,BASIC100,2019-09-21,
1540,301209,GIG1,2024-09-25,
1541,301210,GIG1,2022-01-28,
1542,301211,BASIC100,2022-05-31,2023-10-17
1543,301211,BUSINESS1G,2023-10-18,
1544,301212,FIBER500,2019-05-10,
1545,301213,BASIC100,2018-12-13,
1546,301214,BASIC100,2019-11-26,2022-04-09
1547,301214,BUSINESS500,2022-04-10,
1548,301215,FIBER500,2019-10-01,
1549,301216,BUSINESS500,2022-06-07,
1550,301217,FIBER500,2022-10-07,2023-11-08
1551,301217,GIG1,2023-11-09,
1552,301218,BUSINESS1G,2019-02-08,
1553,301219,BASIC100,2020-08-29,
1554,301220,BASIC100,2020-10-20,
1555,301221,BUSINESS500,2025-04-18,
1556,301222,BASIC100,2020-10-06,
1557,301223,BASIC100,2021-06-25,
1558,301224,BUSINESS1G,2023-07-11,
1559,301225,GIG1,2020-07-18,
1560,301226,GIG1,2022-03-25,
1561,301227,BUSINESS500,2021-01-18,
1562,301228,BASIC100,2018-02-27,
1563,301229,BASIC100,2019-05-24,
1564,301230,BASIC100,2025-06-19,
1565,301231,FIBER500,2021-06-12,
1566,301232,BUSINESS500,2020-03-06,2021-06-08
1567,301232,BASIC100,2021-06-09,
1568,301233,BASIC100,2021-09-01,
1569,301234,BASIC100,2020-12-03,
1570,301235,BUSINESS1G,2025-03-02,
1571,301236,BUSINESS1G,2018-07-04,
1572,301237,BUSINESS1G,2024-05-26,
1573,301238,FIBER500,2025-08-25,
1574,301239,BUSINESS500,2022-04-19,
1575,301240,BASIC100,2022-04-23,
1576,301241,FIBER500,2022-03-29,
1577,301242,BASIC100,2018-05-18,
1578,301243,BUSINESS1G,2024-12-29,
1579,301244,FIBER500,2022-05-18,2025-07-13
1580,301244,GIG1,2025-07-14,
1581,301245,FIBER500,2025-03-17,
1582,301246,BUSINESS1G,2018-04-25,
1583,301247,FIBER500,2018-05-04,
1584,301248,FIBER500,2021-11-01,
1585,301249,BUSINESS500,2023-10-11,2026-02-18
1586,301249,FIBER500,2026-02-19,
1587,301250,GIG1,2019-01-19,
1588,301251,BUSINESS1G,2020-10-19,
1589,301252,BASIC100,2018-09-15,2019-09-02
1590,301252,BUSINESS500,2019-09-03,
1591,301253,BUSINESS1G,2020-11-06,
1592,301254,GIG1,2025-06-30,
1593,301255,GIG1,2018-05-04,2021-06-23
1594,301255,BUSINESS1G,2021-06-24,
1595,301256,BASIC100,2018-09-19,
1596,301257,BASIC100,2023-03-24,2024-01-24
1597,301257,BUSINESS500,2024-01-25,
1598,301258,BUSINESS1G,2021-05-21,
1599,301259,GIG1,2022-06-08,2024-09-16
1600,301259,BASIC100,2024-09-17,
1601,301260,BUSINESS1G,2024-06-11,2025-07-12
1602,301260,GIG1,2025-07-13,
1603,301261,FIBER500,2022-03-10,2024-08-10
1604,301261,BUSINESS500,2024-08-11,
1605,301262,BASIC100,2024-09-15,
1606,301263,BUSINESS1G,2023-04-21,
1607,301264,GIG1,2019-06-16,
1608,301265,BUSINESS1G,2020-06-05,
1609,301266,GIG1,2023-01-23,
1610,301267,BUSINESS1G,2021-12-17,
1611,301268,BUSINESS1G,2023-06-17,
1612,301269,GIG1,2018-10-18,
1613,301270,FIBER500,2025-09-04,
1614,301271,BASIC100,2020-11-05,2023-08-08
1615,301271,GIG1,2023-08-09,
1616,301272,GIG1,2024-03-26,
1617,301273,BUSINESS1G,2020-07-01,2022-02-23
1618,301273,BUSINESS500,2022-02-24,
1619,301274,BUSINESS1G,2020-03-04,2021-11-06
1620,301274,FIBER500,2021-11-07,
1621,301275,BASIC100,2025-06-13,
1622,301276,BUSINESS1G,2024-02-22,
1623,301277,BUSINESS1G,2018-03-19,
1624,301278,BASIC100,2020-05-01,
1625,301279,BUSINESS500,2021-05-15,
1626,301280,BUSINESS1G,2022-05-21,
1627,301281,BUSINESS1G,2018-03-05,2020-05-19
1628,301281,BUSINESS500,2020-05-20,
1629,301282,FIBER500,2020-09-01,
1630,301283,BUSINESS1G,2019-09-24,
1631,301284,BASIC100,2018-03-16,2020-02-05
1632,301284,FIBER500,2020-02-06,
1633,301285,BASIC100,2021-09-09,2023-10-29
1634,301285,GIG1,2023-10-30,
1635,301286,FIBER500,2023-01-15,2023-09-06
1636,301286,BUSINESS1G,2023-09-07,
1637,301287,GIG1,2021-12-10,
1638,301288,FIBER500,2022-10-12,2024-08-05
1639,301288,BUSINESS1G,2024-08-06,
1640,301289,BASIC100,2021-05-30,
1641,301290,BUSINESS1G,2020-07-30,
1642,301291,BASIC100,2021-06-07,2022-06-10
1643,301291,GIG1,2022-06-11,
1644,301292,FIBER500,2020-12-30,2022-03-17
1645,301292,GIG1,2022-03-18,
1646,301293,BUSINESS500,2023-05-27,2025-10-18
1647,301293,BASIC100,2025-10-19,
1648,301294,BUSINESS1G,2022-01-10,
1649,301295,BASIC100,2022-11-07,
1650,301296,GIG1,2019-11-20,2023-02-25
1651,301296,FIBER500,2023-02-26,
1652,301297,BASIC100,2022-04-04,
1653,301298,BUSINESS500,2019-05-16,
1654,301299,BUSINESS500,2024-09-01,
1655,301300,FIBER500,2019-04-30,2021-04-15
1656,301300,BUSINESS500,2021-04-16,
1657,301301,BASIC100,2020-11-15,2022-04-22
1658,301301,GIG1,2022-04-23,
1659,301302,GIG1,2021-08-26,
1660,301303,BASIC100,2018-08-02,
1661,301304,GIG1,2020-05-19,
1662,301305,BUSINESS500,2020-07-25,
1663,301306,BUSINESS500,2021-10-11,
1664,301307,BUSINESS500,2020-10-27,2021-08-31
1665,301307,BASIC100,2021-09-01,
1666,301308,BASIC100,2018-11-13,
1667,301309,BUSINESS1G,2025-03-03,
1668,301310,GIG1,2022-05-02,
1669,301311,GIG1,2023-10-26,
1670,301312,FIBER500,2024-09-29,2025-09-08
1671,301312,BUSINESS1G,2025-09-09,
1672,301313,BUSINESS500,2020-11-20,
1673,301314,BASIC100,2023-05-16,
1674,301315,FIBER500,2025-10-13,
1675,301316,FIBER500,2024-10-15,
1676,301317,FIBER500,2025-10-21,
1677,301318,BUSINESS500,2018-07-23,
1678,301319,FIBER500,2023-07-11,
1679,301320,GIG1,2020-06-01,2021-02-27
1680,301320,BUSINESS500,2021-02-28,
1681,301321,GIG1,2025-07-04,
1682,301322,FIBER500,2020-08-18,
1683,301323,BASIC100,2020-06-30,
1684,301324,GIG1,2018-09-28,
1685,301325,GIG1,2022-09-16,
1686,301326,FIBER500,2025-06-13,
1687,301327,BUSINESS1G,2023-10-21,2025-04-24
1688,301327,FIBER500,2025-04-25,
1689,301328,BUSINESS1G,2018-05-12,
1690,301329,FIBER500,2018-11-15,
1691,301330,FIBER500,2025-12-16,
1692,301331,BASIC100,2018-03-20,
1693,301332,BUSINESS1G,2020-12-29,
1694,301333,BUSINESS500,2023-07-08,
1695,301334,BASIC100,2019-08-10,2021-04-18
1696,301334,BUSINESS1G,2021-04-19,
1697,301335,BUSINESS1G,2018-12-27,
1698,301336,FIBER500,2024-04-04,2025-11-26
1699,301336,BUSINESS500,2025-11-27,
1700,301337,FIBER500,2022-09-08,2023-06-14
1701,301337,BASIC100,2023-06-15,
1702,301338,BUSINESS1G,2024-02-02,2024-09-13
1703,301338,GIG1,2024-09-14,
1704,301339,BUSINESS500,2023-09-03,
1705,301340,BUSINESS500,2025-03-12,
1706,301341,BUSINESS500,2020-01-01,
1707,301342,BUSINESS1G,2019-04-24,
1708,301343,BUSINESS1G,2021-11-24,
1709,301344,FIBER500,2024-02-23,
1710,301345,GIG1,2018-09-22,
1711,301346,BUSINESS1G,2024-04-11,2025-04-28
1712,301346,BASIC100,2025-04-29,
1713,301347,FIBER500,2018-01-18,
1714,301348,BUSINESS500,2021-07-31,
1715,301349,FIBER500,2018-04-09,
1716,301350,FIBER500,2024-06-19,2025-05-11
1717,301350,BASIC100,2025-05-12,
1718,301351,BUSINESS1G,2020-12-28,2023-07-28
1719,301351,GIG1,2023-07-29,
1720,301352,BUSINESS1G,2018-09-26,
1721,301353,BUSINESS1G,2020-08-21,2021-06-09
1722,301353,GIG1,2021-06-10,
1723,301354,BUSINESS1G,2024-09-25,
1724,301355,BUSINESS1G,2021-08-13,2022-03-13
1725,301355,BUSINESS500,2022-03-14,
1726,301356,BUSINESS500,2023-10-09,
1727,301357,FIBER500,2018-11-06,
1728,301358,BASIC100,2018-09-22,2019-08-11
1729,301358,FIBER500,2019-08-12,
1730,301359,BUSINESS1G,2024-04-03,2026-06-14
1731,301359,FIBER500,2026-06-15,
1732,301360,GIG1,2023-01-21,
1733,301361,FIBER500,2019-01-06,
1734,301362,BUSINESS500,2021-09-10,2023-07-22
1735,301362,GIG1,2023-07-23,
1736,301363,GIG1,2018-07-31,
1737,301364,BUSINESS500,2024-01-13,
1738,301365,BUSINESS1G,2020-01-09,
1739,301366,GIG1,2022-09-17,
1740,301367,FIBER500,2018-02-08,
1741,301368,FIBER500,2022-08-17,
1742,301369,BASIC100,2025-07-06,
1743,301370,GIG1,2023-01-08,
1744,301371,BUSINESS500,2022-02-04,2024-08-01
1745,301371,GIG1,2024-08-02,
1746,301372,BASIC100,2024-10-20,
1747,301373,FIBER500,2022-04-21,2023-05-27
1748,301373,GIG1,2023-05-28,
1749,301374,BUSINESS500,2022-12-11,2026-01-31
1750,301374,BUSINESS1G,2026-02-01,
1751,301375,FIBER500,2020-03-01,2023-02-04
1752,301375,GIG1,2023-02-05,
1753,301376,GIG1,2024-09-13,
1754,301377,GIG1,2023-09-17,
1755,301378,FIBER500,2018-04-21,
1756,301379,BUSINESS500,2025-09-11,
1757,301380,BASIC100,2024-10-29,
1758,301381,BUSINESS500,2020-11-30,2021-11-20
1759,301381,GIG1,2021-11-21,
1760,301382,FIBER500,2024-06-06,
1761,301383,BASIC100,2020-06-16,
1762,301384,BUSINESS500,2021-02-08,
1763,301385,FIBER500,2021-10-31,
1764,301386,BUSINESS1G,2019-02-15,2021-06-24
1765,301386,FIBER500,2021-06-25,
1766,301387,BUSINESS1G,2019-11-17,
1767,301388,BUSINESS1G,2025-05-03,
1768,301389,BUSINESS500,2025-04-22,
1769,301390,BASIC100,2019-10-02,
1770,301391,BUSINESS500,2018-09-25,
1771,301392,BUSINESS1G,2018-05-02,
1772,301393,BUSINESS500,2021-04-19,
1773,301394,BUSINESS500,2019-02-04,
1774,301395,BUSINESS1G,2020-05-23,
1775,301396,BUSINESS1G,2021-11-07,2024-05-24
1776,301396,BUSINESS500,2024-05-25,
1777,301397,BASIC100,2018-12-07,
1778,301398,BASIC100,2024-03-10,
1779,301399,BASIC100,2025-11-07,
1780,301400,GIG1,2019-07-09,
1781,301401,BUSINESS500,2020-07-21,
1782,301402,FIBER500,2025-03-10,
1783,301403,BUSINESS500,2024-03-26,
1784,301404,BASIC100,2020-12-28,
1785,301405,FIBER500,2018-06-23,
1786,301406,BUSINESS500,2020-12-13,2023-12-07
1787,301406,FIBER500,2023-12-08,
1788,301407,GIG1,2023-06-18,
1789,301408,BASIC100,2019-08-09,2021-01-26
1790,301408,FIBER500,2021-01-27,
1791,301409,GIG1,2021-08-14,2022-10-30
1792,301409,BUSINESS1G,2022-10-31,
1793,301410,GIG1,2021-12-10,
1794,301411,BUSINESS500,2025-01-27,
1795,301412,BUSINESS500,2025-10-31,
1796,301413,BUSINESS500,2021-06-08,
1797,301414,FIBER500,2023-08-27,2024-05-18
1798,301414,BASIC100,2024-05-19,
1799,301415,GIG1,2018-12-25,
1800,301416,BASIC100,2020-09-18,
1801,301417,BASIC100,2020-02-10,
1802,301418,FIBER500,2023-05-05,2025-02-11
1803,301418,BUSINESS500,2025-02-12,
1804,301419,BUSINESS500,2022-05-12,2024-04-30
1805,301419,BUSINESS1G,2024-05-01,
1806,301420,BUSINESS500,2020-10-26,2022-03-21
1807,301420,FIBER500,2022-03-22,
1808,301421,BUSINESS500,2023-12-21,
1809,301422,FIBER500,2018-01-28,
1810,301423,BUSINESS1G,2021-06-16,
1811,301424,FIBER500,2025-09-20,
1812,301425,BUSINESS500,2024-04-07,2025-11-07
1813,301425,BASIC100,2025-11-08,
1814,301426,FIBER500,2023-07-17,
1815,301427,BASIC100,2020-06-24,
1816,301428,GIG1,2022-11-28,
1817,301429,BUSINESS1G,2025-03-30,
1818,301430,BASIC100,2021-09-09,
1819,301431,GIG1,2021-03-18,2021-10-10
1820,301431,BASIC100,2021-10-11,
1821,301432,BUSINESS500,2022-08-30,2024-10-20
1822,301432,FIBER500,2024-10-21,
1823,301433,GIG1,2020-03-25,
1824,301434,FIBER500,2018-12-07,
1825,301435,BUSINESS500,2025-01-21,
1826,301436,BASIC100,2024-05-19,
1827,301437,GIG1,2023-06-10,
1828,301438,GIG1,2024-03-11,2025-01-20
1829,301438,BASIC100,2025-01-21,
1830,301439,FIBER500,2026-01-04,
1831,301440,BASIC100,2023-12-24,2025-10-02
1832,301440,BUSINESS500,2025-10-03,
1833,301441,FIBER500,2021-12-13,
1834,301442,FIBER500,2023-04-27,
1835,301443,GIG1,2025-07-22,
1836,301444,BASIC100,2019-12-23,
1837,301445,BUSINESS500,2020-12-23,2021-10-04
1838,301445,BASIC100,2021-10-05,
1839,301446,BUSINESS1G,2022-10-08,2024-12-04
1840,301446,GIG1,2024-12-05,
1841,301447,BUSINESS500,2024-12-05,
1842,301448,BUSINESS500,2018-12-02,
1843,301449,BASIC100,2020-05-26,
1844,301450,GIG1,2021-11-21,2024-09-12
1845,301450,BUSINESS1G,2024-09-13,
1846,301451,BUSINESS1G,2021-09-11,
1847,301452,BUSINESS1G,2021-05-21,2022-12-21
1848,301452,BASIC100,2022-12-22,
1849,301453,BUSINESS500,2023-07-17,
1850,301454,BASIC100,2021-10-12,2023-04-20
1851,301454,BUSINESS500,2023-04-21,
1852,301455,GIG1,2021-10-25,2022-04-27
1853,301455,BUSINESS500,2022-04-28,
1854,301456,BASIC100,2020-09-18,2021-03-23
1855,301456,FIBER500,2021-03-24,
1856,301457,BUSINESS1G,2025-11-18,
1857,301458,GIG1,2024-11-19,
1858,301459,FIBER500,2018-07-24,
1859,301460,BASIC100,2024-04-05,
1860,301461,BUSINESS1G,2020-05-04,
1861,301462,BASIC100,2024-02-12,
1862,301463,FIBER500,2022-03-30,2023-03-07
1863,301463,GIG1,2023-03-08,
1864,301464,GIG1,2025-05-03,
1865,301465,GIG1,2021-11-11,
1866,301466,BUSINESS1G,2024-12-18,
1867,301467,GIG1,2023-01-25,
1868,301468,BASIC100,2023-11-19,
1869,301469,BUSINESS1G,2018-09-30,
1870,301470,GIG1,2024-09-02,2025-09-11
1871,301470,FIBER500,2025-09-12,
1872,301471,BASIC100,2019-07-27,2022-01-19
1873,301471,BUSINESS1G,2022-01-20,
1874,301472,BUSINESS1G,2018-02-25,
1875,301473,BASIC100,2023-03-27,
1876,301474,FIBER500,2019-07-11,2021-05-08
1877,301474,BASIC100,2021-05-09,
1878,301475,GIG1,2025-11-29,
1879,301476,BUSINESS500,2025-09-28,
1880,301477,BUSINESS1G,2023-08-04,2025-02-26
1881,301477,BUSINESS500,2025-02-27,
1882,301478,GIG1,2023-06-22,2026-01-09
1883,301478,BUSINESS1G,2026-01-10,
1884,301479,BUSINESS500,2019-08-11,
1885,301480,FIBER500,2025-05-29,
1886,301481,GIG1,2021-12-27,
1887,301482,FIBER500,2023-12-04,
1888,301483,GIG1,2022-04-26,
1889,301484,BUSINESS1G,2023-04-16,
1890,301485,BASIC100,2021-04-07,
1891,301486,FIBER500,2019-09-27,
1892,301487,BASIC100,2024-04-13,
1893,301488,GIG1,2019-01-02,
1894,301489,BUSINESS1G,2019-11-28,2022-04-30
1895,301489,BASIC100,2022-05-01,
1896,301490,BASIC100,2021-08-28,
1897,301491,BUSINESS1G,2025-04-06,
1898,301492,BASIC100,2024-02-06,2025-05-20
1899,301492,FIBER500,2025-05-21,
1900,301493,BUSINESS500,2025-04-04,
1901,301494,GIG1,2025-10-17,
1902,301495,BUSINESS500,2019-03-12,2021-09-05
1903,301495,BASIC100,2021-09-06,
1904,301496,FIBER500,2025-08-18,
1905,301497,BUSINESS1G,2021-07-29,
1906,301498,BASIC100,2022-09-20,2024-02-18
1907,301498,FIBER500,2024-02-19,
1908,301499,FIBER500,2023-10-08,
1909,301500,GIG1,2019-09-17,
1910,301501,GIG1,2021-01-24,2023-01-22
1911,301501,FIBER500,2023-01-23,
1912,301502,BUSINESS500,2022-05-03,
1913,301503,GIG1,2018-06-23,
1914,301504,FIBER500,2022-11-07,
1915,301505,BUSINESS500,2023-01-18,2025-06-02
1916,301505,FIBER500,2025-06-03,
1917,301506,FIBER500,2025-10-02,
1918,301507,BUSINESS500,2018-04-11,
1919,301508,BUSINESS500,2023-04-16,
1920,301509,GIG1,2024-07-10,
1921,301510,FIBER500,2020-05-21,
1922,301511,BUSINESS1G,2023-04-01,
1923,301512,BUSINESS1G,2025-08-07,
1924,301513,GIG1,2023-04-12,2023-11-26
1925,301513,FIBER500,2023-11-27,
1926,301514,BUSINESS1G,2023-03-28,2024-02-08
1927,301514,FIBER500,2024-02-09,
1928,301515,BASIC100,2025-11-02,
1929,301516,BUSINESS500,2025-04-15,
1930,301517,BUSINESS500,2020-01-18,
1931,301518,FIBER500,2020-11-18,2022-09-21
1932,301518,GIG1,2022-09-22,
1933,301519,FIBER500,2020-10-24,2021-07-24
1934,301519,BUSINESS1G,2021-07-25,
1935,301520,GIG1,2020-02-17,2021-01-16
1936,301520,BUSINESS500,2021-01-17,
1937,301521,BASIC100,2022-04-21,
1938,301522,FIBER500,2024-11-05,2025-11-16
1939,301522,BASIC100,2025-11-17,
1940,301523,FIBER500,2025-01-05,
1941,301524,BUSINESS500,2020-03-25,
1942,301525,GIG1,2022-09-09,2023-10-01
1943,301525,BASIC100,2023-10-02,
1944,301526,GIG1,2024-03-16,
1945,301527,BUSINESS500,2018-12-05,
1946,301528,FIBER500,2023-03-08,2026-04-27
1947,301528,GIG1,2026-04-28,
1948,301529,BUSINESS500,2024-06-13,
1949,301530,GIG1,2020-07-12,2022-02-14
1950,301530,FIBER500,2022-02-15,
1951,301531,GIG1,2023-11-02,2026-05-02
1952,301531,BASIC100,2026-05-03,
1953,301532,BUSINESS1G,2025-11-11,
1954,301533,BUSINESS1G,2023-12-20,
1955,301534,BASIC100,2019-02-16,
1956,301535,BUSINESS1G,2022-04-12,
1957,301536,BUSINESS500,2024-10-06,
1958,301537,BASIC100,2024-09-10,
1959,301538,BUSINESS500,2021-12-14,
1960,301539,BUSINESS500,2019-09-15,2022-12-09
1961,301539,BUSINESS1G,2022-12-10,
1962,301540,BUSINESS1G,2023-04-27,
1963,301541,BUSINESS1G,2024-05-15,
1964,301542,BUSINESS500,2022-11-20,2025-09-10
1965,301542,BUSINESS1G,2025-09-11,
1966,301543,BUSINESS1G,2018-08-30,
1967,301544,BASIC100,2025-09-08,
1968,301545,FIBER500,2022-03-07,2024-08-01
1969,301545,BUSINESS500,2024-08-02,
1970,301546,BASIC100,2023-03-25,
1971,301547,BUSINESS1G,2019-05-17,2020-06-20
1972,301547,BASIC100,2020-06-21,
1973,301548,BUSINESS1G,2020-09-07,2021-05-07
1974,301548,GIG1,2021-05-08,
1975,301549,BASIC100,2023-01-20,2024-09-09
1976,301549,FIBER500,2024-09-10,
1977,301550,BASIC100,2021-04-25,
1978,301551,BUSINESS500,2018-01-28,
1979,301552,GIG1,2022-12-02,2023-06-04
1980,301552,BUSINESS1G,2023-06-05,
1981,301553,BUSINESS500,2025-05-02,
1982,301554,BUSINESS500,2024-02-03,
1983,301555,BUSINESS1G,2024-07-07,2025-02-10
1984,301555,FIBER500,2025-02-11,
1985,301556,FIBER500,2020-04-02,2022-09-07
1986,301556,BASIC100,2022-09-08,
1987,301557,BUSINESS500,2018-02-06,2021-03-02
1988,301557,BASIC100,2021-03-03,
1989,301558,BUSINESS1G,2019-03-27,2022-05-31
1990,301558,FIBER500,2022-06-01,
1991,301559,BASIC100,2020-03-18,
1992,301560,GIG1,2022-10-08,2024-01-09
1993,301560,BASIC100,2024-01-10,
1994,301561,GIG1,2023-08-31,
1995,301562,GIG1,2023-09-28,
1996,301563,FIBER500,2018-08-06,
1997,301564,GIG1,2019-04-02,2020-09-28
1998,301564,BUSINESS500,2020-09-29,
1999,301565,BUSINESS500,2020-09-14,2021-10-13
2000,301565,BASIC100,2021-10-14,
2001,301566,GIG1,2022-02-14,2025-05-05
2002,301566,BUSINESS1G,2025-05-06,
2003,301567,FIBER500,2019-04-11,
2004,301568,BUSINESS1G,2018-11-23,
2005,301569,GIG1,2019-08-17,
2006,301570,FIBER500,2026-01-19,
2007,301571,BUSINESS1G,2019-09-07,
2008,301572,FIBER500,2020-10-16,
2009,301573,GIG1,2023-08-24,
2010,301574,FIBER500,2019-03-22,
2011,301575,BUSINESS500,2018-09-18,
2012,301576,BUSINESS500,2020-03-04,
2013,301577,BUSINESS500,2019-11-25,
2014,301578,FIBER500,2024-02-24,2025-12-22
2015,301578,BUSINESS1G,2025-12-23,
2016,301579,BUSINESS1G,2023-06-02,
2017,301580,BUSINESS1G,2018-09-26,
2018,301581,FIBER500,2019-09-04,2020-04-30
2019,301581,BUSINESS500,2020-05-01,
2020,301582,FIBER500,2022-12-20,2024-03-20
2021,301582,BUSINESS500,2024-03-21,
2022,301583,GIG1,2019-02-09,2022-02-05
2023,301583,BUSINESS1G,2022-02-06,
2024,301584,GIG1,2025-11-15,
2025,301585,GIG1,2020-04-06,
2026,301586,FIBER500,2020-02-03,2021-03-17
2027,301586,BUSINESS500,2021-03-18,
2028,301587,BASIC100,2020-02-20,
2029,301588,BUSINESS500,2020-10-17,2023-05-23
2030,301588,GIG1,2023-05-24,
2031,301589,GIG1,2018-05-22,
2032,301590,BUSINESS500,2025-01-27,
2033,301591,BUSINESS1G,2023-03-27,
2034,301592,BASIC100,2019-05-23,
2035,301593,FIBER500,2022-07-22,2025-08-06
2036,301593,BASIC100,2025-08-07,
2037,301594,BUSINESS1G,2024-09-28,
2038,301595,FIBER500,2018-12-25,2020-12-29
2039,301595,BUSINESS1G,2020-12-30,
2040,301596,BUSINESS500,2023-12-31,2024-12-26
2041,301596,BASIC100,2024-12-27,
2042,301597,BUSINESS1G,2018-07-14,2021-05-19
2043,301597,GIG1,2021-05-20,
2044,301598,FIBER500,2024-07-10,
2045,301599,GIG1,2023-01-03,2024-11-12
2046,301599,BUSINESS500,2024-11-13,
2047,301600,GIG1,2020-03-07,
2048,301601,FIBER500,2022-06-15,
2049,301602,BUSINESS500,2023-01-07,
2050,301603,BUSINESS1G,2021-04-24,
2051,301604,BUSINESS500,2025-04-27,
2052,301605,BUSINESS500,2020-03-02,
2053,301606,BUSINESS500,2025-06-29,
2054,301607,BUSINESS500,2018-07-07,
2055,301608,BUSINESS1G,2024-02-09,
2056,301609,FIBER500,2021-08-29,
2057,301610,GIG1,2022-07-18,
2058,301611,BASIC100,2019-10-23,
2059,301612,BUSINESS500,2024-01-17,
2060,301613,GIG1,2019-11-21,
2061,301614,BUSINESS1G,2022-09-10,
2062,301615,BUSINESS500,2022-06-09,
2063,301616,FIBER500,2026-01-11,
2064,301617,BUSINESS1G,2025-04-14,
2065,301618,GIG1,2025-11-23,
2066,301619,GIG1,2025-07-09,
2067,301620,BUSINESS500,2025-11-23,
2068,301621,BUSINESS500,2019-05-18,
2069,301622,BASIC100,2018-10-26,
2070,301623,BUSINESS500,2020-01-01,
2071,301624,BUSINESS500,2024-03-28,
2072,301625,BUSINESS500,2018-03-14,
2073,301626,BASIC100,2021-08-11,2024-09-14
2074,301626,GIG1,2024-09-15,
2075,301627,GIG1,2018-02-12,2019-07-15
2076,301627,BASIC100,2019-07-16,
2077,301628,FIBER500,2025-10-08,
2078,301629,GIG1,2018-01-14,
2079,301630,BASIC100,2020-04-09,
2080,301631,BUSINESS500,2019-07-03,
2081,301632,GIG1,2022-10-24,2025-07-16
2082,301632,BUSINESS500,2025-07-17,
2083,301633,FIBER500,2018-01-09,
2084,301634,BUSINESS1G,2019-03-30,
2085,301635,BUSINESS500,2022-01-26,
2086,301636,BUSINESS500,2025-04-21,
2087,301637,BUSINESS500,2020-02-06,
2088,301638,BASIC100,2021-03-13,
2089,301639,BASIC100,2024-02-29,2025-06-02
2090,301639,GIG1,2025-06-03,
2091,301640,BUSINESS500,2022-05-22,
2092,301641,BUSINESS500,2022-11-11,2023-06-21
2093,301641,BUSINESS1G,2023-06-22,
2094,301642,BUSINESS500,2020-09-26,
2095,301643,BUSINESS500,2024-11-22,
2096,301644,GIG1,2023-09-06,
2097,301645,FIBER500,2022-10-19,
2098,301646,BUSINESS500,2022-01-01,
2099,301647,BUSINESS1G,2020-02-13,2020-10-13
2100,301647,GIG1,2020-10-14,
2101,301648,GIG1,2024-08-03,
2102,301649,BUSINESS1G,2021-08-25,
2103,301650,FIBER500,2024-04-17,
2104,301651,BUSINESS1G,2020-09-01,
2105,301652,BASIC100,2025-11-11,
2106,301653,BASIC100,2019-12-31,
2107,301654,BUSINESS500,2025-12-31,
2108,301655,BUSINESS1G,2021-11-28,2022-08-17
2109,301655,BUSINESS500,2022-08-18,
2110,301656,FIBER500,2025-11-06,
2111,301657,BASIC100,2023-09-14,2024-06-15
2112,301657,BUSINESS500,2024-06-16,
2113,301658,BUSINESS500,2024-10-05,
2114,301659,BUSINESS500,2023-04-25,2024-06-25
2115,301659,BUSINESS1G,2024-06-26,
2116,301660,GIG1,2022-12-07,
2117,301661,BASIC100,2020-05-25,2021-03-23
2118,301661,BUSINESS1G,2021-03-24,
2119,301662,FIBER500,2022-04-07,2025-04-27
2120,301662,BUSINESS1G,2025-04-28,
2121,301663,BUSINESS1G,2023-02-28,
2122,301664,BUSINESS1G,2023-12-21,
2123,301665,BUSINESS1G,2023-09-23,
2124,301666,BASIC100,2021-08-14,2022-08-03
2125,301666,FIBER500,2022-08-04,
2126,301667,FIBER500,2018-08-10,2021-02-17
2127,301667,BUSINESS1G,2021-02-18,
2128,301668,BUSINESS1G,2022-12-21,2024-12-12
2129,301668,BUSINESS500,2024-12-13,
2130,301669,BUSINESS1G,2025-06-24,
2131,301670,FIBER500,2021-07-07,2022-12-15
2132,301670,GIG1,2022-12-16,
2133,301671,FIBER500,2024-11-17,
2134,301672,BUSINESS1G,2019-10-06,2022-08-22
2135,301672,BUSINESS500,2022-08-23,
2136,301673,BASIC100,2018-09-04,2019-03-28
2137,301673,FIBER500,2019-03-29,
2138,301674,BUSINESS500,2020-11-25,
2139,301675,BUSINESS1G,2025-03-12,
2140,301676,FIBER500,2022-03-27,
2141,301677,BUSINESS500,2021-08-04,2023-09-02
2142,301677,FIBER500,2023-09-03,
2143,301678,GIG1,2022-01-07,2022-09-13
2144,301678,BUSINESS500,2022-09-14,
2145,301679,BASIC100,2025-12-25,
2146,301680,GIG1,2019-12-24,2021-03-09
2147,301680,FIBER500,2021-03-10,
2148,301681,BUSINESS1G,2022-04-18,2023-08-03
2149,301681,GIG1,2023-08-04,
2150,301682,BASIC100,2019-11-24,
2151,301683,FIBER500,2018-08-20,
2152,301684,BUSINESS500,2022-04-25,
2153,301685,BUSINESS1G,2018-04-02,
2154,301686,BUSINESS1G,2025-12-08,
2155,301687,GIG1,2024-07-19,
2156,301688,GIG1,2020-05-17,
2157,301689,GIG1,2022-07-31,2023-02-05
2158,301689,BUSINESS1G,2023-02-06,
2159,301690,BUSINESS500,2018-12-21,2022-02-19
2160,301690,FIBER500,2022-02-20,
2161,301691,BASIC100,2024-02-21,
2162,301692,BASIC100,2023-07-12,
2163,301693,FIBER500,2020-07-20,
2164,301694,BUSINESS500,2018-12-30,
2165,301695,BUSINESS500,2024-09-13,
2166,301696,GIG1,2018-05-05,
2167,301697,FIBER500,2018-05-15,2018-11-11
2168,301697,BUSINESS1G,2018-11-12,
2169,301698,BASIC100,2021-11-22,2022-12-11
2170,301698,FIBER500,2022-12-12,
2171,301699,BASIC100,2023-04-09,2025-08-16
2172,301699,FIBER500,2025-08-17,
2173,301700,GIG1,2022-08-18,2024-03-21
2174,301700,BASIC100,2024-03-22,
2175,301701,FIBER500,2021-05-21,
2176,301702,BASIC100,2019-03-18,
2177,301703,BUSINESS500,2019-03-31,2021-07-05
2178,301703,BUSINESS1G,2021-07-06,
2179,301704,FIBER500,2022-05-25,
2180,301705,BUSINESS1G,2024-04-01,2024-12-12
2181,301705,GIG1,2024-12-13,
2182,301706,BASIC100,2022-12-29,
2183,301707,BUSINESS500,2019-04-01,
2184,301708,GIG1,2023-10-19,
2185,301709,FIBER500,2023-06-11,2025-04-18
2186,301709,BUSINESS1G,2025-04-19,
2187,301710,FIBER500,2023-08-02,
2188,301711,BUSINESS500,2023-09-10,2025-01-21
2189,301711,FIBER500,2025-01-22,
2190,301712,FIBER500,2025-08-29,
2191,301713,BUSINESS500,2024-02-28,
2192,301714,BUSINESS1G,2024-03-19,
2193,301715,GIG1,2019-09-12,2022-08-30
2194,301715,BUSINESS500,2022-08-31,
2195,301716,BUSINESS500,2021-03-15,
2196,301717,BUSINESS1G,2021-12-28,
2197,301718,BASIC100,2022-05-31,2023-07-28
2198,301718,GIG1,2023-07-29,
2199,301719,BUSINESS1G,2025-09-07,
2200,301720,BASIC100,2020-12-18,
2201,301721,BUSINESS500,2020-12-22,
2202,301722,BUSINESS1G,2025-06-16,
2203,301723,BASIC100,2022-07-24,2024-05-09
2204,301723,GIG1,2024-05-10,
2205,301724,FIBER500,2021-05-06,
2206,301725,BUSINESS500,2021-09-17,2023-10-30
2207,301725,BUSINESS1G,2023-10-31,
2208,301726,BUSINESS1G,2019-06-19,2020-05-20
2209,301726,BUSINESS500,2020-05-21,
2210,301727,BUSINESS1G,2022-07-15,
2211,301728,BASIC100,2018-10-04,
2212,301729,GIG1,2023-11-05,2025-11-23
2213,301729,BUSINESS1G,2025-11-24,
2214,301730,BASIC100,2019-05-27,
2215,301731,GIG1,2018-11-23,2021-11-09
2216,301731,BUSINESS500,2021-11-10,
2217,301732,BASIC100,2022-08-26,2024-07-05
2218,301732,BUSINESS1G,2024-07-06,
2219,301733,BASIC100,2018-06-23,2020-01-28
2220,301733,GIG1,2020-01-29,
2221,301734,BASIC100,2018-04-27,
2222,301735,BUSINESS1G,2023-05-30,
2223,301736,FIBER500,2023-09-03,
2224,301737,BASIC100,2019-02-23,
2225,301738,GIG1,2018-04-18,2020-02-15
2226,301738,BUSINESS1G,2020-02-16,
2227,301739,BASIC100,2024-02-09,2025-08-29
2228,301739,BUSINESS500,2025-08-30,
2229,301740,BUSINESS1G,2020-01-07,2022-03-28
2230,301740,BUSINESS500,2022-03-29,
2231,301741,GIG1,2024-03-02,
2232,301742,BUSINESS1G,2021-07-08,2023-12-09
2233,301742,BASIC100,2023-12-10,
2234,301743,GIG1,2023-09-14,
2235,301744,BUSINESS500,2018-11-08,
2236,301745,GIG1,2019-12-01,2021-04-28
2237,301745,FIBER500,2021-04-29,
2238,301746,BASIC100,2019-07-07,
2239,301747,GIG1,2018-03-20,
2240,301748,BUSINESS500,2024-03-11,
2241,301749,GIG1,2023-02-24,
2242,301750,BUSINESS500,2020-02-04,
2243,301751,BUSINESS1G,2025-08-22,
2244,301752,BASIC100,2024-04-25,
2245,301753,GIG1,2019-06-29,
2246,301754,GIG1,2023-06-03,
2247,301755,FIBER500,2022-01-07,
2248,301756,GIG1,2021-08-21,2023-04-23
2249,301756,BUSINESS1G,2023-04-24,
2250,301757,FIBER500,2025-07-01,
2251,301758,GIG1,2023-01-02,2024-07-09
2252,301758,BUSINESS1G,2024-07-10,
2253,301759,BASIC100,2021-01-23,2023-11-14
2254,301759,FIBER500,2023-11-15,
2255,301760,BASIC100,2025-09-28,
2256,301761,BUSINESS500,2024-07-29,
2257,301762,BASIC100,2021-04-06,
2258,301763,BUSINESS500,2020-04-02,2020-12-02
2259,301763,BASIC100,2020-12-03,
2260,301764,BUSINESS1G,2018-03-28,
2261,301765,FIBER500,2024-12-06,2026-04-09
2262,301765,BUSINESS1G,2026-04-10,
2263,301766,BASIC100,2018-10-18,2020-12-07
2264,301766,FIBER500,2020-12-08,
2265,301767,BASIC100,2022-10-03,
2266,301768,GIG1,2022-05-05,2023-11-18
2267,301768,BASIC100,2023-11-19,
2268,301769,BUSINESS500,2023-05-13,2025-09-10
2269,301769,BASIC100,2025-09-11,
2270,301770,BUSINESS500,2018-11-22,
2271,301771,BUSINESS1G,2018-07-24,2020-08-12
2272,301771,BASIC100,2020-08-13,
2273,301772,GIG1,2021-02-20,2022-12-09
2274,301772,FIBER500,2022-12-10,
2275,301773,BASIC100,2024-11-17,
2276,301774,FIBER500,2020-04-10,
2277,301775,FIBER500,2024-09-10,
2278,301776,BUSINESS1G,2018-09-16,2021-08-21
2279,301776,GIG1,2021-08-22,
2280,301777,BASIC100,2023-05-21,
2281,301778,BUSINESS500,2018-05-07,
2282,301779,GIG1,2020-05-06,2021-04-06
2283,301779,BASIC100,2021-04-07,
2284,301780,BUSINESS500,2018-07-27,
2285,301781,BASIC100,2018-08-09,
2286,301782,BASIC100,2019-09-04,2021-05-13
2287,301782,FIBER500,2021-05-14,
2288,301783,BUSINESS1G,2020-09-28,2022-03-05
2289,301783,BASIC100,2022-03-06,
2290,301784,BUSINESS500,2019-07-28,
2291,301785,GIG1,2024-02-09,2026-04-04
2292,301785,BUSINESS1G,2026-04-05,
2293,301786,BUSINESS500,2021-07-17,2022-10-10
2294,301786,BUSINESS1G,2022-10-11,
2295,301787,BASIC100,2019-09-13,
2296,301788,BUSINESS1G,2019-09-25,2020-11-05
2297,301788,BUSINESS500,2020-11-06,
2298,301789,BASIC100,2019-11-30,2021-02-05
2299,301789,BUSINESS1G,2021-02-06,
2300,301790,BASIC100,2024-04-06,
2301,301791,BUSINESS500,2018-06-22,
2302,301792,BUSINESS1G,2019-12-12,
2303,301793,BUSINESS500,2023-12-27,
2304,301794,GIG1,2020-02-20,
2305,301795,BUSINESS500,2024-03-04,
2306,301796,FIBER500,2018-11-17,
2307,301797,FIBER500,2018-01-12,
2308,301798,BUSINESS500,2023-01-24,
2309,301799,GIG1,2019-08-06,2022-03-21
2310,301799,BUSINESS500,2022-03-22,
2311,301800,BUSINESS500,2025-04-07,
2312,301801,BUSINESS500,2019-04-27,
2313,301802,BASIC100,2024-08-03,
2314,301803,BUSINESS1G,2022-08-19,
2315,301804,BUSINESS1G,2019-07-06,
2316,301805,BASIC100,2025-01-15,
2317,301806,BASIC100,2021-10-22,
2318,301807,FIBER500,2024-01-18,
2319,301808,BUSINESS500,2022-12-28,
2320,301809,GIG1,2022-07-30,2024-10-13
2321,301809,BUSINESS500,2024-10-14,
2322,301810,BUSINESS500,2019-04-10,
2323,301811,FIBER500,2025-12-04,
2324,301812,BASIC100,2020-01-11,
2325,301813,GIG1,2020-09-01,
2326,301814,FIBER500,2024-10-19,2026-02-28
2327,301814,GIG1,2026-03-01,
2328,301815,GIG1,2025-04-26,
2329,301816,BASIC100,2024-09-04,
2330,301817,FIBER500,2020-05-24,2022-09-11
2331,301817,BUSINESS1G,2022-09-12,
2332,301818,BASIC100,2021-11-24,2022-07-18
2333,301818,GIG1,2022-07-19,
2334,301819,GIG1,2020-08-05,2022-08-23
2335,301819,BUSINESS500,2022-08-24,
2336,301820,BUSINESS1G,2022-10-29,2024-05-31
2337,301820,FIBER500,2024-06-01,
2338,301821,BUSINESS500,2019-11-20,2021-02-07
2339,301821,BASIC100,2021-02-08,
2340,301822,FIBER500,2023-12-21,
2341,301823,FIBER500,2023-11-30,2026-06-09
2342,301823,BUSINESS500,2026-06-10,
2343,301824,FIBER500,2024-01-22,2026-06-17
2344,301824,BUSINESS1G,2026-06-18,
2345,301825,BUSINESS1G,2024-08-28,2026-04-30
2346,301825,BUSINESS500,2026-05-01,
2347,301826,BUSINESS500,2025-08-21,
2348,301827,FIBER500,2025-07-25,
2349,301828,FIBER500,2025-09-20,
2350,301829,GIG1,2019-04-29,
2351,301830,BUSINESS500,2026-01-12,
2352,301831,BUSINESS500,2025-05-06,
2353,301832,FIBER500,2023-03-09,
2354,301833,BUSINESS1G,2021-12-18,
2355,301834,FIBER500,2022-04-18,
2356,301835,BASIC100,2024-02-08,2026-02-20
2357,301835,GIG1,2026-02-21,
2358,301836,BUSINESS1G,2019-08-18,2022-02-23
2359,301836,BASIC100,2022-02-24,
2360,301837,BUSINESS1G,2021-07-15,
2361,301838,BASIC100,2019-05-03,
2362,301839,BUSINESS1G,2025-12-14,
2363,301840,BUSINESS500,2024-08-05,2026-06-08
2364,301840,BUSINESS1G,2026-06-09,
2365,301841,FIBER500,2019-03-05,
2366,301842,BUSINESS1G,2025-08-17,
2367,301843,BUSINESS500,2023-02-01,2023-10-25
2368,301843,GIG1,2023-10-26,
2369,301844,BUSINESS1G,2021-05-18,
2370,301845,GIG1,2019-10-20,
2371,301846,FIBER500,2023-05-15,2024-03-22
2372,301846,BASIC100,2024-03-23,
2373,301847,GIG1,2023-12-21,2025-03-19
2374,301847,BUSINESS1G,2025-03-20,
2375,301848,FIBER500,2021-03-05,
2376,301849,BUSINESS1G,2025-12-11,
2377,301850,BUSINESS1G,2018-06-07,2020-05-25
2378,301850,FIBER500,2020-05-26,
2379,301851,BUSINESS1G,2022-01-09,
2380,301852,FIBER500,2022-05-12,
2381,301853,BASIC100,2025-02-15,
2382,301854,BASIC100,2020-01-29,2023-02-13
2383,301854,GIG1,2023-02-14,
2384,301855,GIG1,2020-03-17,
2385,301856,BUSINESS1G,2025-12-10,
2386,301857,GIG1,2023-12-12,2024-06-22
2387,301857,FIBER500,2024-06-23,
2388,301858,FIBER500,2022-09-16,2025-10-06
2389,301858,BUSINESS1G,2025-10-07,
2390,301859,BUSINESS1G,2023-02-25,2026-04-12
2391,301859,GIG1,2026-04-13,
2392,301860,BUSINESS1G,2018-03-11,2018-10-18
2393,301860,GIG1,2018-10-19,
2394,301861,BUSINESS500,2021-08-28,
2395,301862,GIG1,2020-11-27,
2396,301863,GIG1,2023-02-07,2024-08-17
2397,301863,BUSINESS1G,2024-08-18,
2398,301864,BUSINESS500,2019-02-15,2020-03-27
2399,301864,BASIC100,2020-03-28,
2400,301865,GIG1,2018-11-24,2021-08-01
2401,301865,BUSINESS500,2021-08-02,
2402,301866,BUSINESS1G,2021-05-03,
2403,301867,GIG1,2021-12-09,
2404,301868,BUSINESS500,2022-11-10,
2405,301869,BUSINESS1G,2024-01-14,2025-12-02
2406,301869,FIBER500,2025-12-03,
2407,301870,BASIC100,2019-04-27,
2408,301871,BUSINESS1G,2023-08-19,2025-11-26
2409,301871,BASIC100,2025-11-27,
2410,301872,FIBER500,2019-01-05,
2411,301873,BUSINESS500,2024-02-05,
2412,301874,BUSINESS1G,2020-06-07,
2413,301875,BUSINESS1G,2018-05-29,2019-03-24
2414,301875,BUSINESS500,2019-03-25,
2415,301876,BUSINESS500,2024-08-07,2025-07-03
2416,301876,BASIC100,2025-07-04,
2417,301877,GIG1,2021-01-17,
2418,301878,BASIC100,2020-11-27,
2419,301879,BASIC100,2019-02-05,2021-05-23
2420,301879,FIBER500,2021-05-24,
2421,301880,FIBER500,2021-01-04,
2422,301881,GIG1,2020-06-20,
2423,301882,GIG1,2018-06-17,
2424,301883,BUSINESS500,2020-06-20,
2425,301884,BUSINESS500,2018-03-21,
2426,301885,GIG1,2023-04-23,
2427,301886,BUSINESS1G,2025-02-18,
2428,301887,BASIC100,2018-09-24,
2429,301888,FIBER500,2025-07-02,
2430,301889,GIG1,2024-02-13,
2431,301890,BUSINESS500,2018-10-05,2021-05-19
2432,301890,FIBER500,2021-05-20,
2433,301891,BUSINESS500,2020-04-22,
2434,301892,FIBER500,2018-10-05,2020-04-01
2435,301892,GIG1,2020-04-02,
2436,301893,GIG1,2020-03-28,
2437,301894,BUSINESS500,2022-06-06,2023-12-29
2438,301894,FIBER500,2023-12-30,
2439,301895,GIG1,2022-09-13,
2440,301896,FIBER500,2023-11-30,
2441,301897,FIBER500,2022-11-28,
2442,301898,BUSINESS500,2019-08-12,
2443,301899,BUSINESS1G,2023-09-02,2026-04-02
2444,301899,BUSINESS500,2026-04-03,
2445,301900,GIG1,2020-09-14,
2446,301901,FIBER500,2025-12-18,
2447,301902,BUSINESS1G,2019-01-17,2020-09-23
2448,301902,FIBER500,2020-09-24,
2449,301903,BUSINESS1G,2020-04-27,
2450,301904,BASIC100,2019-12-21,
2451,301905,FIBER500,2025-04-22,
2452,301906,BUSINESS500,2022-08-29,
2453,301907,GIG1,2023-06-19,
2454,301908,BUSINESS1G,2021-08-10,2022-08-28
2455,301908,BUSINESS500,2022-08-29,
2456,301909,BASIC100,2020-02-07,
2457,301910,FIBER500,2020-06-30,
2458,301911,BUSINESS500,2022-01-17,
2459,301912,BASIC100,2021-11-14,2022-09-07
2460,301912,BUSINESS1G,2022-09-08,
2461,301913,BUSINESS1G,2018-01-06,
2462,301914,BUSINESS1G,2024-06-11,
2463,301915,BUSINESS500,2021-04-13,2024-04-14
2464,301915,BUSINESS1G,2024-04-15,
2465,301916,GIG1,2024-04-29,2025-10-21
2466,301916,BUSINESS500,2025-10-22,
2467,301917,GIG1,2023-04-11,
2468,301918,BASIC100,2023-02-26,
2469,301919,GIG1,2023-05-03,2024-01-27
2470,301919,BUSINESS500,2024-01-28,
2471,301920,FIBER500,2022-07-26,
2472,301921,BUSINESS500,2018-03-22,
2473,301922,BUSINESS500,2023-04-06,2025-12-24
2474,301922,BUSINESS1G,2025-12-25,
2475,301923,GIG1,2025-10-28,
2476,301924,GIG1,2021-11-25,
2477,301925,BUSINESS1G,2024-10-12,
2478,301926,BUSINESS500,2019-05-02,
2479,301927,GIG1,2025-09-02,
2480,301928,GIG1,2021-12-15,
2481,301929,BUSINESS1G,2024-11-13,2025-05-11
2482,301929,GIG1,2025-05-12,
2483,301930,BUSINESS1G,2025-09-19,
2484,301931,BUSINESS500,2025-09-24,
2485,301932,BUSINESS1G,2018-12-06,2021-08-04
2486,301932,FIBER500,2021-08-05,
2487,301933,BASIC100,2023-11-14,
2488,301934,BUSINESS500,2020-09-03,
2489,301935,FIBER500,2021-09-26,2023-05-09
2490,301935,BUSINESS1G,2023-05-10,
2491,301936,BUSINESS500,2019-04-11,
2492,301937,BUSINESS500,2025-09-30,
2493,301938,BUSINESS500,2019-05-07,2022-07-06
2494,301938,BASIC100,2022-07-07,
2495,301939,BASIC100,2025-08-07,
2496,301940,BUSINESS1G,2024-10-03,
2497,301941,BUSINESS1G,2019-02-02,2021-04-11
2498,301941,FIBER500,2021-04-12,
2499,301942,FIBER500,2022-11-09,2025-07-25
2500,301942,BUSINESS500,2025-07-26,
2501,301943,FIBER500,2025-12-07,
2502,301944,GIG1,2024-04-28,
2503,301945,BUSINESS500,2023-06-13,2024-11-06
2504,301945,FIBER500,2024-11-07,
2505,301946,BUSINESS1G,2025-09-06,
2506,301947,GIG1,2021-01-28,2023-02-06
2507,301947,FIBER500,2023-02-07,
2508,301948,FIBER500,2018-11-03,2019-11-12
2509,301948,BUSINESS500,2019-11-13,
2510,301949,BUSINESS500,2022-06-14,2024-08-20
2511,301949,BUSINESS1G,2024-08-21,
2512,301950,GIG1,2019-11-13,2022-06-05
2513,301950,BASIC100,2022-06-06,
2514,301951,BUSINESS1G,2020-06-10,
2515,301952,GIG1,2022-01-29,
2516,301953,GIG1,2021-02-06,2022-09-23
2517,301953,BASIC100,2022-09-24,
2518,301954,BASIC100,2018-10-31,
2519,301955,GIG1,2018-12-14,2020-02-28
2520,301955,BASIC100,2020-02-29,
2521,301956,BASIC100,2019-06-12,
2522,301957,BASIC100,2025-09-09,
2523,301958,FIBER500,2025-12-04,
2524,301959,GIG1,2025-05-10,
2525,301960,BASIC100,2020-02-02,
2526,301961,BASIC100,2023-02-17,2024-12-13
2527,301961,BUSINESS1G,2024-12-14,
2528,301962,BUSINESS500,2020-10-17,
2529,301963,GIG1,2022-09-11,
2530,301964,BASIC100,2018-04-02,
2531,301965,BASIC100,2020-07-08,
2532,301966,BUSINESS500,2022-02-13,2023-01-04
2533,301966,BUSINESS1G,2023-01-05,
2534,301967,BUSINESS1G,2021-08-19,
2535,301968,FIBER500,2020-12-18,
2536,301969,GIG1,2025-12-24,
2537,301970,FIBER500,2018-04-29,2021-06-03
2538,301970,GIG1,2021-06-04,
2539,301971,BUSINESS1G,2025-02-25,
2540,301972,GIG1,2020-03-15,
2541,301973,GIG1,2024-07-12,2025-06-29
2542,301973,BUSINESS1G,2025-06-30,
2543,301974,BASIC100,2018-01-10,2020-05-25
2544,301974,GIG1,2020-05-26,
2545,301975,FIBER500,2023-10-20,2025-04-28
2546,301975,GIG1,2025-04-29,
2547,301976,FIBER500,2022-10-25,2025-10-29
2548,301976,GIG1,2025-10-30,
2549,301977,BASIC100,2019-02-14,
2550,301978,GIG1,2021-03-28,
2551,301979,GIG1,2019-09-01,
2552,301980,FIBER500,2020-03-14,
2553,301981,BUSINESS1G,2024-04-15,2025-11-30
2554,301981,BUSINESS500,2025-12-01,
2555,301982,BUSINESS500,2018-04-02,2019-06-11
2556,301982,BASIC100,2019-06-12,
2557,301983,BUSINESS500,2021-03-13,
2558,301984,BASIC100,2023-08-06,
2559,301985,FIBER500,2022-07-13,
2560,301986,BUSINESS500,2020-07-05,2023-06-15
2561,301986,BUSINESS1G,2023-06-16,
2562,301987,FIBER500,2024-05-04,2026-06-13
2563,301987,BUSINESS1G,2026-06-14,
2564,301988,GIG1,2025-11-27,
2565,301989,BASIC100,2023-02-15,2024-07-22
2566,301989,BUSINESS500,2024-07-23,
2567,301990,FIBER500,2022-04-13,2023-05-22
2568,301990,BUSINESS1G,2023-05-23,
2569,301991,BUSINESS500,2024-03-21,
2570,301992,BASIC100,2020-09-17,
2571,301993,GIG1,2019-01-11,
2572,301994,BASIC100,2021-02-11,2021-12-14
2573,301994,GIG1,2021-12-15,
2574,301995,BUSINESS1G,2018-09-18,2019-06-07
2575,301995,GIG1,2019-06-08,
2576,301996,BUSINESS1G,2020-12-03,
2577,301997,BUSINESS500,2025-02-07,
2578,301998,FIBER500,2019-08-28,2022-10-06
2579,301998,GIG1,2022-10-07,
2580,301999,GIG1,2025-08-07,
2581,302000,GIG1,2019-07-12,
2582,302001,FIBER500,2025-05-22,
2583,302002,FIBER500,2024-09-15,
2584,302003,FIBER500,2021-06-16,
2585,302004,GIG1,2021-03-27,
2586,302005,FIBER500,2018-09-21,
2587,302006,BASIC100,2024-02-14,
2588,302007,FIBER500,2021-09-06,
2589,302008,BUSINESS1G,2022-12-02,2025-07-07
2590,302008,BUSINESS500,2025-07-08,
2591,302009,FIBER500,2025-05-21,
2592,302010,GIG1,2023-01-08,
2593,302011,FIBER500,2021-11-21,
2594,302012,BUSINESS500,2022-06-08,2023-03-29
2595,302012,GIG1,2023-03-30,
2596,302013,FIBER500,2018-08-19,
2597,302014,BASIC100,2021-12-31,
2598,302015,FIBER500,2023-06-12,
2599,302016,FIBER500,2019-04-07,
2600,302017,FIBER500,2024-04-28,
2601,302018,BASIC100,2023-08-06,2026-06-17
2602,302018,BUSINESS1G,2026-06-18,
2603,302019,BASIC100,2018-10-24,2020-11-10
2604,302019,GIG1,2020-11-11,
2605,302020,GIG1,2025-01-30,
2606,302021,FIBER500,2022-12-17,
2607,302022,BUSINESS500,2018-04-24,
2608,302023,FIBER500,2019-10-18,
2609,302024,FIBER500,2021-02-13,2024-03-12
2610,302024,BUSINESS500,2024-03-13,
2611,302025,BUSINESS500,2025-07-09,
2612,302026,BUSINESS1G,2019-06-27,
2613,302027,FIBER500,2025-12-10,
2614,302028,GIG1,2022-08-27,2023-12-02
2615,302028,BASIC100,2023-12-03,
2616,302029,BASIC100,2018-12-14,2019-10-09
2617,302029,BUSINESS1G,2019-10-10,
2618,302030,BUSINESS500,2019-10-26,2021-11-15
2619,302030,BASIC100,2021-11-16,
2620,302031,FIBER500,2022-07-04,2025-05-16
2621,302031,BASIC100,2025-05-17,
2622,302032,GIG1,2025-03-21,
2623,302033,BUSINESS1G,2019-07-15,
2624,302034,GIG1,2019-09-24,
2625,302035,BUSINESS1G,2025-01-10,
2626,302036,BASIC100,2025-01-06,
2627,302037,FIBER500,2024-03-01,
2628,302038,BUSINESS1G,2020-12-08,
2629,302039,BUSINESS1G,2023-03-22,
2630,302040,GIG1,2020-07-31,
2631,302041,GIG1,2019-03-19,
2632,302042,GIG1,2018-04-01,
2633,302043,BASIC100,2019-08-07,
2634,302044,BUSINESS500,2021-08-11,2022-02-10
2635,302044,BASIC100,2022-02-11,
2636,302045,BASIC100,2020-01-07,
2637,302046,BUSINESS500,2018-10-20,2021-07-28
2638,302046,FIBER500,2021-07-29,
2639,302047,FIBER500,2023-04-22,
2640,302048,BUSINESS500,2024-09-19,2025-04-21
2641,302048,BASIC100,2025-04-22,
2642,302049,BASIC100,2022-12-25,
2643,302050,BUSINESS1G,2019-06-27,
2644,302051,FIBER500,2020-10-24,
2645,302052,FIBER500,2020-02-05,
2646,302053,BUSINESS500,2024-12-10,2025-11-04
2647,302053,GIG1,2025-11-05,
2648,302054,BUSINESS500,2022-06-27,
2649,302055,GIG1,2022-07-02,
2650,302056,BUSINESS500,2019-07-14,2020-08-07
2651,302056,FIBER500,2020-08-08,
2652,302057,GIG1,2024-06-16,
2653,302058,BASIC100,2023-06-11,
2654,302059,FIBER500,2023-11-22,
2655,302060,BASIC100,2019-04-04,
2656,302061,BASIC100,2021-12-01,
2657,302062,BUSINESS1G,2018-06-02,2020-11-10
2658,302062,FIBER500,2020-11-11,
2659,302063,GIG1,2023-11-13,
2660,302064,BASIC100,2022-06-11,2024-10-08
2661,302064,GIG1,2024-10-09,
2662,302065,FIBER500,2018-12-23,
2663,302066,BUSINESS500,2018-12-20,
2664,302067,FIBER500,2026-01-23,
2665,302068,BUSINESS1G,2021-01-19,
2666,302069,GIG1,2022-12-11,
2667,302070,BUSINESS500,2018-02-12,2020-10-14
2668,302070,GIG1,2020-10-15,
2669,302071,BUSINESS500,2021-08-19,2022-11-03
2670,302071,BUSINESS1G,2022-11-04,
2671,302072,BASIC100,2021-09-05,
2672,302073,BUSINESS500,2018-01-21,2020-07-23
2673,302073,BASIC100,2020-07-24,
2674,302074,BUSINESS1G,2020-04-16,
2675,302075,BASIC100,2025-05-09,
2676,302076,FIBER500,2022-05-16,
2677,302077,BASIC100,2019-06-07,
2678,302078,FIBER500,2022-12-15,2025-01-03
2679,302078,BUSINESS500,2025-01-04,
2680,302079,BUSINESS500,2024-05-30,
2681,302080,BUSINESS500,2025-06-09,
2682,302081,BUSINESS500,2025-10-12,
2683,302082,GIG1,2022-02-16,
2684,302083,FIBER500,2018-11-23,
2685,302084,BASIC100,2022-12-20,2024-07-17
2686,302084,BUSINESS1G,2024-07-18,
2687,302085,FIBER500,2023-07-01,
2688,302086,BUSINESS500,2024-05-14,
2689,302087,GIG1,2025-01-13,
2690,302088,FIBER500,2020-02-08,
2691,302089,BUSINESS500,2021-12-28,
2692,302090,BASIC100,2019-11-29,
2693,302091,BUSINESS1G,2018-11-11,
2694,302092,BUSINESS500,2019-07-21,
2695,302093,BASIC100,2024-11-01,
2696,302094,FIBER500,2019-01-10,2020-10-26
2697,302094,GIG1,2020-10-27,
2698,302095,BUSINESS500,2020-05-03,2023-08-12
2699,302095,FIBER500,2023-08-13,
2700,302096,BASIC100,2024-11-25,
2701,302097,FIBER500,2024-12-06,
2702,302098,FIBER500,2021-06-15,
2703,302099,FIBER500,2020-10-10,
2704,302100,BUSINESS1G,2019-09-25,2021-10-10
2705,302100,GIG1,2021-10-11,
2706,302101,FIBER500,2022-10-22,2023-11-08
2707,302101,GIG1,2023-11-09,
2708,302102,BUSINESS500,2020-12-05,2022-07-08
2709,302102,BUSINESS1G,2022-07-09,
2710,302103,FIBER500,2024-07-18,
2711,302104,BUSINESS1G,2022-04-07,
2712,302105,BUSINESS1G,2019-09-23,2022-06-30
2713,302105,BASIC100,2022-07-01,
2714,302106,FIBER500,2018-02-07,
2715,302107,BUSINESS500,2021-04-20,
2716,302108,FIBER500,2025-08-14,
2717,302109,GIG1,2022-06-08,
2718,302110,BUSINESS1G,2023-03-31,
2719,302111,BUSINESS1G,2022-08-26,
2720,302112,BUSINESS500,2022-12-05,2025-05-30
2721,302112,GIG1,2025-05-31,
2722,302113,GIG1,2021-10-01,
2723,302114,FIBER500,2025-08-19,
2724,302115,GIG1,2025-10-24,
2725,302116,BUSINESS500,2023-02-19,
2726,302117,GIG1,2020-04-11,2021-07-17
2727,302117,BASIC100,2021-07-18,
2728,302118,BUSINESS1G,2018-06-18,
2729,302119,BASIC100,2025-07-17,
2730,302120,BASIC100,2021-11-16,
2731,302121,FIBER500,2025-09-21,
2732,302122,BUSINESS1G,2024-08-24,
2733,302123,GIG1,2021-02-11,
2734,302124,BUSINESS500,2023-12-23,
2735,302125,GIG1,2022-09-19,2025-05-15
2736,302125,BUSINESS1G,2025-05-16,
2737,302126,GIG1,2022-06-05,
2738,302127,BUSINESS1G,2018-03-05,
2739,302128,GIG1,2018-05-26,
2740,302129,BUSINESS1G,2020-02-04,
2741,302130,GIG1,2020-06-30,
2742,302131,BUSINESS1G,2018-08-27,
2743,302132,FIBER500,2018-08-01,
2744,302133,BUSINESS500,2025-07-25,
2745,302134,BASIC100,2021-11-29,
2746,302135,BUSINESS500,2020-02-20,2023-02-10
2747,302135,BUSINESS1G,2023-02-11,
2748,302136,BUSINESS500,2023-02-09,
2749,302137,BASIC100,2019-02-02,
2750,302138,FIBER500,2021-08-29,
2751,302139,BUSINESS500,2024-03-27,
2752,302140,BUSINESS500,2020-06-10,
2753,302141,BUSINESS1G,2024-04-17,
2754,302142,GIG1,2025-01-24,
2755,302143,GIG1,2024-05-01,2024-11-26
2756,302143,BUSINESS1G,2024-11-27,
2757,302144,BUSINESS1G,2021-02-20,2023-04-06
2758,302144,BASIC100,2023-04-07,
2759,302145,GIG1,2019-04-23,
2760,302146,FIBER500,2019-09-11,
2761,302147,GIG1,2022-02-16,2022-10-21
2762,302147,BUSINESS500,2022-10-22,
2763,302148,BASIC100,2020-09-28,2023-10-30
2764,302148,BUSINESS500,2023-10-31,
2765,302149,FIBER500,2018-04-08,
2766,302150,GIG1,2024-05-19,
2767,302151,BASIC100,2018-11-22,
2768,302152,BASIC100,2022-01-14,
2769,302153,BUSINESS1G,2025-03-25,
2770,302154,BASIC100,2025-11-08,
2771,302155,BASIC100,2024-06-01,
2772,302156,BUSINESS1G,2024-02-29,
2773,302157,BUSINESS500,2021-11-26,2024-05-22
2774,302157,BUSINESS1G,2024-05-23,
2775,302158,FIBER500,2022-04-13,2025-07-15
2776,302158,BUSINESS1G,2025-07-16,
2777,302159,FIBER500,2023-02-16,
2778,302160,BUSINESS500,2019-06-15,
2779,302161,BASIC100,2023-11-21,
2780,302162,BASIC100,2018-12-24,2022-04-04
2781,302162,GIG1,2022-04-05,
2782,302163,GIG1,2022-07-06,2023-09-19
2783,302163,BUSINESS500,2023-09-20,
2784,302164,BUSINESS500,2024-06-05,
2785,302165,FIBER500,2025-09-20,
2786,302166,BUSINESS1G,2022-02-25,
2787,302167,GIG1,2021-05-20,
2788,302168,FIBER500,2025-01-17,
2789,302169,BUSINESS500,2023-06-17,
2790,302170,BASIC100,2022-01-16,
2791,302171,BASIC100,2019-01-31,2021-09-18
2792,302171,GIG1,2021-09-19,
2793,302172,BASIC100,2025-12-08,
2794,302173,BUSINESS500,2020-06-23,2022-03-27
2795,302173,FIBER500,2022-03-28,
2796,302174,BUSINESS500,2021-10-04,
2797,302175,BASIC100,2020-01-29,
2798,302176,BUSINESS500,2023-10-17,
2799,302177,BUSINESS500,2025-11-25,
2800,302178,BUSINESS500,2023-05-26,2026-01-30
2801,302178,BUSINESS1G,2026-01-31,
2802,302179,GIG1,2021-08-16,
2803,302180,BASIC100,2021-01-01,2023-02-27
2804,302180,FIBER500,2023-02-28,
2805,302181,BUSINESS500,2020-07-25,
2806,302182,GIG1,2022-01-21,2023-07-15
2807,302182,FIBER500,2023-07-16,
2808,302183,FIBER500,2020-03-18,
2809,302184,BASIC100,2024-05-20,
2810,302185,FIBER500,2024-10-06,
2811,302186,FIBER500,2025-11-25,
2812,302187,FIBER500,2024-09-24,2026-02-16
2813,302187,BASIC100,2026-02-17,
2814,302188,BUSINESS500,2023-01-25,
2815,302189,FIBER500,2020-03-04,
2816,302190,BUSINESS1G,2021-10-18,
2817,302191,BUSINESS1G,2025-01-19,
2818,302192,FIBER500,2019-01-26,
2819,302193,BUSINESS1G,2018-09-10,
2820,302194,FIBER500,2024-01-18,
2821,302195,BUSINESS500,2018-03-22,
2822,302196,FIBER500,2020-08-22,2021-12-15
2823,302196,BUSINESS500,2021-12-16,
2824,302197,GIG1,2020-01-05,2022-04-01
2825,302197,BUSINESS1G,2022-04-02,
2826,302198,GIG1,2020-05-27,
2827,302199,BASIC100,2024-10-01,
2828,302200,BUSINESS1G,2024-10-28,2026-04-30
2829,302200,FIBER500,2026-05-01,
2830,302201,BUSINESS1G,2022-06-09,
2831,302202,BUSINESS1G,2020-05-04,2023-04-13
2832,302202,FIBER500,2023-04-14,
2833,302203,FIBER500,2023-07-29,
2834,302204,BASIC100,2025-10-21,
2835,302205,BUSINESS500,2018-09-05,2020-10-08
2836,302205,BASIC100,2020-10-09,
2837,302206,FIBER500,2024-06-18,
2838,302207,BUSINESS500,2022-06-12,
2839,302208,GIG1,2018-04-11,2020-05-12
2840,302208,BASIC100,2020-05-13,
2841,302209,BASIC100,2019-05-26,
2842,302210,GIG1,2022-05-02,
2843,302211,BASIC100,2024-06-01,2026-01-26
2844,302211,GIG1,2026-01-27,
2845,302212,BUSINESS1G,2019-06-06,
2846,302213,BASIC100,2018-07-20,2020-01-10
2847,302213,BUSINESS500,2020-01-11,
2848,302214,BASIC100,2023-02-07,
2849,302215,GIG1,2025-09-11,
2850,302216,BUSINESS1G,2023-07-17,2026-03-13
2851,302216,BASIC100,2026-03-14,
2852,302217,BASIC100,2020-11-16,
2853,302218,FIBER500,2019-10-16,2020-05-27
2854,302218,BASIC100,2020-05-28,
2855,302219,BASIC100,2019-08-10,2020-05-05
2856,302219,BUSINESS500,2020-05-06,
2857,302220,GIG1,2018-12-08,
2858,302221,BASIC100,2022-10-08,2025-03-21
2859,302221,BUSINESS1G,2025-03-22,
2860,302222,FIBER500,2018-05-17,2021-08-21
2861,302222,BUSINESS500,2021-08-22,
2862,302223,BUSINESS1G,2020-08-10,2021-10-30
2863,302223,GIG1,2021-10-31,
2864,302224,FIBER500,2019-10-22,2022-06-15
2865,302224,BUSINESS1G,2022-06-16,
2866,302225,BUSINESS500,2025-04-01,
2867,302226,BASIC100,2024-08-12,
2868,302227,BUSINESS1G,2024-03-11,2025-04-13
2869,302227,BUSINESS500,2025-04-14,
2870,302228,FIBER500,2019-12-11,2022-01-29
2871,302228,BUSINESS500,2022-01-30,
2872,302229,BUSINESS1G,2025-12-08,
2873,302230,BASIC100,2025-02-24,
2874,302231,BUSINESS1G,2025-04-20,
2875,302232,FIBER500,2025-01-06,
2876,302233,FIBER500,2025-04-11,
2877,302234,BUSINESS1G,2019-09-24,
2878,302235,BUSINESS1G,2019-12-25,
2879,302236,FIBER500,2022-03-19,
2880,302237,FIBER500,2023-04-11,
2881,302238,FIBER500,2019-08-25,
2882,302239,FIBER500,2019-11-28,
2883,302240,BUSINESS1G,2022-06-18,2023-05-08
2884,302240,BASIC100,2023-05-09,
2885,302241,BASIC100,2020-07-01,2022-11-03
2886,302241,BUSINESS500,2022-11-04,
2887,302242,GIG1,2020-02-19,2021-10-18
2888,302242,BUSINESS500,2021-10-19,
2889,302243,BUSINESS1G,2019-08-02,2022-07-16
2890,302243,BASIC100,2022-07-17,
2891,302244,BASIC100,2018-02-04,2020-07-20
2892,302244,FIBER500,2020-07-21,
2893,302245,BUSINESS500,2022-03-02,
2894,302246,BUSINESS500,2019-12-03,
2895,302247,GIG1,2025-01-16,
2896,302248,BUSINESS1G,2022-06-07,
2897,302249,BUSINESS1G,2024-10-28,
2898,302250,BUSINESS500,2019-12-01,
2899,302251,BUSINESS500,2019-09-11,
2900,302252,BUSINESS1G,2019-12-23,
2901,302253,GIG1,2025-08-16,
2902,302254,BUSINESS500,2024-05-21,
2903,302255,FIBER500,2023-05-30,
2904,302256,FIBER500,2025-01-07,
2905,302257,GIG1,2025-08-12,
2906,302258,FIBER500,2019-06-25,2022-06-10
2907,302258,BUSINESS1G,2022-06-11,
2908,302259,BASIC100,2019-09-22,
2909,302260,FIBER500,2018-05-28,
2910,302261,BUSINESS1G,2019-12-09,
2911,302262,BASIC100,2021-11-09,2024-04-24
2912,302262,BUSINESS1G,2024-04-25,
2913,302263,GIG1,2025-09-06,
2914,302264,BUSINESS1G,2024-01-27,
2915,302265,FIBER500,2022-08-17,
2916,302266,GIG1,2023-09-29,
2917,302267,GIG1,2024-04-17,
2918,302268,BASIC100,2024-09-15,
2919,302269,FIBER500,2019-12-22,
2920,302270,BUSINESS500,2019-05-21,
2921,302271,BUSINESS500,2024-05-10,2025-03-02
2922,302271,BUSINESS1G,2025-03-03,
2923,302272,GIG1,2023-10-09,2025-03-12
2924,302272,BUSINESS500,2025-03-13,
2925,302273,BUSINESS500,2023-10-25,
2926,302274,BUSINESS500,2025-04-19,
2927,302275,GIG1,2025-03-20,
2928,302276,BUSINESS1G,2024-02-22,2025-12-26
2929,302276,BASIC100,2025-12-27,
2930,302277,FIBER500,2018-02-14,
2931,302278,BASIC100,2024-12-12,2026-01-17
2932,302278,BUSINESS1G,2026-01-18,
2933,302279,GIG1,2019-02-21,
2934,302280,GIG1,2022-06-05,2023-06-20
2935,302280,BASIC100,2023-06-21,
2936,302281,GIG1,2024-06-19,2025-05-18
2937,302281,BUSINESS1G,2025-05-19,
2938,302282,BASIC100,2021-07-06,2024-03-02
2939,302282,FIBER500,2024-03-03,
2940,302283,BUSINESS500,2024-01-11,
2941,302284,FIBER500,2023-05-06,
2942,302285,FIBER500,2024-01-07,
2943,302286,GIG1,2019-11-27,
2944,302287,BUSINESS1G,2022-06-08,2025-07-02
2945,302287,BASIC100,2025-07-03,
2946,302288,FIBER500,2024-10-16,
2947,302289,FIBER500,2026-01-01,
2948,302290,BUSINESS1G,2025-02-23,
2949,302291,BUSINESS500,2020-05-23,2023-01-10
2950,302291,BUSINESS1G,2023-01-11,
2951,302292,GIG1,2024-07-15,
2952,302293,BUSINESS500,2021-06-09,2022-03-26
2953,302293,BASIC100,2022-03-27,
2954,302294,BASIC100,2024-05-26,
2955,302295,BASIC100,2023-09-03,2024-03-17
2956,302295,GIG1,2024-03-18,
2957,302296,FIBER500,2024-08-20,
2958,302297,BUSINESS1G,2020-01-06,
2959,302298,GIG1,2019-09-12,2022-08-24
2960,302298,FIBER500,2022-08-25,
2961,302299,BASIC100,2025-08-18,
2962,302300,BUSINESS500,2021-07-28,
2963,302301,GIG1,2018-10-30,2020-07-06
2964,302301,BUSINESS500,2020-07-07,
2965,302302,BUSINESS500,2022-07-28,2025-10-21
2966,302302,FIBER500,2025-10-22,
2967,302303,BASIC100,2018-04-22,2020-03-23
2968,302303,BUSINESS500,2020-03-24,
2969,302304,BUSINESS1G,2025-12-30,
2970,302305,BUSINESS500,2025-04-05,
2971,302306,BASIC100,2022-02-09,
2972,302307,BUSINESS500,2023-10-19,2025-10-24
2973,302307,FIBER500,2025-10-25,
2974,302308,BUSINESS500,2018-07-12,2020-05-13
2975,302308,BASIC100,2020-05-14,
2976,302309,BUSINESS1G,2021-09-23,
2977,302310,FIBER500,2019-10-05,2021-08-12
2978,302310,BUSINESS1G,2021-08-13,
2979,302311,BUSINESS1G,2025-05-10,
2980,302312,BUSINESS1G,2024-06-23,
2981,302313,BASIC100,2020-07-30,
2982,302314,BUSINESS1G,2020-04-27,
2983,302315,GIG1,2018-07-23,2021-09-12
2984,302315,BUSINESS1G,2021-09-13,
2985,302316,FIBER500,2022-05-28,
2986,302317,GIG1,2023-10-22,2024-10-05
2987,302317,BUSINESS500,2024-10-06,
2988,302318,GIG1,2025-07-07,
2989,302319,GIG1,2021-07-06,
2990,302320,FIBER500,2023-09-17,2026-02-21
2991,302320,BUSINESS500,2026-02-22,
2992,302321,BUSINESS1G,2021-12-27,
2993,302322,GIG1,2023-11-06,
2994,302323,FIBER500,2025-05-24,
2995,302324,BUSINESS1G,2024-06-12,
2996,302325,BUSINESS500,2025-10-07,
2997,302326,BUSINESS1G,2023-08-08,
2998,302327,GIG1,2021-07-09,
2999,302328,BASIC100,2019-06-28,
3000,302329,GIG1,2021-12-15,2022-06-28
3001,302329,BASIC100,2022-06-29,
3002,302330,BUSINESS500,2025-11-17,
3003,302331,GIG1,2023-09-24,
3004,302332,FIBER500,2018-04-05,
3005,302333,GIG1,2019-10-14,
3006,302334,GIG1,2019-06-19,
3007,302335,GIG1,2020-02-12,2022-03-11
3008,302335,FIBER500,2022-03-12,
3009,302336,BASIC100,2021-11-09,
3010,302337,BUSINESS1G,2018-07-21,
3011,302338,BUSINESS1G,2021-04-19,
3012,302339,GIG1,2021-11-05,
3013,302340,BUSINESS500,2022-04-13,
3014,302341,BUSINESS500,2018-03-23,
3015,302342,FIBER500,2020-08-08,2022-12-09
3016,302342,BUSINESS500,2022-12-10,
3017,302343,BASIC100,2024-02-13,
3018,302344,BUSINESS500,2019-02-11,
3019,302345,FIBER500,2024-05-28,
3020,302346,GIG1,2022-08-30,
3021,302347,GIG1,2024-01-16,
3022,302348,BASIC100,2019-12-13,
3023,302349,GIG1,2022-03-19,
3024,302350,BUSINESS500,2019-11-29,
3025,302351,GIG1,2018-04-08,2019-12-11
3026,302351,BUSINESS500,2019-12-12,
3027,302352,GIG1,2019-09-18,2021-04-26
3028,302352,BUSINESS1G,2021-04-27,
3029,302353,FIBER500,2019-06-24,
3030,302354,FIBER500,2025-10-06,
3031,302355,BASIC100,2025-05-13,
3032,302356,GIG1,2024-10-01,
3033,302357,GIG1,2024-12-20,
3034,302358,FIBER500,2024-06-29,
3035,302359,GIG1,2021-11-05,2025-02-05
3036,302359,BUSINESS1G,2025-02-06,
3037,302360,BUSINESS1G,2018-09-21,
3038,302361,FIBER500,2025-08-31,
3039,302362,GIG1,2022-12-21,
3040,302363,BUSINESS500,2024-02-28,
3041,302364,GIG1,2021-12-02,2023-12-06
3042,302364,BUSINESS1G,2023-12-07,
3043,302365,GIG1,2022-09-08,2025-01-31
3044,302365,BUSINESS500,2025-02-01,
3045,302366,FIBER500,2023-12-17,
3046,302367,BASIC100,2024-10-21,
3047,302368,BUSINESS500,2022-12-25,
3048,302369,GIG1,2022-10-21,
3049,302370,BUSINESS1G,2023-10-01,
3050,302371,BUSINESS1G,2020-03-27,2020-10-19
3051,302371,BUSINESS500,2020-10-20,
3052,302372,BASIC100,2019-01-12,2020-06-04
3053,302372,BUSINESS1G,2020-06-05,
3054,302373,GIG1,2019-08-05,2021-07-04
3055,302373,BASIC100,2021-07-05,
3056,302374,BASIC100,2022-01-28,
3057,302375,BASIC100,2021-05-07,
3058,302376,GIG1,2020-06-03,2022-10-19
3059,302376,BUSINESS1G,2022-10-20,
3060,302377,BUSINESS1G,2019-09-27,2021-03-26
3061,302377,FIBER500,2021-03-27,
3062,302378,BASIC100,2022-08-26,2023-02-22
3063,302378,BUSINESS1G,2023-02-23,
3064,302379,GIG1,2020-01-20,2022-05-12
3065,302379,BUSINESS1G,2022-05-13,
3066,302380,GIG1,2018-04-24,
3067,302381,FIBER500,2022-05-02,
3068,302382,BUSINESS500,2023-02-22,
3069,302383,BASIC100,2023-03-09,
3070,302384,BUSINESS1G,2023-04-21,
3071,302385,GIG1,2019-03-25,2021-11-28
3072,302385,FIBER500,2021-11-29,
3073,302386,FIBER500,2024-11-12,
3074,302387,BASIC100,2021-03-18,
3075,302388,BUSINESS500,2021-05-22,2022-06-23
3076,302388,BASIC100,2022-06-24,
3077,302389,BASIC100,2018-12-01,2021-02-07
3078,302389,GIG1,2021-02-08,
3079,302390,BASIC100,2022-07-16,
3080,302391,BUSINESS1G,2022-10-15,
3081,302392,FIBER500,2021-04-04,2022-04-17
3082,302392,GIG1,2022-04-18,
3083,302393,BUSINESS1G,2025-08-24,
3084,302394,BUSINESS1G,2025-05-30,
3085,302395,BUSINESS500,2019-08-18,2022-04-20
3086,302395,BUSINESS1G,2022-04-21,
3087,302396,BUSINESS1G,2025-12-24,
3088,302397,BASIC100,2019-08-28,
3089,302398,BASIC100,2025-12-25,
3090,302399,BUSINESS1G,2021-09-09,
3091,302400,GIG1,2019-10-28,2020-10-17
3092,302400,BASIC100,2020-10-18,
3093,302401,BASIC100,2019-02-26,
3094,302402,BUSINESS500,2025-10-30,
3095,302403,BUSINESS500,2020-02-18,2021-06-12
3096,302403,BUSINESS1G,2021-06-13,
3097,302404,BUSINESS1G,2018-01-10,
3098,302405,BUSINESS500,2019-07-06,2022-07-22
3099,302405,FIBER500,2022-07-23,
3100,302406,FIBER500,2025-05-29,
3101,302407,BUSINESS1G,2019-10-22,2022-01-25
3102,302407,FIBER500,2022-01-26,
3103,302408,BASIC100,2020-10-14,2024-01-06
3104,302408,BUSINESS1G,2024-01-07,
3105,302409,BASIC100,2020-02-11,
3106,302410,BUSINESS500,2024-03-04,
3107,302411,FIBER500,2023-02-20,
3108,302412,GIG1,2018-10-09,
3109,302413,GIG1,2025-06-04,
3110,302414,BASIC100,2020-07-10,2022-03-24
3111,302414,FIBER500,2022-03-25,
3112,302415,BUSINESS1G,2019-08-22,
3113,302416,BUSINESS500,2022-05-10,
3114,302417,GIG1,2024-08-10,
3115,302418,BUSINESS1G,2019-06-18,
3116,302419,BASIC100,2025-09-11,
3117,302420,BASIC100,2020-11-26,2021-08-16
3118,302420,FIBER500,2021-08-17,
3119,302421,GIG1,2023-01-17,
3120,302422,BUSINESS1G,2023-03-12,
3121,302423,GIG1,2025-11-18,
3122,302424,BASIC100,2024-07-14,
3123,302425,BUSINESS500,2020-05-03,2023-01-25
3124,302425,BASIC100,2023-01-26,
3125,302426,BUSINESS500,2025-12-28,
3126,302427,FIBER500,2023-03-08,2025-09-25
3127,302427,GIG1,2025-09-26,
3128,302428,BUSINESS500,2024-06-15,
3129,302429,BUSINESS500,2020-12-12,2021-09-12
3130,302429,GIG1,2021-09-13,
3131,302430,FIBER500,2019-08-25,2021-01-16
3132,302430,BASIC100,2021-01-17,
3133,302431,FIBER500,2025-08-23,
3134,302432,BUSINESS500,2025-12-26,
3135,302433,GIG1,2018-03-28,2019-08-26
3136,302433,BUSINESS500,2019-08-27,
3137,302434,FIBER500,2022-07-13,
3138,302435,BASIC100,2022-09-10,
3139,302436,BUSINESS1G,2019-04-20,
3140,302437,GIG1,2018-11-23,
3141,302438,BASIC100,2024-03-21,
3142,302439,BUSINESS1G,2021-03-08,
3143,302440,BASIC100,2021-05-10,2022-06-22
3144,302440,BUSINESS500,2022-06-23,
3145,302441,BASIC100,2020-07-11,2021-02-10
3146,302441,BUSINESS500,2021-02-11,
3147,302442,BUSINESS500,2021-12-06,
3148,302443,FIBER500,2023-10-20,
3149,302444,GIG1,2020-04-26,
3150,302445,GIG1,2023-09-23,
3151,302446,BASIC100,2024-02-24,2024-11-10
3152,302446,GIG1,2024-11-11,
3153,302447,BASIC100,2023-03-20,
3154,302448,BUSINESS500,2020-12-29,
3155,302449,BUSINESS1G,2020-02-17,2021-05-10
3156,302449,BUSINESS500,2021-05-11,
3157,302450,FIBER500,2023-11-16,2025-09-09
3158,302450,BUSINESS500,2025-09-10,
3159,302451,GIG1,2023-07-24,
3160,302452,BASIC100,2025-08-14,
3161,302453,BASIC100,2023-01-11,
3162,302454,FIBER500,2018-08-25,2020-04-04
3163,302454,BUSINESS1G,2020-04-05,
3164,302455,BUSINESS500,2023-02-13,
3165,302456,BASIC100,2022-09-10,2023-08-11
3166,302456,BUSINESS500,2023-08-12,
3167,302457,GIG1,2025-11-16,
3168,302458,BASIC100,2025-04-10,
3169,302459,BUSINESS1G,2019-10-20,
3170,302460,BUSINESS1G,2023-01-19,
3171,302461,BUSINESS500,2019-05-11,
3172,302462,BUSINESS500,2018-08-08,2020-03-21
3173,302462,GIG1,2020-03-22,
3174,302463,BASIC100,2019-11-13,
3175,302464,GIG1,2024-06-16,
3176,302465,FIBER500,2018-06-07,
3177,302466,BUSINESS1G,2025-04-28,
3178,302467,BUSINESS1G,2018-01-08,
3179,302468,BASIC100,2022-04-25,
3180,302469,GIG1,2022-08-15,2024-11-02
3181,302469,BASIC100,2024-11-03,
3182,302470,BASIC100,2024-10-15,
3183,302471,BASIC100,2024-04-24,
3184,302472,BUSINESS500,2025-12-21,
3185,302473,BUSINESS1G,2024-03-04,
3186,302474,BASIC100,2018-01-07,2020-06-01
3187,302474,BUSINESS1G,2020-06-02,
3188,302475,FIBER500,2024-09-22,
3189,302476,BUSINESS500,2023-06-29,
3190,302477,GIG1,2019-12-14,
3191,302478,BUSINESS1G,2019-06-12,
3192,302479,BASIC100,2021-03-10,
3193,302480,BUSINESS500,2023-05-25,
3194,302481,FIBER500,2021-04-06,
3195,302482,BASIC100,2023-03-20,
3196,302483,BASIC100,2018-07-16,
3197,302484,BUSINESS500,2025-11-28,
3198,302485,BUSINESS1G,2025-05-15,
3199,302486,BUSINESS500,2018-03-02,
3200,302487,BASIC100,2025-09-23,
3201,302488,FIBER500,2020-09-20,
3202,302489,BUSINESS1G,2021-10-25,2022-10-01
3203,302489,BASIC100,2022-10-02,
3204,302490,FIBER500,2019-05-08,
3205,302491,FIBER500,2019-03-13,
3206,302492,BUSINESS500,2020-02-27,
3207,302493,GIG1,2026-01-14,
3208,302494,GIG1,2021-07-25,
3209,302495,FIBER500,2023-12-07,2025-06-08
3210,302495,BUSINESS500,2025-06-09,
3211,302496,BUSINESS1G,2024-06-26,
3212,302497,BUSINESS500,2022-11-17,
3213,302498,BUSINESS1G,2024-11-17,
3214,302499,FIBER500,2018-02-01,
3215,302500,GIG1,2022-04-20,2023-10-06
3216,302500,BASIC100,2023-10-07,
