gps_event_id,vehicle_id,timestamp,latitude,longitude,speed_mph
1,TRK-1039,2026-04-01T00:02:30,36.764324,-81.721752,51.3
2,TRK-1068,2026-04-01T01:02:59,35.335953,-79.29646,37.1
3,TRK-1004,2026-04-01T01:04:10,36.319448,-83.433895,20.2
4,TRK-1072,2026-04-01T02:00:28,33.381445,-78.366895,49.9
5,TRK-1022,2026-04-01T02:35:38,35.082216,-83.961582,77.9
6,TRK-1017,2026-04-01T02:42:10,33.89232,-75.326665,52.7
7,TRK-1003,2026-04-01T02:44:39,36.697268,-76.656954,44.6
8,TRK-1087,2026-04-01T03:03:17,32.111296,-79.198192,36.2
9,TRK-1013,2026-04-01T03:12:16,34.045679,-81.270399,40.8
10,TRK-1060,2026-04-01T03:20:36,33.568387,-78.458179,48.1
11,TRK-1038,2026-04-01T03:20:58,33.919795,-76.386943,41.8
12,TRK-1010,2026-04-01T03:25:44,32.511627,-82.54769,62.0
13,TRK-1089,2026-04-01T03:34:39,33.948818,-79.098637,39.9
14,TRK-1033,2026-04-01T03:57:02,32.005066,-81.600495,62.7
15,TRK-1092,2026-04-01T04:15:49,35.771277,-78.0568,16.4
16,TRK-1028,2026-04-01T04:33:58,32.802852,-75.247271,55.3
17,TRK-1050,2026-04-01T04:52:45,36.05643,-78.506946,27.0
18,TRK-1095,2026-04-01T05:09:59,32.853256,-80.328851,22.4
19,TRK-1067,2026-04-01T05:34:28,35.420977,-84.467369,26.6
20,TRK-1046,2026-04-01T05:54:55,36.708402,-78.793794,41.8
21,TRK-1044,2026-04-01T06:04:52,32.538665,-81.201576,57.6
22,TRK-1066,2026-04-01T06:20:57,34.650003,-78.377132,72.4
23,TRK-1002,2026-04-01T06:26:02,36.770801,-82.107508,60.1
24,TRK-1018,2026-04-01T06:27:15,34.617365,-79.253852,35.0
25,TRK-1089,2026-04-01T06:37:41,36.249522,-77.991928,77.2
26,TRK-1097,2026-04-01T06:45:06,33.306683,-80.202941,50.6
27,TRK-1023,2026-04-01T06:53:19,34.869623,-76.613866,52.5
28,TRK-1029,2026-04-01T07:12:48,34.502283,-82.974351,65.0
29,TRK-1080,2026-04-01T07:20:19,32.93053,-77.876785,42.6
30,TRK-1071,2026-04-01T07:47:23,35.520235,-82.784584,22.4
31,TRK-1009,2026-04-01T07:48:38,32.000925,-79.282171,36.9
32,TRK-1008,2026-04-01T07:53:54,36.083439,-78.007218,23.2
33,TRK-1076,2026-04-01T07:55:27,36.071328,-76.341901,39.1
34,TRK-1034,2026-04-01T08:05:06,32.045121,-79.157442,47.0
35,TRK-1061,2026-04-01T08:25:27,36.391887,-80.539652,56.3
36,TRK-1040,2026-04-01T08:53:13,32.160392,-82.574186,50.8
37,TRK-1014,2026-04-01T09:00:27,35.235717,-77.087487,16.6
38,TRK-1019,2026-04-01T09:07:11,33.4662,-78.953857,48.3
39,TRK-1039,2026-04-01T09:38:11,35.07447,-79.064035,44.5
40,TRK-1023,2026-04-01T09:51:41,33.346021,-81.292228,41.5
41,TRK-1048,2026-04-01T10:06:29,36.820872,-75.790109,48.5
42,TRK-1084,2026-04-01T10:11:48,35.462425,-76.094184,33.7
43,TRK-1043,2026-04-01T10:25:57,35.054321,-78.431187,36.9
44,TRK-1005,2026-04-01T10:26:08,34.517009,-83.349258,56.5
45,TRK-1035,2026-04-01T10:29:37,36.377073,-80.655425,79.6
46,TRK-1073,2026-04-01T10:32:49,36.195908,-76.741029,16.9
47,TRK-1013,2026-04-01T10:33:34,35.080648,-78.204677,36.5
48,TRK-1002,2026-04-01T10:46:35,36.818201,-75.416768,22.3
49,TRK-1091,2026-04-01T10:52:21,32.86771,-80.512839,48.8
50,TRK-1012,2026-04-01T10:54:41,35.222716,-81.773655,42.5
51,TRK-1022,2026-04-01T11:05:07,33.603075,-79.006153,50.7
52,TRK-1007,2026-04-01T11:05:48,35.966469,-81.398433,43.1
53,TRK-1055,2026-04-01T11:15:18,32.366364,-83.183442,53.1
54,TRK-1037,2026-04-01T11:37:29,32.35506,-77.749789,45.4
55,TRK-1047,2026-04-01T11:39:38,34.493957,-75.654726,44.5
56,TRK-1057,2026-04-01T11:45:15,36.557933,-84.403249,14.3
57,TRK-1098,2026-04-01T11:58:54,36.711143,-80.818549,52.2
58,TRK-1072,2026-04-01T12:42:10,36.164711,-81.436703,30.2
59,TRK-1038,2026-04-01T12:45:08,33.170632,-83.929732,56.3
60,TRK-1040,2026-04-01T12:49:56,33.32949,-84.132341,42.9
61,TRK-1053,2026-04-01T12:57:11,32.205036,-75.154931,50.1
62,TRK-1014,2026-04-01T13:02:44,35.278189,-78.237111,60.9
63,TRK-1049,2026-04-01T13:28:36,33.451295,-79.687299,47.2
64,TRK-1008,2026-04-01T13:53:30,33.003227,-82.789192,51.3
65,TRK-1077,2026-04-01T13:57:29,33.028372,-77.518663,45.5
66,TRK-1033,2026-04-01T14:08:34,36.936208,-83.190603,53.0
67,TRK-1093,2026-04-01T14:11:22,32.611896,-84.215526,78.7
68,TRK-1097,2026-04-01T14:40:31,32.299351,-78.090809,52.9
69,TRK-1028,2026-04-01T14:41:51,32.587816,-80.21269,28.9
70,TRK-1087,2026-04-01T14:56:01,32.808077,-80.923258,14.8
71,TRK-1052,2026-04-01T14:57:28,36.008801,-81.645539,28.4
72,TRK-1009,2026-04-01T15:22:03,33.309739,-84.21739,0.0
73,TRK-1036,2026-04-01T15:36:07,32.202697,-82.853241,43.5
74,TRK-1021,2026-04-01T15:51:46,35.750881,-77.724456,7.3
75,TRK-1069,2026-04-01T16:04:59,34.806582,-83.009221,26.1
76,TRK-1064,2026-04-01T16:46:02,34.713324,-80.131095,42.9
77,TRK-1006,2026-04-01T16:52:00,36.699828,-78.645299,36.4
78,TRK-1022,2026-04-01T16:59:41,35.871781,-80.148101,40.2
79,TRK-1028,2026-04-01T17:42:08,35.574529,-80.939686,51.0
80,TRK-1061,2026-04-01T18:01:43,35.195076,-75.687725,49.1
81,TRK-1004,2026-04-01T18:11:25,34.417493,-83.73541,46.9
82,TRK-1041,2026-04-01T18:13:11,35.766074,-76.83912,55.7
83,TRK-1093,2026-04-01T18:29:48,35.0105,-77.438663,46.6
84,TRK-1071,2026-04-01T18:29:51,36.751872,-82.705753,13.3
85,TRK-1033,2026-04-01T18:41:22,32.768068,-76.31385,36.0
86,TRK-1062,2026-04-01T18:46:01,36.892148,-82.938117,32.2
87,TRK-1024,2026-04-01T18:52:56,32.119154,-77.70908,36.5
88,TRK-1094,2026-04-01T18:55:53,32.472094,-78.848301,56.2
89,TRK-1062,2026-04-01T19:35:08,36.258544,-77.986525,58.4
90,TRK-1048,2026-04-01T19:45:11,35.824186,-81.308625,69.9
91,TRK-1013,2026-04-01T19:49:21,33.016758,-76.531843,57.5
92,TRK-1008,2026-04-01T19:53:58,36.104057,-75.48773,63.4
93,TRK-1094,2026-04-01T20:09:40,35.355898,-79.961597,46.3
94,TRK-1027,2026-04-01T20:21:40,33.521804,-77.145667,38.3
95,TRK-1047,2026-04-01T20:37:19,32.990797,-75.044257,56.1
96,TRK-1017,2026-04-01T20:37:57,34.170967,-80.025836,51.4
97,TRK-1028,2026-04-01T20:42:24,33.03589,-77.387185,50.1
98,TRK-1001,2026-04-01T20:45:25,36.908877,-81.315664,37.6
99,TRK-1073,2026-04-01T20:50:02,34.887574,-83.846015,42.5
100,TRK-1019,2026-04-01T21:02:44,32.039432,-77.98949,25.5
101,TRK-1060,2026-04-01T21:16:03,36.763739,-77.621619,41.8
102,TRK-1037,2026-04-01T21:18:23,36.262596,-77.203791,77.4
103,TRK-1019,2026-04-01T21:35:16,32.904697,-76.940493,30.0
104,TRK-1046,2026-04-01T21:42:44,32.094922,-81.932619,59.5
105,TRK-1082,2026-04-01T21:57:19,35.672789,-83.302619,29.1
106,TRK-1065,2026-04-01T22:00:16,34.318097,-80.790782,33.0
107,TRK-1068,2026-04-01T22:32:40,32.121996,-77.300578,17.2
108,TRK-1013,2026-04-01T22:44:25,34.459085,-75.856649,19.5
109,TRK-1036,2026-04-01T22:48:31,34.048452,-79.991063,65.6
110,TRK-1023,2026-04-01T22:50:55,32.098396,-75.04861,56.4
111,TRK-1089,2026-04-01T22:55:28,32.013572,-83.020273,41.3
112,TRK-1085,2026-04-01T23:00:05,32.881666,-80.543315,51.5
113,TRK-1046,2026-04-01T23:42:45,33.312147,-78.568464,23.2
114,TRK-1070,2026-04-01T23:59:44,33.291806,-77.693415,53.0
115,TRK-1006,2026-04-02T00:17:57,33.228471,-80.632011,41.1
116,TRK-1061,2026-04-02T01:03:53,33.179053,-83.26834,16.9
117,TRK-1057,2026-04-02T01:18:16,35.033042,-80.588406,55.4
118,TRK-1058,2026-04-02T01:22:14,34.457511,-80.325764,53.9
119,TRK-1048,2026-04-02T01:23:48,35.421849,-79.679688,46.8
120,TRK-1011,2026-04-02T02:02:43,32.308904,-77.760851,71.8
121,TRK-1095,2026-04-02T02:05:55,34.224558,-80.666384,45.5
122,TRK-1001,2026-04-02T02:12:43,33.009964,-83.117207,37.5
123,TRK-1074,2026-04-02T02:19:39,32.75416,-78.19627,31.6
124,TRK-1060,2026-04-02T02:59:18,32.06797,-83.773725,56.7
125,TRK-1059,2026-04-02T03:00:23,36.373585,-81.554884,7.6
126,TRK-1091,2026-04-02T03:33:46,32.408781,-75.161203,70.8
127,TRK-1093,2026-04-02T03:34:47,32.273193,-79.921263,46.0
128,TRK-1010,2026-04-02T03:50:24,35.764045,-75.000608,39.7
129,TRK-1014,2026-04-02T04:39:51,33.817243,-80.288189,48.7
130,TRK-1089,2026-04-02T04:43:16,34.800706,-81.247915,0.0
131,TRK-1042,2026-04-02T04:43:21,35.063335,-79.030983,34.9
132,TRK-1065,2026-04-02T05:29:06,35.444477,-76.637334,39.8
133,TRK-1048,2026-04-02T05:36:46,34.601979,-80.112134,64.8
134,TRK-1035,2026-04-02T05:49:06,36.241533,-81.939643,54.9
135,TRK-1026,2026-04-02T05:58:38,35.153563,-83.861681,37.2
136,TRK-1041,2026-04-02T06:57:55,34.902319,-77.567482,46.4
137,TRK-1093,2026-04-02T07:34:39,35.346006,-77.612383,64.7
138,TRK-1027,2026-04-02T07:46:37,35.154177,-75.309321,23.4
139,TRK-1041,2026-04-02T07:49:07,36.920779,-76.420889,23.2
140,TRK-1075,2026-04-02T07:51:12,32.468088,-77.343265,70.3
141,TRK-1034,2026-04-02T08:01:58,35.539258,-75.452419,41.9
142,TRK-1062,2026-04-02T08:14:43,34.859424,-75.49172,49.0
143,TRK-1062,2026-04-02T08:26:30,35.16064,-79.190689,40.2
144,TRK-1005,2026-04-02T08:28:07,32.184575,-75.633565,24.8
145,TRK-1094,2026-04-02T08:31:03,33.146631,-79.314827,48.6
146,TRK-1066,2026-04-02T09:10:58,36.373704,-80.702615,65.9
147,TRK-1072,2026-04-02T09:34:58,32.856582,-76.68791,58.9
148,TRK-1038,2026-04-02T10:05:13,33.250556,-84.080771,50.3
149,TRK-1038,2026-04-02T10:51:13,33.782066,-83.60028,63.6
150,TRK-1012,2026-04-02T10:55:33,33.415141,-79.577624,19.2
151,TRK-1025,2026-04-02T11:14:35,36.648881,-79.842259,45.5
152,TRK-1004,2026-04-02T11:35:14,36.436518,-79.216168,27.4
153,TRK-1049,2026-04-02T11:40:27,35.650213,-84.193765,61.2
154,TRK-1056,2026-04-02T11:50:02,33.214888,-80.860851,40.8
155,TRK-1078,2026-04-02T12:24:14,34.836085,-76.733961,38.7
156,TRK-1049,2026-04-02T12:31:18,32.458257,-80.152416,50.1
157,TRK-1053,2026-04-02T12:32:21,35.980098,-79.049221,33.9
158,TRK-1091,2026-04-02T12:37:49,33.12301,-84.314788,46.1
159,TRK-1032,2026-04-02T12:48:21,33.374306,-81.459354,49.4
160,TRK-1017,2026-04-02T13:06:21,35.919593,-77.474834,61.3
161,TRK-1047,2026-04-02T13:12:59,36.947381,-75.895191,34.4
162,TRK-1049,2026-04-02T13:15:18,36.591978,-82.462262,56.0
163,TRK-1028,2026-04-02T13:18:47,35.924675,-80.720291,34.9
164,TRK-1058,2026-04-02T13:42:10,35.756564,-79.194778,49.2
165,TRK-1099,2026-04-02T13:46:05,32.160011,-82.457646,30.4
166,TRK-1036,2026-04-02T13:54:58,34.651451,-77.465085,40.0
167,TRK-1021,2026-04-02T13:59:00,35.365642,-78.206321,71.1
168,TRK-1014,2026-04-02T14:25:38,33.329508,-76.312365,75.6
169,TRK-1063,2026-04-02T14:39:53,36.264127,-76.179712,34.1
170,TRK-1048,2026-04-02T15:17:11,32.117292,-78.991109,80.1
171,TRK-1028,2026-04-02T15:31:20,34.147881,-82.688872,39.0
172,TRK-1072,2026-04-02T16:02:26,33.442407,-78.4226,33.5
173,TRK-1047,2026-04-02T16:13:49,36.266159,-81.42352,43.2
174,TRK-1022,2026-04-02T16:39:08,36.062327,-76.018351,59.7
175,TRK-1092,2026-04-02T16:56:21,36.174581,-84.016901,35.2
176,TRK-1051,2026-04-02T16:56:31,33.169726,-76.013837,46.4
177,TRK-1089,2026-04-02T17:03:49,36.961324,-78.569998,40.9
178,TRK-1020,2026-04-02T17:08:56,36.240855,-78.696001,56.8
179,TRK-1074,2026-04-02T17:33:11,33.968847,-84.35108,84.3
180,TRK-1032,2026-04-02T17:37:52,34.052706,-84.436623,46.7
181,TRK-1044,2026-04-02T18:09:09,35.231128,-82.838131,40.2
182,TRK-1004,2026-04-02T18:24:19,36.035228,-78.525258,61.2
183,TRK-1075,2026-04-02T18:33:45,34.835003,-81.184115,48.9
184,TRK-1073,2026-04-02T18:50:52,33.443817,-82.825443,27.4
185,TRK-1081,2026-04-02T18:54:51,36.324825,-79.967629,62.5
186,TRK-1081,2026-04-02T18:56:22,32.30744,-75.738554,29.7
187,TRK-1097,2026-04-02T19:02:56,35.167845,-76.822581,54.6
188,TRK-1083,2026-04-02T19:05:37,35.918948,-77.5323,51.1
189,TRK-1052,2026-04-02T20:26:28,33.483691,-82.378127,52.0
190,TRK-1006,2026-04-02T20:39:09,33.796471,-76.132794,45.1
191,TRK-1076,2026-04-02T20:42:41,34.959394,-79.903523,47.2
192,TRK-1095,2026-04-02T20:56:03,34.708807,-82.765622,27.9
193,TRK-1056,2026-04-02T21:09:28,34.368592,-77.288413,57.8
194,TRK-1018,2026-04-02T21:20:35,36.043628,-81.456712,21.6
195,TRK-1041,2026-04-02T21:36:42,34.42744,-79.978362,61.1
196,TRK-1052,2026-04-02T22:02:55,33.254557,-79.995991,56.4
197,TRK-1063,2026-04-02T22:23:26,36.653318,-78.873478,61.0
198,TRK-1065,2026-04-02T22:29:35,32.143734,-84.053943,58.6
199,TRK-1007,2026-04-02T22:42:56,36.022008,-75.374148,50.6
200,TRK-1088,2026-04-02T22:53:24,32.953079,-78.508546,43.1
201,TRK-1097,2026-04-02T23:16:19,35.410827,-81.541419,29.3
202,TRK-1076,2026-04-02T23:24:08,33.896475,-82.123629,45.3
203,TRK-1096,2026-04-02T23:28:09,35.310986,-81.646005,44.0
204,TRK-1048,2026-04-02T23:28:55,32.806786,-79.253948,60.2
205,TRK-1021,2026-04-02T23:45:43,32.06596,-78.663789,26.3
206,TRK-1086,2026-04-02T23:48:58,34.153755,-76.417947,82.1
207,TRK-1032,2026-04-03T00:09:30,33.697613,-79.807166,11.6
208,TRK-1015,2026-04-03T00:14:53,32.527116,-80.55894,34.9
209,TRK-1094,2026-04-03T00:29:39,32.613421,-78.488643,46.5
210,TRK-1019,2026-04-03T00:40:31,32.51641,-76.864693,27.5
211,TRK-1033,2026-04-03T00:49:41,35.088575,-81.022461,55.2
212,TRK-1010,2026-04-03T00:54:36,32.650753,-80.940054,27.6
213,TRK-1008,2026-04-03T00:58:58,36.683345,-83.61557,53.8
214,TRK-1047,2026-04-03T01:01:29,32.509814,-76.071883,31.4
215,TRK-1056,2026-04-03T01:11:50,34.798373,-80.130811,43.7
216,TRK-1022,2026-04-03T01:18:20,36.995951,-78.038818,60.3
217,TRK-1075,2026-04-03T01:28:58,34.869124,-84.273626,74.0
218,TRK-1076,2026-04-03T01:43:54,34.045703,-84.487038,51.2
219,TRK-1085,2026-04-03T02:00:11,33.25544,-77.297304,17.4
220,TRK-1040,2026-04-03T02:28:45,32.046184,-78.901029,41.7
221,TRK-1066,2026-04-03T03:19:23,36.095352,-78.9369,29.8
222,TRK-1014,2026-04-03T03:31:02,34.554094,-76.014176,38.6
223,TRK-1035,2026-04-03T03:35:05,36.33936,-77.940668,40.7
224,TRK-1061,2026-04-03T03:56:47,36.149155,-82.674205,51.3
225,TRK-1070,2026-04-03T04:03:20,32.067289,-81.863253,47.3
226,TRK-1005,2026-04-03T04:21:10,35.808086,-77.753671,61.3
227,TRK-1009,2026-04-03T04:42:22,34.714594,-75.056828,54.5
228,TRK-1049,2026-04-03T06:03:04,33.362018,-77.399837,43.9
229,TRK-1069,2026-04-03T06:10:32,34.24745,-77.276167,63.0
230,TRK-1090,2026-04-03T06:13:35,36.462278,-83.128546,55.5
231,TRK-1006,2026-04-03T06:22:48,32.253458,-83.164112,17.2
232,TRK-1062,2026-04-03T06:34:09,36.325104,-78.791682,35.6
233,TRK-1030,2026-04-03T06:43:07,36.971923,-77.793832,43.9
234,TRK-1030,2026-04-03T06:50:36,35.8075,-84.406254,4.2
235,TRK-1076,2026-04-03T07:11:36,36.278032,-78.246444,19.7
236,TRK-1057,2026-04-03T07:42:46,33.957135,-80.205014,33.3
237,TRK-1035,2026-04-03T07:58:31,33.567275,-75.180265,23.1
238,TRK-1084,2026-04-03T08:00:07,34.32388,-82.643946,28.3
239,TRK-1028,2026-04-03T08:02:14,35.904787,-81.213398,18.8
240,TRK-1025,2026-04-03T08:06:42,34.41093,-80.743957,25.0
241,TRK-1037,2026-04-03T08:09:08,32.374573,-81.908822,61.4
242,TRK-1079,2026-04-03T08:09:47,36.591942,-83.976976,25.4
243,TRK-1029,2026-04-03T08:36:35,32.674742,-83.613767,56.3
244,TRK-1047,2026-04-03T08:40:51,34.813304,-75.026645,66.6
245,TRK-1056,2026-04-03T08:45:00,35.369383,-75.899868,30.7
246,TRK-1026,2026-04-03T08:45:10,36.542287,-81.603639,44.9
247,TRK-1025,2026-04-03T08:53:00,36.120617,-77.868359,59.4
248,TRK-1090,2026-04-03T09:28:46,35.4921,-78.979169,41.6
249,TRK-1011,2026-04-03T09:44:21,36.166369,-77.642115,24.9
250,TRK-1008,2026-04-03T10:29:23,34.246009,-77.763335,40.8
251,TRK-1063,2026-04-03T10:55:04,33.454538,-83.551841,29.6
252,TRK-1056,2026-04-03T11:07:51,35.70114,-78.943296,31.8
253,TRK-1069,2026-04-03T11:23:28,34.200911,-83.221973,24.4
254,TRK-1017,2026-04-03T11:34:52,32.491613,-77.857061,26.7
255,TRK-1059,2026-04-03T11:42:45,34.000277,-76.016448,39.1
256,TRK-1001,2026-04-03T11:45:48,35.879998,-79.991988,43.1
257,TRK-1001,2026-04-03T11:49:57,32.342631,-83.815172,21.6
258,TRK-1025,2026-04-03T12:25:15,35.902616,-80.221948,46.1
259,TRK-1041,2026-04-03T12:32:41,34.958701,-83.831471,50.1
260,TRK-1077,2026-04-03T12:33:32,34.216494,-82.488785,57.6
261,TRK-1001,2026-04-03T12:41:21,34.287896,-79.253345,18.0
262,TRK-1068,2026-04-03T12:44:17,33.568241,-75.961314,49.7
263,TRK-1076,2026-04-03T12:49:03,33.53364,-76.468856,46.3
264,TRK-1072,2026-04-03T13:08:34,34.871429,-81.511935,39.1
265,TRK-1019,2026-04-03T13:11:25,34.098163,-77.159404,49.1
266,TRK-1033,2026-04-03T13:12:52,32.392367,-82.191063,37.6
267,TRK-1031,2026-04-03T13:46:47,32.342105,-82.180563,13.9
268,TRK-1008,2026-04-03T15:01:41,33.931302,-80.739212,65.9
269,TRK-1059,2026-04-03T15:16:24,32.810042,-79.915654,71.0
270,TRK-1053,2026-04-03T15:25:31,35.584114,-83.235304,33.1
271,TRK-1046,2026-04-03T15:28:17,36.209466,-81.846238,40.5
272,TRK-1005,2026-04-03T16:05:47,35.147857,-81.980977,45.8
273,TRK-1029,2026-04-03T16:22:21,35.065175,-83.389204,32.9
274,TRK-1000,2026-04-03T16:26:00,34.595778,-82.334668,45.3
275,TRK-1083,2026-04-03T16:37:31,34.643125,-83.257161,53.6
276,TRK-1045,2026-04-03T16:48:20,33.024872,-77.114124,4.5
277,TRK-1007,2026-04-03T16:49:25,34.403629,-76.932006,64.1
278,TRK-1094,2026-04-03T17:19:05,34.4327,-83.202987,54.6
279,TRK-1018,2026-04-03T17:20:45,34.4575,-79.794233,31.7
280,TRK-1086,2026-04-03T17:26:57,32.426668,-83.602874,63.5
281,TRK-1096,2026-04-03T18:05:02,33.176501,-82.455738,49.5
282,TRK-1003,2026-04-03T18:27:38,35.092808,-84.35859,29.1
283,TRK-1023,2026-04-03T18:35:55,36.252369,-76.683665,47.0
284,TRK-1037,2026-04-03T18:43:43,36.591124,-80.565425,42.1
285,TRK-1004,2026-04-03T18:48:28,33.547885,-82.281536,39.3
286,TRK-1057,2026-04-03T18:50:09,33.404528,-79.869761,48.8
287,TRK-1014,2026-04-03T18:58:14,34.094324,-75.778552,40.4
288,TRK-1065,2026-04-03T19:15:17,34.340623,-83.363627,10.4
289,TRK-1098,2026-04-03T19:42:04,34.411976,-76.37457,31.8
290,TRK-1055,2026-04-03T20:01:53,32.431603,-82.558736,51.7
291,TRK-1022,2026-04-03T20:15:55,36.397564,-75.557626,41.3
292,TRK-1004,2026-04-03T20:27:02,33.328589,-77.559642,48.5
293,TRK-1019,2026-04-03T20:42:38,36.114787,-75.716987,48.5
294,TRK-1049,2026-04-03T20:53:40,33.854121,-81.948138,9.2
295,TRK-1051,2026-04-03T20:56:07,36.05378,-75.183852,60.3
296,TRK-1012,2026-04-03T21:17:41,36.75786,-78.874135,18.8
297,TRK-1094,2026-04-03T21:20:18,35.261424,-81.916079,44.7
298,TRK-1018,2026-04-03T21:31:19,33.669859,-84.366653,37.7
299,TRK-1038,2026-04-03T21:37:01,35.283205,-78.399731,64.4
300,TRK-1013,2026-04-03T21:39:36,34.779002,-75.071103,37.2
301,TRK-1097,2026-04-03T22:16:20,36.392128,-76.977386,40.9
302,TRK-1021,2026-04-03T22:20:42,33.571183,-75.618124,31.9
303,TRK-1086,2026-04-03T22:37:31,32.100787,-80.989837,47.3
304,TRK-1046,2026-04-03T23:05:42,32.217706,-77.809706,36.7
305,TRK-1080,2026-04-03T23:47:27,36.035128,-75.327205,26.5
306,TRK-1094,2026-04-03T23:50:55,35.752502,-79.185288,33.6
307,TRK-1081,2026-04-04T00:22:05,33.559988,-83.016556,43.2
308,TRK-1019,2026-04-04T00:23:52,32.330877,-83.655319,47.7
309,TRK-1069,2026-04-04T00:42:28,32.902234,-78.999901,17.7
310,TRK-1032,2026-04-04T00:58:33,36.712135,-77.94667,31.0
311,TRK-1027,2026-04-04T01:04:59,32.23854,-79.947614,45.1
312,TRK-1010,2026-04-04T01:45:31,33.768097,-78.900522,28.7
313,TRK-1097,2026-04-04T01:47:46,36.69233,-79.550407,27.6
314,TRK-1049,2026-04-04T01:59:35,34.801681,-78.314578,54.3
315,TRK-1088,2026-04-04T02:03:43,35.300394,-77.339234,72.4
316,TRK-1045,2026-04-04T02:05:29,35.37404,-78.727489,43.2
317,TRK-1083,2026-04-04T02:10:57,34.643537,-78.332924,66.0
318,TRK-1068,2026-04-04T02:45:39,33.807669,-80.996604,34.6
319,TRK-1084,2026-04-04T02:53:19,34.994113,-80.964826,67.3
320,TRK-1017,2026-04-04T02:55:40,35.520342,-78.540854,45.8
321,TRK-1053,2026-04-04T02:59:39,34.259202,-77.399016,54.0
322,TRK-1082,2026-04-04T03:00:55,35.900595,-75.160931,58.0
323,TRK-1061,2026-04-04T03:13:33,35.509449,-84.106039,11.6
324,TRK-1029,2026-04-04T03:18:41,34.144709,-84.134992,43.0
325,TRK-1054,2026-04-04T03:29:12,33.124134,-80.114616,0.0
326,TRK-1039,2026-04-04T03:34:07,35.911721,-82.244775,46.9
327,TRK-1012,2026-04-04T03:40:13,34.274522,-84.310852,68.1
328,TRK-1012,2026-04-04T04:01:17,36.44363,-77.957653,54.6
329,TRK-1083,2026-04-04T04:01:26,36.36328,-79.382973,43.6
330,TRK-1059,2026-04-04T05:28:41,34.809338,-75.954873,43.1
331,TRK-1072,2026-04-04T05:30:13,36.441976,-78.393492,15.2
332,TRK-1009,2026-04-04T05:35:41,35.372055,-80.28002,65.6
333,TRK-1075,2026-04-04T05:37:18,32.444193,-84.482223,30.5
334,TRK-1065,2026-04-04T05:39:14,36.6329,-78.969152,33.9
335,TRK-1023,2026-04-04T06:15:27,33.07808,-79.480966,20.8
336,TRK-1068,2026-04-04T06:32:54,32.2151,-78.645249,39.4
337,TRK-1027,2026-04-04T06:56:40,36.609669,-76.486088,73.0
338,TRK-1014,2026-04-04T07:24:09,32.723505,-77.066189,53.8
339,TRK-1031,2026-04-04T07:59:57,35.621736,-83.869671,38.3
340,TRK-1093,2026-04-04T08:01:47,36.504319,-78.439026,40.8
341,TRK-1054,2026-04-04T08:22:34,35.150679,-79.18574,34.2
342,TRK-1044,2026-04-04T08:23:29,35.004366,-75.794595,52.4
343,TRK-1055,2026-04-04T08:24:14,32.989641,-77.285148,75.7
344,TRK-1030,2026-04-04T08:26:26,35.631889,-78.842408,34.8
345,TRK-1078,2026-04-04T08:29:42,33.678545,-81.324808,34.8
346,TRK-1001,2026-04-04T08:34:08,35.486245,-79.37936,76.9
347,TRK-1070,2026-04-04T08:38:14,32.926633,-76.101864,49.2
348,TRK-1018,2026-04-04T08:53:58,33.372543,-76.10603,53.5
349,TRK-1093,2026-04-04T09:12:28,33.378031,-76.575934,25.2
350,TRK-1071,2026-04-04T09:29:25,36.500076,-76.312769,61.4
351,TRK-1043,2026-04-04T09:33:20,33.500824,-79.884243,54.0
352,TRK-1023,2026-04-04T09:48:47,35.37072,-77.307508,46.9
353,TRK-1062,2026-04-04T10:42:44,35.076604,-83.349293,64.3
354,TRK-1004,2026-04-04T10:59:51,32.848013,-80.139113,45.3
355,TRK-1017,2026-04-04T11:02:20,34.059948,-77.402027,54.4
356,TRK-1097,2026-04-04T11:02:45,33.660765,-78.102361,32.6
357,TRK-1000,2026-04-04T11:03:26,36.38415,-81.255323,38.0
358,TRK-1035,2026-04-04T11:06:12,33.321113,-84.371447,66.3
359,TRK-1050,2026-04-04T11:16:14,32.224785,-78.6958,41.4
360,TRK-1065,2026-04-04T11:37:54,34.95697,-82.196347,63.9
361,TRK-1051,2026-04-04T11:57:55,32.329909,-79.485765,56.7
362,TRK-1080,2026-04-04T12:07:15,35.280809,-81.005859,47.0
363,TRK-1056,2026-04-04T12:09:11,35.844251,-81.177321,70.6
364,TRK-1014,2026-04-04T12:17:35,33.802778,-83.588671,42.6
365,TRK-1088,2026-04-04T12:17:52,35.857216,-81.250102,56.9
366,TRK-1045,2026-04-04T12:37:35,34.418384,-83.56605,53.2
367,TRK-1031,2026-04-04T12:48:55,35.399891,-79.232661,34.4
368,TRK-1028,2026-04-04T12:49:52,33.551897,-75.305073,54.0
369,TRK-1057,2026-04-04T13:03:01,36.413203,-77.720355,42.7
370,TRK-1037,2026-04-04T13:36:16,36.307853,-78.126392,29.4
371,TRK-1046,2026-04-04T13:38:32,35.814115,-78.940287,62.1
372,TRK-1019,2026-04-04T14:02:48,34.265514,-75.692366,52.4
373,TRK-1040,2026-04-04T14:25:13,32.44424,-79.758097,63.0
374,TRK-1062,2026-04-04T14:26:37,33.378653,-79.229725,23.6
375,TRK-1002,2026-04-04T14:33:21,34.492774,-78.135054,30.5
376,TRK-1004,2026-04-04T14:40:58,32.077894,-82.773458,42.5
377,TRK-1095,2026-04-04T15:05:13,33.983621,-77.329059,37.1
378,TRK-1003,2026-04-04T15:07:04,34.911663,-78.155007,68.5
379,TRK-1057,2026-04-04T15:08:41,35.35599,-80.897965,70.2
380,TRK-1068,2026-04-04T15:08:45,33.113413,-83.859978,55.4
381,TRK-1064,2026-04-04T15:12:57,32.665336,-76.101082,36.9
382,TRK-1091,2026-04-04T15:22:12,33.965988,-75.626359,72.4
383,TRK-1028,2026-04-04T15:25:01,35.433746,-81.374949,19.6
384,TRK-1019,2026-04-04T15:27:49,33.063444,-78.415381,35.0
385,TRK-1081,2026-04-04T15:42:33,36.061538,-83.893969,75.2
386,TRK-1021,2026-04-04T15:52:10,35.516691,-81.69225,53.3
387,TRK-1031,2026-04-04T15:59:16,33.112404,-78.830826,34.1
388,TRK-1047,2026-04-04T15:59:52,32.937899,-84.107141,38.2
389,TRK-1046,2026-04-04T16:00:57,33.862656,-75.391075,34.7
390,TRK-1062,2026-04-04T16:07:25,32.724957,-78.519685,56.1
391,TRK-1015,2026-04-04T16:12:32,35.596933,-82.506228,54.0
392,TRK-1072,2026-04-04T16:31:49,33.85962,-83.585281,47.4
393,TRK-1059,2026-04-04T16:39:41,36.841301,-78.043549,30.5
394,TRK-1085,2026-04-04T16:43:10,35.881833,-81.040899,30.8
395,TRK-1021,2026-04-04T16:45:19,36.077063,-78.874261,39.4
396,TRK-1071,2026-04-04T17:06:33,35.133578,-82.450874,27.2
397,TRK-1022,2026-04-04T17:24:53,34.878934,-77.312627,24.0
398,TRK-1055,2026-04-04T17:32:06,35.185871,-80.061556,30.3
399,TRK-1065,2026-04-04T17:41:21,34.070319,-80.41548,44.0
400,TRK-1073,2026-04-04T18:07:50,33.465597,-75.402714,49.9
401,TRK-1066,2026-04-04T18:10:28,36.032756,-78.722762,65.3
402,TRK-1087,2026-04-04T18:33:54,33.995397,-76.014119,57.9
403,TRK-1062,2026-04-04T18:43:26,35.523495,-75.555305,57.1
404,TRK-1052,2026-04-04T19:08:00,33.221501,-76.106999,25.1
405,TRK-1031,2026-04-04T19:14:43,32.855768,-75.115283,29.3
406,TRK-1044,2026-04-04T19:48:49,35.593265,-79.546388,45.9
407,TRK-1078,2026-04-04T20:04:58,32.577268,-76.439,19.9
408,TRK-1062,2026-04-04T20:22:19,35.656698,-76.076345,57.8
409,TRK-1080,2026-04-04T20:45:17,33.696423,-79.347532,64.2
410,TRK-1026,2026-04-04T21:04:56,36.459925,-84.14389,33.1
411,TRK-1073,2026-04-04T21:25:31,33.486537,-79.673091,16.5
412,TRK-1070,2026-04-04T21:25:55,34.321678,-77.947638,78.8
413,TRK-1028,2026-04-04T21:29:21,34.634977,-83.284298,51.8
414,TRK-1092,2026-04-04T21:44:22,34.069762,-81.289993,42.6
415,TRK-1099,2026-04-04T21:59:52,34.54893,-78.310857,46.6
416,TRK-1070,2026-04-04T22:06:35,36.682655,-77.257888,47.5
417,TRK-1026,2026-04-04T22:11:38,32.440282,-79.085635,1.2
418,TRK-1016,2026-04-04T22:22:37,32.42621,-80.705573,17.7
419,TRK-1006,2026-04-04T22:38:32,33.36064,-81.002835,32.2
420,TRK-1032,2026-04-04T22:49:04,33.119954,-81.237364,48.4
421,TRK-1000,2026-04-04T22:51:50,35.344981,-77.380116,65.6
422,TRK-1049,2026-04-04T23:03:06,32.699767,-77.966441,43.8
423,TRK-1092,2026-04-04T23:20:50,33.291909,-80.0609,45.2
424,TRK-1002,2026-04-04T23:27:18,36.128626,-84.061668,43.1
425,TRK-1071,2026-04-04T23:47:38,32.5802,-77.798512,66.7
426,TRK-1066,2026-04-04T23:54:20,34.505549,-77.904162,37.3
427,TRK-1021,2026-04-05T00:04:21,34.712027,-81.936445,33.6
428,TRK-1025,2026-04-05T00:22:04,35.473155,-78.41565,59.1
429,TRK-1079,2026-04-05T00:22:30,34.320638,-75.967716,63.7
430,TRK-1083,2026-04-05T00:25:00,32.393338,-81.487274,71.9
431,TRK-1036,2026-04-05T00:33:49,33.937995,-76.701303,42.3
432,TRK-1028,2026-04-05T00:45:41,35.359815,-81.020112,50.3
433,TRK-1032,2026-04-05T00:50:22,33.379054,-77.120816,82.9
434,TRK-1037,2026-04-05T00:50:39,33.996633,-80.946914,35.4
435,TRK-1071,2026-04-05T01:05:06,32.666936,-83.103755,27.8
436,TRK-1060,2026-04-05T01:06:19,35.619036,-77.4591,28.4
437,TRK-1015,2026-04-05T01:40:04,33.090507,-76.210766,44.8
438,TRK-1019,2026-04-05T01:54:04,34.24394,-77.822298,26.3
439,TRK-1083,2026-04-05T01:55:05,32.410946,-84.375726,48.8
440,TRK-1092,2026-04-05T01:59:50,32.838006,-77.653934,40.2
441,TRK-1053,2026-04-05T02:28:39,33.454136,-78.051504,40.5
442,TRK-1080,2026-04-05T02:37:21,32.635966,-81.938709,69.6
443,TRK-1097,2026-04-05T03:17:27,33.791477,-82.676635,56.4
444,TRK-1006,2026-04-05T03:36:28,32.644021,-79.488219,28.1
445,TRK-1014,2026-04-05T03:47:10,33.774036,-78.241212,45.7
446,TRK-1064,2026-04-05T03:54:17,34.106404,-77.193031,63.6
447,TRK-1086,2026-04-05T04:05:26,32.746442,-77.372673,25.8
448,TRK-1055,2026-04-05T04:05:38,35.186804,-78.271634,33.0
449,TRK-1058,2026-04-05T04:37:13,34.554293,-77.334403,30.2
450,TRK-1003,2026-04-05T04:48:21,34.755683,-77.994875,33.4
451,TRK-1001,2026-04-05T04:54:24,33.530244,-83.913323,41.9
452,TRK-1099,2026-04-05T04:56:40,34.957834,-77.404186,32.1
453,TRK-1098,2026-04-05T05:14:48,33.257139,-79.196506,12.9
454,TRK-1028,2026-04-05T05:17:05,36.560061,-79.823194,47.4
455,TRK-1013,2026-04-05T05:18:23,35.18666,-79.541398,17.6
456,TRK-1079,2026-04-05T05:39:26,32.259366,-82.107537,67.5
457,TRK-1008,2026-04-05T05:41:13,32.752972,-77.439018,9.9
458,TRK-1009,2026-04-05T06:06:49,34.819778,-83.873472,69.9
459,TRK-1093,2026-04-05T06:08:41,33.035575,-79.796686,74.9
460,TRK-1071,2026-04-05T06:24:23,36.578698,-79.069792,32.8
461,TRK-1065,2026-04-05T06:24:59,35.937814,-79.096374,8.5
462,TRK-1003,2026-04-05T06:42:56,34.134865,-83.943182,42.9
463,TRK-1076,2026-04-05T06:54:28,32.690462,-79.698885,40.3
464,TRK-1073,2026-04-05T07:02:43,35.962657,-84.430147,43.9
465,TRK-1001,2026-04-05T07:23:55,34.353756,-84.141068,37.7
466,TRK-1049,2026-04-05T07:28:17,35.124531,-77.574788,24.1
467,TRK-1068,2026-04-05T07:40:57,35.419034,-75.304005,29.5
468,TRK-1008,2026-04-05T07:50:55,36.877735,-81.465685,12.7
469,TRK-1042,2026-04-05T07:55:03,35.864519,-77.292689,37.4
470,TRK-1093,2026-04-05T07:55:37,34.339815,-82.212549,44.3
471,TRK-1048,2026-04-05T08:01:04,34.154897,-80.398811,29.4
472,TRK-1019,2026-04-05T08:05:05,32.924554,-80.564895,50.2
473,TRK-1069,2026-04-05T08:35:20,34.981621,-81.065671,60.6
474,TRK-1021,2026-04-05T08:41:11,35.395531,-78.38044,38.8
475,TRK-1089,2026-04-05T08:53:14,35.204305,-75.106752,70.9
476,TRK-1011,2026-04-05T09:17:20,32.686173,-77.386556,17.3
477,TRK-1074,2026-04-05T09:35:47,36.990941,-76.386665,54.8
478,TRK-1051,2026-04-05T09:44:01,35.927871,-84.241125,41.2
479,TRK-1050,2026-04-05T09:45:39,33.086337,-82.897307,43.4
480,TRK-1035,2026-04-05T09:57:01,34.814727,-75.733805,27.0
481,TRK-1098,2026-04-05T10:04:37,35.519383,-76.689755,38.2
482,TRK-1022,2026-04-05T10:11:13,33.693921,-81.748885,24.2
483,TRK-1087,2026-04-05T10:19:41,36.226698,-84.019931,67.3
484,TRK-1058,2026-04-05T10:25:29,32.747395,-84.452249,23.0
485,TRK-1065,2026-04-05T10:36:03,34.983646,-80.753395,54.4
486,TRK-1007,2026-04-05T10:45:05,35.198805,-79.558612,79.6
487,TRK-1059,2026-04-05T11:02:19,35.762716,-76.743473,37.7
488,TRK-1080,2026-04-05T11:36:27,35.990645,-81.440178,34.3
489,TRK-1018,2026-04-05T11:36:30,33.285478,-82.869777,45.1
490,TRK-1031,2026-04-05T11:37:26,32.772245,-75.40916,46.3
491,TRK-1021,2026-04-05T11:54:40,36.391242,-80.803876,40.1
492,TRK-1002,2026-04-05T12:49:24,36.981992,-84.436131,37.5
493,TRK-1034,2026-04-05T13:04:53,33.795268,-75.272199,33.6
494,TRK-1004,2026-04-05T13:29:16,32.094437,-83.024069,53.1
495,TRK-1021,2026-04-05T13:32:44,34.636038,-83.318573,39.9
496,TRK-1022,2026-04-05T13:37:13,36.567305,-77.627714,49.5
497,TRK-1076,2026-04-05T13:41:09,32.66657,-79.867189,37.2
498,TRK-1099,2026-04-05T13:52:36,32.065869,-76.177526,35.2
499,TRK-1064,2026-04-05T13:57:01,33.483381,-75.918299,58.1
500,TRK-1076,2026-04-05T14:09:07,35.394362,-78.979491,58.1
501,TRK-1051,2026-04-05T14:12:28,34.947509,-77.996116,12.2
502,TRK-1054,2026-04-05T14:33:50,34.383613,-75.402066,63.8
503,TRK-1038,2026-04-05T14:52:04,35.151098,-77.369213,39.8
504,TRK-1033,2026-04-05T14:53:52,33.860557,-82.434387,53.9
505,TRK-1047,2026-04-05T15:01:42,34.906819,-84.388075,34.9
506,TRK-1024,2026-04-05T15:28:39,35.102822,-82.453499,45.6
507,TRK-1029,2026-04-05T16:01:43,32.669139,-76.636756,62.6
508,TRK-1031,2026-04-05T16:18:06,35.922788,-75.956604,3.0
509,TRK-1010,2026-04-05T17:12:39,36.57602,-80.263279,48.9
510,TRK-1003,2026-04-05T17:16:29,36.338654,-82.604536,14.4
511,TRK-1041,2026-04-05T17:45:32,33.29179,-77.983435,21.6
512,TRK-1008,2026-04-05T18:08:20,36.011736,-80.30804,65.1
513,TRK-1069,2026-04-05T18:09:58,35.553068,-79.105652,36.1
514,TRK-1026,2026-04-05T18:16:44,36.290685,-78.859023,12.9
515,TRK-1049,2026-04-05T18:18:57,34.558749,-79.255189,41.5
516,TRK-1032,2026-04-05T18:19:45,34.255982,-81.394967,46.3
517,TRK-1089,2026-04-05T18:31:59,32.144993,-75.450137,6.1
518,TRK-1096,2026-04-05T19:06:50,32.614139,-75.665609,42.0
519,TRK-1018,2026-04-05T19:25:18,32.148543,-83.080686,61.4
520,TRK-1097,2026-04-05T19:26:27,36.358334,-77.481203,70.7
521,TRK-1052,2026-04-05T19:47:59,35.891915,-76.949209,54.7
522,TRK-1084,2026-04-05T19:51:33,35.722134,-78.872449,61.7
523,TRK-1022,2026-04-05T19:57:09,36.41949,-81.945377,45.4
524,TRK-1033,2026-04-05T20:04:24,34.329806,-80.62235,48.1
525,TRK-1021,2026-04-05T20:26:57,32.831828,-80.758616,47.7
526,TRK-1029,2026-04-05T20:51:35,34.414882,-78.236046,56.6
527,TRK-1096,2026-04-05T20:52:25,34.943011,-82.015263,33.8
528,TRK-1040,2026-04-05T20:57:19,34.517973,-81.032816,43.8
529,TRK-1032,2026-04-05T21:17:23,33.294423,-78.64344,36.7
530,TRK-1000,2026-04-05T21:26:41,32.961248,-84.138512,55.1
531,TRK-1079,2026-04-05T21:35:24,33.790351,-76.259562,23.0
532,TRK-1026,2026-04-05T21:35:54,34.691984,-79.7591,50.9
533,TRK-1058,2026-04-05T21:53:40,32.016866,-78.939684,76.5
534,TRK-1029,2026-04-05T21:54:07,35.90161,-79.913437,29.5
535,TRK-1062,2026-04-05T22:20:35,33.972734,-79.497588,51.5
536,TRK-1034,2026-04-05T22:21:07,35.864142,-81.936176,41.0
537,TRK-1019,2026-04-05T22:21:11,36.869611,-79.041549,55.4
538,TRK-1063,2026-04-05T22:47:16,34.200782,-80.108395,37.1
539,TRK-1059,2026-04-05T23:02:30,34.392632,-77.884918,45.2
540,TRK-1083,2026-04-05T23:12:46,35.550551,-82.448884,68.7
541,TRK-1099,2026-04-05T23:16:03,33.936458,-83.896327,33.7
542,TRK-1078,2026-04-06T00:02:36,34.405399,-83.397476,79.9
543,TRK-1017,2026-04-06T00:16:04,33.628895,-77.327732,65.0
544,TRK-1067,2026-04-06T00:21:56,35.72649,-82.952856,20.2
545,TRK-1028,2026-04-06T00:23:20,33.301128,-84.461067,61.7
546,TRK-1022,2026-04-06T00:32:04,32.40978,-82.367725,63.5
547,TRK-1066,2026-04-06T00:44:28,34.009257,-82.599201,23.3
548,TRK-1031,2026-04-06T00:56:42,33.728657,-82.309405,30.3
549,TRK-1009,2026-04-06T01:07:05,35.752638,-75.908116,61.8
550,TRK-1046,2026-04-06T01:07:58,34.564179,-82.656973,50.1
551,TRK-1054,2026-04-06T01:09:37,33.229187,-78.885505,35.3
552,TRK-1027,2026-04-06T01:28:31,35.308853,-83.326658,59.6
553,TRK-1074,2026-04-06T01:33:23,36.069446,-79.426304,61.2
554,TRK-1023,2026-04-06T01:48:24,33.633693,-83.683611,44.4
555,TRK-1056,2026-04-06T01:54:56,34.121099,-82.278316,72.5
556,TRK-1013,2026-04-06T02:59:12,34.182786,-83.768165,36.9
557,TRK-1023,2026-04-06T03:18:28,32.958933,-77.866867,70.5
558,TRK-1082,2026-04-06T03:20:22,35.533416,-75.86409,40.5
559,TRK-1047,2026-04-06T03:33:24,35.521257,-80.765189,30.8
560,TRK-1060,2026-04-06T04:13:07,36.659094,-75.11696,44.6
561,TRK-1083,2026-04-06T04:18:23,33.223921,-80.929155,40.0
562,TRK-1015,2026-04-06T04:25:07,35.597845,-76.002574,56.7
563,TRK-1050,2026-04-06T04:53:17,35.31133,-78.051038,28.3
564,TRK-1029,2026-04-06T05:04:04,32.463239,-84.123512,28.2
565,TRK-1069,2026-04-06T05:05:22,34.458893,-75.47501,37.3
566,TRK-1080,2026-04-06T05:32:59,33.650718,-83.945011,50.9
567,TRK-1041,2026-04-06T05:37:33,32.207487,-83.806182,51.6
568,TRK-1081,2026-04-06T05:38:47,32.13319,-78.588979,59.4
569,TRK-1003,2026-04-06T06:08:34,32.194301,-76.752325,67.9
570,TRK-1081,2026-04-06T06:23:46,35.823399,-78.253009,68.0
571,TRK-1094,2026-04-06T06:38:23,36.588974,-76.722179,51.9
572,TRK-1089,2026-04-06T06:39:31,32.855848,-76.871995,21.2
573,TRK-1050,2026-04-06T06:40:40,32.761117,-75.362527,39.0
574,TRK-1077,2026-04-06T07:04:35,36.720911,-78.798888,52.5
575,TRK-1025,2026-04-06T07:09:43,34.45699,-80.736935,27.4
576,TRK-1064,2026-04-06T07:39:42,36.979957,-81.457646,71.1
577,TRK-1031,2026-04-06T07:40:11,36.184522,-81.388169,34.8
578,TRK-1076,2026-04-06T07:44:51,36.870989,-81.995363,38.6
579,TRK-1006,2026-04-06T07:54:50,34.347268,-80.89258,34.5
580,TRK-1024,2026-04-06T08:10:53,33.743222,-83.847846,74.0
581,TRK-1016,2026-04-06T08:11:52,33.757822,-77.800468,25.6
582,TRK-1070,2026-04-06T08:17:54,33.152198,-78.282396,53.3
583,TRK-1025,2026-04-06T08:32:35,33.304615,-79.584696,63.6
584,TRK-1015,2026-04-06T09:19:58,35.09213,-79.402059,41.8
585,TRK-1089,2026-04-06T09:24:02,34.091071,-79.69972,34.8
586,TRK-1022,2026-04-06T09:24:02,35.639374,-79.820733,12.7
587,TRK-1040,2026-04-06T09:25:21,32.870686,-76.908522,11.8
588,TRK-1099,2026-04-06T09:44:27,35.001157,-81.945105,55.8
589,TRK-1094,2026-04-06T09:46:45,33.017174,-76.518074,48.6
590,TRK-1069,2026-04-06T09:49:57,36.928852,-77.517908,58.8
591,TRK-1023,2026-04-06T09:58:44,34.854431,-76.083566,36.7
592,TRK-1081,2026-04-06T10:24:11,36.909748,-81.85769,0.0
593,TRK-1041,2026-04-06T10:44:48,32.29753,-80.281287,39.9
594,TRK-1067,2026-04-06T11:14:05,34.16471,-75.545573,32.0
595,TRK-1058,2026-04-06T11:31:42,36.163762,-80.862194,48.1
596,TRK-1019,2026-04-06T11:59:37,33.224152,-78.544898,34.5
597,TRK-1076,2026-04-06T12:00:32,34.21084,-76.846234,4.8
598,TRK-1062,2026-04-06T12:03:39,34.047412,-77.534828,0.0
599,TRK-1085,2026-04-06T12:11:07,36.859218,-75.485913,46.3
600,TRK-1019,2026-04-06T12:14:29,34.941125,-81.436364,21.9
601,TRK-1020,2026-04-06T12:16:27,33.137851,-80.045695,63.9
602,TRK-1000,2026-04-06T12:44:53,36.770533,-78.064321,49.1
603,TRK-1050,2026-04-06T12:46:08,32.739602,-84.431909,34.2
604,TRK-1058,2026-04-06T12:52:06,36.791771,-82.073301,10.8
605,TRK-1080,2026-04-06T12:58:46,35.549329,-81.099213,21.5
606,TRK-1017,2026-04-06T13:15:14,34.086757,-82.140857,57.6
607,TRK-1014,2026-04-06T13:16:24,32.872816,-77.115698,51.4
608,TRK-1060,2026-04-06T13:28:57,33.179941,-77.825401,53.6
609,TRK-1000,2026-04-06T13:41:39,33.55543,-83.799579,25.0
610,TRK-1079,2026-04-06T13:47:49,32.059571,-75.487292,37.0
611,TRK-1033,2026-04-06T13:52:01,32.098215,-83.946141,38.6
612,TRK-1057,2026-04-06T14:13:19,36.676329,-80.53743,31.4
613,TRK-1020,2026-04-06T14:20:07,33.830081,-80.38919,32.5
614,TRK-1067,2026-04-06T14:35:11,36.63753,-79.966769,52.0
615,TRK-1013,2026-04-06T14:35:55,35.822075,-83.621527,54.5
616,TRK-1032,2026-04-06T14:36:01,32.02568,-84.154248,67.5
617,TRK-1003,2026-04-06T14:40:48,35.047262,-83.839272,53.7
618,TRK-1061,2026-04-06T14:54:56,34.850998,-80.046864,19.0
619,TRK-1090,2026-04-06T15:31:15,35.102315,-75.629923,53.8
620,TRK-1035,2026-04-06T15:39:05,36.622169,-83.500808,70.4
621,TRK-1083,2026-04-06T15:42:41,33.27241,-81.499076,72.6
622,TRK-1079,2026-04-06T15:44:41,34.619504,-79.180013,17.8
623,TRK-1075,2026-04-06T16:19:28,36.710083,-83.559459,60.3
624,TRK-1035,2026-04-06T17:08:40,32.56111,-82.920722,68.1
625,TRK-1001,2026-04-06T17:12:56,36.349055,-83.085043,68.6
626,TRK-1042,2026-04-06T17:13:17,32.103738,-75.701704,56.0
627,TRK-1076,2026-04-06T17:14:12,34.053657,-78.734427,31.4
628,TRK-1002,2026-04-06T17:19:16,33.8346,-77.232367,36.7
629,TRK-1046,2026-04-06T17:30:37,35.633115,-82.538152,47.8
630,TRK-1077,2026-04-06T17:30:58,34.074949,-82.760731,60.8
631,TRK-1048,2026-04-06T17:31:44,32.726269,-80.737477,62.2
632,TRK-1012,2026-04-06T17:42:40,32.227782,-82.691897,68.8
633,TRK-1001,2026-04-06T17:44:27,36.060702,-84.094785,66.6
634,TRK-1015,2026-04-06T17:55:02,33.62726,-78.39435,43.6
635,TRK-1079,2026-04-06T18:36:54,36.783549,-79.56319,66.2
636,TRK-1079,2026-04-06T18:46:38,33.139172,-81.552986,52.4
637,TRK-1019,2026-04-06T19:03:48,33.181676,-81.623994,42.8
638,TRK-1006,2026-04-06T19:17:13,34.242077,-81.008886,46.9
639,TRK-1060,2026-04-06T20:43:32,34.32855,-81.399406,73.1
640,TRK-1095,2026-04-06T20:51:11,35.217553,-80.187587,73.1
641,TRK-1069,2026-04-06T21:02:41,35.774925,-84.043769,54.5
642,TRK-1003,2026-04-06T21:13:25,32.355445,-75.129697,88.1
643,TRK-1013,2026-04-06T21:21:54,33.094619,-83.017122,18.3
644,TRK-1031,2026-04-06T21:38:40,35.060143,-78.264517,38.5
645,TRK-1090,2026-04-06T21:48:30,32.424243,-79.551361,46.6
646,TRK-1097,2026-04-06T21:50:12,33.6804,-77.641087,89.5
647,TRK-1024,2026-04-06T21:59:21,35.709584,-83.849244,45.9
648,TRK-1000,2026-04-06T21:59:36,35.503526,-78.538609,62.0
649,TRK-1064,2026-04-06T22:19:27,35.992872,-75.418678,30.1
650,TRK-1065,2026-04-06T22:42:41,32.173719,-82.758737,14.2
651,TRK-1010,2026-04-06T22:51:14,36.836939,-77.863975,75.8
652,TRK-1080,2026-04-06T23:04:40,33.313023,-77.00657,40.2
653,TRK-1008,2026-04-06T23:10:21,34.062577,-75.356844,16.8
654,TRK-1047,2026-04-06T23:41:22,36.486326,-75.245168,54.1
655,TRK-1082,2026-04-06T23:54:41,33.833323,-83.740731,56.5
656,TRK-1027,2026-04-06T23:58:24,32.947661,-78.02294,25.1
657,TRK-1055,2026-04-07T00:30:38,35.064487,-83.876697,30.3
658,TRK-1006,2026-04-07T00:45:47,34.358079,-76.308101,25.0
659,TRK-1072,2026-04-07T01:07:44,35.816247,-75.132766,22.5
660,TRK-1023,2026-04-07T01:26:35,35.024013,-80.060042,3.1
661,TRK-1054,2026-04-07T01:28:11,34.692518,-79.037402,67.0
662,TRK-1078,2026-04-07T01:30:31,34.47183,-83.595363,75.8
663,TRK-1079,2026-04-07T01:31:47,34.496173,-78.411496,53.2
664,TRK-1063,2026-04-07T01:51:50,36.909663,-78.424136,66.3
665,TRK-1065,2026-04-07T02:02:59,33.356261,-78.203267,48.1
666,TRK-1067,2026-04-07T03:07:00,34.778809,-76.053226,70.2
667,TRK-1081,2026-04-07T03:12:26,36.046341,-77.786505,72.6
668,TRK-1040,2026-04-07T03:30:24,35.716946,-78.224728,23.7
669,TRK-1058,2026-04-07T03:42:44,34.082337,-80.06369,28.6
670,TRK-1080,2026-04-07T03:52:22,32.817048,-78.781313,41.0
671,TRK-1050,2026-04-07T03:53:51,35.152617,-79.865846,45.6
672,TRK-1079,2026-04-07T04:21:10,34.763159,-80.920054,55.8
673,TRK-1073,2026-04-07T04:23:41,34.603298,-81.240362,36.5
674,TRK-1073,2026-04-07T04:26:01,33.796941,-82.398258,81.1
675,TRK-1046,2026-04-07T04:48:09,34.452487,-80.398092,16.2
676,TRK-1002,2026-04-07T04:54:46,33.959664,-80.695668,4.4
677,TRK-1073,2026-04-07T04:59:22,36.248177,-78.09425,33.0
678,TRK-1001,2026-04-07T05:00:26,35.466219,-79.230318,48.3
679,TRK-1054,2026-04-07T05:14:40,33.156205,-77.797326,28.5
680,TRK-1019,2026-04-07T05:18:13,34.67375,-78.041439,24.0
681,TRK-1054,2026-04-07T05:33:21,32.326177,-75.243908,32.8
682,TRK-1086,2026-04-07T05:36:59,35.172613,-79.602608,56.0
683,TRK-1007,2026-04-07T05:44:47,35.044026,-82.965793,40.6
684,TRK-1088,2026-04-07T06:30:49,36.359129,-79.527473,40.0
685,TRK-1069,2026-04-07T06:33:31,32.027417,-81.763152,38.4
686,TRK-1053,2026-04-07T06:41:00,33.51929,-76.863287,12.9
687,TRK-1066,2026-04-07T06:43:15,32.897366,-83.348481,42.1
688,TRK-1033,2026-04-07T06:49:30,35.369024,-83.564436,27.3
689,TRK-1083,2026-04-07T07:03:19,33.530273,-82.173854,26.6
690,TRK-1078,2026-04-07T07:05:52,34.179573,-82.541313,49.8
691,TRK-1078,2026-04-07T07:43:05,36.204386,-81.686423,49.0
692,TRK-1085,2026-04-07T07:46:25,32.309006,-76.544581,42.5
693,TRK-1074,2026-04-07T08:01:32,34.210035,-75.470933,70.8
694,TRK-1009,2026-04-07T08:18:05,34.394664,-75.027731,65.2
695,TRK-1022,2026-04-07T08:36:18,32.691171,-75.466001,36.7
696,TRK-1034,2026-04-07T09:02:37,36.643996,-82.857813,36.4
697,TRK-1054,2026-04-07T09:16:11,32.811691,-77.862232,80.4
698,TRK-1068,2026-04-07T09:36:38,35.668314,-76.253975,41.1
699,TRK-1081,2026-04-07T09:37:53,35.026285,-75.158343,64.5
700,TRK-1055,2026-04-07T09:45:36,34.751232,-80.908784,64.7
701,TRK-1069,2026-04-07T10:01:59,33.511738,-82.222779,85.1
702,TRK-1012,2026-04-07T10:20:17,32.787408,-84.109377,45.6
703,TRK-1083,2026-04-07T10:24:11,33.45177,-80.488909,33.6
704,TRK-1061,2026-04-07T10:55:01,34.115995,-77.437492,83.2
705,TRK-1067,2026-04-07T12:02:26,32.17052,-82.526642,42.2
706,TRK-1020,2026-04-07T12:09:56,33.531982,-80.259304,65.4
707,TRK-1092,2026-04-07T12:23:35,32.549724,-76.043594,71.1
708,TRK-1091,2026-04-07T12:27:16,32.520587,-81.836784,35.6
709,TRK-1013,2026-04-07T12:32:07,36.471655,-76.734169,57.4
710,TRK-1072,2026-04-07T13:26:20,34.647598,-82.845854,44.9
711,TRK-1062,2026-04-07T13:33:56,34.250772,-76.356463,33.3
712,TRK-1092,2026-04-07T13:49:36,32.587074,-82.39206,89.9
713,TRK-1063,2026-04-07T13:55:57,34.493699,-84.134881,57.0
714,TRK-1002,2026-04-07T14:01:09,34.152962,-82.589042,29.0
715,TRK-1054,2026-04-07T14:02:50,33.14322,-77.565243,42.8
716,TRK-1097,2026-04-07T14:14:04,33.567574,-81.599372,36.5
717,TRK-1073,2026-04-07T14:26:29,36.880664,-76.139506,44.0
718,TRK-1091,2026-04-07T14:39:46,33.273448,-77.842811,37.1
719,TRK-1041,2026-04-07T14:40:29,36.041316,-83.528006,53.8
720,TRK-1085,2026-04-07T15:01:41,34.966291,-82.50161,13.0
721,TRK-1073,2026-04-07T15:32:21,35.04729,-80.072684,24.4
722,TRK-1068,2026-04-07T15:34:33,36.766918,-76.535212,58.9
723,TRK-1045,2026-04-07T15:49:57,34.21517,-83.221996,58.4
724,TRK-1037,2026-04-07T15:58:29,36.165745,-76.640953,38.6
725,TRK-1023,2026-04-07T16:29:37,33.992924,-81.391266,61.9
726,TRK-1064,2026-04-07T17:16:57,33.210996,-75.821724,56.1
727,TRK-1087,2026-04-07T17:20:27,35.482865,-75.829245,46.2
728,TRK-1049,2026-04-07T17:33:55,32.621264,-76.104082,39.2
729,TRK-1046,2026-04-07T17:40:25,34.040616,-82.745941,32.1
730,TRK-1096,2026-04-07T18:05:10,36.719513,-82.815623,19.0
731,TRK-1074,2026-04-07T18:10:26,34.237067,-82.886997,38.6
732,TRK-1080,2026-04-07T18:14:56,36.900778,-76.492469,72.1
733,TRK-1024,2026-04-07T18:29:47,36.926636,-83.752787,43.1
734,TRK-1076,2026-04-07T18:53:04,36.727701,-83.219965,33.6
735,TRK-1029,2026-04-07T18:53:24,35.722598,-77.337959,60.2
736,TRK-1080,2026-04-07T18:56:24,36.008843,-83.506191,44.9
737,TRK-1002,2026-04-07T19:03:02,36.491628,-80.48339,24.3
738,TRK-1029,2026-04-07T19:04:35,34.236848,-81.766654,40.5
739,TRK-1088,2026-04-07T19:12:21,33.280922,-80.306084,66.2
740,TRK-1083,2026-04-07T19:18:40,35.079898,-80.013737,54.6
741,TRK-1028,2026-04-07T19:40:10,35.128622,-76.557131,81.5
742,TRK-1096,2026-04-07T19:44:37,33.292901,-82.854557,55.1
743,TRK-1055,2026-04-07T20:08:27,34.669715,-82.522461,17.4
744,TRK-1092,2026-04-07T21:13:28,32.990189,-75.365752,40.9
745,TRK-1006,2026-04-07T21:23:26,32.467926,-82.807149,46.6
746,TRK-1004,2026-04-07T21:49:08,33.154898,-81.205434,61.3
747,TRK-1019,2026-04-07T21:59:32,34.83132,-80.426663,60.2
748,TRK-1082,2026-04-07T22:12:47,36.75043,-76.44024,43.1
749,TRK-1058,2026-04-07T22:27:07,35.327322,-82.780062,55.5
750,TRK-1007,2026-04-07T22:53:35,35.44966,-83.643649,57.9
751,TRK-1019,2026-04-07T23:04:42,36.936506,-80.507724,39.3
752,TRK-1087,2026-04-07T23:08:37,34.732009,-78.047331,60.3
753,TRK-1044,2026-04-07T23:18:37,32.822138,-80.645601,39.7
754,TRK-1009,2026-04-07T23:30:08,32.908994,-82.946772,36.1
755,TRK-1088,2026-04-07T23:50:04,32.259721,-79.749134,1.2
756,TRK-1047,2026-04-08T00:10:22,35.713233,-82.680942,59.3
757,TRK-1078,2026-04-08T00:25:36,34.945622,-80.414387,62.7
758,TRK-1072,2026-04-08T01:16:44,32.742608,-76.417244,9.1
759,TRK-1013,2026-04-08T01:17:41,35.175492,-76.417514,75.8
760,TRK-1002,2026-04-08T01:34:55,34.679771,-82.795992,85.0
761,TRK-1049,2026-04-08T01:38:25,33.890352,-80.206507,33.4
762,TRK-1088,2026-04-08T02:47:39,34.280331,-78.234301,76.9
763,TRK-1048,2026-04-08T03:05:24,36.746368,-81.909046,51.5
764,TRK-1085,2026-04-08T03:08:24,36.172175,-83.649439,79.7
765,TRK-1002,2026-04-08T03:32:35,34.375828,-83.886338,42.5
766,TRK-1041,2026-04-08T03:36:06,32.918188,-76.955359,36.9
767,TRK-1001,2026-04-08T03:46:22,36.746387,-77.489398,29.0
768,TRK-1029,2026-04-08T04:00:28,35.309479,-81.277596,83.5
769,TRK-1060,2026-04-08T04:02:08,36.620213,-78.469911,35.5
770,TRK-1089,2026-04-08T04:31:01,35.820982,-83.628765,44.2
771,TRK-1042,2026-04-08T04:32:35,32.953647,-83.027867,55.2
772,TRK-1019,2026-04-08T04:33:23,34.757647,-75.465714,59.8
773,TRK-1067,2026-04-08T04:33:27,35.583397,-77.461922,79.3
774,TRK-1052,2026-04-08T04:44:40,35.942351,-84.076632,37.0
775,TRK-1036,2026-04-08T04:46:47,32.864484,-78.448791,44.1
776,TRK-1092,2026-04-08T04:50:39,33.941799,-81.318909,31.5
777,TRK-1097,2026-04-08T04:52:42,32.578128,-80.539635,55.1
778,TRK-1093,2026-04-08T05:02:35,36.885841,-78.074304,86.4
779,TRK-1032,2026-04-08T05:15:50,34.884376,-79.360833,73.1
780,TRK-1010,2026-04-08T05:18:02,34.352724,-77.524957,69.6
781,TRK-1078,2026-04-08T05:43:01,35.208856,-81.156256,35.5
782,TRK-1040,2026-04-08T06:26:45,34.294942,-83.052242,39.6
783,TRK-1024,2026-04-08T06:52:57,32.056832,-82.35921,64.3
784,TRK-1008,2026-04-08T07:00:42,32.978026,-80.715991,43.7
785,TRK-1062,2026-04-08T07:02:39,33.748645,-75.571322,48.3
786,TRK-1063,2026-04-08T07:09:06,36.668867,-82.888962,59.9
787,TRK-1039,2026-04-08T07:13:11,34.739745,-82.6137,29.4
788,TRK-1087,2026-04-08T07:41:56,32.952286,-76.123364,49.5
789,TRK-1070,2026-04-08T08:17:01,36.677202,-82.831339,17.3
790,TRK-1066,2026-04-08T08:38:37,36.450458,-81.17251,48.8
791,TRK-1039,2026-04-08T09:05:15,32.353337,-82.839759,31.1
792,TRK-1002,2026-04-08T10:05:02,36.530965,-78.221487,54.6
793,TRK-1094,2026-04-08T10:11:33,33.866465,-77.945355,14.5
794,TRK-1064,2026-04-08T10:11:49,35.62873,-84.406452,48.8
795,TRK-1019,2026-04-08T10:26:36,35.153478,-82.420801,92.7
796,TRK-1073,2026-04-08T10:33:11,35.419356,-75.517466,60.9
797,TRK-1025,2026-04-08T10:41:28,36.786836,-75.866642,33.0
798,TRK-1047,2026-04-08T10:52:52,36.833539,-80.19412,35.5
799,TRK-1096,2026-04-08T11:12:53,35.101681,-79.347289,15.3
800,TRK-1093,2026-04-08T11:19:15,34.952685,-79.282255,44.8
801,TRK-1051,2026-04-08T11:23:28,33.962344,-79.962148,23.4
802,TRK-1021,2026-04-08T11:28:23,35.311593,-79.678185,26.3
803,TRK-1055,2026-04-08T11:33:39,34.420215,-79.37451,44.5
804,TRK-1058,2026-04-08T11:44:20,36.226346,-77.08443,57.5
805,TRK-1004,2026-04-08T12:09:30,35.739464,-77.324778,44.3
806,TRK-1059,2026-04-08T12:15:22,36.516955,-79.296099,33.2
807,TRK-1054,2026-04-08T12:41:16,36.332403,-79.015518,55.8
808,TRK-1027,2026-04-08T12:42:18,32.852784,-81.201,50.5
809,TRK-1073,2026-04-08T12:46:53,36.064513,-81.5837,24.9
810,TRK-1066,2026-04-08T13:07:47,36.200974,-80.074475,26.6
811,TRK-1033,2026-04-08T13:13:46,35.449492,-77.943866,49.5
812,TRK-1043,2026-04-08T13:14:10,33.347501,-81.664374,42.1
813,TRK-1050,2026-04-08T13:55:36,34.120804,-78.268774,59.7
814,TRK-1018,2026-04-08T14:07:56,36.229847,-76.322264,39.0
815,TRK-1007,2026-04-08T14:11:47,33.25759,-77.129479,36.2
816,TRK-1044,2026-04-08T14:38:08,35.708123,-76.339284,58.0
817,TRK-1033,2026-04-08T14:41:32,33.637513,-80.238716,12.4
818,TRK-1031,2026-04-08T14:53:15,35.042703,-82.517973,61.4
819,TRK-1091,2026-04-08T15:00:11,36.662085,-78.009833,13.2
820,TRK-1047,2026-04-08T15:05:09,36.467506,-79.253329,33.0
821,TRK-1023,2026-04-08T15:26:42,35.788135,-81.006904,58.3
822,TRK-1015,2026-04-08T15:41:45,33.867682,-75.300786,50.7
823,TRK-1055,2026-04-08T15:47:32,34.611388,-80.660665,57.8
824,TRK-1082,2026-04-08T15:52:19,34.368926,-77.710974,41.3
825,TRK-1068,2026-04-08T16:15:00,33.233379,-83.555065,52.8
826,TRK-1058,2026-04-08T16:23:11,33.864327,-77.824358,58.0
827,TRK-1092,2026-04-08T16:26:29,32.726214,-76.544864,25.8
828,TRK-1088,2026-04-08T16:43:47,33.636816,-81.975015,54.5
829,TRK-1040,2026-04-08T17:14:11,32.26348,-82.837789,60.8
830,TRK-1024,2026-04-08T17:14:33,32.846552,-75.734081,15.1
831,TRK-1038,2026-04-08T17:37:16,33.970371,-78.66736,39.2
832,TRK-1018,2026-04-08T17:52:28,32.420054,-78.660192,14.0
833,TRK-1004,2026-04-08T17:54:58,34.161199,-75.201996,78.1
834,TRK-1099,2026-04-08T18:16:22,35.082748,-81.417838,58.9
835,TRK-1061,2026-04-08T18:26:01,36.239308,-77.715618,31.7
836,TRK-1013,2026-04-08T18:29:23,36.098207,-84.107493,61.5
837,TRK-1053,2026-04-08T18:37:13,35.028041,-78.186457,73.8
838,TRK-1004,2026-04-08T18:42:36,34.7983,-80.593369,43.1
839,TRK-1001,2026-04-08T18:54:39,34.0061,-84.140017,21.1
840,TRK-1051,2026-04-08T18:55:25,32.625076,-78.200976,65.8
841,TRK-1019,2026-04-08T18:55:46,35.99154,-82.292658,48.0
842,TRK-1054,2026-04-08T18:57:21,32.197948,-75.665067,53.3
843,TRK-1034,2026-04-08T19:02:07,33.883032,-76.527438,20.9
844,TRK-1037,2026-04-08T19:10:08,34.272836,-80.570948,37.2
845,TRK-1010,2026-04-08T19:19:01,32.893558,-80.5751,75.7
846,TRK-1084,2026-04-08T19:22:22,36.04039,-83.924581,31.1
847,TRK-1070,2026-04-08T20:12:20,34.749553,-84.124356,21.5
848,TRK-1045,2026-04-08T20:25:33,34.947967,-76.304554,22.5
849,TRK-1080,2026-04-08T21:00:37,36.523526,-78.378055,21.1
850,TRK-1077,2026-04-08T21:22:30,36.994023,-76.592758,29.9
851,TRK-1006,2026-04-08T21:27:29,36.068147,-78.268737,39.6
852,TRK-1024,2026-04-08T21:28:55,35.058258,-80.706537,27.4
853,TRK-1018,2026-04-08T21:29:58,33.040159,-77.685962,33.7
854,TRK-1039,2026-04-08T22:23:08,33.184064,-79.780316,37.9
855,TRK-1041,2026-04-08T22:39:05,34.037985,-83.429364,60.4
856,TRK-1011,2026-04-08T23:09:35,33.754387,-83.015404,42.9
857,TRK-1007,2026-04-08T23:17:28,35.206421,-77.091647,17.5
858,TRK-1010,2026-04-08T23:22:36,33.275924,-75.547298,18.9
859,TRK-1077,2026-04-08T23:31:02,32.792446,-82.189324,62.8
860,TRK-1034,2026-04-08T23:36:09,33.55468,-76.127624,35.9
861,TRK-1009,2026-04-08T23:39:19,32.481912,-78.564339,53.7
862,TRK-1005,2026-04-08T23:52:20,34.92996,-77.998278,27.7
863,TRK-1019,2026-04-09T00:01:10,33.682411,-84.416312,59.9
864,TRK-1072,2026-04-09T00:03:46,36.283043,-83.932361,38.1
865,TRK-1066,2026-04-09T00:11:43,35.616849,-75.274361,78.1
866,TRK-1076,2026-04-09T00:40:56,32.324303,-77.804812,1.4
867,TRK-1068,2026-04-09T00:57:23,32.677264,-80.63447,57.6
868,TRK-1077,2026-04-09T01:10:52,32.014887,-78.807062,54.2
869,TRK-1069,2026-04-09T01:12:35,36.309846,-79.917052,20.3
870,TRK-1030,2026-04-09T01:55:44,36.580991,-76.478162,59.0
871,TRK-1017,2026-04-09T02:14:47,36.43667,-77.169332,21.8
872,TRK-1042,2026-04-09T02:49:35,35.47014,-79.705468,24.2
873,TRK-1092,2026-04-09T03:03:54,33.2227,-77.865225,46.8
874,TRK-1082,2026-04-09T03:12:10,36.7378,-83.620111,2.0
875,TRK-1037,2026-04-09T03:13:32,33.067348,-78.750974,76.3
876,TRK-1085,2026-04-09T03:24:08,32.078702,-76.902877,38.3
877,TRK-1072,2026-04-09T03:40:47,32.287378,-75.763428,45.5
878,TRK-1059,2026-04-09T03:48:34,36.976407,-82.056961,73.3
879,TRK-1022,2026-04-09T03:49:50,36.756036,-80.745956,39.0
880,TRK-1060,2026-04-09T04:20:54,32.039826,-81.082876,55.0
881,TRK-1020,2026-04-09T04:33:57,35.896381,-76.14017,27.7
882,TRK-1072,2026-04-09T05:21:48,32.078753,-84.144389,75.7
883,TRK-1029,2026-04-09T05:31:02,34.604601,-83.53116,28.1
884,TRK-1035,2026-04-09T05:44:35,34.704024,-76.625029,33.3
885,TRK-1070,2026-04-09T06:16:44,35.270811,-80.636367,31.0
886,TRK-1076,2026-04-09T06:22:53,36.842747,-76.214874,27.2
887,TRK-1021,2026-04-09T06:23:47,34.090954,-77.424774,25.8
888,TRK-1067,2026-04-09T06:45:07,36.190915,-80.735783,43.5
889,TRK-1001,2026-04-09T06:48:57,32.307708,-76.16317,52.3
890,TRK-1013,2026-04-09T06:49:42,36.383636,-77.297377,47.5
891,TRK-1044,2026-04-09T07:05:49,36.785709,-77.220657,63.6
892,TRK-1063,2026-04-09T07:16:10,35.346386,-80.18653,48.6
893,TRK-1002,2026-04-09T07:23:47,35.074757,-84.447417,34.9
894,TRK-1036,2026-04-09T07:27:24,36.984972,-81.723432,25.3
895,TRK-1007,2026-04-09T07:33:47,34.156965,-75.76072,20.3
896,TRK-1097,2026-04-09T07:56:27,32.056767,-79.993445,30.6
897,TRK-1024,2026-04-09T08:04:59,32.186798,-78.727632,43.8
898,TRK-1044,2026-04-09T08:06:38,35.163984,-75.110819,19.4
899,TRK-1048,2026-04-09T08:42:11,32.672538,-83.695864,45.9
900,TRK-1040,2026-04-09T08:59:08,33.272558,-79.866687,41.2
901,TRK-1085,2026-04-09T09:09:03,32.626603,-84.300156,36.3
902,TRK-1029,2026-04-09T09:11:44,35.117774,-76.345426,45.1
903,TRK-1031,2026-04-09T09:19:21,34.638624,-81.953839,48.7
904,TRK-1095,2026-04-09T09:23:53,36.238124,-82.983845,24.2
905,TRK-1014,2026-04-09T09:31:04,36.279312,-80.531946,0.0
906,TRK-1037,2026-04-09T09:37:52,33.838256,-76.005324,48.2
907,TRK-1008,2026-04-09T09:40:47,33.449645,-82.894492,36.9
908,TRK-1065,2026-04-09T10:03:37,35.922427,-82.264455,36.6
909,TRK-1056,2026-04-09T10:07:44,35.357479,-76.134953,63.3
910,TRK-1084,2026-04-09T11:37:13,33.189647,-82.418017,22.9
911,TRK-1073,2026-04-09T11:55:13,35.50713,-76.581721,46.5
912,TRK-1061,2026-04-09T12:07:50,34.323762,-78.689906,67.2
913,TRK-1036,2026-04-09T12:19:04,36.005392,-83.440218,37.8
914,TRK-1072,2026-04-09T12:41:04,36.123792,-81.401473,46.4
915,TRK-1014,2026-04-09T12:45:34,34.817537,-83.348792,43.7
916,TRK-1042,2026-04-09T12:58:18,34.463361,-82.08879,47.0
917,TRK-1063,2026-04-09T13:16:57,36.909029,-78.88377,21.1
918,TRK-1083,2026-04-09T13:21:00,36.630192,-80.764819,49.5
919,TRK-1026,2026-04-09T13:35:51,35.908875,-79.931547,50.4
920,TRK-1036,2026-04-09T13:36:30,32.840893,-78.280236,36.4
921,TRK-1061,2026-04-09T13:49:10,33.141273,-82.923539,30.4
922,TRK-1050,2026-04-09T13:57:59,35.855355,-81.151242,60.9
923,TRK-1060,2026-04-09T14:16:13,36.328355,-84.381209,23.4
924,TRK-1051,2026-04-09T14:21:14,33.157685,-79.458947,59.2
925,TRK-1097,2026-04-09T15:05:09,33.899192,-77.670519,31.2
926,TRK-1013,2026-04-09T15:25:31,33.008627,-76.922041,21.1
927,TRK-1039,2026-04-09T16:15:46,35.094295,-79.701177,57.1
928,TRK-1054,2026-04-09T16:39:02,36.394457,-84.320557,2.6
929,TRK-1004,2026-04-09T17:15:48,35.240871,-79.633441,12.4
930,TRK-1066,2026-04-09T17:40:05,32.139097,-81.924656,60.0
931,TRK-1072,2026-04-09T17:49:47,35.592082,-79.271349,38.8
932,TRK-1011,2026-04-09T18:18:56,32.213196,-77.581091,65.5
933,TRK-1086,2026-04-09T18:26:28,32.716448,-79.984244,27.3
934,TRK-1090,2026-04-09T18:39:28,33.290645,-81.154155,11.6
935,TRK-1000,2026-04-09T19:01:41,35.594386,-80.627401,38.7
936,TRK-1044,2026-04-09T19:09:05,35.375005,-80.914862,51.9
937,TRK-1089,2026-04-09T19:11:17,36.782168,-83.851536,52.7
938,TRK-1049,2026-04-09T19:27:28,36.502795,-79.61389,40.8
939,TRK-1018,2026-04-09T19:32:12,35.526242,-80.886784,41.3
940,TRK-1030,2026-04-09T19:33:10,32.738045,-78.862559,62.3
941,TRK-1005,2026-04-09T20:08:50,33.458504,-82.049245,47.6
942,TRK-1022,2026-04-09T20:21:06,35.910961,-75.614415,61.8
943,TRK-1096,2026-04-09T20:37:49,33.622943,-76.782042,52.2
944,TRK-1022,2026-04-09T20:56:07,32.83949,-81.552286,49.3
945,TRK-1040,2026-04-09T21:23:48,34.684651,-79.455368,66.0
946,TRK-1022,2026-04-09T21:27:53,36.661329,-81.036536,54.3
947,TRK-1038,2026-04-09T21:51:50,36.901944,-75.496605,40.5
948,TRK-1046,2026-04-09T22:01:16,32.713697,-78.712312,66.8
949,TRK-1016,2026-04-09T22:05:22,36.562289,-79.235793,69.2
950,TRK-1055,2026-04-09T22:13:45,33.150072,-81.269669,34.6
951,TRK-1071,2026-04-09T22:25:58,33.285299,-76.225523,48.4
952,TRK-1043,2026-04-09T22:34:44,35.677889,-75.543613,25.1
953,TRK-1086,2026-04-09T22:37:22,33.63361,-77.606512,21.4
954,TRK-1042,2026-04-09T22:40:51,36.601074,-82.818734,37.4
955,TRK-1019,2026-04-09T22:50:39,35.282328,-76.991408,44.2
956,TRK-1062,2026-04-09T23:02:20,32.262113,-81.82932,46.2
957,TRK-1068,2026-04-09T23:19:45,34.901931,-83.226892,41.9
958,TRK-1055,2026-04-09T23:21:08,34.920394,-78.565673,22.7
959,TRK-1093,2026-04-09T23:28:25,33.984476,-80.079669,43.1
960,TRK-1090,2026-04-09T23:30:56,32.304644,-84.183661,14.4
961,TRK-1019,2026-04-09T23:45:52,36.600405,-84.432695,26.5
962,TRK-1006,2026-04-09T23:59:59,32.155347,-83.735926,58.7
963,TRK-1044,2026-04-10T00:11:28,36.468181,-75.637895,9.9
964,TRK-1019,2026-04-10T00:37:22,32.150939,-81.503359,48.0
965,TRK-1072,2026-04-10T00:39:51,32.603463,-83.270885,44.2
966,TRK-1011,2026-04-10T00:41:30,36.29544,-77.291422,31.2
967,TRK-1073,2026-04-10T01:11:02,36.466205,-84.142475,27.4
968,TRK-1096,2026-04-10T01:12:24,35.793014,-78.262515,54.4
969,TRK-1068,2026-04-10T01:12:27,34.673407,-81.815654,8.2
970,TRK-1062,2026-04-10T01:46:49,36.253832,-83.923196,35.4
971,TRK-1003,2026-04-10T02:02:22,33.214953,-77.211145,58.2
972,TRK-1083,2026-04-10T02:07:29,36.155337,-82.982582,22.1
973,TRK-1036,2026-04-10T02:59:56,34.398588,-80.369318,37.4
974,TRK-1027,2026-04-10T03:05:29,35.368796,-76.531849,18.5
975,TRK-1004,2026-04-10T03:34:06,34.578356,-79.578666,37.0
976,TRK-1052,2026-04-10T03:49:42,33.190535,-78.320121,62.7
977,TRK-1081,2026-04-10T04:19:50,35.874432,-84.047209,57.1
978,TRK-1055,2026-04-10T04:31:21,36.113947,-82.080383,41.9
979,TRK-1060,2026-04-10T04:35:25,34.153069,-83.282784,23.5
980,TRK-1096,2026-04-10T04:47:04,32.354864,-84.417688,74.5
981,TRK-1073,2026-04-10T05:06:21,35.142967,-78.284651,54.0
982,TRK-1011,2026-04-10T05:11:51,33.824605,-76.604598,35.2
983,TRK-1084,2026-04-10T05:13:18,34.205547,-83.737496,46.0
984,TRK-1045,2026-04-10T05:23:08,35.905685,-80.906259,61.7
985,TRK-1060,2026-04-10T05:26:16,32.604839,-84.387855,64.7
986,TRK-1085,2026-04-10T05:33:27,32.782449,-83.789992,62.2
987,TRK-1035,2026-04-10T05:59:54,34.663118,-80.192622,29.8
988,TRK-1044,2026-04-10T06:04:02,32.249797,-80.019109,18.3
989,TRK-1062,2026-04-10T06:04:37,36.917876,-83.649163,35.0
990,TRK-1066,2026-04-10T06:06:25,36.76543,-83.513716,54.9
991,TRK-1050,2026-04-10T06:11:07,32.261334,-79.108244,54.1
992,TRK-1045,2026-04-10T06:18:26,36.988626,-76.229077,33.5
993,TRK-1081,2026-04-10T06:29:50,34.976281,-81.453204,27.0
994,TRK-1067,2026-04-10T06:34:13,32.243078,-76.648411,57.0
995,TRK-1025,2026-04-10T06:43:10,32.86181,-75.616759,43.5
996,TRK-1017,2026-04-10T06:46:33,36.108616,-76.194008,72.2
997,TRK-1023,2026-04-10T07:23:09,34.402108,-79.359809,34.3
998,TRK-1046,2026-04-10T07:39:05,33.623429,-76.665298,26.3
999,TRK-1022,2026-04-10T07:51:58,33.259703,-75.746211,31.8
1000,TRK-1098,2026-04-10T07:52:47,32.516321,-75.150681,20.1
1001,TRK-1040,2026-04-10T08:00:39,34.037847,-78.90337,77.4
1002,TRK-1082,2026-04-10T08:07:33,32.934458,-80.941766,57.1
1003,TRK-1035,2026-04-10T08:38:57,33.006466,-75.176065,55.0
1004,TRK-1032,2026-04-10T08:44:54,33.610042,-83.527194,47.1
1005,TRK-1015,2026-04-10T09:04:55,33.935739,-82.682778,24.5
1006,TRK-1067,2026-04-10T09:21:13,32.294275,-80.68465,22.6
1007,TRK-1070,2026-04-10T09:31:34,35.765754,-83.109774,26.2
1008,TRK-1046,2026-04-10T09:50:01,33.104083,-81.806151,54.6
1009,TRK-1077,2026-04-10T09:59:30,34.513351,-78.491533,49.4
1010,TRK-1069,2026-04-10T10:01:04,35.41637,-80.945142,69.2
1011,TRK-1097,2026-04-10T10:12:40,33.424715,-77.627667,31.2
1012,TRK-1013,2026-04-10T10:18:20,35.686708,-75.075219,35.0
1013,TRK-1016,2026-04-10T10:21:17,32.291118,-76.843876,43.1
1014,TRK-1056,2026-04-10T10:31:35,36.513855,-78.501814,62.3
1015,TRK-1035,2026-04-10T10:47:35,32.062182,-76.883273,0.2
1016,TRK-1047,2026-04-10T11:32:06,36.677596,-79.345952,36.8
1017,TRK-1073,2026-04-10T11:32:54,32.978891,-76.58878,66.9
1018,TRK-1016,2026-04-10T11:35:11,32.51804,-81.1814,43.2
1019,TRK-1009,2026-04-10T12:01:06,36.32832,-79.204256,44.6
1020,TRK-1085,2026-04-10T12:03:42,34.620979,-81.47017,51.3
1021,TRK-1038,2026-04-10T12:09:24,32.946305,-79.778393,57.2
1022,TRK-1003,2026-04-10T12:11:57,33.380109,-81.418111,37.8
1023,TRK-1005,2026-04-10T12:20:24,32.866926,-84.230315,4.1
1024,TRK-1094,2026-04-10T12:27:34,35.974604,-78.486772,21.6
1025,TRK-1033,2026-04-10T12:39:36,34.772226,-81.062788,59.0
1026,TRK-1059,2026-04-10T12:40:57,34.950677,-80.250073,75.9
1027,TRK-1036,2026-04-10T12:56:24,35.629241,-79.404227,36.9
1028,TRK-1035,2026-04-10T13:30:29,34.157844,-75.316421,79.0
1029,TRK-1059,2026-04-10T13:31:14,36.19941,-82.823875,97.3
1030,TRK-1072,2026-04-10T13:42:53,32.28316,-84.304387,75.4
1031,TRK-1090,2026-04-10T13:51:38,33.980143,-80.379641,32.4
1032,TRK-1060,2026-04-10T13:55:23,33.656191,-81.856414,45.5
1033,TRK-1037,2026-04-10T14:02:32,35.732948,-77.04431,64.0
1034,TRK-1027,2026-04-10T14:05:36,36.901278,-82.639025,66.0
1035,TRK-1063,2026-04-10T14:16:45,36.435821,-76.565799,55.3
1036,TRK-1016,2026-04-10T14:26:43,36.925082,-80.78605,5.9
1037,TRK-1025,2026-04-10T15:02:42,35.800409,-82.606934,29.5
1038,TRK-1034,2026-04-10T15:09:54,36.718241,-82.61091,58.5
1039,TRK-1012,2026-04-10T15:18:44,33.456785,-78.245667,24.0
1040,TRK-1036,2026-04-10T15:36:41,35.237762,-82.412709,32.0
1041,TRK-1082,2026-04-10T15:40:11,32.744566,-80.665694,37.0
1042,TRK-1054,2026-04-10T15:42:01,35.842009,-79.108387,17.2
1043,TRK-1082,2026-04-10T15:43:31,34.15908,-81.649163,38.8
1044,TRK-1074,2026-04-10T16:06:02,35.880644,-78.250967,61.9
1045,TRK-1022,2026-04-10T16:31:20,35.2251,-78.273679,53.8
1046,TRK-1080,2026-04-10T16:39:43,33.425413,-78.028773,49.2
1047,TRK-1019,2026-04-10T17:07:47,36.101338,-78.05556,26.8
1048,TRK-1008,2026-04-10T17:34:04,34.547395,-80.677985,30.1
1049,TRK-1002,2026-04-10T18:00:31,33.396283,-80.32149,62.5
1050,TRK-1063,2026-04-10T18:05:43,34.596335,-75.363546,37.5
1051,TRK-1068,2026-04-10T19:11:39,34.657769,-82.820453,31.2
1052,TRK-1045,2026-04-10T19:24:34,33.865505,-77.099062,20.3
1053,TRK-1009,2026-04-10T19:53:35,35.550609,-77.020935,45.8
1054,TRK-1066,2026-04-10T19:53:45,35.561905,-78.176511,59.1
1055,TRK-1077,2026-04-10T19:58:39,34.202769,-81.984773,62.5
1056,TRK-1012,2026-04-10T20:06:28,34.548694,-75.465163,4.8
1057,TRK-1040,2026-04-10T20:16:40,34.313253,-81.574586,64.7
1058,TRK-1021,2026-04-10T20:26:23,36.573382,-77.691486,26.9
1059,TRK-1055,2026-04-10T20:27:51,33.987509,-80.429038,67.2
1060,TRK-1096,2026-04-10T21:04:04,32.939449,-82.538467,0.0
1061,TRK-1033,2026-04-10T22:18:28,34.067626,-82.593005,56.7
1062,TRK-1033,2026-04-10T22:36:23,34.190933,-81.150727,27.9
1063,TRK-1013,2026-04-10T22:53:34,35.820697,-76.980477,37.2
1064,TRK-1056,2026-04-10T22:53:54,36.404127,-75.914567,51.3
1065,TRK-1068,2026-04-10T23:15:26,35.578395,-77.469555,24.4
1066,TRK-1017,2026-04-10T23:25:29,36.472386,-84.289744,78.3
1067,TRK-1046,2026-04-10T23:25:33,36.95734,-77.604757,32.3
1068,TRK-1077,2026-04-10T23:29:28,35.776962,-80.897277,47.2
1069,TRK-1006,2026-04-10T23:38:06,32.143211,-79.777127,39.1
1070,TRK-1053,2026-04-10T23:45:48,35.421716,-75.846408,44.7
1071,TRK-1041,2026-04-11T00:02:09,34.341819,-83.980122,60.0
1072,TRK-1093,2026-04-11T00:36:52,36.569312,-79.814869,36.8
1073,TRK-1039,2026-04-11T00:57:08,35.599737,-76.170136,56.3
1074,TRK-1004,2026-04-11T01:03:48,33.113639,-80.580991,58.2
1075,TRK-1042,2026-04-11T01:20:42,32.462184,-75.708798,46.7
1076,TRK-1095,2026-04-11T01:21:48,32.755623,-78.025519,34.0
1077,TRK-1053,2026-04-11T01:34:52,34.17295,-75.212835,7.6
1078,TRK-1094,2026-04-11T01:37:57,34.512251,-78.628049,35.5
1079,TRK-1017,2026-04-11T01:42:54,33.734095,-75.364034,64.2
1080,TRK-1075,2026-04-11T01:44:22,36.274722,-83.635659,28.2
1081,TRK-1007,2026-04-11T01:46:02,34.075725,-81.753392,47.1
1082,TRK-1016,2026-04-11T01:47:12,34.167439,-83.862886,55.2
1083,TRK-1036,2026-04-11T01:51:46,33.26456,-84.240868,24.1
1084,TRK-1073,2026-04-11T01:55:39,36.880867,-75.9344,38.4
1085,TRK-1085,2026-04-11T02:03:06,36.972417,-82.171935,31.1
1086,TRK-1091,2026-04-11T02:09:57,33.521587,-83.598426,73.8
1087,TRK-1032,2026-04-11T02:24:09,34.380852,-75.058369,63.4
1088,TRK-1093,2026-04-11T02:33:42,34.337188,-83.524481,63.7
1089,TRK-1089,2026-04-11T02:35:07,34.447442,-78.198355,28.9
1090,TRK-1069,2026-04-11T02:44:00,33.108462,-79.85109,76.2
1091,TRK-1002,2026-04-11T02:55:27,33.120834,-81.20495,54.0
1092,TRK-1091,2026-04-11T02:55:52,34.741806,-79.167424,34.3
1093,TRK-1046,2026-04-11T03:12:58,32.689386,-82.965606,64.2
1094,TRK-1043,2026-04-11T03:22:20,35.897573,-84.212097,48.6
1095,TRK-1083,2026-04-11T03:55:28,32.193699,-78.293019,34.7
1096,TRK-1026,2026-04-11T04:13:45,32.178678,-82.043612,9.6
1097,TRK-1083,2026-04-11T04:33:08,34.700571,-83.203907,48.4
1098,TRK-1077,2026-04-11T05:20:00,33.492887,-75.75668,113.2
1099,TRK-1015,2026-04-11T05:25:37,36.597986,-81.573765,48.8
1100,TRK-1074,2026-04-11T05:38:17,32.019636,-81.778541,44.2
1101,TRK-1003,2026-04-11T06:01:42,32.097268,-81.033311,58.9
1102,TRK-1035,2026-04-11T06:16:40,33.217549,-81.062098,34.1
1103,TRK-1069,2026-04-11T06:19:12,34.564933,-84.037529,44.8
1104,TRK-1059,2026-04-11T06:22:07,34.143516,-78.210211,72.2
1105,TRK-1038,2026-04-11T06:34:01,36.324877,-80.535928,59.6
1106,TRK-1019,2026-04-11T06:45:52,35.594572,-83.398434,53.4
1107,TRK-1094,2026-04-11T06:55:18,33.651846,-75.168447,47.5
1108,TRK-1085,2026-04-11T07:03:00,35.182768,-78.413704,44.9
1109,TRK-1015,2026-04-11T07:03:00,32.884391,-80.977229,56.5
1110,TRK-1064,2026-04-11T07:13:33,33.846239,-75.587717,25.0
1111,TRK-1081,2026-04-11T07:27:55,32.549375,-81.17776,56.8
1112,TRK-1065,2026-04-11T08:01:49,34.26538,-76.649594,38.4
1113,TRK-1055,2026-04-11T08:09:26,36.211469,-77.274139,63.3
1114,TRK-1017,2026-04-11T08:25:08,32.769921,-77.328966,22.1
1115,TRK-1031,2026-04-11T08:29:17,34.200002,-77.471409,40.5
1116,TRK-1040,2026-04-11T08:32:18,36.034712,-79.787742,49.3
1117,TRK-1083,2026-04-11T08:34:22,34.372736,-83.428897,44.0
1118,TRK-1013,2026-04-11T08:58:45,33.671154,-83.631046,49.4
1119,TRK-1018,2026-04-11T09:01:50,35.863762,-78.813429,59.0
1120,TRK-1043,2026-04-11T09:04:33,33.025229,-76.00286,63.6
1121,TRK-1017,2026-04-11T09:27:28,34.715275,-77.972651,50.9
1122,TRK-1036,2026-04-11T09:34:32,33.112594,-80.758373,21.7
1123,TRK-1026,2026-04-11T09:37:12,36.12747,-84.144327,0.5
1124,TRK-1031,2026-04-11T09:43:12,32.494641,-80.763791,39.8
1125,TRK-1007,2026-04-11T10:29:45,34.00857,-84.328853,46.7
1126,TRK-1048,2026-04-11T10:39:22,34.040529,-77.636296,23.2
1127,TRK-1031,2026-04-11T11:12:44,35.597668,-77.309071,48.1
1128,TRK-1020,2026-04-11T11:15:49,33.809303,-82.799866,42.1
1129,TRK-1066,2026-04-11T11:41:07,33.291166,-78.829805,14.9
1130,TRK-1036,2026-04-11T12:05:59,35.484372,-79.427746,70.9
1131,TRK-1081,2026-04-11T12:09:55,35.686293,-83.737416,63.6
1132,TRK-1064,2026-04-11T12:35:58,35.081676,-84.050746,60.4
1133,TRK-1009,2026-04-11T13:08:22,32.799731,-83.678376,64.6
1134,TRK-1000,2026-04-11T13:15:41,36.367371,-81.185578,22.2
1135,TRK-1020,2026-04-11T13:17:54,33.698421,-79.286527,74.9
1136,TRK-1013,2026-04-11T13:22:00,36.334815,-75.386864,18.6
1137,TRK-1004,2026-04-11T13:22:27,36.227396,-78.864346,64.5
1138,TRK-1030,2026-04-11T13:45:06,35.562527,-79.562182,41.5
1139,TRK-1022,2026-04-11T13:51:01,32.809828,-78.428733,33.4
1140,TRK-1072,2026-04-11T14:02:26,32.5095,-77.893216,36.6
1141,TRK-1053,2026-04-11T14:03:45,34.820765,-75.691634,33.3
1142,TRK-1037,2026-04-11T14:04:04,34.649041,-75.894846,20.2
1143,TRK-1039,2026-04-11T14:21:07,34.315893,-80.034086,55.2
1144,TRK-1034,2026-04-11T14:46:47,32.591596,-78.478972,33.3
1145,TRK-1003,2026-04-11T15:00:58,36.732796,-83.354603,47.1
1146,TRK-1011,2026-04-11T15:26:29,32.324148,-83.440373,9.7
1147,TRK-1042,2026-04-11T15:52:16,34.256014,-84.427027,54.0
1148,TRK-1006,2026-04-11T15:56:01,33.710168,-82.083849,46.9
1149,TRK-1090,2026-04-11T16:00:35,36.896065,-78.246195,25.9
1150,TRK-1043,2026-04-11T16:02:23,32.36622,-75.311223,13.5
1151,TRK-1054,2026-04-11T16:13:02,36.253181,-79.572985,30.3
1152,TRK-1071,2026-04-11T16:42:03,35.550797,-81.0387,32.3
1153,TRK-1091,2026-04-11T16:53:43,33.793248,-80.061381,42.9
1154,TRK-1002,2026-04-11T17:30:47,36.283533,-76.962826,0.0
1155,TRK-1025,2026-04-11T17:44:58,33.122763,-76.549596,30.5
1156,TRK-1025,2026-04-11T18:06:40,32.58037,-83.85432,31.3
1157,TRK-1034,2026-04-11T18:35:26,32.583226,-75.815823,47.6
1158,TRK-1012,2026-04-11T19:08:47,33.941637,-82.23843,69.9
1159,TRK-1005,2026-04-11T19:30:25,36.456963,-75.974696,34.5
1160,TRK-1003,2026-04-11T20:04:03,35.120394,-79.163699,92.8
1161,TRK-1043,2026-04-11T20:04:39,33.918947,-76.394678,29.4
1162,TRK-1033,2026-04-11T20:09:24,35.0177,-82.473594,72.2
1163,TRK-1067,2026-04-11T20:20:46,33.541206,-82.367056,15.3
1164,TRK-1052,2026-04-11T20:25:32,35.459949,-79.054473,34.7
1165,TRK-1070,2026-04-11T20:26:29,35.426714,-83.095116,27.2
1166,TRK-1030,2026-04-11T20:37:50,35.240984,-83.927186,54.2
1167,TRK-1087,2026-04-11T20:39:42,35.753967,-77.719628,29.4
1168,TRK-1068,2026-04-11T20:51:14,34.766248,-78.021199,46.0
1169,TRK-1079,2026-04-11T21:00:32,32.421915,-82.36847,69.5
1170,TRK-1028,2026-04-11T21:11:18,33.587299,-78.551358,52.1
1171,TRK-1086,2026-04-11T21:21:28,36.920679,-79.642765,41.2
1172,TRK-1000,2026-04-11T21:23:43,35.941488,-77.155182,64.0
1173,TRK-1079,2026-04-11T21:24:29,33.657231,-84.490602,38.2
1174,TRK-1010,2026-04-11T21:35:20,32.24727,-83.425899,31.2
1175,TRK-1089,2026-04-11T21:54:49,35.080325,-78.610642,45.3
1176,TRK-1078,2026-04-11T21:57:54,32.333348,-79.907231,27.3
1177,TRK-1011,2026-04-11T22:12:59,36.100994,-81.467379,52.4
1178,TRK-1040,2026-04-11T22:23:12,33.240028,-77.98959,42.5
1179,TRK-1077,2026-04-11T22:25:10,36.940234,-77.818958,20.4
1180,TRK-1083,2026-04-11T22:37:07,36.869295,-76.348017,15.2
1181,TRK-1010,2026-04-11T22:49:54,33.674249,-81.991358,69.0
1182,TRK-1057,2026-04-11T22:50:29,34.859334,-76.157346,33.5
1183,TRK-1090,2026-04-11T22:59:22,36.717686,-77.602554,38.7
1184,TRK-1069,2026-04-11T23:13:45,35.453787,-82.537083,12.0
1185,TRK-1088,2026-04-11T23:34:46,32.870151,-80.833446,39.9
1186,TRK-1017,2026-04-11T23:42:36,33.856466,-76.764496,65.7
1187,TRK-1006,2026-04-12T00:04:45,32.848474,-75.62349,40.0
1188,TRK-1080,2026-04-12T00:06:40,35.544834,-80.938139,49.6
1189,TRK-1076,2026-04-12T00:30:51,35.74382,-79.745452,46.2
1190,TRK-1081,2026-04-12T00:35:26,36.540415,-83.925489,40.2
1191,TRK-1083,2026-04-12T00:46:15,36.680946,-84.289307,73.4
1192,TRK-1004,2026-04-12T01:18:49,35.553481,-77.456186,43.0
1193,TRK-1045,2026-04-12T01:22:46,35.82334,-81.512684,16.9
1194,TRK-1014,2026-04-12T01:40:04,33.141289,-77.328439,35.9
1195,TRK-1062,2026-04-12T01:40:10,35.471909,-79.799845,77.4
1196,TRK-1012,2026-04-12T01:40:14,33.161653,-76.691172,48.8
1197,TRK-1093,2026-04-12T02:35:19,34.020232,-75.051583,55.9
1198,TRK-1071,2026-04-12T02:39:58,32.796327,-81.878067,54.6
1199,TRK-1012,2026-04-12T03:11:57,36.2182,-76.448915,33.5
1200,TRK-1095,2026-04-12T03:13:44,32.614651,-81.944292,37.7
1201,TRK-1018,2026-04-12T03:14:30,32.199799,-83.726278,73.5
1202,TRK-1040,2026-04-12T03:25:56,35.745197,-82.825623,60.9
1203,TRK-1086,2026-04-12T03:26:29,32.806408,-75.222483,47.8
1204,TRK-1082,2026-04-12T03:29:02,35.474429,-80.433257,39.9
1205,TRK-1033,2026-04-12T03:29:48,35.953041,-75.875303,42.8
1206,TRK-1064,2026-04-12T03:38:31,35.631313,-83.852658,57.4
1207,TRK-1003,2026-04-12T03:54:43,36.558943,-75.224491,42.9
1208,TRK-1058,2026-04-12T04:01:57,36.194484,-83.702818,40.5
1209,TRK-1037,2026-04-12T04:02:21,36.432324,-75.457556,45.9
1210,TRK-1096,2026-04-12T04:08:59,36.69961,-81.916891,68.0
1211,TRK-1001,2026-04-12T04:11:01,32.732002,-84.485142,50.5
1212,TRK-1015,2026-04-12T04:13:07,32.992711,-83.637201,50.6
1213,TRK-1022,2026-04-12T04:13:18,34.062199,-83.268748,46.9
1214,TRK-1099,2026-04-12T04:22:44,34.735875,-77.27069,12.0
1215,TRK-1019,2026-04-12T04:26:15,35.501734,-78.944263,41.4
1216,TRK-1063,2026-04-12T04:32:04,36.975442,-76.202077,37.1
1217,TRK-1020,2026-04-12T04:32:31,32.129891,-80.674235,78.5
1218,TRK-1063,2026-04-12T04:37:55,35.055823,-77.951749,42.4
1219,TRK-1007,2026-04-12T04:54:00,32.732738,-79.558735,13.0
1220,TRK-1045,2026-04-12T04:56:39,34.381034,-80.318176,60.4
1221,TRK-1045,2026-04-12T05:30:16,35.987841,-81.8379,56.9
1222,TRK-1023,2026-04-12T05:46:07,35.197946,-76.617276,0.0
1223,TRK-1090,2026-04-12T06:00:15,32.538795,-82.643284,37.1
1224,TRK-1062,2026-04-12T06:29:32,35.7043,-80.524719,30.6
1225,TRK-1020,2026-04-12T06:33:10,36.105823,-80.491634,34.0
1226,TRK-1096,2026-04-12T06:35:08,34.743812,-76.305146,74.9
1227,TRK-1087,2026-04-12T06:36:17,33.172394,-83.577055,63.1
1228,TRK-1032,2026-04-12T07:17:01,32.651278,-78.916225,45.1
1229,TRK-1017,2026-04-12T07:17:06,33.751371,-77.715976,63.6
1230,TRK-1086,2026-04-12T07:58:28,36.080505,-78.140483,40.0
1231,TRK-1020,2026-04-12T08:03:11,32.106175,-84.182749,54.1
1232,TRK-1051,2026-04-12T08:33:00,32.265082,-79.356176,44.1
1233,TRK-1084,2026-04-12T08:54:45,35.488284,-80.892914,63.2
1234,TRK-1098,2026-04-12T08:57:25,32.856883,-79.70082,33.8
1235,TRK-1069,2026-04-12T09:00:35,33.893926,-77.093064,57.9
1236,TRK-1074,2026-04-12T09:20:10,36.14442,-81.714755,34.0
1237,TRK-1057,2026-04-12T09:45:12,33.394317,-81.502535,79.5
1238,TRK-1060,2026-04-12T09:54:02,35.462039,-75.966598,7.9
1239,TRK-1018,2026-04-12T09:59:03,33.524064,-77.394244,34.8
1240,TRK-1072,2026-04-12T10:11:33,34.370333,-81.186757,76.0
1241,TRK-1011,2026-04-12T10:23:17,34.980985,-75.895025,23.7
1242,TRK-1044,2026-04-12T10:39:31,33.02849,-82.888345,73.2
1243,TRK-1099,2026-04-12T10:39:51,34.584426,-76.387808,20.8
1244,TRK-1014,2026-04-12T10:48:39,35.980403,-83.870291,30.8
1245,TRK-1029,2026-04-12T10:54:15,32.686906,-82.905053,67.1
1246,TRK-1019,2026-04-12T11:02:34,33.266042,-78.598443,63.3
1247,TRK-1022,2026-04-12T11:17:45,35.803712,-75.908557,72.6
1248,TRK-1059,2026-04-12T11:18:40,32.509842,-77.362666,49.6
1249,TRK-1057,2026-04-12T11:20:27,33.670587,-84.26691,52.5
1250,TRK-1024,2026-04-12T11:35:12,33.230294,-77.495893,34.8
1251,TRK-1052,2026-04-12T12:15:04,32.013953,-81.630238,15.1
1252,TRK-1066,2026-04-12T12:27:48,33.899808,-78.726079,45.7
1253,TRK-1036,2026-04-12T13:31:42,34.522389,-81.298662,57.8
1254,TRK-1096,2026-04-12T14:03:25,34.09192,-83.42583,6.8
1255,TRK-1096,2026-04-12T14:03:34,35.739417,-81.654677,51.5
1256,TRK-1044,2026-04-12T15:04:16,32.771884,-82.125875,72.4
1257,TRK-1043,2026-04-12T15:05:34,33.959,-79.054327,56.8
1258,TRK-1006,2026-04-12T15:18:12,33.932648,-83.038737,39.9
1259,TRK-1091,2026-04-12T15:23:20,35.410559,-81.173878,60.8
1260,TRK-1081,2026-04-12T15:31:00,32.476638,-79.011419,54.9
1261,TRK-1097,2026-04-12T15:36:26,32.804805,-76.786121,28.8
1262,TRK-1020,2026-04-12T15:40:12,35.109335,-83.673449,40.6
1263,TRK-1052,2026-04-12T16:05:44,34.976454,-78.303024,28.3
1264,TRK-1080,2026-04-12T16:10:36,35.560432,-82.599966,43.9
1265,TRK-1052,2026-04-12T16:15:36,35.546672,-83.154855,16.9
1266,TRK-1010,2026-04-12T16:19:46,33.407994,-82.576407,44.0
1267,TRK-1089,2026-04-12T16:34:58,36.954858,-77.770644,22.6
1268,TRK-1069,2026-04-12T16:46:41,32.559912,-79.909377,56.7
1269,TRK-1019,2026-04-12T16:54:14,32.99732,-83.497135,52.0
1270,TRK-1079,2026-04-12T16:55:28,32.297388,-82.504395,11.6
1271,TRK-1089,2026-04-12T16:57:35,34.06807,-79.34802,32.5
1272,TRK-1047,2026-04-12T17:21:51,32.144596,-81.166183,66.4
1273,TRK-1027,2026-04-12T17:22:23,36.182198,-79.228708,44.1
1274,TRK-1012,2026-04-12T17:32:22,36.621237,-78.823682,50.8
1275,TRK-1058,2026-04-12T17:40:42,36.319571,-79.188202,37.2
1276,TRK-1026,2026-04-12T17:40:50,34.164438,-79.198029,84.4
1277,TRK-1038,2026-04-12T17:46:00,34.104337,-77.584687,51.6
1278,TRK-1028,2026-04-12T17:48:16,33.487282,-77.431745,24.8
1279,TRK-1053,2026-04-12T17:48:17,33.911534,-80.775633,52.3
1280,TRK-1047,2026-04-12T17:51:35,34.808977,-83.413676,34.5
1281,TRK-1027,2026-04-12T17:55:26,32.209631,-80.062798,45.7
1282,TRK-1054,2026-04-12T18:01:34,33.594404,-83.732364,24.9
1283,TRK-1014,2026-04-12T18:05:11,34.87012,-83.027038,49.8
1284,TRK-1023,2026-04-12T18:43:25,36.971131,-75.117428,56.0
1285,TRK-1050,2026-04-12T19:18:15,35.333586,-83.875776,34.8
1286,TRK-1017,2026-04-12T19:23:54,35.298897,-75.040295,21.9
1287,TRK-1004,2026-04-12T19:53:18,36.739354,-83.277287,15.3
1288,TRK-1062,2026-04-12T19:55:49,32.535068,-79.734228,28.6
1289,TRK-1027,2026-04-12T20:28:16,35.814095,-80.439795,4.1
1290,TRK-1051,2026-04-12T20:44:25,36.931203,-76.041033,31.3
1291,TRK-1005,2026-04-12T20:52:35,34.981913,-78.948443,28.5
1292,TRK-1011,2026-04-12T21:32:00,34.977868,-76.683379,35.2
1293,TRK-1034,2026-04-12T21:33:29,36.154947,-77.488801,67.5
1294,TRK-1087,2026-04-12T21:43:57,32.789158,-83.452817,52.1
1295,TRK-1091,2026-04-12T21:53:21,32.679662,-76.513756,27.1
1296,TRK-1013,2026-04-12T22:20:24,36.786977,-82.576742,46.6
1297,TRK-1070,2026-04-12T22:20:25,32.199959,-77.698295,45.1
1298,TRK-1009,2026-04-12T22:33:50,32.582816,-79.74626,18.8
1299,TRK-1060,2026-04-12T23:06:16,36.204796,-75.920697,29.9
1300,TRK-1072,2026-04-12T23:08:36,36.421612,-82.61327,40.8
1301,TRK-1054,2026-04-12T23:09:14,34.377572,-80.451616,50.3
1302,TRK-1089,2026-04-12T23:11:01,32.472625,-82.033825,58.8
1303,TRK-1082,2026-04-12T23:26:48,35.241174,-82.328508,28.2
1304,TRK-1012,2026-04-12T23:34:05,36.105644,-75.267933,61.7
1305,TRK-1077,2026-04-12T23:51:31,32.297621,-81.252873,54.0
1306,TRK-1016,2026-04-12T23:57:12,33.612193,-81.065442,41.6
1307,TRK-1088,2026-04-12T23:57:53,32.053104,-81.561284,31.6
1308,TRK-1072,2026-04-13T00:06:53,34.370619,-82.900138,35.5
1309,TRK-1050,2026-04-13T00:26:03,36.141617,-83.261836,60.0
1310,TRK-1043,2026-04-13T01:00:16,35.610835,-75.163813,77.3
1311,TRK-1064,2026-04-13T01:13:10,34.541355,-83.764056,32.6
1312,TRK-1050,2026-04-13T01:33:16,33.423851,-76.825274,39.1
1313,TRK-1062,2026-04-13T01:37:25,33.671527,-77.727239,48.0
1314,TRK-1079,2026-04-13T01:58:10,33.624702,-78.119307,5.8
1315,TRK-1077,2026-04-13T01:59:46,36.347982,-76.177916,35.3
1316,TRK-1067,2026-04-13T02:15:13,32.879488,-78.811813,33.8
1317,TRK-1055,2026-04-13T02:39:04,35.230831,-76.280406,38.4
1318,TRK-1081,2026-04-13T02:42:11,36.386962,-82.318224,51.8
1319,TRK-1088,2026-04-13T02:44:56,33.07149,-82.511516,41.7
1320,TRK-1013,2026-04-13T02:48:48,35.099498,-81.954843,46.5
1321,TRK-1021,2026-04-13T03:24:34,35.204043,-75.397438,14.2
1322,TRK-1042,2026-04-13T03:33:19,36.606489,-78.499233,44.6
1323,TRK-1013,2026-04-13T04:01:38,36.400301,-76.47429,44.4
1324,TRK-1003,2026-04-13T04:05:08,34.170467,-78.830094,51.9
1325,TRK-1054,2026-04-13T04:29:42,36.514241,-75.527955,32.4
1326,TRK-1098,2026-04-13T04:43:35,32.437558,-75.816368,71.4
1327,TRK-1018,2026-04-13T04:48:43,33.896801,-79.482062,52.0
1328,TRK-1047,2026-04-13T04:49:28,36.982433,-83.269293,12.6
1329,TRK-1051,2026-04-13T04:55:43,36.329203,-84.107781,60.6
1330,TRK-1094,2026-04-13T05:19:15,32.15485,-77.495535,52.5
1331,TRK-1056,2026-04-13T05:40:25,32.362613,-78.856843,49.0
1332,TRK-1034,2026-04-13T05:59:25,36.296585,-78.516717,58.0
1333,TRK-1046,2026-04-13T06:02:27,33.088296,-81.257056,43.1
1334,TRK-1067,2026-04-13T06:08:46,35.655034,-77.242728,46.9
1335,TRK-1091,2026-04-13T06:25:24,35.926149,-78.703836,45.3
1336,TRK-1084,2026-04-13T06:37:38,34.654796,-78.792304,52.6
1337,TRK-1017,2026-04-13T06:52:23,34.57053,-82.052707,46.2
1338,TRK-1012,2026-04-13T06:53:15,32.958742,-79.425403,48.0
1339,TRK-1038,2026-04-13T06:56:08,35.922978,-75.800426,33.5
1340,TRK-1058,2026-04-13T06:57:21,34.10799,-84.331635,46.6
1341,TRK-1003,2026-04-13T07:02:50,32.469317,-77.392971,38.8
1342,TRK-1093,2026-04-13T07:06:57,34.55609,-81.730292,49.5
1343,TRK-1068,2026-04-13T07:08:07,36.761789,-76.991252,66.6
1344,TRK-1046,2026-04-13T07:45:13,32.807427,-76.129899,62.5
1345,TRK-1073,2026-04-13T08:14:23,36.75857,-81.197877,30.9
1346,TRK-1041,2026-04-13T08:18:23,36.288585,-77.039433,30.6
1347,TRK-1020,2026-04-13T08:32:04,36.966151,-77.694554,28.1
1348,TRK-1076,2026-04-13T08:35:37,35.248412,-81.34804,63.3
1349,TRK-1069,2026-04-13T08:46:38,34.464172,-79.876472,61.2
1350,TRK-1046,2026-04-13T08:48:24,36.046516,-76.515097,69.4
1351,TRK-1026,2026-04-13T09:00:41,35.435379,-81.932617,39.5
1352,TRK-1002,2026-04-13T09:01:03,36.857206,-75.718555,46.9
1353,TRK-1075,2026-04-13T09:08:13,33.20829,-80.25052,66.6
1354,TRK-1004,2026-04-13T09:14:23,33.210887,-75.307786,48.7
1355,TRK-1054,2026-04-13T09:25:44,32.997246,-79.536917,34.7
1356,TRK-1002,2026-04-13T09:52:24,33.654406,-84.090716,72.6
1357,TRK-1096,2026-04-13T10:06:32,36.818205,-84.211152,39.1
1358,TRK-1004,2026-04-13T10:09:25,36.394562,-80.926177,74.0
1359,TRK-1034,2026-04-13T10:21:02,34.321626,-79.117209,80.3
1360,TRK-1080,2026-04-13T10:25:42,36.54459,-80.758576,45.8
1361,TRK-1091,2026-04-13T10:35:19,33.815855,-83.938197,65.0
1362,TRK-1046,2026-04-13T11:01:05,34.22775,-76.147028,56.1
1363,TRK-1035,2026-04-13T11:18:17,32.208362,-83.359163,41.5
1364,TRK-1078,2026-04-13T11:33:15,35.486802,-75.290147,33.2
1365,TRK-1023,2026-04-13T11:54:53,34.324856,-81.531734,30.8
1366,TRK-1078,2026-04-13T11:55:47,32.799264,-84.26798,48.8
1367,TRK-1078,2026-04-13T12:17:55,32.736847,-79.286936,59.7
1368,TRK-1050,2026-04-13T12:40:05,33.675569,-81.973107,73.7
1369,TRK-1086,2026-04-13T12:40:10,35.93497,-79.796687,76.1
1370,TRK-1002,2026-04-13T12:43:59,34.84949,-84.091664,32.0
1371,TRK-1012,2026-04-13T13:26:52,33.314229,-80.538534,61.7
1372,TRK-1006,2026-04-13T13:30:51,33.487915,-82.400661,51.0
1373,TRK-1037,2026-04-13T13:34:42,35.370676,-83.368887,56.0
1374,TRK-1023,2026-04-13T13:42:21,36.418781,-79.580159,48.5
1375,TRK-1068,2026-04-13T14:20:46,33.600365,-76.263723,56.5
1376,TRK-1018,2026-04-13T14:23:45,35.489055,-80.815291,43.4
1377,TRK-1032,2026-04-13T14:32:45,32.063969,-79.748981,34.3
1378,TRK-1081,2026-04-13T15:04:38,34.697878,-79.528163,43.7
1379,TRK-1078,2026-04-13T15:14:46,33.410764,-78.850841,21.5
1380,TRK-1007,2026-04-13T15:21:35,33.475944,-83.60161,17.1
1381,TRK-1047,2026-04-13T15:24:49,33.469363,-79.494844,48.7
1382,TRK-1052,2026-04-13T15:39:27,36.501753,-76.847961,20.9
1383,TRK-1032,2026-04-13T15:51:54,36.76765,-84.399533,7.4
1384,TRK-1094,2026-04-13T15:53:52,35.417555,-83.620545,30.7
1385,TRK-1031,2026-04-13T16:17:43,35.980415,-79.463154,55.7
1386,TRK-1097,2026-04-13T16:25:09,34.454423,-75.318092,14.0
1387,TRK-1084,2026-04-13T16:27:32,33.307357,-81.534802,14.1
1388,TRK-1008,2026-04-13T16:39:46,34.075451,-81.671794,39.2
1389,TRK-1002,2026-04-13T16:46:25,32.044475,-76.947181,63.6
1390,TRK-1053,2026-04-13T16:57:21,36.070034,-81.760423,31.0
1391,TRK-1093,2026-04-13T17:00:30,35.793069,-77.778833,58.4
1392,TRK-1031,2026-04-13T17:37:03,33.328146,-77.916541,39.3
1393,TRK-1006,2026-04-13T17:39:37,36.871595,-84.167703,54.7
1394,TRK-1083,2026-04-13T18:02:17,34.605137,-76.865933,16.9
1395,TRK-1051,2026-04-13T18:10:29,34.986221,-79.140869,15.3
1396,TRK-1024,2026-04-13T18:23:59,34.804725,-77.635104,23.3
1397,TRK-1057,2026-04-13T18:28:27,36.517417,-84.05508,39.0
1398,TRK-1051,2026-04-13T18:38:39,35.163236,-79.0301,56.0
1399,TRK-1022,2026-04-13T18:43:16,35.464291,-82.859456,70.1
1400,TRK-1079,2026-04-13T18:48:56,33.969945,-77.869523,51.9
1401,TRK-1064,2026-04-13T19:11:38,33.17125,-77.839538,60.2
1402,TRK-1078,2026-04-13T19:27:00,34.748335,-82.581956,22.4
1403,TRK-1079,2026-04-13T19:27:13,34.023799,-76.585852,82.3
1404,TRK-1047,2026-04-13T19:32:00,34.819285,-75.855023,61.8
1405,TRK-1064,2026-04-13T19:38:39,36.18161,-81.991486,92.1
1406,TRK-1043,2026-04-13T19:40:31,34.288949,-83.142032,14.4
1407,TRK-1038,2026-04-13T19:42:55,35.165269,-80.351441,35.8
1408,TRK-1023,2026-04-13T19:57:57,32.575615,-79.959951,38.8
1409,TRK-1052,2026-04-13T20:02:49,34.601524,-77.542482,53.1
1410,TRK-1012,2026-04-13T20:21:25,36.766463,-75.782021,15.6
1411,TRK-1019,2026-04-13T20:29:02,34.66808,-80.77251,42.0
1412,TRK-1025,2026-04-13T20:30:59,32.507659,-82.438898,26.5
1413,TRK-1018,2026-04-13T20:47:29,34.298933,-79.789615,28.4
1414,TRK-1034,2026-04-13T20:52:10,36.875661,-75.048217,74.0
1415,TRK-1021,2026-04-13T21:02:38,33.049464,-83.467593,22.5
1416,TRK-1083,2026-04-13T21:06:04,32.65661,-79.800699,0.0
1417,TRK-1063,2026-04-13T21:09:44,33.615344,-77.535109,57.4
1418,TRK-1031,2026-04-13T22:08:32,36.67178,-76.201298,45.0
1419,TRK-1033,2026-04-13T22:10:21,33.27923,-77.971266,48.4
1420,TRK-1079,2026-04-13T22:18:46,33.411624,-76.588916,32.8
1421,TRK-1017,2026-04-13T22:26:10,36.731318,-84.174052,46.1
1422,TRK-1039,2026-04-13T22:27:24,35.230491,-78.831778,49.3
1423,TRK-1042,2026-04-13T22:33:45,35.567935,-75.060916,48.0
1424,TRK-1009,2026-04-13T22:40:37,35.733225,-82.251977,32.8
1425,TRK-1056,2026-04-13T22:41:03,33.815723,-82.629383,45.3
1426,TRK-1017,2026-04-13T22:45:13,35.293758,-77.694561,36.2
1427,TRK-1023,2026-04-13T22:46:11,35.066402,-75.102447,79.3
1428,TRK-1080,2026-04-13T23:02:22,32.838509,-77.085161,48.7
1429,TRK-1029,2026-04-13T23:17:16,36.102305,-83.150427,17.4
1430,TRK-1041,2026-04-13T23:29:41,32.62555,-81.711891,61.4
1431,TRK-1010,2026-04-13T23:53:27,34.710606,-84.323577,54.2
1432,TRK-1095,2026-04-13T23:55:24,36.377834,-82.709897,75.2
1433,TRK-1098,2026-04-13T23:59:22,35.561348,-83.225791,43.3
1434,TRK-1037,2026-04-14T00:13:53,33.663898,-79.235424,34.7
1435,TRK-1063,2026-04-14T00:15:57,36.38609,-82.219518,71.6
1436,TRK-1075,2026-04-14T00:28:32,34.312124,-76.768362,47.6
1437,TRK-1065,2026-04-14T00:51:20,33.781202,-83.794601,101.6
1438,TRK-1060,2026-04-14T01:03:28,33.119748,-76.65907,59.5
1439,TRK-1040,2026-04-14T01:05:18,36.954301,-82.568539,31.3
1440,TRK-1029,2026-04-14T01:06:16,32.366462,-76.894725,46.6
1441,TRK-1088,2026-04-14T01:40:39,35.93186,-78.359891,65.1
1442,TRK-1001,2026-04-14T01:46:56,32.998258,-82.407134,41.3
1443,TRK-1016,2026-04-14T02:14:30,36.557778,-76.304549,52.1
1444,TRK-1062,2026-04-14T02:19:25,32.446065,-76.825921,23.1
1445,TRK-1048,2026-04-14T02:35:14,34.060447,-75.267377,24.4
1446,TRK-1076,2026-04-14T02:48:09,35.245508,-83.869321,80.9
1447,TRK-1097,2026-04-14T02:58:37,33.160801,-81.100033,13.7
1448,TRK-1070,2026-04-14T02:59:00,35.520876,-82.488787,57.2
1449,TRK-1073,2026-04-14T03:42:58,32.23584,-78.443945,55.9
1450,TRK-1034,2026-04-14T04:02:18,35.67215,-79.980517,23.6
1451,TRK-1029,2026-04-14T05:13:11,35.837644,-80.265802,35.5
1452,TRK-1012,2026-04-14T05:26:09,32.386992,-83.847509,54.7
1453,TRK-1085,2026-04-14T05:31:52,33.513906,-75.831866,37.7
1454,TRK-1093,2026-04-14T05:42:03,34.101448,-77.598091,72.7
1455,TRK-1042,2026-04-14T06:15:00,35.722009,-79.356126,28.5
1456,TRK-1040,2026-04-14T06:18:59,35.808712,-81.630286,30.7
1457,TRK-1000,2026-04-14T06:29:08,34.142237,-82.474833,10.9
1458,TRK-1027,2026-04-14T06:47:37,33.201367,-83.120073,54.3
1459,TRK-1091,2026-04-14T06:57:13,35.859969,-83.84935,24.8
1460,TRK-1022,2026-04-14T07:34:59,34.418211,-75.571058,24.7
1461,TRK-1098,2026-04-14T07:41:41,35.601314,-79.66534,31.5
1462,TRK-1061,2026-04-14T07:41:59,34.076133,-84.250001,30.9
1463,TRK-1017,2026-04-14T07:46:09,33.381771,-83.076522,57.2
1464,TRK-1019,2026-04-14T08:00:16,32.91108,-83.844006,44.6
1465,TRK-1015,2026-04-14T08:01:59,35.972834,-81.180138,16.7
1466,TRK-1094,2026-04-14T09:23:26,35.252263,-84.116589,23.1
1467,TRK-1010,2026-04-14T09:26:16,36.033135,-77.719734,66.8
1468,TRK-1084,2026-04-14T09:35:18,34.398824,-84.19221,43.9
1469,TRK-1085,2026-04-14T10:13:05,32.871749,-79.648904,55.6
1470,TRK-1037,2026-04-14T10:18:10,32.363469,-80.579237,84.8
1471,TRK-1014,2026-04-14T10:37:42,34.682,-77.712445,46.6
1472,TRK-1090,2026-04-14T10:58:22,33.544514,-75.279928,39.6
1473,TRK-1057,2026-04-14T11:09:07,34.787385,-83.38033,37.8
1474,TRK-1005,2026-04-14T11:19:22,36.26569,-82.76454,63.7
1475,TRK-1022,2026-04-14T11:29:36,34.37558,-76.595649,51.4
1476,TRK-1039,2026-04-14T11:34:43,32.788034,-77.255157,40.2
1477,TRK-1095,2026-04-14T12:16:00,36.610656,-81.068272,69.0
1478,TRK-1076,2026-04-14T12:18:53,34.935947,-82.377865,63.4
1479,TRK-1091,2026-04-14T12:19:32,32.724191,-83.954343,32.7
1480,TRK-1016,2026-04-14T12:21:29,34.796012,-81.803317,50.7
1481,TRK-1031,2026-04-14T12:34:29,35.282648,-82.5838,30.4
1482,TRK-1017,2026-04-14T12:51:17,36.018212,-83.422813,62.7
1483,TRK-1076,2026-04-14T12:51:47,33.1075,-81.202104,58.0
1484,TRK-1000,2026-04-14T13:02:39,33.258585,-79.724801,42.0
1485,TRK-1022,2026-04-14T13:16:07,35.021581,-80.983141,69.0
1486,TRK-1066,2026-04-14T13:18:31,34.040829,-77.179272,44.1
1487,TRK-1022,2026-04-14T13:36:17,36.564097,-79.610482,17.6
1488,TRK-1037,2026-04-14T13:47:31,33.038494,-82.616644,52.5
1489,TRK-1025,2026-04-14T13:55:53,32.945228,-77.270408,59.1
1490,TRK-1064,2026-04-14T14:27:54,34.47486,-78.806536,39.7
1491,TRK-1004,2026-04-14T14:32:19,36.463883,-76.291546,17.6
1492,TRK-1034,2026-04-14T14:32:35,36.77876,-77.045846,67.6
1493,TRK-1095,2026-04-14T14:50:10,36.773111,-79.041859,45.4
1494,TRK-1086,2026-04-14T14:58:09,35.032981,-82.415701,34.7
1495,TRK-1085,2026-04-14T15:05:07,32.315515,-79.432543,27.3
1496,TRK-1096,2026-04-14T15:08:58,32.760728,-76.198254,60.2
1497,TRK-1098,2026-04-14T15:11:46,36.724011,-76.016402,101.0
1498,TRK-1039,2026-04-14T15:35:06,33.386789,-76.755651,27.7
1499,TRK-1023,2026-04-14T15:39:28,34.604531,-82.134255,47.2
1500,TRK-1002,2026-04-14T16:01:38,32.919339,-76.143024,68.2
1501,TRK-1023,2026-04-14T16:04:22,32.445996,-83.154737,25.6
1502,TRK-1050,2026-04-14T16:19:02,34.877643,-77.270915,66.6
1503,TRK-1040,2026-04-14T16:28:02,33.145976,-82.949425,27.3
1504,TRK-1042,2026-04-14T16:32:24,32.961708,-83.459366,38.8
1505,TRK-1010,2026-04-14T16:35:30,32.484814,-83.510877,57.9
1506,TRK-1066,2026-04-14T16:44:14,34.563052,-81.882675,24.1
1507,TRK-1069,2026-04-14T16:56:13,34.538527,-77.433083,58.6
1508,TRK-1008,2026-04-14T17:05:34,33.626849,-78.890278,56.5
1509,TRK-1054,2026-04-14T17:23:30,32.205459,-77.136057,15.4
1510,TRK-1040,2026-04-14T18:00:44,36.577093,-80.576996,38.5
1511,TRK-1065,2026-04-14T18:23:25,32.183135,-78.493188,27.0
1512,TRK-1099,2026-04-14T18:25:54,34.933728,-76.011352,40.5
1513,TRK-1070,2026-04-14T18:27:35,32.149808,-75.902118,54.4
1514,TRK-1029,2026-04-14T18:33:43,32.300615,-81.814582,40.4
1515,TRK-1054,2026-04-14T18:43:50,33.328613,-80.411494,43.1
1516,TRK-1088,2026-04-14T19:06:44,36.027841,-82.581972,34.0
1517,TRK-1025,2026-04-14T19:13:37,34.397077,-79.338843,49.1
1518,TRK-1005,2026-04-14T19:30:26,36.7935,-83.813904,40.7
1519,TRK-1069,2026-04-14T19:37:12,32.400765,-80.988571,14.1
1520,TRK-1040,2026-04-14T20:19:06,34.221693,-81.4325,14.5
1521,TRK-1050,2026-04-14T20:57:27,32.097841,-83.046953,22.8
1522,TRK-1032,2026-04-14T21:03:34,36.621452,-82.324696,67.5
1523,TRK-1019,2026-04-14T21:05:05,36.360619,-80.47014,48.4
1524,TRK-1032,2026-04-14T21:10:57,35.317287,-79.403938,47.9
1525,TRK-1062,2026-04-14T21:33:53,36.582049,-83.877676,78.5
1526,TRK-1013,2026-04-14T21:36:35,34.113156,-75.757766,67.3
1527,TRK-1028,2026-04-14T21:57:43,36.77145,-80.308135,27.2
1528,TRK-1078,2026-04-14T21:59:44,33.354268,-82.817305,40.7
1529,TRK-1037,2026-04-14T22:23:55,35.564134,-80.167498,26.7
1530,TRK-1035,2026-04-14T22:25:04,36.558926,-82.293951,53.7
1531,TRK-1070,2026-04-14T22:37:42,35.610442,-79.822552,61.4
1532,TRK-1075,2026-04-14T22:45:57,36.706491,-77.060138,40.1
1533,TRK-1026,2026-04-14T22:49:57,32.078015,-80.026372,40.5
1534,TRK-1037,2026-04-14T23:01:05,33.200204,-75.168078,25.2
1535,TRK-1042,2026-04-14T23:03:59,36.894241,-81.424275,68.5
1536,TRK-1066,2026-04-14T23:26:45,33.759534,-83.885938,80.3
1537,TRK-1089,2026-04-14T23:37:43,33.717684,-77.476682,22.5
1538,TRK-1082,2026-04-14T23:41:14,32.244346,-78.930201,69.2
1539,TRK-1007,2026-04-14T23:46:22,36.960426,-77.625597,40.3
1540,TRK-1002,2026-04-14T23:55:00,33.6386,-79.445031,54.3
1541,TRK-1089,2026-04-15T00:03:08,34.61267,-82.209683,9.2
1542,TRK-1013,2026-04-15T00:11:16,36.012706,-77.879955,27.1
1543,TRK-1051,2026-04-15T00:21:30,35.745304,-80.870555,59.3
1544,TRK-1042,2026-04-15T00:33:32,34.839999,-83.97287,3.4
1545,TRK-1014,2026-04-15T01:02:03,32.613664,-75.674765,61.8
1546,TRK-1093,2026-04-15T01:19:21,33.649522,-76.890984,47.8
1547,TRK-1076,2026-04-15T01:29:08,34.094026,-83.282415,59.8
1548,TRK-1097,2026-04-15T01:43:03,34.694742,-78.268195,36.9
1549,TRK-1048,2026-04-15T01:53:54,35.64517,-79.348287,35.1
1550,TRK-1030,2026-04-15T01:57:39,33.227824,-82.094028,67.2
1551,TRK-1098,2026-04-15T02:23:03,34.551742,-81.540297,58.6
1552,TRK-1031,2026-04-15T02:25:21,35.993963,-84.20501,39.9
1553,TRK-1092,2026-04-15T02:25:26,36.394781,-76.245059,32.4
1554,TRK-1063,2026-04-15T02:42:22,35.918509,-79.261025,33.6
1555,TRK-1041,2026-04-15T02:51:36,34.265159,-82.751213,26.3
1556,TRK-1050,2026-04-15T03:00:55,33.907428,-82.288686,56.0
1557,TRK-1058,2026-04-15T03:08:46,35.177252,-83.554864,30.3
1558,TRK-1084,2026-04-15T03:17:57,35.515631,-76.369067,37.1
1559,TRK-1096,2026-04-15T03:35:55,32.262144,-82.686741,32.3
1560,TRK-1090,2026-04-15T03:42:00,34.336724,-76.584042,39.5
1561,TRK-1077,2026-04-15T03:44:24,36.879842,-75.122223,41.2
1562,TRK-1092,2026-04-15T03:59:45,33.494119,-83.221535,64.6
1563,TRK-1088,2026-04-15T04:16:26,36.437292,-75.723942,41.4
1564,TRK-1064,2026-04-15T04:22:45,36.4987,-77.310529,33.1
1565,TRK-1079,2026-04-15T04:25:42,32.109575,-81.449931,52.2
1566,TRK-1013,2026-04-15T04:33:05,36.701305,-76.621635,65.8
1567,TRK-1008,2026-04-15T04:38:43,33.594994,-76.80535,65.2
1568,TRK-1086,2026-04-15T04:40:57,33.281886,-78.910643,48.0
1569,TRK-1031,2026-04-15T05:05:37,34.780312,-76.032511,30.5
1570,TRK-1048,2026-04-15T05:16:55,36.279,-84.362876,59.6
1571,TRK-1071,2026-04-15T05:19:01,36.956577,-82.588433,46.5
1572,TRK-1090,2026-04-15T05:47:17,32.509938,-78.748284,26.9
1573,TRK-1027,2026-04-15T05:57:26,32.195808,-81.984448,24.6
1574,TRK-1096,2026-04-15T06:26:55,34.948905,-82.773008,37.5
1575,TRK-1019,2026-04-15T06:36:26,36.028991,-82.850709,30.3
1576,TRK-1075,2026-04-15T06:56:50,34.155868,-80.816375,36.5
1577,TRK-1062,2026-04-15T07:49:53,36.238744,-82.749001,81.3
1578,TRK-1066,2026-04-15T08:06:53,34.928755,-75.110013,28.9
1579,TRK-1064,2026-04-15T08:12:57,32.223748,-80.342744,23.4
1580,TRK-1071,2026-04-15T08:21:07,34.763226,-79.33403,47.9
1581,TRK-1083,2026-04-15T08:24:58,34.466876,-78.52912,54.6
1582,TRK-1083,2026-04-15T08:32:05,32.180476,-82.38743,34.4
1583,TRK-1091,2026-04-15T08:45:31,35.95511,-79.223271,9.9
1584,TRK-1087,2026-04-15T09:09:54,36.967514,-75.955431,46.2
1585,TRK-1033,2026-04-15T09:30:14,36.103978,-80.570701,59.7
1586,TRK-1014,2026-04-15T09:37:26,36.66729,-77.484086,19.4
1587,TRK-1012,2026-04-15T09:42:44,32.691882,-79.538656,70.9
1588,TRK-1060,2026-04-15T09:55:08,34.668045,-79.750764,29.3
1589,TRK-1036,2026-04-15T10:08:43,36.174694,-76.924386,56.4
1590,TRK-1028,2026-04-15T10:11:02,35.767826,-75.974663,28.1
1591,TRK-1036,2026-04-15T10:17:10,34.937818,-78.891061,49.9
1592,TRK-1034,2026-04-15T10:23:59,33.977235,-77.528104,51.0
1593,TRK-1007,2026-04-15T11:14:28,34.786096,-80.88732,60.3
1594,TRK-1046,2026-04-15T11:19:24,36.824641,-76.085256,46.7
1595,TRK-1072,2026-04-15T11:38:53,32.97262,-82.018075,57.4
1596,TRK-1039,2026-04-15T11:40:18,35.331404,-79.965359,10.1
1597,TRK-1054,2026-04-15T12:02:23,34.373084,-78.643642,53.4
1598,TRK-1012,2026-04-15T12:05:07,34.278103,-77.395016,55.6
1599,TRK-1053,2026-04-15T12:33:09,32.509365,-79.075683,47.4
1600,TRK-1023,2026-04-15T12:36:04,33.536653,-82.698876,67.3
1601,TRK-1014,2026-04-15T12:41:11,35.700007,-81.804519,56.1
1602,TRK-1094,2026-04-15T12:43:34,34.241787,-78.888795,45.1
1603,TRK-1056,2026-04-15T13:17:49,35.251462,-84.021425,34.2
1604,TRK-1076,2026-04-15T13:20:23,33.651669,-76.777762,55.8
1605,TRK-1093,2026-04-15T13:23:12,36.476259,-75.937731,43.1
1606,TRK-1092,2026-04-15T13:27:44,35.720035,-80.492002,48.7
1607,TRK-1050,2026-04-15T13:44:52,32.014188,-75.702102,29.6
1608,TRK-1065,2026-04-15T13:49:40,33.251998,-75.411528,37.9
1609,TRK-1026,2026-04-15T14:06:30,34.152682,-76.199476,60.8
1610,TRK-1055,2026-04-15T14:08:26,35.261073,-81.406469,45.0
1611,TRK-1034,2026-04-15T14:22:47,33.143591,-82.663504,63.7
1612,TRK-1090,2026-04-15T14:28:52,35.290238,-78.085734,53.3
1613,TRK-1085,2026-04-15T14:29:04,36.05177,-80.142832,77.5
1614,TRK-1062,2026-04-15T14:38:52,33.911222,-83.897476,57.2
1615,TRK-1002,2026-04-15T14:44:49,33.216625,-79.2578,29.4
1616,TRK-1094,2026-04-15T14:47:28,35.986251,-80.996142,52.5
1617,TRK-1081,2026-04-15T14:56:00,34.729635,-75.299351,70.5
1618,TRK-1064,2026-04-15T15:36:05,34.142916,-80.882503,63.4
1619,TRK-1040,2026-04-15T15:51:58,34.840338,-80.664912,25.3
1620,TRK-1093,2026-04-15T15:56:38,32.774747,-83.614669,85.5
1621,TRK-1027,2026-04-15T16:14:00,35.833393,-75.023942,37.1
1622,TRK-1068,2026-04-15T16:21:19,32.502302,-78.332071,36.7
1623,TRK-1047,2026-04-15T16:36:34,34.15275,-84.070089,55.1
1624,TRK-1096,2026-04-15T16:46:15,32.317675,-78.782434,60.7
1625,TRK-1010,2026-04-15T17:21:19,36.055614,-83.480771,64.9
1626,TRK-1025,2026-04-15T17:23:33,32.346013,-79.284098,33.2
1627,TRK-1059,2026-04-15T17:46:59,36.532325,-81.33583,34.9
1628,TRK-1005,2026-04-15T17:55:48,33.770903,-83.533701,39.2
1629,TRK-1090,2026-04-15T17:56:27,34.656029,-75.567067,27.9
1630,TRK-1000,2026-04-15T18:03:56,35.049658,-75.696805,64.9
1631,TRK-1092,2026-04-15T18:10:38,35.815325,-84.055286,34.8
1632,TRK-1021,2026-04-15T18:11:09,35.857236,-78.881508,35.4
1633,TRK-1096,2026-04-15T18:13:03,36.704601,-83.50458,15.1
1634,TRK-1005,2026-04-15T18:49:54,36.832672,-83.000167,39.9
1635,TRK-1022,2026-04-15T18:50:17,34.750617,-78.965619,16.5
1636,TRK-1092,2026-04-15T18:52:21,32.276081,-80.200547,65.1
1637,TRK-1080,2026-04-15T18:53:47,34.417308,-77.54184,38.2
1638,TRK-1021,2026-04-15T18:56:28,35.180822,-75.924138,68.2
1639,TRK-1011,2026-04-15T18:58:22,34.017355,-83.97673,49.9
1640,TRK-1023,2026-04-15T19:01:43,36.4352,-80.087812,49.2
1641,TRK-1047,2026-04-15T19:20:44,36.834182,-78.308315,52.5
1642,TRK-1078,2026-04-15T19:27:35,36.720477,-84.142706,37.6
1643,TRK-1048,2026-04-15T19:52:31,32.563546,-77.702295,57.3
1644,TRK-1074,2026-04-15T19:54:35,32.748091,-75.717425,46.2
1645,TRK-1030,2026-04-15T20:08:19,32.246786,-78.81241,56.0
1646,TRK-1021,2026-04-15T20:19:48,34.181643,-80.351242,21.4
1647,TRK-1033,2026-04-15T20:34:05,32.861136,-83.881176,63.8
1648,TRK-1008,2026-04-15T20:55:37,33.58604,-77.982433,32.4
1649,TRK-1092,2026-04-15T20:56:03,32.94643,-76.247863,15.1
1650,TRK-1072,2026-04-15T21:00:34,35.494746,-83.850772,7.7
1651,TRK-1012,2026-04-15T21:06:50,35.732815,-81.404076,15.4
1652,TRK-1099,2026-04-15T21:19:01,36.371351,-76.144027,50.5
1653,TRK-1038,2026-04-15T21:43:16,36.314932,-81.896736,103.4
1654,TRK-1085,2026-04-15T21:49:27,33.11724,-84.170947,49.8
1655,TRK-1050,2026-04-15T22:06:45,35.859891,-77.072324,14.2
1656,TRK-1015,2026-04-15T22:42:28,36.72249,-78.278951,25.9
1657,TRK-1046,2026-04-15T23:34:33,33.223132,-78.477919,36.9
1658,TRK-1038,2026-04-15T23:50:45,32.388557,-80.605499,58.1
1659,TRK-1063,2026-04-15T23:59:14,32.135299,-75.581323,88.1
1660,TRK-1098,2026-04-16T00:13:24,32.255814,-79.133488,34.0
1661,TRK-1092,2026-04-16T00:32:59,36.38667,-78.879667,42.8
1662,TRK-1086,2026-04-16T00:35:55,33.261024,-84.425627,73.2
1663,TRK-1035,2026-04-16T00:38:28,35.157899,-81.421167,56.3
1664,TRK-1003,2026-04-16T00:40:51,35.894997,-82.730044,32.4
1665,TRK-1063,2026-04-16T00:56:51,33.914467,-78.662809,63.7
1666,TRK-1012,2026-04-16T01:21:08,35.223344,-78.726718,50.3
1667,TRK-1018,2026-04-16T01:28:09,34.394147,-83.579414,40.4
1668,TRK-1094,2026-04-16T01:36:52,32.875758,-76.153091,69.6
1669,TRK-1020,2026-04-16T02:01:43,32.241181,-76.429523,13.2
1670,TRK-1022,2026-04-16T02:09:45,35.735669,-76.945322,50.2
1671,TRK-1058,2026-04-16T02:43:29,33.585572,-77.373175,41.9
1672,TRK-1070,2026-04-16T02:52:47,34.48326,-83.859507,50.0
1673,TRK-1062,2026-04-16T03:07:49,34.39188,-81.006465,28.1
1674,TRK-1094,2026-04-16T03:13:24,36.08961,-76.393371,27.8
1675,TRK-1042,2026-04-16T03:28:50,34.628409,-80.200367,58.5
1676,TRK-1065,2026-04-16T03:47:11,32.206557,-78.42272,45.8
1677,TRK-1059,2026-04-16T03:47:13,33.27942,-76.353212,52.8
1678,TRK-1076,2026-04-16T04:03:05,36.033421,-77.937572,55.7
1679,TRK-1025,2026-04-16T04:20:01,32.966478,-77.818968,54.9
1680,TRK-1000,2026-04-16T04:27:37,34.914995,-84.047191,30.1
1681,TRK-1064,2026-04-16T04:42:48,34.519739,-75.836264,43.2
1682,TRK-1018,2026-04-16T05:03:16,33.701203,-82.683653,54.4
1683,TRK-1009,2026-04-16T05:08:48,33.801909,-83.325973,50.5
1684,TRK-1081,2026-04-16T05:13:52,34.598032,-79.849362,23.9
1685,TRK-1001,2026-04-16T05:23:05,32.173849,-79.216283,51.6
1686,TRK-1010,2026-04-16T05:47:36,34.002568,-82.106474,35.5
1687,TRK-1084,2026-04-16T05:53:47,34.682637,-77.599405,45.0
1688,TRK-1063,2026-04-16T05:56:24,33.605196,-81.447757,39.0
1689,TRK-1069,2026-04-16T05:57:17,32.805438,-76.510856,49.9
1690,TRK-1044,2026-04-16T06:01:18,36.688597,-79.418623,50.9
1691,TRK-1050,2026-04-16T06:20:01,33.288706,-78.146509,15.7
1692,TRK-1096,2026-04-16T07:19:08,34.851069,-75.514736,55.6
1693,TRK-1027,2026-04-16T07:28:43,32.800778,-82.44739,55.5
1694,TRK-1047,2026-04-16T07:41:47,34.792298,-77.190643,63.7
1695,TRK-1033,2026-04-16T07:44:05,34.200634,-75.358697,12.5
1696,TRK-1094,2026-04-16T08:18:49,35.226455,-78.888451,41.9
1697,TRK-1090,2026-04-16T08:34:39,36.722689,-82.527895,68.1
1698,TRK-1047,2026-04-16T08:39:20,36.624353,-76.874778,58.8
1699,TRK-1064,2026-04-16T08:53:55,32.049478,-80.544744,28.1
1700,TRK-1047,2026-04-16T09:21:44,36.548015,-79.200268,58.1
1701,TRK-1043,2026-04-16T09:24:13,34.138189,-80.109677,51.5
1702,TRK-1083,2026-04-16T09:38:34,36.754804,-76.488411,7.9
1703,TRK-1014,2026-04-16T09:44:56,33.134875,-83.520158,20.5
1704,TRK-1060,2026-04-16T09:48:35,34.340144,-75.298718,45.0
1705,TRK-1050,2026-04-16T09:51:35,36.262381,-78.168268,39.2
1706,TRK-1064,2026-04-16T10:10:13,32.587253,-82.124106,44.5
1707,TRK-1086,2026-04-16T10:26:01,33.951343,-79.495415,67.0
1708,TRK-1029,2026-04-16T10:42:29,36.322316,-77.848816,22.0
1709,TRK-1043,2026-04-16T10:59:19,33.48109,-80.301281,35.6
1710,TRK-1092,2026-04-16T11:10:36,36.248152,-78.196195,56.6
1711,TRK-1051,2026-04-16T11:19:42,32.001415,-79.990181,56.8
1712,TRK-1050,2026-04-16T11:36:27,32.943875,-81.97979,26.6
1713,TRK-1084,2026-04-16T11:40:09,34.720832,-81.040534,36.6
1714,TRK-1097,2026-04-16T12:00:21,36.519743,-84.094047,48.4
1715,TRK-1056,2026-04-16T12:14:39,33.649448,-83.132517,35.6
1716,TRK-1032,2026-04-16T12:23:58,35.594994,-80.185357,41.7
1717,TRK-1060,2026-04-16T12:36:52,35.08165,-82.182537,39.9
1718,TRK-1053,2026-04-16T12:51:30,34.45817,-81.529292,30.7
1719,TRK-1055,2026-04-16T13:07:56,33.066147,-81.891967,25.9
1720,TRK-1075,2026-04-16T13:10:09,36.615455,-79.045614,44.0
1721,TRK-1011,2026-04-16T13:18:04,33.239979,-80.207677,25.5
1722,TRK-1034,2026-04-16T13:27:51,36.292413,-78.428688,20.8
1723,TRK-1004,2026-04-16T13:38:42,36.907848,-78.264692,6.4
1724,TRK-1057,2026-04-16T14:17:57,32.826744,-76.436231,27.6
1725,TRK-1009,2026-04-16T14:23:43,35.022331,-84.366286,16.9
1726,TRK-1093,2026-04-16T14:24:39,32.764574,-75.588147,39.0
1727,TRK-1005,2026-04-16T14:31:13,35.914825,-80.771465,38.2
1728,TRK-1031,2026-04-16T14:37:08,34.067497,-81.30488,48.6
1729,TRK-1010,2026-04-16T14:51:23,33.492571,-84.41555,25.4
1730,TRK-1037,2026-04-16T14:57:59,36.883499,-79.807644,30.2
1731,TRK-1096,2026-04-16T15:09:27,32.391393,-81.084535,35.4
1732,TRK-1092,2026-04-16T15:09:59,32.383876,-77.0477,62.9
1733,TRK-1065,2026-04-16T15:42:40,35.366689,-76.762468,39.4
1734,TRK-1022,2026-04-16T15:57:20,32.800526,-82.354281,45.1
1735,TRK-1026,2026-04-16T16:06:17,36.870065,-81.773383,26.2
1736,TRK-1021,2026-04-16T16:06:25,35.854657,-80.386476,34.5
1737,TRK-1008,2026-04-16T16:19:51,34.487002,-84.464945,49.5
1738,TRK-1027,2026-04-16T16:29:01,33.100887,-76.864599,62.8
1739,TRK-1096,2026-04-16T16:38:29,33.281238,-75.453549,6.2
1740,TRK-1035,2026-04-16T16:45:47,34.995167,-76.278371,61.6
1741,TRK-1085,2026-04-16T16:57:17,33.012288,-76.035443,44.8
1742,TRK-1092,2026-04-16T17:03:59,33.445558,-76.122529,19.9
1743,TRK-1080,2026-04-16T17:05:21,34.877871,-76.622657,29.4
1744,TRK-1045,2026-04-16T17:18:48,36.25279,-79.029646,67.7
1745,TRK-1048,2026-04-16T17:21:46,33.929992,-80.160983,40.5
1746,TRK-1071,2026-04-16T17:31:17,35.220504,-80.268334,88.9
1747,TRK-1038,2026-04-16T18:19:46,34.488282,-84.219945,21.2
1748,TRK-1000,2026-04-16T18:33:52,34.379232,-82.914312,58.2
1749,TRK-1065,2026-04-16T18:54:25,34.613347,-82.954904,51.8
1750,TRK-1020,2026-04-16T19:41:23,33.506216,-81.38164,22.2
1751,TRK-1005,2026-04-16T19:48:01,36.08513,-78.424479,29.0
1752,TRK-1051,2026-04-16T19:49:12,32.574207,-83.104202,77.3
1753,TRK-1003,2026-04-16T19:52:13,35.820508,-79.545681,40.3
1754,TRK-1059,2026-04-16T20:10:36,32.309619,-76.205613,44.7
1755,TRK-1043,2026-04-16T20:32:23,33.363259,-84.382155,32.6
1756,TRK-1076,2026-04-16T20:41:15,33.259214,-77.909638,55.5
1757,TRK-1013,2026-04-16T20:44:05,33.380259,-81.849197,32.2
1758,TRK-1004,2026-04-16T20:51:15,32.808065,-78.933263,7.6
1759,TRK-1017,2026-04-16T21:02:00,33.870356,-83.260832,9.2
1760,TRK-1065,2026-04-16T21:21:02,35.796825,-75.266156,63.7
1761,TRK-1073,2026-04-16T21:26:15,35.310414,-78.092189,25.1
1762,TRK-1040,2026-04-16T21:50:36,32.441435,-76.506672,26.4
1763,TRK-1016,2026-04-16T21:58:08,35.894086,-78.69777,51.9
1764,TRK-1052,2026-04-16T21:59:10,32.502262,-77.311403,54.3
1765,TRK-1046,2026-04-16T22:11:18,32.680574,-76.939016,42.5
1766,TRK-1098,2026-04-16T22:18:51,35.890839,-78.249124,65.5
1767,TRK-1097,2026-04-16T23:12:58,36.106203,-83.3862,49.0
1768,TRK-1082,2026-04-16T23:22:42,32.225964,-81.900807,23.4
1769,TRK-1056,2026-04-16T23:37:51,36.864336,-76.064561,16.4
1770,TRK-1056,2026-04-16T23:38:31,33.307104,-78.690891,42.8
1771,TRK-1005,2026-04-16T23:39:09,34.769547,-83.023097,63.1
1772,TRK-1021,2026-04-16T23:58:42,36.272042,-80.700455,36.1
1773,TRK-1090,2026-04-17T00:00:43,32.873385,-75.232848,57.5
1774,TRK-1037,2026-04-17T00:15:38,34.906602,-75.33976,52.3
1775,TRK-1035,2026-04-17T00:19:28,33.388108,-84.37461,33.1
1776,TRK-1087,2026-04-17T00:31:40,32.521004,-80.227979,54.4
1777,TRK-1013,2026-04-17T00:55:41,36.362398,-77.462893,25.3
1778,TRK-1074,2026-04-17T01:07:44,34.57925,-81.518807,30.8
1779,TRK-1063,2026-04-17T01:13:23,32.468966,-77.295765,42.6
1780,TRK-1076,2026-04-17T01:15:08,34.451811,-78.050373,36.6
1781,TRK-1050,2026-04-17T01:22:00,35.570048,-77.546672,73.8
1782,TRK-1042,2026-04-17T01:40:20,34.699929,-80.019498,41.5
1783,TRK-1047,2026-04-17T01:44:06,32.253323,-84.452408,45.4
1784,TRK-1053,2026-04-17T01:51:51,32.043551,-80.034722,38.4
1785,TRK-1012,2026-04-17T01:55:53,32.388652,-79.718686,50.5
1786,TRK-1056,2026-04-17T02:02:07,36.789747,-81.909285,36.0
1787,TRK-1047,2026-04-17T02:54:36,34.433323,-79.342979,69.0
1788,TRK-1043,2026-04-17T02:58:02,35.564783,-77.419385,40.9
1789,TRK-1076,2026-04-17T02:58:35,36.780498,-78.71465,32.5
1790,TRK-1040,2026-04-17T03:07:24,35.811179,-75.92602,53.8
1791,TRK-1029,2026-04-17T03:09:50,35.544426,-84.062919,45.8
1792,TRK-1050,2026-04-17T03:15:02,34.887804,-80.508547,4.6
1793,TRK-1063,2026-04-17T03:15:15,32.462157,-76.321511,41.0
1794,TRK-1065,2026-04-17T03:21:48,32.788611,-82.980643,45.8
1795,TRK-1051,2026-04-17T03:22:57,35.333193,-79.618913,64.9
1796,TRK-1073,2026-04-17T03:37:45,33.99496,-78.6822,84.5
1797,TRK-1090,2026-04-17T03:56:12,33.604106,-81.965442,34.0
1798,TRK-1039,2026-04-17T04:34:54,36.599846,-81.768925,34.3
1799,TRK-1018,2026-04-17T04:35:40,33.303931,-75.081281,66.3
1800,TRK-1001,2026-04-17T04:46:44,32.171431,-83.99316,29.2
1801,TRK-1039,2026-04-17T04:54:44,33.775364,-83.06296,78.1
1802,TRK-1010,2026-04-17T05:35:09,34.277752,-81.564626,60.0
1803,TRK-1079,2026-04-17T05:54:06,35.461886,-77.213821,37.0
1804,TRK-1064,2026-04-17T06:12:00,33.144389,-79.399041,60.6
1805,TRK-1011,2026-04-17T06:21:09,35.881048,-77.445712,26.5
1806,TRK-1021,2026-04-17T06:29:13,32.737765,-80.156285,44.5
1807,TRK-1080,2026-04-17T06:33:32,33.820525,-78.386656,22.5
1808,TRK-1075,2026-04-17T06:37:34,32.6846,-81.472351,43.5
1809,TRK-1071,2026-04-17T06:47:53,32.738169,-80.468026,51.8
1810,TRK-1059,2026-04-17T06:56:15,36.077005,-81.42458,37.9
1811,TRK-1063,2026-04-17T07:05:00,34.756357,-78.66031,39.5
1812,TRK-1010,2026-04-17T07:09:43,33.1265,-81.298109,54.8
1813,TRK-1056,2026-04-17T07:42:04,35.159121,-81.755684,55.3
1814,TRK-1075,2026-04-17T07:45:51,33.828571,-78.65944,8.2
1815,TRK-1071,2026-04-17T07:53:42,36.262506,-82.496089,27.1
1816,TRK-1054,2026-04-17T07:54:35,32.783063,-81.130773,55.5
1817,TRK-1033,2026-04-17T07:58:04,33.151196,-76.969049,11.6
1818,TRK-1013,2026-04-17T08:35:49,33.164816,-75.0796,59.2
1819,TRK-1011,2026-04-17T08:37:52,36.96394,-80.106393,34.9
1820,TRK-1051,2026-04-17T08:48:45,33.083225,-84.384211,38.6
1821,TRK-1039,2026-04-17T08:56:55,33.955734,-75.042263,43.0
1822,TRK-1018,2026-04-17T08:58:26,32.655477,-77.307929,34.3
1823,TRK-1099,2026-04-17T09:13:59,33.309516,-77.615751,29.5
1824,TRK-1072,2026-04-17T09:16:53,33.839919,-83.357365,20.3
1825,TRK-1063,2026-04-17T09:16:54,36.065035,-83.369404,28.4
1826,TRK-1058,2026-04-17T10:09:20,35.774857,-78.725062,34.4
1827,TRK-1093,2026-04-17T10:25:44,33.18657,-83.300529,50.8
1828,TRK-1020,2026-04-17T10:37:37,35.868909,-79.937769,48.6
1829,TRK-1059,2026-04-17T10:39:26,35.958743,-76.82941,33.2
1830,TRK-1042,2026-04-17T11:02:37,34.717218,-75.041164,36.7
1831,TRK-1047,2026-04-17T11:19:07,35.420239,-77.167445,39.6
1832,TRK-1043,2026-04-17T11:19:24,34.358654,-83.948735,33.3
1833,TRK-1053,2026-04-17T11:21:22,32.84064,-83.587965,24.0
1834,TRK-1045,2026-04-17T11:24:10,35.574897,-78.55014,25.9
1835,TRK-1024,2026-04-17T12:08:23,35.659003,-79.628259,89.3
1836,TRK-1006,2026-04-17T12:08:41,36.609537,-77.947575,71.9
1837,TRK-1099,2026-04-17T12:09:42,33.509229,-81.33664,69.7
1838,TRK-1012,2026-04-17T12:14:28,36.341798,-79.88967,45.6
1839,TRK-1023,2026-04-17T12:39:50,36.903395,-76.92398,32.2
1840,TRK-1020,2026-04-17T12:47:15,35.713887,-77.544743,38.1
1841,TRK-1001,2026-04-17T12:53:25,33.270072,-80.178369,11.3
1842,TRK-1068,2026-04-17T13:02:08,33.480002,-79.683731,62.0
1843,TRK-1028,2026-04-17T13:13:32,36.673319,-83.315528,45.6
1844,TRK-1052,2026-04-17T13:15:48,34.723413,-82.420305,24.5
1845,TRK-1061,2026-04-17T14:10:31,35.675397,-78.587849,38.3
1846,TRK-1003,2026-04-17T14:21:51,35.287076,-82.684875,75.5
1847,TRK-1086,2026-04-17T14:37:23,35.235725,-81.96002,59.5
1848,TRK-1034,2026-04-17T14:46:55,34.598186,-77.367724,5.4
1849,TRK-1099,2026-04-17T14:50:12,34.550277,-77.439124,51.0
1850,TRK-1075,2026-04-17T15:02:46,34.076359,-80.603966,67.7
1851,TRK-1091,2026-04-17T15:29:00,33.847347,-84.256348,61.2
1852,TRK-1091,2026-04-17T15:57:48,36.927533,-75.227562,59.2
1853,TRK-1069,2026-04-17T16:31:03,32.989686,-75.004454,64.0
1854,TRK-1028,2026-04-17T16:54:20,36.987635,-77.266305,33.2
1855,TRK-1070,2026-04-17T17:11:23,32.768459,-80.735097,51.5
1856,TRK-1053,2026-04-17T17:18:11,35.445435,-83.20209,32.2
1857,TRK-1033,2026-04-17T17:32:40,34.15142,-82.837277,71.2
1858,TRK-1038,2026-04-17T17:37:14,34.02171,-77.507592,41.0
1859,TRK-1050,2026-04-17T17:38:38,33.932963,-82.90271,89.8
1860,TRK-1078,2026-04-17T17:42:13,36.059836,-79.529187,59.4
1861,TRK-1077,2026-04-17T18:24:49,35.035381,-79.082552,47.2
1862,TRK-1044,2026-04-17T18:26:35,34.236089,-79.477069,19.7
1863,TRK-1060,2026-04-17T18:30:01,32.36061,-75.310619,23.3
1864,TRK-1073,2026-04-17T18:51:26,34.778102,-79.413644,61.2
1865,TRK-1050,2026-04-17T18:57:15,36.989914,-76.449999,70.7
1866,TRK-1083,2026-04-17T19:05:54,32.833879,-84.052706,8.6
1867,TRK-1044,2026-04-17T19:16:15,32.68869,-83.551452,33.8
1868,TRK-1095,2026-04-17T19:40:15,35.12026,-78.403716,34.3
1869,TRK-1098,2026-04-17T19:44:48,34.53516,-77.640687,59.5
1870,TRK-1004,2026-04-17T19:47:16,34.396925,-78.620898,41.6
1871,TRK-1076,2026-04-17T19:54:37,32.318828,-77.847628,26.3
1872,TRK-1075,2026-04-17T20:02:36,32.348452,-77.15516,64.5
1873,TRK-1099,2026-04-17T20:06:18,35.279394,-79.179841,51.3
1874,TRK-1020,2026-04-17T20:24:18,32.200805,-83.163622,44.0
1875,TRK-1095,2026-04-17T20:25:47,33.545839,-77.720765,0.0
1876,TRK-1041,2026-04-17T20:43:37,36.549771,-84.141058,42.9
1877,TRK-1093,2026-04-17T20:48:51,33.983957,-79.022491,47.0
1878,TRK-1072,2026-04-17T20:55:32,36.36257,-77.853781,29.3
1879,TRK-1085,2026-04-17T21:03:16,36.717785,-77.684261,57.9
1880,TRK-1077,2026-04-17T21:30:14,34.295095,-79.550403,33.1
1881,TRK-1047,2026-04-17T21:36:12,34.936685,-81.203007,35.3
1882,TRK-1065,2026-04-17T21:43:44,36.147763,-83.711409,57.4
1883,TRK-1061,2026-04-17T21:55:22,36.549132,-80.283912,41.5
1884,TRK-1077,2026-04-17T22:01:11,34.785409,-83.674931,27.9
1885,TRK-1020,2026-04-17T22:04:26,36.032782,-79.792358,53.2
1886,TRK-1031,2026-04-17T22:07:22,32.552533,-81.433907,44.3
1887,TRK-1077,2026-04-17T22:20:53,36.140336,-76.328891,12.5
1888,TRK-1023,2026-04-17T22:26:48,34.960122,-75.254121,35.4
1889,TRK-1045,2026-04-17T22:33:40,35.640255,-84.282074,48.7
1890,TRK-1012,2026-04-17T23:19:43,33.62926,-83.711632,64.1
1891,TRK-1060,2026-04-17T23:48:02,34.080107,-77.436931,65.6
1892,TRK-1043,2026-04-17T23:48:06,34.102106,-76.043258,35.4
1893,TRK-1084,2026-04-17T23:50:47,36.505055,-75.380746,62.1
1894,TRK-1078,2026-04-18T00:03:14,33.940507,-83.002485,33.9
1895,TRK-1047,2026-04-18T00:04:56,33.130984,-79.580036,52.2
1896,TRK-1016,2026-04-18T00:42:21,33.352691,-81.940105,33.4
1897,TRK-1028,2026-04-18T01:01:51,36.036944,-77.473069,26.6
1898,TRK-1084,2026-04-18T01:16:53,34.880137,-75.220978,20.1
1899,TRK-1024,2026-04-18T01:19:56,32.153587,-75.520213,37.6
1900,TRK-1031,2026-04-18T01:34:16,34.462765,-78.928581,50.1
1901,TRK-1040,2026-04-18T01:36:24,33.485357,-79.888875,27.3
1902,TRK-1073,2026-04-18T01:58:36,32.276759,-75.549294,61.5
1903,TRK-1049,2026-04-18T02:05:18,35.547599,-83.65194,46.9
1904,TRK-1012,2026-04-18T02:07:55,32.442347,-83.030321,37.8
1905,TRK-1081,2026-04-18T02:35:24,35.606291,-82.051736,30.7
1906,TRK-1030,2026-04-18T03:00:46,35.041006,-77.980506,32.1
1907,TRK-1051,2026-04-18T03:06:08,35.106544,-84.043864,38.5
1908,TRK-1047,2026-04-18T03:40:15,33.20173,-75.395452,19.8
1909,TRK-1037,2026-04-18T04:40:20,32.398029,-77.044082,41.1
1910,TRK-1025,2026-04-18T04:43:00,32.58552,-82.35335,11.1
1911,TRK-1009,2026-04-18T05:09:01,34.378247,-77.067926,41.0
1912,TRK-1098,2026-04-18T05:44:55,33.702483,-75.289846,40.2
1913,TRK-1069,2026-04-18T06:41:29,34.020935,-84.185361,40.7
1914,TRK-1039,2026-04-18T06:48:41,32.102416,-78.713434,84.6
1915,TRK-1035,2026-04-18T06:52:03,32.838913,-78.309052,14.6
1916,TRK-1046,2026-04-18T06:55:22,34.15392,-76.677637,31.0
1917,TRK-1095,2026-04-18T06:56:50,34.9393,-82.599436,36.8
1918,TRK-1070,2026-04-18T07:05:20,35.806324,-75.04246,98.7
1919,TRK-1087,2026-04-18T07:08:26,36.387606,-82.043951,28.9
1920,TRK-1059,2026-04-18T07:19:00,34.993155,-82.592388,44.4
1921,TRK-1013,2026-04-18T07:24:48,36.414714,-76.914925,65.2
1922,TRK-1060,2026-04-18T07:29:49,32.000909,-81.937565,40.0
1923,TRK-1065,2026-04-18T07:51:33,34.78369,-80.927413,43.3
1924,TRK-1078,2026-04-18T08:07:56,32.802713,-76.605385,33.5
1925,TRK-1083,2026-04-18T08:09:08,33.918027,-77.75035,44.4
1926,TRK-1008,2026-04-18T08:21:17,36.899208,-83.634342,51.9
1927,TRK-1005,2026-04-18T08:23:09,32.634931,-79.794145,38.3
1928,TRK-1060,2026-04-18T08:31:08,34.65833,-78.620997,44.9
1929,TRK-1031,2026-04-18T08:36:22,32.659148,-78.554246,46.5
1930,TRK-1003,2026-04-18T09:02:47,36.543718,-79.359027,36.2
1931,TRK-1018,2026-04-18T09:07:41,32.346564,-77.961634,31.2
1932,TRK-1073,2026-04-18T09:12:37,36.304423,-82.055838,53.5
1933,TRK-1012,2026-04-18T09:20:27,35.950542,-77.501792,56.0
1934,TRK-1083,2026-04-18T09:28:10,35.002964,-77.835348,31.0
1935,TRK-1089,2026-04-18T09:43:43,32.107839,-77.305914,29.3
1936,TRK-1012,2026-04-18T10:01:22,32.684398,-76.849249,54.4
1937,TRK-1090,2026-04-18T10:05:01,32.617908,-81.18184,51.6
1938,TRK-1069,2026-04-18T10:13:58,34.623163,-80.854644,49.4
1939,TRK-1003,2026-04-18T10:21:09,35.02217,-80.990693,11.8
1940,TRK-1036,2026-04-18T10:39:47,35.598346,-78.388297,71.4
1941,TRK-1096,2026-04-18T10:40:11,36.044536,-76.192471,50.6
1942,TRK-1088,2026-04-18T10:53:57,35.907307,-83.736193,38.5
1943,TRK-1035,2026-04-18T10:56:45,34.771685,-75.978224,52.2
1944,TRK-1034,2026-04-18T11:15:06,34.829656,-84.237654,31.2
1945,TRK-1049,2026-04-18T11:27:08,34.231956,-82.550813,68.4
1946,TRK-1092,2026-04-18T11:31:17,34.757737,-82.728017,41.8
1947,TRK-1052,2026-04-18T11:37:44,35.694344,-80.112027,33.1
1948,TRK-1028,2026-04-18T11:44:33,33.810622,-82.6683,38.6
1949,TRK-1029,2026-04-18T12:41:01,36.965056,-80.038811,54.5
1950,TRK-1061,2026-04-18T12:48:09,33.275965,-81.072279,53.2
1951,TRK-1083,2026-04-18T13:14:56,32.022431,-81.962332,26.6
1952,TRK-1038,2026-04-18T13:36:57,34.219786,-84.283897,50.1
1953,TRK-1002,2026-04-18T13:44:45,33.122653,-79.945086,53.4
1954,TRK-1035,2026-04-18T13:46:15,32.97966,-75.827849,40.1
1955,TRK-1038,2026-04-18T13:56:02,33.037083,-82.597723,84.8
1956,TRK-1036,2026-04-18T14:03:13,33.971362,-82.091292,41.5
1957,TRK-1057,2026-04-18T14:24:37,32.420224,-82.987638,56.5
1958,TRK-1051,2026-04-18T14:31:04,32.359778,-76.250572,33.4
1959,TRK-1030,2026-04-18T14:32:21,35.495534,-75.121475,55.4
1960,TRK-1083,2026-04-18T14:36:47,35.914406,-78.384026,47.5
1961,TRK-1034,2026-04-18T14:45:13,33.924159,-81.830899,53.4
1962,TRK-1082,2026-04-18T14:57:31,35.151635,-83.367407,50.3
1963,TRK-1006,2026-04-18T14:57:33,35.512979,-79.209001,28.2
1964,TRK-1074,2026-04-18T15:02:49,35.37201,-82.802468,39.9
1965,TRK-1063,2026-04-18T15:25:59,35.747673,-79.125301,47.0
1966,TRK-1019,2026-04-18T15:34:25,36.799968,-77.489599,45.6
1967,TRK-1012,2026-04-18T16:32:13,35.587059,-76.626013,30.9
1968,TRK-1011,2026-04-18T16:55:57,33.371549,-83.711449,19.4
1969,TRK-1025,2026-04-18T17:02:01,35.590382,-80.706095,56.5
1970,TRK-1049,2026-04-18T17:20:16,32.976152,-76.69768,54.8
1971,TRK-1059,2026-04-18T17:37:18,32.037784,-75.519947,32.2
1972,TRK-1068,2026-04-18T17:52:18,34.134353,-80.020312,21.0
1973,TRK-1089,2026-04-18T18:00:15,34.351308,-80.349293,41.6
1974,TRK-1059,2026-04-18T18:04:10,33.090054,-83.427935,58.9
1975,TRK-1098,2026-04-18T18:10:39,32.890711,-77.833543,32.2
1976,TRK-1086,2026-04-18T18:52:13,35.944277,-77.883108,53.2
1977,TRK-1033,2026-04-18T19:03:41,33.853318,-80.710589,48.0
1978,TRK-1066,2026-04-18T19:14:06,32.83922,-81.673016,34.7
1979,TRK-1086,2026-04-18T19:22:10,36.203232,-84.150811,23.7
1980,TRK-1074,2026-04-18T19:24:22,36.837394,-80.880312,41.8
1981,TRK-1050,2026-04-18T19:26:27,34.750538,-82.65632,35.2
1982,TRK-1085,2026-04-18T19:50:49,34.743548,-80.204215,34.1
1983,TRK-1005,2026-04-18T19:57:51,33.53098,-79.443787,23.2
1984,TRK-1093,2026-04-18T20:00:10,36.873793,-82.143901,47.4
1985,TRK-1072,2026-04-18T20:20:37,34.923309,-75.248329,34.6
1986,TRK-1013,2026-04-18T20:22:16,34.275682,-80.720898,48.1
1987,TRK-1053,2026-04-18T20:26:40,32.617939,-75.395472,58.7
1988,TRK-1097,2026-04-18T20:36:45,33.260653,-84.365708,40.8
1989,TRK-1031,2026-04-18T21:01:35,36.842646,-78.294359,39.8
1990,TRK-1033,2026-04-18T21:05:25,35.106381,-79.74376,53.4
1991,TRK-1078,2026-04-18T21:24:23,34.174804,-77.586927,35.0
1992,TRK-1098,2026-04-18T21:24:52,35.758188,-83.575618,33.9
1993,TRK-1021,2026-04-18T21:30:12,32.274207,-83.308521,61.1
1994,TRK-1003,2026-04-18T21:50:15,35.098002,-76.171712,34.6
1995,TRK-1044,2026-04-18T22:04:50,32.436352,-76.340519,48.2
1996,TRK-1038,2026-04-18T22:10:02,32.280236,-81.393204,37.8
1997,TRK-1040,2026-04-18T22:16:27,36.276308,-79.151516,41.1
1998,TRK-1088,2026-04-18T22:28:39,36.067201,-76.293189,17.4
1999,TRK-1041,2026-04-18T22:53:20,34.972806,-76.956728,29.4
2000,TRK-1001,2026-04-18T23:00:22,33.086864,-78.891459,48.0
2001,TRK-1098,2026-04-18T23:01:34,32.533949,-80.342626,55.2
2002,TRK-1065,2026-04-18T23:03:17,36.644358,-78.793597,10.3
2003,TRK-1068,2026-04-18T23:05:10,33.803128,-82.669685,77.9
2004,TRK-1034,2026-04-18T23:19:17,36.346518,-83.748641,20.9
2005,TRK-1094,2026-04-18T23:19:46,33.930329,-80.733747,26.1
2006,TRK-1037,2026-04-18T23:26:16,34.811013,-81.411653,50.6
2007,TRK-1059,2026-04-18T23:35:46,34.096978,-82.485242,41.7
2008,TRK-1096,2026-04-18T23:50:03,34.250935,-83.776632,52.6
2009,TRK-1051,2026-04-18T23:58:07,33.268111,-76.952149,25.2
2010,TRK-1033,2026-04-19T00:20:27,34.814097,-81.73698,16.1
2011,TRK-1084,2026-04-19T00:57:47,35.0184,-76.525593,31.2
2012,TRK-1083,2026-04-19T01:10:38,32.574133,-76.531554,44.3
2013,TRK-1079,2026-04-19T01:19:40,33.461171,-75.450062,41.9
2014,TRK-1035,2026-04-19T01:31:56,33.532605,-76.22326,29.2
2015,TRK-1089,2026-04-19T01:43:21,36.867834,-82.835718,40.5
2016,TRK-1048,2026-04-19T01:43:49,34.423255,-76.935407,32.2
2017,TRK-1075,2026-04-19T01:44:52,36.394988,-78.032235,49.8
2018,TRK-1081,2026-04-19T02:11:31,33.062762,-75.394801,45.3
2019,TRK-1023,2026-04-19T02:13:22,33.371621,-83.646484,46.4
2020,TRK-1067,2026-04-19T02:25:48,34.418127,-83.573597,52.6
2021,TRK-1088,2026-04-19T02:26:26,32.582639,-77.921566,54.6
2022,TRK-1069,2026-04-19T02:29:16,33.532279,-80.80371,51.7
2023,TRK-1049,2026-04-19T02:51:58,32.036425,-78.819788,61.8
2024,TRK-1050,2026-04-19T03:23:50,35.393123,-81.940835,18.9
2025,TRK-1068,2026-04-19T03:24:58,35.878021,-83.018264,32.4
2026,TRK-1023,2026-04-19T03:41:53,34.035239,-82.893781,38.8
2027,TRK-1018,2026-04-19T03:42:51,32.192887,-80.385192,69.8
2028,TRK-1072,2026-04-19T03:46:36,32.544801,-78.671148,60.3
2029,TRK-1081,2026-04-19T04:03:55,34.995341,-82.968729,6.5
2030,TRK-1035,2026-04-19T04:17:39,32.702074,-77.046596,46.1
2031,TRK-1074,2026-04-19T05:09:52,35.605186,-81.720623,22.8
2032,TRK-1057,2026-04-19T05:16:42,35.650017,-78.732455,60.3
2033,TRK-1019,2026-04-19T05:24:49,33.241903,-84.149725,78.0
2034,TRK-1097,2026-04-19T05:38:07,34.819185,-76.532522,25.1
2035,TRK-1073,2026-04-19T05:59:34,35.597595,-80.367386,30.7
2036,TRK-1054,2026-04-19T06:07:32,32.025671,-83.979652,48.0
2037,TRK-1054,2026-04-19T06:17:32,35.42823,-80.801762,47.1
2038,TRK-1039,2026-04-19T06:26:55,35.47167,-80.478305,34.9
2039,TRK-1083,2026-04-19T06:40:49,36.219445,-83.668118,27.4
2040,TRK-1083,2026-04-19T06:42:24,36.352374,-81.265463,24.2
2041,TRK-1006,2026-04-19T06:47:25,36.671165,-84.429641,62.8
2042,TRK-1090,2026-04-19T06:58:30,33.671676,-76.078476,33.3
2043,TRK-1030,2026-04-19T06:59:20,36.078086,-76.653132,94.3
2044,TRK-1007,2026-04-19T07:30:18,35.712176,-81.686046,22.7
2045,TRK-1033,2026-04-19T07:36:08,36.463537,-81.038635,56.8
2046,TRK-1065,2026-04-19T07:42:08,36.835215,-80.893659,53.2
2047,TRK-1016,2026-04-19T07:42:48,33.00281,-82.914005,55.1
2048,TRK-1037,2026-04-19T08:23:44,34.199843,-82.533519,41.4
2049,TRK-1034,2026-04-19T08:26:25,33.205647,-80.61678,36.0
2050,TRK-1059,2026-04-19T08:31:07,34.941791,-82.664752,39.6
2051,TRK-1018,2026-04-19T08:42:35,32.747589,-76.192762,45.5
2052,TRK-1052,2026-04-19T08:46:30,33.555319,-76.352108,42.3
2053,TRK-1067,2026-04-19T08:51:41,33.732933,-77.703606,67.0
2054,TRK-1095,2026-04-19T09:00:05,34.5281,-80.644452,43.2
2055,TRK-1018,2026-04-19T09:02:33,32.974412,-77.402023,15.6
2056,TRK-1094,2026-04-19T09:08:16,32.045775,-84.10704,57.3
2057,TRK-1058,2026-04-19T09:15:21,33.248084,-77.328458,45.6
2058,TRK-1096,2026-04-19T09:28:23,33.156971,-75.445704,56.9
2059,TRK-1033,2026-04-19T09:31:36,32.087658,-76.873708,42.0
2060,TRK-1025,2026-04-19T09:43:52,35.943329,-84.459607,48.9
2061,TRK-1073,2026-04-19T09:55:44,33.9104,-79.806015,44.0
2062,TRK-1099,2026-04-19T10:04:10,36.495007,-83.581766,33.2
2063,TRK-1021,2026-04-19T10:13:09,33.422071,-81.826392,16.2
2064,TRK-1029,2026-04-19T10:13:13,36.517689,-79.74456,24.3
2065,TRK-1075,2026-04-19T10:29:58,33.770474,-81.243666,18.0
2066,TRK-1053,2026-04-19T10:58:20,33.501195,-82.515976,12.6
2067,TRK-1060,2026-04-19T11:08:46,32.177078,-83.42496,27.3
2068,TRK-1038,2026-04-19T11:23:48,36.827183,-80.520691,22.8
2069,TRK-1035,2026-04-19T11:39:14,36.730559,-76.697469,58.7
2070,TRK-1065,2026-04-19T11:46:13,35.246015,-77.227114,25.1
2071,TRK-1057,2026-04-19T11:46:37,33.273742,-78.092681,66.5
2072,TRK-1046,2026-04-19T11:53:33,32.825843,-75.58109,65.3
2073,TRK-1048,2026-04-19T12:34:28,33.528063,-77.733774,56.6
2074,TRK-1087,2026-04-19T13:03:26,36.886149,-82.040214,57.8
2075,TRK-1081,2026-04-19T13:04:00,36.338258,-79.37725,63.3
2076,TRK-1081,2026-04-19T13:26:01,36.122232,-84.040224,33.8
2077,TRK-1054,2026-04-19T13:45:27,35.111714,-81.442221,53.6
2078,TRK-1045,2026-04-19T13:59:12,32.674694,-84.246109,28.3
2079,TRK-1064,2026-04-19T14:04:13,36.560728,-78.786661,37.9
2080,TRK-1096,2026-04-19T14:13:22,34.519305,-83.193667,32.2
2081,TRK-1021,2026-04-19T14:16:33,33.996505,-75.223214,93.2
2082,TRK-1060,2026-04-19T15:14:01,33.980744,-82.717233,35.2
2083,TRK-1075,2026-04-19T15:14:15,32.141515,-77.560618,37.2
2084,TRK-1068,2026-04-19T15:29:50,36.684587,-80.888105,32.1
2085,TRK-1087,2026-04-19T15:47:34,36.717192,-79.70093,42.0
2086,TRK-1003,2026-04-19T15:54:44,33.223441,-80.381963,43.1
2087,TRK-1010,2026-04-19T15:59:01,32.525125,-77.726731,30.6
2088,TRK-1055,2026-04-19T15:59:32,35.643681,-82.169333,54.4
2089,TRK-1026,2026-04-19T16:34:23,35.896267,-83.365261,42.1
2090,TRK-1068,2026-04-19T16:44:29,34.960897,-84.048266,19.3
2091,TRK-1014,2026-04-19T16:56:58,35.047607,-83.978872,28.6
2092,TRK-1040,2026-04-19T17:42:27,32.800174,-81.697939,62.7
2093,TRK-1059,2026-04-19T17:45:31,36.123009,-80.838575,47.9
2094,TRK-1027,2026-04-19T17:54:32,32.956075,-76.052204,61.9
2095,TRK-1095,2026-04-19T18:04:11,33.016441,-83.227329,45.5
2096,TRK-1004,2026-04-19T18:13:20,35.971851,-78.037673,65.5
2097,TRK-1088,2026-04-19T18:15:57,34.943734,-82.516392,48.5
2098,TRK-1014,2026-04-19T18:18:53,33.552538,-80.092359,68.8
2099,TRK-1002,2026-04-19T18:19:19,34.973487,-75.114352,66.1
2100,TRK-1038,2026-04-19T18:29:39,36.384892,-78.844021,45.2
2101,TRK-1069,2026-04-19T18:48:28,33.072626,-75.404654,28.1
2102,TRK-1008,2026-04-19T19:09:09,34.689157,-82.942767,56.3
2103,TRK-1018,2026-04-19T19:33:09,34.893318,-77.832118,16.5
2104,TRK-1074,2026-04-19T19:55:06,36.553872,-75.502083,46.1
2105,TRK-1019,2026-04-19T20:08:25,32.544043,-81.202261,11.5
2106,TRK-1032,2026-04-19T20:11:32,32.873312,-82.222588,48.6
2107,TRK-1034,2026-04-19T20:18:11,35.165604,-79.638212,45.5
2108,TRK-1009,2026-04-19T20:21:46,34.592895,-76.552635,72.7
2109,TRK-1001,2026-04-19T20:34:16,35.609258,-78.853338,19.8
2110,TRK-1033,2026-04-19T20:39:04,33.313666,-83.954327,70.9
2111,TRK-1041,2026-04-19T20:39:21,33.49574,-84.438942,57.8
2112,TRK-1089,2026-04-19T20:40:08,33.757127,-76.080955,39.4
2113,TRK-1044,2026-04-19T21:13:14,36.556626,-77.745782,48.5
2114,TRK-1025,2026-04-19T21:22:16,36.650654,-80.672296,53.3
2115,TRK-1057,2026-04-19T21:23:40,33.792207,-79.058264,53.6
2116,TRK-1066,2026-04-19T21:30:42,35.381842,-77.805527,39.7
2117,TRK-1021,2026-04-19T21:41:15,34.095044,-80.395795,83.2
2118,TRK-1031,2026-04-19T21:49:22,34.434344,-80.52648,50.1
2119,TRK-1085,2026-04-19T21:54:50,36.445458,-76.075338,34.0
2120,TRK-1050,2026-04-19T22:01:46,36.290298,-78.930109,36.3
2121,TRK-1070,2026-04-19T22:09:44,35.689411,-76.961969,49.5
2122,TRK-1047,2026-04-19T22:36:51,32.434994,-79.303241,30.9
2123,TRK-1013,2026-04-19T23:16:48,32.733916,-79.225436,33.7
2124,TRK-1080,2026-04-19T23:17:24,35.813043,-82.231243,60.1
2125,TRK-1036,2026-04-19T23:26:56,35.39858,-78.904692,37.8
2126,TRK-1057,2026-04-19T23:27:45,36.238239,-84.408464,33.1
2127,TRK-1064,2026-04-19T23:30:26,36.569027,-76.088183,34.2
2128,TRK-1015,2026-04-19T23:33:44,34.200501,-84.357224,59.4
2129,TRK-1098,2026-04-19T23:34:47,36.198913,-77.818689,68.3
2130,TRK-1025,2026-04-19T23:43:11,36.723838,-83.948214,31.5
2131,TRK-1009,2026-04-19T23:47:20,36.165301,-79.655722,5.9
2132,TRK-1011,2026-04-19T23:52:27,34.968108,-83.096512,16.2
2133,TRK-1092,2026-04-19T23:55:57,35.291821,-82.585911,48.5
2134,TRK-1037,2026-04-20T00:02:50,33.176281,-77.436616,82.4
2135,TRK-1083,2026-04-20T00:05:52,35.865798,-76.391683,15.1
2136,TRK-1064,2026-04-20T00:06:59,33.994609,-83.208386,41.2
2137,TRK-1034,2026-04-20T00:20:09,36.410335,-78.908399,60.2
2138,TRK-1090,2026-04-20T00:21:04,33.549699,-76.825147,28.4
2139,TRK-1097,2026-04-20T00:23:04,34.045802,-77.433673,39.1
2140,TRK-1043,2026-04-20T00:33:33,32.018705,-83.486208,36.6
2141,TRK-1010,2026-04-20T01:25:36,35.251109,-77.266039,17.0
2142,TRK-1074,2026-04-20T01:38:55,35.251273,-77.359166,35.6
2143,TRK-1090,2026-04-20T01:44:51,35.923285,-77.696972,30.9
2144,TRK-1002,2026-04-20T01:48:22,33.964572,-82.956341,27.3
2145,TRK-1070,2026-04-20T01:49:17,32.049746,-76.770236,29.4
2146,TRK-1073,2026-04-20T01:59:51,34.693236,-82.426685,48.8
2147,TRK-1078,2026-04-20T01:59:51,35.30851,-75.560532,42.5
2148,TRK-1012,2026-04-20T02:01:32,32.495953,-81.826013,15.1
2149,TRK-1029,2026-04-20T02:41:53,36.026667,-77.676948,58.9
2150,TRK-1091,2026-04-20T02:44:08,35.236159,-76.342655,61.9
2151,TRK-1052,2026-04-20T02:52:38,33.435549,-80.473455,62.8
2152,TRK-1013,2026-04-20T02:55:02,35.086585,-75.041747,64.6
2153,TRK-1031,2026-04-20T03:48:56,35.763392,-80.701962,52.6
2154,TRK-1028,2026-04-20T04:03:57,35.273174,-76.117367,53.0
2155,TRK-1051,2026-04-20T04:26:10,33.869902,-82.542743,14.8
2156,TRK-1082,2026-04-20T04:32:50,35.048115,-78.494973,55.8
2157,TRK-1090,2026-04-20T04:32:52,36.458598,-82.474847,49.9
2158,TRK-1052,2026-04-20T04:40:18,33.883829,-82.358772,60.2
2159,TRK-1055,2026-04-20T04:50:55,33.258977,-80.979328,43.0
2160,TRK-1039,2026-04-20T04:58:00,33.373933,-77.201365,79.0
2161,TRK-1019,2026-04-20T05:14:38,33.403649,-79.502719,51.1
2162,TRK-1082,2026-04-20T05:30:28,35.913971,-80.562881,52.0
2163,TRK-1028,2026-04-20T05:39:02,34.597961,-77.875097,53.5
2164,TRK-1084,2026-04-20T05:59:21,32.387824,-78.237045,48.1
2165,TRK-1000,2026-04-20T06:00:48,36.860434,-78.221859,51.7
2166,TRK-1076,2026-04-20T06:02:39,32.716903,-82.02534,26.0
2167,TRK-1011,2026-04-20T06:05:45,32.402863,-77.873353,34.9
2168,TRK-1015,2026-04-20T06:09:51,33.202451,-81.315831,57.6
2169,TRK-1061,2026-04-20T06:38:22,36.925189,-83.991173,66.1
2170,TRK-1071,2026-04-20T07:07:59,32.025843,-79.621951,30.6
2171,TRK-1072,2026-04-20T07:10:48,32.368529,-83.229573,57.4
2172,TRK-1081,2026-04-20T07:13:56,34.215046,-78.36685,15.6
2173,TRK-1005,2026-04-20T07:24:15,34.764068,-82.954132,40.4
2174,TRK-1028,2026-04-20T07:28:48,33.454507,-75.741883,36.4
2175,TRK-1032,2026-04-20T07:44:53,32.705405,-81.283135,39.8
2176,TRK-1093,2026-04-20T07:51:14,36.062142,-77.481623,32.7
2177,TRK-1040,2026-04-20T08:02:28,32.224801,-76.31199,54.3
2178,TRK-1062,2026-04-20T08:45:51,34.24269,-82.131317,45.7
2179,TRK-1006,2026-04-20T09:01:20,35.583796,-83.318184,77.4
2180,TRK-1080,2026-04-20T09:31:42,34.509284,-82.750364,56.7
2181,TRK-1098,2026-04-20T09:54:24,36.607916,-80.57083,27.2
2182,TRK-1054,2026-04-20T10:05:18,33.66686,-78.926676,46.4
2183,TRK-1080,2026-04-20T10:13:34,33.068022,-80.966367,25.6
2184,TRK-1098,2026-04-20T10:16:27,36.607623,-77.876827,62.5
2185,TRK-1037,2026-04-20T10:58:35,36.710918,-81.648522,41.0
2186,TRK-1027,2026-04-20T11:09:25,36.538616,-82.04832,18.9
2187,TRK-1026,2026-04-20T11:14:51,33.937054,-78.880508,52.5
2188,TRK-1047,2026-04-20T11:16:34,35.390645,-83.857434,55.0
2189,TRK-1079,2026-04-20T11:33:24,33.029727,-84.139512,54.6
2190,TRK-1024,2026-04-20T11:38:27,32.844292,-79.955976,30.3
2191,TRK-1068,2026-04-20T11:42:44,32.728405,-79.71854,57.9
2192,TRK-1089,2026-04-20T12:20:10,36.346535,-76.57175,60.8
2193,TRK-1046,2026-04-20T13:13:49,36.340624,-80.965329,61.7
2194,TRK-1069,2026-04-20T13:14:35,34.407473,-75.32503,77.9
2195,TRK-1008,2026-04-20T13:17:48,35.769801,-81.690861,74.7
2196,TRK-1057,2026-04-20T13:23:12,33.361644,-77.971131,34.6
2197,TRK-1073,2026-04-20T13:30:28,32.048889,-81.440523,43.0
2198,TRK-1037,2026-04-20T13:37:25,34.202662,-75.278453,40.6
2199,TRK-1017,2026-04-20T14:29:09,36.095693,-79.035124,45.0
2200,TRK-1045,2026-04-20T14:41:57,36.934154,-77.507932,32.1
2201,TRK-1089,2026-04-20T14:43:48,35.947016,-83.305747,32.9
2202,TRK-1015,2026-04-20T14:48:02,36.534497,-79.553046,26.9
2203,TRK-1054,2026-04-20T14:59:20,34.075927,-81.505238,14.9
2204,TRK-1047,2026-04-20T15:03:45,32.834098,-76.396362,39.2
2205,TRK-1013,2026-04-20T15:20:19,36.013338,-84.097198,51.2
2206,TRK-1048,2026-04-20T15:42:54,36.095881,-83.526031,37.8
2207,TRK-1033,2026-04-20T16:09:57,34.841054,-76.955231,43.4
2208,TRK-1028,2026-04-20T16:24:05,33.353524,-83.014126,22.0
2209,TRK-1025,2026-04-20T16:40:12,36.585065,-80.210896,44.9
2210,TRK-1072,2026-04-20T16:47:26,32.492717,-80.599702,37.8
2211,TRK-1052,2026-04-20T16:52:52,35.819485,-84.083022,40.6
2212,TRK-1068,2026-04-20T16:56:29,36.464404,-83.565229,49.9
2213,TRK-1047,2026-04-20T16:58:42,36.210147,-77.444521,45.9
2214,TRK-1043,2026-04-20T17:01:55,34.169905,-82.395226,50.2
2215,TRK-1038,2026-04-20T17:06:50,36.962701,-75.346162,26.1
2216,TRK-1014,2026-04-20T17:37:42,32.289962,-80.32697,49.1
2217,TRK-1007,2026-04-20T17:46:45,32.926448,-79.415598,43.4
2218,TRK-1020,2026-04-20T17:46:51,32.026382,-80.916856,70.1
2219,TRK-1095,2026-04-20T17:53:51,33.826209,-83.384128,14.9
2220,TRK-1045,2026-04-20T17:55:13,36.547417,-84.263103,52.3
2221,TRK-1082,2026-04-20T18:11:53,36.856991,-77.769263,29.0
2222,TRK-1011,2026-04-20T18:12:45,33.913339,-75.087098,48.8
2223,TRK-1079,2026-04-20T18:55:47,35.145871,-80.74224,35.8
2224,TRK-1096,2026-04-20T19:40:01,36.0573,-82.456444,9.8
2225,TRK-1062,2026-04-20T19:40:37,36.744419,-79.576826,69.3
2226,TRK-1060,2026-04-20T19:53:32,36.651506,-79.921992,50.5
2227,TRK-1092,2026-04-20T20:08:31,33.059499,-80.124049,36.0
2228,TRK-1014,2026-04-20T20:10:03,34.272936,-82.298679,43.8
2229,TRK-1019,2026-04-20T20:14:10,32.120494,-80.288626,41.0
2230,TRK-1060,2026-04-20T20:23:25,33.656514,-76.072707,57.4
2231,TRK-1037,2026-04-20T20:38:13,35.644267,-75.613208,32.7
2232,TRK-1001,2026-04-20T20:42:04,33.490317,-82.593335,62.3
2233,TRK-1026,2026-04-20T20:48:44,33.874193,-76.171137,98.7
2234,TRK-1092,2026-04-20T20:55:28,34.613735,-81.846371,68.9
2235,TRK-1021,2026-04-20T20:57:56,34.591049,-77.264926,57.2
2236,TRK-1064,2026-04-20T21:07:45,35.880792,-82.679946,75.3
2237,TRK-1012,2026-04-20T21:12:33,35.916714,-77.501406,45.4
2238,TRK-1055,2026-04-20T21:16:47,33.187356,-83.032593,26.9
2239,TRK-1063,2026-04-20T21:19:06,34.2399,-77.912062,67.4
2240,TRK-1065,2026-04-20T21:27:02,35.5141,-82.19666,76.1
2241,TRK-1063,2026-04-20T21:36:28,32.218627,-83.080069,26.0
2242,TRK-1029,2026-04-20T21:41:58,34.935611,-82.820688,73.8
2243,TRK-1078,2026-04-20T21:54:13,36.396436,-76.456569,46.0
2244,TRK-1044,2026-04-20T22:02:15,33.229704,-76.753275,31.9
2245,TRK-1043,2026-04-20T22:04:04,35.738089,-80.60179,40.2
2246,TRK-1069,2026-04-20T22:05:54,34.222729,-80.715482,68.6
2247,TRK-1064,2026-04-20T22:26:46,32.907263,-78.772268,48.4
2248,TRK-1098,2026-04-20T23:09:36,33.04249,-80.051151,47.2
2249,TRK-1075,2026-04-20T23:11:34,33.416994,-78.205009,40.8
2250,TRK-1015,2026-04-20T23:23:18,36.214285,-77.418553,57.6
2251,TRK-1088,2026-04-20T23:23:36,33.641837,-75.305343,16.5
2252,TRK-1073,2026-04-20T23:49:17,32.066867,-84.379543,3.1
2253,TRK-1046,2026-04-20T23:51:44,34.117467,-82.448467,53.6
2254,TRK-1013,2026-04-20T23:56:30,35.520002,-77.461179,58.2
2255,TRK-1096,2026-04-20T23:57:27,36.135594,-80.203245,37.2
2256,TRK-1056,2026-04-21T00:16:22,32.352891,-82.757144,28.4
2257,TRK-1005,2026-04-21T00:20:44,34.667257,-83.073213,51.9
2258,TRK-1079,2026-04-21T00:35:54,35.332797,-82.324408,63.8
2259,TRK-1059,2026-04-21T00:36:16,36.235731,-78.72084,42.6
2260,TRK-1014,2026-04-21T00:59:36,35.935145,-83.685386,36.9
2261,TRK-1051,2026-04-21T01:05:15,35.170373,-75.173419,31.3
2262,TRK-1073,2026-04-21T01:17:38,33.080607,-75.602096,44.4
2263,TRK-1032,2026-04-21T01:28:12,34.349374,-83.283128,59.4
2264,TRK-1044,2026-04-21T01:38:11,34.24175,-76.190171,50.8
2265,TRK-1055,2026-04-21T01:54:18,33.601414,-76.26525,24.3
2266,TRK-1033,2026-04-21T01:58:45,32.068377,-83.353107,46.5
2267,TRK-1042,2026-04-21T02:05:09,35.884497,-81.191723,60.0
2268,TRK-1044,2026-04-21T02:07:05,35.12172,-78.550989,40.6
2269,TRK-1059,2026-04-21T03:00:45,33.713497,-83.507873,44.9
2270,TRK-1071,2026-04-21T03:23:22,32.135912,-84.157965,56.0
2271,TRK-1011,2026-04-21T03:30:38,36.694564,-80.099716,14.2
2272,TRK-1068,2026-04-21T03:38:14,36.266491,-84.003556,67.3
2273,TRK-1098,2026-04-21T03:38:39,32.822218,-78.120933,46.3
2274,TRK-1086,2026-04-21T03:47:11,34.662096,-79.09402,37.5
2275,TRK-1085,2026-04-21T03:58:58,34.746332,-82.826723,40.6
2276,TRK-1043,2026-04-21T03:59:52,33.215266,-75.52658,45.1
2277,TRK-1064,2026-04-21T04:03:32,34.469728,-78.224791,25.1
2278,TRK-1027,2026-04-21T04:07:14,36.226921,-82.524684,70.9
2279,TRK-1033,2026-04-21T04:09:10,33.571062,-79.093384,9.2
2280,TRK-1067,2026-04-21T04:10:26,35.02743,-80.156724,59.6
2281,TRK-1093,2026-04-21T04:12:10,34.57491,-78.371444,56.7
2282,TRK-1087,2026-04-21T04:45:07,35.628522,-78.863633,29.1
2283,TRK-1068,2026-04-21T05:00:48,34.224353,-79.47589,49.7
2284,TRK-1094,2026-04-21T05:17:59,35.650935,-75.660586,49.9
2285,TRK-1099,2026-04-21T05:46:12,34.306854,-76.229806,53.9
2286,TRK-1099,2026-04-21T05:50:50,36.269199,-75.783142,30.7
2287,TRK-1046,2026-04-21T06:35:56,35.24665,-83.459399,52.9
2288,TRK-1022,2026-04-21T06:49:17,35.185854,-81.706251,16.8
2289,TRK-1038,2026-04-21T06:52:08,35.774643,-84.257089,48.3
2290,TRK-1017,2026-04-21T07:01:15,36.305876,-79.746296,19.4
2291,TRK-1088,2026-04-21T07:01:44,33.501552,-80.204048,81.5
2292,TRK-1050,2026-04-21T07:02:46,34.855623,-76.413131,53.6
2293,TRK-1065,2026-04-21T07:06:01,32.415492,-78.872207,55.3
2294,TRK-1022,2026-04-21T07:12:26,32.180894,-83.109354,65.5
2295,TRK-1031,2026-04-21T07:32:47,34.351125,-76.240429,53.3
2296,TRK-1064,2026-04-21T07:34:42,34.651368,-80.754894,37.0
2297,TRK-1010,2026-04-21T07:51:19,33.46569,-82.316134,60.3
2298,TRK-1010,2026-04-21T07:55:11,35.494562,-77.38193,56.8
2299,TRK-1036,2026-04-21T07:59:02,34.813167,-78.628699,63.9
2300,TRK-1044,2026-04-21T08:05:38,34.209182,-84.322083,77.8
2301,TRK-1054,2026-04-21T08:12:33,35.282642,-77.228937,44.1
2302,TRK-1062,2026-04-21T08:53:09,36.830768,-84.029047,35.8
2303,TRK-1021,2026-04-21T08:54:40,36.875156,-76.793261,55.0
2304,TRK-1024,2026-04-21T09:14:11,34.743434,-80.013022,34.1
2305,TRK-1063,2026-04-21T09:15:44,34.254539,-83.661427,24.6
2306,TRK-1066,2026-04-21T09:17:28,36.327129,-76.68617,57.7
2307,TRK-1009,2026-04-21T09:21:20,36.551152,-83.209253,36.1
2308,TRK-1005,2026-04-21T09:46:24,36.547399,-84.19824,65.7
2309,TRK-1075,2026-04-21T09:52:37,33.18857,-75.629536,67.3
2310,TRK-1046,2026-04-21T09:57:43,36.424111,-79.564698,37.1
2311,TRK-1030,2026-04-21T10:55:32,36.152879,-76.855623,0.0
2312,TRK-1008,2026-04-21T11:03:06,33.719134,-84.0614,24.3
2313,TRK-1006,2026-04-21T11:18:57,36.041021,-82.365585,55.0
2314,TRK-1060,2026-04-21T11:21:05,33.369271,-76.591068,73.7
2315,TRK-1078,2026-04-21T11:30:38,32.01594,-81.001646,46.6
2316,TRK-1097,2026-04-21T11:47:20,36.681539,-84.036339,23.8
2317,TRK-1012,2026-04-21T11:49:29,35.283981,-80.570802,53.1
2318,TRK-1092,2026-04-21T11:52:42,34.891504,-76.401638,40.2
2319,TRK-1009,2026-04-21T12:00:29,32.641137,-82.800762,57.2
2320,TRK-1029,2026-04-21T12:35:39,34.730321,-76.704994,71.4
2321,TRK-1033,2026-04-21T12:50:25,33.371039,-80.882892,45.2
2322,TRK-1067,2026-04-21T13:06:33,34.342038,-75.772694,93.5
2323,TRK-1088,2026-04-21T13:18:30,33.571242,-77.209388,71.3
2324,TRK-1040,2026-04-21T13:39:35,34.075372,-83.24341,50.3
2325,TRK-1085,2026-04-21T13:40:33,34.247488,-77.580518,48.8
2326,TRK-1069,2026-04-21T13:42:09,32.656476,-76.005507,38.2
2327,TRK-1082,2026-04-21T14:11:21,34.145083,-76.806421,60.2
2328,TRK-1021,2026-04-21T14:44:19,33.048051,-84.102035,33.3
2329,TRK-1095,2026-04-21T15:34:27,34.164169,-79.505194,41.4
2330,TRK-1023,2026-04-21T15:48:42,33.083557,-81.744132,43.8
2331,TRK-1086,2026-04-21T16:10:07,34.911226,-80.196408,32.9
2332,TRK-1065,2026-04-21T16:55:28,34.9792,-77.907631,54.2
2333,TRK-1007,2026-04-21T17:21:29,36.688904,-78.224743,72.1
2334,TRK-1081,2026-04-21T17:27:29,33.86011,-79.708394,67.0
2335,TRK-1072,2026-04-21T17:34:22,36.464687,-76.215498,59.5
2336,TRK-1045,2026-04-21T17:35:34,36.530435,-80.430852,19.2
2337,TRK-1077,2026-04-21T17:37:03,33.523964,-84.032537,43.8
2338,TRK-1075,2026-04-21T18:28:19,33.728787,-79.963919,45.0
2339,TRK-1053,2026-04-21T19:20:43,35.846635,-79.902127,23.2
2340,TRK-1062,2026-04-21T19:23:53,33.450048,-81.981472,43.1
2341,TRK-1073,2026-04-21T19:32:02,32.759815,-83.792042,26.2
2342,TRK-1078,2026-04-21T19:39:54,36.817342,-77.379091,36.4
2343,TRK-1090,2026-04-21T20:25:22,32.400209,-82.58443,30.7
2344,TRK-1066,2026-04-21T20:30:28,32.827485,-76.602484,47.9
2345,TRK-1005,2026-04-21T20:36:24,32.902523,-75.62797,50.4
2346,TRK-1018,2026-04-21T21:04:34,36.168207,-80.575997,42.3
2347,TRK-1096,2026-04-21T21:33:52,35.285679,-82.461967,64.6
2348,TRK-1064,2026-04-21T21:43:11,36.74282,-81.221511,35.6
2349,TRK-1062,2026-04-21T21:56:12,35.861868,-81.867912,37.5
2350,TRK-1050,2026-04-21T22:40:22,34.334654,-78.84313,98.8
2351,TRK-1098,2026-04-21T23:55:54,33.800906,-82.870018,24.3
2352,TRK-1019,2026-04-22T00:03:50,35.583408,-82.710278,34.8
2353,TRK-1014,2026-04-22T00:10:56,32.808565,-76.747229,49.9
2354,TRK-1099,2026-04-22T00:44:28,33.404036,-78.868903,69.5
2355,TRK-1029,2026-04-22T00:44:37,35.407671,-84.261915,55.3
2356,TRK-1020,2026-04-22T00:45:25,32.440196,-77.615946,27.6
2357,TRK-1020,2026-04-22T01:00:05,35.112491,-82.455335,30.8
2358,TRK-1083,2026-04-22T01:15:18,32.454932,-75.713936,24.6
2359,TRK-1080,2026-04-22T01:19:12,36.822029,-81.25508,32.1
2360,TRK-1018,2026-04-22T01:19:52,34.920819,-76.128907,33.3
2361,TRK-1024,2026-04-22T02:48:26,35.00497,-76.09769,85.7
2362,TRK-1000,2026-04-22T02:49:51,33.771594,-79.472513,29.7
2363,TRK-1015,2026-04-22T03:19:14,32.953413,-83.175941,46.0
2364,TRK-1006,2026-04-22T03:21:18,32.693648,-83.491184,69.7
2365,TRK-1064,2026-04-22T03:48:10,35.769812,-77.873031,67.0
2366,TRK-1088,2026-04-22T03:59:03,36.500238,-79.203094,79.3
2367,TRK-1020,2026-04-22T04:33:11,36.983508,-76.622944,57.9
2368,TRK-1063,2026-04-22T04:40:17,36.208562,-82.190734,12.9
2369,TRK-1022,2026-04-22T05:06:10,32.395358,-76.394228,36.7
2370,TRK-1038,2026-04-22T05:31:13,36.617992,-82.630539,38.1
2371,TRK-1057,2026-04-22T05:54:31,35.943147,-81.450041,47.1
2372,TRK-1005,2026-04-22T06:13:57,32.224896,-75.857927,78.7
2373,TRK-1057,2026-04-22T06:35:46,36.849508,-76.38548,14.2
2374,TRK-1054,2026-04-22T06:39:08,36.045925,-84.016683,18.7
2375,TRK-1083,2026-04-22T06:40:36,35.984443,-79.87899,41.5
2376,TRK-1064,2026-04-22T07:00:50,35.576248,-80.174786,54.8
2377,TRK-1074,2026-04-22T07:16:18,35.227428,-79.793548,68.1
2378,TRK-1099,2026-04-22T07:25:16,33.812119,-76.11525,67.9
2379,TRK-1075,2026-04-22T07:32:01,32.029315,-77.386622,51.0
2380,TRK-1010,2026-04-22T07:32:06,33.656024,-78.790401,81.8
2381,TRK-1059,2026-04-22T07:37:07,35.370445,-75.635673,42.2
2382,TRK-1095,2026-04-22T07:41:02,36.816593,-83.780256,41.7
2383,TRK-1055,2026-04-22T07:57:37,36.176988,-81.23225,68.4
2384,TRK-1014,2026-04-22T08:17:06,34.24754,-82.969483,71.7
2385,TRK-1042,2026-04-22T08:42:53,35.188375,-78.148831,10.8
2386,TRK-1011,2026-04-22T08:53:17,35.15675,-78.156422,51.2
2387,TRK-1024,2026-04-22T09:04:11,36.534979,-83.377047,45.2
2388,TRK-1096,2026-04-22T09:26:33,34.343068,-83.234528,30.0
2389,TRK-1022,2026-04-22T09:58:18,35.504763,-77.686938,35.0
2390,TRK-1059,2026-04-22T10:16:50,32.765705,-80.909488,25.9
2391,TRK-1026,2026-04-22T10:57:23,32.602707,-81.658503,61.7
2392,TRK-1082,2026-04-22T11:01:06,35.669733,-75.110547,15.8
2393,TRK-1046,2026-04-22T11:03:00,32.544988,-75.130312,53.2
2394,TRK-1003,2026-04-22T11:08:45,32.100065,-75.454837,63.0
2395,TRK-1080,2026-04-22T11:11:57,36.172955,-83.87691,33.4
2396,TRK-1051,2026-04-22T11:19:15,32.101469,-76.382508,30.4
2397,TRK-1013,2026-04-22T11:34:18,35.10562,-84.388231,57.8
2398,TRK-1042,2026-04-22T12:01:36,33.781796,-77.636449,30.9
2399,TRK-1028,2026-04-22T12:22:10,32.265672,-76.396954,9.6
2400,TRK-1099,2026-04-22T13:26:48,35.171352,-81.599928,49.9
2401,TRK-1014,2026-04-22T13:38:53,35.83856,-83.658143,62.9
2402,TRK-1079,2026-04-22T13:39:16,34.680112,-82.077436,29.5
2403,TRK-1041,2026-04-22T14:03:28,35.739948,-81.74036,36.6
2404,TRK-1030,2026-04-22T14:25:01,33.276149,-76.273895,31.6
2405,TRK-1055,2026-04-22T14:50:20,35.7943,-82.549892,30.0
2406,TRK-1066,2026-04-22T14:56:01,32.022472,-78.654314,44.1
2407,TRK-1040,2026-04-22T15:32:08,32.522252,-77.547311,78.9
2408,TRK-1079,2026-04-22T15:52:36,33.45706,-77.890786,54.0
2409,TRK-1030,2026-04-22T16:01:02,33.708536,-78.284313,53.0
2410,TRK-1075,2026-04-22T16:11:39,32.01157,-80.47091,47.6
2411,TRK-1030,2026-04-22T16:11:48,35.711797,-75.972084,68.0
2412,TRK-1013,2026-04-22T16:20:46,33.443178,-84.387392,41.1
2413,TRK-1007,2026-04-22T16:48:55,35.453842,-78.280485,36.2
2414,TRK-1085,2026-04-22T16:55:49,32.500136,-81.85341,0.0
2415,TRK-1043,2026-04-22T17:11:10,35.334091,-81.336423,66.8
2416,TRK-1015,2026-04-22T17:33:23,32.554581,-79.475033,52.4
2417,TRK-1022,2026-04-22T17:45:48,32.213055,-82.572361,47.5
2418,TRK-1048,2026-04-22T18:22:17,36.368304,-75.086833,48.5
2419,TRK-1078,2026-04-22T18:33:53,33.826742,-84.085347,43.6
2420,TRK-1008,2026-04-22T18:35:10,36.249762,-81.580353,25.4
2421,TRK-1007,2026-04-22T19:00:58,35.736398,-84.058559,50.9
2422,TRK-1002,2026-04-22T19:13:35,36.864964,-83.381449,29.1
2423,TRK-1006,2026-04-22T19:14:33,32.112392,-77.934669,11.6
2424,TRK-1021,2026-04-22T19:32:39,34.785936,-82.356443,13.3
2425,TRK-1036,2026-04-22T19:41:56,33.837349,-78.189076,40.8
2426,TRK-1051,2026-04-22T19:54:04,36.633578,-79.360058,52.2
2427,TRK-1061,2026-04-22T19:57:00,33.316429,-84.311407,44.6
2428,TRK-1020,2026-04-22T20:38:09,36.57523,-75.879835,61.1
2429,TRK-1063,2026-04-22T20:41:55,36.207517,-82.809915,97.7
2430,TRK-1016,2026-04-22T20:42:21,32.949037,-75.850826,67.1
2431,TRK-1045,2026-04-22T20:51:59,36.117108,-78.31731,16.2
2432,TRK-1078,2026-04-22T21:05:57,36.529244,-81.549482,52.9
2433,TRK-1072,2026-04-22T21:17:29,36.295804,-82.915993,51.2
2434,TRK-1083,2026-04-22T21:26:13,34.509241,-79.226278,31.5
2435,TRK-1045,2026-04-22T21:43:16,32.525797,-75.267795,24.7
2436,TRK-1044,2026-04-22T21:53:12,36.518979,-83.072661,55.8
2437,TRK-1084,2026-04-22T22:02:47,34.97162,-83.431709,42.7
2438,TRK-1000,2026-04-22T22:14:41,36.049401,-76.530078,59.1
2439,TRK-1047,2026-04-22T22:46:38,34.604549,-81.631053,40.4
2440,TRK-1083,2026-04-22T22:55:06,33.613627,-81.863532,32.6
2441,TRK-1053,2026-04-22T23:07:15,36.400365,-82.331335,59.5
2442,TRK-1091,2026-04-22T23:14:33,32.42051,-81.374093,38.6
2443,TRK-1072,2026-04-22T23:15:13,35.887556,-83.004168,51.7
2444,TRK-1061,2026-04-22T23:25:23,33.959129,-79.593056,37.3
2445,TRK-1078,2026-04-23T00:31:23,34.559998,-84.323173,39.4
2446,TRK-1052,2026-04-23T00:43:30,32.958861,-83.948075,43.9
2447,TRK-1016,2026-04-23T01:12:44,34.53104,-84.410065,0.0
2448,TRK-1025,2026-04-23T02:05:35,35.261196,-76.381565,30.8
2449,TRK-1071,2026-04-23T02:06:38,34.601407,-81.398948,36.7
2450,TRK-1055,2026-04-23T02:24:03,35.918812,-75.04545,19.0
2451,TRK-1051,2026-04-23T02:33:45,33.524502,-77.397921,44.2
2452,TRK-1026,2026-04-23T02:50:08,32.676907,-76.962995,8.1
2453,TRK-1008,2026-04-23T02:51:23,32.960918,-82.779166,25.6
2454,TRK-1041,2026-04-23T03:31:05,32.571843,-76.776942,19.7
2455,TRK-1052,2026-04-23T03:48:25,36.549706,-78.875157,61.5
2456,TRK-1004,2026-04-23T03:49:12,36.266798,-81.523234,58.9
2457,TRK-1053,2026-04-23T04:06:01,36.930903,-79.521388,58.0
2458,TRK-1071,2026-04-23T04:15:34,35.941603,-84.034418,65.9
2459,TRK-1020,2026-04-23T04:31:55,32.564885,-76.43081,65.8
2460,TRK-1041,2026-04-23T04:33:39,33.018405,-77.398181,28.3
2461,TRK-1050,2026-04-23T04:37:17,32.734105,-79.286184,43.5
2462,TRK-1050,2026-04-23T04:48:36,35.641592,-75.432885,33.8
2463,TRK-1030,2026-04-23T04:56:41,35.174947,-83.713144,35.4
2464,TRK-1048,2026-04-23T05:23:31,33.627657,-81.279036,38.4
2465,TRK-1081,2026-04-23T05:42:12,35.990581,-83.860871,26.3
2466,TRK-1041,2026-04-23T05:47:25,32.386846,-84.178368,32.9
2467,TRK-1096,2026-04-23T05:49:29,32.254147,-83.827022,53.9
2468,TRK-1048,2026-04-23T05:58:41,34.894191,-83.460141,66.2
2469,TRK-1046,2026-04-23T06:03:22,34.463279,-75.259857,34.7
2470,TRK-1077,2026-04-23T06:09:07,35.340584,-77.478888,57.7
2471,TRK-1068,2026-04-23T06:19:13,36.944153,-76.380899,34.7
2472,TRK-1057,2026-04-23T06:25:32,35.130483,-78.540532,49.8
2473,TRK-1045,2026-04-23T06:31:26,36.474697,-78.0733,59.9
2474,TRK-1003,2026-04-23T07:07:08,36.394534,-78.384742,75.1
2475,TRK-1056,2026-04-23T07:28:33,32.10209,-75.405737,68.1
2476,TRK-1067,2026-04-23T07:43:41,33.895561,-75.926855,41.0
2477,TRK-1011,2026-04-23T08:09:31,35.103537,-81.684786,62.9
2478,TRK-1086,2026-04-23T08:49:53,33.076584,-77.284061,39.5
2479,TRK-1014,2026-04-23T09:02:32,33.884281,-82.605759,6.5
2480,TRK-1083,2026-04-23T09:24:43,32.827208,-80.640265,82.7
2481,TRK-1041,2026-04-23T09:30:09,34.57533,-80.767231,43.3
2482,TRK-1027,2026-04-23T09:53:34,33.086516,-80.497674,41.7
2483,TRK-1096,2026-04-23T10:02:07,36.004892,-78.008542,51.7
2484,TRK-1006,2026-04-23T10:10:24,33.108509,-75.040942,71.3
2485,TRK-1084,2026-04-23T10:15:23,34.356077,-81.558728,67.2
2486,TRK-1038,2026-04-23T10:34:05,33.11595,-77.086128,59.8
2487,TRK-1082,2026-04-23T10:41:45,36.618862,-83.228118,55.6
2488,TRK-1010,2026-04-23T10:52:19,35.216209,-76.259186,54.3
2489,TRK-1059,2026-04-23T10:59:37,35.461402,-81.473876,36.6
2490,TRK-1090,2026-04-23T11:03:20,32.816996,-77.963029,33.2
2491,TRK-1008,2026-04-23T11:04:44,35.825901,-81.998337,47.8
2492,TRK-1045,2026-04-23T11:41:47,35.465604,-78.961506,69.3
2493,TRK-1057,2026-04-23T11:59:06,35.712353,-81.629556,46.8
2494,TRK-1050,2026-04-23T12:11:43,32.410736,-83.10532,56.9
2495,TRK-1074,2026-04-23T12:35:37,33.110081,-75.357722,20.6
2496,TRK-1072,2026-04-23T12:36:31,36.512571,-77.437329,1.7
2497,TRK-1089,2026-04-23T12:54:30,36.092142,-79.565417,41.6
2498,TRK-1086,2026-04-23T12:57:46,36.905948,-75.283912,55.3
2499,TRK-1062,2026-04-23T13:11:22,36.408607,-80.534751,25.2
2500,TRK-1016,2026-04-23T13:17:37,36.149328,-84.306678,80.7
2501,TRK-1053,2026-04-23T13:29:25,36.238923,-77.091225,15.5
2502,TRK-1020,2026-04-23T13:36:16,32.557156,-81.332535,17.1
2503,TRK-1099,2026-04-23T13:50:30,33.398207,-77.700783,21.0
2504,TRK-1082,2026-04-23T13:53:51,33.067692,-81.601938,0.0
2505,TRK-1037,2026-04-23T14:00:26,32.645627,-78.491315,38.7
2506,TRK-1068,2026-04-23T14:19:48,32.741471,-77.663012,48.2
2507,TRK-1082,2026-04-23T14:21:42,35.455184,-80.938958,55.8
2508,TRK-1006,2026-04-23T14:31:17,34.140439,-83.290637,34.4
2509,TRK-1095,2026-04-23T14:33:42,34.89691,-77.59349,57.6
2510,TRK-1022,2026-04-23T14:57:35,32.494685,-78.767932,48.2
2511,TRK-1010,2026-04-23T14:59:21,34.25241,-80.829393,71.0
2512,TRK-1062,2026-04-23T15:02:59,36.571968,-83.162811,27.3
2513,TRK-1003,2026-04-23T15:13:24,36.304596,-81.061532,76.6
2514,TRK-1030,2026-04-23T15:19:37,35.666178,-80.74028,47.1
2515,TRK-1043,2026-04-23T15:42:50,33.034348,-79.118886,24.0
2516,TRK-1090,2026-04-23T15:53:41,35.06869,-82.175317,48.8
2517,TRK-1012,2026-04-23T16:10:40,32.74685,-80.596776,55.7
2518,TRK-1034,2026-04-23T16:39:05,36.966294,-81.48372,69.7
2519,TRK-1044,2026-04-23T17:10:27,33.258674,-77.06793,84.5
2520,TRK-1082,2026-04-23T17:10:40,32.761464,-82.190597,41.8
2521,TRK-1005,2026-04-23T17:11:52,35.964824,-79.077962,37.0
2522,TRK-1076,2026-04-23T17:42:18,36.605643,-82.111753,25.0
2523,TRK-1007,2026-04-23T17:57:13,34.839846,-75.656223,39.9
2524,TRK-1039,2026-04-23T18:12:18,33.01625,-84.04833,73.9
2525,TRK-1057,2026-04-23T18:23:13,33.72907,-82.497455,20.9
2526,TRK-1051,2026-04-23T18:40:56,33.971351,-78.774556,40.7
2527,TRK-1093,2026-04-23T18:45:48,34.304346,-81.098926,32.6
2528,TRK-1025,2026-04-23T18:53:31,33.203385,-76.708829,55.0
2529,TRK-1063,2026-04-23T19:05:44,32.643457,-83.455737,27.8
2530,TRK-1083,2026-04-23T19:14:49,33.275033,-75.424323,31.7
2531,TRK-1058,2026-04-23T19:27:09,33.541578,-75.198019,19.4
2532,TRK-1072,2026-04-23T19:27:21,35.75216,-82.192923,36.2
2533,TRK-1083,2026-04-23T19:28:44,34.721881,-83.849863,38.7
2534,TRK-1096,2026-04-23T19:44:11,33.425827,-75.614611,54.7
2535,TRK-1075,2026-04-23T19:56:26,33.669826,-75.645117,43.4
2536,TRK-1008,2026-04-23T20:03:01,34.662544,-80.879469,36.6
2537,TRK-1090,2026-04-23T20:19:08,32.898236,-78.15311,36.9
2538,TRK-1048,2026-04-23T20:24:12,34.748747,-80.679738,53.9
2539,TRK-1078,2026-04-23T20:35:24,33.272865,-81.215696,25.9
2540,TRK-1038,2026-04-23T20:51:56,36.539768,-84.183482,91.3
2541,TRK-1030,2026-04-23T21:06:57,36.019532,-77.997975,53.0
2542,TRK-1054,2026-04-23T21:09:05,33.616136,-75.694723,47.0
2543,TRK-1054,2026-04-23T21:30:59,32.456481,-78.820193,16.3
2544,TRK-1029,2026-04-23T21:42:28,34.703908,-82.532022,71.9
2545,TRK-1022,2026-04-23T22:14:18,34.918961,-83.88257,36.1
2546,TRK-1008,2026-04-23T22:21:01,33.972766,-80.574072,67.0
2547,TRK-1023,2026-04-23T22:29:15,32.062298,-82.744373,53.0
2548,TRK-1036,2026-04-23T22:47:30,35.379919,-76.185005,39.5
2549,TRK-1054,2026-04-23T23:10:38,32.528135,-80.619886,49.0
2550,TRK-1044,2026-04-23T23:22:10,33.762178,-81.231845,53.7
2551,TRK-1081,2026-04-23T23:24:38,33.186896,-82.977552,72.3
2552,TRK-1076,2026-04-23T23:55:27,33.440114,-83.200669,71.6
2553,TRK-1015,2026-04-24T00:00:28,32.243069,-75.306163,70.7
2554,TRK-1044,2026-04-24T00:04:43,34.839884,-79.50242,30.5
2555,TRK-1069,2026-04-24T00:11:28,35.955479,-76.508862,21.1
2556,TRK-1028,2026-04-24T01:06:20,33.907059,-79.858749,65.0
2557,TRK-1073,2026-04-24T01:23:46,34.543652,-82.344283,43.2
2558,TRK-1032,2026-04-24T01:30:05,35.478066,-80.85775,34.1
2559,TRK-1072,2026-04-24T01:32:47,36.137071,-77.5782,53.5
2560,TRK-1046,2026-04-24T01:44:55,32.249311,-83.591631,13.4
2561,TRK-1061,2026-04-24T01:57:52,33.781313,-83.650276,87.5
2562,TRK-1084,2026-04-24T02:04:41,36.046742,-84.148309,58.9
2563,TRK-1013,2026-04-24T02:13:07,32.623863,-75.78925,47.0
2564,TRK-1033,2026-04-24T02:26:10,34.181624,-82.768089,50.7
2565,TRK-1061,2026-04-24T02:35:03,32.74682,-81.175375,79.8
2566,TRK-1065,2026-04-24T02:39:39,34.952529,-83.521352,86.5
2567,TRK-1062,2026-04-24T02:58:34,36.896726,-78.297444,53.8
2568,TRK-1024,2026-04-24T03:08:09,33.053237,-82.2366,45.2
2569,TRK-1080,2026-04-24T03:10:08,32.848131,-83.821761,36.6
2570,TRK-1076,2026-04-24T03:14:38,32.474974,-79.412245,42.1
2571,TRK-1097,2026-04-24T03:35:35,36.958677,-75.286294,64.2
2572,TRK-1009,2026-04-24T03:44:31,36.794781,-82.968436,26.0
2573,TRK-1080,2026-04-24T04:03:30,33.04314,-77.037461,31.5
2574,TRK-1006,2026-04-24T04:06:50,32.011727,-80.953351,51.0
2575,TRK-1020,2026-04-24T04:13:19,36.848303,-83.22817,29.8
2576,TRK-1017,2026-04-24T04:18:17,33.945091,-79.529967,43.3
2577,TRK-1079,2026-04-24T04:20:58,33.027617,-83.361851,50.9
2578,TRK-1063,2026-04-24T04:37:29,33.145232,-80.971893,38.6
2579,TRK-1098,2026-04-24T05:05:25,33.344334,-78.593511,22.8
2580,TRK-1012,2026-04-24T05:27:32,33.894051,-78.535421,30.7
2581,TRK-1004,2026-04-24T05:27:44,36.02179,-79.042952,42.1
2582,TRK-1029,2026-04-24T05:50:04,36.469401,-79.339927,23.9
2583,TRK-1035,2026-04-24T06:01:01,36.381179,-77.394739,0.0
2584,TRK-1014,2026-04-24T06:04:53,34.509409,-81.569395,29.6
2585,TRK-1076,2026-04-24T06:14:06,35.014929,-80.120437,59.4
2586,TRK-1000,2026-04-24T06:19:06,32.435737,-82.624219,34.6
2587,TRK-1079,2026-04-24T06:34:34,32.228611,-84.406374,55.4
2588,TRK-1057,2026-04-24T06:44:48,35.335471,-84.480956,43.8
2589,TRK-1012,2026-04-24T06:57:27,33.773953,-78.092059,36.4
2590,TRK-1072,2026-04-24T07:05:42,36.693196,-76.430771,34.0
2591,TRK-1095,2026-04-24T07:30:55,36.383713,-84.373116,58.9
2592,TRK-1050,2026-04-24T07:37:23,32.584762,-80.875759,20.9
2593,TRK-1022,2026-04-24T07:40:06,32.828435,-81.337131,43.8
2594,TRK-1047,2026-04-24T08:01:16,35.599057,-81.603683,29.3
2595,TRK-1075,2026-04-24T08:20:13,35.322221,-81.9561,38.6
2596,TRK-1041,2026-04-24T08:54:44,32.998018,-76.788208,57.9
2597,TRK-1066,2026-04-24T09:01:57,36.497182,-81.843893,74.6
2598,TRK-1021,2026-04-24T09:05:29,36.077202,-76.292439,49.3
2599,TRK-1073,2026-04-24T09:09:26,34.509141,-83.546543,35.5
2600,TRK-1048,2026-04-24T09:44:40,32.290043,-81.815338,40.2
2601,TRK-1094,2026-04-24T09:55:19,35.184209,-78.31204,58.5
2602,TRK-1024,2026-04-24T09:59:00,36.940591,-83.079394,22.3
2603,TRK-1030,2026-04-24T10:29:41,32.040251,-81.598478,19.9
2604,TRK-1085,2026-04-24T10:48:03,33.340366,-80.676084,15.5
2605,TRK-1067,2026-04-24T11:25:35,33.265502,-84.172035,52.3
2606,TRK-1078,2026-04-24T11:30:17,33.289299,-78.819032,73.5
2607,TRK-1053,2026-04-24T12:22:37,32.97964,-76.447465,68.5
2608,TRK-1078,2026-04-24T12:33:43,32.004845,-81.305408,31.4
2609,TRK-1001,2026-04-24T12:36:41,35.486648,-78.901713,27.1
2610,TRK-1033,2026-04-24T13:17:32,32.091469,-77.129132,25.8
2611,TRK-1031,2026-04-24T13:24:48,35.017643,-82.69009,40.3
2612,TRK-1078,2026-04-24T13:31:40,33.678138,-81.787252,33.3
2613,TRK-1019,2026-04-24T13:47:04,36.224485,-81.529287,45.0
2614,TRK-1030,2026-04-24T13:50:31,34.425283,-84.054894,79.8
2615,TRK-1048,2026-04-24T13:52:30,33.720043,-77.835544,32.4
2616,TRK-1011,2026-04-24T14:03:12,32.450105,-83.397149,69.6
2617,TRK-1082,2026-04-24T14:09:06,35.577291,-81.367497,56.4
2618,TRK-1000,2026-04-24T14:17:11,32.275275,-76.083133,65.2
2619,TRK-1027,2026-04-24T14:20:57,33.867381,-79.552052,71.7
2620,TRK-1005,2026-04-24T14:21:36,35.339447,-75.477384,48.9
2621,TRK-1067,2026-04-24T14:34:39,32.977497,-77.721402,44.3
2622,TRK-1061,2026-04-24T14:52:33,36.016861,-81.233432,61.9
2623,TRK-1045,2026-04-24T15:36:29,35.028343,-83.359856,42.3
2624,TRK-1096,2026-04-24T15:45:48,32.424517,-77.352692,34.1
2625,TRK-1091,2026-04-24T16:35:55,32.035866,-77.697792,49.4
2626,TRK-1007,2026-04-24T16:38:28,36.431104,-84.197125,66.0
2627,TRK-1083,2026-04-24T16:42:07,32.677861,-81.030231,36.8
2628,TRK-1093,2026-04-24T16:54:48,35.592699,-81.640813,71.0
2629,TRK-1097,2026-04-24T17:08:16,33.044902,-81.031763,31.3
2630,TRK-1030,2026-04-24T17:28:58,32.329542,-82.198341,56.5
2631,TRK-1071,2026-04-24T17:29:23,32.337985,-75.368385,45.4
2632,TRK-1013,2026-04-24T17:34:10,33.093858,-75.839563,53.2
2633,TRK-1048,2026-04-24T17:42:42,35.622306,-81.206458,41.3
2634,TRK-1024,2026-04-24T17:53:40,35.751148,-81.046215,55.8
2635,TRK-1048,2026-04-24T18:06:09,32.183469,-84.428013,65.9
2636,TRK-1013,2026-04-24T18:22:08,32.998173,-77.451211,64.1
2637,TRK-1072,2026-04-24T18:42:37,36.642674,-82.45918,26.4
2638,TRK-1031,2026-04-24T18:54:15,33.374021,-80.618271,69.4
2639,TRK-1059,2026-04-24T18:55:31,33.278934,-77.732321,24.3
2640,TRK-1084,2026-04-24T19:17:37,34.420698,-79.859378,38.1
2641,TRK-1017,2026-04-24T19:21:22,36.591989,-83.652297,35.2
2642,TRK-1072,2026-04-24T19:22:01,35.557717,-76.198522,50.6
2643,TRK-1009,2026-04-24T19:44:36,36.445947,-83.49431,42.5
2644,TRK-1001,2026-04-24T19:59:54,32.710761,-81.004147,67.4
2645,TRK-1072,2026-04-24T20:17:44,35.454395,-78.85008,20.0
2646,TRK-1040,2026-04-24T20:18:04,32.372485,-75.532628,40.1
2647,TRK-1085,2026-04-24T20:45:42,33.905723,-81.622311,56.1
2648,TRK-1022,2026-04-24T21:02:36,34.795963,-76.00517,21.2
2649,TRK-1097,2026-04-24T21:11:30,36.749934,-77.89642,66.8
2650,TRK-1046,2026-04-24T21:42:25,35.476808,-82.01127,41.1
2651,TRK-1052,2026-04-24T22:04:25,33.019571,-77.131578,14.7
2652,TRK-1019,2026-04-24T22:20:51,32.269742,-76.862433,62.5
2653,TRK-1097,2026-04-24T22:24:40,35.656483,-76.558094,11.6
2654,TRK-1085,2026-04-24T22:30:49,33.528295,-75.495882,46.8
2655,TRK-1079,2026-04-24T22:54:52,33.746469,-80.001884,20.5
2656,TRK-1057,2026-04-24T23:00:43,33.972605,-77.86572,30.7
2657,TRK-1029,2026-04-24T23:07:17,36.830927,-83.996495,44.3
2658,TRK-1082,2026-04-24T23:08:52,34.584612,-77.020407,30.9
2659,TRK-1032,2026-04-24T23:17:30,34.612477,-76.696005,36.8
2660,TRK-1090,2026-04-24T23:35:32,36.478447,-79.855936,28.7
2661,TRK-1075,2026-04-25T00:04:43,36.783657,-83.110149,48.9
2662,TRK-1077,2026-04-25T00:12:42,32.13893,-79.018489,42.2
2663,TRK-1070,2026-04-25T00:14:47,33.814921,-75.451179,54.6
2664,TRK-1045,2026-04-25T00:15:31,35.637041,-83.627023,67.4
2665,TRK-1053,2026-04-25T00:37:35,36.372723,-76.107134,53.7
2666,TRK-1088,2026-04-25T00:41:55,32.86902,-82.281665,35.2
2667,TRK-1052,2026-04-25T00:59:23,36.094102,-75.328941,75.2
2668,TRK-1077,2026-04-25T01:10:54,32.568504,-79.639594,58.4
2669,TRK-1088,2026-04-25T01:27:44,32.971896,-75.357455,71.7
2670,TRK-1064,2026-04-25T01:41:34,36.197119,-80.471338,46.5
2671,TRK-1086,2026-04-25T02:06:54,34.40885,-76.922046,26.7
2672,TRK-1084,2026-04-25T02:07:14,32.130148,-82.958793,54.3
2673,TRK-1064,2026-04-25T02:36:23,32.738016,-75.051046,48.2
2674,TRK-1080,2026-04-25T02:47:34,35.270514,-83.727109,71.6
2675,TRK-1047,2026-04-25T02:48:23,33.712354,-76.33823,77.6
2676,TRK-1055,2026-04-25T03:11:05,34.500283,-75.160746,65.6
2677,TRK-1025,2026-04-25T03:12:42,35.176045,-80.388362,85.6
2678,TRK-1027,2026-04-25T03:45:58,34.125956,-77.182816,56.7
2679,TRK-1069,2026-04-25T03:52:41,34.677796,-80.428624,38.7
2680,TRK-1047,2026-04-25T03:54:08,32.931097,-82.506751,11.8
2681,TRK-1036,2026-04-25T03:54:12,34.117111,-78.813319,64.0
2682,TRK-1089,2026-04-25T04:00:36,36.617201,-82.488035,59.9
2683,TRK-1043,2026-04-25T04:00:52,35.295784,-80.17561,60.8
2684,TRK-1069,2026-04-25T04:01:00,35.851459,-75.044718,19.5
2685,TRK-1070,2026-04-25T04:03:32,32.777721,-78.436203,83.2
2686,TRK-1004,2026-04-25T04:25:23,33.149857,-77.24525,48.7
2687,TRK-1020,2026-04-25T04:25:28,32.498042,-81.105433,46.1
2688,TRK-1081,2026-04-25T04:38:39,32.817668,-81.823878,62.6
2689,TRK-1074,2026-04-25T04:52:30,36.779985,-81.885735,65.6
2690,TRK-1084,2026-04-25T05:05:43,33.336254,-81.208543,48.2
2691,TRK-1018,2026-04-25T05:09:10,35.784806,-76.07907,41.2
2692,TRK-1012,2026-04-25T05:09:31,35.166695,-79.922278,68.3
2693,TRK-1083,2026-04-25T05:09:36,33.416976,-78.352122,31.8
2694,TRK-1038,2026-04-25T05:12:50,32.165861,-77.664552,26.0
2695,TRK-1004,2026-04-25T05:40:03,33.662339,-82.691918,46.9
2696,TRK-1046,2026-04-25T06:00:59,33.67826,-82.656937,42.0
2697,TRK-1000,2026-04-25T06:03:10,33.141981,-80.997651,48.7
2698,TRK-1054,2026-04-25T06:04:26,32.924961,-82.69673,37.0
2699,TRK-1067,2026-04-25T06:10:17,33.397299,-75.212363,36.6
2700,TRK-1076,2026-04-25T06:13:15,32.382585,-80.182563,51.4
2701,TRK-1006,2026-04-25T06:13:28,35.539333,-77.317317,43.3
2702,TRK-1041,2026-04-25T06:44:57,32.455731,-81.983381,37.5
2703,TRK-1093,2026-04-25T07:16:12,34.571968,-80.280476,47.0
2704,TRK-1018,2026-04-25T07:47:55,35.518185,-80.511079,40.8
2705,TRK-1061,2026-04-25T07:50:31,36.589379,-75.478767,34.9
2706,TRK-1070,2026-04-25T07:55:16,32.876141,-76.723434,27.3
2707,TRK-1034,2026-04-25T08:01:02,33.674653,-81.007563,37.9
2708,TRK-1039,2026-04-25T08:03:04,34.671764,-78.664478,38.3
2709,TRK-1055,2026-04-25T08:10:21,34.687154,-80.275839,60.6
2710,TRK-1064,2026-04-25T08:12:04,33.177954,-76.232975,42.1
2711,TRK-1054,2026-04-25T08:32:05,32.71368,-75.50622,42.7
2712,TRK-1035,2026-04-25T08:38:47,35.746868,-80.939909,50.3
2713,TRK-1018,2026-04-25T08:39:37,34.120685,-76.760923,77.8
2714,TRK-1077,2026-04-25T09:02:19,32.759083,-82.818388,36.9
2715,TRK-1030,2026-04-25T09:02:30,32.592632,-80.452596,16.0
2716,TRK-1059,2026-04-25T09:03:22,34.794885,-77.590442,61.1
2717,TRK-1000,2026-04-25T09:14:21,36.604284,-79.298938,27.4
2718,TRK-1024,2026-04-25T09:15:02,34.547992,-82.51934,27.5
2719,TRK-1048,2026-04-25T09:17:42,34.621183,-80.040874,39.0
2720,TRK-1088,2026-04-25T09:52:44,32.653746,-83.452297,62.3
2721,TRK-1098,2026-04-25T10:12:36,33.440998,-78.834882,27.5
2722,TRK-1024,2026-04-25T10:18:10,34.346082,-80.151223,49.7
2723,TRK-1077,2026-04-25T10:22:23,32.647348,-76.21735,37.2
2724,TRK-1046,2026-04-25T10:23:15,36.493924,-80.512475,29.5
2725,TRK-1030,2026-04-25T10:31:30,33.62196,-83.924781,55.6
2726,TRK-1008,2026-04-25T10:58:04,32.939206,-80.068398,33.2
2727,TRK-1006,2026-04-25T11:18:35,35.197133,-84.302466,24.3
2728,TRK-1056,2026-04-25T11:29:13,35.771758,-79.59806,36.1
2729,TRK-1080,2026-04-25T11:43:19,35.854024,-84.484775,15.6
2730,TRK-1032,2026-04-25T11:44:27,34.227624,-76.839314,37.2
2731,TRK-1091,2026-04-25T12:10:22,36.030043,-78.351199,36.0
2732,TRK-1000,2026-04-25T12:18:58,33.984462,-84.39998,41.6
2733,TRK-1084,2026-04-25T12:28:56,33.311052,-84.358585,51.6
2734,TRK-1065,2026-04-25T12:30:46,32.520854,-76.046365,27.1
2735,TRK-1082,2026-04-25T12:33:23,36.018133,-82.630506,29.1
2736,TRK-1047,2026-04-25T12:55:59,34.289181,-80.5167,38.2
2737,TRK-1049,2026-04-25T13:09:56,35.487875,-82.940426,25.3
2738,TRK-1086,2026-04-25T13:11:29,34.123067,-82.046139,61.4
2739,TRK-1044,2026-04-25T13:18:52,35.190137,-76.710458,30.1
2740,TRK-1061,2026-04-25T13:53:23,34.290371,-78.676747,31.7
2741,TRK-1079,2026-04-25T14:11:24,32.944158,-83.477275,56.9
2742,TRK-1001,2026-04-25T14:18:44,33.635389,-77.588638,47.8
2743,TRK-1014,2026-04-25T14:25:18,32.236611,-81.533117,30.6
2744,TRK-1042,2026-04-25T14:26:12,35.402132,-81.746384,78.0
2745,TRK-1082,2026-04-25T14:39:38,32.775468,-82.98496,65.9
2746,TRK-1059,2026-04-25T14:43:20,36.129235,-81.798354,50.6
2747,TRK-1093,2026-04-25T15:09:48,33.963686,-76.386032,38.0
2748,TRK-1086,2026-04-25T15:41:46,35.835432,-82.11863,67.1
2749,TRK-1035,2026-04-25T15:43:39,32.350301,-76.860004,51.6
2750,TRK-1003,2026-04-25T17:02:40,34.540057,-82.190944,34.0
2751,TRK-1048,2026-04-25T17:03:42,36.276793,-82.562085,53.4
2752,TRK-1079,2026-04-25T18:10:26,32.157098,-82.115319,42.7
2753,TRK-1046,2026-04-25T18:28:36,34.36617,-77.56033,57.9
2754,TRK-1069,2026-04-25T18:37:01,36.038956,-77.391176,32.5
2755,TRK-1010,2026-04-25T19:05:17,36.61121,-76.956611,61.5
2756,TRK-1033,2026-04-25T19:06:54,34.883224,-79.075645,43.7
2757,TRK-1012,2026-04-25T19:31:41,35.57813,-77.148643,41.5
2758,TRK-1084,2026-04-25T19:49:29,36.956813,-79.642029,50.5
2759,TRK-1086,2026-04-25T19:57:09,33.43316,-76.904149,61.2
2760,TRK-1078,2026-04-25T19:59:01,34.901957,-76.407226,31.5
2761,TRK-1072,2026-04-25T19:59:32,36.94136,-76.026995,44.6
2762,TRK-1007,2026-04-25T20:03:14,34.737268,-84.342076,54.8
2763,TRK-1031,2026-04-25T20:28:49,34.486315,-82.726409,40.8
2764,TRK-1061,2026-04-25T20:32:07,34.736311,-83.033269,71.2
2765,TRK-1098,2026-04-25T20:32:31,34.570264,-84.322751,45.1
2766,TRK-1003,2026-04-25T20:45:37,34.910012,-77.463807,55.7
2767,TRK-1024,2026-04-25T20:56:57,35.734608,-80.253548,45.9
2768,TRK-1071,2026-04-25T21:06:18,33.861896,-76.929349,67.2
2769,TRK-1065,2026-04-25T21:07:01,32.928165,-77.068571,47.4
2770,TRK-1073,2026-04-25T21:55:36,35.635593,-78.673535,34.7
2771,TRK-1054,2026-04-25T21:59:38,36.013631,-81.905643,63.1
2772,TRK-1018,2026-04-25T22:06:08,32.733632,-81.015113,35.1
2773,TRK-1014,2026-04-25T22:06:21,34.656847,-75.922299,43.7
2774,TRK-1054,2026-04-25T22:38:31,36.445633,-76.068128,0.8
2775,TRK-1094,2026-04-25T22:39:16,34.620694,-79.954726,35.0
2776,TRK-1091,2026-04-25T22:41:25,35.166249,-82.131769,43.0
2777,TRK-1057,2026-04-25T22:46:42,33.74852,-80.000476,66.1
2778,TRK-1026,2026-04-25T22:48:39,36.699953,-80.272467,25.2
2779,TRK-1047,2026-04-25T23:03:12,33.200866,-82.614772,36.8
2780,TRK-1055,2026-04-25T23:31:49,35.430609,-82.038125,33.7
2781,TRK-1025,2026-04-25T23:35:06,32.366248,-82.088754,24.2
2782,TRK-1094,2026-04-25T23:59:03,33.212929,-75.062906,28.1
2783,TRK-1055,2026-04-26T00:13:20,36.693187,-83.044486,42.7
2784,TRK-1025,2026-04-26T00:27:01,36.351101,-75.850559,52.7
2785,TRK-1080,2026-04-26T00:33:59,32.164937,-82.63074,27.5
2786,TRK-1015,2026-04-26T00:50:31,33.023431,-76.703425,30.5
2787,TRK-1067,2026-04-26T01:09:50,35.48863,-82.897152,34.3
2788,TRK-1084,2026-04-26T01:35:54,34.094655,-81.557572,55.5
2789,TRK-1093,2026-04-26T01:39:14,32.072113,-76.451321,39.0
2790,TRK-1011,2026-04-26T01:52:53,36.160514,-80.414916,41.0
2791,TRK-1024,2026-04-26T01:54:41,32.149284,-77.973331,45.3
2792,TRK-1057,2026-04-26T02:00:22,35.459619,-75.68043,10.1
2793,TRK-1023,2026-04-26T03:01:54,33.550407,-77.124728,56.6
2794,TRK-1018,2026-04-26T03:34:39,32.907676,-84.172194,72.9
2795,TRK-1033,2026-04-26T03:40:04,34.125738,-79.982596,13.0
2796,TRK-1067,2026-04-26T03:42:54,34.378823,-84.160029,57.8
2797,TRK-1009,2026-04-26T03:59:55,35.484267,-80.995186,16.1
2798,TRK-1008,2026-04-26T04:11:11,36.986499,-76.817103,53.9
2799,TRK-1044,2026-04-26T04:40:38,36.627845,-76.067361,64.4
2800,TRK-1089,2026-04-26T04:41:40,32.296531,-76.089489,64.5
2801,TRK-1028,2026-04-26T04:49:01,36.402922,-84.27829,4.7
2802,TRK-1088,2026-04-26T05:02:50,34.093172,-79.306639,29.0
2803,TRK-1009,2026-04-26T05:03:54,34.037983,-76.280509,48.2
2804,TRK-1027,2026-04-26T05:20:29,33.066163,-76.262907,24.7
2805,TRK-1061,2026-04-26T05:28:52,32.056189,-78.655834,64.2
2806,TRK-1072,2026-04-26T06:15:20,34.614164,-76.884007,32.7
2807,TRK-1046,2026-04-26T06:23:37,34.179746,-78.938187,16.7
2808,TRK-1050,2026-04-26T07:26:23,34.10715,-78.221134,34.8
2809,TRK-1073,2026-04-26T07:29:13,35.235993,-75.191171,40.1
2810,TRK-1052,2026-04-26T07:41:09,34.585929,-79.581303,53.9
2811,TRK-1078,2026-04-26T07:44:01,34.173233,-82.099391,54.0
2812,TRK-1019,2026-04-26T07:45:40,35.884831,-77.657033,35.9
2813,TRK-1018,2026-04-26T07:58:23,33.635459,-77.250602,35.6
2814,TRK-1096,2026-04-26T08:24:08,34.807044,-83.141597,22.8
2815,TRK-1009,2026-04-26T08:25:33,33.464018,-78.252349,80.6
2816,TRK-1049,2026-04-26T08:26:35,33.037027,-78.234178,22.8
2817,TRK-1027,2026-04-26T08:27:56,35.2149,-80.641998,49.8
2818,TRK-1098,2026-04-26T08:59:43,34.817069,-78.106684,21.4
2819,TRK-1081,2026-04-26T09:07:22,36.570876,-76.821365,39.9
2820,TRK-1015,2026-04-26T09:13:14,36.478117,-80.937944,48.6
2821,TRK-1011,2026-04-26T09:53:35,34.368014,-78.338569,23.3
2822,TRK-1026,2026-04-26T10:29:58,35.054601,-80.251285,46.1
2823,TRK-1000,2026-04-26T11:12:13,35.257612,-78.239603,19.8
2824,TRK-1008,2026-04-26T11:25:08,35.086414,-76.786696,61.9
2825,TRK-1078,2026-04-26T11:26:25,33.078195,-83.589412,63.1
2826,TRK-1056,2026-04-26T11:39:44,34.078022,-75.685019,25.1
2827,TRK-1064,2026-04-26T11:45:34,33.641739,-82.081588,44.7
2828,TRK-1068,2026-04-26T12:25:12,32.967207,-83.303528,26.6
2829,TRK-1067,2026-04-26T12:29:07,36.25432,-76.368765,70.1
2830,TRK-1016,2026-04-26T12:35:05,35.859465,-81.942757,60.7
2831,TRK-1062,2026-04-26T12:39:04,33.446596,-78.962888,36.5
2832,TRK-1022,2026-04-26T12:42:23,35.171736,-81.838884,51.8
2833,TRK-1088,2026-04-26T12:51:42,36.869602,-81.002298,43.5
2834,TRK-1077,2026-04-26T12:58:56,35.823793,-80.06151,55.7
2835,TRK-1051,2026-04-26T12:59:53,36.644557,-78.42255,63.9
2836,TRK-1084,2026-04-26T13:03:19,32.896055,-76.481407,33.9
2837,TRK-1018,2026-04-26T14:19:01,35.607853,-76.917538,48.5
2838,TRK-1086,2026-04-26T14:48:52,34.234324,-78.435892,19.2
2839,TRK-1078,2026-04-26T14:52:50,34.680272,-78.718701,51.7
2840,TRK-1041,2026-04-26T14:53:15,35.32813,-79.003866,55.9
2841,TRK-1063,2026-04-26T15:22:12,33.000657,-79.920631,23.5
2842,TRK-1019,2026-04-26T15:22:18,33.43221,-75.753977,56.4
2843,TRK-1024,2026-04-26T15:46:03,36.18625,-80.074351,25.6
2844,TRK-1037,2026-04-26T16:02:17,35.021772,-76.699522,46.8
2845,TRK-1035,2026-04-26T16:02:53,34.498008,-81.057416,39.5
2846,TRK-1013,2026-04-26T16:04:36,36.083856,-81.352558,60.6
2847,TRK-1071,2026-04-26T16:12:17,33.080031,-81.644995,57.2
2848,TRK-1071,2026-04-26T16:35:09,36.080405,-82.463017,57.9
2849,TRK-1033,2026-04-26T16:43:19,33.110208,-80.168997,52.6
2850,TRK-1089,2026-04-26T16:48:01,34.814793,-82.017389,46.8
2851,TRK-1023,2026-04-26T16:48:04,35.859561,-79.723777,31.5
2852,TRK-1091,2026-04-26T16:58:16,34.953288,-84.028451,31.1
2853,TRK-1069,2026-04-26T17:23:34,34.974599,-83.865194,59.8
2854,TRK-1051,2026-04-26T17:28:15,36.33259,-79.280846,32.4
2855,TRK-1000,2026-04-26T17:30:00,34.510536,-77.533103,52.6
2856,TRK-1049,2026-04-26T17:31:46,36.038481,-80.277286,31.7
2857,TRK-1024,2026-04-26T17:42:37,32.831495,-80.81734,44.1
2858,TRK-1083,2026-04-26T17:47:27,34.173009,-77.976826,55.5
2859,TRK-1040,2026-04-26T17:54:14,33.13859,-79.70822,56.3
2860,TRK-1029,2026-04-26T18:05:22,35.410267,-79.573019,39.0
2861,TRK-1067,2026-04-26T18:32:12,36.136274,-78.662388,27.4
2862,TRK-1085,2026-04-26T18:44:02,32.546601,-81.875981,48.2
2863,TRK-1016,2026-04-26T19:11:52,35.862448,-75.549816,20.6
2864,TRK-1021,2026-04-26T19:19:45,32.331542,-77.02103,35.6
2865,TRK-1088,2026-04-26T19:37:23,34.072,-78.74109,44.3
2866,TRK-1012,2026-04-26T19:41:06,35.191404,-83.244685,64.0
2867,TRK-1070,2026-04-26T19:46:51,36.102408,-82.697408,3.8
2868,TRK-1099,2026-04-26T20:33:11,34.400337,-79.466649,52.4
2869,TRK-1039,2026-04-26T20:43:23,36.929636,-77.563967,48.8
2870,TRK-1018,2026-04-26T20:45:34,35.837961,-79.771643,50.5
2871,TRK-1021,2026-04-26T21:00:00,34.683975,-78.703574,20.7
2872,TRK-1000,2026-04-26T21:00:29,32.672006,-83.88592,64.0
2873,TRK-1087,2026-04-26T21:01:38,34.443701,-76.871153,27.5
2874,TRK-1071,2026-04-26T21:19:34,32.014622,-80.061716,28.4
2875,TRK-1037,2026-04-26T21:50:38,34.672831,-76.133909,74.7
2876,TRK-1099,2026-04-26T21:52:52,36.471072,-78.203611,43.0
2877,TRK-1009,2026-04-26T21:53:22,36.180954,-79.982773,40.2
2878,TRK-1060,2026-04-26T22:03:53,34.675304,-81.251894,72.2
2879,TRK-1012,2026-04-26T22:08:32,35.957377,-77.837361,17.5
2880,TRK-1028,2026-04-26T22:12:35,33.438733,-84.120686,27.7
2881,TRK-1058,2026-04-26T22:27:50,36.081134,-82.751036,50.8
2882,TRK-1098,2026-04-26T22:37:31,32.488791,-79.718784,46.9
2883,TRK-1010,2026-04-26T22:47:16,34.266975,-78.359086,64.6
2884,TRK-1082,2026-04-26T22:53:15,36.022606,-78.419512,45.7
2885,TRK-1040,2026-04-26T22:54:33,34.128986,-84.487178,0.0
2886,TRK-1019,2026-04-26T22:59:40,36.058715,-75.689152,54.0
2887,TRK-1075,2026-04-26T23:12:42,33.500957,-75.250075,75.1
2888,TRK-1027,2026-04-26T23:15:26,34.865459,-84.012686,50.4
2889,TRK-1070,2026-04-26T23:29:37,32.622028,-83.339648,50.8
2890,TRK-1090,2026-04-26T23:30:21,36.615198,-80.992181,44.6
2891,TRK-1021,2026-04-26T23:41:56,35.307096,-83.956808,40.6
2892,TRK-1085,2026-04-27T00:10:04,36.510076,-77.567339,41.5
2893,TRK-1077,2026-04-27T00:38:27,32.438775,-75.211892,89.1
2894,TRK-1084,2026-04-27T00:47:45,33.631439,-76.933492,53.0
2895,TRK-1004,2026-04-27T01:02:47,34.31038,-77.554589,33.3
2896,TRK-1088,2026-04-27T01:27:29,32.041851,-76.139545,45.5
2897,TRK-1061,2026-04-27T01:34:52,34.859677,-79.182739,30.9
2898,TRK-1043,2026-04-27T02:30:11,35.686535,-75.021838,53.4
2899,TRK-1061,2026-04-27T02:37:07,32.847501,-83.333,37.5
2900,TRK-1000,2026-04-27T02:42:13,33.724669,-78.151987,63.3
2901,TRK-1043,2026-04-27T03:09:52,34.463948,-82.81997,36.3
2902,TRK-1010,2026-04-27T03:19:44,32.783381,-81.062713,46.7
2903,TRK-1057,2026-04-27T03:22:26,32.915326,-84.198312,50.8
2904,TRK-1041,2026-04-27T03:28:13,35.463877,-84.315609,56.7
2905,TRK-1094,2026-04-27T03:34:39,36.902174,-80.154431,38.7
2906,TRK-1075,2026-04-27T03:43:37,36.531812,-79.222226,40.6
2907,TRK-1066,2026-04-27T03:47:13,35.723293,-81.01217,47.5
2908,TRK-1042,2026-04-27T03:54:09,33.570736,-78.797815,53.3
2909,TRK-1032,2026-04-27T03:55:01,36.779688,-75.612948,59.7
2910,TRK-1084,2026-04-27T04:02:41,36.482548,-79.28184,55.2
2911,TRK-1099,2026-04-27T04:05:43,35.923208,-78.72658,27.7
2912,TRK-1097,2026-04-27T04:09:03,33.03993,-81.057692,44.3
2913,TRK-1073,2026-04-27T04:22:01,34.936815,-75.430825,61.6
2914,TRK-1093,2026-04-27T04:38:07,36.106551,-80.119476,26.4
2915,TRK-1046,2026-04-27T04:38:48,34.262477,-82.74156,54.9
2916,TRK-1028,2026-04-27T04:49:23,34.30916,-76.676421,79.4
2917,TRK-1058,2026-04-27T05:04:15,36.331408,-76.630568,50.4
2918,TRK-1033,2026-04-27T05:10:13,34.133367,-83.337695,38.3
2919,TRK-1053,2026-04-27T05:34:37,35.304705,-83.376275,33.5
2920,TRK-1018,2026-04-27T05:38:58,32.933041,-79.384438,69.0
2921,TRK-1045,2026-04-27T05:46:52,32.042757,-81.91728,66.9
2922,TRK-1099,2026-04-27T05:52:18,32.437403,-80.059852,40.3
2923,TRK-1096,2026-04-27T05:54:38,36.694377,-79.771398,27.8
2924,TRK-1083,2026-04-27T06:05:36,34.013464,-78.941741,58.1
2925,TRK-1016,2026-04-27T06:21:40,35.909584,-77.85752,67.4
2926,TRK-1077,2026-04-27T06:28:08,36.02168,-79.281266,7.6
2927,TRK-1021,2026-04-27T06:42:44,32.546037,-80.993347,41.2
2928,TRK-1007,2026-04-27T06:46:16,34.070273,-76.375997,36.2
2929,TRK-1067,2026-04-27T06:47:00,34.223786,-80.553524,58.4
2930,TRK-1093,2026-04-27T06:51:22,33.318496,-79.621244,66.3
2931,TRK-1027,2026-04-27T07:00:14,33.789346,-83.778589,29.1
2932,TRK-1098,2026-04-27T07:17:32,32.48927,-78.96065,54.9
2933,TRK-1035,2026-04-27T07:43:30,34.671746,-81.651919,34.4
2934,TRK-1034,2026-04-27T08:20:17,36.840068,-77.974948,57.4
2935,TRK-1082,2026-04-27T09:39:28,32.393813,-83.710498,57.0
2936,TRK-1078,2026-04-27T09:41:10,35.838835,-80.071227,73.6
2937,TRK-1084,2026-04-27T10:03:31,36.680227,-79.040279,74.7
2938,TRK-1067,2026-04-27T10:06:50,35.271693,-76.357381,13.2
2939,TRK-1012,2026-04-27T10:27:16,35.5487,-82.277399,18.1
2940,TRK-1077,2026-04-27T10:31:24,32.638623,-77.002184,32.5
2941,TRK-1012,2026-04-27T10:36:36,34.295406,-83.065528,45.9
2942,TRK-1007,2026-04-27T10:38:20,32.367615,-80.314547,48.7
2943,TRK-1006,2026-04-27T10:48:41,35.41964,-82.843201,60.7
2944,TRK-1065,2026-04-27T11:10:26,33.021785,-75.06324,45.7
2945,TRK-1015,2026-04-27T12:07:21,36.24514,-82.664659,42.8
2946,TRK-1043,2026-04-27T12:07:39,35.682309,-79.715484,43.6
2947,TRK-1095,2026-04-27T12:08:35,32.613808,-82.115156,55.8
2948,TRK-1055,2026-04-27T12:30:33,32.513763,-84.039406,55.8
2949,TRK-1096,2026-04-27T12:31:36,32.1967,-76.236496,45.1
2950,TRK-1064,2026-04-27T12:32:44,36.057795,-79.492226,51.7
2951,TRK-1053,2026-04-27T12:38:00,35.053353,-77.148936,50.5
2952,TRK-1025,2026-04-27T12:44:16,34.334108,-79.404494,65.1
2953,TRK-1088,2026-04-27T12:56:43,36.303491,-83.570002,55.3
2954,TRK-1024,2026-04-27T13:05:47,33.886822,-76.518946,74.3
2955,TRK-1030,2026-04-27T13:28:23,32.629284,-83.422826,50.4
2956,TRK-1031,2026-04-27T13:36:18,32.319116,-76.554576,54.4
2957,TRK-1072,2026-04-27T13:54:43,33.456356,-78.70859,38.4
2958,TRK-1084,2026-04-27T13:58:03,34.750546,-76.402488,36.8
2959,TRK-1028,2026-04-27T14:13:58,34.042969,-81.222471,52.3
2960,TRK-1016,2026-04-27T14:32:27,33.099552,-84.284503,54.6
2961,TRK-1021,2026-04-27T15:03:24,33.089236,-82.407033,50.9
2962,TRK-1027,2026-04-27T15:05:42,33.965917,-75.545719,0.0
2963,TRK-1082,2026-04-27T15:22:52,32.429963,-75.769241,49.4
2964,TRK-1051,2026-04-27T15:42:56,36.762356,-77.308899,45.4
2965,TRK-1069,2026-04-27T15:50:54,32.802126,-81.822124,60.9
2966,TRK-1061,2026-04-27T16:08:53,34.478534,-75.466056,59.9
2967,TRK-1049,2026-04-27T16:09:13,36.425119,-78.703422,57.8
2968,TRK-1000,2026-04-27T16:20:09,35.215039,-76.424062,37.6
2969,TRK-1049,2026-04-27T16:49:50,36.069853,-78.111999,19.9
2970,TRK-1050,2026-04-27T16:58:29,35.959632,-77.856059,35.3
2971,TRK-1057,2026-04-27T16:59:57,36.924204,-79.224939,84.0
2972,TRK-1032,2026-04-27T17:32:12,36.230965,-82.991944,68.7
2973,TRK-1024,2026-04-27T17:46:42,34.108594,-79.446767,49.6
2974,TRK-1035,2026-04-27T18:21:24,36.873829,-80.877149,28.8
2975,TRK-1034,2026-04-27T18:36:31,34.951993,-76.029085,47.4
2976,TRK-1085,2026-04-27T18:39:16,35.868169,-80.327285,69.6
2977,TRK-1037,2026-04-27T18:57:19,35.310104,-84.041772,29.2
2978,TRK-1050,2026-04-27T19:16:01,33.131169,-76.879082,48.6
2979,TRK-1030,2026-04-27T19:19:26,36.592755,-81.689685,10.0
2980,TRK-1054,2026-04-27T19:27:05,34.339075,-75.146274,71.9
2981,TRK-1054,2026-04-27T19:34:26,33.675497,-79.963283,46.7
2982,TRK-1027,2026-04-27T19:38:26,34.944331,-78.819192,48.5
2983,TRK-1025,2026-04-27T19:38:34,34.761943,-75.624553,35.8
2984,TRK-1086,2026-04-27T19:49:37,32.573365,-80.872117,81.8
2985,TRK-1025,2026-04-27T19:52:16,35.720953,-79.160523,63.7
2986,TRK-1017,2026-04-27T19:52:20,36.066126,-80.111116,20.1
2987,TRK-1019,2026-04-27T20:14:30,33.904308,-82.939257,35.7
2988,TRK-1074,2026-04-27T20:20:35,34.949295,-82.602103,62.4
2989,TRK-1003,2026-04-27T20:29:14,36.225442,-77.18095,39.5
2990,TRK-1013,2026-04-27T20:42:54,34.963764,-75.766825,29.0
2991,TRK-1081,2026-04-27T20:47:05,33.741491,-83.752564,48.7
2992,TRK-1042,2026-04-27T20:47:50,32.929861,-84.142834,69.0
2993,TRK-1046,2026-04-27T21:32:14,33.896207,-79.500979,26.6
2994,TRK-1030,2026-04-27T22:03:57,36.564641,-77.692709,20.2
2995,TRK-1036,2026-04-27T22:41:01,35.429378,-82.232017,53.4
2996,TRK-1058,2026-04-27T22:43:55,36.117988,-77.967548,51.8
2997,TRK-1010,2026-04-27T22:58:48,34.03896,-82.341067,54.5
2998,TRK-1078,2026-04-27T23:11:44,34.471296,-78.964493,26.6
2999,TRK-1089,2026-04-27T23:18:51,36.639686,-80.633305,29.9
3000,TRK-1098,2026-04-27T23:36:53,35.695491,-80.241428,53.6
3001,TRK-1042,2026-04-27T23:45:09,36.213387,-77.045704,26.4
3002,TRK-1054,2026-04-27T23:52:52,36.770676,-81.89556,63.1
3003,TRK-1060,2026-04-27T23:54:58,34.89918,-75.771637,59.4
3004,TRK-1080,2026-04-28T00:10:02,35.078864,-84.130719,35.6
3005,TRK-1076,2026-04-28T00:18:38,32.028022,-78.285971,31.3
3006,TRK-1036,2026-04-28T00:37:58,34.82616,-79.26258,32.5
3007,TRK-1053,2026-04-28T01:07:03,36.652226,-84.036199,27.1
3008,TRK-1094,2026-04-28T01:26:14,33.532259,-83.67238,40.5
3009,TRK-1062,2026-04-28T02:38:42,33.725322,-81.295969,27.7
3010,TRK-1054,2026-04-28T02:47:46,35.143739,-84.11353,50.2
3011,TRK-1012,2026-04-28T02:48:05,36.101973,-75.220129,71.8
3012,TRK-1032,2026-04-28T02:57:53,35.40399,-80.945854,32.1
3013,TRK-1084,2026-04-28T03:13:27,33.529454,-79.404491,43.8
3014,TRK-1078,2026-04-28T03:13:42,34.190887,-78.832913,48.3
3015,TRK-1015,2026-04-28T03:18:06,34.415759,-75.801443,31.6
3016,TRK-1064,2026-04-28T04:14:03,35.001398,-83.698791,47.2
3017,TRK-1035,2026-04-28T04:15:57,33.802806,-76.066963,26.2
3018,TRK-1031,2026-04-28T04:29:23,33.259875,-75.786178,75.2
3019,TRK-1047,2026-04-28T04:52:22,34.630724,-78.393302,39.7
3020,TRK-1071,2026-04-28T05:03:43,33.584252,-75.819274,53.3
3021,TRK-1065,2026-04-28T06:04:09,36.495983,-80.799921,73.8
3022,TRK-1065,2026-04-28T06:14:41,33.247424,-78.978,56.8
3023,TRK-1014,2026-04-28T06:19:53,36.14314,-80.045209,36.3
3024,TRK-1034,2026-04-28T06:25:46,33.208895,-80.795377,0.0
3025,TRK-1083,2026-04-28T06:55:12,33.170906,-77.63329,53.4
3026,TRK-1093,2026-04-28T07:00:21,33.727892,-83.142714,25.9
3027,TRK-1011,2026-04-28T07:12:48,35.076458,-81.669269,40.1
3028,TRK-1086,2026-04-28T07:16:51,33.71685,-82.912815,66.4
3029,TRK-1083,2026-04-28T07:24:18,32.851045,-83.847878,32.6
3030,TRK-1068,2026-04-28T07:27:17,34.440629,-77.722612,18.0
3031,TRK-1044,2026-04-28T07:28:20,35.305214,-76.833538,32.2
3032,TRK-1049,2026-04-28T07:29:09,34.665026,-81.605444,41.4
3033,TRK-1040,2026-04-28T07:59:51,35.81212,-84.347862,13.1
3034,TRK-1021,2026-04-28T08:06:30,32.453988,-82.361266,59.7
3035,TRK-1003,2026-04-28T08:24:50,34.116127,-79.11282,22.1
3036,TRK-1031,2026-04-28T08:28:00,32.461084,-77.058566,32.9
3037,TRK-1074,2026-04-28T08:36:04,34.245643,-82.535907,51.8
3038,TRK-1043,2026-04-28T08:49:51,36.439237,-77.317992,47.2
3039,TRK-1063,2026-04-28T09:00:53,36.692839,-84.304479,20.3
3040,TRK-1021,2026-04-28T09:02:49,36.162934,-78.923549,4.1
3041,TRK-1087,2026-04-28T09:18:27,35.800139,-78.999615,41.2
3042,TRK-1006,2026-04-28T09:26:48,36.486653,-78.608299,65.7
3043,TRK-1043,2026-04-28T09:35:08,34.641673,-82.662818,61.2
3044,TRK-1001,2026-04-28T09:43:14,33.960582,-78.083883,46.6
3045,TRK-1093,2026-04-28T09:57:10,35.123997,-80.115703,40.1
3046,TRK-1001,2026-04-28T10:01:47,32.770871,-82.672912,44.2
3047,TRK-1004,2026-04-28T10:09:53,34.732071,-77.142257,27.4
3048,TRK-1055,2026-04-28T10:23:07,34.009107,-76.425534,52.9
3049,TRK-1052,2026-04-28T10:27:04,33.439607,-82.02617,42.3
3050,TRK-1085,2026-04-28T10:50:18,35.714136,-75.421775,16.1
3051,TRK-1053,2026-04-28T10:56:26,33.945038,-81.684227,63.7
3052,TRK-1026,2026-04-28T11:03:12,36.785434,-80.140825,27.1
3053,TRK-1098,2026-04-28T11:07:41,35.181571,-77.005022,61.3
3054,TRK-1064,2026-04-28T11:09:48,36.824011,-81.913668,39.4
3055,TRK-1058,2026-04-28T11:15:34,36.51336,-80.981674,75.6
3056,TRK-1022,2026-04-28T11:24:39,34.39836,-77.266167,72.2
3057,TRK-1022,2026-04-28T11:44:18,33.065788,-77.787159,22.0
3058,TRK-1056,2026-04-28T11:48:44,36.977482,-75.426129,60.3
3059,TRK-1024,2026-04-28T11:49:30,32.686458,-80.802782,23.7
3060,TRK-1092,2026-04-28T12:01:46,36.223238,-81.978974,32.6
3061,TRK-1044,2026-04-28T12:10:28,32.107278,-78.493596,55.0
3062,TRK-1059,2026-04-28T12:51:36,33.754299,-83.48346,27.2
3063,TRK-1038,2026-04-28T12:54:36,32.770769,-77.558131,59.2
3064,TRK-1005,2026-04-28T13:05:28,34.30783,-77.364475,0.0
3065,TRK-1073,2026-04-28T13:24:15,35.345568,-82.906226,60.4
3066,TRK-1024,2026-04-28T13:27:34,33.728672,-78.524014,68.2
3067,TRK-1013,2026-04-28T13:47:09,35.827109,-78.882038,57.7
3068,TRK-1094,2026-04-28T13:56:31,35.27579,-75.785736,27.6
3069,TRK-1045,2026-04-28T14:18:46,35.971248,-80.027094,43.9
3070,TRK-1005,2026-04-28T14:23:06,32.278638,-76.775377,58.6
3071,TRK-1020,2026-04-28T15:10:30,34.416521,-82.787312,33.5
3072,TRK-1018,2026-04-28T15:12:04,33.532741,-79.301661,55.3
3073,TRK-1011,2026-04-28T15:12:37,36.110663,-80.074224,55.9
3074,TRK-1023,2026-04-28T15:27:56,36.374782,-82.910602,24.3
3075,TRK-1004,2026-04-28T15:51:01,35.879679,-81.614515,44.4
3076,TRK-1044,2026-04-28T16:12:52,36.254127,-82.521944,69.6
3077,TRK-1085,2026-04-28T16:20:33,34.445502,-75.514424,17.4
3078,TRK-1064,2026-04-28T16:20:34,33.65848,-84.336931,42.8
3079,TRK-1082,2026-04-28T16:21:17,36.828721,-76.994136,43.4
3080,TRK-1035,2026-04-28T17:08:46,33.152171,-81.40549,63.9
3081,TRK-1043,2026-04-28T17:18:53,33.636427,-75.62397,3.9
3082,TRK-1074,2026-04-28T17:20:24,34.874641,-78.932807,39.7
3083,TRK-1066,2026-04-28T17:43:37,32.034739,-75.43722,46.2
3084,TRK-1085,2026-04-28T17:55:55,33.961554,-78.307662,67.2
3085,TRK-1083,2026-04-28T18:25:54,36.614166,-76.472584,48.0
3086,TRK-1073,2026-04-28T18:29:20,33.819052,-78.417208,63.9
3087,TRK-1073,2026-04-28T19:00:00,35.294244,-76.707974,24.9
3088,TRK-1028,2026-04-28T19:09:03,33.591565,-75.379296,52.2
3089,TRK-1091,2026-04-28T19:40:07,32.141296,-80.514808,40.3
3090,TRK-1080,2026-04-28T19:44:02,35.157995,-81.056683,48.1
3091,TRK-1061,2026-04-28T19:52:20,32.880953,-79.74217,19.5
3092,TRK-1028,2026-04-28T19:52:34,36.210043,-81.35623,54.0
3093,TRK-1003,2026-04-28T20:10:46,32.237422,-77.625256,19.2
3094,TRK-1009,2026-04-28T20:31:35,35.170971,-83.533068,53.9
3095,TRK-1083,2026-04-28T20:56:23,33.722462,-80.014309,56.3
3096,TRK-1049,2026-04-28T21:05:18,32.997814,-75.054881,25.4
3097,TRK-1042,2026-04-28T21:23:16,35.22516,-82.052618,0.0
3098,TRK-1037,2026-04-28T21:47:43,32.458354,-81.69895,49.5
3099,TRK-1065,2026-04-28T21:57:28,33.647681,-76.973747,78.9
3100,TRK-1000,2026-04-28T22:03:03,36.904277,-76.609046,54.0
3101,TRK-1053,2026-04-28T22:12:04,34.858499,-78.69361,37.8
3102,TRK-1056,2026-04-28T22:15:29,35.4852,-76.352923,53.4
3103,TRK-1000,2026-04-28T22:19:56,32.943043,-79.133436,54.9
3104,TRK-1042,2026-04-28T22:22:50,34.834272,-80.827267,35.3
3105,TRK-1065,2026-04-28T23:02:58,33.546178,-75.367283,39.5
3106,TRK-1019,2026-04-28T23:15:30,34.276719,-79.724091,2.2
3107,TRK-1056,2026-04-28T23:31:51,33.150793,-79.81896,6.0
3108,TRK-1049,2026-04-28T23:37:36,34.197934,-82.151624,38.0
3109,TRK-1084,2026-04-28T23:46:46,36.624426,-75.771319,40.9
3110,TRK-1055,2026-04-28T23:54:37,32.993389,-75.691697,11.7
3111,TRK-1011,2026-04-28T23:57:25,33.540481,-79.307317,38.5
3112,TRK-1035,2026-04-29T00:05:02,35.739682,-81.686049,54.4
3113,TRK-1036,2026-04-29T00:07:14,32.335058,-77.512374,27.9
3114,TRK-1028,2026-04-29T00:20:23,36.295474,-77.067617,39.4
3115,TRK-1028,2026-04-29T00:27:46,35.092079,-76.762187,35.6
3116,TRK-1022,2026-04-29T00:27:59,33.47984,-81.991017,69.7
3117,TRK-1064,2026-04-29T00:30:39,36.816058,-82.258878,41.0
3118,TRK-1094,2026-04-29T00:36:02,32.072012,-84.171013,33.8
3119,TRK-1095,2026-04-29T00:45:28,32.46969,-76.64403,46.2
3120,TRK-1094,2026-04-29T00:46:20,33.441912,-78.536336,73.1
3121,TRK-1041,2026-04-29T01:01:23,33.670186,-78.68358,43.2
3122,TRK-1047,2026-04-29T01:01:49,33.99532,-83.774507,34.4
3123,TRK-1026,2026-04-29T01:46:07,34.021267,-82.178395,26.7
3124,TRK-1047,2026-04-29T01:55:45,34.498506,-83.663002,55.6
3125,TRK-1069,2026-04-29T02:03:13,36.816028,-77.038632,37.2
3126,TRK-1033,2026-04-29T02:20:14,36.994316,-82.487881,32.7
3127,TRK-1029,2026-04-29T02:32:05,36.846605,-76.708033,72.2
3128,TRK-1063,2026-04-29T02:37:07,36.826638,-80.702356,54.7
3129,TRK-1066,2026-04-29T02:54:40,33.9398,-83.39967,21.7
3130,TRK-1025,2026-04-29T03:22:13,36.271863,-83.545003,25.7
3131,TRK-1079,2026-04-29T03:24:10,36.448767,-82.090936,10.9
3132,TRK-1078,2026-04-29T03:25:39,34.009145,-81.940257,23.9
3133,TRK-1078,2026-04-29T03:35:04,34.646609,-83.228921,61.4
3134,TRK-1077,2026-04-29T03:52:01,35.016947,-83.51321,71.3
3135,TRK-1002,2026-04-29T03:52:11,32.882125,-80.859444,83.5
3136,TRK-1080,2026-04-29T03:54:42,33.065063,-82.654052,27.0
3137,TRK-1042,2026-04-29T03:59:07,36.988868,-75.883134,14.7
3138,TRK-1017,2026-04-29T04:02:30,32.643974,-83.647361,41.2
3139,TRK-1004,2026-04-29T04:04:45,36.186673,-84.135727,53.5
3140,TRK-1036,2026-04-29T04:14:50,34.502668,-82.672571,69.7
3141,TRK-1050,2026-04-29T04:48:13,32.664962,-75.66933,55.8
3142,TRK-1083,2026-04-29T04:56:29,32.731002,-75.747658,45.1
3143,TRK-1022,2026-04-29T04:57:58,33.660555,-75.192081,23.6
3144,TRK-1046,2026-04-29T05:03:07,33.42316,-77.163607,52.7
3145,TRK-1059,2026-04-29T05:05:20,36.781336,-77.316123,20.0
3146,TRK-1014,2026-04-29T05:28:31,33.864169,-80.046591,20.8
3147,TRK-1043,2026-04-29T05:40:32,36.920084,-82.890083,34.6
3148,TRK-1074,2026-04-29T05:40:49,34.758955,-83.314806,60.3
3149,TRK-1085,2026-04-29T06:08:45,34.559561,-76.210639,27.8
3150,TRK-1042,2026-04-29T06:24:56,33.197215,-77.785299,26.1
3151,TRK-1084,2026-04-29T06:26:20,32.483205,-83.343227,70.1
3152,TRK-1074,2026-04-29T06:30:15,35.728579,-78.621211,6.0
3153,TRK-1044,2026-04-29T07:01:13,36.903231,-76.952199,82.5
3154,TRK-1012,2026-04-29T07:03:47,32.290608,-83.119269,0.0
3155,TRK-1029,2026-04-29T07:26:35,36.271002,-79.367675,40.8
3156,TRK-1058,2026-04-29T07:40:06,32.737833,-84.481229,72.5
3157,TRK-1005,2026-04-29T08:00:27,36.326267,-83.117192,45.5
3158,TRK-1018,2026-04-29T08:03:00,35.684064,-76.702329,46.8
3159,TRK-1041,2026-04-29T08:12:37,35.098564,-76.107735,64.4
3160,TRK-1001,2026-04-29T08:13:51,36.909216,-82.39359,68.3
3161,TRK-1018,2026-04-29T08:26:34,35.985734,-75.469689,35.6
3162,TRK-1095,2026-04-29T08:40:58,36.761077,-81.19559,0.0
3163,TRK-1045,2026-04-29T08:56:06,33.527939,-79.762325,52.0
3164,TRK-1095,2026-04-29T08:57:29,34.968959,-81.73853,19.3
3165,TRK-1001,2026-04-29T09:34:14,36.241867,-80.682143,48.4
3166,TRK-1016,2026-04-29T09:37:53,36.39576,-78.080826,16.8
3167,TRK-1086,2026-04-29T09:38:08,36.852316,-82.185466,62.4
3168,TRK-1029,2026-04-29T10:34:27,34.939358,-79.457628,43.5
3169,TRK-1046,2026-04-29T11:09:10,35.39473,-82.391216,9.6
3170,TRK-1001,2026-04-29T11:37:04,35.40182,-81.503474,37.0
3171,TRK-1053,2026-04-29T11:40:57,33.166261,-81.893736,39.2
3172,TRK-1094,2026-04-29T12:08:33,33.960837,-78.305782,61.3
3173,TRK-1039,2026-04-29T12:38:28,32.601857,-76.136151,47.8
3174,TRK-1018,2026-04-29T12:51:05,33.240846,-80.092021,58.8
3175,TRK-1017,2026-04-29T13:00:45,34.075453,-75.61186,40.3
3176,TRK-1093,2026-04-29T13:03:13,34.662336,-79.373037,53.8
3177,TRK-1082,2026-04-29T13:04:44,36.018764,-83.603191,55.1
3178,TRK-1008,2026-04-29T13:08:15,35.938836,-81.947864,50.2
3179,TRK-1017,2026-04-29T13:18:39,35.666054,-83.568961,25.0
3180,TRK-1050,2026-04-29T13:21:33,36.16828,-77.200462,53.5
3181,TRK-1011,2026-04-29T13:27:49,35.53504,-80.58796,52.9
3182,TRK-1041,2026-04-29T13:28:52,36.195614,-78.553107,77.2
3183,TRK-1044,2026-04-29T13:33:23,33.253108,-77.126899,75.9
3184,TRK-1083,2026-04-29T13:42:08,32.622324,-76.010079,74.3
3185,TRK-1055,2026-04-29T13:43:42,35.894353,-79.133746,61.5
3186,TRK-1038,2026-04-29T13:50:38,35.269709,-82.239495,73.0
3187,TRK-1089,2026-04-29T14:25:03,34.950275,-76.164651,67.5
3188,TRK-1014,2026-04-29T15:02:10,36.063544,-84.157126,72.8
3189,TRK-1096,2026-04-29T15:06:14,35.224685,-83.888266,39.6
3190,TRK-1087,2026-04-29T15:16:56,32.3041,-80.885435,21.0
3191,TRK-1021,2026-04-29T15:25:15,32.887323,-76.534317,39.1
3192,TRK-1088,2026-04-29T15:53:43,33.197172,-77.256283,55.4
3193,TRK-1071,2026-04-29T16:18:44,35.288622,-76.978834,68.8
3194,TRK-1084,2026-04-29T16:23:26,36.6427,-81.340172,38.4
3195,TRK-1039,2026-04-29T16:27:05,36.099998,-76.017262,44.6
3196,TRK-1030,2026-04-29T16:49:09,35.234564,-75.873492,51.6
3197,TRK-1028,2026-04-29T16:49:32,32.134932,-83.577963,68.3
3198,TRK-1071,2026-04-29T17:06:13,34.654419,-78.133374,30.6
3199,TRK-1088,2026-04-29T17:20:02,36.013794,-82.601625,30.2
3200,TRK-1039,2026-04-29T17:42:36,32.648935,-81.198414,42.9
3201,TRK-1017,2026-04-29T17:55:53,36.34321,-81.71449,30.7
3202,TRK-1067,2026-04-29T18:13:17,35.315839,-83.279527,15.7
3203,TRK-1057,2026-04-29T18:17:48,34.626353,-75.99521,43.9
3204,TRK-1063,2026-04-29T18:24:13,35.215182,-81.98751,41.5
3205,TRK-1079,2026-04-29T18:40:31,33.498579,-75.824035,46.1
3206,TRK-1048,2026-04-29T19:09:42,36.159653,-76.582415,59.3
3207,TRK-1033,2026-04-29T19:11:51,36.850022,-81.61656,49.6
3208,TRK-1090,2026-04-29T19:29:32,33.476976,-79.050502,41.9
3209,TRK-1030,2026-04-29T19:33:29,33.331831,-82.834044,38.0
3210,TRK-1071,2026-04-29T19:34:13,35.903669,-78.202894,35.0
3211,TRK-1070,2026-04-29T19:34:36,36.966126,-77.231916,2.9
3212,TRK-1037,2026-04-29T19:37:12,34.576778,-76.829569,48.9
3213,TRK-1029,2026-04-29T19:40:33,34.965343,-75.114101,27.9
3214,TRK-1020,2026-04-29T20:06:42,34.253545,-78.992923,46.8
3215,TRK-1061,2026-04-29T20:15:07,32.442291,-78.981806,64.6
3216,TRK-1026,2026-04-29T20:17:29,35.556083,-76.97338,93.2
3217,TRK-1023,2026-04-29T20:22:29,34.380376,-76.23345,56.7
3218,TRK-1068,2026-04-29T20:34:15,32.928197,-80.034456,79.5
3219,TRK-1070,2026-04-29T20:36:39,33.470516,-80.0885,33.2
3220,TRK-1093,2026-04-29T20:59:57,34.486816,-80.320063,50.3
3221,TRK-1089,2026-04-29T21:04:12,36.532174,-83.925653,48.5
3222,TRK-1020,2026-04-29T21:18:08,33.381948,-81.603479,50.6
3223,TRK-1074,2026-04-29T21:23:56,36.386616,-81.397809,68.9
3224,TRK-1053,2026-04-29T21:27:41,33.788733,-76.577559,84.0
3225,TRK-1084,2026-04-29T22:02:31,32.739634,-80.5925,31.4
3226,TRK-1066,2026-04-29T22:13:22,35.929068,-77.354062,39.3
3227,TRK-1075,2026-04-29T22:34:03,36.714554,-81.244513,65.9
3228,TRK-1005,2026-04-29T23:18:37,35.068813,-81.732545,37.1
3229,TRK-1041,2026-04-29T23:41:18,33.953712,-81.350339,31.3
3230,TRK-1045,2026-04-29T23:46:47,34.989793,-80.660597,0.0
3231,TRK-1014,2026-04-29T23:54:26,34.47773,-83.427394,48.2
3232,TRK-1015,2026-04-29T23:56:01,34.342344,-76.039322,22.8
3233,TRK-1086,2026-04-30T00:17:44,34.858976,-78.502927,47.6
3234,TRK-1050,2026-04-30T00:18:28,32.027076,-81.052532,53.6
3235,TRK-1019,2026-04-30T00:18:45,36.012739,-83.173134,56.5
3236,TRK-1099,2026-04-30T00:28:40,36.448142,-82.304021,77.9
3237,TRK-1057,2026-04-30T00:39:46,35.179952,-80.315114,56.5
3238,TRK-1095,2026-04-30T00:45:23,32.953162,-78.485656,56.1
3239,TRK-1019,2026-04-30T00:56:25,32.795003,-79.910039,48.4
3240,TRK-1032,2026-04-30T01:28:51,34.73447,-83.442903,34.8
3241,TRK-1018,2026-04-30T01:39:09,34.783736,-78.762142,30.0
3242,TRK-1099,2026-04-30T01:47:25,32.042836,-80.290323,50.0
3243,TRK-1084,2026-04-30T01:54:04,36.16503,-75.577382,28.4
3244,TRK-1001,2026-04-30T01:59:02,34.426008,-75.591831,48.5
3245,TRK-1064,2026-04-30T02:00:25,33.343583,-81.675219,52.0
3246,TRK-1086,2026-04-30T02:06:42,35.24693,-80.75963,26.8
3247,TRK-1006,2026-04-30T02:19:10,33.725013,-75.985711,74.9
3248,TRK-1085,2026-04-30T03:14:25,36.831359,-80.105733,65.5
3249,TRK-1054,2026-04-30T03:15:10,32.567814,-78.422801,75.6
3250,TRK-1046,2026-04-30T03:34:03,34.81308,-76.881242,59.4
3251,TRK-1057,2026-04-30T03:35:36,33.355519,-80.073405,78.7
3252,TRK-1003,2026-04-30T03:37:02,32.158737,-83.717875,21.8
3253,TRK-1048,2026-04-30T04:04:28,35.609731,-79.047138,48.0
3254,TRK-1078,2026-04-30T04:10:51,33.791696,-83.85645,28.4
3255,TRK-1088,2026-04-30T04:33:34,33.21233,-82.100768,35.6
3256,TRK-1014,2026-04-30T05:02:32,33.164453,-77.979528,7.0
3257,TRK-1028,2026-04-30T05:08:25,36.73232,-82.893659,41.9
3258,TRK-1071,2026-04-30T05:16:57,33.834335,-78.436338,54.5
3259,TRK-1071,2026-04-30T05:19:52,34.325009,-77.145058,57.7
3260,TRK-1093,2026-04-30T05:47:50,35.931705,-75.483389,62.1
3261,TRK-1025,2026-04-30T05:55:08,32.888943,-82.842908,58.4
3262,TRK-1020,2026-04-30T06:21:08,32.599819,-82.506597,36.3
3263,TRK-1094,2026-04-30T06:28:23,35.157521,-75.670615,41.9
3264,TRK-1050,2026-04-30T06:57:55,33.038894,-76.744204,43.2
3265,TRK-1086,2026-04-30T07:19:22,34.219485,-80.971416,41.0
3266,TRK-1042,2026-04-30T07:22:19,36.484683,-78.298323,19.8
3267,TRK-1068,2026-04-30T07:32:04,34.889313,-77.585435,31.7
3268,TRK-1089,2026-04-30T07:51:01,32.23504,-76.986516,68.2
3269,TRK-1077,2026-04-30T08:04:58,32.499263,-75.77579,42.7
3270,TRK-1092,2026-04-30T08:06:29,34.815894,-81.901255,34.3
3271,TRK-1087,2026-04-30T08:38:12,35.006954,-83.661885,37.2
3272,TRK-1070,2026-04-30T08:39:36,32.0431,-83.7173,49.8
3273,TRK-1040,2026-04-30T08:40:02,32.299419,-76.024311,30.1
3274,TRK-1006,2026-04-30T08:57:35,36.252305,-82.042845,55.0
3275,TRK-1032,2026-04-30T09:06:46,35.627374,-80.064873,66.2
3276,TRK-1094,2026-04-30T09:09:36,35.213913,-81.25102,69.6
3277,TRK-1038,2026-04-30T09:14:56,35.224268,-83.586631,49.7
3278,TRK-1046,2026-04-30T09:17:03,35.501854,-81.925304,41.4
3279,TRK-1035,2026-04-30T09:37:52,34.151128,-76.493961,63.5
3280,TRK-1038,2026-04-30T10:15:37,33.686377,-83.568517,42.2
3281,TRK-1019,2026-04-30T11:02:57,32.004705,-82.929263,53.8
3282,TRK-1025,2026-04-30T11:06:41,32.404823,-77.884437,22.9
3283,TRK-1083,2026-04-30T11:15:19,32.576386,-75.012267,45.1
3284,TRK-1096,2026-04-30T11:16:30,35.077724,-76.378206,83.0
3285,TRK-1078,2026-04-30T11:35:29,35.676164,-75.549242,66.5
3286,TRK-1080,2026-04-30T11:50:40,34.610876,-83.857107,47.7
3287,TRK-1062,2026-04-30T12:00:59,35.776767,-81.263782,66.7
3288,TRK-1069,2026-04-30T12:30:44,32.466829,-80.144427,20.3
3289,TRK-1088,2026-04-30T12:43:21,33.05008,-80.863543,35.9
3290,TRK-1033,2026-04-30T13:03:23,34.083943,-84.325686,34.6
3291,TRK-1073,2026-04-30T13:06:02,36.454417,-81.21275,42.1
3292,TRK-1057,2026-04-30T13:13:27,33.629966,-81.110412,33.2
3293,TRK-1081,2026-04-30T13:27:30,36.271735,-77.662754,41.4
3294,TRK-1001,2026-04-30T13:28:07,36.904694,-75.418436,36.3
3295,TRK-1072,2026-04-30T13:32:10,32.142787,-78.041692,75.5
3296,TRK-1065,2026-04-30T13:47:52,36.728321,-82.984557,53.8
3297,TRK-1058,2026-04-30T14:14:57,34.817056,-78.436849,76.0
3298,TRK-1029,2026-04-30T14:24:14,32.446095,-79.815349,27.7
3299,TRK-1051,2026-04-30T14:32:33,34.107859,-75.37757,51.9
3300,TRK-1059,2026-04-30T14:41:09,36.858493,-82.463763,43.6
3301,TRK-1047,2026-04-30T14:51:11,35.023433,-80.814835,21.1
3302,TRK-1076,2026-04-30T15:07:21,33.21072,-84.22879,40.8
3303,TRK-1012,2026-04-30T15:17:58,32.154354,-79.518692,47.6
3304,TRK-1059,2026-04-30T15:24:34,32.71142,-75.849264,58.9
3305,TRK-1072,2026-04-30T15:24:42,32.130706,-75.147592,34.2
3306,TRK-1049,2026-04-30T15:31:45,32.349796,-76.769567,66.9
3307,TRK-1018,2026-04-30T15:42:19,34.036921,-77.985477,39.2
3308,TRK-1007,2026-04-30T15:48:54,34.592049,-76.417279,18.7
3309,TRK-1049,2026-04-30T16:22:45,35.762494,-84.498159,50.8
3310,TRK-1042,2026-04-30T16:34:13,33.746696,-81.305946,71.4
3311,TRK-1073,2026-04-30T16:53:12,34.688453,-79.823749,55.7
3312,TRK-1006,2026-04-30T17:08:24,32.890208,-79.646955,22.2
3313,TRK-1091,2026-04-30T17:22:12,32.231181,-82.915393,36.8
3314,TRK-1094,2026-04-30T17:35:22,34.695455,-83.974705,28.9
3315,TRK-1037,2026-04-30T17:38:30,35.909987,-82.210523,63.9
3316,TRK-1016,2026-04-30T17:41:55,36.255796,-79.447246,21.8
3317,TRK-1004,2026-04-30T17:46:07,34.175673,-83.576164,49.8
3318,TRK-1044,2026-04-30T17:57:30,35.815391,-80.866507,40.5
3319,TRK-1069,2026-04-30T18:18:33,33.369608,-75.835883,50.5
3320,TRK-1022,2026-04-30T18:18:36,35.507561,-76.993279,47.7
3321,TRK-1001,2026-04-30T18:43:36,34.684301,-80.418592,32.6
3322,TRK-1033,2026-04-30T19:14:05,33.557802,-76.818052,61.8
3323,TRK-1028,2026-04-30T19:39:02,35.860923,-78.709632,12.2
3324,TRK-1026,2026-04-30T19:41:35,36.866682,-81.874253,26.8
3325,TRK-1096,2026-04-30T19:44:47,35.557614,-76.174334,36.4
3326,TRK-1042,2026-04-30T20:07:37,34.817356,-83.877247,24.4
3327,TRK-1096,2026-04-30T20:09:04,34.506891,-78.972878,38.4
3328,TRK-1075,2026-04-30T20:53:31,33.910175,-80.51326,29.1
3329,TRK-1059,2026-04-30T21:07:04,35.933276,-76.875103,77.6
3330,TRK-1002,2026-04-30T21:22:08,36.056633,-82.630026,45.8
3331,TRK-1020,2026-04-30T21:50:44,32.83117,-78.892036,72.1
3332,TRK-1096,2026-04-30T21:54:49,36.681083,-79.313139,50.1
3333,TRK-1089,2026-04-30T22:25:14,35.475342,-78.360954,53.7
3334,TRK-1047,2026-04-30T22:38:05,32.399519,-83.46994,34.0
3335,TRK-1081,2026-04-30T22:39:49,33.637211,-78.990573,30.6
3336,TRK-1076,2026-04-30T22:39:57,35.340691,-78.272289,42.8
3337,TRK-1092,2026-04-30T22:44:01,32.781875,-81.9991,50.8
3338,TRK-1053,2026-04-30T22:55:42,34.595108,-82.911927,37.9
3339,TRK-1064,2026-04-30T23:08:03,34.574409,-84.069952,4.0
3340,TRK-1044,2026-04-30T23:30:41,34.495212,-77.660775,16.6
3341,TRK-1014,2026-04-30T23:36:44,35.65419,-78.731516,48.8
3342,TRK-1097,2026-04-30T23:44:22,33.392908,-78.803712,43.2
3343,TRK-1058,2026-05-01T00:14:11,33.285964,-79.935828,41.0
3344,TRK-1027,2026-05-01T00:56:36,35.539756,-77.317538,51.7
3345,TRK-1008,2026-05-01T01:02:51,35.242993,-76.75902,43.7
3346,TRK-1015,2026-05-01T01:17:35,34.471889,-79.371105,39.2
3347,TRK-1016,2026-05-01T01:32:48,32.894064,-80.647486,38.1
3348,TRK-1042,2026-05-01T02:00:01,34.207589,-80.519921,24.9
3349,TRK-1014,2026-05-01T02:06:42,35.20062,-80.881305,56.2
3350,TRK-1090,2026-05-01T02:17:16,34.643355,-80.506147,39.8
3351,TRK-1029,2026-05-01T02:17:19,35.054722,-80.942796,40.2
3352,TRK-1065,2026-05-01T02:19:05,35.890014,-79.358228,28.1
3353,TRK-1096,2026-05-01T02:23:49,34.887932,-83.564538,35.4
3354,TRK-1076,2026-05-01T02:23:52,36.830952,-82.157587,73.0
3355,TRK-1080,2026-05-01T02:38:19,32.339676,-82.526502,36.6
3356,TRK-1058,2026-05-01T02:46:58,36.894454,-75.649506,50.5
3357,TRK-1034,2026-05-01T02:55:52,36.357705,-76.76388,49.0
3358,TRK-1018,2026-05-01T03:00:08,36.910532,-78.836311,66.2
3359,TRK-1049,2026-05-01T03:05:25,35.487595,-79.192891,41.1
3360,TRK-1070,2026-05-01T03:20:59,33.882085,-78.669766,62.7
3361,TRK-1005,2026-05-01T03:26:44,33.671701,-76.382647,51.7
3362,TRK-1049,2026-05-01T03:32:00,34.664231,-83.705484,31.3
3363,TRK-1054,2026-05-01T03:34:27,35.54939,-78.758994,79.9
3364,TRK-1087,2026-05-01T03:39:34,35.127604,-75.032093,35.4
3365,TRK-1092,2026-05-01T04:21:19,36.942176,-79.52553,74.1
3366,TRK-1036,2026-05-01T04:35:31,33.827495,-84.149762,21.8
3367,TRK-1080,2026-05-01T04:37:25,34.803676,-82.675872,37.1
3368,TRK-1059,2026-05-01T05:04:13,34.266279,-84.261254,47.1
3369,TRK-1005,2026-05-01T05:30:52,32.59738,-75.7667,42.6
3370,TRK-1008,2026-05-01T05:32:40,36.398503,-79.020845,71.7
3371,TRK-1068,2026-05-01T06:31:16,32.900614,-83.526189,71.1
3372,TRK-1088,2026-05-01T06:36:14,32.780351,-81.943841,37.5
3373,TRK-1099,2026-05-01T06:43:10,34.902417,-76.816967,38.5
3374,TRK-1002,2026-05-01T07:39:14,33.41113,-80.552295,58.4
3375,TRK-1090,2026-05-01T07:42:40,32.974776,-81.8266,58.6
3376,TRK-1091,2026-05-01T07:46:47,33.336781,-82.846206,64.8
3377,TRK-1074,2026-05-01T07:53:47,32.385375,-77.07227,60.5
3378,TRK-1068,2026-05-01T08:27:20,33.740634,-77.853519,55.0
3379,TRK-1014,2026-05-01T08:46:50,35.480145,-75.182852,83.3
3380,TRK-1057,2026-05-01T09:03:12,32.175177,-84.077649,72.3
3381,TRK-1059,2026-05-01T09:42:23,34.280492,-78.863091,52.7
3382,TRK-1010,2026-05-01T09:50:17,36.618654,-82.046559,45.4
3383,TRK-1018,2026-05-01T09:58:50,36.207635,-79.723107,40.8
3384,TRK-1099,2026-05-01T10:27:02,32.953357,-83.305006,52.9
3385,TRK-1008,2026-05-01T10:57:22,35.675352,-75.369626,42.0
3386,TRK-1052,2026-05-01T10:58:42,35.952751,-77.888627,55.1
3387,TRK-1047,2026-05-01T11:09:27,35.422606,-79.471519,44.3
3388,TRK-1054,2026-05-01T11:15:00,36.702541,-76.447417,65.0
3389,TRK-1099,2026-05-01T11:25:56,36.593737,-78.602175,20.6
3390,TRK-1051,2026-05-01T11:47:24,33.673885,-80.192835,44.9
3391,TRK-1080,2026-05-01T12:26:47,33.040929,-78.661005,86.9
3392,TRK-1063,2026-05-01T12:45:18,36.560096,-76.177738,36.3
3393,TRK-1024,2026-05-01T12:57:57,36.150427,-79.223348,55.5
3394,TRK-1064,2026-05-01T13:18:10,34.860699,-82.079223,62.5
3395,TRK-1048,2026-05-01T13:29:46,35.538369,-83.072967,43.1
3396,TRK-1009,2026-05-01T13:30:00,33.147855,-83.058118,41.8
3397,TRK-1078,2026-05-01T13:31:47,34.35751,-79.613425,79.8
3398,TRK-1005,2026-05-01T13:32:19,34.082686,-80.462814,32.4
3399,TRK-1051,2026-05-01T13:52:39,36.533887,-82.595991,10.3
3400,TRK-1047,2026-05-01T14:08:15,36.120458,-79.469716,26.2
3401,TRK-1005,2026-05-01T14:09:39,33.912978,-79.946948,40.8
3402,TRK-1061,2026-05-01T14:45:03,36.394634,-78.108619,30.2
3403,TRK-1077,2026-05-01T14:49:45,35.350536,-78.826911,54.8
3404,TRK-1062,2026-05-01T14:50:36,32.045805,-80.455188,19.0
3405,TRK-1037,2026-05-01T14:58:48,35.71945,-82.208867,55.0
3406,TRK-1075,2026-05-01T15:28:30,33.895053,-78.689461,45.9
3407,TRK-1071,2026-05-01T15:43:02,35.215847,-80.41419,20.8
3408,TRK-1073,2026-05-01T15:54:31,34.953684,-83.834052,44.6
3409,TRK-1093,2026-05-01T16:00:57,36.506093,-84.007119,59.5
3410,TRK-1092,2026-05-01T16:03:18,36.131065,-83.835632,63.0
3411,TRK-1062,2026-05-01T16:03:36,33.009174,-81.919698,10.7
3412,TRK-1082,2026-05-01T16:04:23,33.612294,-79.346269,83.5
3413,TRK-1004,2026-05-01T16:09:04,36.722114,-83.605049,74.9
3414,TRK-1005,2026-05-01T16:13:12,35.086593,-76.978689,24.0
3415,TRK-1041,2026-05-01T16:23:24,35.42831,-81.174146,43.7
3416,TRK-1035,2026-05-01T16:45:32,36.003021,-81.851986,22.1
3417,TRK-1052,2026-05-01T17:26:02,33.25456,-76.893418,66.6
3418,TRK-1039,2026-05-01T17:47:47,36.031296,-76.695407,58.2
3419,TRK-1084,2026-05-01T17:51:50,36.154811,-80.648969,30.8
3420,TRK-1002,2026-05-01T18:08:49,36.297649,-77.998132,36.9
3421,TRK-1010,2026-05-01T18:38:21,35.014997,-76.330074,14.7
3422,TRK-1039,2026-05-01T18:46:44,33.466326,-81.371547,49.9
3423,TRK-1048,2026-05-01T19:05:27,34.111956,-81.77293,68.9
3424,TRK-1019,2026-05-01T19:08:05,32.285092,-75.491915,0.0
3425,TRK-1057,2026-05-01T19:21:47,32.411208,-77.058821,16.4
3426,TRK-1031,2026-05-01T19:22:54,34.843132,-77.320317,38.1
3427,TRK-1047,2026-05-01T19:35:28,32.390214,-83.642637,52.9
3428,TRK-1087,2026-05-01T19:38:26,35.12905,-82.052367,45.4
3429,TRK-1056,2026-05-01T19:39:24,34.410983,-78.639003,42.5
3430,TRK-1045,2026-05-01T19:45:04,33.124373,-82.361232,47.0
3431,TRK-1063,2026-05-01T19:49:02,35.993312,-84.019957,27.0
3432,TRK-1037,2026-05-01T19:56:56,34.386607,-81.953204,35.9
3433,TRK-1017,2026-05-01T20:27:49,32.78536,-81.032247,14.7
3434,TRK-1057,2026-05-01T20:32:03,35.384173,-78.989433,22.0
3435,TRK-1086,2026-05-01T20:36:14,35.908189,-78.596527,37.1
3436,TRK-1053,2026-05-01T20:46:25,35.171065,-80.792454,57.0
3437,TRK-1082,2026-05-01T21:29:34,36.973503,-81.275341,0.0
3438,TRK-1089,2026-05-01T21:55:57,36.479364,-80.165836,33.2
3439,TRK-1068,2026-05-01T22:20:57,34.744921,-80.004674,21.5
3440,TRK-1015,2026-05-01T22:28:05,36.346518,-78.095316,73.2
3441,TRK-1014,2026-05-01T22:40:43,34.528335,-81.41035,43.8
3442,TRK-1008,2026-05-01T22:52:08,34.366032,-78.024693,27.5
3443,TRK-1076,2026-05-01T23:02:38,34.610458,-75.69384,51.5
3444,TRK-1026,2026-05-01T23:11:26,33.604875,-77.578285,22.7
3445,TRK-1003,2026-05-01T23:15:02,33.236862,-77.561523,52.4
3446,TRK-1073,2026-05-01T23:32:57,36.732481,-84.251881,60.1
3447,TRK-1062,2026-05-01T23:35:31,34.210931,-78.37609,44.7
3448,TRK-1004,2026-05-01T23:36:22,35.175752,-77.690767,41.2
3449,TRK-1076,2026-05-01T23:39:23,36.2876,-81.446044,59.9
3450,TRK-1025,2026-05-01T23:49:48,35.11695,-79.745401,63.2
3451,TRK-1076,2026-05-01T23:51:23,35.620186,-81.506331,49.5
3452,TRK-1025,2026-05-02T00:01:29,35.340669,-75.647961,75.1
3453,TRK-1049,2026-05-02T00:10:04,34.294779,-76.213652,48.2
3454,TRK-1062,2026-05-02T00:14:42,34.594377,-82.340447,49.5
3455,TRK-1024,2026-05-02T00:25:48,33.925757,-75.971234,35.6
3456,TRK-1077,2026-05-02T00:31:57,32.977889,-81.053908,18.4
3457,TRK-1065,2026-05-02T00:50:45,32.515541,-83.849882,38.6
3458,TRK-1044,2026-05-02T01:28:15,35.89788,-80.139862,58.4
3459,TRK-1002,2026-05-02T01:46:21,35.87427,-81.343152,25.7
3460,TRK-1003,2026-05-02T01:52:57,36.130551,-76.34299,35.1
3461,TRK-1032,2026-05-02T01:58:22,32.038478,-83.277129,34.7
3462,TRK-1011,2026-05-02T01:58:29,35.064165,-75.883351,41.3
3463,TRK-1034,2026-05-02T02:06:00,35.381055,-80.957671,50.9
3464,TRK-1014,2026-05-02T02:08:14,35.006786,-78.930321,41.0
3465,TRK-1021,2026-05-02T02:34:26,34.65389,-79.949306,34.3
3466,TRK-1031,2026-05-02T02:35:26,36.009432,-78.246965,31.3
3467,TRK-1087,2026-05-02T02:40:08,33.973163,-75.810897,45.0
3468,TRK-1041,2026-05-02T02:42:59,34.267844,-84.301693,48.0
3469,TRK-1064,2026-05-02T03:26:40,32.89541,-83.109573,24.6
3470,TRK-1088,2026-05-02T03:37:22,36.047952,-75.300899,41.4
3471,TRK-1049,2026-05-02T03:48:38,32.066541,-78.921871,32.8
3472,TRK-1082,2026-05-02T04:08:02,32.156398,-79.206102,45.3
3473,TRK-1054,2026-05-02T04:18:34,34.675812,-75.757632,45.4
3474,TRK-1064,2026-05-02T05:00:08,36.558352,-79.746538,71.0
3475,TRK-1005,2026-05-02T05:36:33,33.796628,-80.218813,56.6
3476,TRK-1038,2026-05-02T05:50:58,34.687646,-75.18397,58.5
3477,TRK-1082,2026-05-02T06:06:11,34.810995,-81.913428,40.2
3478,TRK-1003,2026-05-02T06:07:12,32.305755,-78.852523,13.0
3479,TRK-1098,2026-05-02T06:22:56,33.06673,-80.355636,39.5
3480,TRK-1082,2026-05-02T06:25:55,34.183652,-82.531557,59.0
3481,TRK-1044,2026-05-02T06:35:08,34.833254,-81.654736,23.9
3482,TRK-1068,2026-05-02T07:01:17,35.663768,-76.434464,40.6
3483,TRK-1084,2026-05-02T07:25:05,35.206176,-80.595895,37.3
3484,TRK-1023,2026-05-02T07:26:11,32.825596,-82.239147,31.0
3485,TRK-1026,2026-05-02T08:32:00,34.172365,-78.827045,70.8
3486,TRK-1005,2026-05-02T08:40:51,36.252113,-78.055373,43.8
3487,TRK-1073,2026-05-02T09:17:00,35.709095,-75.893728,12.0
3488,TRK-1095,2026-05-02T09:17:05,36.282914,-83.491071,38.7
3489,TRK-1022,2026-05-02T09:20:51,33.420087,-77.697044,63.7
3490,TRK-1047,2026-05-02T09:35:15,36.908779,-77.539612,19.2
3491,TRK-1024,2026-05-02T09:48:54,33.90894,-75.799575,37.6
3492,TRK-1033,2026-05-02T09:57:02,36.815083,-80.011206,35.4
3493,TRK-1071,2026-05-02T10:30:27,35.516853,-79.172855,33.9
3494,TRK-1063,2026-05-02T10:33:33,34.49026,-84.356451,32.9
3495,TRK-1057,2026-05-02T11:07:09,32.584557,-81.908121,45.2
3496,TRK-1067,2026-05-02T11:36:58,34.322277,-81.339518,16.4
3497,TRK-1032,2026-05-02T11:57:40,35.204247,-82.95785,25.6
3498,TRK-1032,2026-05-02T12:11:30,34.067,-81.49068,33.6
3499,TRK-1057,2026-05-02T12:17:50,34.524809,-79.80835,38.1
3500,TRK-1025,2026-05-02T12:20:21,32.802617,-80.583123,35.4
3501,TRK-1033,2026-05-02T12:29:02,33.973159,-83.836933,49.7
3502,TRK-1054,2026-05-02T12:49:19,33.667222,-77.809305,54.6
3503,TRK-1024,2026-05-02T12:53:58,35.408554,-83.445109,51.1
3504,TRK-1014,2026-05-02T13:34:36,32.920577,-75.453354,69.2
3505,TRK-1099,2026-05-02T14:23:37,32.292748,-82.172634,72.9
3506,TRK-1063,2026-05-02T14:57:30,35.666245,-77.944403,33.4
3507,TRK-1017,2026-05-02T15:03:47,33.370434,-81.049693,46.8
3508,TRK-1096,2026-05-02T15:05:35,36.189058,-79.239388,73.6
3509,TRK-1048,2026-05-02T15:11:29,34.56158,-84.301684,44.3
3510,TRK-1032,2026-05-02T15:13:56,35.817634,-84.341758,24.9
3511,TRK-1027,2026-05-02T15:15:36,36.088365,-83.393295,46.1
3512,TRK-1006,2026-05-02T15:16:44,36.573568,-79.492727,48.7
3513,TRK-1058,2026-05-02T15:52:24,34.579564,-81.293691,46.1
3514,TRK-1075,2026-05-02T15:53:53,32.089458,-80.424965,33.5
3515,TRK-1054,2026-05-02T15:54:39,33.004484,-82.084947,56.6
3516,TRK-1015,2026-05-02T16:37:53,34.780052,-84.160135,39.0
3517,TRK-1026,2026-05-02T17:00:31,36.995317,-75.741673,31.5
3518,TRK-1010,2026-05-02T17:07:34,32.201874,-82.686018,70.4
3519,TRK-1034,2026-05-02T17:11:46,33.904487,-76.898544,39.5
3520,TRK-1026,2026-05-02T17:19:56,32.517818,-75.165451,66.6
3521,TRK-1090,2026-05-02T17:21:36,36.855898,-80.823284,47.1
3522,TRK-1036,2026-05-02T17:24:51,33.662032,-81.537367,51.8
3523,TRK-1077,2026-05-02T17:28:32,32.431324,-83.16427,36.7
3524,TRK-1028,2026-05-02T17:33:20,33.251203,-81.402481,27.6
3525,TRK-1012,2026-05-02T17:39:07,34.134885,-80.029612,37.2
3526,TRK-1029,2026-05-02T17:45:19,34.58708,-83.215721,25.9
3527,TRK-1040,2026-05-02T17:45:22,34.509799,-80.894755,82.4
3528,TRK-1066,2026-05-02T17:53:13,32.953829,-83.933161,49.9
3529,TRK-1019,2026-05-02T18:02:26,35.297427,-78.801224,54.7
3530,TRK-1052,2026-05-02T18:23:02,35.77769,-76.791334,27.9
3531,TRK-1066,2026-05-02T18:31:22,34.937511,-82.763167,30.3
3532,TRK-1099,2026-05-02T18:51:13,33.624705,-84.015299,43.2
3533,TRK-1008,2026-05-02T19:06:50,32.75775,-76.34201,35.4
3534,TRK-1078,2026-05-02T19:08:38,33.101343,-81.334454,37.2
3535,TRK-1083,2026-05-02T19:17:49,34.778077,-81.400324,34.7
3536,TRK-1039,2026-05-02T20:01:04,36.137313,-79.548673,53.0
3537,TRK-1084,2026-05-02T20:01:46,35.145178,-82.897258,24.6
3538,TRK-1072,2026-05-02T20:27:08,35.157451,-78.500545,31.7
3539,TRK-1033,2026-05-02T20:39:12,33.336818,-79.529701,20.0
3540,TRK-1078,2026-05-02T20:52:15,36.947175,-77.218925,41.4
3541,TRK-1076,2026-05-02T21:12:04,33.763111,-76.021794,44.5
3542,TRK-1068,2026-05-02T21:25:28,35.604486,-81.876018,40.4
3543,TRK-1026,2026-05-02T21:36:45,32.076043,-84.260302,27.6
3544,TRK-1009,2026-05-02T22:50:05,32.975456,-75.841469,42.5
3545,TRK-1091,2026-05-02T22:52:25,34.005943,-82.504199,21.5
3546,TRK-1036,2026-05-02T22:54:58,36.075956,-80.137223,34.6
3547,TRK-1060,2026-05-02T23:06:03,36.435809,-78.220841,56.4
3548,TRK-1032,2026-05-02T23:09:12,33.014794,-81.617078,41.3
3549,TRK-1070,2026-05-02T23:13:52,32.772245,-81.418038,28.9
3550,TRK-1026,2026-05-02T23:16:58,32.688324,-78.047799,42.1
3551,TRK-1093,2026-05-02T23:29:34,34.825959,-82.91064,48.6
3552,TRK-1063,2026-05-02T23:32:23,34.225418,-78.453958,29.4
3553,TRK-1067,2026-05-03T00:05:16,35.963452,-75.945393,2.9
3554,TRK-1087,2026-05-03T00:44:07,33.686563,-76.696332,18.2
3555,TRK-1045,2026-05-03T00:52:46,36.064064,-81.099696,37.5
3556,TRK-1006,2026-05-03T00:53:37,32.401285,-79.981358,18.4
3557,TRK-1075,2026-05-03T01:19:13,33.372245,-83.796199,67.2
3558,TRK-1054,2026-05-03T01:22:06,32.34758,-77.694307,17.1
3559,TRK-1089,2026-05-03T02:01:16,36.210201,-83.850902,82.8
3560,TRK-1068,2026-05-03T02:15:16,36.539453,-80.765542,32.2
3561,TRK-1025,2026-05-03T02:19:14,35.513486,-78.740933,48.6
3562,TRK-1004,2026-05-03T02:21:37,36.901471,-76.221736,48.2
3563,TRK-1041,2026-05-03T02:23:47,32.340972,-83.384633,53.0
3564,TRK-1075,2026-05-03T02:30:14,33.428166,-82.727439,62.3
3565,TRK-1085,2026-05-03T02:35:31,33.913178,-83.368551,43.9
3566,TRK-1015,2026-05-03T02:44:32,34.169208,-75.60814,81.6
3567,TRK-1011,2026-05-03T02:51:33,36.485726,-79.366079,45.2
3568,TRK-1012,2026-05-03T02:51:40,33.446308,-78.102733,47.1
3569,TRK-1022,2026-05-03T03:02:59,35.807036,-75.166588,63.7
3570,TRK-1029,2026-05-03T03:04:56,36.403818,-83.067268,35.3
3571,TRK-1030,2026-05-03T03:05:27,32.634773,-79.563476,58.2
3572,TRK-1086,2026-05-03T03:09:33,35.849006,-76.725937,49.7
3573,TRK-1034,2026-05-03T03:12:19,35.138879,-76.504617,33.8
3574,TRK-1025,2026-05-03T03:42:20,35.6286,-81.933761,52.2
3575,TRK-1006,2026-05-03T03:49:47,34.446008,-75.272314,38.4
3576,TRK-1008,2026-05-03T04:04:34,33.97988,-84.448489,42.1
3577,TRK-1076,2026-05-03T04:24:39,35.679597,-83.179125,69.4
3578,TRK-1073,2026-05-03T04:25:45,32.553171,-78.385922,29.6
3579,TRK-1091,2026-05-03T05:07:31,34.416623,-76.094861,28.9
3580,TRK-1064,2026-05-03T05:10:11,33.886408,-82.478983,87.0
3581,TRK-1074,2026-05-03T05:27:32,36.036081,-80.991678,40.7
3582,TRK-1048,2026-05-03T05:46:11,32.558461,-76.904882,29.9
3583,TRK-1065,2026-05-03T05:47:58,36.705308,-83.723534,41.0
3584,TRK-1063,2026-05-03T05:54:21,32.545978,-84.313579,61.3
3585,TRK-1017,2026-05-03T05:55:27,34.466164,-76.681789,48.0
3586,TRK-1034,2026-05-03T06:05:45,32.65075,-84.209401,38.6
3587,TRK-1092,2026-05-03T06:06:23,36.553318,-83.914742,47.9
3588,TRK-1003,2026-05-03T06:27:31,36.88605,-78.106857,61.3
3589,TRK-1071,2026-05-03T06:58:05,36.373073,-79.371924,3.3
3590,TRK-1055,2026-05-03T07:05:27,35.349883,-82.611123,27.8
3591,TRK-1002,2026-05-03T07:17:27,32.314986,-83.144197,24.4
3592,TRK-1033,2026-05-03T07:59:57,32.57849,-75.676685,86.1
3593,TRK-1004,2026-05-03T08:22:34,34.257956,-79.436216,0.0
3594,TRK-1094,2026-05-03T08:35:21,33.514204,-80.141213,25.5
3595,TRK-1012,2026-05-03T08:40:04,36.88263,-80.157923,36.7
3596,TRK-1095,2026-05-03T08:43:06,34.439381,-79.110922,46.7
3597,TRK-1064,2026-05-03T09:01:46,36.005166,-77.746399,48.4
3598,TRK-1052,2026-05-03T09:03:26,32.818692,-76.752368,66.4
3599,TRK-1004,2026-05-03T09:29:10,33.944223,-76.030087,36.1
3600,TRK-1021,2026-05-03T09:31:58,32.891856,-83.380673,60.0
3601,TRK-1037,2026-05-03T09:40:49,32.870163,-75.023547,52.2
3602,TRK-1081,2026-05-03T09:51:58,36.952785,-79.55811,37.4
3603,TRK-1007,2026-05-03T10:04:01,35.06334,-77.625133,34.3
3604,TRK-1012,2026-05-03T10:07:24,33.904829,-77.869362,48.2
3605,TRK-1074,2026-05-03T10:19:53,33.872039,-77.457214,21.5
3606,TRK-1026,2026-05-03T10:23:03,36.966884,-79.758499,55.2
3607,TRK-1098,2026-05-03T10:25:12,33.53053,-75.762834,43.1
3608,TRK-1019,2026-05-03T11:05:34,35.185416,-78.087663,66.5
3609,TRK-1079,2026-05-03T11:25:01,32.173176,-77.34587,43.6
3610,TRK-1071,2026-05-03T11:48:06,35.295381,-76.526071,20.1
3611,TRK-1035,2026-05-03T11:55:23,32.764391,-81.540139,36.8
3612,TRK-1057,2026-05-03T12:04:49,35.463753,-83.888223,63.8
3613,TRK-1017,2026-05-03T12:15:28,36.994985,-84.115961,29.7
3614,TRK-1069,2026-05-03T12:28:09,32.739472,-83.69798,33.5
3615,TRK-1057,2026-05-03T13:08:52,33.098091,-77.06051,39.1
3616,TRK-1077,2026-05-03T13:20:07,34.764761,-82.734105,33.3
3617,TRK-1003,2026-05-03T13:20:13,32.411438,-78.819756,84.7
3618,TRK-1028,2026-05-03T13:23:48,33.061105,-76.516934,42.4
3619,TRK-1068,2026-05-03T13:25:27,33.219068,-82.025792,56.1
3620,TRK-1088,2026-05-03T13:56:04,36.270975,-81.826343,53.9
3621,TRK-1071,2026-05-03T14:06:46,34.460156,-82.082829,62.9
3622,TRK-1090,2026-05-03T14:16:14,35.809813,-76.474887,21.2
3623,TRK-1070,2026-05-03T14:53:23,35.496121,-84.349674,45.7
3624,TRK-1006,2026-05-03T14:56:11,36.088787,-79.959024,33.4
3625,TRK-1031,2026-05-03T15:00:07,35.508152,-83.449833,31.3
3626,TRK-1020,2026-05-03T15:00:53,34.684831,-78.770486,41.9
3627,TRK-1017,2026-05-03T15:41:10,36.673154,-79.135119,31.7
3628,TRK-1066,2026-05-03T16:10:00,35.192333,-76.273456,52.8
3629,TRK-1051,2026-05-03T16:26:52,34.943126,-76.299025,56.8
3630,TRK-1036,2026-05-03T16:41:53,35.003434,-81.132734,40.3
3631,TRK-1040,2026-05-03T16:48:57,32.551224,-80.567768,41.3
3632,TRK-1074,2026-05-03T16:56:33,33.792368,-83.741233,55.2
3633,TRK-1047,2026-05-03T16:57:42,35.731577,-75.332585,21.5
3634,TRK-1090,2026-05-03T17:23:21,35.250457,-79.684738,38.3
3635,TRK-1043,2026-05-03T17:26:48,34.174495,-84.48276,17.5
3636,TRK-1099,2026-05-03T17:32:00,35.075085,-82.293363,37.4
3637,TRK-1052,2026-05-03T17:52:28,35.880337,-79.36032,40.3
3638,TRK-1084,2026-05-03T18:05:16,36.007767,-75.673616,40.6
3639,TRK-1008,2026-05-03T18:23:02,36.921303,-76.91493,41.4
3640,TRK-1046,2026-05-03T18:31:41,36.291454,-83.887722,67.1
3641,TRK-1096,2026-05-03T18:54:00,34.598821,-76.130296,63.0
3642,TRK-1070,2026-05-03T19:06:20,36.815116,-81.320337,41.3
3643,TRK-1018,2026-05-03T19:10:36,35.45033,-82.318325,66.4
3644,TRK-1055,2026-05-03T19:21:09,36.212113,-84.143524,44.6
3645,TRK-1054,2026-05-03T19:32:35,35.115176,-81.068485,65.1
3646,TRK-1034,2026-05-03T19:42:52,33.91931,-77.090811,22.9
3647,TRK-1085,2026-05-03T19:44:23,33.348745,-75.183577,60.5
3648,TRK-1086,2026-05-03T19:58:37,34.245512,-80.584346,38.9
3649,TRK-1006,2026-05-03T20:02:57,33.91003,-83.70687,48.9
3650,TRK-1053,2026-05-03T20:03:21,35.894656,-84.232274,64.2
3651,TRK-1078,2026-05-03T20:22:33,36.409397,-81.096901,0.0
3652,TRK-1041,2026-05-03T20:39:37,34.67807,-81.814475,12.1
3653,TRK-1041,2026-05-03T20:44:08,32.12564,-78.267552,91.7
3654,TRK-1051,2026-05-03T20:55:07,34.47649,-82.452531,43.1
3655,TRK-1064,2026-05-03T21:09:03,33.912409,-76.873816,44.5
3656,TRK-1054,2026-05-03T21:46:49,32.882156,-77.382287,68.0
3657,TRK-1050,2026-05-03T21:50:15,35.740389,-84.392802,67.7
3658,TRK-1084,2026-05-03T22:11:03,36.80261,-78.88676,72.5
3659,TRK-1042,2026-05-03T22:35:49,33.265214,-78.8979,48.3
3660,TRK-1071,2026-05-03T23:07:27,36.708363,-77.047159,53.8
3661,TRK-1028,2026-05-03T23:24:26,35.144442,-83.631054,66.8
3662,TRK-1049,2026-05-03T23:42:57,32.497997,-77.18107,29.1
3663,TRK-1097,2026-05-03T23:49:29,32.386099,-78.933136,67.7
3664,TRK-1064,2026-05-03T23:50:47,32.089009,-76.753954,51.9
3665,TRK-1098,2026-05-03T23:55:04,36.956949,-79.377999,58.9
3666,TRK-1035,2026-05-04T00:08:39,36.955266,-82.405579,41.0
3667,TRK-1032,2026-05-04T00:22:35,34.228675,-79.150867,60.0
3668,TRK-1054,2026-05-04T00:47:02,32.802735,-81.342296,47.4
3669,TRK-1085,2026-05-04T00:54:41,34.912986,-76.162888,54.5
3670,TRK-1048,2026-05-04T01:23:28,34.431159,-75.881741,51.8
3671,TRK-1073,2026-05-04T01:37:59,33.709597,-76.33641,29.5
3672,TRK-1069,2026-05-04T01:55:36,33.327667,-83.326541,41.5
3673,TRK-1054,2026-05-04T01:58:13,34.016393,-79.522943,52.1
3674,TRK-1079,2026-05-04T02:22:48,33.968483,-76.950737,53.1
3675,TRK-1024,2026-05-04T02:27:56,32.35853,-78.782257,43.3
3676,TRK-1083,2026-05-04T02:37:34,33.043343,-75.920573,27.7
3677,TRK-1089,2026-05-04T02:47:43,34.62532,-76.546509,40.4
3678,TRK-1030,2026-05-04T03:15:39,32.405279,-80.652234,34.8
3679,TRK-1004,2026-05-04T03:28:08,36.80329,-79.465655,0.7
3680,TRK-1019,2026-05-04T03:36:36,36.591552,-80.300494,55.6
3681,TRK-1025,2026-05-04T03:44:49,34.850654,-80.974137,75.2
3682,TRK-1041,2026-05-04T03:57:04,36.648967,-81.509683,24.6
3683,TRK-1033,2026-05-04T04:14:51,33.522932,-82.790343,49.9
3684,TRK-1025,2026-05-04T04:23:02,34.42191,-82.005401,23.2
3685,TRK-1067,2026-05-04T04:28:03,33.100036,-75.507203,0.0
3686,TRK-1089,2026-05-04T04:37:04,34.787593,-82.210332,42.1
3687,TRK-1092,2026-05-04T04:39:01,35.330718,-78.47,39.7
3688,TRK-1006,2026-05-04T04:42:38,36.312626,-80.649468,55.7
3689,TRK-1026,2026-05-04T05:01:38,35.121948,-78.897881,42.5
3690,TRK-1016,2026-05-04T05:05:43,33.742354,-78.591636,66.3
3691,TRK-1065,2026-05-04T05:06:34,36.800014,-82.8508,69.7
3692,TRK-1064,2026-05-04T05:11:12,32.543391,-75.878052,44.8
3693,TRK-1024,2026-05-04T05:26:55,35.596704,-77.464238,5.4
3694,TRK-1025,2026-05-04T05:33:02,35.125757,-75.707776,14.9
3695,TRK-1042,2026-05-04T05:46:31,35.165931,-82.367821,41.0
3696,TRK-1090,2026-05-04T05:50:46,36.056789,-78.705226,30.5
3697,TRK-1028,2026-05-04T06:05:07,33.883109,-82.402682,56.2
3698,TRK-1006,2026-05-04T06:23:03,35.25459,-77.148268,50.7
3699,TRK-1077,2026-05-04T06:52:45,32.466803,-78.278875,39.4
3700,TRK-1042,2026-05-04T07:11:33,36.407225,-78.648476,50.7
3701,TRK-1075,2026-05-04T07:14:11,36.018873,-84.330465,50.0
3702,TRK-1081,2026-05-04T07:14:28,32.497664,-77.047925,14.6
3703,TRK-1058,2026-05-04T07:34:38,35.443859,-83.40126,74.9
3704,TRK-1043,2026-05-04T08:00:03,32.383548,-77.383494,40.0
3705,TRK-1042,2026-05-04T08:02:07,35.462183,-79.018884,14.4
3706,TRK-1023,2026-05-04T08:10:23,35.353918,-75.60285,52.8
3707,TRK-1054,2026-05-04T08:19:22,32.500373,-80.111193,65.0
3708,TRK-1084,2026-05-04T08:29:52,33.433984,-83.785828,50.0
3709,TRK-1025,2026-05-04T08:31:13,32.165131,-80.64672,72.6
3710,TRK-1050,2026-05-04T08:50:36,33.912883,-79.680814,36.9
3711,TRK-1014,2026-05-04T08:56:04,33.918397,-79.476932,7.0
3712,TRK-1070,2026-05-04T09:02:19,34.214446,-83.313745,30.2
3713,TRK-1054,2026-05-04T09:56:01,36.940518,-83.580866,58.9
3714,TRK-1094,2026-05-04T10:04:25,34.604596,-78.411168,32.4
3715,TRK-1091,2026-05-04T10:08:48,33.878692,-83.303793,61.6
3716,TRK-1058,2026-05-04T10:43:50,33.915586,-76.495184,34.8
3717,TRK-1098,2026-05-04T10:52:10,32.421094,-79.013269,40.6
3718,TRK-1017,2026-05-04T11:18:58,33.190958,-75.039405,62.9
3719,TRK-1073,2026-05-04T11:41:46,33.790853,-77.073916,59.8
3720,TRK-1077,2026-05-04T11:42:18,36.584668,-77.034502,27.5
3721,TRK-1078,2026-05-04T11:50:35,36.608295,-78.767758,48.8
3722,TRK-1010,2026-05-04T11:51:46,33.752835,-83.562293,25.2
3723,TRK-1086,2026-05-04T11:57:12,33.072706,-80.679104,62.3
3724,TRK-1052,2026-05-04T12:38:06,35.5734,-79.489738,8.6
3725,TRK-1019,2026-05-04T12:42:30,33.958678,-84.445486,38.3
3726,TRK-1026,2026-05-04T12:48:36,34.569496,-76.327853,27.1
3727,TRK-1013,2026-05-04T13:00:59,34.077701,-81.538995,60.4
3728,TRK-1034,2026-05-04T13:09:40,32.69203,-75.583907,35.8
3729,TRK-1029,2026-05-04T13:12:02,34.558525,-77.600505,41.2
3730,TRK-1082,2026-05-04T13:26:21,33.768666,-84.103887,42.4
3731,TRK-1045,2026-05-04T13:51:35,32.455214,-81.768651,46.5
3732,TRK-1071,2026-05-04T14:13:18,34.013611,-83.889457,57.0
3733,TRK-1065,2026-05-04T14:23:32,33.467912,-80.770408,39.3
3734,TRK-1011,2026-05-04T14:33:43,35.560995,-81.289323,71.6
3735,TRK-1047,2026-05-04T14:49:20,36.218591,-82.119387,49.5
3736,TRK-1015,2026-05-04T14:49:41,32.014362,-75.461012,42.6
3737,TRK-1081,2026-05-04T14:52:04,32.792734,-83.903793,33.4
3738,TRK-1050,2026-05-04T14:56:29,33.519296,-81.579873,85.6
3739,TRK-1053,2026-05-04T15:40:22,36.290285,-83.269926,11.0
3740,TRK-1070,2026-05-04T15:42:31,35.762177,-75.772304,49.7
3741,TRK-1049,2026-05-04T16:30:51,34.468958,-78.497004,17.3
3742,TRK-1054,2026-05-04T16:33:40,34.42039,-76.118599,0.0
3743,TRK-1065,2026-05-04T16:34:50,33.326796,-84.401857,59.7
3744,TRK-1048,2026-05-04T17:09:47,35.526494,-82.130341,39.8
3745,TRK-1096,2026-05-04T17:19:01,33.898634,-75.70377,42.4
3746,TRK-1040,2026-05-04T17:20:36,34.416345,-82.037234,28.7
3747,TRK-1064,2026-05-04T17:27:54,32.851477,-78.047848,48.2
3748,TRK-1082,2026-05-04T17:52:58,32.266029,-79.943257,48.7
3749,TRK-1025,2026-05-04T18:08:49,35.019954,-79.493895,61.7
3750,TRK-1037,2026-05-04T18:13:08,33.157994,-75.257745,23.3
3751,TRK-1065,2026-05-04T18:26:52,32.012711,-82.188825,67.3
3752,TRK-1031,2026-05-04T18:49:52,35.752905,-82.084067,46.3
3753,TRK-1022,2026-05-04T18:50:43,35.862204,-84.49002,25.0
3754,TRK-1032,2026-05-04T18:51:08,36.941372,-82.314045,22.4
3755,TRK-1081,2026-05-04T19:26:36,33.638803,-84.099306,9.5
3756,TRK-1059,2026-05-04T19:31:34,32.526799,-81.698959,51.6
3757,TRK-1060,2026-05-04T19:41:14,33.111322,-83.228491,43.1
3758,TRK-1076,2026-05-04T20:17:37,35.316666,-75.443697,52.8
3759,TRK-1086,2026-05-04T20:29:16,32.292809,-84.457669,26.3
3760,TRK-1033,2026-05-04T20:52:47,33.6301,-78.625057,62.0
3761,TRK-1042,2026-05-04T21:02:16,36.992829,-82.691137,61.7
3762,TRK-1087,2026-05-04T21:03:17,36.550294,-75.497582,13.8
3763,TRK-1088,2026-05-04T21:03:39,33.469413,-83.028085,61.8
3764,TRK-1092,2026-05-04T21:33:19,32.928634,-75.208834,51.9
3765,TRK-1075,2026-05-04T21:36:08,32.59932,-82.724976,30.4
3766,TRK-1013,2026-05-04T21:39:23,36.706594,-75.741807,27.6
3767,TRK-1024,2026-05-04T21:59:36,34.692212,-82.921837,49.8
3768,TRK-1003,2026-05-04T22:08:52,36.950666,-76.859681,56.4
3769,TRK-1041,2026-05-04T22:40:03,35.901268,-80.5068,47.4
3770,TRK-1079,2026-05-04T22:58:15,34.516745,-81.657696,25.0
3771,TRK-1073,2026-05-05T00:06:04,34.441794,-82.075803,14.7
3772,TRK-1036,2026-05-05T00:52:24,34.407947,-81.901166,50.3
3773,TRK-1020,2026-05-05T00:52:53,33.059028,-80.035413,74.1
3774,TRK-1007,2026-05-05T00:53:33,32.770655,-77.254919,44.1
3775,TRK-1018,2026-05-05T01:15:55,36.675602,-80.503364,35.4
3776,TRK-1087,2026-05-05T01:24:04,36.820844,-82.72642,46.6
3777,TRK-1094,2026-05-05T01:27:54,35.641266,-75.511039,68.6
3778,TRK-1050,2026-05-05T01:28:41,35.190779,-83.748371,23.9
3779,TRK-1069,2026-05-05T01:29:50,36.492231,-80.952497,60.5
3780,TRK-1006,2026-05-05T01:37:08,36.996993,-79.193568,47.9
3781,TRK-1019,2026-05-05T01:50:13,36.337629,-83.240255,34.9
3782,TRK-1017,2026-05-05T01:50:54,32.918698,-78.445224,36.4
3783,TRK-1053,2026-05-05T01:59:45,32.498249,-75.494452,46.8
3784,TRK-1006,2026-05-05T02:03:59,36.103607,-76.601905,54.9
3785,TRK-1016,2026-05-05T02:07:15,33.47717,-77.845518,64.9
3786,TRK-1005,2026-05-05T02:24:50,35.332522,-76.177451,34.1
3787,TRK-1019,2026-05-05T02:31:42,35.623408,-81.493381,0.0
3788,TRK-1063,2026-05-05T02:37:26,34.112299,-76.578377,9.5
3789,TRK-1053,2026-05-05T02:39:58,34.631306,-84.372181,50.2
3790,TRK-1021,2026-05-05T02:44:53,35.353117,-75.787069,33.3
3791,TRK-1077,2026-05-05T02:50:04,35.676918,-81.578705,55.5
3792,TRK-1099,2026-05-05T02:50:36,36.157543,-81.516307,77.0
3793,TRK-1024,2026-05-05T02:55:15,35.738299,-76.436256,37.8
3794,TRK-1019,2026-05-05T03:41:00,36.427515,-78.120182,81.0
3795,TRK-1020,2026-05-05T03:45:07,35.278654,-84.276665,37.1
3796,TRK-1095,2026-05-05T04:06:06,33.113598,-76.686159,37.4
3797,TRK-1010,2026-05-05T04:15:32,36.12736,-77.966476,33.2
3798,TRK-1002,2026-05-05T04:41:45,35.33733,-78.681748,37.5
3799,TRK-1060,2026-05-05T04:46:16,35.121123,-78.063731,77.7
3800,TRK-1012,2026-05-05T04:57:55,36.383645,-82.659337,56.9
3801,TRK-1051,2026-05-05T05:11:40,35.803503,-75.083354,63.6
3802,TRK-1060,2026-05-05T05:17:23,34.017619,-78.843687,24.1
3803,TRK-1007,2026-05-05T05:18:31,36.388154,-79.462948,5.5
3804,TRK-1064,2026-05-05T05:19:29,33.367681,-82.375207,75.2
3805,TRK-1040,2026-05-05T05:22:27,33.81499,-80.136504,50.9
3806,TRK-1099,2026-05-05T05:24:46,35.169115,-75.02217,32.9
3807,TRK-1078,2026-05-05T05:39:21,35.267971,-80.834783,46.3
3808,TRK-1080,2026-05-05T05:58:53,32.079358,-80.864437,73.4
3809,TRK-1000,2026-05-05T06:18:43,33.058402,-83.784478,83.6
3810,TRK-1088,2026-05-05T06:30:37,34.299215,-79.321243,63.0
3811,TRK-1098,2026-05-05T06:55:33,32.524817,-84.227421,67.3
3812,TRK-1038,2026-05-05T07:17:36,32.487729,-83.259867,47.0
3813,TRK-1021,2026-05-05T07:21:35,33.976926,-77.892026,53.0
3814,TRK-1052,2026-05-05T07:31:12,33.475398,-80.763775,40.7
3815,TRK-1054,2026-05-05T07:50:59,35.090919,-76.664143,38.5
3816,TRK-1035,2026-05-05T08:34:24,35.915208,-78.033027,55.0
3817,TRK-1009,2026-05-05T09:35:25,35.95918,-81.070513,103.6
3818,TRK-1050,2026-05-05T10:19:47,33.509999,-79.547514,41.4
3819,TRK-1077,2026-05-05T10:31:57,34.701773,-84.254993,63.2
3820,TRK-1037,2026-05-05T10:33:39,35.029727,-77.365496,62.7
3821,TRK-1085,2026-05-05T10:36:41,34.230682,-80.767007,58.3
3822,TRK-1083,2026-05-05T10:57:00,34.129926,-83.385363,60.2
3823,TRK-1094,2026-05-05T11:10:26,36.501979,-76.412911,29.5
3824,TRK-1070,2026-05-05T11:10:58,35.432948,-82.3913,36.6
3825,TRK-1010,2026-05-05T11:30:43,33.751237,-83.326368,53.6
3826,TRK-1040,2026-05-05T11:33:06,34.846195,-82.883124,12.6
3827,TRK-1002,2026-05-05T11:56:16,36.027771,-80.082346,38.3
3828,TRK-1001,2026-05-05T12:06:24,33.028218,-81.624839,64.2
3829,TRK-1054,2026-05-05T12:07:34,36.940765,-77.971258,83.3
3830,TRK-1088,2026-05-05T12:24:09,33.382628,-76.003677,38.7
3831,TRK-1001,2026-05-05T12:27:12,32.893318,-81.540504,61.7
3832,TRK-1079,2026-05-05T12:37:06,36.121951,-80.606596,50.4
3833,TRK-1026,2026-05-05T12:45:04,35.154932,-83.665282,57.7
3834,TRK-1054,2026-05-05T12:45:16,32.449656,-84.452459,46.4
3835,TRK-1084,2026-05-05T12:46:57,33.558906,-75.268716,66.1
3836,TRK-1077,2026-05-05T12:56:13,35.210581,-81.247219,33.5
3837,TRK-1088,2026-05-05T13:02:08,34.970146,-78.138605,45.8
3838,TRK-1025,2026-05-05T13:41:18,33.320066,-76.349534,33.5
3839,TRK-1004,2026-05-05T13:46:10,33.745131,-83.172458,32.8
3840,TRK-1075,2026-05-05T14:11:37,36.517776,-79.712895,64.9
3841,TRK-1027,2026-05-05T14:17:53,32.946977,-83.782768,19.8
3842,TRK-1087,2026-05-05T14:27:28,34.756977,-84.010575,54.7
3843,TRK-1001,2026-05-05T14:34:06,34.18337,-81.937748,30.2
3844,TRK-1018,2026-05-05T14:36:30,32.125032,-77.415818,42.5
3845,TRK-1058,2026-05-05T14:38:57,32.484142,-83.48601,34.8
3846,TRK-1086,2026-05-05T14:54:39,35.349081,-78.265331,60.7
3847,TRK-1043,2026-05-05T15:13:46,32.998887,-80.94191,20.9
3848,TRK-1033,2026-05-05T16:12:24,35.053482,-83.353333,30.6
3849,TRK-1012,2026-05-05T16:15:03,32.854872,-77.715602,61.5
3850,TRK-1058,2026-05-05T16:30:04,35.337028,-77.26574,32.1
3851,TRK-1047,2026-05-05T16:36:18,34.952475,-75.389955,33.3
3852,TRK-1076,2026-05-05T16:41:53,32.260481,-82.870619,70.5
3853,TRK-1062,2026-05-05T16:42:53,36.005449,-83.544739,35.8
3854,TRK-1044,2026-05-05T17:03:10,34.527134,-82.297994,41.8
3855,TRK-1077,2026-05-05T17:05:35,32.324278,-82.290194,48.2
3856,TRK-1021,2026-05-05T17:12:59,34.708733,-77.172031,49.3
3857,TRK-1026,2026-05-05T17:19:21,36.788144,-77.896325,72.3
3858,TRK-1030,2026-05-05T17:38:34,32.830083,-75.335173,28.4
3859,TRK-1065,2026-05-05T17:50:21,33.793129,-75.681623,70.1
3860,TRK-1081,2026-05-05T17:53:33,34.332269,-77.784033,37.4
3861,TRK-1043,2026-05-05T18:10:45,33.074121,-79.503443,15.3
3862,TRK-1090,2026-05-05T18:41:16,36.832175,-78.151008,46.4
3863,TRK-1090,2026-05-05T18:54:03,32.644261,-82.139592,29.4
3864,TRK-1000,2026-05-05T18:57:20,35.546935,-82.21043,47.6
3865,TRK-1003,2026-05-05T19:08:43,35.629937,-83.017973,7.3
3866,TRK-1031,2026-05-05T19:23:55,34.085792,-83.853397,48.4
3867,TRK-1074,2026-05-05T19:27:04,33.025139,-79.122679,59.9
3868,TRK-1099,2026-05-05T19:30:39,34.164933,-79.518009,87.0
3869,TRK-1048,2026-05-05T20:15:37,36.560607,-78.946725,16.1
3870,TRK-1062,2026-05-05T20:15:42,32.842307,-79.581282,57.6
3871,TRK-1016,2026-05-05T20:26:50,33.150984,-82.636633,74.9
3872,TRK-1033,2026-05-05T20:36:55,32.830617,-83.000849,48.6
3873,TRK-1051,2026-05-05T21:24:23,35.917025,-80.064176,46.7
3874,TRK-1056,2026-05-05T21:35:40,32.424473,-78.703303,62.9
3875,TRK-1031,2026-05-05T21:47:03,35.685218,-82.230994,22.3
3876,TRK-1008,2026-05-05T21:47:35,36.260845,-80.399004,51.2
3877,TRK-1059,2026-05-05T22:12:55,33.047743,-81.525077,45.5
3878,TRK-1034,2026-05-05T22:14:12,34.298418,-82.44535,17.5
3879,TRK-1024,2026-05-05T22:14:20,33.314476,-77.569826,74.6
3880,TRK-1022,2026-05-05T22:31:35,36.833527,-82.219486,55.6
3881,TRK-1001,2026-05-05T22:39:25,36.408312,-76.086164,35.3
3882,TRK-1028,2026-05-05T22:49:18,35.318861,-82.39837,36.7
3883,TRK-1086,2026-05-05T22:54:54,34.779919,-82.092736,40.4
3884,TRK-1052,2026-05-05T22:57:21,35.668798,-84.270075,64.7
3885,TRK-1097,2026-05-05T23:06:56,35.33219,-80.248765,67.0
3886,TRK-1053,2026-05-05T23:07:01,32.031235,-78.437057,61.9
3887,TRK-1005,2026-05-05T23:07:26,36.074397,-81.680582,53.7
3888,TRK-1049,2026-05-05T23:23:53,33.478833,-75.889195,56.1
3889,TRK-1033,2026-05-05T23:39:38,32.859278,-77.272234,58.2
3890,TRK-1027,2026-05-06T00:08:54,36.952402,-81.877632,62.9
3891,TRK-1083,2026-05-06T00:29:37,33.55969,-84.402731,46.4
3892,TRK-1009,2026-05-06T00:34:52,36.961107,-81.416006,40.5
3893,TRK-1084,2026-05-06T00:49:52,36.480524,-79.082778,64.7
3894,TRK-1003,2026-05-06T01:27:18,35.649898,-75.422451,50.6
3895,TRK-1015,2026-05-06T02:28:26,36.587688,-82.398499,46.3
3896,TRK-1033,2026-05-06T04:23:34,36.263937,-78.256581,39.2
3897,TRK-1093,2026-05-06T04:28:28,32.384918,-81.403668,15.4
3898,TRK-1019,2026-05-06T04:43:20,32.119807,-76.700055,23.1
3899,TRK-1014,2026-05-06T04:55:10,33.472953,-83.513693,63.6
3900,TRK-1062,2026-05-06T04:58:39,35.517977,-77.784556,58.6
3901,TRK-1092,2026-05-06T05:11:41,36.671631,-84.306798,31.2
3902,TRK-1035,2026-05-06T05:26:33,34.988248,-82.946382,47.3
3903,TRK-1067,2026-05-06T05:32:54,36.419522,-83.688982,21.7
3904,TRK-1072,2026-05-06T05:37:51,34.217208,-75.84156,33.1
3905,TRK-1061,2026-05-06T05:46:10,35.016334,-81.757032,58.5
3906,TRK-1026,2026-05-06T05:54:43,34.343044,-82.487301,35.0
3907,TRK-1013,2026-05-06T05:58:35,32.314039,-78.074817,39.3
3908,TRK-1007,2026-05-06T06:07:06,36.193709,-79.680139,51.5
3909,TRK-1090,2026-05-06T06:19:37,36.823383,-84.29505,27.6
3910,TRK-1086,2026-05-06T06:21:38,36.411481,-83.677736,43.7
3911,TRK-1079,2026-05-06T06:24:51,34.359003,-75.752543,21.4
3912,TRK-1012,2026-05-06T06:29:19,34.230908,-82.138598,26.2
3913,TRK-1075,2026-05-06T07:04:34,36.632628,-83.637806,11.4
3914,TRK-1099,2026-05-06T07:19:57,33.75534,-77.970997,43.7
3915,TRK-1084,2026-05-06T07:21:27,35.861991,-83.232637,35.9
3916,TRK-1070,2026-05-06T07:23:27,33.921472,-83.124616,38.4
3917,TRK-1006,2026-05-06T07:31:20,34.307106,-82.011846,42.4
3918,TRK-1039,2026-05-06T07:36:23,33.063449,-81.023187,44.1
3919,TRK-1028,2026-05-06T07:38:50,33.027957,-77.472692,48.0
3920,TRK-1076,2026-05-06T07:56:33,35.806269,-81.847858,92.2
3921,TRK-1042,2026-05-06T08:08:01,34.098413,-75.947735,36.7
3922,TRK-1047,2026-05-06T08:10:55,35.132457,-75.373817,57.4
3923,TRK-1041,2026-05-06T08:33:29,32.238427,-79.898639,43.3
3924,TRK-1004,2026-05-06T08:36:23,36.745025,-79.927357,68.5
3925,TRK-1078,2026-05-06T08:38:43,33.937644,-79.017713,39.2
3926,TRK-1054,2026-05-06T09:04:07,33.690585,-76.272036,37.5
3927,TRK-1028,2026-05-06T09:04:16,36.284884,-76.669607,26.8
3928,TRK-1076,2026-05-06T09:29:02,33.935289,-76.262958,52.1
3929,TRK-1071,2026-05-06T09:47:22,35.437866,-80.935174,27.7
3930,TRK-1049,2026-05-06T09:55:10,32.02299,-75.697583,29.6
3931,TRK-1051,2026-05-06T09:56:19,34.049671,-83.319788,79.4
3932,TRK-1032,2026-05-06T10:18:06,33.735583,-79.356845,36.1
3933,TRK-1048,2026-05-06T10:22:44,36.393394,-79.129004,30.1
3934,TRK-1002,2026-05-06T10:25:02,36.436057,-77.866265,13.7
3935,TRK-1065,2026-05-06T10:29:27,33.472716,-82.826545,38.2
3936,TRK-1015,2026-05-06T10:51:08,35.169488,-78.686691,71.0
3937,TRK-1012,2026-05-06T10:54:23,36.080376,-75.349096,39.4
3938,TRK-1003,2026-05-06T11:07:10,36.785258,-80.003975,56.9
3939,TRK-1012,2026-05-06T11:07:46,32.698041,-78.546316,70.1
3940,TRK-1075,2026-05-06T11:18:06,35.948989,-78.197005,54.2
3941,TRK-1047,2026-05-06T11:47:20,34.710167,-82.415339,57.7
3942,TRK-1003,2026-05-06T11:58:20,34.458285,-76.257834,21.6
3943,TRK-1057,2026-05-06T12:08:39,35.049086,-80.003243,4.1
3944,TRK-1068,2026-05-06T12:13:33,35.195719,-78.516409,33.4
3945,TRK-1052,2026-05-06T12:21:24,36.384569,-81.133956,9.8
3946,TRK-1002,2026-05-06T12:32:13,36.737655,-77.761844,56.6
3947,TRK-1055,2026-05-06T12:44:47,32.478774,-81.83788,39.8
3948,TRK-1044,2026-05-06T12:53:52,32.359554,-79.625715,48.6
3949,TRK-1074,2026-05-06T12:56:50,34.788609,-81.700906,3.5
3950,TRK-1016,2026-05-06T13:09:06,33.505993,-82.192841,15.3
3951,TRK-1007,2026-05-06T13:25:47,33.198676,-78.838569,50.9
3952,TRK-1020,2026-05-06T13:28:42,35.221738,-76.352721,55.3
3953,TRK-1048,2026-05-06T13:36:11,36.746511,-79.253832,75.2
3954,TRK-1015,2026-05-06T13:40:18,33.99624,-79.832101,82.0
3955,TRK-1090,2026-05-06T13:49:06,34.019312,-80.065248,54.3
3956,TRK-1059,2026-05-06T13:51:23,36.266322,-82.278148,54.1
3957,TRK-1081,2026-05-06T14:07:12,35.813151,-84.295452,60.7
3958,TRK-1024,2026-05-06T14:13:27,34.31714,-77.264846,48.1
3959,TRK-1065,2026-05-06T14:20:39,32.901705,-75.62248,48.9
3960,TRK-1042,2026-05-06T14:23:13,34.8926,-77.21789,33.9
3961,TRK-1028,2026-05-06T14:23:25,36.818918,-80.215764,48.4
3962,TRK-1028,2026-05-06T14:29:22,33.526875,-75.574837,41.1
3963,TRK-1078,2026-05-06T14:57:20,36.955325,-84.146619,24.5
3964,TRK-1040,2026-05-06T15:20:55,36.739997,-79.452349,43.4
3965,TRK-1075,2026-05-06T15:28:23,32.00637,-81.050705,53.7
3966,TRK-1043,2026-05-06T15:33:33,33.654225,-80.308478,37.3
3967,TRK-1068,2026-05-06T15:52:39,34.237055,-76.92919,28.0
3968,TRK-1064,2026-05-06T16:28:23,35.414201,-77.451096,41.1
3969,TRK-1043,2026-05-06T16:38:18,36.171294,-80.598306,63.8
3970,TRK-1011,2026-05-06T16:46:02,32.7695,-81.175259,43.7
3971,TRK-1032,2026-05-06T17:23:16,34.950641,-78.965589,29.9
3972,TRK-1082,2026-05-06T17:31:25,36.348155,-79.964835,59.0
3973,TRK-1054,2026-05-06T17:35:08,36.366428,-83.067933,35.4
3974,TRK-1037,2026-05-06T17:55:44,35.606934,-76.909365,54.5
3975,TRK-1068,2026-05-06T17:59:09,34.418761,-78.384324,31.6
3976,TRK-1074,2026-05-06T18:10:52,34.874767,-78.463605,48.6
3977,TRK-1055,2026-05-06T18:15:09,34.268537,-78.613477,11.3
3978,TRK-1021,2026-05-06T18:33:57,32.005867,-81.375809,51.9
3979,TRK-1044,2026-05-06T19:06:56,36.171485,-80.130265,5.4
3980,TRK-1095,2026-05-06T19:08:36,35.892166,-80.574278,53.3
3981,TRK-1039,2026-05-06T19:43:33,36.608354,-82.3945,36.6
3982,TRK-1055,2026-05-06T19:44:34,34.402281,-79.805385,80.6
3983,TRK-1069,2026-05-06T19:44:44,34.735222,-77.946109,58.0
3984,TRK-1083,2026-05-06T19:52:55,33.179895,-78.279974,45.1
3985,TRK-1050,2026-05-06T20:03:48,33.595159,-78.827756,39.6
3986,TRK-1099,2026-05-06T20:25:24,32.203621,-77.404737,43.6
3987,TRK-1012,2026-05-06T20:33:47,36.849349,-78.848086,35.4
3988,TRK-1070,2026-05-06T20:47:49,32.520858,-78.730281,78.9
3989,TRK-1075,2026-05-06T21:48:16,36.900805,-76.436418,37.6
3990,TRK-1023,2026-05-06T22:27:04,33.324606,-78.942116,53.0
3991,TRK-1010,2026-05-06T22:27:11,36.876855,-84.000021,49.8
3992,TRK-1071,2026-05-06T22:34:55,32.316484,-78.849681,59.3
3993,TRK-1005,2026-05-06T23:28:11,32.641859,-83.507175,36.0
3994,TRK-1008,2026-05-06T23:33:33,36.223233,-77.376605,26.4
3995,TRK-1024,2026-05-06T23:35:02,35.790573,-81.340398,59.5
3996,TRK-1067,2026-05-06T23:41:31,33.303997,-76.321447,10.5
3997,TRK-1084,2026-05-06T23:43:24,36.18128,-78.98128,70.1
3998,TRK-1074,2026-05-06T23:44:21,34.322161,-83.968411,60.1
3999,TRK-1008,2026-05-07T00:23:10,34.55121,-83.60491,51.7
4000,TRK-1017,2026-05-07T00:33:49,36.348244,-81.90385,24.6
4001,TRK-1055,2026-05-07T00:37:27,32.564701,-75.895715,57.5
4002,TRK-1041,2026-05-07T00:47:34,32.790614,-78.786704,59.6
4003,TRK-1005,2026-05-07T01:00:31,34.830661,-76.97845,38.6
4004,TRK-1011,2026-05-07T01:20:44,33.72326,-77.160431,53.8
4005,TRK-1045,2026-05-07T01:34:40,32.34792,-76.457368,68.9
4006,TRK-1048,2026-05-07T01:44:01,33.792857,-76.724823,60.2
4007,TRK-1051,2026-05-07T01:57:49,36.545433,-76.861072,59.3
4008,TRK-1045,2026-05-07T02:14:39,32.16522,-77.503229,20.2
4009,TRK-1077,2026-05-07T02:29:36,33.661989,-82.835982,44.7
4010,TRK-1096,2026-05-07T02:33:05,34.95862,-82.024742,43.9
4011,TRK-1068,2026-05-07T02:58:26,36.182865,-76.995965,35.0
4012,TRK-1028,2026-05-07T03:07:20,32.381151,-76.004243,6.5
4013,TRK-1069,2026-05-07T03:13:57,36.907288,-75.215282,72.7
4014,TRK-1038,2026-05-07T03:24:40,32.366186,-75.951004,57.7
4015,TRK-1033,2026-05-07T03:38:39,32.849427,-77.758863,52.8
4016,TRK-1004,2026-05-07T03:50:47,32.508364,-75.2787,31.1
4017,TRK-1053,2026-05-07T03:58:58,33.165357,-79.98095,39.8
4018,TRK-1015,2026-05-07T04:16:48,36.064925,-76.303473,47.9
4019,TRK-1064,2026-05-07T04:23:59,32.372955,-77.170719,24.5
4020,TRK-1068,2026-05-07T04:53:45,35.877032,-80.588465,50.5
4021,TRK-1010,2026-05-07T04:56:11,34.960653,-83.490793,30.1
4022,TRK-1011,2026-05-07T05:22:25,33.622608,-75.285568,33.6
4023,TRK-1041,2026-05-07T05:36:51,35.712646,-83.791812,22.1
4024,TRK-1013,2026-05-07T05:39:53,34.359415,-80.078941,63.1
4025,TRK-1040,2026-05-07T05:50:19,35.918339,-76.132369,28.2
4026,TRK-1077,2026-05-07T05:57:32,33.309435,-83.14431,39.0
4027,TRK-1084,2026-05-07T06:27:26,35.127015,-77.833847,69.4
4028,TRK-1037,2026-05-07T06:44:54,32.041674,-78.916707,55.7
4029,TRK-1051,2026-05-07T07:17:45,33.12343,-80.787914,46.6
4030,TRK-1019,2026-05-07T07:18:01,32.228605,-81.756311,53.0
4031,TRK-1043,2026-05-07T07:22:25,33.077975,-77.987164,52.8
4032,TRK-1021,2026-05-07T07:28:21,36.971627,-75.301826,47.2
4033,TRK-1036,2026-05-07T07:40:56,35.469917,-79.147575,49.4
4034,TRK-1074,2026-05-07T07:41:28,35.740313,-79.980321,29.8
4035,TRK-1020,2026-05-07T07:50:22,35.365974,-77.125183,48.9
4036,TRK-1026,2026-05-07T07:53:49,32.494286,-79.931517,29.8
4037,TRK-1071,2026-05-07T08:03:23,34.336497,-82.150251,47.5
4038,TRK-1021,2026-05-07T08:18:39,32.292147,-76.062489,52.3
4039,TRK-1097,2026-05-07T08:23:50,36.744522,-76.757523,58.9
4040,TRK-1040,2026-05-07T08:34:27,35.751135,-83.658232,22.6
4041,TRK-1020,2026-05-07T08:40:09,33.625044,-77.6737,39.6
4042,TRK-1087,2026-05-07T08:58:13,33.773095,-84.383748,68.5
4043,TRK-1010,2026-05-07T09:14:07,32.220089,-79.572492,52.2
4044,TRK-1002,2026-05-07T09:16:43,36.753183,-81.261776,52.8
4045,TRK-1033,2026-05-07T09:22:53,34.829653,-76.234969,37.2
4046,TRK-1067,2026-05-07T09:24:42,34.103301,-75.398143,39.8
4047,TRK-1069,2026-05-07T09:25:45,32.630736,-77.245705,53.3
4048,TRK-1079,2026-05-07T09:27:54,33.570399,-76.552052,29.0
4049,TRK-1012,2026-05-07T09:28:41,35.049244,-80.228921,48.6
4050,TRK-1006,2026-05-07T09:33:42,32.721687,-83.778919,50.0
4051,TRK-1095,2026-05-07T09:39:23,34.214745,-83.215825,52.8
4052,TRK-1039,2026-05-07T10:09:47,36.716845,-80.225085,50.0
4053,TRK-1061,2026-05-07T10:39:47,34.092345,-83.184023,60.4
4054,TRK-1014,2026-05-07T10:55:36,32.561713,-75.583699,53.0
4055,TRK-1037,2026-05-07T10:55:39,33.850898,-80.331204,30.4
4056,TRK-1012,2026-05-07T11:04:50,34.414219,-79.117801,70.7
4057,TRK-1069,2026-05-07T11:20:10,34.516246,-75.104646,63.3
4058,TRK-1089,2026-05-07T11:23:51,33.388026,-76.931603,34.2
4059,TRK-1041,2026-05-07T11:36:01,36.723728,-82.70805,24.3
4060,TRK-1037,2026-05-07T12:35:13,33.045061,-76.975528,70.9
4061,TRK-1063,2026-05-07T12:48:39,35.99626,-76.642645,49.1
4062,TRK-1023,2026-05-07T12:59:47,34.234114,-81.195128,71.1
4063,TRK-1012,2026-05-07T13:00:03,36.941999,-82.124621,83.9
4064,TRK-1028,2026-05-07T13:15:44,36.673764,-75.393961,49.1
4065,TRK-1071,2026-05-07T13:23:29,32.241503,-82.136784,48.3
4066,TRK-1001,2026-05-07T14:17:15,32.831955,-76.45076,62.5
4067,TRK-1060,2026-05-07T14:50:23,36.099948,-77.371544,56.6
4068,TRK-1067,2026-05-07T14:56:04,35.535953,-81.089168,60.5
4069,TRK-1072,2026-05-07T15:15:08,34.811504,-76.006658,60.3
4070,TRK-1048,2026-05-07T15:21:25,36.387781,-79.568284,43.4
4071,TRK-1061,2026-05-07T15:33:39,36.880825,-78.093596,73.2
4072,TRK-1025,2026-05-07T15:35:08,35.967748,-75.788076,40.6
4073,TRK-1093,2026-05-07T15:41:19,35.032338,-79.438544,60.1
4074,TRK-1018,2026-05-07T15:47:36,35.762786,-77.69887,32.3
4075,TRK-1017,2026-05-07T15:57:04,34.836266,-75.070024,14.0
4076,TRK-1005,2026-05-07T16:09:19,35.299419,-75.620126,39.5
4077,TRK-1039,2026-05-07T16:26:35,33.111835,-82.417746,49.7
4078,TRK-1003,2026-05-07T16:30:44,36.258705,-80.804817,22.2
4079,TRK-1007,2026-05-07T16:30:46,32.901302,-76.704368,27.8
4080,TRK-1034,2026-05-07T16:33:34,33.049538,-83.36999,36.2
4081,TRK-1039,2026-05-07T16:39:53,36.973593,-82.857274,52.0
4082,TRK-1036,2026-05-07T16:53:29,33.441891,-75.986165,44.2
4083,TRK-1024,2026-05-07T17:43:11,32.179265,-76.199753,47.0
4084,TRK-1083,2026-05-07T18:29:44,33.001677,-81.367385,21.6
4085,TRK-1092,2026-05-07T18:55:31,32.493081,-83.776868,29.7
4086,TRK-1084,2026-05-07T19:22:04,36.302681,-81.141998,22.1
4087,TRK-1098,2026-05-07T19:37:02,32.307733,-84.403857,31.4
4088,TRK-1016,2026-05-07T20:07:41,33.094594,-84.292398,30.6
4089,TRK-1085,2026-05-07T20:12:58,32.233262,-82.333824,67.6
4090,TRK-1099,2026-05-07T20:43:47,33.892809,-78.082415,32.5
4091,TRK-1018,2026-05-07T20:45:06,33.680944,-79.686563,33.0
4092,TRK-1052,2026-05-07T20:57:27,32.740897,-80.318819,12.4
4093,TRK-1093,2026-05-07T21:12:12,34.665083,-78.784286,16.6
4094,TRK-1073,2026-05-07T21:30:25,32.167191,-83.526063,39.6
4095,TRK-1097,2026-05-07T21:37:18,34.881338,-79.353953,73.7
4096,TRK-1028,2026-05-07T21:47:05,32.725777,-75.307281,52.6
4097,TRK-1063,2026-05-07T21:49:43,36.490917,-75.18802,48.2
4098,TRK-1077,2026-05-07T21:51:04,36.084295,-78.157129,63.0
4099,TRK-1096,2026-05-07T21:53:00,33.695265,-75.097294,46.1
4100,TRK-1071,2026-05-07T22:04:01,35.841444,-80.245224,22.7
4101,TRK-1006,2026-05-07T22:25:47,36.781523,-83.825932,26.7
4102,TRK-1096,2026-05-07T22:45:24,35.240997,-77.876858,54.5
4103,TRK-1086,2026-05-07T22:56:51,36.766123,-80.550059,74.0
4104,TRK-1069,2026-05-07T23:05:32,35.494804,-82.431335,6.7
4105,TRK-1061,2026-05-07T23:14:57,32.925375,-80.987331,50.5
4106,TRK-1059,2026-05-07T23:19:22,33.481514,-83.124851,51.9
4107,TRK-1090,2026-05-07T23:21:45,33.921114,-83.511126,49.8
4108,TRK-1077,2026-05-07T23:36:36,32.560876,-78.135745,49.1
4109,TRK-1074,2026-05-07T23:44:12,35.148087,-77.798281,62.2
4110,TRK-1088,2026-05-07T23:56:42,33.286694,-82.710769,32.6
4111,TRK-1013,2026-05-07T23:58:56,32.850892,-84.385799,34.1
4112,TRK-1007,2026-05-08T00:05:56,33.949491,-81.704636,15.5
4113,TRK-1083,2026-05-08T00:09:42,32.817904,-83.0826,33.1
4114,TRK-1049,2026-05-08T00:17:14,35.94324,-75.029101,40.4
4115,TRK-1034,2026-05-08T00:34:18,33.391718,-77.443005,35.9
4116,TRK-1032,2026-05-08T00:48:23,32.311383,-84.186183,49.3
4117,TRK-1058,2026-05-08T00:50:53,34.513768,-84.07771,29.8
4118,TRK-1030,2026-05-08T00:58:41,35.406398,-81.845837,13.6
4119,TRK-1077,2026-05-08T01:02:04,34.400193,-76.768151,48.1
4120,TRK-1058,2026-05-08T01:04:33,36.986944,-80.983892,62.0
4121,TRK-1034,2026-05-08T01:40:27,32.205966,-83.560897,34.0
4122,TRK-1059,2026-05-08T01:58:53,34.097397,-77.585166,13.3
4123,TRK-1094,2026-05-08T02:31:37,33.890302,-82.478871,77.6
4124,TRK-1091,2026-05-08T03:14:08,33.299375,-76.880711,72.4
4125,TRK-1053,2026-05-08T03:31:06,36.935477,-81.830224,71.3
4126,TRK-1041,2026-05-08T04:04:25,33.536436,-82.187511,28.0
4127,TRK-1043,2026-05-08T04:07:59,36.652377,-83.062359,58.7
4128,TRK-1037,2026-05-08T04:41:59,35.544164,-82.450564,63.4
4129,TRK-1061,2026-05-08T04:46:15,34.28591,-77.709799,72.5
4130,TRK-1098,2026-05-08T04:50:09,35.805005,-78.334957,21.7
4131,TRK-1061,2026-05-08T05:42:09,33.364707,-77.519604,49.3
4132,TRK-1024,2026-05-08T05:48:15,34.719829,-81.495791,32.7
4133,TRK-1016,2026-05-08T06:05:42,32.581809,-77.594827,37.4
4134,TRK-1076,2026-05-08T06:11:50,36.682272,-76.020014,40.8
4135,TRK-1095,2026-05-08T06:16:31,33.605542,-81.214234,56.7
4136,TRK-1050,2026-05-08T06:16:46,33.94328,-81.233311,51.4
4137,TRK-1088,2026-05-08T06:23:28,33.700266,-78.687315,45.1
4138,TRK-1001,2026-05-08T06:27:59,35.71156,-81.799189,60.3
4139,TRK-1051,2026-05-08T07:00:18,36.317,-76.878512,20.7
4140,TRK-1005,2026-05-08T07:07:12,35.925873,-76.590657,23.2
4141,TRK-1016,2026-05-08T07:20:07,32.035085,-82.175568,24.7
4142,TRK-1062,2026-05-08T07:37:06,34.242226,-79.951752,70.0
4143,TRK-1068,2026-05-08T07:40:59,34.13289,-76.035538,42.0
4144,TRK-1002,2026-05-08T08:19:30,32.461823,-83.315872,57.6
4145,TRK-1072,2026-05-08T08:21:03,36.324951,-79.492119,45.8
4146,TRK-1023,2026-05-08T08:41:39,32.989461,-84.384014,65.5
4147,TRK-1012,2026-05-08T08:53:53,34.254348,-75.615235,73.4
4148,TRK-1032,2026-05-08T09:20:30,36.73497,-82.614767,29.6
4149,TRK-1044,2026-05-08T09:23:13,35.25576,-80.692987,88.8
4150,TRK-1079,2026-05-08T09:28:38,35.094265,-75.180404,46.1
4151,TRK-1032,2026-05-08T09:31:53,35.25722,-77.144316,8.4
4152,TRK-1058,2026-05-08T09:35:23,34.895695,-79.478997,69.8
4153,TRK-1066,2026-05-08T09:36:37,36.01364,-78.342068,45.3
4154,TRK-1026,2026-05-08T09:52:42,36.692054,-78.664479,16.2
4155,TRK-1052,2026-05-08T10:47:32,33.620358,-76.284387,61.5
4156,TRK-1026,2026-05-08T11:04:07,36.305084,-75.586535,65.8
4157,TRK-1030,2026-05-08T11:12:13,33.6731,-83.588675,14.5
4158,TRK-1015,2026-05-08T11:24:51,36.862541,-79.162353,57.0
4159,TRK-1085,2026-05-08T11:25:37,36.796596,-80.692042,40.9
4160,TRK-1001,2026-05-08T11:36:54,32.195954,-83.968459,7.0
4161,TRK-1089,2026-05-08T11:42:13,32.608997,-82.134383,30.6
4162,TRK-1002,2026-05-08T11:46:41,35.85647,-77.049383,12.7
4163,TRK-1087,2026-05-08T12:09:44,33.257726,-77.236858,30.2
4164,TRK-1058,2026-05-08T13:00:49,33.642121,-78.608084,26.6
4165,TRK-1036,2026-05-08T13:05:45,36.72826,-76.766589,81.7
4166,TRK-1092,2026-05-08T13:06:39,34.751905,-75.794774,44.9
4167,TRK-1031,2026-05-08T13:24:08,33.101343,-82.374449,35.4
4168,TRK-1041,2026-05-08T13:41:31,36.257963,-79.980783,26.0
4169,TRK-1061,2026-05-08T13:43:37,32.398543,-84.093657,46.9
4170,TRK-1035,2026-05-08T13:49:59,35.052926,-78.565799,56.7
4171,TRK-1087,2026-05-08T14:04:14,34.757415,-75.538922,33.7
4172,TRK-1040,2026-05-08T14:55:49,32.389027,-75.408712,17.3
4173,TRK-1044,2026-05-08T14:56:54,32.038309,-82.986368,43.3
4174,TRK-1017,2026-05-08T15:03:47,36.429186,-84.069817,50.6
4175,TRK-1080,2026-05-08T15:20:13,32.478561,-78.610016,46.9
4176,TRK-1021,2026-05-08T15:22:51,35.327026,-80.935435,75.0
4177,TRK-1074,2026-05-08T15:24:52,34.591818,-79.64384,60.0
4178,TRK-1014,2026-05-08T15:30:07,36.622149,-75.330861,35.8
4179,TRK-1031,2026-05-08T15:55:07,35.975351,-77.354921,49.3
4180,TRK-1077,2026-05-08T15:58:39,34.858593,-83.120067,63.5
4181,TRK-1033,2026-05-08T16:10:14,35.3342,-77.782055,51.2
4182,TRK-1028,2026-05-08T16:12:20,35.015556,-79.822548,13.0
4183,TRK-1016,2026-05-08T16:41:00,32.538251,-82.311747,42.7
4184,TRK-1020,2026-05-08T16:56:34,36.049835,-84.390715,9.4
4185,TRK-1095,2026-05-08T17:21:34,32.39673,-82.308473,60.4
4186,TRK-1026,2026-05-08T17:23:51,33.54795,-82.182994,15.7
4187,TRK-1041,2026-05-08T17:47:31,35.750157,-78.282932,19.2
4188,TRK-1016,2026-05-08T17:47:43,33.195308,-80.052527,57.1
4189,TRK-1093,2026-05-08T18:04:56,34.568779,-76.9724,32.3
4190,TRK-1011,2026-05-08T18:16:46,34.337588,-78.382797,19.1
4191,TRK-1021,2026-05-08T18:17:03,35.654451,-79.491553,39.2
4192,TRK-1065,2026-05-08T18:24:53,34.296646,-78.598449,33.0
4193,TRK-1047,2026-05-08T18:42:02,34.784755,-75.218893,45.2
4194,TRK-1008,2026-05-08T19:04:25,32.119216,-75.360216,67.6
4195,TRK-1093,2026-05-08T19:15:08,36.788532,-80.446858,25.4
4196,TRK-1057,2026-05-08T19:25:28,32.310154,-83.144713,5.5
4197,TRK-1001,2026-05-08T19:43:55,34.626245,-83.885959,41.7
4198,TRK-1054,2026-05-08T19:55:46,33.252986,-79.87888,73.7
4199,TRK-1013,2026-05-08T20:12:42,36.751722,-75.584638,63.0
4200,TRK-1006,2026-05-08T20:17:59,34.039603,-79.86776,41.9
4201,TRK-1065,2026-05-08T21:36:51,33.09796,-75.086669,40.3
4202,TRK-1058,2026-05-08T22:27:16,35.779064,-75.248359,32.5
4203,TRK-1070,2026-05-08T22:55:54,36.121921,-77.106726,11.8
4204,TRK-1049,2026-05-08T23:29:52,32.883274,-79.479507,44.4
4205,TRK-1025,2026-05-09T00:00:00,33.026709,-76.557333,33.4
4206,TRK-1075,2026-05-09T00:00:57,32.307319,-79.697737,89.4
4207,TRK-1002,2026-05-09T00:28:16,35.306915,-77.654202,57.3
4208,TRK-1078,2026-05-09T00:35:48,35.951606,-78.634,65.8
4209,TRK-1047,2026-05-09T00:45:20,33.302675,-78.612687,57.5
4210,TRK-1003,2026-05-09T00:56:00,35.112635,-80.453826,55.0
4211,TRK-1068,2026-05-09T00:59:49,34.764732,-78.722358,54.6
4212,TRK-1091,2026-05-09T01:46:30,34.764689,-76.42389,22.2
4213,TRK-1081,2026-05-09T02:41:35,32.803176,-75.777751,42.5
4214,TRK-1095,2026-05-09T02:49:34,33.694352,-77.028202,38.8
4215,TRK-1071,2026-05-09T02:53:55,33.883863,-82.758663,47.3
4216,TRK-1081,2026-05-09T03:07:55,33.107349,-79.127526,57.2
4217,TRK-1084,2026-05-09T03:37:30,32.154617,-81.148898,58.1
4218,TRK-1053,2026-05-09T04:03:06,33.843572,-76.209185,26.6
4219,TRK-1085,2026-05-09T04:03:58,33.740882,-81.64677,31.6
4220,TRK-1005,2026-05-09T04:12:55,35.763645,-77.891717,40.6
4221,TRK-1045,2026-05-09T04:28:19,34.411938,-83.334226,30.0
4222,TRK-1021,2026-05-09T04:47:01,33.017896,-83.029214,40.6
4223,TRK-1071,2026-05-09T04:55:30,33.354407,-76.319049,36.8
4224,TRK-1001,2026-05-09T05:38:37,34.932572,-78.480924,41.0
4225,TRK-1080,2026-05-09T06:00:08,32.249483,-84.361179,68.2
4226,TRK-1067,2026-05-09T06:13:24,34.182857,-79.906223,64.0
4227,TRK-1095,2026-05-09T06:37:08,33.910782,-83.291602,35.3
4228,TRK-1080,2026-05-09T06:45:20,33.633692,-81.227933,66.3
4229,TRK-1063,2026-05-09T06:48:51,33.129265,-83.151826,53.3
4230,TRK-1026,2026-05-09T06:54:07,34.596238,-78.384695,54.7
4231,TRK-1046,2026-05-09T07:01:43,36.896397,-75.952998,28.1
4232,TRK-1091,2026-05-09T07:03:41,35.020692,-77.537049,53.9
4233,TRK-1018,2026-05-09T07:28:37,36.67211,-80.628633,35.9
4234,TRK-1038,2026-05-09T07:34:53,32.633867,-81.152821,48.2
4235,TRK-1013,2026-05-09T08:10:40,36.491494,-76.469862,60.0
4236,TRK-1084,2026-05-09T08:16:46,34.605498,-79.191733,58.3
4237,TRK-1079,2026-05-09T08:25:22,32.897642,-84.46129,32.9
4238,TRK-1015,2026-05-09T08:57:52,36.359655,-83.936392,35.1
4239,TRK-1088,2026-05-09T09:19:13,32.278103,-82.670141,35.9
4240,TRK-1002,2026-05-09T09:27:32,35.47716,-84.390835,32.2
4241,TRK-1006,2026-05-09T09:36:34,34.414167,-75.206308,58.9
4242,TRK-1091,2026-05-09T09:42:53,35.985832,-75.770093,35.1
4243,TRK-1008,2026-05-09T10:08:32,34.305062,-76.026912,31.0
4244,TRK-1059,2026-05-09T10:44:11,34.973252,-81.67133,65.1
4245,TRK-1017,2026-05-09T11:03:57,36.834434,-83.93624,49.1
4246,TRK-1048,2026-05-09T11:08:34,33.374729,-76.487812,70.4
4247,TRK-1027,2026-05-09T11:12:36,32.756899,-75.708031,63.2
4248,TRK-1052,2026-05-09T11:23:29,32.287361,-75.519542,91.0
4249,TRK-1043,2026-05-09T11:33:52,34.105805,-75.058878,15.6
4250,TRK-1091,2026-05-09T11:42:06,35.001711,-82.993612,80.9
4251,TRK-1028,2026-05-09T12:01:55,32.759232,-78.885944,48.7
4252,TRK-1051,2026-05-09T12:02:56,34.771595,-81.5166,44.7
4253,TRK-1044,2026-05-09T12:24:26,36.436381,-79.757336,51.8
4254,TRK-1042,2026-05-09T12:26:22,35.261153,-79.880215,36.7
4255,TRK-1039,2026-05-09T12:31:52,32.000891,-76.293273,14.1
4256,TRK-1031,2026-05-09T13:03:17,34.99764,-79.029396,50.7
4257,TRK-1010,2026-05-09T13:07:30,35.312752,-76.007825,42.3
4258,TRK-1037,2026-05-09T13:10:47,36.945276,-79.525589,46.2
4259,TRK-1019,2026-05-09T13:18:46,34.77784,-82.291605,42.3
4260,TRK-1000,2026-05-09T13:39:04,34.85595,-77.692136,28.6
4261,TRK-1083,2026-05-09T13:55:46,33.350671,-83.189232,73.4
4262,TRK-1076,2026-05-09T13:56:08,36.63405,-76.12859,25.7
4263,TRK-1023,2026-05-09T14:00:00,35.206741,-83.969813,43.4
4264,TRK-1066,2026-05-09T14:38:05,36.213721,-81.831197,41.6
4265,TRK-1096,2026-05-09T14:53:45,32.959425,-75.056041,24.1
4266,TRK-1019,2026-05-09T15:17:22,33.912015,-75.258173,34.1
4267,TRK-1003,2026-05-09T15:18:11,33.107837,-80.015861,59.8
4268,TRK-1086,2026-05-09T15:27:41,32.443068,-84.471574,37.0
4269,TRK-1055,2026-05-09T15:47:22,32.931589,-81.408408,49.7
4270,TRK-1049,2026-05-09T15:49:19,34.909912,-75.237021,35.2
4271,TRK-1023,2026-05-09T16:00:48,35.737695,-78.641961,59.8
4272,TRK-1041,2026-05-09T16:21:52,35.755369,-78.391456,51.7
4273,TRK-1019,2026-05-09T16:29:38,35.801535,-77.096165,35.2
4274,TRK-1017,2026-05-09T16:45:17,36.77252,-83.039377,65.9
4275,TRK-1089,2026-05-09T16:47:32,35.60062,-79.878242,52.4
4276,TRK-1030,2026-05-09T16:47:35,34.600624,-75.616616,81.7
4277,TRK-1063,2026-05-09T16:50:23,32.400661,-77.304251,18.5
4278,TRK-1031,2026-05-09T16:55:39,35.704636,-82.12046,44.4
4279,TRK-1023,2026-05-09T16:59:10,35.9104,-82.473617,59.6
4280,TRK-1011,2026-05-09T17:25:14,36.413796,-83.518857,63.4
4281,TRK-1024,2026-05-09T17:34:12,36.281062,-79.22115,51.7
4282,TRK-1094,2026-05-09T17:41:24,33.437317,-77.773167,50.1
4283,TRK-1065,2026-05-09T18:13:20,33.852819,-76.244948,60.9
4284,TRK-1077,2026-05-09T18:14:38,34.121058,-80.364071,38.6
4285,TRK-1041,2026-05-09T18:18:25,33.939942,-75.448818,35.1
4286,TRK-1022,2026-05-09T19:03:25,36.147665,-75.215288,57.9
4287,TRK-1050,2026-05-09T19:12:45,34.830203,-76.874225,36.0
4288,TRK-1041,2026-05-09T19:36:46,35.315593,-79.795793,41.8
4289,TRK-1011,2026-05-09T19:38:50,35.478646,-76.483077,61.7
4290,TRK-1093,2026-05-09T19:48:08,33.490292,-83.090707,17.5
4291,TRK-1062,2026-05-09T20:01:57,36.991053,-84.435247,70.0
4292,TRK-1029,2026-05-09T20:11:00,34.107699,-77.559826,41.5
4293,TRK-1010,2026-05-09T20:48:10,33.409626,-77.149743,21.4
4294,TRK-1024,2026-05-09T21:01:59,34.848646,-83.710516,24.0
4295,TRK-1013,2026-05-09T21:58:17,32.847509,-77.727865,38.4
4296,TRK-1057,2026-05-09T22:18:59,34.766857,-83.66127,20.5
4297,TRK-1022,2026-05-09T22:20:54,33.001942,-76.380772,52.5
4298,TRK-1006,2026-05-09T22:26:40,33.793558,-81.505229,74.0
4299,TRK-1087,2026-05-09T22:31:03,34.803635,-80.942694,88.3
4300,TRK-1052,2026-05-09T22:47:03,34.192483,-79.172391,41.4
4301,TRK-1050,2026-05-10T00:10:12,34.65436,-83.424691,58.6
4302,TRK-1044,2026-05-10T00:22:42,33.686051,-76.415813,60.1
4303,TRK-1030,2026-05-10T00:29:45,34.49056,-77.121973,41.1
4304,TRK-1061,2026-05-10T00:31:39,34.218775,-77.680776,55.8
4305,TRK-1019,2026-05-10T00:38:48,34.008822,-77.541856,50.2
4306,TRK-1044,2026-05-10T01:48:08,36.731711,-75.456024,73.3
4307,TRK-1083,2026-05-10T01:51:21,35.80868,-78.937455,35.9
4308,TRK-1063,2026-05-10T02:00:40,33.817094,-76.685189,51.7
4309,TRK-1072,2026-05-10T02:21:06,34.118602,-76.948286,14.1
4310,TRK-1004,2026-05-10T02:32:36,32.622133,-78.856604,41.0
4311,TRK-1068,2026-05-10T02:43:14,36.042487,-77.888471,53.7
4312,TRK-1098,2026-05-10T03:24:53,33.175743,-77.489421,77.7
4313,TRK-1088,2026-05-10T03:38:20,35.638195,-75.3834,70.2
4314,TRK-1034,2026-05-10T03:50:45,34.067288,-77.521705,38.6
4315,TRK-1045,2026-05-10T04:06:34,32.959972,-79.793487,29.7
4316,TRK-1036,2026-05-10T04:08:59,34.511812,-80.383707,0.0
4317,TRK-1087,2026-05-10T04:37:43,34.67276,-79.750831,55.7
4318,TRK-1087,2026-05-10T04:38:17,34.342955,-83.396778,44.3
4319,TRK-1064,2026-05-10T05:00:05,36.883345,-78.440545,58.5
4320,TRK-1032,2026-05-10T05:05:11,35.036456,-80.67361,33.5
4321,TRK-1012,2026-05-10T05:34:06,32.626943,-81.822797,48.1
4322,TRK-1059,2026-05-10T05:49:24,36.790178,-77.192,37.1
4323,TRK-1059,2026-05-10T05:55:17,32.633356,-82.856842,20.1
4324,TRK-1015,2026-05-10T05:58:05,32.051483,-83.444593,39.8
4325,TRK-1015,2026-05-10T05:58:58,35.667007,-81.239192,35.1
4326,TRK-1066,2026-05-10T06:13:58,32.403923,-75.166148,52.4
4327,TRK-1020,2026-05-10T06:40:18,36.81168,-79.82432,25.9
4328,TRK-1028,2026-05-10T06:48:42,32.682933,-80.966331,47.7
4329,TRK-1007,2026-05-10T07:14:17,36.971953,-80.209909,25.9
4330,TRK-1029,2026-05-10T07:33:41,33.512597,-80.475364,60.9
4331,TRK-1015,2026-05-10T07:47:42,32.68092,-78.233339,30.5
4332,TRK-1034,2026-05-10T07:56:27,32.179321,-80.668574,40.1
4333,TRK-1079,2026-05-10T08:03:59,36.354493,-79.566628,28.8
4334,TRK-1008,2026-05-10T08:19:06,36.64734,-77.382414,32.7
4335,TRK-1096,2026-05-10T08:21:50,36.770017,-77.858969,41.7
4336,TRK-1050,2026-05-10T08:24:42,34.243844,-76.063568,65.1
4337,TRK-1098,2026-05-10T08:27:06,36.694493,-75.241633,66.4
4338,TRK-1008,2026-05-10T08:36:44,32.89842,-78.750323,85.2
4339,TRK-1021,2026-05-10T08:37:46,35.367373,-75.942789,36.2
4340,TRK-1037,2026-05-10T08:46:54,32.255985,-75.821059,46.2
4341,TRK-1034,2026-05-10T09:00:02,35.121418,-82.027163,63.1
4342,TRK-1096,2026-05-10T09:03:10,32.127046,-79.408771,55.6
4343,TRK-1037,2026-05-10T09:05:30,35.125969,-81.615188,46.4
4344,TRK-1040,2026-05-10T09:10:34,34.63967,-76.672607,54.9
4345,TRK-1003,2026-05-10T09:10:43,33.667393,-78.338905,53.2
4346,TRK-1023,2026-05-10T09:11:54,32.916439,-78.112016,76.5
4347,TRK-1074,2026-05-10T09:42:52,35.447639,-76.948053,45.4
4348,TRK-1089,2026-05-10T10:16:18,34.400029,-77.018149,59.0
4349,TRK-1022,2026-05-10T10:24:46,34.964026,-84.229069,44.1
4350,TRK-1022,2026-05-10T10:47:57,35.295613,-75.644407,48.6
4351,TRK-1023,2026-05-10T11:02:54,36.394184,-79.13455,68.1
4352,TRK-1090,2026-05-10T11:33:00,36.938129,-79.567964,36.3
4353,TRK-1021,2026-05-10T11:42:44,35.999835,-76.9251,49.1
4354,TRK-1040,2026-05-10T12:10:06,36.376928,-78.95835,23.0
4355,TRK-1099,2026-05-10T12:13:26,35.547148,-81.72119,28.8
4356,TRK-1013,2026-05-10T12:30:04,32.994209,-76.019513,52.5
4357,TRK-1051,2026-05-10T12:46:05,33.109963,-77.309784,59.8
4358,TRK-1024,2026-05-10T12:48:54,36.335682,-79.930682,51.2
4359,TRK-1058,2026-05-10T12:53:16,33.784436,-75.972987,25.8
4360,TRK-1063,2026-05-10T12:53:32,34.438304,-77.637265,67.1
4361,TRK-1073,2026-05-10T12:57:00,34.77461,-79.719918,72.4
4362,TRK-1000,2026-05-10T13:16:05,34.737033,-80.263624,41.5
4363,TRK-1018,2026-05-10T13:18:40,32.053241,-83.537898,35.5
4364,TRK-1017,2026-05-10T15:36:17,34.431248,-75.144507,60.0
4365,TRK-1025,2026-05-10T15:48:42,36.317075,-77.930877,40.0
4366,TRK-1093,2026-05-10T15:53:56,35.243484,-80.387209,29.5
4367,TRK-1011,2026-05-10T16:09:53,33.011948,-75.766165,25.2
4368,TRK-1029,2026-05-10T16:22:28,32.032157,-75.901649,28.4
4369,TRK-1066,2026-05-10T16:39:13,36.330056,-80.516842,41.3
4370,TRK-1044,2026-05-10T16:51:39,35.264273,-75.083245,47.5
4371,TRK-1030,2026-05-10T16:58:33,36.609046,-77.583219,29.1
4372,TRK-1040,2026-05-10T17:09:51,32.094337,-75.57863,80.8
4373,TRK-1057,2026-05-10T17:56:08,34.396716,-80.949359,67.4
4374,TRK-1047,2026-05-10T18:08:44,32.446522,-83.066559,38.9
4375,TRK-1082,2026-05-10T18:11:07,32.575239,-82.119217,28.2
4376,TRK-1035,2026-05-10T19:10:19,35.093059,-83.915385,70.1
4377,TRK-1040,2026-05-10T19:18:59,33.095804,-79.675071,77.9
4378,TRK-1090,2026-05-10T19:25:01,35.082294,-77.15755,39.8
4379,TRK-1080,2026-05-10T19:31:47,33.502115,-76.016176,37.0
4380,TRK-1002,2026-05-10T19:36:44,34.454528,-84.42866,46.4
4381,TRK-1070,2026-05-10T19:37:14,33.85607,-77.06606,46.8
4382,TRK-1070,2026-05-10T19:49:31,36.349598,-77.361119,33.9
4383,TRK-1086,2026-05-10T19:49:36,32.888782,-79.418753,38.0
4384,TRK-1045,2026-05-10T20:12:41,34.252685,-76.158816,32.7
4385,TRK-1023,2026-05-10T20:55:41,33.24287,-77.4335,37.3
4386,TRK-1061,2026-05-10T21:23:35,33.541661,-84.241912,76.2
4387,TRK-1071,2026-05-10T21:28:55,34.009789,-77.329404,44.9
4388,TRK-1016,2026-05-10T21:37:53,36.081028,-79.257417,55.5
4389,TRK-1061,2026-05-10T21:54:00,35.941551,-84.406043,66.0
4390,TRK-1006,2026-05-10T22:02:50,33.632597,-76.947345,40.0
4391,TRK-1011,2026-05-10T22:04:21,32.371512,-79.431672,59.8
4392,TRK-1032,2026-05-10T22:21:23,32.977318,-78.24249,55.6
4393,TRK-1049,2026-05-10T22:23:54,34.185419,-82.761912,25.6
4394,TRK-1026,2026-05-10T22:35:36,33.097939,-81.126589,50.3
4395,TRK-1040,2026-05-10T22:36:30,32.815543,-80.463464,17.1
4396,TRK-1008,2026-05-10T22:43:10,36.12883,-83.415044,66.0
4397,TRK-1032,2026-05-10T22:44:03,35.953859,-75.116429,60.8
4398,TRK-1055,2026-05-10T23:26:27,36.506128,-77.91305,50.8
4399,TRK-1025,2026-05-10T23:31:23,36.412476,-82.73241,66.2
4400,TRK-1097,2026-05-10T23:32:14,32.695733,-76.236133,46.0
4401,TRK-1014,2026-05-11T00:03:17,33.128926,-75.235571,38.4
4402,TRK-1018,2026-05-11T00:03:34,33.381572,-78.217281,43.4
4403,TRK-1044,2026-05-11T00:05:44,32.272956,-75.195149,56.0
4404,TRK-1021,2026-05-11T00:13:49,34.777552,-81.152526,27.9
4405,TRK-1095,2026-05-11T00:14:17,32.029828,-79.971313,33.6
4406,TRK-1001,2026-05-11T00:22:07,33.641612,-76.417534,43.3
4407,TRK-1043,2026-05-11T00:26:21,35.880075,-84.28798,39.2
4408,TRK-1007,2026-05-11T00:29:11,32.28576,-75.649814,64.4
4409,TRK-1090,2026-05-11T00:29:15,34.295212,-78.610623,57.4
4410,TRK-1088,2026-05-11T00:43:52,32.434333,-75.435935,60.0
4411,TRK-1001,2026-05-11T00:49:56,35.247478,-80.061597,59.1
4412,TRK-1088,2026-05-11T00:50:40,35.083515,-82.381617,12.0
4413,TRK-1028,2026-05-11T01:31:36,34.065927,-76.072175,35.6
4414,TRK-1015,2026-05-11T01:37:01,34.805748,-81.683448,39.4
4415,TRK-1084,2026-05-11T01:55:03,33.351147,-77.324276,65.4
4416,TRK-1074,2026-05-11T02:32:00,34.818047,-76.703723,80.5
4417,TRK-1081,2026-05-11T02:54:23,34.09801,-75.812359,24.0
4418,TRK-1085,2026-05-11T03:12:49,32.317652,-83.334009,34.6
4419,TRK-1051,2026-05-11T03:37:41,32.586261,-82.651333,45.3
4420,TRK-1026,2026-05-11T03:52:19,32.926352,-77.661996,45.3
4421,TRK-1004,2026-05-11T03:52:48,35.179709,-78.406447,54.3
4422,TRK-1038,2026-05-11T04:13:42,35.275873,-80.747705,39.9
4423,TRK-1072,2026-05-11T04:14:55,34.782148,-77.502107,45.6
4424,TRK-1095,2026-05-11T04:25:12,35.817267,-82.268711,33.4
4425,TRK-1027,2026-05-11T04:33:19,32.559642,-77.951359,54.5
4426,TRK-1088,2026-05-11T04:36:38,35.634739,-83.668372,38.3
4427,TRK-1019,2026-05-11T04:37:54,36.215924,-78.910688,62.9
4428,TRK-1020,2026-05-11T05:01:51,33.201083,-83.893472,62.0
4429,TRK-1038,2026-05-11T05:07:51,33.177958,-77.457364,43.4
4430,TRK-1054,2026-05-11T05:17:38,32.140108,-76.319889,47.3
4431,TRK-1020,2026-05-11T06:16:28,32.991544,-78.605854,48.7
4432,TRK-1090,2026-05-11T06:18:16,35.331106,-76.008436,58.8
4433,TRK-1021,2026-05-11T06:19:43,36.055097,-82.668022,46.9
4434,TRK-1097,2026-05-11T06:22:04,36.025432,-75.717962,42.1
4435,TRK-1052,2026-05-11T06:34:26,34.451045,-80.545632,34.4
4436,TRK-1061,2026-05-11T06:37:18,34.365406,-82.356566,21.3
4437,TRK-1085,2026-05-11T06:37:34,33.059189,-83.874562,65.3
4438,TRK-1070,2026-05-11T06:48:46,35.077252,-76.315007,25.0
4439,TRK-1055,2026-05-11T06:57:24,34.769641,-82.346884,35.2
4440,TRK-1006,2026-05-11T07:00:10,33.48216,-80.674216,60.1
4441,TRK-1042,2026-05-11T07:05:02,34.279115,-79.63082,21.6
4442,TRK-1029,2026-05-11T07:31:55,33.063053,-77.314178,16.1
4443,TRK-1059,2026-05-11T08:18:53,35.016998,-82.525052,39.3
4444,TRK-1063,2026-05-11T08:25:22,35.490197,-80.075171,16.6
4445,TRK-1002,2026-05-11T08:30:32,34.85589,-81.488902,45.5
4446,TRK-1022,2026-05-11T08:35:29,36.670079,-75.756028,54.0
4447,TRK-1027,2026-05-11T08:59:03,33.092908,-82.591801,62.1
4448,TRK-1003,2026-05-11T09:08:19,33.123214,-76.677976,71.3
4449,TRK-1052,2026-05-11T09:11:48,36.672014,-75.523641,62.9
4450,TRK-1053,2026-05-11T09:18:51,32.16098,-76.79836,43.8
4451,TRK-1022,2026-05-11T09:46:09,35.013497,-81.001351,32.1
4452,TRK-1025,2026-05-11T10:03:08,34.52799,-77.038215,67.2
4453,TRK-1073,2026-05-11T10:14:19,34.117977,-82.4179,61.2
4454,TRK-1095,2026-05-11T10:38:27,35.999867,-75.241059,74.3
4455,TRK-1002,2026-05-11T10:43:04,36.982567,-83.869247,66.2
4456,TRK-1089,2026-05-11T10:47:37,33.973157,-77.498414,57.1
4457,TRK-1005,2026-05-11T10:52:01,34.18752,-81.802386,63.4
4458,TRK-1063,2026-05-11T11:59:10,35.394943,-83.956776,0.4
4459,TRK-1032,2026-05-11T12:12:19,34.345903,-83.120529,29.9
4460,TRK-1048,2026-05-11T12:13:41,34.445431,-82.853061,40.4
4461,TRK-1031,2026-05-11T12:17:48,32.857136,-80.576992,43.0
4462,TRK-1040,2026-05-11T12:22:38,34.156155,-80.904956,33.4
4463,TRK-1077,2026-05-11T12:27:48,33.467847,-78.342963,22.0
4464,TRK-1045,2026-05-11T12:37:50,33.163124,-79.889639,54.8
4465,TRK-1011,2026-05-11T12:37:51,35.065336,-81.49948,36.1
4466,TRK-1004,2026-05-11T12:42:43,32.941445,-82.619652,47.5
4467,TRK-1012,2026-05-11T12:59:40,32.579434,-83.714292,59.2
4468,TRK-1033,2026-05-11T12:59:48,32.966463,-82.221033,36.2
4469,TRK-1031,2026-05-11T13:02:47,34.729161,-82.888289,69.2
4470,TRK-1098,2026-05-11T13:10:34,35.606932,-82.442576,24.0
4471,TRK-1027,2026-05-11T13:46:40,34.965454,-75.667977,62.2
4472,TRK-1054,2026-05-11T13:54:56,33.673598,-78.346754,23.4
4473,TRK-1066,2026-05-11T14:33:06,32.365929,-75.248959,47.6
4474,TRK-1068,2026-05-11T14:33:26,32.71491,-79.466421,2.8
4475,TRK-1027,2026-05-11T14:45:25,36.585774,-75.751747,52.2
4476,TRK-1024,2026-05-11T14:48:12,35.726341,-77.961532,73.1
4477,TRK-1087,2026-05-11T14:54:36,36.620513,-80.009901,78.5
4478,TRK-1053,2026-05-11T15:37:31,32.268997,-83.903051,30.1
4479,TRK-1022,2026-05-11T16:05:15,34.103825,-77.545689,26.8
4480,TRK-1091,2026-05-11T16:14:45,35.555937,-78.246045,34.2
4481,TRK-1002,2026-05-11T16:41:38,33.190574,-83.917014,54.1
4482,TRK-1085,2026-05-11T16:44:36,35.987649,-83.017824,52.7
4483,TRK-1019,2026-05-11T16:46:32,36.80614,-80.469831,57.1
4484,TRK-1026,2026-05-11T17:09:49,34.943463,-80.438175,53.7
4485,TRK-1013,2026-05-11T17:10:45,32.236176,-80.355388,68.4
4486,TRK-1055,2026-05-11T17:12:49,36.148084,-75.810013,25.2
4487,TRK-1019,2026-05-11T17:14:42,36.523925,-78.036683,32.3
4488,TRK-1088,2026-05-11T17:15:19,32.636384,-84.286436,30.2
4489,TRK-1063,2026-05-11T17:20:31,34.787238,-80.126656,30.9
4490,TRK-1075,2026-05-11T17:21:56,35.264567,-81.841247,38.6
4491,TRK-1002,2026-05-11T17:22:49,33.552183,-79.84017,46.5
4492,TRK-1025,2026-05-11T17:26:44,36.316112,-78.393541,22.5
4493,TRK-1066,2026-05-11T17:47:26,33.224644,-78.208069,27.1
4494,TRK-1097,2026-05-11T17:54:52,33.949891,-76.854515,31.7
4495,TRK-1081,2026-05-11T18:08:20,32.515471,-83.067814,15.2
4496,TRK-1040,2026-05-11T18:32:49,36.805295,-82.604949,3.5
4497,TRK-1069,2026-05-11T18:37:16,32.582609,-79.405663,48.9
4498,TRK-1007,2026-05-11T18:47:26,35.536054,-84.388659,34.3
4499,TRK-1072,2026-05-11T18:49:13,35.666126,-76.672844,36.5
4500,TRK-1072,2026-05-11T18:59:09,35.430102,-84.386789,25.7
4501,TRK-1036,2026-05-11T19:01:03,36.329813,-78.928561,64.0
4502,TRK-1027,2026-05-11T19:16:52,35.138897,-77.673484,100.9
4503,TRK-1098,2026-05-11T19:40:42,35.808346,-75.024623,66.3
4504,TRK-1038,2026-05-11T19:53:33,35.474205,-75.71351,48.9
4505,TRK-1095,2026-05-11T19:59:51,33.988774,-76.553163,70.4
4506,TRK-1043,2026-05-11T20:09:37,32.370167,-77.575628,43.7
4507,TRK-1076,2026-05-11T20:10:41,36.296539,-80.482143,22.8
4508,TRK-1098,2026-05-11T20:15:06,34.649513,-78.116781,39.6
4509,TRK-1093,2026-05-11T20:45:05,36.512975,-83.577069,41.1
4510,TRK-1088,2026-05-11T20:47:27,34.92339,-83.153721,36.4
4511,TRK-1056,2026-05-11T20:57:32,32.40417,-80.025194,36.9
4512,TRK-1040,2026-05-11T20:58:28,33.988419,-76.540573,28.7
4513,TRK-1081,2026-05-11T21:14:16,32.338259,-80.947278,45.2
4514,TRK-1038,2026-05-11T21:28:22,35.518346,-79.214129,64.5
4515,TRK-1023,2026-05-11T21:41:03,33.629011,-76.620259,13.6
4516,TRK-1027,2026-05-11T21:47:30,33.250059,-75.157016,38.0
4517,TRK-1014,2026-05-11T22:23:10,32.659049,-76.573768,31.3
4518,TRK-1068,2026-05-11T22:32:17,36.578032,-84.443815,38.7
4519,TRK-1010,2026-05-11T23:17:15,35.944054,-80.593157,50.4
4520,TRK-1054,2026-05-11T23:42:32,35.981321,-76.790198,46.8
4521,TRK-1007,2026-05-11T23:54:46,36.31552,-83.766941,51.0
4522,TRK-1010,2026-05-12T00:00:32,34.521915,-80.151355,27.2
4523,TRK-1002,2026-05-12T00:13:09,34.363277,-81.851884,42.3
4524,TRK-1053,2026-05-12T00:23:10,36.293356,-83.391966,38.5
4525,TRK-1085,2026-05-12T00:41:16,35.356181,-80.897263,36.0
4526,TRK-1066,2026-05-12T01:05:52,35.485896,-78.069174,43.0
4527,TRK-1052,2026-05-12T01:07:04,36.126183,-78.036829,45.0
4528,TRK-1086,2026-05-12T01:23:57,35.748084,-83.608651,43.8
4529,TRK-1074,2026-05-12T01:51:13,32.767222,-77.280441,43.9
4530,TRK-1088,2026-05-12T01:53:04,35.971397,-76.587667,10.9
4531,TRK-1063,2026-05-12T02:06:39,35.154944,-75.311978,65.9
4532,TRK-1016,2026-05-12T02:10:05,32.25529,-81.771899,34.1
4533,TRK-1036,2026-05-12T02:24:26,36.63852,-81.319059,41.1
4534,TRK-1006,2026-05-12T03:00:37,35.705042,-81.961071,26.3
4535,TRK-1072,2026-05-12T03:03:08,36.040946,-82.471715,45.0
4536,TRK-1018,2026-05-12T03:18:05,34.39554,-81.843343,81.0
4537,TRK-1020,2026-05-12T03:19:29,32.722368,-77.22679,71.0
4538,TRK-1041,2026-05-12T03:23:18,36.526836,-76.909817,29.1
4539,TRK-1039,2026-05-12T03:23:50,36.066096,-79.49999,49.7
4540,TRK-1056,2026-05-12T03:27:17,32.534165,-77.972634,68.5
4541,TRK-1075,2026-05-12T03:33:56,33.841047,-82.760776,40.6
4542,TRK-1039,2026-05-12T03:55:31,32.989905,-78.580459,75.9
4543,TRK-1074,2026-05-12T03:56:18,34.800092,-78.74592,31.7
4544,TRK-1038,2026-05-12T04:14:53,32.394286,-76.219004,61.3
4545,TRK-1070,2026-05-12T04:37:38,32.382438,-75.962431,15.8
4546,TRK-1012,2026-05-12T04:43:13,33.653351,-82.242159,36.7
4547,TRK-1075,2026-05-12T04:46:40,34.952433,-80.778806,51.8
4548,TRK-1039,2026-05-12T04:50:41,35.477932,-79.731652,30.9
4549,TRK-1090,2026-05-12T05:25:40,33.119337,-75.344017,34.9
4550,TRK-1099,2026-05-12T05:48:27,33.484947,-78.21788,19.2
4551,TRK-1069,2026-05-12T05:57:51,33.23069,-82.372847,51.7
4552,TRK-1047,2026-05-12T05:58:26,34.755731,-81.232421,53.9
4553,TRK-1025,2026-05-12T06:16:23,36.55038,-83.160241,43.4
4554,TRK-1008,2026-05-12T06:18:28,34.486856,-80.243406,86.9
4555,TRK-1006,2026-05-12T06:36:20,36.35122,-79.482403,20.6
4556,TRK-1013,2026-05-12T06:37:31,32.699481,-80.005179,45.1
4557,TRK-1096,2026-05-12T06:49:36,36.931951,-77.918458,42.7
4558,TRK-1099,2026-05-12T07:01:11,33.184572,-76.41581,22.7
4559,TRK-1034,2026-05-12T07:12:53,33.13985,-82.564017,50.0
4560,TRK-1090,2026-05-12T08:33:59,35.061746,-79.801604,56.9
4561,TRK-1002,2026-05-12T08:41:15,36.064656,-77.62448,37.0
4562,TRK-1045,2026-05-12T08:42:50,32.236205,-82.294805,7.7
4563,TRK-1043,2026-05-12T08:44:49,33.683843,-75.097162,41.6
4564,TRK-1093,2026-05-12T09:04:31,35.002429,-75.864892,58.2
4565,TRK-1052,2026-05-12T09:31:44,32.647005,-76.158538,42.2
4566,TRK-1017,2026-05-12T09:41:06,36.29138,-80.482831,48.6
4567,TRK-1088,2026-05-12T09:41:50,32.486807,-80.107319,38.3
4568,TRK-1072,2026-05-12T09:45:44,34.235558,-76.428114,70.0
4569,TRK-1066,2026-05-12T09:47:45,34.430206,-81.842816,35.2
4570,TRK-1039,2026-05-12T10:02:26,32.718788,-80.882061,0.0
4571,TRK-1089,2026-05-12T10:03:53,34.88309,-76.331788,47.4
4572,TRK-1035,2026-05-12T10:07:29,34.327291,-79.465901,21.5
4573,TRK-1037,2026-05-12T12:18:10,36.212039,-84.490351,64.3
4574,TRK-1029,2026-05-12T12:19:56,34.321886,-84.358075,35.9
4575,TRK-1059,2026-05-12T12:32:29,34.64964,-75.976691,35.5
4576,TRK-1047,2026-05-12T12:38:11,33.292156,-79.946638,44.5
4577,TRK-1077,2026-05-12T12:48:09,35.811767,-78.838038,73.7
4578,TRK-1030,2026-05-12T13:05:48,35.042834,-76.137595,85.2
4579,TRK-1094,2026-05-12T13:06:06,34.707011,-79.513763,19.0
4580,TRK-1011,2026-05-12T13:41:25,35.586361,-84.005259,40.7
4581,TRK-1072,2026-05-12T14:12:35,34.240642,-78.795075,43.7
4582,TRK-1090,2026-05-12T14:16:31,36.892485,-81.032558,60.8
4583,TRK-1075,2026-05-12T14:24:45,36.468715,-83.899029,69.3
4584,TRK-1004,2026-05-12T14:48:57,36.288082,-80.947439,52.0
4585,TRK-1012,2026-05-12T15:36:19,32.045538,-81.930702,56.4
4586,TRK-1050,2026-05-12T16:18:22,33.901574,-76.579171,30.7
4587,TRK-1034,2026-05-12T16:25:41,33.369503,-75.374574,63.5
4588,TRK-1033,2026-05-12T16:32:42,36.159286,-79.132221,77.7
4589,TRK-1057,2026-05-12T16:54:14,33.67909,-76.512555,16.0
4590,TRK-1039,2026-05-12T16:54:26,32.893532,-78.495113,21.7
4591,TRK-1026,2026-05-12T17:18:28,32.668903,-75.034754,75.4
4592,TRK-1012,2026-05-12T17:23:19,33.944682,-76.563663,37.6
4593,TRK-1017,2026-05-12T17:46:41,33.477081,-76.328001,83.6
4594,TRK-1031,2026-05-12T18:07:26,33.557488,-80.793023,27.2
4595,TRK-1019,2026-05-12T18:07:26,34.778794,-76.937829,32.9
4596,TRK-1081,2026-05-12T18:51:01,32.795614,-83.698214,25.4
4597,TRK-1044,2026-05-12T18:51:11,35.486774,-75.859548,48.0
4598,TRK-1012,2026-05-12T18:58:19,35.934395,-79.050045,59.0
4599,TRK-1006,2026-05-12T19:03:40,33.007655,-78.632798,49.6
4600,TRK-1095,2026-05-12T19:07:45,33.643444,-78.951037,57.8
4601,TRK-1051,2026-05-12T19:37:56,33.969953,-83.619691,40.6
4602,TRK-1010,2026-05-12T19:40:30,35.60214,-81.09706,31.0
4603,TRK-1092,2026-05-12T19:57:53,32.57854,-76.264832,30.3
4604,TRK-1054,2026-05-12T19:58:10,34.711591,-82.898165,40.6
4605,TRK-1019,2026-05-12T20:02:23,33.416862,-83.937441,32.8
4606,TRK-1067,2026-05-12T20:10:40,32.757976,-77.489722,38.3
4607,TRK-1087,2026-05-12T20:16:20,34.56313,-82.434402,20.5
4608,TRK-1055,2026-05-12T20:20:56,35.168162,-84.280367,61.4
4609,TRK-1063,2026-05-12T20:24:11,33.346414,-81.751469,45.3
4610,TRK-1035,2026-05-12T20:38:20,36.52529,-78.488682,13.0
4611,TRK-1070,2026-05-12T21:07:05,33.353607,-76.251956,41.9
4612,TRK-1032,2026-05-12T21:09:08,33.161528,-83.577399,61.9
4613,TRK-1097,2026-05-12T21:09:29,32.585111,-76.186768,55.0
4614,TRK-1022,2026-05-12T21:24:36,32.337104,-80.217812,42.7
4615,TRK-1094,2026-05-12T21:25:39,34.695037,-76.505764,17.2
4616,TRK-1011,2026-05-12T21:36:12,35.032794,-77.821072,59.3
4617,TRK-1048,2026-05-12T21:43:32,34.909057,-79.961502,44.8
4618,TRK-1039,2026-05-12T22:49:49,36.508253,-77.017485,10.6
4619,TRK-1066,2026-05-12T23:22:38,34.552035,-80.905285,84.9
4620,TRK-1063,2026-05-12T23:39:06,36.579225,-81.209808,21.7
4621,TRK-1093,2026-05-12T23:42:28,32.352179,-79.874335,52.2
4622,TRK-1035,2026-05-13T00:10:09,34.364523,-75.551834,30.3
4623,TRK-1031,2026-05-13T00:11:19,32.903998,-75.484983,56.5
4624,TRK-1054,2026-05-13T00:13:54,35.370551,-82.387806,34.6
4625,TRK-1069,2026-05-13T00:35:02,32.918363,-78.533213,63.7
4626,TRK-1093,2026-05-13T00:35:11,34.946406,-80.921261,36.4
4627,TRK-1018,2026-05-13T00:44:52,35.187286,-80.656414,30.2
4628,TRK-1074,2026-05-13T00:44:54,35.863554,-80.850377,28.9
4629,TRK-1039,2026-05-13T01:02:27,36.989046,-77.374288,26.2
4630,TRK-1069,2026-05-13T01:19:38,35.427832,-78.185429,31.8
4631,TRK-1017,2026-05-13T01:32:03,34.827587,-82.331376,52.9
4632,TRK-1021,2026-05-13T01:39:56,33.298251,-83.074328,21.6
4633,TRK-1002,2026-05-13T01:41:17,33.734992,-79.327523,7.2
4634,TRK-1046,2026-05-13T02:01:59,36.685322,-82.702235,52.7
4635,TRK-1058,2026-05-13T02:03:47,34.653313,-82.751515,29.6
4636,TRK-1024,2026-05-13T02:29:37,32.128448,-82.150978,30.3
4637,TRK-1068,2026-05-13T02:32:12,35.948401,-79.580154,55.5
4638,TRK-1070,2026-05-13T02:36:08,33.109582,-84.391186,71.8
4639,TRK-1087,2026-05-13T02:42:00,33.795209,-75.130041,50.3
4640,TRK-1076,2026-05-13T03:17:12,32.446901,-83.544875,78.2
4641,TRK-1019,2026-05-13T03:26:25,35.534878,-82.847853,37.4
4642,TRK-1007,2026-05-13T03:41:30,34.267291,-75.060242,35.7
4643,TRK-1080,2026-05-13T03:45:57,34.060317,-78.515754,59.7
4644,TRK-1068,2026-05-13T03:51:40,32.194731,-79.061258,33.6
4645,TRK-1026,2026-05-13T04:12:26,33.751069,-81.011497,49.0
4646,TRK-1055,2026-05-13T04:21:46,32.138775,-83.131031,52.9
4647,TRK-1012,2026-05-13T04:28:49,35.259078,-84.118941,42.2
4648,TRK-1035,2026-05-13T04:43:56,32.853611,-83.617581,10.8
4649,TRK-1051,2026-05-13T04:52:12,35.012034,-77.618068,57.4
4650,TRK-1070,2026-05-13T04:59:50,35.397655,-79.137001,31.2
4651,TRK-1083,2026-05-13T05:08:47,33.705349,-75.207931,66.2
4652,TRK-1075,2026-05-13T05:16:34,36.644585,-77.110245,65.9
4653,TRK-1043,2026-05-13T05:42:54,36.415039,-77.925137,32.1
4654,TRK-1055,2026-05-13T05:53:11,32.069305,-75.866621,39.1
4655,TRK-1005,2026-05-13T06:03:55,36.411173,-79.330346,53.3
4656,TRK-1024,2026-05-13T06:27:34,35.665887,-75.367917,42.1
4657,TRK-1089,2026-05-13T06:27:51,36.068759,-81.848509,40.3
4658,TRK-1061,2026-05-13T06:53:02,33.308192,-82.98324,27.0
4659,TRK-1084,2026-05-13T06:59:31,33.069107,-76.313874,53.9
4660,TRK-1024,2026-05-13T07:03:15,35.157089,-75.314055,72.9
4661,TRK-1028,2026-05-13T07:19:12,35.971201,-75.369671,50.6
4662,TRK-1039,2026-05-13T07:20:02,36.934742,-75.065341,29.1
4663,TRK-1080,2026-05-13T07:30:04,33.277849,-80.434768,39.7
4664,TRK-1077,2026-05-13T07:30:09,33.859084,-78.17382,51.5
4665,TRK-1023,2026-05-13T07:37:39,36.510739,-80.40497,41.7
4666,TRK-1049,2026-05-13T07:51:38,32.720266,-83.5963,44.6
4667,TRK-1094,2026-05-13T07:54:57,35.56769,-75.827681,1.9
4668,TRK-1044,2026-05-13T08:10:52,35.921935,-75.638092,42.7
4669,TRK-1041,2026-05-13T08:48:23,35.803474,-80.632903,29.9
4670,TRK-1001,2026-05-13T08:54:57,34.098391,-80.065995,45.7
4671,TRK-1010,2026-05-13T09:05:29,36.612238,-84.495763,61.7
4672,TRK-1080,2026-05-13T09:19:31,34.175617,-83.385351,45.7
4673,TRK-1037,2026-05-13T10:14:29,34.34065,-76.342533,19.2
4674,TRK-1051,2026-05-13T10:16:28,32.423807,-81.316177,56.1
4675,TRK-1029,2026-05-13T10:21:16,35.021239,-76.689982,35.4
4676,TRK-1017,2026-05-13T10:38:45,35.804418,-80.635403,39.7
4677,TRK-1083,2026-05-13T10:45:45,36.137339,-79.555198,30.5
4678,TRK-1094,2026-05-13T10:54:14,32.062628,-76.051437,44.7
4679,TRK-1032,2026-05-13T11:06:12,34.627865,-83.650993,56.5
4680,TRK-1077,2026-05-13T11:11:10,32.644384,-75.662711,40.5
4681,TRK-1046,2026-05-13T11:21:19,36.922158,-80.294607,49.6
4682,TRK-1048,2026-05-13T11:54:03,32.764652,-83.597384,73.5
4683,TRK-1053,2026-05-13T11:56:53,36.54788,-75.550354,53.5
4684,TRK-1023,2026-05-13T12:00:27,35.170579,-81.86375,21.0
4685,TRK-1069,2026-05-13T12:30:21,32.608385,-76.481874,18.4
4686,TRK-1018,2026-05-13T12:39:49,33.842644,-81.641453,32.5
4687,TRK-1009,2026-05-13T13:40:19,34.54671,-80.90958,58.1
4688,TRK-1052,2026-05-13T13:56:32,35.917761,-79.441586,30.8
4689,TRK-1095,2026-05-13T14:43:08,33.961732,-76.125273,28.7
4690,TRK-1025,2026-05-13T14:58:34,35.72964,-83.42336,49.1
4691,TRK-1074,2026-05-13T15:17:10,36.263124,-80.162149,57.8
4692,TRK-1000,2026-05-13T15:41:45,35.766973,-84.378782,27.2
4693,TRK-1008,2026-05-13T15:50:44,36.357895,-77.487514,67.6
4694,TRK-1089,2026-05-13T16:17:11,34.389236,-80.842934,32.3
4695,TRK-1080,2026-05-13T16:23:50,32.990722,-79.454347,21.9
4696,TRK-1027,2026-05-13T16:50:42,33.927519,-80.513404,58.2
4697,TRK-1092,2026-05-13T16:53:16,34.368621,-76.630693,50.8
4698,TRK-1002,2026-05-13T17:04:44,33.759465,-78.247822,25.1
4699,TRK-1002,2026-05-13T17:05:40,32.191694,-83.304925,20.9
4700,TRK-1007,2026-05-13T17:06:35,32.798491,-81.019758,29.2
4701,TRK-1071,2026-05-13T17:18:21,36.123138,-78.565151,18.9
4702,TRK-1067,2026-05-13T17:24:43,32.629182,-81.634627,96.5
4703,TRK-1031,2026-05-13T18:07:44,33.853755,-81.622661,68.1
4704,TRK-1008,2026-05-13T18:13:26,32.246536,-78.683722,55.6
4705,TRK-1077,2026-05-13T18:45:00,35.644379,-78.179989,16.6
4706,TRK-1090,2026-05-13T19:20:58,33.08368,-84.398666,34.8
4707,TRK-1007,2026-05-13T19:33:41,34.107097,-77.631761,29.1
4708,TRK-1096,2026-05-13T19:50:32,33.395064,-76.415088,25.0
4709,TRK-1087,2026-05-13T19:54:12,32.574021,-75.412433,55.6
4710,TRK-1078,2026-05-13T20:18:28,34.692613,-79.226161,51.8
4711,TRK-1030,2026-05-13T20:25:06,36.649847,-83.763114,9.7
4712,TRK-1084,2026-05-13T20:48:30,35.648818,-83.353825,27.0
4713,TRK-1092,2026-05-13T20:50:52,32.952138,-76.37427,76.7
4714,TRK-1018,2026-05-13T21:07:52,35.774615,-83.016135,71.1
4715,TRK-1025,2026-05-13T21:41:53,34.560508,-82.833687,37.2
4716,TRK-1019,2026-05-13T21:52:14,36.903505,-80.749945,59.0
4717,TRK-1087,2026-05-13T22:05:22,32.637604,-81.563058,42.1
4718,TRK-1028,2026-05-13T22:15:30,36.251245,-82.150374,42.9
4719,TRK-1065,2026-05-13T22:46:48,33.079207,-82.303403,41.0
4720,TRK-1081,2026-05-13T22:52:56,35.413505,-78.02383,43.5
4721,TRK-1092,2026-05-13T23:05:10,35.267363,-78.095732,76.5
4722,TRK-1044,2026-05-13T23:35:28,33.755113,-77.93503,67.6
4723,TRK-1071,2026-05-14T00:00:24,35.803576,-84.154281,45.6
4724,TRK-1017,2026-05-14T00:08:50,34.58929,-79.658825,46.7
4725,TRK-1091,2026-05-14T00:22:37,36.45614,-81.492274,28.8
4726,TRK-1034,2026-05-14T00:52:31,36.800118,-78.070816,41.7
4727,TRK-1052,2026-05-14T00:52:42,35.104029,-80.664086,36.6
4728,TRK-1073,2026-05-14T01:00:17,35.24572,-75.710613,61.7
4729,TRK-1045,2026-05-14T01:51:20,35.33182,-79.295602,61.9
4730,TRK-1040,2026-05-14T01:56:41,34.407769,-78.568842,55.6
4731,TRK-1051,2026-05-14T01:58:29,33.574225,-79.677605,43.3
4732,TRK-1022,2026-05-14T02:02:12,34.193385,-76.415744,48.9
4733,TRK-1036,2026-05-14T02:24:34,32.447295,-79.003262,48.5
4734,TRK-1011,2026-05-14T02:27:14,34.006071,-80.097957,27.8
4735,TRK-1055,2026-05-14T02:54:42,36.645625,-78.412175,49.0
4736,TRK-1087,2026-05-14T02:59:13,32.940793,-80.703064,62.6
4737,TRK-1044,2026-05-14T03:10:49,33.835988,-75.082493,14.0
4738,TRK-1042,2026-05-14T03:20:17,32.128119,-78.455113,68.6
4739,TRK-1079,2026-05-14T03:21:40,32.277967,-76.943178,61.2
4740,TRK-1069,2026-05-14T03:24:42,34.438622,-76.692084,28.7
4741,TRK-1050,2026-05-14T03:24:42,32.934495,-75.360089,54.4
4742,TRK-1087,2026-05-14T03:29:04,35.61737,-83.971934,22.8
4743,TRK-1060,2026-05-14T03:42:24,32.646825,-81.47744,73.8
4744,TRK-1012,2026-05-14T03:52:52,35.948491,-80.518023,21.8
4745,TRK-1078,2026-05-14T03:53:48,36.508284,-75.788523,45.3
4746,TRK-1009,2026-05-14T03:54:41,33.935318,-82.176436,34.3
4747,TRK-1037,2026-05-14T03:59:08,33.177593,-80.020806,36.9
4748,TRK-1001,2026-05-14T03:59:41,35.540375,-77.863805,26.5
4749,TRK-1065,2026-05-14T04:26:32,33.154949,-77.703158,66.2
4750,TRK-1092,2026-05-14T04:33:01,32.080885,-79.816831,76.4
4751,TRK-1079,2026-05-14T04:53:08,33.090213,-82.699677,61.7
4752,TRK-1046,2026-05-14T04:56:21,33.275877,-76.832486,28.6
4753,TRK-1069,2026-05-14T04:57:10,34.188538,-80.588162,32.2
4754,TRK-1024,2026-05-14T04:59:47,32.85002,-77.608319,22.9
4755,TRK-1094,2026-05-14T05:02:48,32.824453,-79.704797,54.1
4756,TRK-1075,2026-05-14T05:31:05,36.657909,-82.176417,69.9
4757,TRK-1046,2026-05-14T06:19:27,36.065733,-78.288093,60.8
4758,TRK-1095,2026-05-14T06:29:44,32.504509,-77.769096,45.9
4759,TRK-1090,2026-05-14T06:33:52,34.445482,-79.132833,40.5
4760,TRK-1095,2026-05-14T06:44:33,33.833504,-79.983714,29.7
4761,TRK-1032,2026-05-14T06:50:40,32.639783,-83.27942,29.8
4762,TRK-1024,2026-05-14T07:14:23,36.262562,-75.907294,49.4
4763,TRK-1096,2026-05-14T07:20:16,33.526025,-79.329081,53.6
4764,TRK-1075,2026-05-14T07:29:11,32.27262,-76.428074,39.6
4765,TRK-1043,2026-05-14T07:46:38,36.260216,-81.687382,66.8
4766,TRK-1053,2026-05-14T07:51:08,36.289515,-79.188415,44.8
4767,TRK-1080,2026-05-14T08:10:11,32.918311,-77.660944,34.5
4768,TRK-1001,2026-05-14T08:27:25,35.387923,-79.257109,30.9
4769,TRK-1042,2026-05-14T08:36:20,36.941917,-81.902702,33.6
4770,TRK-1017,2026-05-14T08:46:49,32.145278,-76.744785,62.8
4771,TRK-1081,2026-05-14T08:53:32,33.045373,-80.47838,31.5
4772,TRK-1025,2026-05-14T09:09:35,36.02356,-77.485569,64.3
4773,TRK-1040,2026-05-14T09:20:19,32.065659,-77.913091,24.9
4774,TRK-1002,2026-05-14T09:22:46,33.884813,-84.323663,59.8
4775,TRK-1093,2026-05-14T09:24:41,33.752271,-80.385618,39.1
4776,TRK-1029,2026-05-14T09:37:36,33.584977,-78.08948,62.1
4777,TRK-1054,2026-05-14T09:57:45,36.895902,-78.041438,63.7
4778,TRK-1063,2026-05-14T10:16:45,35.385089,-80.937878,75.4
4779,TRK-1057,2026-05-14T10:21:51,34.379237,-84.060009,37.7
4780,TRK-1098,2026-05-14T10:22:11,33.301541,-82.838074,62.1
4781,TRK-1050,2026-05-14T10:48:49,35.478467,-79.920953,37.5
4782,TRK-1061,2026-05-14T10:58:49,33.452942,-75.277483,52.0
4783,TRK-1026,2026-05-14T11:24:14,34.521564,-77.911852,58.8
4784,TRK-1014,2026-05-14T11:35:52,32.925292,-75.001486,44.3
4785,TRK-1056,2026-05-14T11:39:49,35.104914,-83.057411,49.4
4786,TRK-1004,2026-05-14T11:40:43,35.175841,-78.382864,58.1
4787,TRK-1040,2026-05-14T11:45:39,35.652615,-76.170197,52.7
4788,TRK-1035,2026-05-14T12:04:00,34.068136,-77.595071,61.7
4789,TRK-1008,2026-05-14T12:06:42,35.480594,-83.512639,55.1
4790,TRK-1078,2026-05-14T12:30:38,32.923713,-84.344058,22.4
4791,TRK-1063,2026-05-14T12:33:54,33.561319,-80.999204,21.5
4792,TRK-1094,2026-05-14T12:39:58,36.927925,-81.042453,50.1
4793,TRK-1034,2026-05-14T12:52:46,36.57033,-77.750085,29.9
4794,TRK-1014,2026-05-14T12:57:01,32.57266,-75.472406,66.8
4795,TRK-1054,2026-05-14T13:00:52,35.170753,-79.470504,65.2
4796,TRK-1044,2026-05-14T13:15:56,32.282176,-82.228475,54.1
4797,TRK-1031,2026-05-14T13:18:27,33.247434,-83.210037,53.2
4798,TRK-1034,2026-05-14T13:48:27,32.395156,-77.412881,38.8
4799,TRK-1014,2026-05-14T13:50:45,32.509182,-83.711598,39.6
4800,TRK-1047,2026-05-14T13:52:01,33.478371,-81.359657,31.3
4801,TRK-1052,2026-05-14T13:56:07,32.203947,-83.818403,32.5
4802,TRK-1006,2026-05-14T14:02:52,35.803429,-83.883875,68.1
4803,TRK-1067,2026-05-14T14:03:56,36.517341,-84.286993,45.6
4804,TRK-1060,2026-05-14T14:04:00,35.624394,-78.203984,70.3
4805,TRK-1036,2026-05-14T14:08:55,34.169874,-75.859686,8.8
4806,TRK-1004,2026-05-14T14:54:19,32.348103,-76.029977,49.4
4807,TRK-1085,2026-05-14T15:12:36,34.580469,-76.81446,24.8
4808,TRK-1034,2026-05-14T15:24:19,34.946418,-78.685969,24.1
4809,TRK-1069,2026-05-14T15:26:20,34.633785,-78.879888,41.3
4810,TRK-1091,2026-05-14T15:27:00,34.053425,-83.685035,44.5
4811,TRK-1034,2026-05-14T15:50:04,32.034761,-75.800873,5.5
4812,TRK-1025,2026-05-14T16:23:13,33.349129,-79.862683,17.1
4813,TRK-1073,2026-05-14T16:58:15,36.691749,-83.732736,19.3
4814,TRK-1093,2026-05-14T17:03:05,36.352366,-80.674482,28.6
4815,TRK-1085,2026-05-14T17:24:12,32.435103,-79.341832,55.3
4816,TRK-1079,2026-05-14T17:35:08,33.312247,-83.287327,28.0
4817,TRK-1009,2026-05-14T17:43:15,36.409777,-76.902858,45.1
4818,TRK-1032,2026-05-14T17:52:01,35.076115,-75.831937,63.6
4819,TRK-1001,2026-05-14T18:09:09,33.666143,-79.60824,44.6
4820,TRK-1084,2026-05-14T18:09:55,34.833384,-82.780641,31.0
4821,TRK-1074,2026-05-14T18:12:25,34.141758,-83.888144,35.9
4822,TRK-1099,2026-05-14T18:20:19,36.677661,-82.851455,48.6
4823,TRK-1039,2026-05-14T18:32:14,32.990951,-84.30656,45.3
4824,TRK-1033,2026-05-14T18:55:09,34.38803,-77.824558,41.0
4825,TRK-1085,2026-05-14T18:56:34,36.647613,-79.95244,47.0
4826,TRK-1015,2026-05-14T19:07:13,33.929678,-77.652131,45.7
4827,TRK-1027,2026-05-14T19:09:32,34.881344,-79.843834,69.6
4828,TRK-1067,2026-05-14T19:41:16,35.938139,-76.298722,37.2
4829,TRK-1057,2026-05-14T20:45:22,36.703908,-83.820723,41.6
4830,TRK-1062,2026-05-14T20:57:25,35.438749,-79.856584,16.2
4831,TRK-1041,2026-05-14T21:00:54,35.167829,-80.893816,52.7
4832,TRK-1063,2026-05-14T21:21:09,33.120225,-76.720717,46.7
4833,TRK-1098,2026-05-14T21:30:25,35.560615,-76.847614,77.1
4834,TRK-1061,2026-05-14T21:32:33,33.727581,-82.333383,45.2
4835,TRK-1023,2026-05-14T21:35:44,32.88834,-76.198622,40.6
4836,TRK-1065,2026-05-14T22:03:09,32.05935,-77.046072,47.8
4837,TRK-1010,2026-05-14T22:30:13,36.95908,-79.047921,67.2
4838,TRK-1078,2026-05-14T22:53:56,35.123187,-77.998174,32.5
4839,TRK-1069,2026-05-14T23:07:57,32.584138,-82.119576,41.1
4840,TRK-1055,2026-05-14T23:26:54,35.859933,-78.633157,63.9
4841,TRK-1044,2026-05-14T23:34:30,32.892466,-80.783796,69.1
4842,TRK-1016,2026-05-15T00:05:59,35.782233,-76.596411,96.0
4843,TRK-1031,2026-05-15T00:12:57,35.753557,-80.962106,51.4
4844,TRK-1042,2026-05-15T00:14:05,32.408711,-82.772438,70.3
4845,TRK-1077,2026-05-15T00:19:15,36.117312,-79.160773,65.9
4846,TRK-1044,2026-05-15T00:27:11,32.352291,-75.886756,50.9
4847,TRK-1047,2026-05-15T00:33:28,33.526556,-84.4797,48.6
4848,TRK-1056,2026-05-15T00:45:41,36.794039,-78.188851,61.3
4849,TRK-1096,2026-05-15T00:46:57,36.85245,-75.492306,52.3
4850,TRK-1075,2026-05-15T00:52:16,32.506595,-78.481821,37.3
4851,TRK-1083,2026-05-15T00:53:10,36.453372,-83.899758,44.1
4852,TRK-1003,2026-05-15T00:57:38,32.353093,-76.541263,67.0
4853,TRK-1014,2026-05-15T01:35:24,32.328682,-80.320398,15.2
4854,TRK-1015,2026-05-15T01:40:58,36.811521,-80.516369,66.3
4855,TRK-1046,2026-05-15T01:55:03,35.579086,-82.452183,50.2
4856,TRK-1018,2026-05-15T01:59:56,36.876063,-76.871111,44.0
4857,TRK-1020,2026-05-15T02:17:41,32.913774,-75.50474,45.9
4858,TRK-1065,2026-05-15T02:35:58,34.217973,-75.991395,30.0
4859,TRK-1096,2026-05-15T02:38:25,34.246292,-76.224443,37.2
4860,TRK-1031,2026-05-15T02:41:25,34.555128,-83.799298,32.5
4861,TRK-1093,2026-05-15T02:57:46,32.464976,-83.219579,53.6
4862,TRK-1029,2026-05-15T03:01:14,34.798219,-75.528499,20.8
4863,TRK-1006,2026-05-15T03:23:34,32.98635,-80.905682,50.9
4864,TRK-1050,2026-05-15T03:28:08,33.074226,-82.577389,42.3
4865,TRK-1094,2026-05-15T04:00:28,34.467706,-77.344645,17.4
4866,TRK-1072,2026-05-15T04:22:19,32.322385,-78.241256,29.0
4867,TRK-1001,2026-05-15T04:41:38,32.103378,-79.577361,15.1
4868,TRK-1088,2026-05-15T04:43:40,36.487899,-78.643692,30.9
4869,TRK-1006,2026-05-15T04:43:55,33.073346,-75.060345,33.1
4870,TRK-1066,2026-05-15T04:44:41,34.858888,-77.146182,63.4
4871,TRK-1025,2026-05-15T04:49:04,35.677754,-80.865931,42.3
4872,TRK-1049,2026-05-15T05:01:34,33.789442,-80.400614,59.1
4873,TRK-1008,2026-05-15T05:03:09,32.531883,-75.226593,37.3
4874,TRK-1075,2026-05-15T05:15:52,34.222499,-82.736567,61.0
4875,TRK-1031,2026-05-15T05:22:44,35.062539,-79.868364,28.4
4876,TRK-1075,2026-05-15T05:22:58,36.5749,-78.003615,49.5
4877,TRK-1060,2026-05-15T05:29:41,34.313075,-79.766494,37.3
4878,TRK-1001,2026-05-15T05:32:45,36.144505,-76.168506,42.9
4879,TRK-1090,2026-05-15T05:34:38,35.942898,-77.749594,23.1
4880,TRK-1020,2026-05-15T05:39:31,35.246184,-84.230816,51.7
4881,TRK-1095,2026-05-15T05:41:45,32.943097,-84.056843,40.0
4882,TRK-1053,2026-05-15T05:46:48,33.09325,-79.286932,51.2
4883,TRK-1009,2026-05-15T05:51:13,35.137532,-84.354327,45.5
4884,TRK-1000,2026-05-15T05:53:36,32.053723,-84.037038,28.3
4885,TRK-1035,2026-05-15T06:03:46,36.151794,-77.038068,28.7
4886,TRK-1089,2026-05-15T06:05:48,36.290448,-81.55734,12.4
4887,TRK-1092,2026-05-15T06:22:00,35.266915,-77.876462,39.0
4888,TRK-1057,2026-05-15T06:25:28,34.219737,-78.082358,45.3
4889,TRK-1052,2026-05-15T06:55:51,34.858844,-80.179158,21.2
4890,TRK-1086,2026-05-15T07:42:01,35.313237,-75.165954,33.0
4891,TRK-1052,2026-05-15T07:42:04,33.28768,-75.954497,37.7
4892,TRK-1039,2026-05-15T07:46:39,32.432422,-77.614793,42.1
4893,TRK-1000,2026-05-15T07:49:31,36.993051,-78.694557,32.5
4894,TRK-1007,2026-05-15T07:53:41,33.329271,-76.105176,36.8
4895,TRK-1052,2026-05-15T08:43:04,35.862595,-75.823733,63.7
4896,TRK-1075,2026-05-15T09:12:41,34.822086,-80.093811,44.8
4897,TRK-1077,2026-05-15T09:28:44,32.499697,-83.111934,27.9
4898,TRK-1078,2026-05-15T09:32:56,32.025326,-76.962095,25.3
4899,TRK-1040,2026-05-15T09:35:21,35.242174,-79.095956,51.4
4900,TRK-1041,2026-05-15T09:38:07,36.299728,-78.30098,11.4
4901,TRK-1094,2026-05-15T10:00:23,36.74468,-75.080987,69.5
4902,TRK-1078,2026-05-15T10:09:17,35.355028,-83.287527,46.3
4903,TRK-1086,2026-05-15T10:10:04,35.89585,-80.115869,32.2
4904,TRK-1059,2026-05-15T10:58:40,35.467842,-82.457992,58.6
4905,TRK-1034,2026-05-15T11:03:55,36.031067,-76.493393,40.0
4906,TRK-1022,2026-05-15T11:05:39,33.576307,-77.864869,49.1
4907,TRK-1085,2026-05-15T11:11:07,35.293772,-79.909774,30.7
4908,TRK-1070,2026-05-15T11:18:42,34.460107,-76.264955,23.5
4909,TRK-1031,2026-05-15T11:46:13,34.87824,-79.372882,37.0
4910,TRK-1047,2026-05-15T11:50:04,35.831996,-80.317297,45.7
4911,TRK-1075,2026-05-15T11:50:51,33.68214,-78.835233,32.7
4912,TRK-1036,2026-05-15T11:58:42,35.885609,-82.14164,35.6
4913,TRK-1015,2026-05-15T12:07:53,34.278834,-77.888418,51.9
4914,TRK-1066,2026-05-15T12:36:31,35.909385,-76.804116,50.8
4915,TRK-1028,2026-05-15T12:47:35,35.235024,-79.586908,24.5
4916,TRK-1059,2026-05-15T13:00:11,35.544938,-84.159227,47.8
4917,TRK-1097,2026-05-15T13:07:54,35.683777,-78.249372,42.2
4918,TRK-1071,2026-05-15T13:16:10,32.772995,-75.437945,69.3
4919,TRK-1090,2026-05-15T13:22:25,33.649013,-80.638018,40.1
4920,TRK-1039,2026-05-15T13:32:07,34.464542,-77.000171,34.6
4921,TRK-1001,2026-05-15T13:46:14,35.777475,-76.762184,64.1
4922,TRK-1039,2026-05-15T14:16:59,35.891882,-78.900173,60.3
4923,TRK-1010,2026-05-15T14:26:19,34.529859,-76.266598,44.6
4924,TRK-1018,2026-05-15T15:10:23,33.601465,-79.045107,45.9
4925,TRK-1008,2026-05-15T15:33:40,33.21586,-75.239009,54.4
4926,TRK-1036,2026-05-15T15:34:56,34.582068,-81.938292,79.5
4927,TRK-1071,2026-05-15T15:36:01,36.496334,-79.349001,17.2
4928,TRK-1064,2026-05-15T15:37:03,35.769203,-80.207754,58.5
4929,TRK-1034,2026-05-15T15:58:48,33.743725,-75.238274,53.0
4930,TRK-1030,2026-05-15T16:00:50,35.02195,-79.721396,69.0
4931,TRK-1078,2026-05-15T16:15:10,36.946395,-80.875277,33.6
4932,TRK-1063,2026-05-15T16:17:33,36.19878,-78.997193,53.6
4933,TRK-1018,2026-05-15T16:22:02,34.396309,-75.905918,47.1
4934,TRK-1063,2026-05-15T16:25:29,34.021736,-79.818416,78.8
4935,TRK-1033,2026-05-15T16:58:52,35.84425,-75.678826,30.8
4936,TRK-1027,2026-05-15T17:11:35,32.721625,-79.762475,54.8
4937,TRK-1023,2026-05-15T17:16:49,32.248629,-83.42621,60.4
4938,TRK-1057,2026-05-15T17:19:14,36.777987,-80.965143,28.3
4939,TRK-1021,2026-05-15T17:34:59,33.400159,-75.165336,53.2
4940,TRK-1043,2026-05-15T17:35:43,32.361345,-77.378625,53.4
4941,TRK-1064,2026-05-15T17:55:41,35.869694,-83.629769,46.7
4942,TRK-1098,2026-05-15T18:31:10,34.473303,-75.399938,36.5
4943,TRK-1017,2026-05-15T18:46:30,35.360646,-76.377142,51.6
4944,TRK-1084,2026-05-15T18:48:20,35.762417,-79.286542,58.1
4945,TRK-1056,2026-05-15T18:54:26,34.278465,-82.746372,44.6
4946,TRK-1073,2026-05-15T19:07:52,32.103801,-78.518607,36.1
4947,TRK-1053,2026-05-15T19:50:46,34.008141,-78.973601,30.5
4948,TRK-1041,2026-05-15T19:52:56,35.347668,-79.357503,46.1
4949,TRK-1085,2026-05-15T20:09:40,33.633355,-83.4962,71.5
4950,TRK-1059,2026-05-15T20:23:33,36.960202,-79.70658,55.2
4951,TRK-1069,2026-05-15T20:25:05,35.963842,-84.019073,26.6
4952,TRK-1023,2026-05-15T20:29:13,34.240124,-80.889589,38.7
4953,TRK-1023,2026-05-15T20:46:48,36.80988,-80.326318,41.1
4954,TRK-1074,2026-05-15T21:09:21,32.134852,-83.882142,38.5
4955,TRK-1089,2026-05-15T21:17:46,33.930095,-82.030358,43.9
4956,TRK-1065,2026-05-15T21:26:47,32.96422,-78.782868,31.4
4957,TRK-1038,2026-05-15T21:36:17,34.895471,-77.255877,69.6
4958,TRK-1063,2026-05-15T21:48:42,35.401946,-83.312451,33.0
4959,TRK-1078,2026-05-15T21:59:04,36.196917,-78.571538,0.0
4960,TRK-1054,2026-05-15T22:09:28,34.846697,-81.266753,27.7
4961,TRK-1026,2026-05-15T22:10:30,34.068264,-83.364042,61.6
4962,TRK-1096,2026-05-15T22:17:47,35.302913,-83.289234,62.9
4963,TRK-1037,2026-05-15T22:32:28,32.000301,-80.344634,71.8
4964,TRK-1091,2026-05-15T22:53:54,32.011258,-75.736744,83.0
4965,TRK-1042,2026-05-15T23:00:51,35.028193,-75.961963,55.5
4966,TRK-1018,2026-05-15T23:05:16,36.335486,-77.941596,49.1
4967,TRK-1096,2026-05-15T23:07:09,35.764025,-75.155351,42.3
4968,TRK-1024,2026-05-15T23:23:59,33.291375,-77.303138,50.2
4969,TRK-1096,2026-05-15T23:37:10,36.891187,-81.253874,34.2
4970,TRK-1086,2026-05-15T23:47:55,34.79098,-77.556038,69.1
4971,TRK-1016,2026-05-15T23:59:07,34.86703,-75.236139,23.1
4972,TRK-1051,2026-05-16T00:04:54,33.615043,-75.742433,0.0
4973,TRK-1073,2026-05-16T00:23:40,35.588647,-77.989262,31.1
4974,TRK-1096,2026-05-16T01:08:19,35.991897,-76.601882,69.3
4975,TRK-1052,2026-05-16T01:21:48,36.848169,-76.889937,62.3
4976,TRK-1073,2026-05-16T01:28:19,36.794828,-79.785669,59.8
4977,TRK-1067,2026-05-16T01:33:31,33.153583,-75.742791,39.9
4978,TRK-1056,2026-05-16T01:34:12,35.801954,-79.974204,49.2
4979,TRK-1067,2026-05-16T02:30:00,34.499065,-79.887535,66.9
4980,TRK-1052,2026-05-16T02:52:08,35.533794,-79.811369,67.0
4981,TRK-1084,2026-05-16T03:19:20,36.979802,-77.699333,37.0
4982,TRK-1054,2026-05-16T03:22:48,32.516362,-81.481197,45.6
4983,TRK-1007,2026-05-16T03:27:07,36.854097,-82.776387,38.7
4984,TRK-1015,2026-05-16T03:33:07,35.493554,-78.256145,46.4
4985,TRK-1076,2026-05-16T04:04:56,32.199178,-76.205983,34.5
4986,TRK-1042,2026-05-16T04:09:25,33.910081,-82.498432,68.6
4987,TRK-1094,2026-05-16T04:16:31,35.309762,-81.155171,73.2
4988,TRK-1072,2026-05-16T04:31:40,36.032626,-78.925109,34.7
4989,TRK-1029,2026-05-16T04:45:31,34.71314,-78.409839,25.8
4990,TRK-1070,2026-05-16T05:05:26,32.06856,-82.450835,52.3
4991,TRK-1070,2026-05-16T05:10:02,34.950182,-76.312174,21.3
4992,TRK-1004,2026-05-16T05:20:23,36.706614,-82.190751,42.4
4993,TRK-1092,2026-05-16T05:34:53,36.338016,-79.638789,70.7
4994,TRK-1093,2026-05-16T05:39:46,35.627266,-84.138428,69.1
4995,TRK-1000,2026-05-16T05:48:53,36.032825,-77.159192,32.4
4996,TRK-1016,2026-05-16T05:56:03,36.93029,-82.573799,54.6
4997,TRK-1026,2026-05-16T06:16:25,35.51419,-81.979164,27.8
4998,TRK-1060,2026-05-16T06:58:57,35.52791,-81.647245,49.3
4999,TRK-1059,2026-05-16T07:14:42,35.697734,-75.984628,18.4
5000,TRK-1022,2026-05-16T07:17:56,36.385228,-82.463758,34.6
5001,TRK-1024,2026-05-16T07:38:42,34.937286,-80.203764,30.2
5002,TRK-1047,2026-05-16T07:40:39,33.019885,-77.429158,41.4
5003,TRK-1007,2026-05-16T07:56:16,34.766545,-83.33367,25.6
5004,TRK-1011,2026-05-16T08:06:32,32.848453,-83.14645,31.4
5005,TRK-1063,2026-05-16T08:16:56,34.156283,-83.402934,35.3
5006,TRK-1008,2026-05-16T08:22:36,36.577111,-77.247245,40.2
5007,TRK-1031,2026-05-16T08:24:35,36.317434,-80.000966,14.7
5008,TRK-1003,2026-05-16T08:26:30,33.114463,-83.229598,19.5
5009,TRK-1049,2026-05-16T08:38:27,35.320028,-77.730843,31.9
5010,TRK-1022,2026-05-16T09:03:47,35.101325,-78.506843,52.4
5011,TRK-1075,2026-05-16T09:39:01,34.221893,-82.483576,41.3
5012,TRK-1010,2026-05-16T10:05:42,33.845586,-80.935873,33.1
5013,TRK-1025,2026-05-16T10:28:16,36.049509,-79.375815,75.4
5014,TRK-1023,2026-05-16T10:43:31,33.373243,-83.338039,69.7
5015,TRK-1068,2026-05-16T11:23:43,34.729916,-76.975094,45.5
5016,TRK-1072,2026-05-16T11:24:50,35.050082,-81.013329,0.0
5017,TRK-1072,2026-05-16T11:53:51,34.628974,-80.398129,51.1
5018,TRK-1019,2026-05-16T12:04:30,35.910822,-77.905834,35.2
5019,TRK-1047,2026-05-16T12:13:41,32.710592,-81.356202,47.3
5020,TRK-1079,2026-05-16T12:33:45,32.37068,-78.307301,44.1
5021,TRK-1066,2026-05-16T12:48:11,36.994115,-77.901944,53.9
5022,TRK-1061,2026-05-16T12:48:27,32.019015,-75.717863,34.3
5023,TRK-1034,2026-05-16T12:56:55,35.222526,-79.919624,29.2
5024,TRK-1099,2026-05-16T13:18:18,35.626364,-81.837973,57.8
5025,TRK-1064,2026-05-16T13:35:43,35.450455,-75.606745,55.3
5026,TRK-1068,2026-05-16T13:47:56,36.015358,-78.772227,74.8
5027,TRK-1039,2026-05-16T13:48:06,33.696616,-75.339933,29.8
5028,TRK-1016,2026-05-16T14:08:26,35.935799,-77.006338,29.6
5029,TRK-1032,2026-05-16T14:08:37,34.542285,-82.175062,75.4
5030,TRK-1028,2026-05-16T14:36:15,33.971662,-80.260806,49.0
5031,TRK-1031,2026-05-16T14:42:53,32.496602,-80.132378,29.2
5032,TRK-1067,2026-05-16T14:52:16,34.460189,-81.275383,28.8
5033,TRK-1089,2026-05-16T14:57:54,36.259552,-81.566392,68.2
5034,TRK-1049,2026-05-16T15:07:17,34.902241,-78.323489,49.0
5035,TRK-1014,2026-05-16T15:31:21,35.554747,-84.278837,52.0
5036,TRK-1027,2026-05-16T15:31:21,34.281461,-80.89327,48.0
5037,TRK-1039,2026-05-16T15:40:46,36.295428,-84.011065,28.6
5038,TRK-1062,2026-05-16T16:15:12,36.360016,-80.142559,70.0
5039,TRK-1014,2026-05-16T16:24:25,35.222767,-80.119209,0.0
5040,TRK-1087,2026-05-16T16:48:33,35.728119,-79.645736,59.0
5041,TRK-1019,2026-05-16T16:57:13,36.610741,-81.997555,41.2
5042,TRK-1031,2026-05-16T17:03:51,36.51529,-77.235855,37.0
5043,TRK-1014,2026-05-16T17:10:32,32.573379,-77.497383,23.1
5044,TRK-1024,2026-05-16T17:14:06,34.500254,-84.214087,29.2
5045,TRK-1052,2026-05-16T17:38:07,36.360878,-84.0491,89.0
5046,TRK-1050,2026-05-16T17:46:58,33.178491,-82.812186,63.2
5047,TRK-1057,2026-05-16T17:51:51,33.49665,-79.861167,14.8
5048,TRK-1071,2026-05-16T18:09:45,34.272171,-83.758652,59.3
5049,TRK-1081,2026-05-16T18:27:44,35.256341,-82.401215,39.7
5050,TRK-1054,2026-05-16T18:29:19,36.478429,-79.349756,23.4
5051,TRK-1096,2026-05-16T18:56:14,33.50044,-82.679369,67.4
5052,TRK-1063,2026-05-16T19:00:02,32.041681,-81.111959,16.7
5053,TRK-1098,2026-05-16T19:14:09,34.38819,-80.35336,69.5
5054,TRK-1086,2026-05-16T19:14:52,36.967356,-77.638143,56.7
5055,TRK-1086,2026-05-16T19:28:52,35.622435,-83.945755,63.4
5056,TRK-1015,2026-05-16T19:33:11,33.550741,-76.262171,68.1
5057,TRK-1019,2026-05-16T19:37:50,33.97735,-76.970871,42.6
5058,TRK-1035,2026-05-16T19:48:39,36.964251,-77.687363,52.6
5059,TRK-1011,2026-05-16T20:08:47,35.531517,-76.754782,50.6
5060,TRK-1082,2026-05-16T20:19:06,36.818412,-77.960865,66.4
5061,TRK-1058,2026-05-16T20:23:39,32.901772,-83.395834,54.3
5062,TRK-1061,2026-05-16T20:56:28,35.456874,-78.946907,43.1
5063,TRK-1064,2026-05-16T21:00:10,33.943835,-78.552804,26.4
5064,TRK-1072,2026-05-16T21:10:58,35.058348,-80.613643,57.2
5065,TRK-1093,2026-05-16T21:13:35,33.698783,-79.99364,28.6
5066,TRK-1035,2026-05-16T21:17:45,32.208401,-82.438089,10.9
5067,TRK-1053,2026-05-16T21:31:23,32.26438,-82.625194,42.2
5068,TRK-1071,2026-05-16T21:33:49,32.333683,-76.317361,27.2
5069,TRK-1093,2026-05-16T21:39:00,35.468087,-76.333603,92.3
5070,TRK-1046,2026-05-16T21:46:53,35.084689,-79.056974,33.2
5071,TRK-1050,2026-05-16T21:48:58,35.069025,-82.555431,14.3
5072,TRK-1037,2026-05-16T22:37:53,34.204773,-84.058174,61.4
5073,TRK-1053,2026-05-16T23:11:26,36.090593,-77.797179,26.0
5074,TRK-1081,2026-05-16T23:15:03,36.532255,-78.230824,72.3
5075,TRK-1044,2026-05-16T23:28:33,33.333001,-81.281935,61.1
5076,TRK-1011,2026-05-16T23:34:22,36.513437,-80.246478,45.5
5077,TRK-1059,2026-05-16T23:36:18,32.725009,-82.245827,38.2
5078,TRK-1084,2026-05-17T00:08:56,32.428048,-83.542969,19.8
5079,TRK-1045,2026-05-17T00:42:51,32.161244,-80.475435,43.5
5080,TRK-1070,2026-05-17T00:51:47,33.109466,-75.574896,3.2
5081,TRK-1002,2026-05-17T00:56:23,34.040256,-77.363438,32.1
5082,TRK-1055,2026-05-17T00:58:13,35.446179,-80.906976,32.8
5083,TRK-1035,2026-05-17T01:06:38,33.72525,-75.952112,20.8
5084,TRK-1005,2026-05-17T01:49:17,33.820693,-82.958,37.2
5085,TRK-1001,2026-05-17T01:58:32,35.801175,-76.375408,25.3
5086,TRK-1004,2026-05-17T02:24:22,33.129743,-79.092546,36.5
5087,TRK-1007,2026-05-17T02:34:42,34.827774,-78.497141,54.6
5088,TRK-1008,2026-05-17T02:36:10,34.437433,-80.795491,38.8
5089,TRK-1040,2026-05-17T02:38:56,36.374215,-78.452682,56.1
5090,TRK-1077,2026-05-17T02:48:18,34.984703,-76.704305,57.1
5091,TRK-1082,2026-05-17T02:59:47,35.869133,-79.466393,59.1
5092,TRK-1092,2026-05-17T03:14:46,35.862474,-76.572606,17.8
5093,TRK-1003,2026-05-17T03:19:50,32.909472,-77.85206,29.0
5094,TRK-1042,2026-05-17T03:21:20,34.93984,-81.891447,32.7
5095,TRK-1078,2026-05-17T03:23:29,36.278325,-79.26521,30.6
5096,TRK-1013,2026-05-17T03:40:03,35.846377,-76.297928,59.5
5097,TRK-1027,2026-05-17T03:48:36,34.387674,-80.708542,56.2
5098,TRK-1008,2026-05-17T03:52:35,35.343084,-75.428566,32.6
5099,TRK-1051,2026-05-17T03:53:12,35.204137,-82.341942,33.0
5100,TRK-1083,2026-05-17T04:05:16,35.226725,-80.069316,37.2
5101,TRK-1014,2026-05-17T04:08:57,32.887828,-80.942402,32.2
5102,TRK-1059,2026-05-17T04:18:23,32.429949,-80.856872,68.3
5103,TRK-1032,2026-05-17T04:34:49,36.338374,-79.912819,20.8
5104,TRK-1056,2026-05-17T04:51:24,34.53522,-82.861181,58.4
5105,TRK-1010,2026-05-17T05:08:37,36.945448,-81.799863,101.2
5106,TRK-1067,2026-05-17T05:11:56,34.956035,-79.977352,66.5
5107,TRK-1070,2026-05-17T05:27:44,32.770516,-78.633206,52.3
5108,TRK-1065,2026-05-17T05:29:33,35.235687,-82.048054,50.0
5109,TRK-1076,2026-05-17T05:42:04,36.0448,-78.783226,44.8
5110,TRK-1032,2026-05-17T06:04:11,33.301689,-75.356042,54.2
5111,TRK-1048,2026-05-17T06:22:20,35.491163,-82.172238,80.3
5112,TRK-1030,2026-05-17T06:41:05,36.128284,-81.564297,54.2
5113,TRK-1073,2026-05-17T06:50:22,35.06293,-77.339117,49.8
5114,TRK-1031,2026-05-17T06:52:08,34.656133,-81.671797,68.2
5115,TRK-1002,2026-05-17T07:21:14,33.633259,-84.407784,73.9
5116,TRK-1012,2026-05-17T07:39:26,35.633535,-80.40448,74.3
5117,TRK-1074,2026-05-17T08:08:49,34.691825,-76.437568,24.3
5118,TRK-1089,2026-05-17T08:25:31,34.017803,-77.856986,34.9
5119,TRK-1008,2026-05-17T08:27:22,34.445832,-75.162427,38.2
5120,TRK-1004,2026-05-17T08:34:06,34.192979,-84.04966,22.2
5121,TRK-1010,2026-05-17T08:44:33,32.330633,-77.228601,45.5
5122,TRK-1005,2026-05-17T08:53:29,35.725661,-81.329709,42.5
5123,TRK-1088,2026-05-17T09:17:32,35.655742,-75.38628,52.6
5124,TRK-1009,2026-05-17T09:31:28,36.538222,-79.449667,31.3
5125,TRK-1045,2026-05-17T09:35:25,36.682306,-76.591761,71.9
5126,TRK-1005,2026-05-17T09:35:51,35.087493,-76.904605,40.5
5127,TRK-1072,2026-05-17T09:57:28,34.257373,-79.304757,81.5
5128,TRK-1061,2026-05-17T10:28:35,35.18164,-79.69914,59.2
5129,TRK-1008,2026-05-17T10:36:41,36.561987,-77.173824,68.1
5130,TRK-1058,2026-05-17T10:38:57,34.73287,-81.440668,34.1
5131,TRK-1069,2026-05-17T10:52:54,35.413111,-81.733941,64.4
5132,TRK-1090,2026-05-17T10:59:02,36.601597,-84.498892,71.2
5133,TRK-1004,2026-05-17T11:07:41,35.326102,-76.1234,28.9
5134,TRK-1002,2026-05-17T11:08:01,33.989,-75.070304,72.2
5135,TRK-1052,2026-05-17T11:13:25,34.757082,-76.830039,42.7
5136,TRK-1021,2026-05-17T11:43:58,34.48753,-80.971324,47.4
5137,TRK-1059,2026-05-17T12:04:20,35.705425,-81.821083,38.4
5138,TRK-1077,2026-05-17T12:13:03,32.16149,-75.858813,13.1
5139,TRK-1087,2026-05-17T12:28:24,35.913689,-80.774725,51.3
5140,TRK-1064,2026-05-17T12:37:53,33.800562,-75.281348,14.4
5141,TRK-1022,2026-05-17T12:45:26,32.56149,-78.98953,22.8
5142,TRK-1062,2026-05-17T12:49:26,33.911058,-77.885456,2.0
5143,TRK-1037,2026-05-17T13:11:47,33.62933,-79.565626,17.6
5144,TRK-1089,2026-05-17T13:18:51,34.545691,-82.296895,58.0
5145,TRK-1024,2026-05-17T13:46:28,35.058882,-83.660874,30.2
5146,TRK-1013,2026-05-17T13:57:10,33.863912,-82.403772,61.6
5147,TRK-1038,2026-05-17T13:59:53,35.080388,-79.73525,50.7
5148,TRK-1006,2026-05-17T14:08:13,34.531554,-80.242391,33.4
5149,TRK-1026,2026-05-17T14:23:30,33.157063,-84.248371,58.9
5150,TRK-1095,2026-05-17T14:23:36,35.972742,-75.223802,64.3
5151,TRK-1051,2026-05-17T14:29:36,34.637249,-82.181848,45.0
5152,TRK-1095,2026-05-17T14:44:57,36.959607,-78.113466,37.5
5153,TRK-1058,2026-05-17T14:56:01,36.58647,-83.113721,63.8
5154,TRK-1077,2026-05-17T15:04:04,32.554617,-82.382926,42.7
5155,TRK-1032,2026-05-17T15:14:55,36.381224,-78.02686,13.7
5156,TRK-1090,2026-05-17T15:24:19,36.396445,-77.910625,57.1
5157,TRK-1093,2026-05-17T15:38:36,36.250237,-80.355825,73.2
5158,TRK-1097,2026-05-17T15:49:26,36.047325,-77.770122,28.7
5159,TRK-1056,2026-05-17T16:07:38,32.589892,-81.772244,59.4
5160,TRK-1044,2026-05-17T16:32:42,36.89852,-80.271294,32.0
5161,TRK-1037,2026-05-17T16:33:37,33.302689,-77.603581,43.9
5162,TRK-1089,2026-05-17T16:47:22,34.775612,-84.242899,37.5
5163,TRK-1041,2026-05-17T17:14:09,33.762049,-76.326878,50.9
5164,TRK-1073,2026-05-17T17:18:56,35.230193,-84.311669,17.2
5165,TRK-1047,2026-05-17T17:27:03,34.659337,-79.207751,52.7
5166,TRK-1045,2026-05-17T17:41:43,34.486279,-79.138644,47.5
5167,TRK-1097,2026-05-17T17:55:42,34.193581,-81.617847,17.6
5168,TRK-1087,2026-05-17T17:58:21,32.88307,-82.626872,29.9
5169,TRK-1027,2026-05-17T18:00:24,35.527072,-77.962428,47.8
5170,TRK-1040,2026-05-17T18:03:24,35.563529,-75.184639,40.6
5171,TRK-1053,2026-05-17T18:24:22,34.2645,-82.511799,25.0
5172,TRK-1021,2026-05-17T18:26:04,34.269815,-75.549196,47.5
5173,TRK-1071,2026-05-17T18:29:29,33.222206,-79.811141,35.8
5174,TRK-1037,2026-05-17T18:39:37,34.212774,-82.066713,43.1
5175,TRK-1091,2026-05-17T18:57:36,33.569234,-82.142413,17.7
5176,TRK-1006,2026-05-17T19:17:42,36.757193,-84.042115,56.7
5177,TRK-1029,2026-05-17T19:21:51,32.050621,-80.345961,19.5
5178,TRK-1017,2026-05-17T19:29:25,34.470402,-81.697004,41.2
5179,TRK-1078,2026-05-17T19:43:19,35.025703,-81.905779,47.6
5180,TRK-1002,2026-05-17T19:48:26,36.201799,-78.179258,25.1
5181,TRK-1079,2026-05-17T20:02:16,33.976052,-76.00492,44.8
5182,TRK-1004,2026-05-17T20:03:54,34.208449,-79.322627,32.7
5183,TRK-1001,2026-05-17T20:29:00,33.020347,-80.014226,29.4
5184,TRK-1021,2026-05-17T20:29:22,34.664004,-82.930501,57.6
5185,TRK-1023,2026-05-17T20:33:55,32.132833,-83.698317,63.7
5186,TRK-1026,2026-05-17T20:45:18,33.582083,-81.635915,57.9
5187,TRK-1031,2026-05-17T21:05:47,32.622523,-77.20764,50.6
5188,TRK-1071,2026-05-17T21:32:59,32.33071,-77.369509,45.1
5189,TRK-1042,2026-05-17T21:51:01,36.596337,-77.288084,35.3
5190,TRK-1072,2026-05-17T21:59:48,35.55786,-78.708652,56.1
5191,TRK-1065,2026-05-17T22:05:19,36.221083,-81.548663,30.1
5192,TRK-1021,2026-05-17T22:22:48,32.597103,-80.185245,72.1
5193,TRK-1056,2026-05-17T22:23:21,33.01902,-81.826414,58.1
5194,TRK-1009,2026-05-17T22:40:11,32.168996,-79.494745,32.9
5195,TRK-1009,2026-05-17T22:53:49,35.189182,-82.50373,48.2
5196,TRK-1038,2026-05-17T23:04:04,34.346068,-80.526189,18.3
5197,TRK-1043,2026-05-17T23:14:13,33.063498,-78.576942,22.8
5198,TRK-1075,2026-05-17T23:45:07,35.204219,-78.092044,49.8
5199,TRK-1062,2026-05-18T00:37:06,33.724759,-75.326941,46.2
5200,TRK-1043,2026-05-18T00:53:42,34.417787,-77.753333,55.8
5201,TRK-1001,2026-05-18T00:59:23,34.901923,-77.934179,54.8
5202,TRK-1001,2026-05-18T01:10:48,35.920161,-83.332384,44.6
5203,TRK-1056,2026-05-18T01:26:14,33.742338,-82.467368,36.5
5204,TRK-1061,2026-05-18T01:30:43,34.755536,-79.545655,25.8
5205,TRK-1054,2026-05-18T01:33:27,32.568253,-75.808021,26.6
5206,TRK-1016,2026-05-18T01:40:37,36.261362,-83.511002,69.0
5207,TRK-1066,2026-05-18T01:50:54,34.935188,-79.646607,46.2
5208,TRK-1043,2026-05-18T01:53:08,35.817957,-76.684397,46.9
5209,TRK-1049,2026-05-18T01:55:24,36.486885,-82.025649,23.2
5210,TRK-1072,2026-05-18T01:56:19,35.959401,-76.236885,42.2
5211,TRK-1084,2026-05-18T01:57:45,35.780791,-81.450433,47.7
5212,TRK-1031,2026-05-18T02:01:10,36.614932,-81.027183,44.2
5213,TRK-1081,2026-05-18T02:13:27,33.015254,-81.354487,40.6
5214,TRK-1044,2026-05-18T02:44:07,35.225899,-83.040047,51.7
5215,TRK-1086,2026-05-18T03:03:30,35.059393,-83.481847,36.0
5216,TRK-1074,2026-05-18T03:13:55,34.741341,-83.270174,49.6
5217,TRK-1038,2026-05-18T03:18:01,36.554853,-81.154331,41.5
5218,TRK-1050,2026-05-18T03:47:03,36.253502,-76.545572,69.5
5219,TRK-1089,2026-05-18T04:13:27,36.918334,-76.008591,46.6
5220,TRK-1006,2026-05-18T04:19:18,35.100083,-77.817875,80.9
5221,TRK-1017,2026-05-18T04:20:32,32.483333,-80.266233,49.1
5222,TRK-1030,2026-05-18T04:28:54,32.141333,-75.021247,77.9
5223,TRK-1017,2026-05-18T04:48:40,34.406843,-80.140231,59.7
5224,TRK-1042,2026-05-18T04:57:24,36.710096,-83.227392,0.6
5225,TRK-1073,2026-05-18T05:35:58,32.911012,-75.412795,39.5
5226,TRK-1074,2026-05-18T05:38:12,36.070467,-75.918151,32.0
5227,TRK-1076,2026-05-18T05:48:48,34.775501,-81.901508,71.0
5228,TRK-1009,2026-05-18T05:59:15,35.973712,-79.117102,53.9
5229,TRK-1068,2026-05-18T06:13:35,36.522618,-80.990292,7.4
5230,TRK-1016,2026-05-18T06:22:03,33.864863,-80.268857,53.6
5231,TRK-1053,2026-05-18T06:23:21,32.525698,-75.428955,65.9
5232,TRK-1014,2026-05-18T06:37:16,34.419056,-83.772288,32.2
5233,TRK-1020,2026-05-18T06:38:02,35.042743,-82.727395,59.3
5234,TRK-1066,2026-05-18T07:23:27,34.744527,-83.048103,36.7
5235,TRK-1088,2026-05-18T07:33:59,35.006104,-83.352914,36.2
5236,TRK-1013,2026-05-18T07:44:36,34.108663,-77.417499,45.9
5237,TRK-1079,2026-05-18T07:52:53,34.577637,-79.978151,34.9
5238,TRK-1011,2026-05-18T07:55:32,35.87044,-82.42953,19.5
5239,TRK-1016,2026-05-18T08:02:45,32.033569,-81.36574,55.2
5240,TRK-1067,2026-05-18T08:10:45,34.01239,-79.045095,27.0
5241,TRK-1050,2026-05-18T08:16:28,36.298117,-78.864871,51.3
5242,TRK-1053,2026-05-18T08:27:51,32.281324,-77.338636,14.5
5243,TRK-1026,2026-05-18T08:34:30,33.09067,-83.59311,51.8
5244,TRK-1037,2026-05-18T08:39:21,32.680733,-75.263746,36.5
5245,TRK-1051,2026-05-18T08:53:51,35.702986,-82.270758,80.1
5246,TRK-1069,2026-05-18T09:08:09,34.564898,-81.250263,93.8
5247,TRK-1001,2026-05-18T09:09:27,34.180414,-79.801837,26.6
5248,TRK-1048,2026-05-18T09:25:38,35.14022,-78.650737,59.5
5249,TRK-1014,2026-05-18T09:35:14,36.037596,-83.820152,26.3
5250,TRK-1055,2026-05-18T09:38:11,36.402901,-79.087159,60.5
5251,TRK-1091,2026-05-18T09:52:54,34.961755,-80.441736,11.2
5252,TRK-1033,2026-05-18T09:54:59,32.340711,-78.015275,67.3
5253,TRK-1088,2026-05-18T10:05:34,33.829972,-77.918117,3.0
5254,TRK-1038,2026-05-18T10:10:48,32.378313,-76.481396,44.0
5255,TRK-1064,2026-05-18T10:16:41,34.718328,-83.427086,36.8
5256,TRK-1074,2026-05-18T10:18:08,35.571161,-76.544267,46.7
5257,TRK-1093,2026-05-18T10:26:38,35.629928,-76.611906,69.4
5258,TRK-1067,2026-05-18T11:09:49,36.679628,-78.794313,41.4
5259,TRK-1079,2026-05-18T11:16:48,34.261128,-82.588241,11.1
5260,TRK-1068,2026-05-18T11:16:55,33.303534,-76.387339,22.6
5261,TRK-1047,2026-05-18T11:25:43,32.082862,-81.613244,46.0
5262,TRK-1087,2026-05-18T11:33:51,34.670649,-76.807471,25.0
5263,TRK-1080,2026-05-18T11:34:13,34.167762,-80.504105,31.3
5264,TRK-1075,2026-05-18T11:56:17,34.221014,-76.589385,26.6
5265,TRK-1004,2026-05-18T12:04:53,34.859614,-79.957971,70.1
5266,TRK-1050,2026-05-18T12:22:38,34.469288,-77.667504,49.7
5267,TRK-1046,2026-05-18T12:40:31,35.74897,-78.951591,56.5
5268,TRK-1022,2026-05-18T12:49:28,34.677262,-81.67171,32.9
5269,TRK-1071,2026-05-18T13:14:39,35.075149,-78.627619,42.1
5270,TRK-1030,2026-05-18T13:15:13,34.603343,-81.06431,1.7
5271,TRK-1066,2026-05-18T13:29:39,35.71114,-80.591814,41.4
5272,TRK-1077,2026-05-18T13:31:45,35.409499,-75.600083,58.3
5273,TRK-1054,2026-05-18T13:31:51,33.716728,-82.023153,58.1
5274,TRK-1064,2026-05-18T13:34:21,36.178138,-82.182951,62.2
5275,TRK-1022,2026-05-18T13:38:25,36.396055,-82.151224,43.7
5276,TRK-1079,2026-05-18T13:39:39,34.202197,-79.563548,56.9
5277,TRK-1011,2026-05-18T14:11:12,33.422174,-79.474237,55.2
5278,TRK-1096,2026-05-18T14:24:41,34.947618,-78.856157,16.8
5279,TRK-1042,2026-05-18T14:28:49,35.510136,-81.907236,70.6
5280,TRK-1081,2026-05-18T14:31:51,33.092546,-77.528345,37.1
5281,TRK-1074,2026-05-18T14:53:03,34.004023,-78.077874,54.3
5282,TRK-1003,2026-05-18T14:55:01,32.94929,-75.977789,59.8
5283,TRK-1017,2026-05-18T15:17:25,35.273605,-76.915121,74.1
5284,TRK-1049,2026-05-18T15:18:46,34.200828,-83.106917,38.8
5285,TRK-1036,2026-05-18T15:30:32,35.880771,-81.974943,21.5
5286,TRK-1060,2026-05-18T15:43:43,33.021491,-77.271422,69.6
5287,TRK-1006,2026-05-18T16:34:28,35.467825,-78.770096,67.2
5288,TRK-1098,2026-05-18T16:35:30,33.85724,-83.396176,78.5
5289,TRK-1084,2026-05-18T16:42:25,36.490274,-77.722453,26.8
5290,TRK-1081,2026-05-18T17:25:10,33.211413,-76.473319,57.5
5291,TRK-1051,2026-05-18T17:26:10,32.542856,-83.146724,47.6
5292,TRK-1082,2026-05-18T17:42:31,34.33883,-78.000322,88.6
5293,TRK-1012,2026-05-18T18:04:18,34.720742,-78.56661,75.7
5294,TRK-1045,2026-05-18T18:30:32,34.242521,-75.338466,71.7
5295,TRK-1077,2026-05-18T18:41:22,33.52467,-77.386994,60.5
5296,TRK-1085,2026-05-18T18:42:35,33.4467,-81.100662,29.6
5297,TRK-1004,2026-05-18T18:56:42,36.273593,-80.727716,43.0
5298,TRK-1009,2026-05-18T19:13:25,32.846211,-79.90167,34.3
5299,TRK-1094,2026-05-18T19:46:26,32.076543,-82.720279,29.9
5300,TRK-1027,2026-05-18T20:10:28,34.995195,-77.263335,0.0
5301,TRK-1082,2026-05-18T20:22:33,36.54944,-76.422676,42.2
5302,TRK-1050,2026-05-18T20:25:42,33.135334,-79.940645,3.4
5303,TRK-1009,2026-05-18T20:45:59,35.670025,-77.288373,33.8
5304,TRK-1037,2026-05-18T20:47:57,33.360585,-80.430657,45.1
5305,TRK-1098,2026-05-18T21:06:25,32.871512,-84.489766,23.6
5306,TRK-1014,2026-05-18T21:43:46,34.662191,-81.985469,48.3
5307,TRK-1042,2026-05-18T21:55:14,36.996609,-77.344076,99.6
5308,TRK-1022,2026-05-18T22:10:05,33.273242,-76.60712,38.9
5309,TRK-1076,2026-05-18T22:11:11,32.156242,-77.238999,53.9
5310,TRK-1075,2026-05-18T22:28:25,35.687417,-83.446152,58.7
5311,TRK-1067,2026-05-18T22:49:50,32.029625,-77.482263,18.3
5312,TRK-1006,2026-05-18T23:27:50,35.838633,-81.500471,88.9
5313,TRK-1009,2026-05-19T00:08:55,34.462448,-80.363063,52.8
5314,TRK-1064,2026-05-19T00:27:49,32.678881,-84.3765,21.7
5315,TRK-1016,2026-05-19T00:34:15,33.577686,-83.670405,55.3
5316,TRK-1000,2026-05-19T00:50:44,35.235705,-78.394878,53.9
5317,TRK-1013,2026-05-19T00:52:34,36.338701,-78.587666,15.9
5318,TRK-1028,2026-05-19T00:57:29,35.08761,-83.091156,37.5
5319,TRK-1028,2026-05-19T01:34:11,35.777516,-83.065761,59.5
5320,TRK-1072,2026-05-19T01:34:34,36.712755,-79.666345,64.8
5321,TRK-1038,2026-05-19T01:47:08,35.064339,-79.085928,36.0
5322,TRK-1056,2026-05-19T01:47:20,34.058586,-83.959736,29.4
5323,TRK-1031,2026-05-19T01:54:40,34.490972,-83.221217,80.6
5324,TRK-1015,2026-05-19T02:04:15,33.366652,-75.590001,39.8
5325,TRK-1007,2026-05-19T02:04:18,32.211169,-81.57512,63.4
5326,TRK-1025,2026-05-19T02:08:48,34.463139,-77.583903,42.5
5327,TRK-1056,2026-05-19T02:59:45,33.908156,-80.24329,38.6
5328,TRK-1092,2026-05-19T03:07:28,36.218563,-79.011222,35.8
5329,TRK-1025,2026-05-19T03:28:43,33.910711,-79.412999,27.6
5330,TRK-1074,2026-05-19T03:41:19,34.331807,-78.524004,77.4
5331,TRK-1041,2026-05-19T03:48:02,35.042394,-76.585443,38.4
5332,TRK-1057,2026-05-19T04:09:02,35.913378,-84.309695,53.7
5333,TRK-1018,2026-05-19T04:10:40,34.597806,-80.47509,36.9
5334,TRK-1035,2026-05-19T04:37:56,32.259223,-83.854738,31.2
5335,TRK-1051,2026-05-19T04:46:20,35.119346,-80.387638,39.8
5336,TRK-1000,2026-05-19T05:32:36,32.509711,-79.498051,76.3
5337,TRK-1067,2026-05-19T05:45:07,35.001923,-81.221087,26.4
5338,TRK-1020,2026-05-19T05:47:15,36.833357,-83.512374,55.3
5339,TRK-1042,2026-05-19T05:56:13,32.351993,-78.171431,78.2
5340,TRK-1015,2026-05-19T06:05:01,32.269674,-83.143338,46.0
5341,TRK-1057,2026-05-19T06:12:51,35.175452,-79.093143,33.1
5342,TRK-1049,2026-05-19T06:19:39,32.776195,-78.419131,17.5
5343,TRK-1052,2026-05-19T06:31:43,36.697338,-77.870707,52.5
5344,TRK-1016,2026-05-19T06:34:04,33.397849,-75.365934,42.7
5345,TRK-1071,2026-05-19T06:39:52,33.793778,-75.683933,53.0
5346,TRK-1077,2026-05-19T06:44:40,33.414917,-75.633816,57.4
5347,TRK-1066,2026-05-19T06:52:42,36.66753,-82.684538,62.2
5348,TRK-1039,2026-05-19T07:02:51,33.505908,-81.890638,21.9
5349,TRK-1057,2026-05-19T07:07:22,33.064815,-80.898236,36.8
5350,TRK-1026,2026-05-19T07:08:39,34.553881,-80.50668,56.5
5351,TRK-1026,2026-05-19T07:25:58,36.689293,-76.397861,59.9
5352,TRK-1084,2026-05-19T08:07:08,34.295518,-78.452238,37.0
5353,TRK-1090,2026-05-19T08:08:07,36.668933,-80.335081,42.7
5354,TRK-1083,2026-05-19T08:38:49,32.828604,-78.730718,97.2
5355,TRK-1087,2026-05-19T08:39:39,32.863795,-83.819516,60.1
5356,TRK-1061,2026-05-19T09:42:39,33.562805,-77.265194,70.5
5357,TRK-1019,2026-05-19T09:48:16,33.921096,-78.878365,35.1
5358,TRK-1076,2026-05-19T09:49:31,32.796949,-83.141505,55.4
5359,TRK-1018,2026-05-19T09:53:11,32.175035,-83.510105,69.8
5360,TRK-1066,2026-05-19T10:06:30,34.168783,-79.419371,75.8
5361,TRK-1061,2026-05-19T10:49:57,34.32271,-79.39383,43.5
5362,TRK-1061,2026-05-19T10:52:01,36.348752,-76.22365,48.2
5363,TRK-1036,2026-05-19T10:52:25,34.221463,-78.409137,28.7
5364,TRK-1080,2026-05-19T10:58:50,34.501063,-80.965189,3.7
5365,TRK-1074,2026-05-19T10:58:57,33.297331,-79.567204,76.0
5366,TRK-1081,2026-05-19T11:19:08,34.411247,-78.330128,12.4
5367,TRK-1069,2026-05-19T11:38:38,36.054996,-76.432408,23.5
5368,TRK-1057,2026-05-19T11:47:08,36.865485,-80.846513,34.1
5369,TRK-1004,2026-05-19T12:09:35,34.909405,-79.527187,49.8
5370,TRK-1042,2026-05-19T12:22:07,33.752998,-77.818918,41.9
5371,TRK-1046,2026-05-19T12:25:55,36.690651,-84.317495,31.0
5372,TRK-1044,2026-05-19T12:50:16,33.760328,-82.282924,15.6
5373,TRK-1042,2026-05-19T13:04:47,35.387695,-75.285584,40.6
5374,TRK-1054,2026-05-19T13:23:41,33.278385,-77.640811,31.6
5375,TRK-1009,2026-05-19T13:31:24,32.727049,-83.613512,28.8
5376,TRK-1047,2026-05-19T13:53:33,34.227294,-76.409885,36.9
5377,TRK-1041,2026-05-19T13:54:35,34.141985,-78.744467,70.7
5378,TRK-1067,2026-05-19T14:25:39,34.46003,-83.929309,57.9
5379,TRK-1095,2026-05-19T14:37:40,33.159371,-77.205223,51.1
5380,TRK-1029,2026-05-19T14:40:16,33.994084,-83.021952,81.3
5381,TRK-1061,2026-05-19T14:43:32,33.298389,-77.196107,78.2
5382,TRK-1060,2026-05-19T14:50:18,33.515338,-78.881896,40.0
5383,TRK-1056,2026-05-19T15:36:41,36.043073,-81.41492,42.9
5384,TRK-1007,2026-05-19T15:37:37,35.881066,-83.853853,13.9
5385,TRK-1035,2026-05-19T15:39:52,34.829345,-80.144707,56.6
5386,TRK-1044,2026-05-19T16:24:23,33.210322,-82.496868,26.1
5387,TRK-1010,2026-05-19T16:29:29,33.48685,-82.041409,39.9
5388,TRK-1056,2026-05-19T16:50:04,33.391636,-79.932931,16.9
5389,TRK-1087,2026-05-19T17:47:54,35.890902,-80.411461,36.8
5390,TRK-1022,2026-05-19T18:00:47,32.96532,-83.649328,50.0
5391,TRK-1084,2026-05-19T18:23:03,33.103473,-76.549504,48.5
5392,TRK-1076,2026-05-19T18:50:56,36.695831,-81.008221,34.6
5393,TRK-1051,2026-05-19T19:37:42,35.771461,-75.3178,30.6
5394,TRK-1066,2026-05-19T19:48:33,33.499923,-76.678914,41.2
5395,TRK-1064,2026-05-19T19:51:00,33.144902,-84.461495,58.8
5396,TRK-1014,2026-05-19T20:08:29,33.182292,-78.270557,20.7
5397,TRK-1022,2026-05-19T20:17:28,36.518214,-75.282162,56.0
5398,TRK-1011,2026-05-19T20:19:49,34.906191,-82.276053,54.2
5399,TRK-1072,2026-05-19T20:23:00,34.578421,-75.256333,43.8
5400,TRK-1057,2026-05-19T20:40:21,33.554742,-77.471512,67.0
5401,TRK-1059,2026-05-19T20:47:16,34.516193,-79.416604,42.5
5402,TRK-1011,2026-05-19T21:15:22,34.891038,-80.228995,58.9
5403,TRK-1002,2026-05-19T21:23:22,32.200402,-80.955318,41.4
5404,TRK-1079,2026-05-19T21:24:48,35.461974,-83.361626,32.6
5405,TRK-1037,2026-05-19T21:33:21,36.03814,-76.442728,41.6
5406,TRK-1034,2026-05-19T21:33:54,34.796161,-79.356884,47.7
5407,TRK-1082,2026-05-19T21:39:47,34.027283,-79.964174,23.7
5408,TRK-1006,2026-05-19T21:43:18,35.121394,-81.429824,54.9
5409,TRK-1012,2026-05-19T22:20:15,34.378322,-78.50614,53.1
5410,TRK-1011,2026-05-19T22:40:55,35.174892,-78.181265,25.3
5411,TRK-1094,2026-05-19T23:04:38,36.25838,-81.90423,44.6
5412,TRK-1028,2026-05-19T23:25:36,33.390544,-75.172023,12.2
5413,TRK-1016,2026-05-19T23:29:19,33.873424,-78.126878,24.2
5414,TRK-1028,2026-05-19T23:34:41,35.406202,-83.018224,30.8
5415,TRK-1074,2026-05-19T23:40:01,34.49829,-82.152897,25.6
5416,TRK-1050,2026-05-19T23:41:05,36.465898,-76.966562,47.0
5417,TRK-1009,2026-05-20T00:09:55,36.874029,-83.593548,38.5
5418,TRK-1031,2026-05-20T00:14:04,35.114633,-81.843769,52.3
5419,TRK-1090,2026-05-20T00:23:25,36.919561,-76.70615,49.7
5420,TRK-1075,2026-05-20T00:43:12,34.693918,-77.711033,5.1
5421,TRK-1087,2026-05-20T01:06:35,33.592471,-81.344276,87.4
5422,TRK-1058,2026-05-20T01:09:03,34.428995,-81.410793,49.0
5423,TRK-1007,2026-05-20T01:09:48,32.023735,-83.504945,35.4
5424,TRK-1045,2026-05-20T01:15:58,32.739837,-79.347928,44.9
5425,TRK-1003,2026-05-20T01:17:24,33.448191,-82.894229,31.1
5426,TRK-1010,2026-05-20T01:51:35,34.136885,-83.218757,18.9
5427,TRK-1085,2026-05-20T01:54:08,35.765856,-82.611475,26.6
5428,TRK-1075,2026-05-20T01:56:33,32.087093,-82.62799,43.9
5429,TRK-1030,2026-05-20T02:00:20,33.029071,-80.485873,42.3
5430,TRK-1047,2026-05-20T02:21:33,34.226831,-83.770401,29.9
5431,TRK-1045,2026-05-20T02:31:22,35.866338,-76.960892,52.7
5432,TRK-1003,2026-05-20T02:40:45,33.284232,-81.973916,15.6
5433,TRK-1093,2026-05-20T02:46:18,33.778531,-77.851869,32.8
5434,TRK-1099,2026-05-20T02:52:36,33.893,-77.443485,45.5
5435,TRK-1084,2026-05-20T02:55:21,35.689168,-82.979472,58.4
5436,TRK-1006,2026-05-20T03:36:38,32.610993,-75.570187,66.1
5437,TRK-1098,2026-05-20T03:48:33,32.164846,-82.580799,22.5
5438,TRK-1020,2026-05-20T03:59:08,32.45625,-75.120072,30.2
5439,TRK-1098,2026-05-20T04:00:36,33.042361,-80.284874,42.6
5440,TRK-1013,2026-05-20T04:17:44,34.591591,-80.61182,60.7
5441,TRK-1034,2026-05-20T04:23:32,34.681566,-83.050423,49.9
5442,TRK-1063,2026-05-20T04:44:30,33.934221,-78.400722,53.6
5443,TRK-1008,2026-05-20T04:46:11,35.709729,-84.204879,46.9
5444,TRK-1038,2026-05-20T04:58:42,33.312143,-82.770416,57.2
5445,TRK-1092,2026-05-20T05:02:24,32.920029,-82.093933,25.9
5446,TRK-1097,2026-05-20T05:03:49,36.402351,-75.261166,50.3
5447,TRK-1072,2026-05-20T05:04:08,32.660856,-83.393886,59.8
5448,TRK-1000,2026-05-20T05:14:46,32.748596,-81.289435,62.3
5449,TRK-1062,2026-05-20T05:33:13,32.449081,-76.703893,21.3
5450,TRK-1031,2026-05-20T05:36:35,32.451018,-75.245063,66.6
5451,TRK-1065,2026-05-20T05:56:01,36.756481,-80.967788,58.4
5452,TRK-1017,2026-05-20T06:19:59,33.590896,-76.075179,48.0
5453,TRK-1075,2026-05-20T06:21:23,34.769842,-79.635875,37.1
5454,TRK-1069,2026-05-20T06:33:39,34.535422,-79.70254,42.1
5455,TRK-1001,2026-05-20T06:45:32,36.652512,-79.217261,48.3
5456,TRK-1076,2026-05-20T06:56:50,32.053163,-76.406184,10.5
5457,TRK-1041,2026-05-20T07:19:14,33.71941,-77.228118,28.4
5458,TRK-1039,2026-05-20T07:25:43,32.743352,-82.711947,60.7
5459,TRK-1083,2026-05-20T07:30:11,36.802259,-75.261211,86.8
5460,TRK-1024,2026-05-20T07:31:30,33.282795,-83.193837,22.0
5461,TRK-1051,2026-05-20T07:35:34,32.998496,-75.000763,51.8
5462,TRK-1057,2026-05-20T07:36:30,34.051183,-75.394817,52.0
5463,TRK-1054,2026-05-20T07:44:47,32.34195,-82.805236,56.7
5464,TRK-1064,2026-05-20T07:54:16,33.445266,-82.691622,52.2
5465,TRK-1000,2026-05-20T08:08:16,32.462076,-79.901711,29.7
5466,TRK-1049,2026-05-20T08:12:58,32.513688,-83.869287,62.3
5467,TRK-1063,2026-05-20T08:23:21,32.488494,-83.890233,40.1
5468,TRK-1019,2026-05-20T08:52:01,35.064936,-82.549309,47.2
5469,TRK-1046,2026-05-20T08:57:04,33.168654,-77.52997,9.9
5470,TRK-1008,2026-05-20T09:02:14,34.236945,-76.365686,54.7
5471,TRK-1090,2026-05-20T09:10:08,36.804498,-81.070432,64.4
5472,TRK-1009,2026-05-20T09:11:22,36.670817,-83.496943,41.8
5473,TRK-1052,2026-05-20T09:24:04,33.928937,-84.303779,33.3
5474,TRK-1070,2026-05-20T09:32:03,36.476608,-76.242674,38.0
5475,TRK-1044,2026-05-20T09:37:12,33.821339,-77.924394,72.6
5476,TRK-1048,2026-05-20T09:40:25,32.803489,-76.508384,36.5
5477,TRK-1042,2026-05-20T09:44:30,35.981819,-77.698213,72.6
5478,TRK-1092,2026-05-20T09:52:40,36.111902,-75.738521,35.5
5479,TRK-1035,2026-05-20T09:55:05,35.765566,-75.979197,30.3
5480,TRK-1044,2026-05-20T10:05:45,33.948714,-75.517452,66.6
5481,TRK-1066,2026-05-20T10:06:27,34.744516,-83.027016,52.1
5482,TRK-1030,2026-05-20T10:26:39,34.450768,-79.991274,29.0
5483,TRK-1098,2026-05-20T10:43:27,36.919917,-79.733668,33.6
5484,TRK-1062,2026-05-20T11:09:24,36.605746,-80.608118,53.5
5485,TRK-1087,2026-05-20T11:16:15,36.152038,-77.542261,45.1
5486,TRK-1081,2026-05-20T11:52:42,32.548194,-81.470042,27.3
5487,TRK-1049,2026-05-20T11:59:48,34.133987,-83.240818,64.4
5488,TRK-1042,2026-05-20T12:03:45,36.723881,-79.755606,31.4
5489,TRK-1033,2026-05-20T12:26:43,32.808864,-82.01015,0.0
5490,TRK-1025,2026-05-20T12:43:07,34.077282,-77.635992,62.7
5491,TRK-1000,2026-05-20T12:49:56,33.496152,-77.230805,48.9
5492,TRK-1067,2026-05-20T13:14:01,36.097481,-81.273374,46.4
5493,TRK-1039,2026-05-20T13:53:46,34.546793,-82.714585,34.1
5494,TRK-1093,2026-05-20T14:09:18,34.404768,-75.112411,51.9
5495,TRK-1061,2026-05-20T14:18:37,34.733084,-80.094441,43.5
5496,TRK-1077,2026-05-20T14:28:57,34.866497,-75.454536,49.1
5497,TRK-1084,2026-05-20T15:16:19,36.050754,-81.168585,35.8
5498,TRK-1033,2026-05-20T15:25:23,34.064634,-82.12563,54.3
5499,TRK-1081,2026-05-20T15:33:46,34.567392,-76.549019,19.3
5500,TRK-1032,2026-05-20T15:44:46,35.013445,-81.514582,34.0
5501,TRK-1061,2026-05-20T16:01:06,35.019647,-82.41556,31.8
5502,TRK-1042,2026-05-20T16:06:22,34.239367,-80.599156,18.6
5503,TRK-1006,2026-05-20T16:14:07,33.5213,-80.520238,40.5
5504,TRK-1044,2026-05-20T16:14:44,35.074752,-79.032015,44.7
5505,TRK-1066,2026-05-20T16:34:44,33.451902,-84.45557,59.5
5506,TRK-1092,2026-05-20T16:50:01,33.912827,-83.444623,44.3
5507,TRK-1053,2026-05-20T17:02:48,32.092385,-79.84162,52.0
5508,TRK-1009,2026-05-20T17:03:47,33.24846,-83.146784,39.8
5509,TRK-1047,2026-05-20T17:13:58,34.32299,-83.443176,35.4
5510,TRK-1054,2026-05-20T17:34:13,34.818858,-81.047304,42.5
5511,TRK-1073,2026-05-20T18:15:14,33.925425,-79.023829,49.7
5512,TRK-1043,2026-05-20T18:39:15,34.802634,-84.230741,59.1
5513,TRK-1017,2026-05-20T18:52:11,33.048774,-80.411004,53.3
5514,TRK-1027,2026-05-20T19:14:24,32.572047,-77.368291,65.5
5515,TRK-1090,2026-05-20T19:20:26,34.379592,-78.22069,38.9
5516,TRK-1032,2026-05-20T20:08:32,36.999092,-78.072083,69.0
5517,TRK-1025,2026-05-20T20:18:37,33.685187,-77.44248,47.1
5518,TRK-1011,2026-05-20T20:19:37,36.044243,-81.274213,12.5
5519,TRK-1058,2026-05-20T20:20:35,32.812006,-82.901202,27.0
5520,TRK-1042,2026-05-20T20:25:27,35.999993,-80.778195,38.6
5521,TRK-1068,2026-05-20T21:15:41,36.473506,-75.290393,28.0
5522,TRK-1015,2026-05-20T21:43:11,32.532768,-79.08484,23.4
5523,TRK-1028,2026-05-20T21:51:43,35.557775,-79.456504,33.4
5524,TRK-1073,2026-05-20T22:03:30,32.604552,-78.687557,48.5
5525,TRK-1040,2026-05-20T22:06:24,36.477085,-78.94112,18.5
5526,TRK-1090,2026-05-20T22:07:49,34.704607,-76.672929,11.9
5527,TRK-1093,2026-05-20T22:29:08,36.407089,-83.390975,62.4
5528,TRK-1012,2026-05-20T22:29:51,36.732001,-82.621805,65.4
5529,TRK-1047,2026-05-20T22:38:27,35.326102,-77.631203,21.5
5530,TRK-1033,2026-05-20T22:46:42,34.098138,-83.524778,38.5
5531,TRK-1079,2026-05-20T22:53:43,33.311098,-80.03028,67.6
5532,TRK-1030,2026-05-20T23:01:27,32.103783,-84.317596,46.5
5533,TRK-1027,2026-05-20T23:23:02,32.912063,-84.160664,32.6
5534,TRK-1070,2026-05-20T23:50:09,36.36775,-76.655917,43.8
5535,TRK-1027,2026-05-21T00:10:46,33.379504,-82.759017,66.3
5536,TRK-1024,2026-05-21T00:11:40,36.669667,-77.931699,91.6
5537,TRK-1099,2026-05-21T00:19:15,32.120763,-77.860465,14.5
5538,TRK-1015,2026-05-21T00:39:24,32.09506,-76.169246,82.1
5539,TRK-1050,2026-05-21T00:55:49,36.798569,-82.501892,27.0
5540,TRK-1031,2026-05-21T01:07:53,36.539488,-83.667776,51.2
5541,TRK-1055,2026-05-21T01:09:30,32.157562,-76.466641,18.9
5542,TRK-1003,2026-05-21T01:25:19,34.658252,-80.705376,36.4
5543,TRK-1072,2026-05-21T01:45:35,32.04185,-81.136336,65.4
5544,TRK-1089,2026-05-21T01:57:28,36.05234,-78.678459,45.8
5545,TRK-1098,2026-05-21T02:11:41,35.898954,-82.207938,35.3
5546,TRK-1000,2026-05-21T02:15:25,32.704057,-79.237551,59.9
5547,TRK-1083,2026-05-21T02:40:10,36.339841,-76.039939,46.9
5548,TRK-1075,2026-05-21T02:44:11,33.21986,-76.230766,54.8
5549,TRK-1014,2026-05-21T02:54:13,34.586012,-79.512251,0.0
5550,TRK-1003,2026-05-21T02:57:30,36.267306,-83.91634,14.4
5551,TRK-1009,2026-05-21T03:09:37,33.162569,-78.430481,46.0
5552,TRK-1073,2026-05-21T03:13:14,32.190299,-78.171018,59.5
5553,TRK-1064,2026-05-21T03:37:22,32.121389,-77.570708,34.6
5554,TRK-1043,2026-05-21T03:52:58,32.086854,-82.022237,23.4
5555,TRK-1047,2026-05-21T04:36:51,33.22777,-80.575052,51.8
5556,TRK-1028,2026-05-21T04:37:53,36.894208,-75.469934,43.7
5557,TRK-1029,2026-05-21T04:52:09,32.00178,-79.378368,63.5
5558,TRK-1031,2026-05-21T04:56:34,35.327269,-79.770012,59.7
5559,TRK-1068,2026-05-21T05:16:40,35.296686,-81.359005,34.8
5560,TRK-1087,2026-05-21T05:25:40,32.470185,-76.322319,21.0
5561,TRK-1077,2026-05-21T05:28:32,36.015967,-76.111291,50.5
5562,TRK-1033,2026-05-21T05:34:07,33.030117,-78.069263,32.2
5563,TRK-1046,2026-05-21T05:56:28,34.833973,-80.478915,35.1
5564,TRK-1005,2026-05-21T06:01:57,33.220248,-78.452952,70.5
5565,TRK-1076,2026-05-21T06:19:12,32.391237,-81.35353,42.3
5566,TRK-1002,2026-05-21T06:39:02,33.181143,-77.547743,50.9
5567,TRK-1029,2026-05-21T06:40:06,35.984668,-78.001091,40.4
5568,TRK-1066,2026-05-21T06:42:37,32.401393,-77.52528,46.9
5569,TRK-1086,2026-05-21T07:10:23,33.668684,-79.636163,71.0
5570,TRK-1041,2026-05-21T07:43:00,36.313958,-77.738028,49.2
5571,TRK-1026,2026-05-21T07:46:13,35.461302,-77.649308,46.1
5572,TRK-1000,2026-05-21T08:16:17,32.620527,-83.081977,46.9
5573,TRK-1080,2026-05-21T08:17:16,36.080624,-77.234075,56.7
5574,TRK-1060,2026-05-21T08:27:54,35.048414,-75.155831,46.5
5575,TRK-1091,2026-05-21T08:32:15,36.315234,-75.241178,41.6
5576,TRK-1001,2026-05-21T08:36:18,36.984913,-77.401878,20.3
5577,TRK-1040,2026-05-21T08:41:11,33.018144,-81.87245,47.7
5578,TRK-1071,2026-05-21T09:23:59,33.240678,-83.995167,39.7
5579,TRK-1043,2026-05-21T09:35:59,34.388503,-82.513438,101.7
5580,TRK-1065,2026-05-21T09:58:37,36.649493,-76.700909,63.3
5581,TRK-1036,2026-05-21T10:19:16,32.782267,-75.928866,21.1
5582,TRK-1047,2026-05-21T10:25:22,32.603792,-80.354444,47.0
5583,TRK-1028,2026-05-21T10:43:12,36.607978,-81.872882,44.0
5584,TRK-1019,2026-05-21T11:08:19,32.249941,-75.29329,56.8
5585,TRK-1011,2026-05-21T11:33:51,33.689895,-79.07661,62.6
5586,TRK-1041,2026-05-21T11:47:11,34.326339,-79.297649,68.3
5587,TRK-1002,2026-05-21T12:11:32,35.011547,-84.341052,41.6
5588,TRK-1056,2026-05-21T13:25:22,34.057504,-77.629265,40.5
5589,TRK-1089,2026-05-21T13:26:46,33.407881,-76.89932,66.0
5590,TRK-1091,2026-05-21T14:10:13,36.27244,-75.762334,54.4
5591,TRK-1097,2026-05-21T14:17:51,35.439345,-77.144622,48.2
5592,TRK-1056,2026-05-21T14:24:17,32.069465,-75.969975,38.3
5593,TRK-1026,2026-05-21T14:43:50,36.504606,-82.181372,69.9
5594,TRK-1021,2026-05-21T15:03:03,36.593795,-77.746675,54.0
5595,TRK-1011,2026-05-21T15:07:20,34.370623,-79.949377,33.0
5596,TRK-1028,2026-05-21T15:13:56,36.947768,-75.588629,51.3
5597,TRK-1029,2026-05-21T15:15:27,33.322078,-83.158944,57.5
5598,TRK-1086,2026-05-21T15:26:10,35.82527,-84.337412,57.9
5599,TRK-1054,2026-05-21T15:26:25,35.069042,-75.321197,39.1
5600,TRK-1033,2026-05-21T15:26:56,36.922816,-79.715659,60.2
5601,TRK-1046,2026-05-21T15:35:34,35.327242,-83.10838,32.1
5602,TRK-1018,2026-05-21T15:50:33,32.39539,-82.38245,29.4
5603,TRK-1028,2026-05-21T16:09:57,36.001018,-76.385406,44.1
5604,TRK-1056,2026-05-21T16:11:22,33.317367,-80.914567,24.4
5605,TRK-1088,2026-05-21T16:29:31,34.279214,-83.934846,16.0
5606,TRK-1021,2026-05-21T16:30:53,34.748714,-79.139075,20.0
5607,TRK-1042,2026-05-21T16:39:17,35.436493,-81.999054,51.9
5608,TRK-1097,2026-05-21T16:43:48,34.64185,-80.254977,39.9
5609,TRK-1089,2026-05-21T16:59:52,36.408518,-77.793812,37.8
5610,TRK-1071,2026-05-21T17:16:07,33.558881,-82.139871,50.8
5611,TRK-1063,2026-05-21T18:27:44,33.834651,-82.843521,62.8
5612,TRK-1019,2026-05-21T18:30:03,33.03215,-78.446577,35.3
5613,TRK-1014,2026-05-21T18:32:22,35.512385,-84.092718,49.8
5614,TRK-1044,2026-05-21T18:47:17,32.408381,-75.0172,64.9
5615,TRK-1086,2026-05-21T18:56:09,33.08722,-80.80528,34.6
5616,TRK-1020,2026-05-21T19:48:01,33.510201,-81.369531,48.3
5617,TRK-1048,2026-05-21T19:57:56,34.383382,-83.541609,39.1
5618,TRK-1055,2026-05-21T19:59:22,33.415346,-81.148086,33.7
5619,TRK-1047,2026-05-21T20:01:21,34.996376,-76.940156,58.9
5620,TRK-1065,2026-05-21T20:13:27,35.638501,-79.397514,31.9
5621,TRK-1058,2026-05-21T20:20:01,36.435415,-77.443486,25.6
5622,TRK-1089,2026-05-21T20:21:07,34.527432,-78.529658,31.8
5623,TRK-1096,2026-05-21T20:28:51,35.451807,-82.09341,35.9
5624,TRK-1002,2026-05-21T20:36:32,32.672131,-82.21744,34.7
5625,TRK-1010,2026-05-21T20:38:04,32.252255,-77.166283,52.8
5626,TRK-1013,2026-05-21T21:15:11,32.633773,-83.050722,41.2
5627,TRK-1090,2026-05-21T21:19:38,36.945728,-81.718446,31.8
5628,TRK-1077,2026-05-21T21:47:53,33.219009,-78.573209,61.5
5629,TRK-1099,2026-05-21T22:12:37,36.188787,-78.28988,20.5
5630,TRK-1038,2026-05-21T22:22:55,34.477284,-80.161098,12.8
5631,TRK-1032,2026-05-21T22:31:27,33.168324,-76.902571,24.6
5632,TRK-1030,2026-05-21T22:36:06,36.46812,-75.986777,14.1
5633,TRK-1060,2026-05-21T22:43:19,34.013174,-75.691851,45.8
5634,TRK-1086,2026-05-21T23:15:19,33.490443,-82.571452,36.0
5635,TRK-1043,2026-05-21T23:28:38,33.912211,-75.290555,42.1
5636,TRK-1080,2026-05-21T23:30:33,35.562791,-82.647108,53.7
5637,TRK-1041,2026-05-21T23:53:43,32.557595,-83.297799,20.7
5638,TRK-1012,2026-05-21T23:54:44,32.040407,-77.142708,15.0
5639,TRK-1020,2026-05-22T00:07:23,32.572099,-80.033921,9.3
5640,TRK-1042,2026-05-22T00:12:16,36.105095,-77.47629,45.9
5641,TRK-1077,2026-05-22T00:20:21,35.892315,-81.449938,40.4
5642,TRK-1077,2026-05-22T00:24:15,36.146075,-77.317256,16.3
5643,TRK-1015,2026-05-22T00:30:09,36.915922,-77.753468,37.5
5644,TRK-1061,2026-05-22T00:45:41,36.356811,-77.600341,37.2
5645,TRK-1087,2026-05-22T00:51:22,33.168102,-77.259025,26.4
5646,TRK-1019,2026-05-22T00:54:06,32.599226,-77.340543,30.7
5647,TRK-1043,2026-05-22T00:58:12,33.577894,-81.90732,57.8
5648,TRK-1065,2026-05-22T01:13:49,34.016037,-81.828767,43.0
5649,TRK-1046,2026-05-22T01:41:51,35.169186,-79.405562,11.8
5650,TRK-1098,2026-05-22T01:58:22,33.958167,-82.038877,50.8
5651,TRK-1025,2026-05-22T02:07:53,35.531408,-82.554468,76.6
5652,TRK-1007,2026-05-22T02:35:02,32.340594,-83.393221,62.2
5653,TRK-1001,2026-05-22T02:35:55,36.860567,-81.786934,45.0
5654,TRK-1045,2026-05-22T02:40:11,33.030392,-82.355598,61.1
5655,TRK-1009,2026-05-22T03:12:28,32.174715,-79.077233,47.9
5656,TRK-1025,2026-05-22T03:45:51,33.883139,-78.609677,84.0
5657,TRK-1041,2026-05-22T04:07:45,35.727843,-80.361328,47.2
5658,TRK-1042,2026-05-22T04:50:55,36.830579,-83.685095,22.4
5659,TRK-1018,2026-05-22T04:58:48,34.857858,-77.473138,58.5
5660,TRK-1064,2026-05-22T05:21:24,36.220033,-75.022665,73.6
5661,TRK-1053,2026-05-22T05:41:18,36.438559,-78.07121,6.9
5662,TRK-1013,2026-05-22T05:42:57,32.463491,-83.703301,50.2
5663,TRK-1030,2026-05-22T05:52:02,33.050248,-78.709357,43.3
5664,TRK-1034,2026-05-22T06:01:00,36.045966,-83.255416,34.4
5665,TRK-1004,2026-05-22T06:30:57,32.059804,-79.299549,50.2
5666,TRK-1096,2026-05-22T06:35:18,36.234201,-78.662362,37.6
5667,TRK-1052,2026-05-22T06:41:48,33.611127,-77.022661,72.0
5668,TRK-1054,2026-05-22T07:04:41,35.826041,-77.158101,40.7
5669,TRK-1084,2026-05-22T07:07:28,36.998329,-82.876114,53.4
5670,TRK-1056,2026-05-22T07:27:27,32.39239,-83.948415,34.3
5671,TRK-1043,2026-05-22T07:35:49,35.83562,-78.14775,75.2
5672,TRK-1007,2026-05-22T08:08:25,34.292705,-81.550625,26.3
5673,TRK-1044,2026-05-22T08:30:05,33.30462,-79.073864,17.6
5674,TRK-1051,2026-05-22T08:31:11,36.337103,-84.21465,48.3
5675,TRK-1063,2026-05-22T08:39:49,36.752891,-81.489023,57.3
5676,TRK-1090,2026-05-22T08:46:48,34.821081,-81.831354,26.8
5677,TRK-1005,2026-05-22T09:17:44,36.938181,-84.486698,27.8
5678,TRK-1032,2026-05-22T09:42:47,33.975327,-82.535198,46.3
5679,TRK-1000,2026-05-22T09:47:29,32.81136,-76.037825,18.5
5680,TRK-1038,2026-05-22T10:04:20,35.125473,-75.187115,44.2
5681,TRK-1081,2026-05-22T10:37:46,33.474665,-78.740311,57.4
5682,TRK-1010,2026-05-22T11:04:29,36.957433,-81.241721,56.2
5683,TRK-1015,2026-05-22T11:13:06,34.148257,-78.567907,28.7
5684,TRK-1036,2026-05-22T11:47:48,32.400221,-79.337723,58.1
5685,TRK-1063,2026-05-22T12:11:01,35.68833,-81.435803,26.2
5686,TRK-1066,2026-05-22T12:20:09,32.152499,-75.957224,10.2
5687,TRK-1090,2026-05-22T12:29:28,36.884664,-76.021638,36.4
5688,TRK-1017,2026-05-22T13:05:37,33.646179,-82.464476,26.9
5689,TRK-1009,2026-05-22T13:07:40,36.054936,-79.54879,51.2
5690,TRK-1043,2026-05-22T13:14:14,36.817217,-84.251323,67.4
5691,TRK-1096,2026-05-22T13:15:22,36.02635,-77.890322,42.4
5692,TRK-1074,2026-05-22T13:56:26,34.191362,-82.499931,29.7
5693,TRK-1066,2026-05-22T14:00:39,33.217303,-77.260628,37.3
5694,TRK-1063,2026-05-22T14:07:30,33.817133,-79.663932,32.9
5695,TRK-1086,2026-05-22T14:08:57,33.910975,-79.172059,19.6
5696,TRK-1038,2026-05-22T14:17:56,32.492007,-82.87464,33.4
5697,TRK-1073,2026-05-22T14:19:32,36.701622,-83.401531,63.1
5698,TRK-1003,2026-05-22T14:19:41,33.301988,-77.687781,55.4
5699,TRK-1050,2026-05-22T14:21:12,35.390141,-76.442758,20.5
5700,TRK-1095,2026-05-22T14:26:01,32.583927,-83.752086,19.8
5701,TRK-1005,2026-05-22T14:27:54,36.604978,-78.875095,52.7
5702,TRK-1037,2026-05-22T14:47:09,34.819181,-76.758067,73.7
5703,TRK-1081,2026-05-22T14:47:52,32.45953,-83.50635,45.9
5704,TRK-1067,2026-05-22T15:22:44,36.388598,-81.132787,24.5
5705,TRK-1009,2026-05-22T15:26:39,36.581487,-81.148443,50.6
5706,TRK-1032,2026-05-22T15:32:19,33.792524,-75.202573,46.0
5707,TRK-1057,2026-05-22T16:05:27,33.742751,-80.91506,37.7
5708,TRK-1042,2026-05-22T16:09:39,33.247228,-78.498618,45.9
5709,TRK-1087,2026-05-22T16:12:06,32.231263,-83.897319,33.5
5710,TRK-1011,2026-05-22T16:15:14,36.461925,-81.011399,70.5
5711,TRK-1089,2026-05-22T16:16:12,34.369547,-77.356015,29.9
5712,TRK-1078,2026-05-22T16:20:46,33.347564,-83.548872,66.5
5713,TRK-1045,2026-05-22T16:21:29,33.043296,-83.222212,22.0
5714,TRK-1004,2026-05-22T16:26:46,33.561222,-81.811324,55.1
5715,TRK-1090,2026-05-22T16:32:12,35.67201,-76.195111,69.6
5716,TRK-1030,2026-05-22T16:39:10,34.623547,-80.99138,44.0
5717,TRK-1068,2026-05-22T17:08:28,34.491328,-80.503292,49.3
5718,TRK-1031,2026-05-22T17:24:57,35.922604,-76.23813,42.2
5719,TRK-1064,2026-05-22T17:42:07,33.450016,-77.216767,45.0
5720,TRK-1015,2026-05-22T17:45:21,32.852979,-81.601057,26.9
5721,TRK-1057,2026-05-22T18:03:00,35.130671,-75.474146,37.1
5722,TRK-1008,2026-05-22T18:08:46,32.60842,-83.709445,43.3
5723,TRK-1063,2026-05-22T18:23:16,33.454481,-80.41844,52.6
5724,TRK-1075,2026-05-22T18:25:53,34.581895,-76.744784,15.5
5725,TRK-1033,2026-05-22T18:30:20,33.731942,-77.706606,37.5
5726,TRK-1037,2026-05-22T18:31:12,36.800919,-78.024896,43.6
5727,TRK-1086,2026-05-22T18:39:53,34.038927,-82.555992,47.9
5728,TRK-1000,2026-05-22T18:45:22,33.229548,-78.505373,56.5
5729,TRK-1022,2026-05-22T19:02:58,33.784319,-84.286453,42.1
5730,TRK-1091,2026-05-22T19:06:26,36.180272,-78.212966,55.6
5731,TRK-1081,2026-05-22T19:12:03,32.886909,-81.130915,62.1
5732,TRK-1052,2026-05-22T19:12:46,34.582616,-77.818666,28.7
5733,TRK-1066,2026-05-22T19:13:00,34.88487,-80.152755,40.8
5734,TRK-1053,2026-05-22T19:21:25,33.647116,-79.058729,56.9
5735,TRK-1040,2026-05-22T19:36:25,34.430164,-79.303908,51.3
5736,TRK-1006,2026-05-22T19:39:59,36.795922,-83.251101,64.0
5737,TRK-1076,2026-05-22T19:45:00,36.65831,-84.314792,49.0
5738,TRK-1038,2026-05-22T19:58:08,33.127874,-82.528289,29.1
5739,TRK-1092,2026-05-22T20:02:36,34.094532,-75.751366,23.9
5740,TRK-1076,2026-05-22T20:03:51,34.317176,-76.673748,31.1
5741,TRK-1020,2026-05-22T20:05:02,36.614034,-77.265412,36.4
5742,TRK-1021,2026-05-22T20:36:29,32.552498,-82.292346,50.7
5743,TRK-1094,2026-05-22T20:40:19,35.208247,-76.29874,59.1
5744,TRK-1089,2026-05-22T20:44:06,33.762402,-79.932534,40.9
5745,TRK-1020,2026-05-22T20:47:52,36.272551,-80.845204,46.2
5746,TRK-1022,2026-05-22T21:09:59,36.528475,-79.34791,33.6
5747,TRK-1060,2026-05-22T21:16:51,36.684036,-77.222929,30.3
5748,TRK-1038,2026-05-22T21:32:10,35.581423,-83.210349,38.3
5749,TRK-1057,2026-05-22T21:42:59,35.039961,-75.276333,49.6
5750,TRK-1011,2026-05-22T22:03:47,32.873534,-78.323835,55.4
5751,TRK-1089,2026-05-22T22:22:12,32.545072,-81.686738,33.5
5752,TRK-1074,2026-05-22T22:24:10,34.515746,-78.153062,30.7
5753,TRK-1061,2026-05-22T22:31:34,34.030755,-82.390418,62.7
5754,TRK-1081,2026-05-22T22:35:52,33.492458,-79.494623,34.0
5755,TRK-1078,2026-05-23T00:00:22,33.766971,-76.675691,27.3
5756,TRK-1009,2026-05-23T00:00:34,32.054916,-83.422109,56.1
5757,TRK-1064,2026-05-23T00:26:41,36.80203,-81.923403,59.4
5758,TRK-1039,2026-05-23T00:45:58,33.006298,-77.920183,15.7
5759,TRK-1015,2026-05-23T00:50:00,34.169389,-82.346418,33.2
5760,TRK-1002,2026-05-23T01:00:13,36.242779,-78.245283,58.2
5761,TRK-1075,2026-05-23T01:01:02,33.321036,-79.792436,46.4
5762,TRK-1000,2026-05-23T01:03:54,34.644233,-80.50667,62.6
5763,TRK-1096,2026-05-23T01:23:04,35.277233,-80.052321,24.7
5764,TRK-1056,2026-05-23T01:42:50,32.542564,-82.532121,35.7
5765,TRK-1047,2026-05-23T01:43:02,34.44781,-84.094859,56.3
5766,TRK-1086,2026-05-23T01:44:21,33.399364,-81.184464,59.9
5767,TRK-1057,2026-05-23T02:21:35,32.511404,-76.155028,37.7
5768,TRK-1080,2026-05-23T02:23:28,32.729575,-83.69239,51.3
5769,TRK-1090,2026-05-23T02:35:41,34.211957,-75.774032,21.1
5770,TRK-1050,2026-05-23T02:44:00,34.379365,-76.708651,36.0
5771,TRK-1030,2026-05-23T02:47:29,33.975471,-84.406625,44.4
5772,TRK-1010,2026-05-23T02:58:25,33.236896,-79.952457,53.5
5773,TRK-1077,2026-05-23T02:59:24,36.457413,-79.105382,70.8
5774,TRK-1080,2026-05-23T03:59:22,36.058024,-81.308468,74.8
5775,TRK-1050,2026-05-23T04:06:45,33.308716,-76.510833,20.3
5776,TRK-1019,2026-05-23T04:13:53,34.919578,-80.122721,50.7
5777,TRK-1053,2026-05-23T04:20:46,32.102506,-81.26139,52.9
5778,TRK-1012,2026-05-23T04:29:50,35.637619,-78.506529,45.4
5779,TRK-1030,2026-05-23T04:32:36,36.795961,-75.593543,44.5
5780,TRK-1077,2026-05-23T05:20:33,33.752221,-83.179513,36.4
5781,TRK-1000,2026-05-23T05:21:34,32.476568,-75.133991,24.5
5782,TRK-1059,2026-05-23T05:32:41,35.816839,-83.1487,64.0
5783,TRK-1021,2026-05-23T05:34:40,36.340625,-77.475524,35.3
5784,TRK-1078,2026-05-23T05:46:54,33.442947,-81.840006,58.1
5785,TRK-1087,2026-05-23T06:13:52,34.385616,-83.778014,46.4
5786,TRK-1052,2026-05-23T07:06:38,36.239838,-78.258501,46.1
5787,TRK-1015,2026-05-23T07:20:11,34.349431,-76.833137,70.2
5788,TRK-1013,2026-05-23T07:31:44,33.778204,-83.137188,54.8
5789,TRK-1062,2026-05-23T07:54:49,36.20053,-76.546657,23.0
5790,TRK-1048,2026-05-23T08:21:58,32.213426,-79.535036,18.7
5791,TRK-1094,2026-05-23T09:15:23,35.586038,-81.290097,19.7
5792,TRK-1028,2026-05-23T09:18:33,36.431304,-76.854758,41.1
5793,TRK-1058,2026-05-23T09:24:23,34.130611,-81.720712,31.5
5794,TRK-1015,2026-05-23T09:27:10,32.35689,-75.023936,13.5
5795,TRK-1057,2026-05-23T09:45:51,33.828157,-80.277522,26.7
5796,TRK-1034,2026-05-23T10:19:15,32.986037,-77.256354,35.0
5797,TRK-1052,2026-05-23T10:21:05,34.898437,-80.97599,35.1
5798,TRK-1070,2026-05-23T10:38:30,33.012802,-83.08636,36.6
5799,TRK-1005,2026-05-23T10:51:26,35.666911,-78.421008,72.9
5800,TRK-1003,2026-05-23T10:58:42,36.239601,-80.263901,22.6
5801,TRK-1027,2026-05-23T11:05:36,36.331678,-80.277266,65.5
5802,TRK-1017,2026-05-23T11:15:42,36.454008,-81.177652,38.5
5803,TRK-1004,2026-05-23T11:20:26,32.314114,-80.921312,12.6
5804,TRK-1057,2026-05-23T11:23:24,33.28593,-80.434413,37.7
5805,TRK-1089,2026-05-23T11:30:16,36.127501,-84.404868,61.6
5806,TRK-1098,2026-05-23T11:43:01,32.141267,-83.365152,48.1
5807,TRK-1025,2026-05-23T11:59:54,34.858679,-76.096025,60.3
5808,TRK-1019,2026-05-23T12:02:05,34.275967,-77.862687,59.7
5809,TRK-1064,2026-05-23T12:11:02,34.028307,-79.421252,11.1
5810,TRK-1007,2026-05-23T12:22:40,33.53788,-83.27328,12.6
5811,TRK-1001,2026-05-23T12:23:13,35.465079,-77.089322,42.3
5812,TRK-1014,2026-05-23T12:36:27,33.848223,-82.206129,48.8
5813,TRK-1044,2026-05-23T12:40:31,36.585714,-80.998574,61.7
5814,TRK-1059,2026-05-23T12:48:35,32.298674,-76.337091,35.0
5815,TRK-1015,2026-05-23T13:13:19,35.128275,-83.778689,48.1
5816,TRK-1073,2026-05-23T13:14:23,33.383766,-84.483593,14.3
5817,TRK-1098,2026-05-23T13:19:11,33.880499,-83.902914,25.9
5818,TRK-1038,2026-05-23T13:59:49,34.735406,-80.346192,34.6
5819,TRK-1093,2026-05-23T14:07:48,35.429933,-83.013479,61.5
5820,TRK-1065,2026-05-23T14:26:53,36.141346,-82.611044,63.5
5821,TRK-1070,2026-05-23T14:50:46,33.038419,-83.79969,46.8
5822,TRK-1031,2026-05-23T15:04:56,32.06939,-78.183388,16.5
5823,TRK-1054,2026-05-23T15:05:40,34.79676,-81.885912,19.5
5824,TRK-1022,2026-05-23T15:06:43,34.39084,-75.902754,43.5
5825,TRK-1048,2026-05-23T15:10:35,32.056287,-77.552847,53.1
5826,TRK-1071,2026-05-23T15:22:44,34.996079,-75.856718,45.9
5827,TRK-1050,2026-05-23T15:29:21,34.263365,-78.150915,40.6
5828,TRK-1093,2026-05-23T15:33:56,35.610443,-83.484741,39.4
5829,TRK-1091,2026-05-23T15:53:39,35.825219,-83.598922,33.1
5830,TRK-1069,2026-05-23T16:16:42,35.720879,-79.646676,41.5
5831,TRK-1063,2026-05-23T16:17:53,36.688445,-83.426463,58.6
5832,TRK-1076,2026-05-23T16:36:52,34.169395,-78.363084,21.1
5833,TRK-1086,2026-05-23T16:53:59,36.084901,-83.670846,21.6
5834,TRK-1068,2026-05-23T17:29:47,36.765968,-83.954056,51.4
5835,TRK-1062,2026-05-23T18:17:12,32.764387,-78.798588,16.5
5836,TRK-1009,2026-05-23T18:21:42,33.895524,-77.402369,17.4
5837,TRK-1010,2026-05-23T18:21:47,36.493381,-80.053338,30.1
5838,TRK-1024,2026-05-23T18:43:36,33.328736,-82.92412,59.1
5839,TRK-1014,2026-05-23T18:44:00,34.691101,-80.231118,77.5
5840,TRK-1099,2026-05-23T19:07:05,33.617969,-77.619984,54.8
5841,TRK-1037,2026-05-23T19:22:34,32.40269,-76.961971,52.6
5842,TRK-1022,2026-05-23T20:06:18,33.70744,-79.834446,51.3
5843,TRK-1091,2026-05-23T20:09:11,32.380918,-83.83008,53.5
5844,TRK-1027,2026-05-23T20:23:42,34.889541,-77.158513,39.1
5845,TRK-1061,2026-05-23T20:33:57,36.208222,-84.003941,55.3
5846,TRK-1085,2026-05-23T20:41:14,34.103726,-84.492982,78.0
5847,TRK-1032,2026-05-23T20:49:18,34.803263,-80.597759,36.4
5848,TRK-1028,2026-05-23T20:54:30,35.587619,-79.040504,63.9
5849,TRK-1056,2026-05-23T21:36:32,35.324244,-83.505188,24.3
5850,TRK-1007,2026-05-23T22:11:52,33.514962,-79.037973,38.1
5851,TRK-1054,2026-05-23T22:15:21,33.270833,-80.60679,23.9
5852,TRK-1093,2026-05-23T22:38:35,32.339536,-75.2955,64.5
5853,TRK-1001,2026-05-23T23:27:04,35.220765,-83.875623,40.8
5854,TRK-1093,2026-05-23T23:46:22,34.705833,-76.849302,79.1
5855,TRK-1080,2026-05-24T00:14:27,35.034104,-83.970439,28.5
5856,TRK-1041,2026-05-24T00:21:52,33.124592,-76.460967,39.5
5857,TRK-1065,2026-05-24T01:21:01,34.927239,-76.594682,25.5
5858,TRK-1007,2026-05-24T01:38:31,36.905654,-77.499532,51.1
5859,TRK-1031,2026-05-24T01:47:22,35.170675,-76.591789,37.8
5860,TRK-1092,2026-05-24T02:00:51,33.910041,-83.456089,36.9
5861,TRK-1014,2026-05-24T02:06:54,32.663715,-75.367291,26.4
5862,TRK-1049,2026-05-24T03:04:09,36.673472,-80.415441,69.4
5863,TRK-1027,2026-05-24T03:08:47,32.8294,-84.070222,40.6
5864,TRK-1062,2026-05-24T03:13:02,32.606876,-83.920819,13.2
5865,TRK-1045,2026-05-24T03:13:09,35.126205,-80.663956,51.9
5866,TRK-1024,2026-05-24T03:50:42,32.570358,-75.295138,63.1
5867,TRK-1017,2026-05-24T03:55:03,32.190874,-78.983539,41.7
5868,TRK-1042,2026-05-24T04:10:50,35.221604,-82.293011,23.6
5869,TRK-1040,2026-05-24T04:54:02,33.734986,-78.937487,27.2
5870,TRK-1005,2026-05-24T04:55:39,33.776696,-83.809373,71.7
5871,TRK-1074,2026-05-24T04:56:26,36.580134,-76.573434,11.0
5872,TRK-1096,2026-05-24T04:57:49,36.61784,-83.52434,40.0
5873,TRK-1034,2026-05-24T05:06:17,35.98828,-81.363561,32.7
5874,TRK-1004,2026-05-24T05:40:33,36.51553,-84.482765,68.6
5875,TRK-1044,2026-05-24T05:52:11,32.568362,-83.686298,46.8
5876,TRK-1079,2026-05-24T06:11:33,35.088016,-82.472097,43.7
5877,TRK-1088,2026-05-24T06:31:22,33.879584,-84.426012,30.2
5878,TRK-1026,2026-05-24T06:33:28,34.977539,-80.930745,33.9
5879,TRK-1006,2026-05-24T06:59:20,34.890408,-80.775479,0.0
5880,TRK-1054,2026-05-24T07:05:10,33.726347,-81.34039,19.2
5881,TRK-1038,2026-05-24T07:38:24,36.82257,-79.607459,51.7
5882,TRK-1004,2026-05-24T07:45:02,34.798673,-81.665015,48.9
5883,TRK-1051,2026-05-24T07:45:45,35.499338,-78.850957,2.4
5884,TRK-1023,2026-05-24T08:03:00,32.321068,-75.943677,60.2
5885,TRK-1065,2026-05-24T08:08:08,35.114896,-75.544002,49.7
5886,TRK-1037,2026-05-24T08:14:42,33.932363,-83.242171,34.7
5887,TRK-1054,2026-05-24T08:14:52,32.545779,-75.704412,36.3
5888,TRK-1088,2026-05-24T08:16:16,36.905584,-80.257533,54.5
5889,TRK-1081,2026-05-24T08:34:20,36.859573,-83.68069,42.3
5890,TRK-1027,2026-05-24T09:05:47,33.960246,-82.666137,27.0
5891,TRK-1042,2026-05-24T09:08:29,36.856414,-82.248886,12.0
5892,TRK-1097,2026-05-24T09:10:03,36.820507,-81.744144,66.5
5893,TRK-1058,2026-05-24T09:42:40,33.206398,-75.27491,49.9
5894,TRK-1019,2026-05-24T09:44:57,34.963778,-80.652913,80.9
5895,TRK-1012,2026-05-24T10:07:00,34.10555,-78.685738,29.7
5896,TRK-1061,2026-05-24T10:07:59,36.539127,-81.449349,91.7
5897,TRK-1060,2026-05-24T10:35:43,33.936797,-84.464221,33.2
5898,TRK-1060,2026-05-24T10:39:58,35.304949,-81.020808,56.5
5899,TRK-1087,2026-05-24T10:56:32,35.337541,-75.831089,48.4
5900,TRK-1034,2026-05-24T10:57:21,33.240343,-75.110286,68.8
5901,TRK-1054,2026-05-24T10:58:01,33.573718,-75.309648,30.7
5902,TRK-1028,2026-05-24T11:11:07,33.604311,-81.631572,63.6
5903,TRK-1085,2026-05-24T11:19:25,35.812065,-78.479155,68.2
5904,TRK-1064,2026-05-24T11:34:09,33.621723,-81.227612,32.1
5905,TRK-1044,2026-05-24T11:42:21,32.177973,-80.185941,42.8
5906,TRK-1017,2026-05-24T11:47:27,35.866148,-83.489871,30.5
5907,TRK-1048,2026-05-24T12:08:54,36.941075,-77.920941,24.1
5908,TRK-1059,2026-05-24T12:09:22,33.839476,-81.927209,38.5
5909,TRK-1062,2026-05-24T12:13:36,35.641963,-75.870093,73.9
5910,TRK-1057,2026-05-24T12:19:56,34.055623,-80.878955,59.6
5911,TRK-1071,2026-05-24T12:35:43,32.995067,-80.991694,57.7
5912,TRK-1060,2026-05-24T12:41:58,35.885913,-77.509758,65.8
5913,TRK-1045,2026-05-24T12:43:03,35.151482,-83.375514,35.4
5914,TRK-1023,2026-05-24T12:49:44,32.613465,-80.888046,9.6
5915,TRK-1023,2026-05-24T12:51:54,35.663548,-79.493446,61.4
5916,TRK-1065,2026-05-24T13:05:00,32.778801,-79.929713,66.7
5917,TRK-1073,2026-05-24T13:10:21,32.43305,-83.490174,54.2
5918,TRK-1060,2026-05-24T13:42:41,33.659687,-80.011758,46.0
5919,TRK-1009,2026-05-24T13:54:53,32.057342,-79.832424,54.0
5920,TRK-1022,2026-05-24T14:00:53,33.013392,-76.106695,32.2
5921,TRK-1086,2026-05-24T14:32:51,32.418062,-76.244302,63.0
5922,TRK-1067,2026-05-24T14:33:37,32.232738,-83.04901,67.5
5923,TRK-1057,2026-05-24T14:37:28,33.407702,-75.253689,45.1
5924,TRK-1093,2026-05-24T14:43:34,36.493556,-82.489163,35.3
5925,TRK-1004,2026-05-24T14:50:44,36.649946,-83.722754,34.9
5926,TRK-1062,2026-05-24T14:51:37,32.482225,-80.390382,41.5
5927,TRK-1055,2026-05-24T14:59:21,33.323998,-76.911887,51.0
5928,TRK-1080,2026-05-24T15:13:56,32.49905,-77.611015,24.3
5929,TRK-1050,2026-05-24T15:18:16,36.769152,-77.315517,78.0
5930,TRK-1072,2026-05-24T16:11:32,33.53198,-77.673888,51.9
5931,TRK-1028,2026-05-24T16:34:08,35.727348,-81.841372,60.8
5932,TRK-1090,2026-05-24T16:48:30,33.120141,-75.923298,79.9
5933,TRK-1054,2026-05-24T17:30:19,36.929987,-76.922745,35.2
5934,TRK-1002,2026-05-24T17:30:49,34.790184,-76.19261,61.7
5935,TRK-1063,2026-05-24T17:31:25,33.100597,-79.042301,29.0
5936,TRK-1057,2026-05-24T17:38:26,35.84915,-80.289088,44.3
5937,TRK-1070,2026-05-24T18:13:19,33.225602,-78.508806,28.2
5938,TRK-1024,2026-05-24T18:26:29,36.46622,-77.134748,67.6
5939,TRK-1008,2026-05-24T18:30:04,34.73443,-84.342176,28.2
5940,TRK-1058,2026-05-24T18:35:42,33.653287,-76.908676,37.8
5941,TRK-1004,2026-05-24T19:18:23,32.199485,-79.346274,51.5
5942,TRK-1038,2026-05-24T19:26:41,36.681253,-77.575585,40.9
5943,TRK-1092,2026-05-24T19:29:21,33.709822,-81.080502,23.6
5944,TRK-1009,2026-05-24T19:31:38,35.794426,-75.533079,28.3
5945,TRK-1077,2026-05-24T19:32:39,36.568116,-77.527195,60.4
5946,TRK-1066,2026-05-24T19:37:07,36.571376,-77.399859,52.4
5947,TRK-1032,2026-05-24T19:37:37,33.401396,-75.932725,53.9
5948,TRK-1008,2026-05-24T19:42:05,35.848815,-83.886958,60.4
5949,TRK-1079,2026-05-24T19:53:53,34.752175,-82.220758,47.2
5950,TRK-1079,2026-05-24T19:56:54,32.577036,-76.100084,47.4
5951,TRK-1061,2026-05-24T20:38:53,35.566804,-82.204057,42.1
5952,TRK-1070,2026-05-24T20:47:33,32.440897,-76.572259,29.9
5953,TRK-1058,2026-05-24T21:16:01,35.21646,-78.662201,32.5
5954,TRK-1040,2026-05-24T21:18:21,35.844089,-82.856257,47.5
5955,TRK-1094,2026-05-24T21:41:40,33.11501,-79.493533,45.5
5956,TRK-1055,2026-05-24T21:42:52,33.586775,-79.721943,46.8
5957,TRK-1045,2026-05-24T21:46:47,36.871696,-82.517355,43.7
5958,TRK-1079,2026-05-24T21:56:05,32.071206,-75.813005,69.9
5959,TRK-1046,2026-05-24T22:03:13,32.651288,-83.604491,28.1
5960,TRK-1020,2026-05-24T22:05:24,32.139168,-79.992424,18.8
5961,TRK-1049,2026-05-24T22:12:35,36.208738,-80.633329,45.1
5962,TRK-1010,2026-05-24T22:46:12,33.105522,-77.398141,26.1
5963,TRK-1013,2026-05-24T22:56:11,36.648234,-79.294428,30.3
5964,TRK-1060,2026-05-24T23:22:57,33.336072,-76.406479,26.1
5965,TRK-1010,2026-05-24T23:57:23,33.769987,-82.97746,52.5
5966,TRK-1048,2026-05-25T00:16:43,33.095669,-81.749513,38.1
5967,TRK-1005,2026-05-25T00:34:45,36.091952,-78.813662,19.8
5968,TRK-1019,2026-05-25T00:36:06,36.597149,-80.311192,25.7
5969,TRK-1052,2026-05-25T02:03:30,34.227585,-81.944591,49.2
5970,TRK-1045,2026-05-25T02:14:16,36.714271,-79.598943,35.3
5971,TRK-1083,2026-05-25T02:25:05,36.0571,-84.257244,47.4
5972,TRK-1078,2026-05-25T02:34:29,34.863735,-82.908351,18.9
5973,TRK-1063,2026-05-25T02:36:57,32.973344,-76.516991,43.5
5974,TRK-1060,2026-05-25T03:11:39,34.656131,-75.527545,54.2
5975,TRK-1023,2026-05-25T03:17:46,34.652355,-79.349953,40.8
5976,TRK-1041,2026-05-25T03:33:38,34.810712,-84.248244,17.9
5977,TRK-1045,2026-05-25T03:39:26,34.779354,-81.23085,59.4
5978,TRK-1077,2026-05-25T03:58:46,33.367455,-79.044388,22.0
5979,TRK-1022,2026-05-25T04:01:08,33.505137,-79.172882,26.2
5980,TRK-1000,2026-05-25T04:12:59,35.203638,-81.749338,38.8
5981,TRK-1071,2026-05-25T04:25:46,36.995202,-83.98803,41.4
5982,TRK-1062,2026-05-25T04:28:32,36.908814,-78.829461,22.2
5983,TRK-1067,2026-05-25T04:35:18,36.387953,-75.936523,55.1
5984,TRK-1039,2026-05-25T04:44:31,36.410031,-82.082936,16.1
5985,TRK-1058,2026-05-25T04:51:00,33.463066,-75.276641,54.1
5986,TRK-1016,2026-05-25T04:55:09,35.624336,-79.312601,30.7
5987,TRK-1046,2026-05-25T05:04:05,35.404803,-80.822457,52.5
5988,TRK-1048,2026-05-25T05:14:41,33.987506,-77.513112,56.3
5989,TRK-1029,2026-05-25T05:35:41,36.829991,-78.37161,55.4
5990,TRK-1071,2026-05-25T05:54:41,33.653261,-78.354403,55.1
5991,TRK-1080,2026-05-25T06:01:17,35.129849,-84.121061,60.2
5992,TRK-1032,2026-05-25T06:21:10,34.163359,-79.358725,44.2
5993,TRK-1045,2026-05-25T06:32:50,32.180829,-78.74343,59.7
5994,TRK-1024,2026-05-25T07:15:15,36.358955,-80.995609,8.0
5995,TRK-1081,2026-05-25T07:29:39,34.760729,-81.30614,44.6
5996,TRK-1099,2026-05-25T07:33:31,35.841875,-77.556176,35.5
5997,TRK-1021,2026-05-25T07:34:19,32.760151,-80.698312,59.6
5998,TRK-1018,2026-05-25T07:59:15,36.647434,-76.494039,50.2
5999,TRK-1043,2026-05-25T07:59:38,35.643025,-76.767037,58.9
6000,TRK-1014,2026-05-25T08:07:26,34.826171,-79.357989,68.6
6001,TRK-1066,2026-05-25T08:14:49,33.850763,-75.4538,52.5
6002,TRK-1079,2026-05-25T08:31:51,33.676478,-79.992924,55.3
6003,TRK-1046,2026-05-25T08:37:59,36.511735,-78.81989,46.7
6004,TRK-1010,2026-05-25T08:39:42,35.464607,-80.991226,34.7
6005,TRK-1060,2026-05-25T08:58:52,33.153862,-83.309502,55.5
6006,TRK-1020,2026-05-25T09:10:50,35.448867,-83.908804,44.6
6007,TRK-1049,2026-05-25T09:35:39,36.992826,-81.887538,46.4
6008,TRK-1042,2026-05-25T09:37:16,34.94376,-82.413319,70.1
6009,TRK-1031,2026-05-25T10:22:04,34.205077,-82.649075,44.4
6010,TRK-1060,2026-05-25T10:23:02,34.525158,-78.907964,38.4
6011,TRK-1018,2026-05-25T10:41:19,33.177777,-79.413815,56.2
6012,TRK-1036,2026-05-25T10:42:57,32.760586,-82.383205,39.8
6013,TRK-1066,2026-05-25T10:47:11,34.207722,-83.21296,63.3
6014,TRK-1015,2026-05-25T11:05:34,35.288849,-77.924736,56.1
6015,TRK-1042,2026-05-25T11:06:20,33.228937,-83.185135,50.1
6016,TRK-1046,2026-05-25T11:39:10,33.936534,-82.243744,62.3
6017,TRK-1005,2026-05-25T11:46:10,33.647153,-77.997466,43.0
6018,TRK-1066,2026-05-25T12:18:05,35.643264,-78.603564,31.0
6019,TRK-1048,2026-05-25T12:21:39,34.236653,-77.442573,37.2
6020,TRK-1099,2026-05-25T12:23:31,35.666997,-82.677727,67.8
6021,TRK-1073,2026-05-25T12:29:36,32.938478,-82.354744,65.0
6022,TRK-1067,2026-05-25T12:38:18,35.804702,-76.188926,46.0
6023,TRK-1016,2026-05-25T12:40:28,36.192045,-76.202027,33.8
6024,TRK-1014,2026-05-25T12:41:05,32.742321,-83.648064,13.4
6025,TRK-1053,2026-05-25T12:42:00,36.685416,-84.314137,92.2
6026,TRK-1044,2026-05-25T12:42:51,36.848719,-76.138959,47.5
6027,TRK-1050,2026-05-25T12:51:11,34.505044,-75.792009,35.5
6028,TRK-1069,2026-05-25T13:20:05,33.544427,-82.232478,48.5
6029,TRK-1016,2026-05-25T13:21:35,33.081302,-81.252388,22.8
6030,TRK-1081,2026-05-25T14:17:24,34.676027,-79.820434,50.4
6031,TRK-1019,2026-05-25T14:24:55,36.281347,-81.295699,41.3
6032,TRK-1047,2026-05-25T14:25:09,35.084569,-82.329742,53.5
6033,TRK-1006,2026-05-25T14:38:30,34.482683,-83.449782,57.2
6034,TRK-1092,2026-05-25T15:01:57,35.809392,-84.422398,59.0
6035,TRK-1054,2026-05-25T15:04:51,35.045144,-82.64789,45.6
6036,TRK-1031,2026-05-25T15:11:36,33.243988,-83.338807,53.8
6037,TRK-1063,2026-05-25T15:17:26,34.840268,-76.678564,25.8
6038,TRK-1082,2026-05-25T15:21:54,35.140353,-84.010656,41.3
6039,TRK-1074,2026-05-25T15:29:15,36.005056,-75.585086,45.2
6040,TRK-1013,2026-05-25T15:37:50,34.311316,-76.110599,24.6
6041,TRK-1088,2026-05-25T15:40:47,33.932797,-83.26573,15.5
6042,TRK-1053,2026-05-25T16:01:46,32.761906,-76.243424,31.0
6043,TRK-1006,2026-05-25T16:02:30,34.544614,-81.778522,0.0
6044,TRK-1008,2026-05-25T16:05:59,35.104481,-81.016003,42.6
6045,TRK-1053,2026-05-25T16:09:50,34.519751,-79.911855,14.8
6046,TRK-1060,2026-05-25T16:33:47,36.132127,-82.880797,50.9
6047,TRK-1081,2026-05-25T16:41:35,32.935579,-75.978208,30.4
6048,TRK-1027,2026-05-25T16:53:24,35.342751,-83.730203,46.3
6049,TRK-1028,2026-05-25T17:06:00,32.685025,-76.237667,33.8
6050,TRK-1025,2026-05-25T17:13:52,34.202106,-75.531268,54.0
6051,TRK-1070,2026-05-25T17:23:14,34.23121,-79.371718,64.3
6052,TRK-1094,2026-05-25T17:38:50,32.219486,-84.25586,32.3
6053,TRK-1018,2026-05-25T17:45:46,34.207806,-78.151555,34.0
6054,TRK-1057,2026-05-25T18:07:37,33.246431,-80.086073,25.4
6055,TRK-1098,2026-05-25T18:39:58,34.800932,-83.012574,54.9
6056,TRK-1072,2026-05-25T18:47:00,34.148819,-75.768077,4.5
6057,TRK-1074,2026-05-25T18:51:27,32.658168,-81.740311,34.3
6058,TRK-1045,2026-05-25T19:06:30,33.070283,-76.970785,36.2
6059,TRK-1067,2026-05-25T19:17:48,36.376404,-83.024516,58.5
6060,TRK-1036,2026-05-25T19:30:53,33.163676,-76.895202,72.6
6061,TRK-1024,2026-05-25T19:37:29,32.158804,-83.714839,45.6
6062,TRK-1094,2026-05-25T19:43:31,32.311947,-83.115578,16.1
6063,TRK-1028,2026-05-25T19:45:01,32.281311,-81.053962,61.6
6064,TRK-1028,2026-05-25T20:03:36,33.936984,-77.875293,19.3
6065,TRK-1004,2026-05-25T20:08:59,32.021852,-76.842675,22.5
6066,TRK-1091,2026-05-25T20:09:19,32.603891,-78.992366,27.6
6067,TRK-1056,2026-05-25T20:11:26,34.465279,-75.593449,8.9
6068,TRK-1055,2026-05-25T20:20:05,35.607265,-77.745609,35.6
6069,TRK-1004,2026-05-25T20:36:43,34.826598,-83.610859,78.0
6070,TRK-1074,2026-05-25T20:38:44,33.253313,-76.590603,19.3
6071,TRK-1002,2026-05-25T21:10:23,36.413097,-76.117886,14.3
6072,TRK-1043,2026-05-25T21:52:17,32.710035,-82.023514,39.1
6073,TRK-1054,2026-05-25T22:07:10,33.19955,-76.043332,37.2
6074,TRK-1045,2026-05-25T23:19:05,34.887643,-77.030903,43.0
6075,TRK-1033,2026-05-25T23:43:48,35.785295,-84.430994,57.6
6076,TRK-1050,2026-05-25T23:44:21,35.346384,-79.320925,25.3
6077,TRK-1043,2026-05-26T00:22:24,33.511946,-80.330007,67.3
6078,TRK-1001,2026-05-26T00:23:46,32.747421,-78.245965,62.0
6079,TRK-1080,2026-05-26T01:22:33,34.582883,-77.696865,82.4
6080,TRK-1070,2026-05-26T01:58:47,33.777928,-78.572837,54.7
6081,TRK-1060,2026-05-26T02:26:50,36.338721,-77.702739,52.8
6082,TRK-1050,2026-05-26T02:27:14,35.202265,-75.28395,44.7
6083,TRK-1004,2026-05-26T02:45:22,36.912817,-81.041496,69.0
6084,TRK-1058,2026-05-26T02:47:47,35.820187,-83.310395,28.7
6085,TRK-1010,2026-05-26T02:57:06,36.239006,-76.863796,60.5
6086,TRK-1057,2026-05-26T03:08:54,32.955267,-76.1551,53.7
6087,TRK-1063,2026-05-26T03:32:26,36.687033,-82.806383,19.5
6088,TRK-1086,2026-05-26T03:34:00,33.436722,-77.294454,58.2
6089,TRK-1076,2026-05-26T04:20:18,33.115705,-79.632332,57.0
6090,TRK-1074,2026-05-26T04:21:52,36.950522,-78.073864,44.2
6091,TRK-1002,2026-05-26T04:32:08,34.209486,-78.920301,59.7
6092,TRK-1032,2026-05-26T04:45:21,34.2873,-79.253581,35.2
6093,TRK-1009,2026-05-26T04:47:16,35.865226,-77.027359,27.8
6094,TRK-1090,2026-05-26T04:53:15,35.077956,-81.009085,33.6
6095,TRK-1022,2026-05-26T04:58:03,32.842611,-83.789201,28.8
6096,TRK-1054,2026-05-26T05:07:57,32.610179,-76.745049,0.0
6097,TRK-1030,2026-05-26T05:18:07,33.237691,-75.730484,29.9
6098,TRK-1034,2026-05-26T05:18:10,36.878637,-83.997546,90.8
6099,TRK-1047,2026-05-26T05:38:15,32.071126,-82.598405,30.6
6100,TRK-1009,2026-05-26T05:51:30,33.964464,-81.894017,63.0
6101,TRK-1079,2026-05-26T05:59:58,32.194864,-82.130132,34.1
6102,TRK-1038,2026-05-26T06:00:45,35.72638,-75.379562,46.4
6103,TRK-1099,2026-05-26T06:23:07,32.358358,-75.050105,21.2
6104,TRK-1075,2026-05-26T06:32:41,32.424625,-75.68871,22.6
6105,TRK-1006,2026-05-26T06:37:22,33.926475,-83.765863,14.5
6106,TRK-1016,2026-05-26T06:39:40,34.433092,-76.57312,22.4
6107,TRK-1077,2026-05-26T06:48:55,34.142776,-79.223244,40.0
6108,TRK-1023,2026-05-26T06:57:02,34.80852,-75.181351,71.6
6109,TRK-1047,2026-05-26T06:57:08,35.552572,-76.487715,42.2
6110,TRK-1012,2026-05-26T06:59:30,36.695488,-82.225068,67.4
6111,TRK-1084,2026-05-26T07:51:43,33.780226,-78.072308,67.2
6112,TRK-1026,2026-05-26T08:00:40,32.4406,-83.555033,30.8
6113,TRK-1022,2026-05-26T08:05:02,36.081045,-84.031535,35.3
6114,TRK-1045,2026-05-26T08:14:53,36.088309,-77.514273,35.1
6115,TRK-1061,2026-05-26T08:16:06,35.00817,-80.732325,59.4
6116,TRK-1054,2026-05-26T08:40:02,32.24162,-81.729945,51.5
6117,TRK-1003,2026-05-26T08:54:51,32.748588,-76.904176,52.4
6118,TRK-1018,2026-05-26T09:11:43,36.880507,-81.711896,50.0
6119,TRK-1056,2026-05-26T09:53:33,33.066423,-79.989377,44.7
6120,TRK-1014,2026-05-26T10:04:47,34.502461,-83.806971,31.9
6121,TRK-1044,2026-05-26T10:14:29,35.483352,-78.932755,0.0
6122,TRK-1018,2026-05-26T10:26:21,32.849527,-76.61472,34.2
6123,TRK-1038,2026-05-26T10:40:51,34.979025,-82.284556,62.4
6124,TRK-1038,2026-05-26T10:47:58,33.643874,-81.178658,53.7
6125,TRK-1097,2026-05-26T10:57:34,33.337136,-81.729777,45.3
6126,TRK-1040,2026-05-26T11:32:02,34.892553,-84.367941,25.3
6127,TRK-1089,2026-05-26T11:50:02,32.677421,-76.953831,25.3
6128,TRK-1021,2026-05-26T12:03:46,36.800582,-82.506338,50.7
6129,TRK-1071,2026-05-26T12:12:59,36.250938,-83.991783,39.0
6130,TRK-1019,2026-05-26T12:31:16,36.310177,-83.984991,19.9
6131,TRK-1082,2026-05-26T12:36:08,34.049178,-81.126731,70.7
6132,TRK-1007,2026-05-26T12:38:14,32.899205,-75.50735,42.3
6133,TRK-1022,2026-05-26T13:40:00,33.502309,-75.016846,57.0
6134,TRK-1085,2026-05-26T13:53:06,34.845386,-76.67745,37.5
6135,TRK-1018,2026-05-26T14:09:59,36.133894,-77.851018,0.5
6136,TRK-1037,2026-05-26T14:16:06,36.295033,-78.391669,19.6
6137,TRK-1073,2026-05-26T14:16:49,33.36179,-78.892743,40.3
6138,TRK-1027,2026-05-26T14:23:19,35.461044,-84.130223,63.0
6139,TRK-1054,2026-05-26T14:27:59,36.153494,-83.424938,47.3
6140,TRK-1030,2026-05-26T14:55:05,35.115095,-81.027033,61.3
6141,TRK-1058,2026-05-26T15:05:15,36.49809,-76.753599,43.3
6142,TRK-1020,2026-05-26T15:09:07,36.380509,-84.144462,58.2
6143,TRK-1061,2026-05-26T15:11:02,35.721334,-78.28263,47.1
6144,TRK-1003,2026-05-26T15:26:28,35.28883,-83.737559,41.7
6145,TRK-1083,2026-05-26T15:51:26,32.189983,-76.562128,55.4
6146,TRK-1038,2026-05-26T16:04:26,35.214946,-75.789555,70.4
6147,TRK-1013,2026-05-26T16:07:10,32.264165,-83.064638,29.5
6148,TRK-1037,2026-05-26T16:10:34,32.251414,-81.518476,51.2
6149,TRK-1013,2026-05-26T16:17:48,32.021289,-83.99697,15.9
6150,TRK-1005,2026-05-26T16:19:55,32.239252,-77.039172,50.8
6151,TRK-1026,2026-05-26T16:37:32,36.430055,-80.446276,17.0
6152,TRK-1022,2026-05-26T16:54:10,36.968878,-77.828174,32.5
6153,TRK-1043,2026-05-26T17:26:52,32.79671,-77.086617,64.8
6154,TRK-1062,2026-05-26T17:47:50,32.290763,-76.727647,76.8
6155,TRK-1026,2026-05-26T17:55:19,32.320591,-81.017384,43.2
6156,TRK-1096,2026-05-26T18:18:58,32.504648,-77.293695,38.4
6157,TRK-1079,2026-05-26T18:21:12,34.581975,-76.494582,51.9
6158,TRK-1011,2026-05-26T18:23:37,34.474706,-80.516971,26.1
6159,TRK-1098,2026-05-26T18:26:07,34.356801,-82.866835,33.6
6160,TRK-1097,2026-05-26T18:40:36,33.967472,-78.981212,61.5
6161,TRK-1047,2026-05-26T18:40:54,36.426992,-76.976978,76.3
6162,TRK-1083,2026-05-26T18:42:16,33.941905,-78.071853,35.7
6163,TRK-1085,2026-05-26T18:49:12,34.948391,-78.163217,31.2
6164,TRK-1082,2026-05-26T18:56:02,35.251976,-76.125697,28.5
6165,TRK-1056,2026-05-26T18:58:37,32.618222,-75.779035,73.7
6166,TRK-1086,2026-05-26T18:59:07,32.427341,-75.784283,54.3
6167,TRK-1065,2026-05-26T18:59:54,36.876004,-82.491701,36.3
6168,TRK-1086,2026-05-26T19:25:48,32.762116,-80.253784,27.9
6169,TRK-1011,2026-05-26T19:33:34,32.137049,-80.535494,47.5
6170,TRK-1077,2026-05-26T19:38:11,33.199147,-81.664842,63.0
6171,TRK-1088,2026-05-26T19:43:22,34.285281,-76.598173,45.4
6172,TRK-1060,2026-05-26T19:57:04,34.385695,-77.526436,21.3
6173,TRK-1075,2026-05-26T20:05:21,32.094115,-81.770559,96.1
6174,TRK-1044,2026-05-26T20:12:43,32.843086,-78.822831,44.1
6175,TRK-1057,2026-05-26T21:27:44,35.15271,-76.299682,36.6
6176,TRK-1042,2026-05-26T21:45:25,34.85413,-75.540058,48.5
6177,TRK-1020,2026-05-26T21:46:35,35.257554,-75.662119,68.3
6178,TRK-1069,2026-05-26T22:44:42,35.145062,-80.211157,47.9
6179,TRK-1060,2026-05-26T22:56:46,32.279746,-80.874374,48.0
6180,TRK-1001,2026-05-26T23:02:54,35.336828,-76.169952,34.8
6181,TRK-1032,2026-05-26T23:03:36,32.71031,-79.665142,43.2
6182,TRK-1053,2026-05-26T23:27:22,35.478416,-79.113394,34.9
6183,TRK-1041,2026-05-26T23:33:36,32.323838,-81.496834,40.3
6184,TRK-1063,2026-05-26T23:37:09,35.800774,-80.074624,23.8
6185,TRK-1054,2026-05-26T23:45:18,35.904027,-78.176906,59.2
6186,TRK-1090,2026-05-27T00:42:58,36.721681,-81.724806,42.9
6187,TRK-1014,2026-05-27T00:48:25,33.256573,-81.460192,34.3
6188,TRK-1024,2026-05-27T00:50:26,33.838215,-80.294546,14.9
6189,TRK-1093,2026-05-27T00:58:12,35.58679,-80.221485,16.0
6190,TRK-1046,2026-05-27T01:08:10,36.249636,-78.833412,69.2
6191,TRK-1042,2026-05-27T01:15:48,33.640811,-77.873117,55.2
6192,TRK-1019,2026-05-27T01:41:11,32.333831,-79.522655,40.7
6193,TRK-1070,2026-05-27T01:48:29,35.445258,-83.743294,67.5
6194,TRK-1070,2026-05-27T02:04:33,33.993754,-83.292122,30.7
6195,TRK-1066,2026-05-27T02:23:06,33.336462,-77.283239,38.3
6196,TRK-1041,2026-05-27T02:23:42,32.887508,-77.26672,66.9
6197,TRK-1029,2026-05-27T02:25:33,33.318707,-77.848142,55.0
6198,TRK-1015,2026-05-27T02:53:12,34.307575,-83.066517,41.0
6199,TRK-1048,2026-05-27T02:59:22,33.752805,-83.313426,61.3
6200,TRK-1022,2026-05-27T03:14:28,32.456942,-76.829553,41.7
6201,TRK-1064,2026-05-27T03:15:08,35.009746,-76.23425,46.0
6202,TRK-1010,2026-05-27T04:27:39,35.560842,-80.675415,60.0
6203,TRK-1094,2026-05-27T04:33:28,34.666857,-81.932177,66.4
6204,TRK-1070,2026-05-27T05:16:17,35.835059,-76.233293,22.4
6205,TRK-1035,2026-05-27T05:18:16,35.288626,-81.367148,81.7
6206,TRK-1017,2026-05-27T05:34:37,35.878298,-82.975963,45.3
6207,TRK-1046,2026-05-27T06:59:11,33.588029,-83.062165,36.6
6208,TRK-1070,2026-05-27T07:54:16,34.213641,-83.224607,51.1
6209,TRK-1073,2026-05-27T08:10:06,32.858086,-82.522972,53.6
6210,TRK-1068,2026-05-27T08:18:55,36.703027,-82.003416,52.3
6211,TRK-1014,2026-05-27T08:50:06,36.135963,-82.993565,57.2
6212,TRK-1060,2026-05-27T08:52:11,32.001045,-77.740154,57.2
6213,TRK-1004,2026-05-27T08:53:59,35.120692,-81.459217,46.6
6214,TRK-1006,2026-05-27T08:56:39,36.399064,-79.819325,41.6
6215,TRK-1072,2026-05-27T08:58:52,32.884678,-75.556669,14.0
6216,TRK-1067,2026-05-27T09:07:03,33.778326,-77.885679,59.2
6217,TRK-1079,2026-05-27T09:39:38,35.508501,-78.484221,61.1
6218,TRK-1094,2026-05-27T09:52:54,36.577393,-79.386501,70.1
6219,TRK-1099,2026-05-27T10:20:23,34.333556,-79.071126,34.8
6220,TRK-1073,2026-05-27T10:33:33,33.450485,-83.936086,16.8
6221,TRK-1005,2026-05-27T10:48:18,33.834866,-80.469643,51.6
6222,TRK-1019,2026-05-27T10:49:48,36.346304,-82.660716,56.6
6223,TRK-1049,2026-05-27T10:51:56,35.117716,-77.272737,10.7
6224,TRK-1043,2026-05-27T10:56:42,32.564274,-83.543696,43.1
6225,TRK-1030,2026-05-27T11:15:43,35.960273,-84.493757,56.5
6226,TRK-1058,2026-05-27T11:41:59,32.627072,-82.357781,66.4
6227,TRK-1063,2026-05-27T11:50:02,34.33904,-79.51249,27.2
6228,TRK-1039,2026-05-27T12:02:19,32.281805,-84.319999,3.5
6229,TRK-1046,2026-05-27T12:03:17,33.602107,-83.049185,36.3
6230,TRK-1031,2026-05-27T12:04:01,36.323739,-81.127352,45.3
6231,TRK-1005,2026-05-27T12:06:45,36.198253,-84.283987,39.7
6232,TRK-1083,2026-05-27T12:10:46,35.617099,-76.896691,47.1
6233,TRK-1014,2026-05-27T12:13:46,34.552404,-82.505078,17.1
6234,TRK-1068,2026-05-27T12:25:23,32.285698,-80.080657,43.9
6235,TRK-1016,2026-05-27T12:37:41,34.907396,-76.369483,28.1
6236,TRK-1078,2026-05-27T12:47:36,33.239016,-78.959742,61.8
6237,TRK-1014,2026-05-27T12:47:57,35.464806,-82.847167,44.8
6238,TRK-1002,2026-05-27T13:04:28,33.996568,-76.506015,41.1
6239,TRK-1041,2026-05-27T13:05:18,32.464666,-83.178601,48.3
6240,TRK-1089,2026-05-27T13:33:07,33.119699,-83.825788,55.9
6241,TRK-1013,2026-05-27T13:39:58,32.656664,-82.992619,45.3
6242,TRK-1041,2026-05-27T13:46:38,34.437135,-79.345602,36.0
6243,TRK-1059,2026-05-27T14:02:17,32.16394,-77.571367,56.9
6244,TRK-1066,2026-05-27T14:14:45,33.191708,-82.164021,38.8
6245,TRK-1012,2026-05-27T14:27:41,35.065383,-75.591565,17.6
6246,TRK-1097,2026-05-27T15:23:25,32.234535,-75.13825,39.4
6247,TRK-1062,2026-05-27T15:36:44,36.545864,-80.958871,56.5
6248,TRK-1040,2026-05-27T15:56:19,34.636052,-82.609151,29.4
6249,TRK-1047,2026-05-27T15:57:23,34.929608,-83.086244,46.5
6250,TRK-1088,2026-05-27T15:57:44,33.915509,-84.218835,54.5
6251,TRK-1015,2026-05-27T15:58:18,33.882149,-77.968868,48.5
6252,TRK-1037,2026-05-27T16:02:42,32.886906,-78.878846,43.8
6253,TRK-1057,2026-05-27T16:13:07,35.024555,-76.18827,53.0
6254,TRK-1059,2026-05-27T16:18:46,35.507178,-81.272466,63.1
6255,TRK-1094,2026-05-27T16:37:20,34.447815,-82.016337,80.6
6256,TRK-1003,2026-05-27T16:42:38,35.372463,-83.806549,38.1
6257,TRK-1041,2026-05-27T16:57:39,35.360004,-76.100379,22.6
6258,TRK-1020,2026-05-27T17:21:06,34.387273,-76.090625,52.2
6259,TRK-1035,2026-05-27T17:36:59,35.349499,-84.122134,56.0
6260,TRK-1014,2026-05-27T17:48:50,34.743736,-78.330777,75.5
6261,TRK-1001,2026-05-27T18:20:38,34.471213,-80.876506,19.2
6262,TRK-1089,2026-05-27T18:37:07,36.985525,-78.484242,40.1
6263,TRK-1028,2026-05-27T18:50:16,36.023951,-83.095897,43.0
6264,TRK-1030,2026-05-27T18:51:10,33.198173,-76.044105,52.1
6265,TRK-1056,2026-05-27T19:02:05,32.703853,-77.186637,61.4
6266,TRK-1052,2026-05-27T19:31:33,34.273538,-79.406226,35.3
6267,TRK-1041,2026-05-27T19:32:11,35.157542,-77.162091,29.1
6268,TRK-1030,2026-05-27T19:33:05,33.302626,-80.436101,72.1
6269,TRK-1039,2026-05-27T19:43:30,36.428008,-75.452408,52.6
6270,TRK-1092,2026-05-27T19:50:11,34.436047,-83.095743,56.5
6271,TRK-1068,2026-05-27T19:54:42,34.039259,-84.142157,25.1
6272,TRK-1045,2026-05-27T19:57:24,32.628961,-79.613187,23.2
6273,TRK-1039,2026-05-27T20:08:37,33.535422,-75.213295,25.0
6274,TRK-1091,2026-05-27T20:39:42,33.966664,-83.69517,52.4
6275,TRK-1027,2026-05-27T20:39:56,34.774807,-78.999881,41.9
6276,TRK-1060,2026-05-27T20:58:59,36.090596,-80.510676,79.5
6277,TRK-1020,2026-05-27T21:13:08,34.806395,-82.199192,46.3
6278,TRK-1088,2026-05-27T21:15:56,36.429316,-83.343466,15.4
6279,TRK-1009,2026-05-27T21:23:52,36.02708,-82.978024,51.7
6280,TRK-1045,2026-05-27T22:02:26,36.508416,-81.382186,40.5
6281,TRK-1097,2026-05-27T22:16:56,33.206353,-80.826523,56.3
6282,TRK-1035,2026-05-27T22:30:28,32.846314,-83.278725,56.0
6283,TRK-1067,2026-05-27T22:44:08,35.052833,-80.32011,58.7
6284,TRK-1095,2026-05-27T23:00:03,35.32398,-78.962682,36.5
6285,TRK-1085,2026-05-27T23:00:28,35.213582,-80.727988,50.1
6286,TRK-1043,2026-05-27T23:08:38,35.511301,-80.606208,52.6
6287,TRK-1037,2026-05-27T23:15:06,33.399039,-82.856104,45.8
6288,TRK-1042,2026-05-27T23:19:20,36.705863,-82.630183,40.5
6289,TRK-1062,2026-05-27T23:20:19,33.581726,-78.011079,76.2
6290,TRK-1030,2026-05-27T23:45:50,33.175753,-77.748096,49.7
6291,TRK-1035,2026-05-27T23:58:24,35.890497,-75.892178,63.8
6292,TRK-1082,2026-05-28T00:06:29,36.919972,-79.929819,47.7
6293,TRK-1013,2026-05-28T00:26:08,32.530669,-76.581811,60.2
6294,TRK-1099,2026-05-28T00:27:03,33.902491,-77.024593,70.2
6295,TRK-1094,2026-05-28T00:34:23,32.333912,-78.511821,43.2
6296,TRK-1056,2026-05-28T00:56:50,34.805832,-83.951786,39.1
6297,TRK-1037,2026-05-28T00:57:04,36.571367,-77.130774,24.5
6298,TRK-1071,2026-05-28T01:02:30,35.213055,-79.358503,55.4
6299,TRK-1056,2026-05-28T01:03:29,34.675155,-82.181144,13.5
6300,TRK-1080,2026-05-28T01:10:12,35.082485,-77.22155,40.1
6301,TRK-1025,2026-05-28T01:12:05,32.508297,-82.586154,47.6
6302,TRK-1019,2026-05-28T01:13:31,33.948513,-77.671283,47.9
6303,TRK-1060,2026-05-28T01:36:17,32.091678,-84.162076,44.8
6304,TRK-1086,2026-05-28T01:38:12,35.957513,-76.951848,57.5
6305,TRK-1048,2026-05-28T01:44:29,33.979232,-81.941804,41.9
6306,TRK-1027,2026-05-28T01:47:17,32.621868,-78.097811,46.4
6307,TRK-1067,2026-05-28T02:19:42,33.832516,-76.992324,35.2
6308,TRK-1053,2026-05-28T02:27:10,36.231724,-75.988402,41.9
6309,TRK-1054,2026-05-28T02:31:07,32.887315,-75.318294,40.1
6310,TRK-1036,2026-05-28T02:56:37,33.029932,-77.738276,64.7
6311,TRK-1044,2026-05-28T03:00:43,35.342061,-75.053631,44.9
6312,TRK-1087,2026-05-28T03:13:28,36.864676,-76.02213,28.7
6313,TRK-1022,2026-05-28T03:25:14,33.433398,-79.415742,36.9
6314,TRK-1084,2026-05-28T03:32:24,33.893012,-84.441858,50.2
6315,TRK-1090,2026-05-28T03:54:54,33.32515,-82.850151,48.7
6316,TRK-1039,2026-05-28T03:57:26,35.128357,-82.132059,65.8
6317,TRK-1073,2026-05-28T04:05:32,36.405656,-82.408197,11.8
6318,TRK-1003,2026-05-28T04:47:01,35.895973,-76.798541,0.6
6319,TRK-1080,2026-05-28T04:48:21,36.59052,-77.564104,35.3
6320,TRK-1079,2026-05-28T04:50:25,35.697928,-81.40049,30.0
6321,TRK-1057,2026-05-28T04:52:54,33.572156,-84.384777,39.7
6322,TRK-1023,2026-05-28T04:54:06,35.744819,-81.299025,55.9
6323,TRK-1015,2026-05-28T05:01:30,34.695973,-83.992297,74.1
6324,TRK-1011,2026-05-28T05:19:10,34.600748,-81.546633,39.6
6325,TRK-1007,2026-05-28T05:30:42,33.489265,-82.460076,25.2
6326,TRK-1007,2026-05-28T05:38:01,35.615691,-80.134794,55.5
6327,TRK-1063,2026-05-28T05:50:20,35.408056,-81.115981,28.8
6328,TRK-1021,2026-05-28T05:58:16,35.855642,-80.066896,69.0
6329,TRK-1051,2026-05-28T05:58:24,32.764566,-79.465307,23.5
6330,TRK-1058,2026-05-28T06:23:00,35.319766,-77.340393,66.0
6331,TRK-1000,2026-05-28T06:30:10,34.719866,-77.598588,26.7
6332,TRK-1012,2026-05-28T06:33:29,33.937099,-75.360905,42.7
6333,TRK-1095,2026-05-28T06:38:10,36.957881,-75.506992,30.9
6334,TRK-1011,2026-05-28T06:52:44,35.550071,-80.947793,53.2
6335,TRK-1053,2026-05-28T07:00:30,34.339572,-83.394618,62.0
6336,TRK-1022,2026-05-28T07:11:16,34.124275,-82.37465,34.3
6337,TRK-1057,2026-05-28T07:13:32,35.627877,-82.083357,41.2
6338,TRK-1022,2026-05-28T07:14:03,33.219312,-80.370488,2.2
6339,TRK-1084,2026-05-28T07:14:56,34.277242,-75.838831,49.5
6340,TRK-1065,2026-05-28T07:31:27,36.49414,-79.554481,82.2
6341,TRK-1069,2026-05-28T07:36:16,32.95224,-75.656265,83.9
6342,TRK-1032,2026-05-28T07:43:20,34.133868,-82.172706,42.4
6343,TRK-1046,2026-05-28T07:52:46,35.157368,-75.166422,48.9
6344,TRK-1012,2026-05-28T08:52:54,33.345934,-80.316939,44.7
6345,TRK-1072,2026-05-28T09:06:24,32.579494,-77.635966,32.1
6346,TRK-1004,2026-05-28T09:43:13,36.965006,-76.229085,61.0
6347,TRK-1073,2026-05-28T10:32:25,35.502147,-80.96817,23.9
6348,TRK-1093,2026-05-28T10:38:27,32.751265,-83.978372,32.7
6349,TRK-1085,2026-05-28T10:46:42,35.47487,-79.586558,82.5
6350,TRK-1014,2026-05-28T11:20:11,33.0946,-75.166034,42.5
6351,TRK-1049,2026-05-28T11:24:41,34.355239,-82.121273,23.4
6352,TRK-1042,2026-05-28T11:38:51,35.503244,-84.262142,20.5
6353,TRK-1014,2026-05-28T11:40:08,35.323147,-82.799264,38.7
6354,TRK-1022,2026-05-28T11:44:52,35.698026,-78.822088,49.2
6355,TRK-1023,2026-05-28T11:59:33,35.521856,-83.401296,43.3
6356,TRK-1078,2026-05-28T12:12:00,33.579727,-78.001068,41.2
6357,TRK-1021,2026-05-28T12:18:25,32.829411,-83.866227,33.4
6358,TRK-1038,2026-05-28T12:35:47,33.380722,-83.675672,32.7
6359,TRK-1058,2026-05-28T12:38:10,36.647695,-82.92217,58.4
6360,TRK-1081,2026-05-28T13:00:41,35.665592,-79.740702,34.7
6361,TRK-1061,2026-05-28T13:21:28,36.207944,-83.524226,38.4
6362,TRK-1006,2026-05-28T13:31:15,33.258967,-83.84784,4.8
6363,TRK-1009,2026-05-28T13:50:00,32.679245,-81.311054,27.8
6364,TRK-1086,2026-05-28T14:18:55,34.490699,-77.535628,56.7
6365,TRK-1023,2026-05-28T14:39:02,34.140447,-79.435114,57.0
6366,TRK-1089,2026-05-28T14:41:47,35.706627,-78.905726,57.1
6367,TRK-1053,2026-05-28T14:44:10,32.487041,-82.108212,24.2
6368,TRK-1032,2026-05-28T14:51:32,34.773676,-77.448473,30.5
6369,TRK-1019,2026-05-28T15:08:39,32.781219,-81.057444,31.4
6370,TRK-1033,2026-05-28T15:23:32,33.217097,-81.866614,25.2
6371,TRK-1062,2026-05-28T15:24:03,32.088007,-80.612614,71.3
6372,TRK-1068,2026-05-28T15:29:26,35.839193,-80.769861,50.4
6373,TRK-1090,2026-05-28T15:30:22,33.54975,-81.26815,29.4
6374,TRK-1002,2026-05-28T16:33:59,34.799495,-81.462489,1.1
6375,TRK-1033,2026-05-28T16:49:41,36.327066,-79.346322,59.8
6376,TRK-1059,2026-05-28T16:59:01,32.453096,-79.46068,61.6
6377,TRK-1036,2026-05-28T16:59:07,34.139158,-76.878784,51.0
6378,TRK-1008,2026-05-28T17:01:34,34.430748,-76.560372,33.4
6379,TRK-1093,2026-05-28T17:36:25,34.613022,-75.263836,26.3
6380,TRK-1033,2026-05-28T18:00:19,34.231666,-81.265388,25.9
6381,TRK-1069,2026-05-28T18:15:43,34.653293,-78.193001,37.7
6382,TRK-1057,2026-05-28T18:16:22,36.311619,-80.927742,39.0
6383,TRK-1048,2026-05-28T18:35:41,36.746877,-77.000852,52.7
6384,TRK-1057,2026-05-28T18:44:39,34.270641,-82.607244,34.1
6385,TRK-1020,2026-05-28T19:10:30,35.731673,-81.403868,39.8
6386,TRK-1038,2026-05-28T19:17:07,36.68168,-83.015755,34.2
6387,TRK-1015,2026-05-28T19:35:56,35.964858,-79.619676,50.4
6388,TRK-1026,2026-05-28T19:47:06,32.60609,-79.629257,43.9
6389,TRK-1045,2026-05-28T19:49:47,36.653633,-81.832827,51.3
6390,TRK-1039,2026-05-28T20:00:39,34.991537,-75.045468,26.5
6391,TRK-1020,2026-05-28T20:10:04,33.541048,-79.620642,57.0
6392,TRK-1080,2026-05-28T20:32:00,33.637428,-84.443389,7.5
6393,TRK-1052,2026-05-28T20:33:31,34.372301,-83.769314,79.9
6394,TRK-1028,2026-05-28T20:37:56,35.409781,-78.417558,32.6
6395,TRK-1023,2026-05-28T20:47:44,34.982158,-83.197132,50.1
6396,TRK-1015,2026-05-28T20:50:50,35.621096,-75.379455,28.5
6397,TRK-1003,2026-05-28T20:50:52,34.612791,-76.883651,75.9
6398,TRK-1045,2026-05-28T20:53:39,35.213665,-78.78192,49.9
6399,TRK-1036,2026-05-28T21:22:30,33.779075,-75.786401,73.1
6400,TRK-1004,2026-05-28T21:27:20,33.145579,-75.178901,49.1
6401,TRK-1073,2026-05-28T21:45:47,34.451006,-83.377304,59.2
6402,TRK-1007,2026-05-28T21:47:17,33.014322,-77.045923,53.1
6403,TRK-1009,2026-05-28T21:58:48,33.223269,-81.059374,45.4
6404,TRK-1084,2026-05-28T22:10:18,34.502537,-81.207249,40.4
6405,TRK-1040,2026-05-28T22:20:44,35.318426,-81.430611,38.4
6406,TRK-1025,2026-05-28T22:21:49,33.049124,-80.8107,39.9
6407,TRK-1077,2026-05-28T23:08:53,36.049411,-81.732017,66.6
6408,TRK-1000,2026-05-28T23:11:51,32.209442,-75.214598,52.4
6409,TRK-1008,2026-05-28T23:32:14,32.202525,-75.170787,44.6
6410,TRK-1092,2026-05-29T00:37:44,36.42078,-84.311491,70.9
6411,TRK-1080,2026-05-29T00:41:03,34.299273,-79.59317,49.4
6412,TRK-1072,2026-05-29T00:44:04,35.721379,-81.594119,29.5
6413,TRK-1065,2026-05-29T01:33:31,34.196291,-84.08782,29.5
6414,TRK-1069,2026-05-29T01:36:36,35.285919,-77.513432,42.9
6415,TRK-1003,2026-05-29T01:43:40,34.143066,-76.292664,21.8
6416,TRK-1041,2026-05-29T02:11:38,36.014172,-82.768713,58.2
6417,TRK-1025,2026-05-29T02:19:42,35.74714,-80.807716,33.9
6418,TRK-1042,2026-05-29T02:23:28,36.044526,-75.494275,72.8
6419,TRK-1069,2026-05-29T02:44:32,32.794634,-83.639287,62.1
6420,TRK-1003,2026-05-29T02:50:38,36.973508,-75.48546,10.6
6421,TRK-1094,2026-05-29T02:53:34,33.258164,-83.138489,35.5
6422,TRK-1002,2026-05-29T02:56:27,36.288828,-80.507651,40.4
6423,TRK-1085,2026-05-29T03:00:14,33.106933,-81.917095,41.4
6424,TRK-1032,2026-05-29T03:09:54,34.454215,-81.350011,50.9
6425,TRK-1086,2026-05-29T03:13:27,33.992593,-75.909646,47.3
6426,TRK-1064,2026-05-29T03:35:31,35.028897,-75.729047,62.0
6427,TRK-1038,2026-05-29T03:37:14,34.295605,-78.806973,54.0
6428,TRK-1061,2026-05-29T04:39:10,35.54728,-80.430044,24.6
6429,TRK-1015,2026-05-29T05:08:10,34.155497,-82.886462,35.2
6430,TRK-1019,2026-05-29T05:27:59,32.454437,-81.354228,42.2
6431,TRK-1091,2026-05-29T05:31:56,33.770395,-77.188724,15.4
6432,TRK-1052,2026-05-29T06:13:56,34.740887,-76.544088,15.5
6433,TRK-1027,2026-05-29T06:23:00,32.59133,-84.410941,56.5
6434,TRK-1033,2026-05-29T06:34:07,34.9389,-75.889208,37.3
6435,TRK-1050,2026-05-29T07:00:52,36.75581,-80.073593,40.1
6436,TRK-1074,2026-05-29T07:20:23,32.237179,-78.458291,22.0
6437,TRK-1081,2026-05-29T07:54:23,35.002328,-83.730034,25.9
6438,TRK-1035,2026-05-29T08:17:36,35.700047,-76.267442,45.8
6439,TRK-1004,2026-05-29T08:31:57,34.671242,-78.895836,42.2
6440,TRK-1037,2026-05-29T09:09:00,35.479712,-80.091198,63.2
6441,TRK-1005,2026-05-29T09:24:15,32.226292,-79.310973,65.8
6442,TRK-1041,2026-05-29T09:35:58,32.233526,-78.715742,43.3
6443,TRK-1049,2026-05-29T09:51:59,33.947902,-80.749638,38.5
6444,TRK-1028,2026-05-29T09:53:13,36.94117,-76.308457,37.7
6445,TRK-1099,2026-05-29T09:57:08,32.417301,-80.876601,50.8
6446,TRK-1006,2026-05-29T10:03:48,34.188282,-80.645452,50.2
6447,TRK-1034,2026-05-29T10:29:48,33.20945,-82.300197,64.3
6448,TRK-1035,2026-05-29T10:45:25,34.103323,-82.120646,71.2
6449,TRK-1061,2026-05-29T10:59:58,35.841945,-80.122336,54.7
6450,TRK-1036,2026-05-29T11:38:57,34.566883,-84.009113,53.3
6451,TRK-1035,2026-05-29T11:50:51,33.581541,-80.059762,21.2
6452,TRK-1051,2026-05-29T12:03:05,33.36317,-76.698668,28.2
6453,TRK-1081,2026-05-29T12:05:44,36.802706,-84.400015,49.1
6454,TRK-1031,2026-05-29T12:07:40,36.928769,-83.204483,61.2
6455,TRK-1080,2026-05-29T12:45:05,32.962901,-77.026949,34.4
6456,TRK-1064,2026-05-29T12:57:22,33.791726,-78.042577,50.7
6457,TRK-1083,2026-05-29T13:27:09,32.266896,-77.952294,47.2
6458,TRK-1042,2026-05-29T13:38:01,32.606228,-78.955065,63.5
6459,TRK-1011,2026-05-29T13:47:43,35.243396,-82.132805,18.0
6460,TRK-1009,2026-05-29T13:58:45,36.022738,-82.269021,60.7
6461,TRK-1074,2026-05-29T14:13:28,36.69335,-78.741627,54.3
6462,TRK-1005,2026-05-29T14:21:02,35.592093,-80.336524,52.8
6463,TRK-1093,2026-05-29T14:33:43,34.67054,-80.101342,71.4
6464,TRK-1014,2026-05-29T14:53:19,35.449165,-76.342282,34.0
6465,TRK-1055,2026-05-29T15:23:49,32.371534,-76.79322,16.1
6466,TRK-1013,2026-05-29T15:26:33,35.089846,-80.923557,33.6
6467,TRK-1064,2026-05-29T15:54:15,32.434751,-84.267172,48.8
6468,TRK-1077,2026-05-29T16:13:35,32.441062,-78.355298,9.5
6469,TRK-1064,2026-05-29T16:45:31,33.034488,-79.754724,77.2
6470,TRK-1027,2026-05-29T16:48:06,35.409644,-76.539787,30.3
6471,TRK-1050,2026-05-29T17:03:45,32.742498,-83.204245,33.6
6472,TRK-1060,2026-05-29T17:21:17,34.424621,-84.355586,28.4
6473,TRK-1078,2026-05-29T17:28:39,35.320039,-77.376796,13.4
6474,TRK-1000,2026-05-29T17:36:31,34.959853,-78.564131,41.0
6475,TRK-1013,2026-05-29T17:41:42,33.28713,-82.414441,49.6
6476,TRK-1039,2026-05-29T18:02:27,35.244951,-77.794132,49.9
6477,TRK-1032,2026-05-29T18:13:48,36.682011,-80.92418,42.5
6478,TRK-1006,2026-05-29T18:18:02,32.058888,-75.485815,24.2
6479,TRK-1029,2026-05-29T18:29:02,35.406486,-80.297087,8.2
6480,TRK-1071,2026-05-29T18:31:46,34.554731,-82.833663,47.6
6481,TRK-1060,2026-05-29T18:41:10,33.431659,-75.876924,36.2
6482,TRK-1088,2026-05-29T18:50:59,33.153902,-76.512768,32.9
6483,TRK-1045,2026-05-29T18:51:41,33.483982,-76.648897,45.1
6484,TRK-1044,2026-05-29T19:22:02,34.128152,-77.595995,64.3
6485,TRK-1051,2026-05-29T19:36:13,34.912728,-79.890868,41.4
6486,TRK-1022,2026-05-29T19:38:45,32.229297,-80.846364,28.2
6487,TRK-1039,2026-05-29T19:58:10,34.199674,-84.304811,38.6
6488,TRK-1013,2026-05-29T20:10:54,36.585526,-80.769889,74.1
6489,TRK-1074,2026-05-29T20:13:58,35.485765,-83.083133,35.0
6490,TRK-1025,2026-05-29T20:25:53,33.469132,-81.151153,53.3
6491,TRK-1005,2026-05-29T20:50:10,34.884322,-81.767118,46.8
6492,TRK-1045,2026-05-29T21:10:03,35.881474,-75.747494,22.0
6493,TRK-1031,2026-05-29T21:50:23,36.368062,-83.142049,58.1
6494,TRK-1048,2026-05-29T22:01:14,34.430846,-82.438219,18.7
6495,TRK-1077,2026-05-29T22:03:13,33.557781,-82.950183,47.6
6496,TRK-1078,2026-05-29T22:03:30,34.43386,-82.262163,30.2
6497,TRK-1097,2026-05-29T22:25:20,32.441228,-83.929167,39.1
6498,TRK-1088,2026-05-29T22:33:54,34.507675,-77.525819,55.3
6499,TRK-1018,2026-05-29T22:36:31,36.74705,-75.557939,53.0
6500,TRK-1078,2026-05-29T22:43:21,36.954515,-76.046336,48.8
6501,TRK-1086,2026-05-29T22:53:22,34.17941,-84.244622,60.8
6502,TRK-1098,2026-05-29T23:05:02,33.245008,-78.130103,32.3
6503,TRK-1095,2026-05-29T23:22:41,35.841422,-81.292891,63.8
6504,TRK-1047,2026-05-29T23:29:13,35.447186,-77.39506,7.7
6505,TRK-1055,2026-05-29T23:29:45,36.392781,-76.896104,11.8
6506,TRK-1000,2026-05-29T23:40:27,36.020462,-83.796696,56.0
6507,TRK-1005,2026-05-30T00:06:52,36.709985,-83.491739,51.7
6508,TRK-1079,2026-05-30T00:35:15,36.163033,-78.997271,46.7
6509,TRK-1020,2026-05-30T00:42:00,32.293979,-78.105506,45.9
6510,TRK-1033,2026-05-30T01:17:07,35.487751,-82.386066,48.9
6511,TRK-1035,2026-05-30T01:34:27,36.089395,-77.222644,49.9
6512,TRK-1032,2026-05-30T01:35:47,33.60545,-83.16359,26.8
6513,TRK-1016,2026-05-30T01:36:53,34.915112,-81.818364,48.9
6514,TRK-1031,2026-05-30T01:57:43,35.535163,-81.120769,35.6
6515,TRK-1053,2026-05-30T01:59:37,36.674074,-75.854638,58.6
6516,TRK-1099,2026-05-30T02:26:58,33.718167,-83.78994,36.5
6517,TRK-1058,2026-05-30T02:31:39,35.55468,-83.097108,39.6
6518,TRK-1069,2026-05-30T02:43:49,36.757569,-81.840635,30.9
6519,TRK-1090,2026-05-30T02:45:53,32.612625,-82.337398,58.3
6520,TRK-1042,2026-05-30T03:25:20,33.152266,-75.582229,45.1
6521,TRK-1037,2026-05-30T03:26:25,35.788554,-83.112452,25.3
6522,TRK-1003,2026-05-30T03:42:12,34.12574,-79.768129,40.0
6523,TRK-1012,2026-05-30T03:50:56,36.798612,-81.562581,52.2
6524,TRK-1028,2026-05-30T03:54:02,35.130609,-82.052678,78.8
6525,TRK-1010,2026-05-30T04:15:24,36.631136,-76.708257,24.4
6526,TRK-1033,2026-05-30T04:45:07,32.190573,-83.733142,11.5
6527,TRK-1052,2026-05-30T05:13:35,35.784593,-78.866282,76.5
6528,TRK-1021,2026-05-30T05:24:34,33.736671,-81.774148,72.8
6529,TRK-1089,2026-05-30T05:30:50,36.085357,-79.511613,36.4
6530,TRK-1038,2026-05-30T05:52:48,35.895764,-77.192752,17.5
6531,TRK-1031,2026-05-30T06:19:06,32.304155,-79.420133,60.8
6532,TRK-1046,2026-05-30T06:21:14,36.320855,-82.404735,71.6
6533,TRK-1038,2026-05-30T06:37:02,35.260176,-75.6399,36.5
6534,TRK-1080,2026-05-30T06:44:09,36.898962,-84.224901,19.4
6535,TRK-1034,2026-05-30T06:52:59,36.948309,-77.845927,14.5
6536,TRK-1015,2026-05-30T06:55:36,34.307375,-75.671621,28.6
6537,TRK-1003,2026-05-30T07:26:38,32.046563,-77.30802,73.6
6538,TRK-1022,2026-05-30T07:41:40,36.126765,-76.642389,55.1
6539,TRK-1030,2026-05-30T08:17:04,33.07497,-83.711516,61.2
6540,TRK-1012,2026-05-30T08:42:47,36.548077,-77.050166,58.4
6541,TRK-1047,2026-05-30T08:43:22,34.662834,-81.812463,47.0
6542,TRK-1038,2026-05-30T08:49:52,33.993631,-75.056377,37.3
6543,TRK-1057,2026-05-30T09:36:43,34.693252,-75.117422,69.2
6544,TRK-1002,2026-05-30T09:37:19,34.506534,-77.00241,55.6
6545,TRK-1057,2026-05-30T10:05:41,36.483807,-79.348641,41.6
6546,TRK-1027,2026-05-30T10:05:49,33.403582,-80.648103,38.9
6547,TRK-1070,2026-05-30T10:17:18,35.995361,-82.651883,45.6
6548,TRK-1016,2026-05-30T10:27:40,32.596723,-78.48696,59.1
6549,TRK-1072,2026-05-30T10:44:25,33.948723,-84.182477,43.9
6550,TRK-1011,2026-05-30T10:49:50,35.598914,-78.391533,14.6
6551,TRK-1006,2026-05-30T10:51:06,35.9177,-84.063329,49.4
6552,TRK-1080,2026-05-30T10:55:15,34.176858,-75.394163,19.7
6553,TRK-1028,2026-05-30T11:25:22,34.297479,-77.709314,46.1
6554,TRK-1009,2026-05-30T11:36:36,35.713988,-77.506936,39.9
6555,TRK-1068,2026-05-30T11:44:09,36.010596,-82.114307,53.6
6556,TRK-1067,2026-05-30T11:55:56,35.848896,-79.514855,55.5
6557,TRK-1009,2026-05-30T12:18:29,36.138919,-75.696303,50.0
6558,TRK-1067,2026-05-30T12:25:23,36.538505,-80.516553,31.6
6559,TRK-1046,2026-05-30T12:32:36,35.047245,-82.68329,57.3
6560,TRK-1098,2026-05-30T12:35:08,32.424593,-83.068603,42.6
6561,TRK-1083,2026-05-30T12:42:00,34.108731,-80.190126,40.7
6562,TRK-1081,2026-05-30T12:43:47,33.514209,-77.950796,78.5
6563,TRK-1017,2026-05-30T13:00:54,33.389737,-77.791214,64.1
6564,TRK-1099,2026-05-30T13:07:40,34.114527,-81.494593,47.1
6565,TRK-1053,2026-05-30T13:08:53,33.307127,-83.868524,43.6
6566,TRK-1004,2026-05-30T13:39:04,36.523942,-78.500262,33.1
6567,TRK-1085,2026-05-30T13:42:39,33.041112,-79.98635,53.3
6568,TRK-1022,2026-05-30T13:50:30,34.686438,-77.82892,64.8
6569,TRK-1067,2026-05-30T13:51:35,35.139022,-83.27555,42.8
6570,TRK-1028,2026-05-30T14:10:52,32.858952,-75.832112,21.6
6571,TRK-1026,2026-05-30T14:11:38,36.37034,-83.460133,23.0
6572,TRK-1006,2026-05-30T14:12:05,33.00358,-81.665154,35.5
6573,TRK-1087,2026-05-30T14:23:12,36.904406,-79.344304,14.6
6574,TRK-1031,2026-05-30T14:29:25,33.961938,-78.402223,44.3
6575,TRK-1097,2026-05-30T14:34:03,35.479603,-79.554615,28.1
6576,TRK-1031,2026-05-30T14:38:39,34.494317,-84.457698,26.8
6577,TRK-1007,2026-05-30T14:40:28,33.385931,-75.026664,40.7
6578,TRK-1032,2026-05-30T15:01:59,32.770434,-77.042232,17.7
6579,TRK-1046,2026-05-30T15:11:46,32.122184,-77.601199,18.1
6580,TRK-1010,2026-05-30T15:17:13,35.796423,-77.621645,41.2
6581,TRK-1026,2026-05-30T15:17:52,32.143088,-83.710339,57.9
6582,TRK-1038,2026-05-30T15:22:41,36.619567,-77.288741,50.1
6583,TRK-1046,2026-05-30T15:22:44,34.294603,-77.809732,47.8
6584,TRK-1007,2026-05-30T15:31:54,34.15238,-77.775225,10.3
6585,TRK-1084,2026-05-30T16:00:20,34.982391,-75.065995,33.8
6586,TRK-1042,2026-05-30T16:58:32,35.974683,-77.614233,59.3
6587,TRK-1059,2026-05-30T17:35:46,35.392591,-77.342947,46.9
6588,TRK-1098,2026-05-30T18:21:57,35.107721,-76.951099,36.0
6589,TRK-1026,2026-05-30T18:37:58,34.959264,-79.142141,65.9
6590,TRK-1081,2026-05-30T18:54:18,35.489968,-81.372395,37.4
6591,TRK-1016,2026-05-30T18:58:58,33.432934,-82.678192,45.0
6592,TRK-1008,2026-05-30T19:13:15,35.391709,-76.975435,68.5
6593,TRK-1042,2026-05-30T19:16:50,33.870386,-82.977549,23.1
6594,TRK-1074,2026-05-30T20:01:14,34.254835,-76.671646,37.1
6595,TRK-1001,2026-05-30T20:25:18,35.591134,-78.045917,38.5
6596,TRK-1036,2026-05-30T20:28:19,32.940349,-80.297422,11.3
6597,TRK-1080,2026-05-30T20:30:19,36.131049,-81.663556,61.2
6598,TRK-1029,2026-05-30T20:32:28,34.383794,-75.341542,43.4
6599,TRK-1048,2026-05-30T20:55:06,33.245507,-77.098314,35.7
6600,TRK-1038,2026-05-30T21:06:18,34.093204,-77.353733,54.2
6601,TRK-1036,2026-05-30T21:09:42,34.457918,-78.270256,45.9
6602,TRK-1034,2026-05-30T21:12:04,34.890514,-75.128061,90.3
6603,TRK-1043,2026-05-30T21:16:28,35.801556,-80.349543,35.1
6604,TRK-1017,2026-05-30T21:22:50,34.505823,-78.474812,75.2
6605,TRK-1063,2026-05-30T21:25:20,32.106843,-79.219665,29.8
6606,TRK-1000,2026-05-30T21:40:14,33.415684,-80.55416,45.2
6607,TRK-1075,2026-05-30T21:54:12,36.628222,-82.233197,29.7
6608,TRK-1014,2026-05-30T22:04:35,32.871152,-79.978654,46.0
6609,TRK-1009,2026-05-30T22:05:08,32.77993,-82.75196,51.6
6610,TRK-1077,2026-05-30T22:17:40,36.687978,-78.706104,50.4
6611,TRK-1092,2026-05-30T22:24:51,32.686977,-76.775767,29.0
6612,TRK-1087,2026-05-30T22:27:36,34.284427,-84.012086,1.4
6613,TRK-1064,2026-05-30T22:32:20,36.328531,-83.768927,44.5
6614,TRK-1088,2026-05-30T22:34:43,32.878187,-79.315903,23.4
6615,TRK-1054,2026-05-30T22:40:27,35.627046,-77.123084,39.2
6616,TRK-1053,2026-05-30T23:07:22,36.219205,-81.457814,43.9
6617,TRK-1019,2026-05-30T23:22:35,36.818589,-80.139342,75.6
6618,TRK-1069,2026-05-30T23:42:26,33.516091,-80.24847,38.2
6619,TRK-1012,2026-05-31T00:32:58,33.89739,-79.300371,29.9
6620,TRK-1069,2026-05-31T00:46:19,32.683437,-81.091635,56.2
6621,TRK-1098,2026-05-31T00:47:33,35.158907,-75.039986,76.6
6622,TRK-1079,2026-05-31T00:50:58,32.285836,-77.795042,31.5
6623,TRK-1041,2026-05-31T01:09:39,34.520524,-79.246335,99.3
6624,TRK-1000,2026-05-31T01:11:33,36.929866,-78.365995,66.8
6625,TRK-1047,2026-05-31T01:16:02,35.140449,-79.512552,57.3
6626,TRK-1000,2026-05-31T01:48:32,36.759195,-78.223292,46.7
6627,TRK-1001,2026-05-31T02:08:24,33.503277,-83.313846,72.9
6628,TRK-1079,2026-05-31T02:15:40,32.045721,-83.78401,52.3
6629,TRK-1029,2026-05-31T03:14:19,32.631916,-75.372526,14.0
6630,TRK-1026,2026-05-31T03:16:06,36.123262,-81.513594,34.3
6631,TRK-1041,2026-05-31T03:17:23,34.849531,-75.417236,40.9
6632,TRK-1000,2026-05-31T03:39:11,36.712792,-76.053893,25.3
6633,TRK-1048,2026-05-31T03:58:53,36.799226,-78.481403,32.1
6634,TRK-1063,2026-05-31T04:02:19,32.682339,-84.370335,44.8
6635,TRK-1000,2026-05-31T04:05:51,35.155734,-83.625814,37.2
6636,TRK-1094,2026-05-31T04:08:24,35.496608,-80.460601,34.4
6637,TRK-1058,2026-05-31T04:39:29,32.016902,-82.600304,32.2
6638,TRK-1053,2026-05-31T04:49:29,33.920291,-78.154245,0.0
6639,TRK-1049,2026-05-31T05:04:09,33.784706,-75.085148,41.7
6640,TRK-1003,2026-05-31T05:10:12,36.678032,-76.838877,26.5
6641,TRK-1092,2026-05-31T05:37:32,32.94527,-80.758264,39.8
6642,TRK-1074,2026-05-31T05:55:50,36.91191,-76.262152,49.1
6643,TRK-1066,2026-05-31T05:57:52,33.335809,-83.814157,45.7
6644,TRK-1069,2026-05-31T06:09:25,36.657159,-83.413188,62.1
6645,TRK-1065,2026-05-31T06:23:39,35.631904,-82.932785,50.2
6646,TRK-1000,2026-05-31T06:34:55,35.567905,-80.967243,54.8
6647,TRK-1039,2026-05-31T08:13:45,35.428451,-75.634668,33.5
6648,TRK-1034,2026-05-31T08:29:28,34.837164,-79.401622,46.1
6649,TRK-1050,2026-05-31T08:56:26,35.209554,-79.750134,27.8
6650,TRK-1062,2026-05-31T09:04:59,36.49278,-76.962819,44.2
6651,TRK-1071,2026-05-31T09:09:09,34.191401,-84.270886,71.2
6652,TRK-1025,2026-05-31T09:13:13,36.770999,-78.732843,49.7
6653,TRK-1011,2026-05-31T09:31:35,35.928482,-84.010105,18.4
6654,TRK-1009,2026-05-31T09:37:53,32.05333,-82.122399,42.5
6655,TRK-1058,2026-05-31T10:27:56,34.889749,-77.724244,69.5
6656,TRK-1032,2026-05-31T10:28:38,33.485733,-75.070199,38.5
6657,TRK-1040,2026-05-31T10:40:26,32.428857,-84.427815,21.4
6658,TRK-1055,2026-05-31T10:45:00,36.726675,-84.446837,45.9
6659,TRK-1076,2026-05-31T11:05:31,36.756338,-76.466285,58.0
6660,TRK-1065,2026-05-31T11:23:01,36.398945,-80.096883,75.7
6661,TRK-1072,2026-05-31T11:38:54,33.09925,-83.832782,43.1
6662,TRK-1070,2026-05-31T11:56:15,34.791155,-76.02876,19.9
6663,TRK-1026,2026-05-31T12:11:51,34.877471,-79.744788,48.7
6664,TRK-1027,2026-05-31T12:42:51,36.667773,-79.558943,47.2
6665,TRK-1068,2026-05-31T12:45:31,35.145185,-82.904659,52.9
6666,TRK-1000,2026-05-31T12:52:19,33.767727,-78.639725,39.6
6667,TRK-1012,2026-05-31T13:16:56,32.380794,-84.35728,11.5
6668,TRK-1065,2026-05-31T13:18:17,35.011337,-83.818261,89.5
6669,TRK-1075,2026-05-31T13:42:49,32.043088,-81.554907,46.0
6670,TRK-1063,2026-05-31T13:43:54,34.476394,-81.364361,52.8
6671,TRK-1035,2026-05-31T14:06:22,33.819468,-83.511598,16.5
6672,TRK-1012,2026-05-31T14:19:04,35.898188,-82.42416,60.3
6673,TRK-1059,2026-05-31T14:20:24,34.686665,-80.898368,43.3
6674,TRK-1078,2026-05-31T14:32:24,35.576182,-76.966422,41.2
6675,TRK-1060,2026-05-31T15:06:02,32.312358,-75.001504,49.3
6676,TRK-1015,2026-05-31T15:12:31,35.028867,-80.310778,33.2
6677,TRK-1027,2026-05-31T15:20:40,32.624507,-78.699666,37.2
6678,TRK-1008,2026-05-31T15:25:02,35.751233,-82.484604,54.4
6679,TRK-1069,2026-05-31T16:05:24,32.121398,-75.942615,26.5
6680,TRK-1034,2026-05-31T16:20:17,36.814108,-82.688824,45.8
6681,TRK-1005,2026-05-31T16:26:22,33.452245,-76.482249,68.0
6682,TRK-1001,2026-05-31T16:48:58,35.512712,-77.332467,28.9
6683,TRK-1048,2026-05-31T17:48:57,34.070121,-79.325602,51.0
6684,TRK-1034,2026-05-31T18:02:59,33.959954,-80.169014,21.0
6685,TRK-1089,2026-05-31T18:09:20,36.885653,-82.183344,22.2
6686,TRK-1054,2026-05-31T18:16:56,32.156809,-80.732765,34.7
6687,TRK-1032,2026-05-31T18:22:53,34.7462,-82.057993,18.5
6688,TRK-1016,2026-05-31T18:38:12,34.536703,-80.19595,28.6
6689,TRK-1012,2026-05-31T19:20:40,36.898654,-79.106784,42.1
6690,TRK-1066,2026-05-31T19:37:45,32.692587,-76.761327,45.0
6691,TRK-1076,2026-05-31T20:05:07,34.295307,-84.187569,25.5
6692,TRK-1062,2026-05-31T21:07:18,36.598574,-77.781671,33.9
6693,TRK-1022,2026-05-31T21:09:01,35.787361,-77.55114,42.6
6694,TRK-1097,2026-05-31T21:17:31,33.897561,-76.373552,54.7
6695,TRK-1056,2026-05-31T21:36:13,34.007345,-81.396962,32.5
6696,TRK-1021,2026-05-31T21:56:06,35.020091,-81.664702,32.5
6697,TRK-1036,2026-05-31T22:25:38,32.376551,-83.57918,37.0
6698,TRK-1007,2026-05-31T22:34:41,33.574413,-77.913465,62.5
6699,TRK-1010,2026-05-31T22:59:03,36.435982,-77.175348,36.1
6700,TRK-1097,2026-05-31T23:02:44,34.507903,-82.373762,41.9
6701,TRK-1037,2026-05-31T23:06:00,36.016754,-77.195272,46.5
6702,TRK-1066,2026-05-31T23:08:32,36.538292,-80.405893,0.4
6703,TRK-1032,2026-05-31T23:11:27,34.449382,-76.827825,15.4
6704,TRK-1096,2026-05-31T23:14:08,34.262109,-78.564817,38.7
6705,TRK-1059,2026-05-31T23:48:18,33.779783,-83.987118,38.9
6706,TRK-1031,2026-05-31T23:49:56,34.481857,-75.713067,82.6
6707,TRK-1086,2026-06-01T00:03:45,35.597843,-78.576276,50.3
6708,TRK-1090,2026-06-01T00:04:18,32.135575,-78.505379,60.7
6709,TRK-1050,2026-06-01T00:13:46,32.132714,-77.39831,43.1
6710,TRK-1076,2026-06-01T00:17:06,32.928287,-84.13845,42.7
6711,TRK-1076,2026-06-01T00:19:29,32.470605,-76.875797,23.5
6712,TRK-1016,2026-06-01T00:29:13,35.867006,-84.412326,8.1
6713,TRK-1020,2026-06-01T00:33:39,34.166138,-82.83724,51.4
6714,TRK-1037,2026-06-01T00:39:38,32.443413,-81.507208,49.2
6715,TRK-1028,2026-06-01T00:40:38,33.417366,-80.006177,26.9
6716,TRK-1021,2026-06-01T00:41:09,32.185959,-77.180011,50.6
6717,TRK-1022,2026-06-01T01:24:23,35.936358,-80.653916,55.2
6718,TRK-1014,2026-06-01T01:27:33,34.323542,-77.575656,14.7
6719,TRK-1041,2026-06-01T01:31:32,35.031956,-81.392367,49.3
6720,TRK-1062,2026-06-01T01:39:26,32.876523,-78.195205,14.2
6721,TRK-1019,2026-06-01T02:18:21,35.366991,-81.158668,47.4
6722,TRK-1024,2026-06-01T02:24:25,33.110307,-80.563538,52.9
6723,TRK-1014,2026-06-01T02:29:05,32.549499,-83.855703,16.9
6724,TRK-1016,2026-06-01T02:32:49,34.144812,-77.625919,17.4
6725,TRK-1089,2026-06-01T02:39:53,35.019842,-81.16462,36.5
6726,TRK-1051,2026-06-01T02:50:27,35.150647,-83.830442,74.2
6727,TRK-1035,2026-06-01T02:57:22,34.961075,-77.302272,59.5
6728,TRK-1051,2026-06-01T03:04:21,32.108151,-82.83588,23.6
6729,TRK-1078,2026-06-01T03:47:40,34.750858,-78.482082,53.8
6730,TRK-1069,2026-06-01T04:32:01,34.436271,-81.527305,39.2
6731,TRK-1094,2026-06-01T04:33:17,35.999466,-75.444571,49.3
6732,TRK-1084,2026-06-01T04:52:44,32.31722,-76.344364,60.2
6733,TRK-1067,2026-06-01T05:08:12,36.261468,-79.025577,54.5
6734,TRK-1070,2026-06-01T05:11:12,32.8376,-81.819787,30.5
6735,TRK-1068,2026-06-01T05:18:16,36.679579,-84.366781,89.6
6736,TRK-1015,2026-06-01T05:52:16,36.804715,-83.039375,59.8
6737,TRK-1040,2026-06-01T05:52:55,33.734334,-82.311048,69.2
6738,TRK-1067,2026-06-01T05:54:47,36.742034,-81.21468,40.4
6739,TRK-1082,2026-06-01T06:00:20,34.108986,-84.134186,54.5
6740,TRK-1087,2026-06-01T06:18:44,36.047101,-81.324037,37.4
6741,TRK-1046,2026-06-01T06:33:04,32.973978,-75.906789,56.9
6742,TRK-1088,2026-06-01T06:34:24,36.959958,-82.132139,41.1
6743,TRK-1064,2026-06-01T06:45:05,34.438459,-84.096329,23.7
6744,TRK-1022,2026-06-01T07:14:11,33.570875,-82.249478,26.1
6745,TRK-1087,2026-06-01T07:22:55,33.562243,-80.317967,71.5
6746,TRK-1072,2026-06-01T07:33:46,34.014316,-79.159884,30.6
6747,TRK-1093,2026-06-01T07:37:39,36.354756,-79.048764,34.8
6748,TRK-1007,2026-06-01T07:50:25,36.19539,-84.142932,35.3
6749,TRK-1043,2026-06-01T07:53:19,32.045289,-81.225782,68.6
6750,TRK-1073,2026-06-01T08:17:42,34.444431,-78.932915,59.8
6751,TRK-1090,2026-06-01T08:24:15,34.591586,-75.696491,55.4
6752,TRK-1034,2026-06-01T08:32:05,35.009576,-80.382983,48.5
6753,TRK-1036,2026-06-01T08:51:54,36.908275,-83.909145,32.8
6754,TRK-1033,2026-06-01T09:12:11,33.087154,-79.215293,71.5
6755,TRK-1097,2026-06-01T09:15:18,33.544815,-75.525417,37.1
6756,TRK-1064,2026-06-01T09:27:44,34.91523,-84.388848,31.9
6757,TRK-1073,2026-06-01T09:29:34,32.322934,-82.004541,53.4
6758,TRK-1081,2026-06-01T09:35:51,34.48821,-83.279759,30.3
6759,TRK-1031,2026-06-01T09:40:42,34.658328,-84.320423,46.5
6760,TRK-1064,2026-06-01T09:49:47,34.093643,-75.553682,37.6
6761,TRK-1029,2026-06-01T09:53:14,35.945663,-77.203884,31.7
6762,TRK-1033,2026-06-01T10:08:04,33.449119,-76.400959,26.3
6763,TRK-1066,2026-06-01T10:52:32,35.637035,-82.951744,19.6
6764,TRK-1036,2026-06-01T11:27:48,36.593819,-78.748595,21.1
6765,TRK-1004,2026-06-01T11:31:30,33.011565,-80.027725,71.2
6766,TRK-1088,2026-06-01T11:40:27,36.354288,-81.611096,39.1
6767,TRK-1041,2026-06-01T11:49:05,35.669884,-81.414001,57.2
6768,TRK-1065,2026-06-01T11:54:11,35.505528,-77.362315,32.3
6769,TRK-1077,2026-06-01T11:54:31,36.204056,-76.443388,43.8
6770,TRK-1082,2026-06-01T12:18:21,34.011893,-83.878063,36.2
6771,TRK-1093,2026-06-01T12:20:04,35.45552,-77.213233,9.6
6772,TRK-1018,2026-06-01T12:34:36,32.871724,-82.663202,23.0
6773,TRK-1013,2026-06-01T12:40:54,36.734547,-83.331775,50.9
6774,TRK-1058,2026-06-01T12:48:35,32.700159,-75.140793,57.7
6775,TRK-1066,2026-06-01T12:54:15,32.185076,-79.885302,50.9
6776,TRK-1069,2026-06-01T13:04:05,35.755206,-77.900576,43.6
6777,TRK-1025,2026-06-01T13:14:36,35.984187,-84.030675,36.7
6778,TRK-1054,2026-06-01T13:42:25,34.222212,-84.496594,25.3
6779,TRK-1081,2026-06-01T13:48:57,36.298461,-77.839255,34.7
6780,TRK-1005,2026-06-01T13:51:18,32.769366,-79.760561,80.9
6781,TRK-1019,2026-06-01T14:17:50,33.705788,-79.651535,75.3
6782,TRK-1024,2026-06-01T14:30:45,33.841511,-82.790286,21.6
6783,TRK-1038,2026-06-01T14:34:25,36.026766,-76.99397,65.2
6784,TRK-1021,2026-06-01T14:38:13,36.220332,-76.397495,34.4
6785,TRK-1054,2026-06-01T14:45:41,35.409528,-81.541076,83.9
6786,TRK-1091,2026-06-01T14:55:55,32.880277,-80.785141,15.6
6787,TRK-1053,2026-06-01T15:00:37,32.845126,-82.744813,48.4
6788,TRK-1017,2026-06-01T15:09:33,36.224693,-75.8975,55.0
6789,TRK-1056,2026-06-01T15:13:58,33.829125,-78.673645,66.7
6790,TRK-1015,2026-06-01T15:19:43,32.641769,-77.060715,23.6
6791,TRK-1018,2026-06-01T15:22:35,35.907435,-77.632254,34.6
6792,TRK-1071,2026-06-01T15:47:32,32.872971,-83.71177,45.6
6793,TRK-1002,2026-06-01T16:01:46,35.316375,-81.257732,56.3
6794,TRK-1002,2026-06-01T16:02:18,33.823162,-76.239069,52.1
6795,TRK-1078,2026-06-01T16:22:14,32.3869,-79.348257,67.8
6796,TRK-1098,2026-06-01T16:26:17,34.856022,-75.677563,50.8
6797,TRK-1010,2026-06-01T16:27:30,34.283944,-82.579593,14.1
6798,TRK-1083,2026-06-01T16:36:15,34.454704,-81.01395,24.3
6799,TRK-1052,2026-06-01T17:00:22,34.929982,-77.234404,32.1
6800,TRK-1074,2026-06-01T17:20:38,36.190644,-83.36932,55.3
6801,TRK-1019,2026-06-01T17:38:28,32.644046,-76.570788,47.9
6802,TRK-1001,2026-06-01T17:49:20,33.870226,-79.299284,40.9
6803,TRK-1091,2026-06-01T18:44:58,36.420101,-83.963403,31.7
6804,TRK-1036,2026-06-01T19:20:39,36.542178,-81.663066,58.8
6805,TRK-1071,2026-06-01T19:56:49,34.86009,-82.371262,41.2
6806,TRK-1003,2026-06-01T20:12:37,35.346848,-78.778938,22.3
6807,TRK-1037,2026-06-01T20:36:45,36.208885,-75.45376,18.1
6808,TRK-1049,2026-06-01T20:41:44,36.975045,-81.434338,45.9
6809,TRK-1093,2026-06-01T20:59:04,33.679442,-84.075357,50.3
6810,TRK-1027,2026-06-01T21:04:24,36.764977,-82.888794,18.2
6811,TRK-1034,2026-06-01T21:12:44,33.147346,-81.657372,60.5
6812,TRK-1002,2026-06-01T21:27:48,32.955047,-82.700924,6.6
6813,TRK-1078,2026-06-01T21:45:07,33.647371,-83.540845,58.1
6814,TRK-1081,2026-06-01T21:45:58,33.708349,-79.267547,12.6
6815,TRK-1073,2026-06-01T22:15:13,34.624795,-76.090929,53.9
6816,TRK-1017,2026-06-01T22:16:27,36.065162,-84.483539,64.7
6817,TRK-1068,2026-06-01T22:23:49,32.345094,-81.138844,71.7
6818,TRK-1063,2026-06-01T22:32:44,35.962939,-81.31882,33.9
6819,TRK-1057,2026-06-01T22:57:47,33.3058,-77.373519,28.3
6820,TRK-1027,2026-06-01T23:18:20,33.995013,-77.640465,43.3
6821,TRK-1037,2026-06-01T23:22:32,34.254398,-83.142939,38.9
6822,TRK-1085,2026-06-01T23:27:29,33.404362,-79.551443,57.1
6823,TRK-1038,2026-06-01T23:28:22,33.821176,-81.604258,57.6
6824,TRK-1047,2026-06-01T23:28:26,35.97525,-79.113041,59.7
6825,TRK-1012,2026-06-01T23:55:44,33.084084,-78.508823,36.8
6826,TRK-1000,2026-06-01T23:58:55,34.49244,-79.569786,37.2
6827,TRK-1067,2026-06-02T00:08:52,36.205467,-83.390475,69.9
6828,TRK-1095,2026-06-02T00:11:34,33.765805,-75.45702,60.4
6829,TRK-1069,2026-06-02T00:13:41,34.313354,-78.872847,69.6
6830,TRK-1056,2026-06-02T00:26:39,34.068975,-82.594697,0.0
6831,TRK-1065,2026-06-02T00:46:31,35.015934,-75.651185,46.1
6832,TRK-1033,2026-06-02T00:49:14,34.756683,-78.35343,40.6
6833,TRK-1023,2026-06-02T01:01:27,34.71905,-78.876023,36.0
6834,TRK-1082,2026-06-02T01:05:48,36.473994,-82.157317,38.8
6835,TRK-1097,2026-06-02T01:14:03,36.346249,-76.822875,27.3
6836,TRK-1013,2026-06-02T01:26:42,34.969433,-76.744792,49.0
6837,TRK-1060,2026-06-02T01:28:11,34.53122,-82.035572,52.9
6838,TRK-1064,2026-06-02T01:38:14,33.690216,-78.5563,32.0
6839,TRK-1098,2026-06-02T02:06:22,35.78694,-83.961723,37.2
6840,TRK-1050,2026-06-02T02:37:46,32.01671,-75.835726,23.6
6841,TRK-1095,2026-06-02T02:50:50,33.880648,-76.028323,57.6
6842,TRK-1020,2026-06-02T03:03:55,34.718393,-76.152906,0.8
6843,TRK-1098,2026-06-02T03:10:11,32.897906,-80.208473,43.6
6844,TRK-1007,2026-06-02T03:13:02,35.344104,-82.461899,50.0
6845,TRK-1049,2026-06-02T03:14:31,35.592794,-84.068797,47.6
6846,TRK-1005,2026-06-02T03:22:08,36.450389,-83.80668,59.9
6847,TRK-1080,2026-06-02T03:23:49,32.088488,-79.981003,24.4
6848,TRK-1002,2026-06-02T04:25:00,34.571547,-83.731992,52.8
6849,TRK-1019,2026-06-02T04:53:59,36.582811,-82.004761,54.3
6850,TRK-1037,2026-06-02T05:15:48,33.826005,-77.820006,34.5
6851,TRK-1006,2026-06-02T05:19:14,36.809697,-79.164304,34.0
6852,TRK-1081,2026-06-02T05:23:54,32.408337,-76.380466,47.7
6853,TRK-1076,2026-06-02T05:30:16,32.193689,-83.43613,55.1
6854,TRK-1078,2026-06-02T05:31:18,32.054029,-77.477275,50.3
6855,TRK-1062,2026-06-02T05:38:44,34.002775,-78.876343,74.5
6856,TRK-1043,2026-06-02T05:40:10,35.759022,-81.539927,52.7
6857,TRK-1021,2026-06-02T05:46:34,35.186303,-82.257487,37.2
6858,TRK-1038,2026-06-02T05:54:21,34.004655,-81.930304,48.0
6859,TRK-1028,2026-06-02T05:58:50,35.469878,-82.921582,44.9
6860,TRK-1016,2026-06-02T05:59:25,34.915169,-81.936098,45.4
6861,TRK-1045,2026-06-02T06:01:29,36.980822,-78.257939,21.1
6862,TRK-1045,2026-06-02T06:36:10,32.399859,-78.680605,65.5
6863,TRK-1088,2026-06-02T06:42:33,35.101195,-75.92609,69.3
6864,TRK-1053,2026-06-02T07:14:18,35.512821,-84.339647,75.4
6865,TRK-1020,2026-06-02T07:27:19,34.33889,-77.652218,36.6
6866,TRK-1021,2026-06-02T07:29:07,35.799056,-75.965032,34.6
6867,TRK-1074,2026-06-02T07:50:25,32.682525,-77.675808,34.8
6868,TRK-1028,2026-06-02T08:03:05,32.093455,-79.524407,65.7
6869,TRK-1021,2026-06-02T08:21:37,36.695428,-81.766738,68.0
6870,TRK-1020,2026-06-02T08:25:37,35.420737,-77.124924,52.7
6871,TRK-1071,2026-06-02T08:33:31,35.190297,-81.081211,49.1
6872,TRK-1024,2026-06-02T08:56:00,33.864829,-82.830346,34.9
6873,TRK-1030,2026-06-02T09:27:11,35.120308,-79.59884,65.2
6874,TRK-1009,2026-06-02T09:28:39,34.220894,-76.518004,53.0
6875,TRK-1016,2026-06-02T09:55:35,32.602743,-82.454773,56.3
6876,TRK-1035,2026-06-02T10:00:37,36.665038,-75.112568,40.2
6877,TRK-1097,2026-06-02T10:24:18,34.412083,-84.176012,26.0
6878,TRK-1051,2026-06-02T10:41:27,34.416616,-77.45633,25.1
6879,TRK-1070,2026-06-02T10:45:56,36.228183,-83.666745,57.9
6880,TRK-1076,2026-06-02T10:48:51,32.610632,-77.418279,48.0
6881,TRK-1028,2026-06-02T10:58:47,32.326157,-79.907861,26.6
6882,TRK-1092,2026-06-02T11:03:15,35.48747,-81.110673,59.2
6883,TRK-1086,2026-06-02T11:07:42,32.2939,-78.426502,54.2
6884,TRK-1004,2026-06-02T11:29:54,34.705654,-78.797721,43.5
6885,TRK-1018,2026-06-02T11:38:58,32.778319,-76.998294,30.1
6886,TRK-1030,2026-06-02T11:53:30,33.525908,-81.699641,63.5
6887,TRK-1058,2026-06-02T12:16:08,36.45867,-83.967282,49.2
6888,TRK-1086,2026-06-02T12:19:49,34.558031,-82.234352,40.7
6889,TRK-1085,2026-06-02T12:47:14,34.545068,-78.3652,8.6
6890,TRK-1010,2026-06-02T13:06:19,35.220806,-79.322204,50.3
6891,TRK-1024,2026-06-02T13:09:08,35.838874,-82.05597,37.4
6892,TRK-1038,2026-06-02T13:20:14,33.671195,-79.627051,64.9
6893,TRK-1089,2026-06-02T13:51:52,35.952263,-81.469197,27.5
6894,TRK-1009,2026-06-02T13:59:38,36.455853,-82.327998,24.8
6895,TRK-1093,2026-06-02T14:04:26,34.733646,-83.475976,73.2
6896,TRK-1058,2026-06-02T14:05:53,33.298931,-76.737124,29.7
6897,TRK-1095,2026-06-02T14:11:13,33.062076,-78.870907,20.6
6898,TRK-1037,2026-06-02T14:15:25,34.540912,-79.803161,2.8
6899,TRK-1002,2026-06-02T14:15:59,34.777363,-77.79369,74.5
6900,TRK-1068,2026-06-02T14:26:03,34.505397,-82.970562,45.2
6901,TRK-1048,2026-06-02T14:31:10,34.411189,-79.546,51.2
6902,TRK-1031,2026-06-02T14:31:23,32.02562,-84.361499,47.1
6903,TRK-1038,2026-06-02T14:33:25,36.724692,-76.004145,52.0
6904,TRK-1056,2026-06-02T14:46:26,34.902469,-81.520453,63.4
6905,TRK-1060,2026-06-02T15:00:24,32.152541,-75.789827,33.4
6906,TRK-1025,2026-06-02T15:05:17,34.578543,-75.470152,81.8
6907,TRK-1012,2026-06-02T15:07:33,35.41227,-81.065696,73.3
6908,TRK-1014,2026-06-02T15:49:20,36.696342,-77.128627,74.0
6909,TRK-1048,2026-06-02T15:49:42,35.467644,-82.370693,73.6
6910,TRK-1051,2026-06-02T15:51:24,32.131546,-79.168204,49.1
6911,TRK-1003,2026-06-02T16:02:11,33.941882,-78.759578,55.7
6912,TRK-1011,2026-06-02T16:15:35,34.602557,-76.146262,51.3
6913,TRK-1050,2026-06-02T16:50:01,33.515954,-81.33209,36.0
6914,TRK-1072,2026-06-02T16:56:26,35.563086,-80.740169,35.8
6915,TRK-1007,2026-06-02T17:06:04,33.3204,-83.563242,66.0
6916,TRK-1078,2026-06-02T17:17:50,33.577381,-81.279784,64.6
6917,TRK-1025,2026-06-02T17:23:25,33.518742,-81.929565,5.7
6918,TRK-1018,2026-06-02T17:28:20,34.456849,-77.14133,66.5
6919,TRK-1063,2026-06-02T17:36:44,33.280828,-84.220222,33.7
6920,TRK-1082,2026-06-02T17:43:28,33.220977,-78.014958,41.9
6921,TRK-1049,2026-06-02T18:08:39,33.190448,-83.641447,53.1
6922,TRK-1064,2026-06-02T18:24:38,34.162375,-81.434758,79.9
6923,TRK-1002,2026-06-02T18:40:36,36.953849,-82.052358,33.7
6924,TRK-1001,2026-06-02T18:51:11,32.798288,-79.470097,42.6
6925,TRK-1050,2026-06-02T19:03:31,32.838847,-75.578816,58.8
6926,TRK-1095,2026-06-02T19:04:19,36.73361,-78.225325,26.6
6927,TRK-1036,2026-06-02T19:24:24,34.571748,-83.836627,37.5
6928,TRK-1002,2026-06-02T19:30:47,32.371632,-82.369226,49.2
6929,TRK-1071,2026-06-02T19:31:54,34.447861,-80.293442,24.7
6930,TRK-1087,2026-06-02T19:42:02,34.657167,-84.342589,51.2
6931,TRK-1054,2026-06-02T20:22:12,32.35202,-79.939844,45.4
6932,TRK-1010,2026-06-02T20:31:18,34.592148,-80.415822,25.8
6933,TRK-1061,2026-06-02T21:19:18,32.531778,-83.316671,54.0
6934,TRK-1071,2026-06-02T21:25:16,33.062796,-75.540884,59.8
6935,TRK-1078,2026-06-02T21:27:58,33.895991,-77.976386,46.3
6936,TRK-1033,2026-06-02T21:33:10,32.881521,-78.482073,38.9
6937,TRK-1054,2026-06-02T21:35:05,36.277591,-76.736213,61.7
6938,TRK-1033,2026-06-02T21:39:16,32.471919,-77.894286,8.8
6939,TRK-1095,2026-06-02T21:48:09,34.839489,-75.259891,74.3
6940,TRK-1051,2026-06-02T21:51:09,34.816608,-80.725314,81.5
6941,TRK-1024,2026-06-02T21:53:12,36.836385,-83.604599,85.9
6942,TRK-1009,2026-06-02T21:59:53,34.446405,-81.625744,45.9
6943,TRK-1046,2026-06-02T22:08:19,36.214753,-75.225369,52.8
6944,TRK-1049,2026-06-02T23:04:16,36.727107,-77.52902,15.9
6945,TRK-1037,2026-06-02T23:15:16,35.419704,-83.984995,35.2
6946,TRK-1053,2026-06-02T23:18:44,36.555681,-78.547742,21.8
6947,TRK-1021,2026-06-02T23:32:17,32.81262,-83.190942,64.2
6948,TRK-1034,2026-06-02T23:39:09,36.970507,-80.79411,29.5
6949,TRK-1000,2026-06-02T23:46:44,33.700727,-75.606893,36.3
6950,TRK-1056,2026-06-02T23:47:17,34.003768,-78.096616,26.5
6951,TRK-1078,2026-06-03T00:15:08,36.656274,-80.283269,22.0
6952,TRK-1056,2026-06-03T00:20:49,36.622957,-81.079958,30.3
6953,TRK-1025,2026-06-03T00:25:43,33.409507,-83.851957,51.2
6954,TRK-1017,2026-06-03T00:37:38,34.219055,-83.658825,70.7
6955,TRK-1037,2026-06-03T00:53:00,36.117615,-79.648292,48.1
6956,TRK-1019,2026-06-03T00:56:25,32.171141,-79.975975,56.5
6957,TRK-1086,2026-06-03T01:00:28,32.03274,-81.082006,54.1
6958,TRK-1052,2026-06-03T01:01:52,34.328449,-82.008269,38.7
6959,TRK-1017,2026-06-03T01:07:19,32.009025,-81.885227,33.0
6960,TRK-1096,2026-06-03T01:18:34,35.623771,-78.820986,47.4
6961,TRK-1035,2026-06-03T01:24:17,35.390154,-76.021096,91.5
6962,TRK-1046,2026-06-03T01:26:52,32.475581,-83.644264,62.3
6963,TRK-1085,2026-06-03T01:59:51,36.511543,-76.143422,35.8
6964,TRK-1098,2026-06-03T02:14:18,34.728284,-76.07334,51.0
6965,TRK-1048,2026-06-03T02:32:04,32.146697,-76.40472,53.2
6966,TRK-1059,2026-06-03T02:33:08,34.122897,-75.809294,55.4
6967,TRK-1049,2026-06-03T02:49:17,34.345683,-77.962618,7.1
6968,TRK-1072,2026-06-03T03:11:59,34.97195,-79.7306,60.2
6969,TRK-1099,2026-06-03T03:28:49,33.243761,-80.441456,25.4
6970,TRK-1052,2026-06-03T03:46:35,36.927106,-83.457738,53.3
6971,TRK-1040,2026-06-03T04:12:18,36.062245,-82.238877,20.5
6972,TRK-1027,2026-06-03T04:17:05,33.834774,-81.218936,28.7
6973,TRK-1066,2026-06-03T04:22:05,32.032536,-83.732259,44.9
6974,TRK-1040,2026-06-03T04:25:24,33.854443,-79.581834,67.9
6975,TRK-1034,2026-06-03T04:27:36,33.257249,-82.464259,45.2
6976,TRK-1046,2026-06-03T04:32:19,32.650578,-76.057921,63.8
6977,TRK-1039,2026-06-03T04:57:03,36.027626,-78.856207,49.2
6978,TRK-1085,2026-06-03T04:58:46,36.648935,-79.854315,49.0
6979,TRK-1082,2026-06-03T05:17:45,34.039328,-76.448387,57.1
6980,TRK-1093,2026-06-03T05:22:36,32.406302,-82.834628,28.7
6981,TRK-1055,2026-06-03T05:24:05,32.539795,-75.77104,35.5
6982,TRK-1089,2026-06-03T05:51:35,33.06995,-79.165435,59.9
6983,TRK-1039,2026-06-03T06:01:42,34.940615,-76.829634,28.5
6984,TRK-1004,2026-06-03T06:18:10,35.879799,-79.633064,44.7
6985,TRK-1008,2026-06-03T06:32:47,35.774267,-76.801915,34.4
6986,TRK-1059,2026-06-03T07:10:31,36.526638,-78.085007,38.6
6987,TRK-1021,2026-06-03T07:10:44,34.463566,-79.452531,53.1
6988,TRK-1086,2026-06-03T07:11:37,36.338899,-82.045902,41.4
6989,TRK-1000,2026-06-03T07:18:04,36.809261,-80.522999,35.1
6990,TRK-1003,2026-06-03T07:25:49,36.874625,-76.204885,49.6
6991,TRK-1034,2026-06-03T07:40:29,32.717206,-75.699449,37.7
6992,TRK-1027,2026-06-03T08:25:27,35.388558,-82.614036,43.4
6993,TRK-1083,2026-06-03T08:41:50,33.117187,-77.528282,63.9
6994,TRK-1084,2026-06-03T08:52:30,32.043347,-76.414888,46.2
6995,TRK-1082,2026-06-03T09:23:43,34.939968,-79.738259,59.5
6996,TRK-1075,2026-06-03T09:25:39,33.364777,-80.986732,36.7
6997,TRK-1033,2026-06-03T09:40:48,34.70493,-75.337619,64.3
6998,TRK-1039,2026-06-03T09:56:07,35.950075,-78.022854,65.3
6999,TRK-1080,2026-06-03T10:23:44,34.485175,-78.574376,22.2
7000,TRK-1019,2026-06-03T11:17:46,33.323246,-82.495389,56.2
7001,TRK-1088,2026-06-03T11:40:02,32.377701,-80.755892,48.6
7002,TRK-1005,2026-06-03T11:52:24,36.465269,-84.290903,39.4
7003,TRK-1032,2026-06-03T12:18:04,34.895737,-79.22908,35.8
7004,TRK-1086,2026-06-03T12:20:31,32.256902,-75.064298,37.5
7005,TRK-1024,2026-06-03T12:30:22,33.453782,-84.490206,25.4
7006,TRK-1058,2026-06-03T13:09:29,35.797882,-78.516364,49.9
7007,TRK-1095,2026-06-03T13:14:31,35.705062,-83.93141,27.5
7008,TRK-1051,2026-06-03T13:34:29,33.513093,-82.187777,31.7
7009,TRK-1016,2026-06-03T13:49:45,36.721333,-79.576591,11.9
7010,TRK-1015,2026-06-03T13:50:58,35.009415,-81.572278,42.7
7011,TRK-1019,2026-06-03T14:15:40,34.761156,-80.440332,46.9
7012,TRK-1084,2026-06-03T14:46:11,33.788608,-79.833323,45.6
7013,TRK-1023,2026-06-03T14:58:25,35.548066,-81.259689,69.2
7014,TRK-1005,2026-06-03T15:02:01,33.530614,-83.80616,71.6
7015,TRK-1053,2026-06-03T15:13:59,36.433074,-78.74559,13.1
7016,TRK-1009,2026-06-03T15:51:09,35.56861,-79.224057,66.3
7017,TRK-1069,2026-06-03T15:53:26,33.714784,-83.121493,51.0
7018,TRK-1049,2026-06-03T16:36:20,35.029814,-78.851126,18.4
7019,TRK-1029,2026-06-03T16:48:26,35.373155,-76.946816,66.5
7020,TRK-1087,2026-06-03T17:03:21,35.885359,-76.776992,34.3
7021,TRK-1036,2026-06-03T17:27:40,34.962069,-84.075134,46.3
7022,TRK-1040,2026-06-03T17:33:30,33.916103,-77.179008,48.8
7023,TRK-1018,2026-06-03T17:36:46,35.951257,-78.592973,50.0
7024,TRK-1041,2026-06-03T17:43:54,34.953822,-84.188181,36.4
7025,TRK-1023,2026-06-03T17:44:36,34.733098,-76.474783,50.6
7026,TRK-1007,2026-06-03T18:05:01,34.538798,-81.004549,10.0
7027,TRK-1077,2026-06-03T18:07:37,32.368709,-79.74098,49.7
7028,TRK-1096,2026-06-03T18:21:51,35.402332,-78.898686,71.2
7029,TRK-1033,2026-06-03T18:29:48,34.673722,-75.639034,50.8
7030,TRK-1074,2026-06-03T18:30:27,32.503073,-80.070966,78.1
7031,TRK-1016,2026-06-03T18:44:51,36.286462,-80.976845,33.8
7032,TRK-1043,2026-06-03T19:05:35,35.801765,-76.49869,13.4
7033,TRK-1081,2026-06-03T19:11:45,34.907338,-76.875089,59.1
7034,TRK-1046,2026-06-03T19:12:35,33.734536,-79.87759,41.9
7035,TRK-1016,2026-06-03T19:21:33,36.275894,-83.141467,51.6
7036,TRK-1067,2026-06-03T19:31:50,35.699501,-82.256603,62.4
7037,TRK-1096,2026-06-03T19:38:29,32.486268,-81.81117,40.6
7038,TRK-1054,2026-06-03T20:29:08,35.383709,-75.26484,30.2
7039,TRK-1087,2026-06-03T20:36:30,34.469696,-82.2221,39.3
7040,TRK-1027,2026-06-03T20:46:24,33.363704,-75.132692,54.7
7041,TRK-1074,2026-06-03T20:49:21,34.493737,-79.353525,73.1
7042,TRK-1016,2026-06-03T20:59:35,34.776106,-75.102067,46.5
7043,TRK-1058,2026-06-03T21:08:02,36.597844,-79.161154,32.0
7044,TRK-1037,2026-06-03T21:37:34,34.580289,-78.498015,40.8
7045,TRK-1093,2026-06-03T21:41:14,33.262828,-75.679044,49.7
7046,TRK-1012,2026-06-03T21:51:19,34.475419,-79.359792,42.8
7047,TRK-1020,2026-06-03T21:53:34,36.60176,-84.067098,22.4
7048,TRK-1018,2026-06-03T21:57:10,33.413055,-83.809253,66.5
7049,TRK-1023,2026-06-03T22:04:10,36.442604,-81.431368,42.1
7050,TRK-1021,2026-06-03T22:30:09,32.996801,-78.490157,48.7
7051,TRK-1029,2026-06-03T23:48:07,32.248219,-82.287801,61.7
7052,TRK-1093,2026-06-03T23:50:36,33.853263,-78.45641,67.0
7053,TRK-1023,2026-06-04T00:12:00,33.163883,-75.126488,31.7
7054,TRK-1084,2026-06-04T00:21:31,34.694087,-83.247265,65.9
7055,TRK-1003,2026-06-04T00:23:07,33.825432,-75.023052,34.4
7056,TRK-1033,2026-06-04T00:42:42,35.522249,-79.044726,37.2
7057,TRK-1026,2026-06-04T00:49:10,32.782458,-78.57262,14.0
7058,TRK-1028,2026-06-04T01:12:52,36.586915,-75.011492,6.8
7059,TRK-1094,2026-06-04T01:22:31,33.828211,-78.061237,41.0
7060,TRK-1092,2026-06-04T01:33:49,32.731785,-82.843806,42.6
7061,TRK-1087,2026-06-04T01:50:31,35.601673,-83.310478,21.7
7062,TRK-1097,2026-06-04T01:50:58,36.905067,-78.342833,64.9
7063,TRK-1044,2026-06-04T01:53:23,34.322529,-76.606915,57.9
7064,TRK-1054,2026-06-04T03:03:10,33.731412,-76.875174,43.3
7065,TRK-1048,2026-06-04T03:06:47,35.31155,-83.960177,37.8
7066,TRK-1080,2026-06-04T03:07:24,32.978383,-84.05499,15.6
7067,TRK-1078,2026-06-04T03:29:11,35.294136,-81.537827,37.6
7068,TRK-1060,2026-06-04T03:30:33,36.974767,-79.32292,39.7
7069,TRK-1013,2026-06-04T03:31:26,36.69281,-77.307457,49.2
7070,TRK-1030,2026-06-04T03:48:30,33.007604,-75.657158,36.9
7071,TRK-1061,2026-06-04T03:49:31,32.482741,-76.091453,57.0
7072,TRK-1094,2026-06-04T03:49:48,34.6434,-83.653149,44.1
7073,TRK-1028,2026-06-04T04:05:50,36.724701,-78.48752,52.8
7074,TRK-1036,2026-06-04T04:08:34,35.467057,-81.154818,19.8
7075,TRK-1081,2026-06-04T04:33:53,34.550689,-78.722042,55.0
7076,TRK-1086,2026-06-04T04:47:58,36.568398,-81.522343,35.6
7077,TRK-1010,2026-06-04T04:51:33,36.954954,-80.270572,44.8
7078,TRK-1017,2026-06-04T04:59:26,35.222324,-83.029961,59.2
7079,TRK-1051,2026-06-04T05:03:19,32.63951,-79.352567,45.2
7080,TRK-1081,2026-06-04T05:16:17,32.463206,-78.859177,61.2
7081,TRK-1025,2026-06-04T05:35:13,34.983493,-83.33316,34.3
7082,TRK-1058,2026-06-04T06:28:25,33.45821,-76.693163,58.3
7083,TRK-1032,2026-06-04T06:41:32,36.023111,-77.359009,23.9
7084,TRK-1003,2026-06-04T06:46:13,34.510475,-78.133446,41.0
7085,TRK-1010,2026-06-04T07:12:55,33.33394,-81.626074,46.7
7086,TRK-1065,2026-06-04T07:26:49,35.886295,-79.218352,40.5
7087,TRK-1060,2026-06-04T08:00:04,36.831389,-76.192273,58.1
7088,TRK-1099,2026-06-04T08:20:11,33.691823,-83.191588,65.7
7089,TRK-1097,2026-06-04T08:29:37,32.967703,-80.094366,50.5
7090,TRK-1057,2026-06-04T08:57:24,34.731573,-82.940036,8.4
7091,TRK-1015,2026-06-04T09:08:57,35.283044,-76.540519,64.2
7092,TRK-1068,2026-06-04T09:16:33,36.193313,-77.460669,52.3
7093,TRK-1097,2026-06-04T09:37:36,35.326423,-82.765762,20.4
7094,TRK-1040,2026-06-04T09:54:06,32.908068,-79.456116,72.4
7095,TRK-1009,2026-06-04T10:12:10,36.92082,-81.304865,27.3
7096,TRK-1081,2026-06-04T10:38:08,36.839144,-81.185069,72.8
7097,TRK-1069,2026-06-04T10:41:12,32.46108,-82.490304,39.0
7098,TRK-1004,2026-06-04T10:43:38,34.732105,-82.921202,12.9
7099,TRK-1031,2026-06-04T11:00:22,33.928848,-77.665005,32.0
7100,TRK-1026,2026-06-04T11:01:36,32.294353,-79.071056,51.4
7101,TRK-1030,2026-06-04T11:01:45,35.570061,-79.273274,51.8
7102,TRK-1083,2026-06-04T11:18:03,34.087704,-80.319489,32.3
7103,TRK-1045,2026-06-04T11:32:27,35.171084,-78.037469,40.6
7104,TRK-1042,2026-06-04T11:34:48,33.887791,-79.311752,43.2
7105,TRK-1083,2026-06-04T11:35:55,33.82486,-82.421152,72.0
7106,TRK-1075,2026-06-04T11:47:42,33.961988,-83.53423,75.2
7107,TRK-1011,2026-06-04T12:06:37,36.189642,-80.880711,48.8
7108,TRK-1043,2026-06-04T12:23:10,33.801588,-83.523581,56.0
7109,TRK-1041,2026-06-04T12:38:17,34.517784,-79.743062,69.5
7110,TRK-1020,2026-06-04T13:10:44,34.248181,-82.436648,31.1
7111,TRK-1093,2026-06-04T13:12:33,32.738655,-82.90951,42.6
7112,TRK-1097,2026-06-04T13:22:49,36.244332,-75.033403,65.2
7113,TRK-1079,2026-06-04T13:29:21,34.355114,-83.704446,61.5
7114,TRK-1090,2026-06-04T13:42:41,36.506676,-75.01436,47.4
7115,TRK-1066,2026-06-04T13:43:23,34.140692,-79.332453,23.3
7116,TRK-1002,2026-06-04T13:55:27,36.662072,-79.905652,23.8
7117,TRK-1009,2026-06-04T14:13:07,36.576904,-82.124308,46.6
7118,TRK-1021,2026-06-04T14:18:40,32.929561,-81.384202,48.5
7119,TRK-1096,2026-06-04T14:24:05,35.1748,-79.417133,41.7
7120,TRK-1065,2026-06-04T14:24:55,35.07887,-77.796474,48.5
7121,TRK-1071,2026-06-04T14:29:32,35.822621,-84.146073,49.5
7122,TRK-1059,2026-06-04T14:32:56,32.177536,-81.709869,50.3
7123,TRK-1016,2026-06-04T14:38:14,36.057827,-75.795734,12.6
7124,TRK-1060,2026-06-04T14:41:00,36.438493,-79.857318,51.1
7125,TRK-1097,2026-06-04T14:41:45,32.667004,-83.255234,39.8
7126,TRK-1021,2026-06-04T14:59:46,36.17669,-78.166258,68.1
7127,TRK-1021,2026-06-04T15:02:07,36.551383,-81.406376,51.6
7128,TRK-1030,2026-06-04T15:10:48,34.844376,-79.546535,20.5
7129,TRK-1006,2026-06-04T15:16:19,36.225124,-78.503024,44.0
7130,TRK-1018,2026-06-04T15:35:33,34.110325,-78.218063,41.6
7131,TRK-1037,2026-06-04T15:52:21,33.71492,-78.387829,11.8
7132,TRK-1076,2026-06-04T16:20:19,36.155793,-79.281295,26.6
7133,TRK-1019,2026-06-04T16:37:31,33.417145,-77.828558,7.8
7134,TRK-1072,2026-06-04T16:40:34,35.067327,-79.225555,52.2
7135,TRK-1078,2026-06-04T16:52:35,33.522353,-83.140878,54.0
7136,TRK-1008,2026-06-04T16:52:35,34.65264,-79.469923,50.0
7137,TRK-1087,2026-06-04T16:55:15,36.278025,-82.142353,47.5
7138,TRK-1008,2026-06-04T17:08:29,34.175954,-77.650375,54.7
7139,TRK-1050,2026-06-04T17:12:43,36.86161,-82.158022,27.0
7140,TRK-1088,2026-06-04T17:24:21,33.863997,-81.772927,60.9
7141,TRK-1027,2026-06-04T17:50:53,35.423837,-80.496485,15.7
7142,TRK-1075,2026-06-04T18:03:37,32.281877,-77.020095,46.1
7143,TRK-1089,2026-06-04T18:08:55,36.66071,-75.703811,37.9
7144,TRK-1053,2026-06-04T18:20:52,36.458342,-78.7977,37.2
7145,TRK-1064,2026-06-04T18:22:50,32.504643,-76.354007,64.6
7146,TRK-1077,2026-06-04T18:25:39,33.600842,-81.21626,51.2
7147,TRK-1099,2026-06-04T18:36:41,35.971165,-82.277213,54.7
7148,TRK-1096,2026-06-04T18:37:21,34.315785,-79.599076,36.7
7149,TRK-1067,2026-06-04T18:44:24,35.931102,-83.351567,48.0
7150,TRK-1070,2026-06-04T18:52:20,32.83432,-81.995309,42.2
7151,TRK-1038,2026-06-04T18:55:01,34.192448,-77.094238,52.0
7152,TRK-1066,2026-06-04T19:08:57,34.270436,-82.169317,51.8
7153,TRK-1082,2026-06-04T19:47:21,34.479939,-77.393373,25.8
7154,TRK-1034,2026-06-04T19:54:41,33.901734,-78.5547,45.5
7155,TRK-1070,2026-06-04T20:10:33,36.038433,-75.4297,36.1
7156,TRK-1063,2026-06-04T20:11:10,32.236896,-80.582467,45.5
7157,TRK-1086,2026-06-04T20:15:50,32.116534,-82.872563,59.2
7158,TRK-1050,2026-06-04T20:26:37,32.664883,-82.424768,37.8
7159,TRK-1009,2026-06-04T20:40:38,33.310665,-80.063008,46.4
7160,TRK-1070,2026-06-04T20:56:22,35.585466,-78.10024,71.1
7161,TRK-1030,2026-06-04T21:15:40,33.485619,-76.566138,28.1
7162,TRK-1031,2026-06-04T21:15:55,33.480583,-79.206894,45.9
7163,TRK-1071,2026-06-04T21:17:14,34.414358,-84.413558,34.2
7164,TRK-1071,2026-06-04T22:31:37,36.700783,-82.215908,39.1
7165,TRK-1070,2026-06-04T23:02:06,34.136059,-82.107109,28.7
7166,TRK-1079,2026-06-04T23:08:36,33.435705,-80.256605,50.4
7167,TRK-1005,2026-06-04T23:46:42,32.461232,-76.603202,54.7
7168,TRK-1035,2026-06-05T00:34:35,34.403994,-78.7703,15.5
7169,TRK-1014,2026-06-05T00:39:26,34.974217,-80.421326,31.6
7170,TRK-1005,2026-06-05T00:44:24,34.43611,-79.955334,24.2
7171,TRK-1090,2026-06-05T00:47:53,34.32199,-76.9867,46.5
7172,TRK-1060,2026-06-05T00:58:08,35.435586,-78.368848,42.5
7173,TRK-1016,2026-06-05T01:09:59,35.76093,-84.154601,16.7
7174,TRK-1068,2026-06-05T01:37:24,33.441956,-75.575824,29.7
7175,TRK-1026,2026-06-05T01:45:00,36.168078,-75.755186,59.6
7176,TRK-1054,2026-06-05T01:50:03,36.717967,-75.451434,15.8
7177,TRK-1058,2026-06-05T02:01:47,34.518955,-80.966067,63.2
7178,TRK-1034,2026-06-05T02:18:38,32.678079,-79.876893,42.8
7179,TRK-1079,2026-06-05T02:24:42,35.886464,-83.509549,48.1
7180,TRK-1043,2026-06-05T02:24:49,35.528858,-83.264687,32.3
7181,TRK-1024,2026-06-05T02:31:50,32.71626,-78.301596,33.8
7182,TRK-1082,2026-06-05T02:31:56,34.208393,-75.052281,54.8
7183,TRK-1080,2026-06-05T02:37:28,32.57835,-77.986096,29.5
7184,TRK-1043,2026-06-05T02:37:39,32.856015,-82.226855,51.4
7185,TRK-1081,2026-06-05T02:39:32,35.203999,-76.224844,27.7
7186,TRK-1039,2026-06-05T02:42:25,35.721976,-75.25345,32.8
7187,TRK-1072,2026-06-05T02:44:20,36.601577,-81.462606,14.4
7188,TRK-1043,2026-06-05T02:58:59,36.48791,-81.859195,91.3
7189,TRK-1052,2026-06-05T03:33:39,36.975396,-80.332805,43.4
7190,TRK-1077,2026-06-05T03:36:45,36.926999,-83.658003,59.8
7191,TRK-1062,2026-06-05T04:04:09,34.965322,-76.988137,41.9
7192,TRK-1019,2026-06-05T04:05:12,34.346049,-81.736443,28.3
7193,TRK-1002,2026-06-05T04:09:44,35.948721,-81.216626,25.1
7194,TRK-1048,2026-06-05T04:13:10,34.180745,-80.196114,57.9
7195,TRK-1095,2026-06-05T04:25:48,33.471104,-83.006787,34.3
7196,TRK-1074,2026-06-05T04:39:05,32.429997,-80.787235,46.7
7197,TRK-1063,2026-06-05T04:39:13,35.4667,-77.475423,41.2
7198,TRK-1099,2026-06-05T04:42:50,33.406131,-75.562685,25.3
7199,TRK-1076,2026-06-05T04:58:36,34.28982,-75.392261,20.3
7200,TRK-1020,2026-06-05T04:59:05,34.727208,-82.806027,47.6
7201,TRK-1084,2026-06-05T05:06:01,36.358942,-83.191042,32.7
7202,TRK-1084,2026-06-05T05:08:22,36.471533,-79.959139,52.7
7203,TRK-1081,2026-06-05T05:14:50,33.72913,-79.574732,22.6
7204,TRK-1029,2026-06-05T05:36:30,35.257106,-77.234208,48.4
7205,TRK-1005,2026-06-05T06:12:01,34.266061,-84.230527,68.0
7206,TRK-1038,2026-06-05T06:39:06,35.97285,-76.585649,64.9
7207,TRK-1004,2026-06-05T06:44:04,32.345737,-80.543697,27.5
7208,TRK-1094,2026-06-05T06:44:57,34.896145,-78.960733,42.7
7209,TRK-1024,2026-06-05T06:45:32,35.298343,-78.905975,63.4
7210,TRK-1064,2026-06-05T07:19:57,33.455298,-83.25266,35.0
7211,TRK-1032,2026-06-05T07:35:25,34.330776,-77.518713,25.4
7212,TRK-1098,2026-06-05T07:37:43,32.605131,-75.132543,38.3
7213,TRK-1029,2026-06-05T07:38:12,33.71371,-79.221128,46.1
7214,TRK-1087,2026-06-05T07:42:57,35.843082,-78.06377,35.0
7215,TRK-1019,2026-06-05T07:45:24,35.411924,-81.99382,22.7
7216,TRK-1094,2026-06-05T07:45:37,32.728019,-82.128551,55.0
7217,TRK-1036,2026-06-05T07:59:07,36.943703,-83.22367,17.9
7218,TRK-1082,2026-06-05T08:14:24,33.686118,-79.597453,25.1
7219,TRK-1026,2026-06-05T08:32:19,33.853287,-82.977758,60.7
7220,TRK-1068,2026-06-05T08:42:17,32.256789,-77.886763,64.9
7221,TRK-1071,2026-06-05T08:49:26,34.119077,-83.040466,37.0
7222,TRK-1084,2026-06-05T09:14:30,36.906702,-78.20275,45.0
7223,TRK-1090,2026-06-05T09:26:08,35.504325,-80.677703,34.8
7224,TRK-1024,2026-06-05T09:37:46,33.460751,-80.522456,53.3
7225,TRK-1020,2026-06-05T10:01:40,34.708851,-80.72241,71.4
7226,TRK-1002,2026-06-05T10:07:06,36.933936,-84.028733,59.5
7227,TRK-1047,2026-06-05T10:27:44,33.578812,-78.291764,52.0
7228,TRK-1016,2026-06-05T10:33:26,33.769987,-81.722426,41.0
7229,TRK-1057,2026-06-05T10:51:17,32.146563,-75.470754,15.2
7230,TRK-1035,2026-06-05T10:59:12,32.024469,-83.017186,34.1
7231,TRK-1040,2026-06-05T11:03:20,36.458484,-80.398205,1.1
7232,TRK-1099,2026-06-05T11:15:36,32.196671,-75.778097,72.1
7233,TRK-1091,2026-06-05T11:16:59,32.745617,-75.090234,53.5
7234,TRK-1009,2026-06-05T11:47:44,32.360643,-79.675581,71.0
7235,TRK-1048,2026-06-05T11:56:17,34.80028,-75.218551,58.1
7236,TRK-1007,2026-06-05T12:11:07,34.451725,-77.345832,17.1
7237,TRK-1068,2026-06-05T12:34:39,36.446642,-83.14656,36.4
7238,TRK-1021,2026-06-05T13:16:22,36.616174,-82.403721,37.9
7239,TRK-1094,2026-06-05T13:43:54,36.70407,-76.999847,44.1
7240,TRK-1050,2026-06-05T13:52:52,32.267056,-83.053964,66.5
7241,TRK-1039,2026-06-05T13:55:17,34.121165,-83.835711,29.2
7242,TRK-1006,2026-06-05T14:24:05,32.517739,-76.931868,52.9
7243,TRK-1078,2026-06-05T14:24:43,33.699953,-84.443974,26.6
7244,TRK-1091,2026-06-05T14:30:05,35.941131,-78.473881,30.2
7245,TRK-1051,2026-06-05T15:08:41,34.730805,-78.70962,34.7
7246,TRK-1066,2026-06-05T15:09:16,35.990588,-79.451448,64.4
7247,TRK-1032,2026-06-05T15:37:03,33.513472,-83.549133,26.3
7248,TRK-1080,2026-06-05T16:13:38,36.506573,-75.177993,45.1
7249,TRK-1095,2026-06-05T16:22:09,32.731762,-81.089341,54.5
7250,TRK-1017,2026-06-05T17:05:55,36.947811,-80.175388,45.2
7251,TRK-1070,2026-06-05T17:31:51,34.254705,-83.797033,57.4
7252,TRK-1054,2026-06-05T17:46:27,36.440977,-80.441939,93.7
7253,TRK-1046,2026-06-05T17:58:09,34.656848,-82.025889,61.3
7254,TRK-1021,2026-06-05T18:08:47,35.949373,-80.398064,14.4
7255,TRK-1042,2026-06-05T18:21:28,34.835623,-76.326261,46.2
7256,TRK-1037,2026-06-05T18:34:49,34.886559,-82.446663,33.7
7257,TRK-1086,2026-06-05T18:39:13,34.242921,-81.935642,35.5
7258,TRK-1059,2026-06-05T18:39:46,32.937393,-84.126878,38.8
7259,TRK-1060,2026-06-05T19:02:33,36.85912,-83.445471,68.7
7260,TRK-1067,2026-06-05T19:06:15,34.47077,-79.164485,63.0
7261,TRK-1030,2026-06-05T19:24:59,32.851904,-77.273263,43.0
7262,TRK-1064,2026-06-05T19:27:16,34.678323,-78.794013,73.2
7263,TRK-1053,2026-06-05T19:29:37,32.549796,-80.45532,34.6
7264,TRK-1072,2026-06-05T19:31:46,34.774642,-82.546525,29.9
7265,TRK-1022,2026-06-05T19:47:03,32.465192,-75.112439,50.7
7266,TRK-1003,2026-06-05T19:55:44,32.473563,-81.957977,55.7
7267,TRK-1036,2026-06-05T19:58:30,36.604632,-78.168802,0.9
7268,TRK-1093,2026-06-05T19:58:41,34.441458,-77.173934,46.6
7269,TRK-1075,2026-06-05T20:07:19,32.295728,-80.773799,34.7
7270,TRK-1087,2026-06-05T20:15:54,34.557569,-81.680302,51.0
7271,TRK-1016,2026-06-05T20:23:08,35.845694,-75.997741,43.5
7272,TRK-1004,2026-06-05T20:38:04,34.744898,-78.421348,16.6
7273,TRK-1094,2026-06-05T21:01:28,32.194114,-79.233849,20.8
7274,TRK-1098,2026-06-05T21:15:41,32.00851,-80.700197,48.7
7275,TRK-1001,2026-06-05T21:27:18,33.962757,-75.413631,53.1
7276,TRK-1018,2026-06-05T21:41:20,32.500707,-75.155348,26.2
7277,TRK-1050,2026-06-05T21:45:17,32.308035,-82.852253,59.8
7278,TRK-1074,2026-06-05T21:50:19,35.313947,-81.212527,29.1
7279,TRK-1024,2026-06-05T21:56:10,32.900827,-80.332977,63.9
7280,TRK-1055,2026-06-05T22:02:49,32.683942,-79.245072,48.4
7281,TRK-1035,2026-06-05T22:37:54,33.529246,-80.087645,50.2
7282,TRK-1029,2026-06-05T23:05:38,36.462854,-75.088475,27.9
7283,TRK-1015,2026-06-05T23:11:30,34.87754,-79.66586,35.3
7284,TRK-1079,2026-06-05T23:14:44,35.240974,-82.206726,58.2
7285,TRK-1018,2026-06-05T23:16:20,36.998313,-83.941429,61.0
7286,TRK-1044,2026-06-05T23:16:42,33.763801,-82.424343,54.7
7287,TRK-1076,2026-06-05T23:21:57,32.098033,-84.064967,36.6
7288,TRK-1051,2026-06-05T23:23:24,33.215414,-84.413594,45.4
7289,TRK-1098,2026-06-05T23:49:30,32.938704,-81.479198,50.7
7290,TRK-1074,2026-06-05T23:54:43,35.21767,-76.091546,22.0
7291,TRK-1095,2026-06-06T00:07:13,33.119723,-79.987175,25.3
7292,TRK-1051,2026-06-06T00:11:50,35.412864,-76.439452,30.7
7293,TRK-1079,2026-06-06T00:14:14,33.456774,-76.379933,50.9
7294,TRK-1006,2026-06-06T00:26:05,36.172062,-82.560482,34.3
7295,TRK-1033,2026-06-06T00:38:47,36.27388,-76.018145,75.3
7296,TRK-1022,2026-06-06T01:09:55,34.106832,-82.122221,32.5
7297,TRK-1038,2026-06-06T01:21:44,35.310228,-79.255182,52.0
7298,TRK-1090,2026-06-06T01:25:44,35.707584,-79.82888,58.2
7299,TRK-1098,2026-06-06T01:25:49,35.596964,-82.020234,48.3
7300,TRK-1041,2026-06-06T01:34:51,34.688322,-76.796891,71.3
7301,TRK-1041,2026-06-06T01:35:12,36.649718,-80.42317,45.7
7302,TRK-1030,2026-06-06T01:44:13,36.187705,-77.87701,21.1
7303,TRK-1061,2026-06-06T01:46:30,34.220935,-82.778619,42.4
7304,TRK-1056,2026-06-06T01:54:04,34.383349,-79.32776,19.7
7305,TRK-1021,2026-06-06T02:04:08,34.018913,-83.422041,64.6
7306,TRK-1017,2026-06-06T02:04:49,35.569034,-80.825455,32.3
7307,TRK-1085,2026-06-06T02:14:12,34.827134,-76.849575,56.7
7308,TRK-1000,2026-06-06T02:19:23,32.194082,-75.16115,28.4
7309,TRK-1039,2026-06-06T02:29:04,36.773876,-79.289309,43.3
7310,TRK-1049,2026-06-06T02:44:41,32.23792,-77.891895,12.4
7311,TRK-1048,2026-06-06T02:52:07,36.400429,-76.391619,70.4
7312,TRK-1077,2026-06-06T03:04:55,36.18877,-77.028362,1.4
7313,TRK-1037,2026-06-06T03:16:09,35.171785,-78.975621,43.3
7314,TRK-1095,2026-06-06T03:21:00,33.001981,-77.384753,7.3
7315,TRK-1002,2026-06-06T03:30:05,32.130517,-75.613861,55.5
7316,TRK-1038,2026-06-06T03:48:59,33.523795,-79.005789,48.1
7317,TRK-1094,2026-06-06T04:10:53,34.862818,-76.868402,11.4
7318,TRK-1031,2026-06-06T05:15:23,34.919154,-82.200295,60.6
7319,TRK-1005,2026-06-06T05:26:48,35.687797,-75.910901,54.5
7320,TRK-1019,2026-06-06T05:31:56,32.972529,-81.404564,58.9
7321,TRK-1068,2026-06-06T05:34:28,33.905242,-83.008124,46.1
7322,TRK-1058,2026-06-06T05:57:25,35.850805,-78.860139,54.0
7323,TRK-1045,2026-06-06T06:18:35,32.550825,-78.698892,39.2
7324,TRK-1047,2026-06-06T06:28:34,34.711054,-78.908694,36.6
7325,TRK-1022,2026-06-06T07:00:58,36.2066,-79.762379,47.5
7326,TRK-1094,2026-06-06T07:02:05,33.494498,-82.211331,41.4
7327,TRK-1053,2026-06-06T07:15:03,32.871769,-75.13864,55.8
7328,TRK-1091,2026-06-06T07:20:01,34.84763,-75.505534,45.7
7329,TRK-1018,2026-06-06T07:25:30,33.01062,-77.996057,45.8
7330,TRK-1023,2026-06-06T07:30:59,32.822358,-84.054365,51.0
7331,TRK-1071,2026-06-06T07:44:27,35.566114,-80.214644,33.7
7332,TRK-1048,2026-06-06T08:06:27,35.124056,-81.379907,58.0
7333,TRK-1087,2026-06-06T08:09:19,34.705709,-83.146251,72.3
7334,TRK-1085,2026-06-06T08:27:03,35.708546,-76.135146,59.2
7335,TRK-1086,2026-06-06T08:40:06,36.851101,-75.162083,45.2
7336,TRK-1098,2026-06-06T09:14:52,36.636593,-80.077161,56.5
7337,TRK-1089,2026-06-06T09:19:04,33.014791,-79.031061,13.8
7338,TRK-1058,2026-06-06T09:19:32,33.868544,-75.619466,16.7
7339,TRK-1067,2026-06-06T09:25:06,35.298092,-76.76531,46.8
7340,TRK-1090,2026-06-06T10:29:52,35.058264,-81.462466,35.6
7341,TRK-1025,2026-06-06T10:50:07,33.728081,-81.232887,45.8
7342,TRK-1040,2026-06-06T11:09:46,33.288663,-78.255577,34.3
7343,TRK-1089,2026-06-06T11:14:56,34.36977,-78.415975,69.5
7344,TRK-1007,2026-06-06T11:17:22,32.435698,-77.254857,47.2
7345,TRK-1034,2026-06-06T11:19:02,36.414976,-79.240725,32.5
7346,TRK-1058,2026-06-06T11:47:42,33.340576,-80.296479,56.8
7347,TRK-1029,2026-06-06T11:56:41,35.145162,-78.696015,65.0
7348,TRK-1041,2026-06-06T11:59:53,33.911966,-78.600002,43.4
7349,TRK-1045,2026-06-06T12:28:09,32.945476,-80.957586,79.6
7350,TRK-1038,2026-06-06T12:40:31,34.624188,-83.03605,38.6
7351,TRK-1075,2026-06-06T12:57:37,36.792927,-82.774132,52.0
7352,TRK-1028,2026-06-06T13:05:12,36.884845,-75.607712,40.8
7353,TRK-1094,2026-06-06T13:22:55,33.54467,-76.720859,47.9
7354,TRK-1016,2026-06-06T13:36:32,35.43224,-84.287251,71.2
7355,TRK-1087,2026-06-06T13:37:30,36.432031,-81.228095,8.4
7356,TRK-1057,2026-06-06T14:02:22,35.1547,-82.484269,69.1
7357,TRK-1064,2026-06-06T14:07:00,32.107731,-79.869889,23.7
7358,TRK-1085,2026-06-06T14:11:17,32.599238,-78.892772,67.4
7359,TRK-1068,2026-06-06T14:19:51,33.200751,-77.982202,38.6
7360,TRK-1054,2026-06-06T14:42:17,33.164584,-75.699603,36.2
7361,TRK-1032,2026-06-06T14:42:55,32.894362,-75.653217,27.3
7362,TRK-1082,2026-06-06T15:00:35,33.27329,-76.340844,39.5
7363,TRK-1096,2026-06-06T15:03:36,34.265517,-76.534016,61.0
7364,TRK-1045,2026-06-06T15:08:01,35.923705,-82.23985,67.1
7365,TRK-1039,2026-06-06T15:29:01,35.877455,-78.786114,47.9
7366,TRK-1051,2026-06-06T15:40:24,34.684622,-84.431298,24.5
7367,TRK-1026,2026-06-06T15:43:44,36.320192,-80.680155,67.5
7368,TRK-1094,2026-06-06T15:48:22,36.24057,-76.390579,61.8
7369,TRK-1011,2026-06-06T15:52:37,33.556277,-76.932699,55.4
7370,TRK-1050,2026-06-06T16:08:53,34.507608,-75.418658,51.2
7371,TRK-1040,2026-06-06T16:22:53,32.248305,-83.734517,46.9
7372,TRK-1061,2026-06-06T16:25:31,34.921534,-81.505296,19.8
7373,TRK-1081,2026-06-06T16:52:02,34.796357,-83.362158,72.2
7374,TRK-1077,2026-06-06T17:33:54,32.45656,-78.616453,31.3
7375,TRK-1015,2026-06-06T17:37:37,36.100292,-83.928893,53.8
7376,TRK-1098,2026-06-06T17:39:37,32.975469,-81.618142,56.7
7377,TRK-1050,2026-06-06T17:45:53,34.242641,-76.159708,28.8
7378,TRK-1089,2026-06-06T17:47:10,33.232902,-82.142723,46.7
7379,TRK-1007,2026-06-06T18:12:11,32.24494,-81.876651,41.8
7380,TRK-1054,2026-06-06T18:25:49,32.171066,-79.658172,40.9
7381,TRK-1002,2026-06-06T18:27:06,32.745038,-82.57259,23.2
7382,TRK-1092,2026-06-06T18:41:33,36.530621,-81.952618,42.7
7383,TRK-1011,2026-06-06T18:43:33,32.346563,-80.214649,21.5
7384,TRK-1011,2026-06-06T18:50:29,32.603008,-82.644043,62.7
7385,TRK-1013,2026-06-06T19:05:04,35.39897,-75.723688,53.9
7386,TRK-1038,2026-06-06T19:15:12,33.421842,-83.772878,68.0
7387,TRK-1052,2026-06-06T19:20:49,33.842362,-76.167593,38.9
7388,TRK-1038,2026-06-06T19:37:38,36.402529,-79.274176,38.0
7389,TRK-1056,2026-06-06T20:03:16,36.90591,-81.037833,66.1
7390,TRK-1047,2026-06-06T20:36:14,33.430111,-75.940836,41.2
7391,TRK-1029,2026-06-06T21:03:57,36.377572,-76.179459,70.6
7392,TRK-1014,2026-06-06T21:20:27,32.600596,-84.111842,14.2
7393,TRK-1011,2026-06-06T21:38:26,36.777855,-80.797856,20.1
7394,TRK-1086,2026-06-06T21:48:38,33.629539,-75.15504,33.3
7395,TRK-1078,2026-06-06T21:54:30,35.986506,-81.269518,13.8
7396,TRK-1068,2026-06-06T22:16:05,32.079175,-76.07711,57.0
7397,TRK-1084,2026-06-06T22:18:38,34.961681,-81.867932,47.6
7398,TRK-1039,2026-06-06T22:40:22,36.064575,-77.508911,64.8
7399,TRK-1060,2026-06-06T22:54:13,32.457348,-83.827859,45.2
7400,TRK-1081,2026-06-06T22:57:00,32.172544,-75.579713,50.4
7401,TRK-1095,2026-06-06T23:20:07,34.142177,-77.408668,43.9
7402,TRK-1066,2026-06-06T23:35:57,35.470834,-78.766365,35.0
7403,TRK-1027,2026-06-06T23:37:05,33.506602,-78.342211,58.9
7404,TRK-1003,2026-06-07T00:15:24,34.164873,-80.004864,67.6
7405,TRK-1061,2026-06-07T00:51:26,34.737166,-76.543126,1.6
7406,TRK-1062,2026-06-07T00:56:40,33.734241,-76.111546,29.0
7407,TRK-1097,2026-06-07T01:09:00,35.514293,-80.658361,35.4
7408,TRK-1068,2026-06-07T01:11:45,33.314679,-79.977622,59.5
7409,TRK-1008,2026-06-07T01:35:33,32.896664,-81.509056,51.5
7410,TRK-1049,2026-06-07T01:35:40,32.628129,-82.117998,55.2
7411,TRK-1094,2026-06-07T01:36:12,34.244284,-83.941095,29.5
7412,TRK-1007,2026-06-07T01:38:48,33.004593,-76.708883,24.9
7413,TRK-1084,2026-06-07T01:54:13,34.562198,-78.887914,65.0
7414,TRK-1009,2026-06-07T01:57:32,32.459054,-76.835098,30.6
7415,TRK-1044,2026-06-07T02:00:32,32.909099,-81.541832,34.2
7416,TRK-1033,2026-06-07T02:03:41,34.874795,-83.212378,34.7
7417,TRK-1031,2026-06-07T02:18:22,36.383814,-76.652495,19.3
7418,TRK-1095,2026-06-07T02:31:02,33.115988,-78.472286,50.5
7419,TRK-1051,2026-06-07T02:38:43,33.786381,-80.376796,60.2
7420,TRK-1093,2026-06-07T02:48:38,33.385943,-81.23069,62.5
7421,TRK-1031,2026-06-07T03:53:12,36.318537,-81.682925,79.2
7422,TRK-1095,2026-06-07T03:56:30,33.693398,-79.579332,47.1
7423,TRK-1014,2026-06-07T04:19:20,33.534502,-79.066742,44.1
7424,TRK-1099,2026-06-07T04:32:26,32.428145,-80.476905,38.3
7425,TRK-1025,2026-06-07T05:04:12,34.838083,-78.395022,41.3
7426,TRK-1049,2026-06-07T05:10:24,33.977423,-79.640571,45.5
7427,TRK-1090,2026-06-07T05:40:55,36.11604,-81.286488,48.2
7428,TRK-1054,2026-06-07T05:58:30,33.793763,-78.768494,38.5
7429,TRK-1071,2026-06-07T06:00:30,34.289877,-82.17199,64.0
7430,TRK-1031,2026-06-07T06:04:45,35.192365,-82.50626,61.6
7431,TRK-1015,2026-06-07T06:22:43,32.304511,-77.003445,48.0
7432,TRK-1048,2026-06-07T06:34:53,36.504309,-80.881902,26.3
7433,TRK-1043,2026-06-07T06:38:31,36.936051,-82.951966,19.3
7434,TRK-1073,2026-06-07T06:41:59,35.408604,-83.517737,52.0
7435,TRK-1005,2026-06-07T06:44:04,36.42702,-77.565793,52.6
7436,TRK-1070,2026-06-07T06:44:12,32.284679,-75.668139,54.7
7437,TRK-1057,2026-06-07T07:04:15,33.09471,-79.795827,56.5
7438,TRK-1087,2026-06-07T07:12:09,36.48357,-76.211106,50.2
7439,TRK-1035,2026-06-07T07:17:56,32.866057,-79.362135,50.9
7440,TRK-1095,2026-06-07T07:20:40,35.349273,-82.903625,65.8
7441,TRK-1088,2026-06-07T07:22:26,35.474631,-79.070346,60.4
7442,TRK-1025,2026-06-07T07:35:34,35.877473,-75.587117,59.4
7443,TRK-1059,2026-06-07T07:39:22,34.254244,-82.1184,79.2
7444,TRK-1025,2026-06-07T07:52:56,34.008855,-79.193977,28.6
7445,TRK-1096,2026-06-07T08:58:33,35.946716,-83.709214,63.7
7446,TRK-1021,2026-06-07T08:58:35,33.093764,-80.186852,70.7
7447,TRK-1022,2026-06-07T09:02:49,33.748921,-77.047266,50.8
7448,TRK-1009,2026-06-07T09:03:49,35.253939,-83.228698,59.5
7449,TRK-1097,2026-06-07T09:15:31,36.847374,-80.492384,21.9
7450,TRK-1024,2026-06-07T09:27:04,33.051006,-77.3086,82.1
7451,TRK-1091,2026-06-07T10:03:40,36.666696,-84.15061,27.7
7452,TRK-1042,2026-06-07T10:27:31,33.354165,-83.441783,37.7
7453,TRK-1016,2026-06-07T10:40:40,35.611796,-82.796014,34.2
7454,TRK-1093,2026-06-07T10:43:08,33.418083,-79.041462,54.4
7455,TRK-1053,2026-06-07T11:12:43,32.888624,-80.099703,42.1
7456,TRK-1043,2026-06-07T11:35:24,35.020523,-78.410363,71.4
7457,TRK-1058,2026-06-07T11:45:32,33.413946,-82.352461,63.7
7458,TRK-1062,2026-06-07T11:52:54,33.377135,-76.211576,20.7
7459,TRK-1042,2026-06-07T12:23:18,34.947353,-77.019351,58.3
7460,TRK-1015,2026-06-07T12:47:25,35.038742,-77.901744,38.8
7461,TRK-1005,2026-06-07T12:51:10,35.339482,-83.303546,22.6
7462,TRK-1070,2026-06-07T13:23:02,35.737867,-75.971582,15.6
7463,TRK-1017,2026-06-07T13:39:56,33.983164,-78.023463,75.6
7464,TRK-1011,2026-06-07T13:44:02,35.970639,-81.298956,46.1
7465,TRK-1093,2026-06-07T13:45:16,35.943699,-80.043117,50.2
7466,TRK-1069,2026-06-07T13:51:19,34.43623,-79.672307,67.3
7467,TRK-1054,2026-06-07T13:53:40,35.903766,-80.385192,52.9
7468,TRK-1004,2026-06-07T14:11:23,35.498197,-83.309805,35.5
7469,TRK-1082,2026-06-07T14:15:17,34.662111,-83.711761,21.1
7470,TRK-1060,2026-06-07T14:29:02,32.333312,-76.239237,63.2
7471,TRK-1087,2026-06-07T14:29:04,36.038911,-82.409218,13.3
7472,TRK-1075,2026-06-07T15:15:16,32.759868,-82.992067,52.7
7473,TRK-1080,2026-06-07T15:17:17,33.76309,-79.928647,26.1
7474,TRK-1048,2026-06-07T15:37:00,34.736504,-75.127404,43.5
7475,TRK-1075,2026-06-07T15:42:59,35.700105,-78.800815,38.5
7476,TRK-1036,2026-06-07T15:43:39,33.320266,-80.032073,3.4
7477,TRK-1084,2026-06-07T15:51:01,33.904651,-77.078796,51.8
7478,TRK-1054,2026-06-07T16:27:30,34.476105,-78.300041,61.2
7479,TRK-1036,2026-06-07T17:04:12,32.826372,-80.12613,5.4
7480,TRK-1053,2026-06-07T17:08:00,36.439547,-77.07662,41.1
7481,TRK-1048,2026-06-07T17:19:17,35.756118,-75.359233,23.6
7482,TRK-1080,2026-06-07T17:36:20,33.800979,-76.454567,8.1
7483,TRK-1073,2026-06-07T17:47:15,34.502684,-81.911993,39.9
7484,TRK-1038,2026-06-07T17:49:22,32.483391,-80.770696,27.9
7485,TRK-1013,2026-06-07T18:05:13,35.599724,-81.813857,68.8
7486,TRK-1089,2026-06-07T18:08:46,32.656367,-76.445931,6.1
7487,TRK-1044,2026-06-07T18:50:36,32.416175,-76.522017,33.3
7488,TRK-1087,2026-06-07T19:06:06,35.132544,-77.347985,76.8
7489,TRK-1085,2026-06-07T19:07:52,34.331061,-75.440578,5.5
7490,TRK-1062,2026-06-07T19:09:18,35.252083,-76.392287,39.8
7491,TRK-1078,2026-06-07T19:12:22,33.05243,-75.35838,26.1
7492,TRK-1036,2026-06-07T19:14:14,36.09471,-82.705557,52.5
7493,TRK-1094,2026-06-07T19:33:50,35.49502,-82.560399,63.0
7494,TRK-1082,2026-06-07T19:38:34,35.915756,-78.390236,47.2
7495,TRK-1009,2026-06-07T20:18:01,36.65185,-81.5077,68.5
7496,TRK-1071,2026-06-07T20:28:46,35.327523,-77.317636,34.0
7497,TRK-1034,2026-06-07T20:36:24,35.616807,-76.454591,67.8
7498,TRK-1087,2026-06-07T20:48:59,32.73879,-79.512445,44.0
7499,TRK-1041,2026-06-07T21:20:09,33.290965,-79.985506,62.0
7500,TRK-1086,2026-06-07T21:34:47,32.234333,-76.801785,31.6
7501,TRK-1002,2026-06-07T21:37:47,35.843234,-77.377367,52.4
7502,TRK-1023,2026-06-07T21:43:07,35.694491,-82.382651,23.2
7503,TRK-1085,2026-06-07T21:52:30,35.584017,-75.52876,33.3
7504,TRK-1078,2026-06-07T22:16:12,36.70505,-79.407515,27.6
7505,TRK-1016,2026-06-07T22:29:05,32.915004,-81.505825,43.6
7506,TRK-1076,2026-06-07T22:33:41,32.33094,-76.316807,75.2
7507,TRK-1099,2026-06-07T22:45:36,35.711541,-82.784824,51.9
7508,TRK-1018,2026-06-07T23:28:35,35.685842,-76.386966,53.8
7509,TRK-1086,2026-06-07T23:40:08,33.824651,-83.414108,56.8
7510,TRK-1037,2026-06-07T23:48:31,32.662968,-77.884953,71.7
7511,TRK-1036,2026-06-07T23:56:35,34.741554,-76.066574,57.5
7512,TRK-1085,2026-06-08T00:07:46,36.463553,-79.069316,63.2
7513,TRK-1023,2026-06-08T00:21:45,32.965837,-82.857918,56.6
7514,TRK-1012,2026-06-08T00:23:30,34.087179,-81.099983,22.6
7515,TRK-1023,2026-06-08T00:36:00,35.32801,-84.07822,49.5
7516,TRK-1012,2026-06-08T00:46:01,32.157977,-83.714907,27.9
7517,TRK-1091,2026-06-08T00:58:53,36.299371,-77.803976,40.7
7518,TRK-1030,2026-06-08T01:01:55,36.740398,-80.681149,29.5
7519,TRK-1014,2026-06-08T01:06:40,35.633904,-78.182412,24.0
7520,TRK-1077,2026-06-08T01:41:00,35.949599,-84.269264,5.8
7521,TRK-1053,2026-06-08T01:41:54,34.48125,-79.64836,43.3
7522,TRK-1079,2026-06-08T02:14:22,36.869745,-83.243449,32.5
7523,TRK-1005,2026-06-08T02:33:55,36.532324,-76.865096,31.9
7524,TRK-1043,2026-06-08T02:44:37,35.793044,-80.417207,60.8
7525,TRK-1054,2026-06-08T03:03:47,35.619761,-83.941228,47.9
7526,TRK-1009,2026-06-08T03:06:33,33.126755,-80.244588,72.8
7527,TRK-1039,2026-06-08T03:17:18,34.84846,-78.717841,30.2
7528,TRK-1019,2026-06-08T03:36:28,36.305044,-76.607208,32.7
7529,TRK-1044,2026-06-08T03:56:29,33.272292,-81.912823,13.5
7530,TRK-1069,2026-06-08T04:47:01,35.01622,-81.890942,42.4
7531,TRK-1091,2026-06-08T04:56:02,36.039664,-76.632286,64.0
7532,TRK-1088,2026-06-08T05:05:21,36.77822,-79.897307,51.1
7533,TRK-1008,2026-06-08T05:15:12,35.725573,-76.116284,49.0
7534,TRK-1091,2026-06-08T05:24:28,32.420033,-78.833424,48.4
7535,TRK-1068,2026-06-08T05:29:05,32.231488,-78.802308,38.8
7536,TRK-1023,2026-06-08T05:40:26,33.813651,-83.36577,32.0
7537,TRK-1078,2026-06-08T05:53:52,35.517172,-76.003476,17.8
7538,TRK-1043,2026-06-08T06:06:07,35.804011,-75.046145,44.3
7539,TRK-1002,2026-06-08T06:07:14,35.586736,-81.433015,49.7
7540,TRK-1028,2026-06-08T06:57:54,34.057762,-80.79279,66.2
7541,TRK-1072,2026-06-08T07:05:39,32.440759,-78.582421,37.0
7542,TRK-1050,2026-06-08T07:07:32,32.599316,-83.032312,37.1
7543,TRK-1006,2026-06-08T07:12:37,34.100401,-82.755322,45.0
7544,TRK-1097,2026-06-08T07:13:43,32.150877,-78.957186,39.8
7545,TRK-1003,2026-06-08T08:03:10,35.613339,-80.840347,79.3
7546,TRK-1096,2026-06-08T08:04:36,35.235081,-84.344605,29.0
7547,TRK-1032,2026-06-08T08:10:58,34.626159,-80.472763,74.5
7548,TRK-1088,2026-06-08T08:30:39,36.371774,-82.909424,62.5
7549,TRK-1061,2026-06-08T09:00:36,34.08844,-82.560437,45.1
7550,TRK-1005,2026-06-08T09:10:51,33.99752,-81.084273,46.2
7551,TRK-1088,2026-06-08T09:40:30,34.259034,-78.211475,53.1
7552,TRK-1010,2026-06-08T09:42:11,32.249377,-75.826888,45.1
7553,TRK-1052,2026-06-08T09:49:19,36.213617,-81.010784,60.5
7554,TRK-1019,2026-06-08T10:25:45,33.810985,-77.039099,13.2
7555,TRK-1035,2026-06-08T10:43:44,33.984757,-77.920695,40.8
7556,TRK-1090,2026-06-08T11:30:06,36.418942,-77.535814,46.0
7557,TRK-1033,2026-06-08T11:32:05,32.317177,-75.275069,52.9
7558,TRK-1005,2026-06-08T11:54:38,32.974655,-81.279439,43.3
7559,TRK-1030,2026-06-08T11:55:34,36.101646,-82.361979,51.8
7560,TRK-1096,2026-06-08T12:22:30,35.658388,-82.569748,24.9
7561,TRK-1068,2026-06-08T12:22:54,33.994984,-80.169659,46.3
7562,TRK-1073,2026-06-08T12:33:43,35.211037,-83.286111,77.5
7563,TRK-1007,2026-06-08T13:04:43,36.403081,-82.044679,56.3
7564,TRK-1012,2026-06-08T13:10:03,36.38391,-78.769245,34.5
7565,TRK-1007,2026-06-08T13:12:05,34.716912,-82.263377,39.9
7566,TRK-1025,2026-06-08T13:14:45,34.06451,-80.114893,40.2
7567,TRK-1086,2026-06-08T13:36:33,36.676142,-81.329687,50.5
7568,TRK-1032,2026-06-08T13:41:44,34.012048,-80.025758,56.7
7569,TRK-1019,2026-06-08T13:51:41,34.440517,-83.156916,26.9
7570,TRK-1046,2026-06-08T14:07:38,36.611102,-78.976526,46.6
7571,TRK-1087,2026-06-08T14:23:35,32.83046,-77.2063,41.9
7572,TRK-1074,2026-06-08T14:30:10,36.445303,-82.981617,38.4
7573,TRK-1007,2026-06-08T14:34:06,36.07559,-79.979141,48.8
7574,TRK-1049,2026-06-08T14:41:17,35.406113,-83.193351,53.7
7575,TRK-1004,2026-06-08T15:11:34,36.199028,-80.326222,47.1
7576,TRK-1053,2026-06-08T15:17:36,34.163228,-78.956495,23.3
7577,TRK-1043,2026-06-08T15:21:20,35.460843,-82.923327,25.6
7578,TRK-1081,2026-06-08T16:08:54,36.652156,-81.305224,28.4
7579,TRK-1025,2026-06-08T16:24:04,32.307279,-83.172225,16.7
7580,TRK-1024,2026-06-08T16:31:16,32.016457,-77.146103,29.6
7581,TRK-1042,2026-06-08T16:37:16,34.057903,-79.859728,56.8
7582,TRK-1017,2026-06-08T17:32:01,32.720726,-78.383757,15.1
7583,TRK-1030,2026-06-08T17:32:55,35.989071,-78.834167,0.0
7584,TRK-1034,2026-06-08T17:40:12,33.104691,-81.707868,27.7
7585,TRK-1019,2026-06-08T17:43:07,32.763014,-77.093692,55.1
7586,TRK-1062,2026-06-08T17:44:10,33.097603,-77.160283,60.8
7587,TRK-1068,2026-06-08T17:45:07,36.721052,-82.717395,0.0
7588,TRK-1045,2026-06-08T17:58:37,32.375633,-80.785691,40.9
7589,TRK-1095,2026-06-08T18:19:39,34.669311,-81.882616,16.2
7590,TRK-1021,2026-06-08T18:25:19,36.574363,-81.815919,44.4
7591,TRK-1058,2026-06-08T18:27:56,34.788315,-77.232448,37.9
7592,TRK-1049,2026-06-08T18:42:18,34.483759,-82.50684,43.3
7593,TRK-1046,2026-06-08T18:56:06,35.025484,-82.939748,33.5
7594,TRK-1032,2026-06-08T19:17:33,32.040747,-79.247752,83.2
7595,TRK-1011,2026-06-08T19:20:17,36.005447,-83.100862,83.9
7596,TRK-1092,2026-06-08T19:22:33,36.752888,-80.019285,33.3
7597,TRK-1013,2026-06-08T19:28:20,32.64617,-84.261906,72.1
7598,TRK-1085,2026-06-08T19:32:03,35.311302,-77.460658,34.8
7599,TRK-1095,2026-06-08T19:39:37,34.514802,-76.087968,43.8
7600,TRK-1076,2026-06-08T19:48:01,35.401665,-78.191747,12.2
7601,TRK-1000,2026-06-08T19:56:01,33.741105,-75.094239,52.6
7602,TRK-1014,2026-06-08T20:02:37,32.937566,-79.223473,67.3
7603,TRK-1031,2026-06-08T20:22:48,36.992797,-80.311774,37.2
7604,TRK-1090,2026-06-08T20:43:01,35.241897,-76.794565,33.0
7605,TRK-1024,2026-06-08T21:17:17,35.585709,-76.323557,38.9
7606,TRK-1042,2026-06-08T21:37:55,33.435608,-76.88277,46.7
7607,TRK-1079,2026-06-08T21:55:25,33.94363,-82.993267,80.2
7608,TRK-1080,2026-06-08T22:00:06,33.070555,-75.978736,49.8
7609,TRK-1025,2026-06-08T22:20:16,34.770074,-75.728284,42.7
7610,TRK-1084,2026-06-08T22:50:26,34.305835,-78.362781,49.3
7611,TRK-1074,2026-06-08T22:57:43,36.09964,-76.875246,36.9
7612,TRK-1060,2026-06-08T23:08:20,35.18067,-83.469428,71.5
7613,TRK-1092,2026-06-08T23:11:19,36.80896,-78.833872,14.5
7614,TRK-1025,2026-06-08T23:29:49,36.332075,-83.725773,9.1
7615,TRK-1006,2026-06-09T00:06:28,35.116693,-81.966154,36.8
7616,TRK-1044,2026-06-09T00:09:29,33.003049,-79.481404,70.4
7617,TRK-1000,2026-06-09T00:14:10,34.085375,-75.050793,50.6
7618,TRK-1094,2026-06-09T00:57:28,35.483908,-79.97473,37.7
7619,TRK-1057,2026-06-09T01:12:20,35.610603,-75.345273,52.0
7620,TRK-1080,2026-06-09T01:46:54,33.785018,-78.611649,38.1
7621,TRK-1076,2026-06-09T02:09:37,35.470956,-80.427213,48.6
7622,TRK-1001,2026-06-09T02:19:05,35.394344,-82.464893,33.3
7623,TRK-1030,2026-06-09T02:21:55,33.237908,-77.210993,38.3
7624,TRK-1056,2026-06-09T02:37:19,32.136745,-75.94244,16.3
7625,TRK-1021,2026-06-09T02:37:25,33.312003,-75.766925,61.3
7626,TRK-1097,2026-06-09T02:47:00,34.621415,-79.338314,56.0
7627,TRK-1081,2026-06-09T02:56:28,33.688157,-80.327928,63.3
7628,TRK-1037,2026-06-09T02:57:35,33.480248,-75.27897,32.1
7629,TRK-1028,2026-06-09T03:05:30,34.508631,-77.824972,29.0
7630,TRK-1081,2026-06-09T03:12:22,35.502737,-78.467341,37.3
7631,TRK-1059,2026-06-09T03:16:23,32.094106,-80.860571,48.7
7632,TRK-1046,2026-06-09T03:33:50,33.91241,-77.969747,37.6
7633,TRK-1039,2026-06-09T03:39:32,34.501274,-77.472871,80.8
7634,TRK-1090,2026-06-09T03:41:26,34.373011,-81.778605,43.1
7635,TRK-1036,2026-06-09T03:58:38,33.151783,-80.478525,33.7
7636,TRK-1025,2026-06-09T04:07:04,36.047955,-81.172321,36.7
7637,TRK-1025,2026-06-09T04:08:01,32.498145,-84.019667,41.2
7638,TRK-1080,2026-06-09T04:12:42,33.975984,-77.452494,77.9
7639,TRK-1034,2026-06-09T04:30:10,32.090621,-77.64804,63.2
7640,TRK-1083,2026-06-09T04:36:13,32.099656,-77.852251,41.7
7641,TRK-1076,2026-06-09T04:39:10,33.328434,-77.218127,12.0
7642,TRK-1054,2026-06-09T04:55:42,33.311468,-83.477655,32.0
7643,TRK-1088,2026-06-09T04:57:23,35.54695,-83.468346,66.2
7644,TRK-1036,2026-06-09T05:17:21,36.937475,-84.185109,29.0
7645,TRK-1002,2026-06-09T05:17:43,32.336741,-81.399762,52.1
7646,TRK-1020,2026-06-09T05:26:48,32.62725,-81.117998,60.7
7647,TRK-1047,2026-06-09T05:39:50,35.848841,-79.392118,27.8
7648,TRK-1001,2026-06-09T05:48:16,34.921069,-78.780494,55.0
7649,TRK-1075,2026-06-09T05:49:46,35.645098,-75.744152,62.6
7650,TRK-1050,2026-06-09T05:52:37,35.207727,-75.931513,21.5
7651,TRK-1029,2026-06-09T06:07:10,34.93912,-79.799071,13.3
7652,TRK-1045,2026-06-09T06:22:12,35.482907,-80.465514,33.5
7653,TRK-1087,2026-06-09T06:22:15,33.090886,-77.582491,23.2
7654,TRK-1082,2026-06-09T06:32:50,36.952267,-80.761202,56.8
7655,TRK-1025,2026-06-09T06:52:26,36.001349,-78.84022,84.9
7656,TRK-1065,2026-06-09T07:11:04,36.446332,-76.844847,12.2
7657,TRK-1083,2026-06-09T07:28:35,36.648223,-82.976119,27.6
7658,TRK-1078,2026-06-09T07:32:08,35.314731,-79.190023,37.8
7659,TRK-1001,2026-06-09T08:02:19,33.370315,-81.244222,29.7
7660,TRK-1028,2026-06-09T08:32:41,34.685942,-78.449044,51.6
7661,TRK-1080,2026-06-09T08:47:51,32.859924,-80.791068,47.7
7662,TRK-1038,2026-06-09T08:54:04,33.426704,-83.683816,57.3
7663,TRK-1003,2026-06-09T08:57:41,36.76617,-81.119862,44.9
7664,TRK-1014,2026-06-09T09:07:51,33.945996,-78.663837,64.3
7665,TRK-1070,2026-06-09T09:23:48,36.031035,-84.398968,48.3
7666,TRK-1081,2026-06-09T10:02:16,33.667895,-76.168725,53.2
7667,TRK-1039,2026-06-09T10:08:58,33.463876,-80.751027,47.6
7668,TRK-1022,2026-06-09T10:15:08,33.312789,-78.510371,51.1
7669,TRK-1003,2026-06-09T10:31:48,36.00074,-80.161096,49.3
7670,TRK-1065,2026-06-09T11:25:38,35.750856,-77.023043,27.1
7671,TRK-1037,2026-06-09T11:36:02,35.471572,-80.689595,86.3
7672,TRK-1011,2026-06-09T11:46:19,36.295279,-76.095097,15.8
7673,TRK-1008,2026-06-09T12:04:29,33.542544,-76.25698,51.8
7674,TRK-1047,2026-06-09T12:10:15,33.932491,-81.654997,83.2
7675,TRK-1028,2026-06-09T12:28:21,36.817862,-84.254177,26.9
7676,TRK-1015,2026-06-09T12:29:12,33.148616,-76.351096,41.8
7677,TRK-1090,2026-06-09T12:48:51,36.910304,-79.466834,52.8
7678,TRK-1045,2026-06-09T12:50:15,34.46501,-83.105858,68.4
7679,TRK-1065,2026-06-09T12:53:39,34.132149,-77.064521,54.2
7680,TRK-1086,2026-06-09T12:56:55,33.190069,-75.752188,64.1
7681,TRK-1082,2026-06-09T13:14:02,33.658058,-82.864303,54.4
7682,TRK-1056,2026-06-09T13:47:16,32.348737,-78.502134,52.6
7683,TRK-1065,2026-06-09T13:57:09,35.678283,-83.241623,44.6
7684,TRK-1009,2026-06-09T14:32:25,34.553758,-79.943919,67.8
7685,TRK-1014,2026-06-09T14:48:30,34.111013,-79.683255,12.8
7686,TRK-1078,2026-06-09T14:54:59,36.217691,-82.181601,51.3
7687,TRK-1033,2026-06-09T14:57:05,35.07751,-75.779452,41.3
7688,TRK-1003,2026-06-09T14:59:41,33.567998,-82.962272,65.3
7689,TRK-1036,2026-06-09T15:12:43,35.616652,-80.331154,0.0
7690,TRK-1034,2026-06-09T15:54:04,35.224717,-83.321394,55.5
7691,TRK-1046,2026-06-09T15:57:49,32.535135,-82.936981,21.3
7692,TRK-1040,2026-06-09T16:09:40,35.764299,-75.882651,36.7
7693,TRK-1075,2026-06-09T16:27:08,36.893251,-77.84436,48.8
7694,TRK-1020,2026-06-09T16:37:40,35.730711,-77.681917,54.6
7695,TRK-1097,2026-06-09T17:14:09,36.865727,-76.740301,29.7
7696,TRK-1087,2026-06-09T17:41:48,35.120536,-82.421181,62.1
7697,TRK-1000,2026-06-09T17:49:24,32.277056,-81.833569,43.1
7698,TRK-1088,2026-06-09T18:05:07,33.746115,-82.038465,78.2
7699,TRK-1018,2026-06-09T18:08:47,35.475364,-81.924555,37.2
7700,TRK-1015,2026-06-09T18:17:44,36.534279,-76.774458,26.8
7701,TRK-1038,2026-06-09T18:55:44,36.38113,-81.530293,31.4
7702,TRK-1081,2026-06-09T19:08:02,36.662988,-75.649555,37.8
7703,TRK-1078,2026-06-09T19:21:16,33.875395,-83.377354,26.3
7704,TRK-1028,2026-06-09T19:24:18,35.982489,-81.182614,60.2
7705,TRK-1016,2026-06-09T19:45:42,33.26034,-75.233059,60.9
7706,TRK-1022,2026-06-09T19:47:31,33.590677,-84.393869,59.1
7707,TRK-1076,2026-06-09T19:54:57,34.463867,-84.238834,69.1
7708,TRK-1096,2026-06-09T20:00:02,32.399324,-82.199857,50.6
7709,TRK-1083,2026-06-09T20:01:51,33.186249,-84.067763,27.5
7710,TRK-1061,2026-06-09T20:20:37,34.578787,-81.424538,53.4
7711,TRK-1006,2026-06-09T20:28:09,34.279759,-84.446582,62.6
7712,TRK-1006,2026-06-09T21:23:22,34.078961,-79.382047,38.7
7713,TRK-1008,2026-06-09T21:32:12,34.85119,-76.210707,51.4
7714,TRK-1017,2026-06-09T21:34:40,35.867587,-81.997665,52.3
7715,TRK-1026,2026-06-09T21:43:20,35.896335,-75.988023,74.7
7716,TRK-1008,2026-06-09T21:46:59,33.729388,-76.512267,63.7
7717,TRK-1043,2026-06-09T22:04:26,32.697706,-81.24843,69.0
7718,TRK-1010,2026-06-09T22:12:27,35.42245,-83.675468,23.0
7719,TRK-1027,2026-06-09T22:28:58,34.906734,-75.488528,45.5
7720,TRK-1057,2026-06-09T22:42:01,33.24266,-83.503249,27.7
7721,TRK-1024,2026-06-09T22:44:10,32.962714,-76.352652,44.7
7722,TRK-1080,2026-06-09T22:45:28,34.918511,-83.746581,48.2
7723,TRK-1094,2026-06-09T23:15:07,35.397125,-80.15851,41.9
7724,TRK-1071,2026-06-09T23:19:41,35.853105,-81.000257,49.1
7725,TRK-1074,2026-06-09T23:21:09,32.114177,-76.363621,41.9
7726,TRK-1068,2026-06-09T23:31:53,36.96942,-79.104427,45.0
7727,TRK-1053,2026-06-09T23:40:09,33.717021,-83.4819,55.7
7728,TRK-1038,2026-06-09T23:55:03,32.563608,-80.402481,44.0
7729,TRK-1059,2026-06-10T00:18:22,35.4045,-77.967594,51.6
7730,TRK-1050,2026-06-10T01:02:00,36.639016,-83.182658,47.9
7731,TRK-1005,2026-06-10T01:05:44,34.936596,-83.652743,38.4
7732,TRK-1084,2026-06-10T01:18:58,35.547366,-79.108525,43.4
7733,TRK-1031,2026-06-10T01:25:53,35.672146,-78.508239,21.9
7734,TRK-1097,2026-06-10T01:47:44,36.586922,-80.442044,51.7
7735,TRK-1058,2026-06-10T01:57:37,33.327195,-81.563703,1.0
7736,TRK-1072,2026-06-10T02:05:08,35.724722,-76.89471,44.5
7737,TRK-1040,2026-06-10T02:05:57,34.151156,-78.437306,40.4
7738,TRK-1061,2026-06-10T02:13:14,34.220505,-80.806033,61.3
7739,TRK-1070,2026-06-10T02:15:22,35.6391,-82.11092,61.7
7740,TRK-1055,2026-06-10T02:22:57,32.602891,-77.435608,30.8
7741,TRK-1010,2026-06-10T02:24:34,33.983012,-77.896346,63.7
7742,TRK-1067,2026-06-10T03:06:35,33.098413,-76.610942,25.3
7743,TRK-1066,2026-06-10T03:12:40,36.563047,-82.584366,76.4
7744,TRK-1045,2026-06-10T03:35:54,36.653607,-77.938653,62.5
7745,TRK-1016,2026-06-10T03:53:40,34.630847,-83.90811,36.0
7746,TRK-1066,2026-06-10T03:59:12,33.756866,-78.302283,52.7
7747,TRK-1037,2026-06-10T03:59:40,32.183913,-81.761081,48.5
7748,TRK-1004,2026-06-10T04:03:06,35.548848,-80.268219,66.7
7749,TRK-1003,2026-06-10T04:08:44,33.553076,-77.240638,52.0
7750,TRK-1023,2026-06-10T04:18:09,33.014593,-76.359622,38.5
7751,TRK-1084,2026-06-10T04:41:50,32.484708,-79.33798,60.8
7752,TRK-1022,2026-06-10T04:47:17,32.666843,-82.751981,2.4
7753,TRK-1073,2026-06-10T05:36:13,35.693366,-80.4876,51.3
7754,TRK-1032,2026-06-10T06:02:52,35.468858,-75.845852,52.2
7755,TRK-1086,2026-06-10T06:14:43,34.77063,-78.496236,31.4
7756,TRK-1067,2026-06-10T06:22:26,32.829488,-77.127297,63.0
7757,TRK-1020,2026-06-10T06:31:58,36.537416,-78.721539,67.1
7758,TRK-1052,2026-06-10T06:33:11,32.626397,-81.231345,75.4
7759,TRK-1005,2026-06-10T07:09:41,35.148932,-75.108313,47.4
7760,TRK-1058,2026-06-10T07:15:48,36.91352,-75.189483,67.7
7761,TRK-1085,2026-06-10T07:24:26,32.315463,-82.520362,25.5
7762,TRK-1038,2026-06-10T07:29:15,32.313637,-78.004342,36.4
7763,TRK-1087,2026-06-10T07:33:33,34.019187,-82.464114,52.7
7764,TRK-1067,2026-06-10T07:48:50,35.56196,-81.208425,55.1
7765,TRK-1072,2026-06-10T08:01:42,33.843143,-81.472102,58.5
7766,TRK-1045,2026-06-10T08:14:57,32.822086,-83.795529,29.9
7767,TRK-1086,2026-06-10T08:15:40,34.25997,-82.711595,35.2
7768,TRK-1036,2026-06-10T08:33:17,32.919849,-83.438333,30.0
7769,TRK-1045,2026-06-10T09:09:39,33.542868,-75.559205,67.4
7770,TRK-1081,2026-06-10T09:10:23,36.660983,-75.577109,60.3
7771,TRK-1086,2026-06-10T09:17:17,34.870126,-78.748803,26.0
7772,TRK-1032,2026-06-10T10:03:45,34.45682,-82.773303,43.1
7773,TRK-1094,2026-06-10T10:15:19,35.793598,-83.349024,38.8
7774,TRK-1067,2026-06-10T10:20:26,34.285636,-83.032453,57.5
7775,TRK-1092,2026-06-10T10:20:51,33.540899,-76.827063,57.8
7776,TRK-1080,2026-06-10T10:24:13,34.885381,-83.495402,48.9
7777,TRK-1035,2026-06-10T10:30:14,36.112249,-80.872274,22.9
7778,TRK-1075,2026-06-10T10:35:31,35.509629,-76.02129,83.0
7779,TRK-1067,2026-06-10T10:47:27,33.656532,-80.914593,83.4
7780,TRK-1022,2026-06-10T10:52:28,34.443647,-81.128938,50.4
7781,TRK-1012,2026-06-10T11:11:38,34.028082,-81.15698,46.5
7782,TRK-1041,2026-06-10T11:34:36,34.382691,-83.054422,40.7
7783,TRK-1098,2026-06-10T11:41:02,33.315105,-82.511064,55.7
7784,TRK-1010,2026-06-10T12:03:18,34.606625,-80.997993,40.0
7785,TRK-1078,2026-06-10T12:03:27,35.66557,-82.315907,63.1
7786,TRK-1009,2026-06-10T12:24:15,34.892217,-83.439662,84.5
7787,TRK-1039,2026-06-10T12:40:12,35.137766,-78.178521,20.2
7788,TRK-1063,2026-06-10T12:52:28,35.793498,-76.787632,33.9
7789,TRK-1047,2026-06-10T13:58:32,33.911189,-81.225313,54.1
7790,TRK-1034,2026-06-10T14:16:20,34.570187,-78.510559,58.3
7791,TRK-1002,2026-06-10T14:40:29,35.006469,-83.863923,33.8
7792,TRK-1045,2026-06-10T14:46:11,36.345756,-81.710588,66.8
7793,TRK-1082,2026-06-10T14:54:18,35.355542,-75.150062,46.7
7794,TRK-1046,2026-06-10T14:58:29,33.15275,-80.933637,44.2
7795,TRK-1016,2026-06-10T16:02:50,36.441782,-77.627331,34.6
7796,TRK-1046,2026-06-10T16:06:23,34.5711,-81.387593,56.2
7797,TRK-1012,2026-06-10T16:16:04,34.72139,-76.971773,55.7
7798,TRK-1072,2026-06-10T16:21:50,32.17725,-79.190507,55.7
7799,TRK-1087,2026-06-10T16:32:52,32.613398,-75.832774,72.7
7800,TRK-1031,2026-06-10T16:42:26,35.292375,-75.251021,46.1
7801,TRK-1028,2026-06-10T16:47:28,32.205943,-78.304114,41.3
7802,TRK-1008,2026-06-10T17:04:50,36.085104,-79.954192,60.4
7803,TRK-1028,2026-06-10T17:25:07,33.014382,-79.640187,38.1
7804,TRK-1008,2026-06-10T17:29:01,33.63197,-77.216687,53.3
7805,TRK-1010,2026-06-10T17:36:08,35.080834,-79.149956,73.8
7806,TRK-1044,2026-06-10T17:48:58,33.657887,-78.472241,55.1
7807,TRK-1072,2026-06-10T17:56:21,32.410302,-75.669762,72.9
7808,TRK-1060,2026-06-10T17:56:49,34.946056,-79.239303,26.3
7809,TRK-1003,2026-06-10T17:57:43,33.368406,-77.380942,69.7
7810,TRK-1094,2026-06-10T18:07:41,35.70713,-80.87194,44.1
7811,TRK-1062,2026-06-10T18:12:21,32.07578,-77.033964,40.0
7812,TRK-1019,2026-06-10T18:14:31,32.697351,-83.03513,79.0
7813,TRK-1075,2026-06-10T18:18:19,35.398722,-77.640643,12.4
7814,TRK-1039,2026-06-10T18:21:56,33.126274,-77.899852,26.1
7815,TRK-1035,2026-06-10T18:30:07,35.660234,-82.89425,69.7
7816,TRK-1033,2026-06-10T18:36:57,35.79161,-80.386416,37.5
7817,TRK-1047,2026-06-10T18:45:27,36.113743,-81.214817,47.4
7818,TRK-1092,2026-06-10T18:46:19,35.510619,-75.808988,34.5
7819,TRK-1009,2026-06-10T19:00:47,35.220277,-83.541845,86.7
7820,TRK-1090,2026-06-10T19:11:10,34.710662,-82.582532,38.9
7821,TRK-1078,2026-06-10T19:47:35,32.61568,-82.179876,56.9
7822,TRK-1037,2026-06-10T20:00:09,36.774747,-77.496261,74.8
7823,TRK-1072,2026-06-10T20:01:44,32.52052,-75.798819,5.1
7824,TRK-1080,2026-06-10T20:10:15,35.530804,-78.852522,54.7
7825,TRK-1021,2026-06-10T20:13:35,35.112007,-82.275036,59.2
7826,TRK-1070,2026-06-10T20:29:38,33.839536,-76.940406,40.2
7827,TRK-1078,2026-06-10T20:37:39,35.353861,-78.964579,39.3
7828,TRK-1032,2026-06-10T20:43:08,32.20669,-78.827857,65.6
7829,TRK-1010,2026-06-10T20:53:36,33.163749,-76.668909,32.9
7830,TRK-1058,2026-06-10T21:27:38,32.564651,-80.68118,41.0
7831,TRK-1005,2026-06-10T21:35:40,36.435025,-82.767808,32.3
7832,TRK-1002,2026-06-10T21:39:41,32.225722,-76.920769,64.4
7833,TRK-1089,2026-06-10T21:57:57,34.461691,-78.879498,2.6
7834,TRK-1037,2026-06-10T22:30:08,32.003308,-84.394417,57.3
7835,TRK-1018,2026-06-10T22:39:21,34.373704,-75.612271,10.7
7836,TRK-1073,2026-06-10T23:07:23,32.894202,-83.948985,43.5
7837,TRK-1098,2026-06-10T23:09:02,36.586278,-82.438228,29.3
7838,TRK-1035,2026-06-10T23:16:32,34.448819,-81.03623,34.7
7839,TRK-1082,2026-06-10T23:25:35,33.83599,-80.756495,39.7
7840,TRK-1009,2026-06-10T23:37:11,33.25255,-78.864593,41.0
7841,TRK-1033,2026-06-10T23:41:20,35.936853,-81.720604,21.6
7842,TRK-1095,2026-06-11T00:06:05,32.813538,-76.743006,37.0
7843,TRK-1048,2026-06-11T00:36:51,33.5178,-77.319305,57.9
7844,TRK-1015,2026-06-11T00:56:34,35.823229,-76.620325,64.9
7845,TRK-1014,2026-06-11T01:17:15,36.12234,-77.02069,36.0
7846,TRK-1030,2026-06-11T01:33:55,35.361652,-77.218842,44.4
7847,TRK-1028,2026-06-11T01:50:08,34.545174,-80.439828,65.1
7848,TRK-1079,2026-06-11T02:21:30,36.410853,-77.65373,60.1
7849,TRK-1048,2026-06-11T02:23:23,36.601406,-80.336347,0.0
7850,TRK-1082,2026-06-11T02:24:43,33.819832,-80.898251,62.1
7851,TRK-1020,2026-06-11T02:46:59,35.951004,-81.577608,52.3
7852,TRK-1045,2026-06-11T03:12:08,36.028652,-81.967813,24.6
7853,TRK-1084,2026-06-11T03:38:34,34.064392,-78.884254,51.3
7854,TRK-1095,2026-06-11T03:40:07,36.751085,-84.004599,60.7
7855,TRK-1079,2026-06-11T03:45:36,33.051658,-75.549639,37.7
7856,TRK-1033,2026-06-11T03:46:03,35.348936,-76.856145,50.8
7857,TRK-1014,2026-06-11T03:47:14,35.013294,-76.346352,56.1
7858,TRK-1048,2026-06-11T03:50:37,33.960803,-75.469464,27.8
7859,TRK-1084,2026-06-11T03:56:42,35.738324,-80.300265,56.3
7860,TRK-1001,2026-06-11T04:05:27,35.642228,-77.534953,56.8
7861,TRK-1036,2026-06-11T04:06:36,34.641992,-84.164048,27.9
7862,TRK-1045,2026-06-11T04:07:51,35.249961,-76.73806,31.8
7863,TRK-1076,2026-06-11T04:14:49,35.928461,-81.77738,38.8
7864,TRK-1026,2026-06-11T04:19:55,32.745098,-82.308992,52.3
7865,TRK-1028,2026-06-11T04:24:22,35.247249,-76.850032,32.8
7866,TRK-1071,2026-06-11T04:35:45,32.030575,-79.177132,59.9
7867,TRK-1088,2026-06-11T04:43:33,33.931246,-81.258878,39.7
7868,TRK-1013,2026-06-11T04:45:34,32.33481,-79.424696,51.6
7869,TRK-1086,2026-06-11T05:23:46,33.873184,-75.143575,67.3
7870,TRK-1000,2026-06-11T05:31:27,33.554093,-82.778313,19.8
7871,TRK-1082,2026-06-11T05:50:07,36.686916,-80.263122,45.1
7872,TRK-1097,2026-06-11T05:59:40,32.495617,-83.577287,42.0
7873,TRK-1023,2026-06-11T06:21:47,35.501766,-84.278559,40.3
7874,TRK-1092,2026-06-11T06:32:37,35.991079,-78.56306,30.4
7875,TRK-1019,2026-06-11T06:45:38,32.997972,-79.302441,61.2
7876,TRK-1087,2026-06-11T06:53:14,34.028047,-79.213427,30.0
7877,TRK-1051,2026-06-11T07:01:44,33.015148,-82.41879,57.9
7878,TRK-1008,2026-06-11T07:18:46,33.851873,-75.8725,28.9
7879,TRK-1011,2026-06-11T07:20:52,36.844381,-81.94284,77.0
7880,TRK-1061,2026-06-11T07:44:18,35.207997,-78.958849,42.8
7881,TRK-1043,2026-06-11T07:48:36,35.269706,-82.734971,59.6
7882,TRK-1024,2026-06-11T08:15:00,35.924294,-78.989579,51.9
7883,TRK-1000,2026-06-11T08:26:51,35.837574,-84.33223,61.1
7884,TRK-1047,2026-06-11T08:31:27,32.411827,-83.404815,50.3
7885,TRK-1018,2026-06-11T08:41:13,32.731857,-77.129901,58.9
7886,TRK-1010,2026-06-11T09:13:09,35.612201,-83.000683,37.3
7887,TRK-1000,2026-06-11T09:20:06,36.543304,-81.04968,56.3
7888,TRK-1025,2026-06-11T09:23:30,33.561751,-77.935347,60.2
7889,TRK-1063,2026-06-11T09:30:51,33.183405,-75.140912,37.3
7890,TRK-1057,2026-06-11T09:36:32,35.008931,-78.678474,33.4
7891,TRK-1076,2026-06-11T10:01:15,34.313702,-82.526428,55.0
7892,TRK-1017,2026-06-11T10:01:41,36.943849,-81.810278,58.2
7893,TRK-1095,2026-06-11T10:05:10,34.26058,-77.097599,64.4
7894,TRK-1083,2026-06-11T10:26:57,34.604244,-78.505265,18.6
7895,TRK-1027,2026-06-11T11:00:51,36.712092,-75.65377,64.6
7896,TRK-1080,2026-06-11T11:02:48,33.533852,-79.23174,40.0
7897,TRK-1039,2026-06-11T11:22:24,34.363348,-81.081862,22.3
7898,TRK-1006,2026-06-11T11:28:12,35.105629,-83.077748,41.1
7899,TRK-1066,2026-06-11T12:19:41,33.853781,-77.099225,46.9
7900,TRK-1011,2026-06-11T12:20:06,34.487061,-75.917738,32.2
7901,TRK-1098,2026-06-11T12:29:21,35.364505,-83.62341,35.8
7902,TRK-1060,2026-06-11T13:15:36,35.691713,-78.457411,43.6
7903,TRK-1075,2026-06-11T13:19:55,36.768513,-82.993299,40.6
7904,TRK-1024,2026-06-11T13:24:20,36.196886,-77.718706,14.1
7905,TRK-1026,2026-06-11T13:57:48,35.851815,-79.713599,10.7
7906,TRK-1032,2026-06-11T14:07:50,32.772009,-79.315513,21.5
7907,TRK-1086,2026-06-11T14:23:39,36.596476,-76.380026,36.7
7908,TRK-1038,2026-06-11T14:39:12,35.065113,-83.447298,64.2
7909,TRK-1073,2026-06-11T14:52:49,35.164202,-77.513112,51.7
7910,TRK-1085,2026-06-11T15:30:40,34.700639,-75.991655,61.8
7911,TRK-1017,2026-06-11T15:46:48,33.502243,-76.245974,42.5
7912,TRK-1061,2026-06-11T16:14:42,36.228407,-81.610328,49.3
7913,TRK-1013,2026-06-11T16:16:25,32.698958,-80.115482,84.9
7914,TRK-1019,2026-06-11T16:19:50,33.257669,-83.279715,53.7
7915,TRK-1016,2026-06-11T16:32:32,35.307511,-76.975297,23.7
7916,TRK-1036,2026-06-11T16:43:46,35.792596,-76.893536,20.0
7917,TRK-1084,2026-06-11T16:50:41,35.323356,-82.067245,49.1
7918,TRK-1019,2026-06-11T16:53:22,34.766496,-76.143009,2.4
7919,TRK-1052,2026-06-11T17:16:48,34.668142,-82.585416,26.0
7920,TRK-1024,2026-06-11T17:33:40,32.182324,-82.180187,44.7
7921,TRK-1092,2026-06-11T17:34:55,35.291197,-80.348646,28.0
7922,TRK-1037,2026-06-11T17:34:55,35.580425,-75.742257,47.7
7923,TRK-1087,2026-06-11T17:43:06,32.629937,-75.539402,46.6
7924,TRK-1078,2026-06-11T17:52:37,32.030267,-82.809848,78.9
7925,TRK-1097,2026-06-11T18:11:47,33.52609,-80.559758,50.3
7926,TRK-1035,2026-06-11T18:14:30,32.619061,-82.734039,20.1
7927,TRK-1045,2026-06-11T18:20:32,35.481162,-81.768922,36.8
7928,TRK-1027,2026-06-11T18:28:10,34.199872,-76.263831,53.9
7929,TRK-1079,2026-06-11T18:49:54,32.804602,-80.724681,56.0
7930,TRK-1096,2026-06-11T18:50:22,34.619402,-79.478944,45.3
7931,TRK-1021,2026-06-11T18:59:47,35.415129,-75.007695,32.4
7932,TRK-1059,2026-06-11T19:05:43,36.197958,-83.451114,68.4
7933,TRK-1028,2026-06-11T19:15:54,33.315209,-83.888927,46.6
7934,TRK-1066,2026-06-11T19:26:04,35.421922,-76.436404,44.5
7935,TRK-1016,2026-06-11T19:31:06,34.710395,-81.527094,16.8
7936,TRK-1076,2026-06-11T19:32:43,33.345215,-83.518865,27.1
7937,TRK-1098,2026-06-11T19:57:01,32.246533,-76.350448,35.2
7938,TRK-1061,2026-06-11T19:57:42,33.902307,-77.935427,68.0
7939,TRK-1019,2026-06-11T20:15:39,33.233915,-80.670231,21.5
7940,TRK-1086,2026-06-11T20:44:11,36.737772,-75.724481,68.2
7941,TRK-1047,2026-06-11T21:04:42,33.161076,-79.428472,26.6
7942,TRK-1009,2026-06-11T21:23:06,34.46433,-75.007569,28.1
7943,TRK-1035,2026-06-11T21:28:49,36.089352,-77.779216,51.4
7944,TRK-1012,2026-06-11T22:02:13,33.820319,-79.94316,41.0
7945,TRK-1000,2026-06-11T22:23:59,36.213319,-78.638125,44.5
7946,TRK-1026,2026-06-11T22:31:03,36.876469,-83.593717,38.8
7947,TRK-1055,2026-06-11T22:32:41,36.590615,-75.782751,11.7
7948,TRK-1021,2026-06-11T22:33:43,35.470823,-77.333352,21.3
7949,TRK-1000,2026-06-11T22:46:11,33.468922,-83.817731,61.7
7950,TRK-1066,2026-06-11T23:22:56,36.457631,-77.754276,20.1
7951,TRK-1008,2026-06-11T23:24:15,35.396687,-76.537109,53.3
7952,TRK-1064,2026-06-11T23:29:48,33.289435,-81.03654,58.4
7953,TRK-1052,2026-06-11T23:42:11,34.014169,-76.748628,40.9
7954,TRK-1075,2026-06-11T23:48:43,34.388856,-80.266093,55.5
7955,TRK-1025,2026-06-11T23:57:53,34.147199,-83.348763,44.8
7956,TRK-1055,2026-06-12T00:01:23,35.234555,-81.739799,8.7
7957,TRK-1023,2026-06-12T00:40:24,36.716793,-81.413722,78.7
7958,TRK-1096,2026-06-12T00:43:14,34.95222,-81.198878,33.0
7959,TRK-1008,2026-06-12T01:05:58,35.404017,-75.795965,62.0
7960,TRK-1098,2026-06-12T01:06:13,32.28345,-79.10603,51.2
7961,TRK-1070,2026-06-12T01:12:07,32.782912,-80.136713,41.3
7962,TRK-1069,2026-06-12T01:43:30,33.406587,-81.185487,10.0
7963,TRK-1040,2026-06-12T01:48:29,35.206116,-80.164251,39.1
7964,TRK-1099,2026-06-12T01:58:48,33.730494,-79.907253,31.3
7965,TRK-1038,2026-06-12T01:58:58,35.305616,-78.24604,30.2
7966,TRK-1090,2026-06-12T02:08:47,36.851699,-78.179666,34.5
7967,TRK-1026,2026-06-12T02:10:14,33.962839,-75.220382,81.6
7968,TRK-1026,2026-06-12T02:13:43,36.6572,-78.235611,71.4
7969,TRK-1004,2026-06-12T02:41:16,36.481511,-75.326557,32.1
7970,TRK-1037,2026-06-12T02:53:52,36.78156,-81.716418,44.3
7971,TRK-1037,2026-06-12T03:19:15,32.178392,-81.269653,46.4
7972,TRK-1030,2026-06-12T03:25:30,33.994437,-81.982784,49.6
7973,TRK-1065,2026-06-12T03:37:58,32.970693,-75.077613,16.5
7974,TRK-1000,2026-06-12T03:46:25,35.911959,-78.985311,57.6
7975,TRK-1018,2026-06-12T03:56:32,32.725229,-82.654569,58.9
7976,TRK-1012,2026-06-12T04:10:55,36.872561,-80.317329,39.6
7977,TRK-1023,2026-06-12T04:29:08,35.632167,-80.094202,51.9
7978,TRK-1079,2026-06-12T04:36:32,32.180544,-80.807053,83.1
7979,TRK-1097,2026-06-12T04:41:21,34.2188,-83.445829,52.1
7980,TRK-1012,2026-06-12T04:59:26,33.393147,-82.908151,30.2
7981,TRK-1083,2026-06-12T05:20:27,36.192075,-79.467425,34.3
7982,TRK-1011,2026-06-12T05:26:43,33.422815,-78.141031,41.4
7983,TRK-1020,2026-06-12T05:53:55,32.759875,-82.724526,15.6
7984,TRK-1045,2026-06-12T05:54:47,32.234909,-75.231101,31.9
7985,TRK-1083,2026-06-12T05:54:57,32.263278,-76.215823,37.5
7986,TRK-1056,2026-06-12T06:12:01,35.106659,-82.071643,3.6
7987,TRK-1064,2026-06-12T06:26:58,35.928734,-82.60019,53.8
7988,TRK-1054,2026-06-12T06:31:20,32.688715,-80.898973,52.8
7989,TRK-1066,2026-06-12T07:16:44,33.733377,-76.219712,53.4
7990,TRK-1025,2026-06-12T08:29:53,34.121545,-77.141888,66.0
7991,TRK-1080,2026-06-12T08:39:02,33.188414,-76.474353,45.3
7992,TRK-1016,2026-06-12T09:02:27,34.47923,-77.832826,36.6
7993,TRK-1079,2026-06-12T09:10:41,34.601422,-80.687826,22.2
7994,TRK-1056,2026-06-12T09:13:36,34.877273,-79.067796,29.0
7995,TRK-1007,2026-06-12T09:15:44,35.962422,-75.598821,76.1
7996,TRK-1084,2026-06-12T09:31:46,36.018248,-76.56517,66.8
7997,TRK-1038,2026-06-12T09:36:52,34.52718,-83.430592,27.5
7998,TRK-1053,2026-06-12T10:00:46,33.647678,-76.562127,72.5
7999,TRK-1043,2026-06-12T10:12:09,34.797274,-76.82923,63.6
8000,TRK-1043,2026-06-12T10:16:06,34.081713,-81.277045,48.4
8001,TRK-1032,2026-06-12T10:43:25,36.17436,-75.999139,55.4
8002,TRK-1092,2026-06-12T10:47:27,36.077086,-78.555644,45.4
8003,TRK-1072,2026-06-12T10:56:08,34.414959,-82.769736,41.5
8004,TRK-1097,2026-06-12T11:07:01,34.542407,-76.319961,73.3
8005,TRK-1080,2026-06-12T11:09:52,34.47745,-79.265706,35.3
8006,TRK-1069,2026-06-12T11:15:24,34.104387,-80.051457,17.4
8007,TRK-1079,2026-06-12T11:33:33,33.192269,-76.503388,52.5
8008,TRK-1084,2026-06-12T11:47:31,33.419667,-75.403968,48.8
8009,TRK-1074,2026-06-12T11:49:58,34.672294,-75.599624,23.9
8010,TRK-1002,2026-06-12T12:05:47,35.469479,-79.921082,54.1
8011,TRK-1051,2026-06-12T12:10:20,32.168941,-77.258734,51.3
8012,TRK-1099,2026-06-12T12:41:57,33.024293,-83.125903,39.7
8013,TRK-1084,2026-06-12T13:26:57,36.455202,-75.064197,0.0
8014,TRK-1040,2026-06-12T13:27:43,34.771409,-84.126339,40.8
8015,TRK-1063,2026-06-12T13:42:25,33.470151,-80.798534,42.7
8016,TRK-1094,2026-06-12T13:45:01,36.971982,-80.49106,60.7
8017,TRK-1011,2026-06-12T14:05:25,32.622897,-76.24434,47.2
8018,TRK-1059,2026-06-12T14:17:56,36.640978,-82.747062,22.1
8019,TRK-1080,2026-06-12T14:29:03,32.59654,-81.897033,20.4
8020,TRK-1059,2026-06-12T14:35:39,33.225583,-77.121191,44.0
8021,TRK-1026,2026-06-12T14:47:07,34.593865,-80.935232,74.2
8022,TRK-1065,2026-06-12T14:51:27,35.983832,-83.859751,37.4
8023,TRK-1036,2026-06-12T14:57:57,35.078327,-84.242223,17.5
8024,TRK-1075,2026-06-12T15:02:27,34.484437,-78.258765,34.7
8025,TRK-1052,2026-06-12T15:28:03,36.289353,-75.283486,44.5
8026,TRK-1081,2026-06-12T15:31:54,35.551386,-81.89576,18.4
8027,TRK-1001,2026-06-12T15:35:12,35.578136,-80.762519,45.7
8028,TRK-1016,2026-06-12T15:46:51,33.491402,-82.908402,57.5
8029,TRK-1034,2026-06-12T15:58:50,34.772509,-82.188187,30.9
8030,TRK-1034,2026-06-12T17:14:31,35.249085,-82.941355,46.1
8031,TRK-1039,2026-06-12T17:31:18,33.304804,-82.709841,38.3
8032,TRK-1015,2026-06-12T17:35:42,35.718442,-83.253505,61.0
8033,TRK-1099,2026-06-12T17:36:47,36.668065,-82.822043,16.2
8034,TRK-1056,2026-06-12T17:36:54,36.010079,-79.883348,45.1
8035,TRK-1068,2026-06-12T17:39:22,34.930292,-78.040815,30.0
8036,TRK-1012,2026-06-12T17:48:52,32.279358,-82.623816,66.1
8037,TRK-1059,2026-06-12T18:13:15,32.686367,-83.797018,43.0
8038,TRK-1093,2026-06-12T18:17:13,36.276935,-82.364277,62.3
8039,TRK-1085,2026-06-12T18:22:13,33.496922,-79.543788,41.3
8040,TRK-1020,2026-06-12T18:33:42,35.309147,-81.437368,58.1
8041,TRK-1074,2026-06-12T18:52:20,33.14652,-84.160061,20.0
8042,TRK-1021,2026-06-12T19:17:16,36.682515,-80.892165,26.8
8043,TRK-1049,2026-06-12T19:20:00,36.412134,-80.318517,26.7
8044,TRK-1083,2026-06-12T19:47:58,34.457593,-76.517634,65.6
8045,TRK-1036,2026-06-12T19:51:26,34.084099,-79.85362,53.9
8046,TRK-1037,2026-06-12T19:54:47,33.02174,-81.515368,50.6
8047,TRK-1025,2026-06-12T20:38:14,33.311417,-76.005352,43.8
8048,TRK-1050,2026-06-12T20:54:23,35.545443,-80.738697,54.0
8049,TRK-1036,2026-06-12T21:00:30,33.395341,-77.458536,16.1
8050,TRK-1022,2026-06-12T21:02:57,33.673967,-76.130121,27.0
8051,TRK-1071,2026-06-12T21:03:59,34.385657,-75.843338,46.7
8052,TRK-1067,2026-06-12T21:04:25,34.436399,-78.49328,25.0
8053,TRK-1007,2026-06-12T21:14:43,35.430454,-75.034575,66.6
8054,TRK-1008,2026-06-12T21:28:59,35.324998,-78.550585,53.1
8055,TRK-1001,2026-06-12T21:36:41,34.307184,-78.58732,78.1
8056,TRK-1097,2026-06-12T21:40:38,33.052206,-82.41535,33.6
8057,TRK-1086,2026-06-12T21:51:44,33.045386,-81.233126,60.8
8058,TRK-1016,2026-06-12T21:51:47,36.53638,-82.136539,44.4
8059,TRK-1036,2026-06-12T21:59:48,36.084427,-80.70967,2.7
8060,TRK-1042,2026-06-12T22:06:43,35.954938,-79.553122,60.3
8061,TRK-1055,2026-06-12T22:07:28,35.856178,-79.622178,19.4
8062,TRK-1083,2026-06-12T22:12:18,33.185006,-83.67462,70.3
8063,TRK-1015,2026-06-12T23:08:31,33.47422,-75.01204,35.4
8064,TRK-1054,2026-06-12T23:16:42,32.11479,-75.189798,56.4
8065,TRK-1088,2026-06-12T23:53:27,34.709578,-83.792771,48.0
8066,TRK-1049,2026-06-13T00:14:44,36.365628,-79.321721,35.4
8067,TRK-1038,2026-06-13T00:26:58,36.631238,-76.369599,17.2
8068,TRK-1004,2026-06-13T00:50:09,35.681677,-78.20699,25.1
8069,TRK-1021,2026-06-13T01:06:19,36.349079,-80.250611,55.8
8070,TRK-1006,2026-06-13T01:35:18,32.112723,-82.818716,63.5
8071,TRK-1089,2026-06-13T01:41:37,36.567413,-78.896878,62.6
8072,TRK-1090,2026-06-13T01:53:03,36.499051,-81.535994,45.1
8073,TRK-1085,2026-06-13T02:02:19,36.200283,-84.226721,67.7
8074,TRK-1009,2026-06-13T02:12:48,33.634816,-79.265843,53.4
8075,TRK-1043,2026-06-13T02:45:22,33.459988,-78.34349,22.1
8076,TRK-1026,2026-06-13T03:03:03,35.647667,-83.790228,59.4
8077,TRK-1028,2026-06-13T03:24:58,34.5212,-82.513822,42.1
8078,TRK-1004,2026-06-13T03:29:29,34.997991,-76.078985,44.4
8079,TRK-1056,2026-06-13T03:49:23,32.081797,-76.577283,40.9
8080,TRK-1048,2026-06-13T03:59:13,36.385585,-77.923604,61.7
8081,TRK-1004,2026-06-13T04:09:38,36.679971,-77.736415,78.1
8082,TRK-1001,2026-06-13T04:20:33,35.403234,-80.823538,26.6
8083,TRK-1031,2026-06-13T04:21:13,34.015352,-82.188521,83.0
8084,TRK-1066,2026-06-13T04:32:24,36.298494,-82.29966,29.6
8085,TRK-1076,2026-06-13T04:37:06,36.280321,-81.729904,49.1
8086,TRK-1010,2026-06-13T04:43:14,32.071728,-82.82819,68.0
8087,TRK-1073,2026-06-13T04:46:37,36.273986,-77.074703,19.4
8088,TRK-1012,2026-06-13T04:48:13,34.326298,-79.21203,86.1
8089,TRK-1032,2026-06-13T05:00:14,36.683406,-76.072095,52.9
8090,TRK-1046,2026-06-13T05:00:27,33.553266,-79.452298,11.3
8091,TRK-1032,2026-06-13T05:05:23,35.35314,-79.764261,70.4
8092,TRK-1003,2026-06-13T05:14:18,34.70167,-83.252996,68.8
8093,TRK-1089,2026-06-13T05:27:20,34.513059,-79.621557,71.2
8094,TRK-1007,2026-06-13T05:44:20,34.311427,-83.040709,31.2
8095,TRK-1028,2026-06-13T05:57:02,35.696317,-78.234845,7.0
8096,TRK-1066,2026-06-13T06:01:03,36.733776,-75.035143,39.1
8097,TRK-1049,2026-06-13T06:32:33,36.340522,-77.602902,33.1
8098,TRK-1072,2026-06-13T06:45:16,35.147185,-80.397854,59.0
8099,TRK-1011,2026-06-13T07:29:08,32.933741,-80.358574,37.3
8100,TRK-1076,2026-06-13T07:30:34,36.575242,-75.696091,53.6
8101,TRK-1027,2026-06-13T07:52:50,35.062833,-84.179737,28.6
8102,TRK-1069,2026-06-13T07:57:48,33.7572,-82.813035,58.0
8103,TRK-1013,2026-06-13T08:04:42,34.850644,-79.31995,51.1
8104,TRK-1085,2026-06-13T08:05:43,33.746704,-79.935679,10.9
8105,TRK-1056,2026-06-13T08:16:34,34.680598,-84.381945,38.8
8106,TRK-1057,2026-06-13T08:33:12,32.807632,-78.096524,28.9
8107,TRK-1058,2026-06-13T08:50:32,36.524322,-78.748332,33.9
8108,TRK-1025,2026-06-13T09:26:00,36.349038,-77.493523,60.9
8109,TRK-1069,2026-06-13T10:00:30,32.996669,-81.020212,40.7
8110,TRK-1042,2026-06-13T10:12:40,33.491539,-80.729932,16.3
8111,TRK-1014,2026-06-13T10:19:36,34.216205,-80.699287,33.7
8112,TRK-1020,2026-06-13T10:21:17,32.003476,-81.218198,42.1
8113,TRK-1064,2026-06-13T11:54:42,36.604051,-81.292432,26.9
8114,TRK-1030,2026-06-13T12:28:03,36.467929,-78.56776,8.5
8115,TRK-1091,2026-06-13T12:30:30,35.976661,-82.189543,28.9
8116,TRK-1014,2026-06-13T12:41:12,33.120062,-78.87036,29.5
8117,TRK-1001,2026-06-13T12:56:45,33.096629,-82.971058,75.4
8118,TRK-1033,2026-06-13T12:56:46,33.179467,-79.417026,26.7
8119,TRK-1073,2026-06-13T13:02:15,36.029702,-81.900923,72.8
8120,TRK-1065,2026-06-13T13:08:44,33.207145,-83.154682,10.5
8121,TRK-1072,2026-06-13T13:22:13,32.496543,-76.243507,52.1
8122,TRK-1054,2026-06-13T13:24:44,35.689858,-81.26636,62.0
8123,TRK-1044,2026-06-13T13:40:10,33.834379,-78.659693,33.8
8124,TRK-1098,2026-06-13T14:28:04,35.704136,-76.173513,52.6
8125,TRK-1049,2026-06-13T14:34:12,36.531041,-80.80466,31.5
8126,TRK-1071,2026-06-13T14:37:20,36.84136,-81.498899,45.6
8127,TRK-1048,2026-06-13T14:39:36,33.218294,-82.491049,39.8
8128,TRK-1027,2026-06-13T14:45:53,36.177914,-79.177905,52.5
8129,TRK-1048,2026-06-13T15:19:33,35.535292,-80.287043,73.7
8130,TRK-1044,2026-06-13T15:29:28,34.773936,-82.932008,71.2
8131,TRK-1047,2026-06-13T15:55:55,35.844463,-79.288928,29.3
8132,TRK-1096,2026-06-13T15:56:27,35.075552,-76.641862,29.0
8133,TRK-1068,2026-06-13T16:40:51,34.325729,-75.399108,76.6
8134,TRK-1084,2026-06-13T16:52:00,33.821977,-80.497505,11.2
8135,TRK-1003,2026-06-13T17:31:22,36.51127,-80.329235,63.2
8136,TRK-1017,2026-06-13T17:48:12,35.482569,-75.711143,44.0
8137,TRK-1097,2026-06-13T18:02:55,36.247898,-83.319065,48.0
8138,TRK-1035,2026-06-13T18:21:26,33.251422,-76.385225,48.2
8139,TRK-1078,2026-06-13T18:26:56,34.244194,-75.003921,44.0
8140,TRK-1023,2026-06-13T18:47:29,33.863595,-80.143264,45.1
8141,TRK-1075,2026-06-13T18:57:34,34.610734,-83.818759,26.7
8142,TRK-1066,2026-06-13T19:03:19,34.103658,-80.953316,16.3
8143,TRK-1014,2026-06-13T19:14:26,36.512822,-82.946172,45.9
8144,TRK-1018,2026-06-13T19:26:42,32.750083,-77.364357,40.9
8145,TRK-1047,2026-06-13T19:34:52,33.14297,-78.517957,18.7
8146,TRK-1080,2026-06-13T19:44:59,33.590026,-78.834098,13.3
8147,TRK-1042,2026-06-13T20:29:09,32.079985,-76.874764,50.0
8148,TRK-1092,2026-06-13T20:31:16,34.601251,-82.403149,51.1
8149,TRK-1004,2026-06-13T20:32:38,35.261656,-82.599435,54.9
8150,TRK-1041,2026-06-13T20:40:13,32.609167,-82.862246,51.2
8151,TRK-1006,2026-06-13T21:30:45,32.420372,-77.99448,54.3
8152,TRK-1084,2026-06-13T21:36:04,33.91837,-77.049994,62.2
8153,TRK-1020,2026-06-13T21:39:51,36.26095,-77.629358,37.0
8154,TRK-1005,2026-06-13T21:59:48,34.668682,-78.445514,60.5
8155,TRK-1069,2026-06-13T22:14:02,36.038101,-79.441415,31.7
8156,TRK-1097,2026-06-13T22:14:13,34.163482,-84.034397,66.2
8157,TRK-1096,2026-06-13T22:16:07,35.983271,-76.095478,63.7
8158,TRK-1014,2026-06-13T22:44:38,36.895218,-77.246483,57.1
8159,TRK-1081,2026-06-13T22:50:11,34.447729,-79.016599,71.4
8160,TRK-1016,2026-06-13T23:22:15,35.300895,-82.346235,51.9
8161,TRK-1036,2026-06-13T23:31:46,33.713985,-83.501067,39.2
8162,TRK-1014,2026-06-13T23:54:12,36.627624,-83.000595,61.0
8163,TRK-1095,2026-06-14T00:02:14,34.880134,-82.17138,53.8
8164,TRK-1089,2026-06-14T00:22:44,34.087377,-75.328395,52.6
8165,TRK-1060,2026-06-14T00:35:43,32.598952,-78.364562,52.8
8166,TRK-1077,2026-06-14T00:46:09,33.646257,-81.490612,37.4
8167,TRK-1071,2026-06-14T00:58:10,36.011019,-76.783426,14.5
8168,TRK-1057,2026-06-14T01:09:37,35.172516,-75.281122,85.0
8169,TRK-1096,2026-06-14T01:24:37,36.516698,-76.162427,12.4
8170,TRK-1027,2026-06-14T01:42:59,32.163552,-81.474815,3.1
8171,TRK-1011,2026-06-14T01:47:56,36.083532,-79.757756,91.3
8172,TRK-1078,2026-06-14T01:49:37,35.8289,-78.194166,51.9
8173,TRK-1059,2026-06-14T02:08:06,32.462046,-75.414058,44.7
8174,TRK-1040,2026-06-14T02:23:41,36.377389,-76.754872,23.3
8175,TRK-1098,2026-06-14T02:24:16,32.911826,-76.637455,15.7
8176,TRK-1021,2026-06-14T02:29:35,32.690568,-84.199342,18.1
8177,TRK-1083,2026-06-14T02:30:45,32.268733,-81.867015,15.5
8178,TRK-1025,2026-06-14T02:40:44,32.867142,-84.453563,5.7
8179,TRK-1060,2026-06-14T03:31:47,33.201671,-78.387784,42.5
8180,TRK-1013,2026-06-14T03:34:14,33.457831,-84.483684,29.3
8181,TRK-1040,2026-06-14T03:39:42,33.879579,-77.654179,48.0
8182,TRK-1048,2026-06-14T03:54:20,32.299214,-76.028018,50.7
8183,TRK-1058,2026-06-14T04:27:04,36.015092,-76.428883,41.6
8184,TRK-1021,2026-06-14T04:27:20,34.62569,-78.430797,73.4
8185,TRK-1071,2026-06-14T04:33:52,32.703626,-78.763888,82.1
8186,TRK-1055,2026-06-14T04:42:47,34.320005,-84.24399,46.6
8187,TRK-1031,2026-06-14T04:44:21,36.640808,-80.904371,30.0
8188,TRK-1039,2026-06-14T04:45:21,36.708451,-79.56882,51.3
8189,TRK-1092,2026-06-14T04:47:31,34.216161,-79.894531,54.9
8190,TRK-1053,2026-06-14T04:49:50,33.507433,-75.288338,40.7
8191,TRK-1086,2026-06-14T04:53:59,33.128766,-84.392048,38.3
8192,TRK-1079,2026-06-14T05:18:16,36.796724,-83.667732,30.5
8193,TRK-1052,2026-06-14T06:01:00,35.911587,-81.744324,59.0
8194,TRK-1035,2026-06-14T06:08:01,34.072203,-83.282945,49.3
8195,TRK-1064,2026-06-14T06:12:22,36.062666,-79.071781,67.4
8196,TRK-1032,2026-06-14T06:46:53,33.572438,-75.182581,44.1
8197,TRK-1008,2026-06-14T07:00:40,33.90228,-81.276751,41.8
8198,TRK-1040,2026-06-14T07:52:09,33.838369,-76.188591,34.5
8199,TRK-1094,2026-06-14T08:12:33,33.786654,-77.419444,10.0
8200,TRK-1019,2026-06-14T08:15:06,35.920918,-76.542424,35.9
8201,TRK-1032,2026-06-14T08:27:31,35.026498,-80.366843,26.1
8202,TRK-1074,2026-06-14T08:38:34,35.593675,-82.003991,31.4
8203,TRK-1046,2026-06-14T08:38:42,32.30882,-75.140536,63.8
8204,TRK-1094,2026-06-14T08:39:39,33.942803,-84.464499,28.6
8205,TRK-1053,2026-06-14T08:49:58,34.472341,-82.827996,42.7
8206,TRK-1098,2026-06-14T08:50:06,36.724995,-80.558328,34.4
8207,TRK-1082,2026-06-14T09:03:11,34.968573,-79.786276,0.0
8208,TRK-1040,2026-06-14T09:16:05,33.434748,-75.01768,32.3
8209,TRK-1086,2026-06-14T09:17:12,33.899105,-78.557005,51.8
8210,TRK-1044,2026-06-14T09:39:48,34.187502,-81.852484,56.7
8211,TRK-1031,2026-06-14T10:04:15,35.852251,-81.034841,42.8
8212,TRK-1024,2026-06-14T10:14:26,36.576179,-81.506215,12.7
8213,TRK-1054,2026-06-14T10:37:22,35.303953,-77.175556,57.1
8214,TRK-1017,2026-06-14T10:43:01,35.530599,-80.096703,56.8
8215,TRK-1021,2026-06-14T10:58:58,33.658625,-77.666635,35.8
8216,TRK-1019,2026-06-14T11:38:09,33.008512,-83.327918,32.0
8217,TRK-1086,2026-06-14T11:50:35,33.759987,-78.123718,34.0
8218,TRK-1005,2026-06-14T11:54:25,36.637294,-77.401818,34.4
8219,TRK-1077,2026-06-14T12:00:28,33.905351,-76.646641,59.7
8220,TRK-1011,2026-06-14T12:16:11,33.506583,-80.390625,41.4
8221,TRK-1057,2026-06-14T12:20:28,33.968637,-83.856705,56.7
8222,TRK-1094,2026-06-14T12:38:30,32.479927,-83.89411,55.9
8223,TRK-1062,2026-06-14T12:53:06,34.293102,-84.349631,66.6
8224,TRK-1023,2026-06-14T12:57:23,34.76174,-79.163868,41.9
8225,TRK-1097,2026-06-14T13:02:53,36.96596,-82.435215,50.5
8226,TRK-1024,2026-06-14T13:37:15,36.62325,-78.763379,12.4
8227,TRK-1040,2026-06-14T14:01:24,36.167165,-77.239406,31.6
8228,TRK-1036,2026-06-14T14:36:33,35.787938,-82.142663,34.3
8229,TRK-1012,2026-06-14T15:16:35,33.276037,-76.922269,48.7
8230,TRK-1031,2026-06-14T15:28:05,35.792327,-82.470986,32.5
8231,TRK-1042,2026-06-14T15:40:25,36.895707,-83.355251,26.5
8232,TRK-1085,2026-06-14T15:47:13,35.574719,-76.442145,59.3
8233,TRK-1069,2026-06-14T15:55:47,36.783388,-75.399293,29.9
8234,TRK-1039,2026-06-14T16:03:06,33.980797,-79.514642,29.6
8235,TRK-1042,2026-06-14T16:07:15,34.409806,-75.058295,66.4
8236,TRK-1025,2026-06-14T16:15:19,34.895003,-80.951292,76.9
8237,TRK-1040,2026-06-14T16:15:30,33.141839,-77.829582,68.1
8238,TRK-1057,2026-06-14T16:49:20,35.216474,-80.067547,38.3
8239,TRK-1066,2026-06-14T16:52:16,36.036891,-82.074219,33.6
8240,TRK-1087,2026-06-14T16:55:30,32.39559,-78.043928,25.0
8241,TRK-1073,2026-06-14T17:08:27,35.00341,-80.518371,69.8
8242,TRK-1064,2026-06-14T17:34:57,35.863405,-83.10093,30.6
8243,TRK-1016,2026-06-14T17:36:49,35.276467,-84.077115,38.4
8244,TRK-1062,2026-06-14T17:38:28,32.883304,-80.440388,63.1
8245,TRK-1093,2026-06-14T17:52:22,33.33779,-76.135772,27.0
8246,TRK-1079,2026-06-14T17:54:32,32.077509,-78.905569,73.9
8247,TRK-1025,2026-06-14T18:10:15,33.984833,-76.618211,48.1
8248,TRK-1073,2026-06-14T18:14:16,32.995939,-75.197192,38.5
8249,TRK-1016,2026-06-14T18:20:34,33.670811,-83.569005,68.0
8250,TRK-1065,2026-06-14T18:21:57,32.905272,-80.614409,75.4
8251,TRK-1095,2026-06-14T18:23:32,35.339537,-80.11256,38.6
8252,TRK-1072,2026-06-14T18:50:11,32.097703,-76.398256,43.4
8253,TRK-1056,2026-06-14T19:00:07,35.528169,-84.298287,33.0
8254,TRK-1075,2026-06-14T19:09:30,32.936287,-80.828363,47.3
8255,TRK-1070,2026-06-14T19:12:34,36.414591,-76.447064,44.2
8256,TRK-1050,2026-06-14T19:15:15,33.567236,-75.746149,49.7
8257,TRK-1077,2026-06-14T19:17:02,33.435847,-80.077762,39.8
8258,TRK-1047,2026-06-14T19:30:02,34.101367,-81.076033,46.1
8259,TRK-1013,2026-06-14T19:32:55,32.387796,-77.971323,33.6
8260,TRK-1035,2026-06-14T19:46:38,36.158694,-79.6943,13.7
8261,TRK-1029,2026-06-14T19:47:09,32.870048,-82.232252,29.4
8262,TRK-1053,2026-06-14T20:18:30,36.238674,-81.917259,51.5
8263,TRK-1062,2026-06-14T20:19:54,34.102077,-78.69268,48.7
8264,TRK-1008,2026-06-14T20:22:40,36.794759,-78.362337,34.0
8265,TRK-1096,2026-06-14T20:41:12,35.275598,-78.700407,7.2
8266,TRK-1044,2026-06-14T20:47:05,34.284782,-77.346956,57.9
8267,TRK-1061,2026-06-14T20:56:13,35.90327,-75.15565,22.7
8268,TRK-1032,2026-06-14T21:00:58,36.213288,-76.478208,46.8
8269,TRK-1037,2026-06-14T21:11:18,35.722587,-81.123514,42.2
8270,TRK-1086,2026-06-14T21:19:08,36.62262,-78.963564,61.7
8271,TRK-1045,2026-06-14T21:19:14,32.94518,-75.880295,51.6
8272,TRK-1006,2026-06-14T21:23:33,33.516207,-77.948898,29.9
8273,TRK-1031,2026-06-14T21:45:18,36.92627,-77.145115,27.3
8274,TRK-1027,2026-06-14T21:49:45,34.047833,-75.874151,45.4
8275,TRK-1004,2026-06-14T22:15:43,32.599567,-79.234437,24.1
8276,TRK-1017,2026-06-14T22:32:02,33.266217,-83.771475,32.7
8277,TRK-1050,2026-06-14T22:37:19,35.793443,-79.383616,10.4
8278,TRK-1018,2026-06-14T22:40:15,36.625569,-79.46809,46.8
8279,TRK-1010,2026-06-14T22:45:37,33.61291,-80.3458,20.5
8280,TRK-1099,2026-06-14T22:50:32,32.285377,-79.342702,38.0
8281,TRK-1011,2026-06-14T22:56:44,32.426472,-83.039911,24.3
8282,TRK-1007,2026-06-14T22:57:32,35.79758,-82.778408,53.3
8283,TRK-1063,2026-06-14T23:19:19,35.036146,-77.821661,17.3
8284,TRK-1071,2026-06-14T23:23:14,33.697012,-75.291024,35.0
8285,TRK-1022,2026-06-14T23:35:56,34.405277,-83.750624,55.9
8286,TRK-1041,2026-06-15T00:08:09,32.749766,-79.361275,50.8
8287,TRK-1052,2026-06-15T00:16:23,35.453871,-81.808546,56.2
8288,TRK-1063,2026-06-15T00:20:17,36.355267,-78.14483,58.9
8289,TRK-1011,2026-06-15T00:23:41,34.28503,-75.000119,43.4
8290,TRK-1028,2026-06-15T00:24:29,35.110849,-81.768811,49.6
8291,TRK-1029,2026-06-15T00:29:54,35.010074,-83.997268,13.4
8292,TRK-1029,2026-06-15T00:34:35,34.508413,-79.528158,0.0
8293,TRK-1065,2026-06-15T00:42:54,32.476679,-84.043153,55.6
8294,TRK-1041,2026-06-15T00:49:43,32.963634,-75.297037,59.7
8295,TRK-1048,2026-06-15T00:52:27,36.684908,-80.17937,27.8
8296,TRK-1010,2026-06-15T01:41:43,35.897226,-80.133545,52.4
8297,TRK-1045,2026-06-15T02:02:37,35.704096,-77.291164,58.9
8298,TRK-1032,2026-06-15T02:12:47,33.753517,-83.720571,49.4
8299,TRK-1072,2026-06-15T02:17:29,36.340577,-80.921045,43.7
8300,TRK-1021,2026-06-15T03:05:17,32.275716,-83.632452,94.5
8301,TRK-1064,2026-06-15T03:18:24,35.160137,-82.42375,48.8
8302,TRK-1010,2026-06-15T03:24:01,33.53438,-75.25253,46.4
8303,TRK-1024,2026-06-15T03:42:27,35.869137,-81.889557,44.8
8304,TRK-1058,2026-06-15T03:48:59,35.578099,-77.876193,70.2
8305,TRK-1036,2026-06-15T04:31:19,34.111254,-79.072473,61.0
8306,TRK-1099,2026-06-15T04:33:19,36.711845,-76.856887,21.6
8307,TRK-1061,2026-06-15T04:51:09,34.993855,-83.741101,53.7
8308,TRK-1086,2026-06-15T05:05:01,35.691556,-79.842413,30.9
8309,TRK-1097,2026-06-15T05:15:11,35.690403,-81.499373,63.6
8310,TRK-1063,2026-06-15T05:27:26,33.601828,-83.432072,15.7
8311,TRK-1071,2026-06-15T05:31:39,33.815224,-83.762193,37.0
8312,TRK-1034,2026-06-15T05:57:43,33.653291,-78.345894,54.8
8313,TRK-1021,2026-06-15T06:01:16,35.068427,-82.934466,8.2
8314,TRK-1019,2026-06-15T06:12:28,35.288855,-76.629725,47.5
8315,TRK-1088,2026-06-15T06:12:32,33.864541,-80.357947,30.6
8316,TRK-1031,2026-06-15T06:57:23,33.004619,-77.89336,41.0
8317,TRK-1014,2026-06-15T07:05:22,32.339891,-79.21858,36.5
8318,TRK-1075,2026-06-15T07:45:42,32.352364,-84.160063,62.8
8319,TRK-1046,2026-06-15T07:56:07,33.933582,-80.693886,34.0
8320,TRK-1082,2026-06-15T08:00:14,35.026604,-83.644004,23.5
8321,TRK-1093,2026-06-15T08:01:54,33.557856,-81.908298,41.4
8322,TRK-1008,2026-06-15T08:25:19,36.867222,-80.758746,36.2
8323,TRK-1077,2026-06-15T08:43:28,32.134023,-82.399811,39.9
8324,TRK-1069,2026-06-15T08:56:11,36.555152,-80.089342,70.3
8325,TRK-1009,2026-06-15T09:01:35,35.177731,-77.547465,65.2
8326,TRK-1086,2026-06-15T09:07:20,33.930095,-79.523349,72.8
8327,TRK-1042,2026-06-15T09:12:34,33.458244,-76.761358,19.5
8328,TRK-1042,2026-06-15T09:29:39,35.759245,-80.137101,76.2
8329,TRK-1052,2026-06-15T09:41:22,35.194692,-84.425625,26.0
8330,TRK-1043,2026-06-15T09:44:43,36.719015,-75.188713,26.8
8331,TRK-1073,2026-06-15T10:03:46,33.070123,-82.122882,85.0
8332,TRK-1022,2026-06-15T10:11:44,33.244944,-78.067012,14.3
8333,TRK-1021,2026-06-15T11:12:08,36.075583,-83.85409,59.2
8334,TRK-1085,2026-06-15T11:14:12,35.955846,-77.26784,47.1
8335,TRK-1083,2026-06-15T11:29:27,33.582705,-77.165114,28.4
8336,TRK-1085,2026-06-15T11:42:48,33.970196,-76.350189,32.1
8337,TRK-1043,2026-06-15T11:50:53,33.957326,-75.492735,25.5
8338,TRK-1078,2026-06-15T12:02:40,35.447621,-80.638943,54.6
8339,TRK-1049,2026-06-15T12:25:28,33.772246,-82.282203,36.6
8340,TRK-1027,2026-06-15T12:28:05,35.281396,-78.618555,37.7
8341,TRK-1017,2026-06-15T12:43:57,34.149755,-82.436789,92.1
8342,TRK-1099,2026-06-15T12:44:10,36.325111,-76.302393,12.8
8343,TRK-1055,2026-06-15T13:47:27,36.562552,-78.790446,25.6
8344,TRK-1050,2026-06-15T13:49:48,33.35939,-77.065806,50.7
8345,TRK-1098,2026-06-15T13:57:53,34.334715,-77.094516,58.2
8346,TRK-1050,2026-06-15T14:41:13,33.87434,-82.59506,58.0
8347,TRK-1074,2026-06-15T14:43:32,34.324123,-75.288317,57.6
8348,TRK-1063,2026-06-15T14:45:35,35.07826,-79.842735,48.2
8349,TRK-1062,2026-06-15T14:46:35,33.757958,-77.175499,85.9
8350,TRK-1066,2026-06-15T14:57:48,32.581752,-81.285871,24.4
8351,TRK-1087,2026-06-15T16:20:12,33.981608,-83.538054,52.5
8352,TRK-1019,2026-06-15T16:20:57,35.808188,-75.548997,61.9
8353,TRK-1005,2026-06-15T17:08:24,36.870739,-83.512553,31.5
8354,TRK-1022,2026-06-15T17:14:41,34.424327,-79.487259,46.7
8355,TRK-1082,2026-06-15T17:36:27,34.513781,-76.019995,15.5
8356,TRK-1062,2026-06-15T17:37:22,36.750323,-80.994241,71.5
8357,TRK-1041,2026-06-15T18:06:15,35.286658,-83.786878,63.4
8358,TRK-1092,2026-06-15T18:20:17,36.228367,-83.286815,21.9
8359,TRK-1074,2026-06-15T18:30:00,35.074197,-80.675513,38.6
8360,TRK-1059,2026-06-15T19:19:27,32.459186,-79.130944,3.8
8361,TRK-1082,2026-06-15T19:34:28,33.381658,-83.243751,55.5
8362,TRK-1006,2026-06-15T19:36:20,33.005423,-75.201648,42.3
8363,TRK-1078,2026-06-15T19:45:23,33.505465,-81.536471,45.5
8364,TRK-1012,2026-06-15T20:01:04,33.490868,-83.089492,7.0
8365,TRK-1059,2026-06-15T20:17:12,32.937987,-78.715574,36.3
8366,TRK-1009,2026-06-15T20:21:12,35.742061,-76.217205,52.7
8367,TRK-1075,2026-06-15T20:22:59,33.25557,-75.357895,46.5
8368,TRK-1050,2026-06-15T20:23:02,35.730402,-84.44861,43.6
8369,TRK-1088,2026-06-15T20:52:49,33.298573,-75.593276,59.1
8370,TRK-1006,2026-06-15T21:01:03,34.588298,-79.280153,25.9
8371,TRK-1044,2026-06-15T21:11:20,33.906639,-79.12018,63.7
8372,TRK-1018,2026-06-15T21:22:19,33.061004,-78.858427,25.5
8373,TRK-1023,2026-06-15T21:32:02,32.394328,-78.114496,52.2
8374,TRK-1042,2026-06-15T21:35:18,33.915867,-77.223725,8.7
8375,TRK-1081,2026-06-15T21:53:59,34.828008,-78.908239,56.6
8376,TRK-1018,2026-06-15T22:00:12,35.705378,-78.035291,30.1
8377,TRK-1012,2026-06-15T22:26:43,32.831214,-76.190916,36.5
8378,TRK-1068,2026-06-15T22:39:11,33.613603,-82.057466,34.5
8379,TRK-1063,2026-06-15T22:45:26,32.348203,-78.942148,61.9
8380,TRK-1028,2026-06-15T23:00:04,36.477167,-76.974563,48.4
8381,TRK-1042,2026-06-15T23:09:14,35.135216,-81.69927,62.7
8382,TRK-1030,2026-06-15T23:10:16,35.405567,-83.043012,30.0
8383,TRK-1085,2026-06-15T23:13:19,33.244817,-81.66814,43.1
8384,TRK-1076,2026-06-15T23:40:09,34.47622,-83.712796,4.4
8385,TRK-1059,2026-06-15T23:55:51,35.522341,-82.047232,48.3
8386,TRK-1063,2026-06-15T23:57:51,35.110513,-83.606052,68.5
8387,TRK-1055,2026-06-16T00:04:37,35.987729,-75.293462,28.2
8388,TRK-1065,2026-06-16T00:33:38,34.588617,-80.072703,34.6
8389,TRK-1054,2026-06-16T00:42:05,33.679265,-76.726645,25.8
8390,TRK-1094,2026-06-16T00:48:03,34.638041,-81.669872,51.1
8391,TRK-1077,2026-06-16T00:54:40,35.530956,-75.382065,29.9
8392,TRK-1074,2026-06-16T01:06:54,32.621748,-80.551679,13.9
8393,TRK-1007,2026-06-16T01:13:31,35.513141,-78.956874,27.1
8394,TRK-1063,2026-06-16T01:17:43,35.4129,-83.708363,83.8
8395,TRK-1091,2026-06-16T01:27:32,34.307703,-83.772852,39.0
8396,TRK-1069,2026-06-16T01:51:44,36.842085,-81.933917,38.9
8397,TRK-1091,2026-06-16T01:55:15,32.450189,-77.377878,66.8
8398,TRK-1024,2026-06-16T01:56:33,32.731322,-81.593927,48.8
8399,TRK-1088,2026-06-16T02:18:08,32.807613,-84.493265,51.7
8400,TRK-1007,2026-06-16T02:30:21,33.501637,-75.603214,13.0
8401,TRK-1089,2026-06-16T02:39:13,33.523979,-82.673499,47.8
8402,TRK-1006,2026-06-16T02:46:32,36.176526,-78.153503,43.0
8403,TRK-1068,2026-06-16T02:47:14,33.24491,-79.89487,49.8
8404,TRK-1059,2026-06-16T02:55:16,33.911161,-78.379825,22.4
8405,TRK-1043,2026-06-16T03:29:12,36.239961,-84.142516,34.8
8406,TRK-1079,2026-06-16T04:23:50,34.061775,-75.076785,0.0
8407,TRK-1053,2026-06-16T04:32:06,36.562087,-80.247602,34.6
8408,TRK-1099,2026-06-16T04:40:12,36.948476,-84.221824,74.4
8409,TRK-1009,2026-06-16T04:40:25,34.1861,-77.630427,23.1
8410,TRK-1016,2026-06-16T04:46:58,35.639366,-80.849065,34.4
8411,TRK-1052,2026-06-16T04:57:23,33.262578,-77.284009,38.5
8412,TRK-1076,2026-06-16T05:17:32,34.347346,-76.364426,4.1
8413,TRK-1022,2026-06-16T05:30:10,34.654903,-77.659624,48.8
8414,TRK-1077,2026-06-16T05:35:19,34.619983,-77.569241,32.4
8415,TRK-1098,2026-06-16T05:38:38,33.751269,-82.900307,42.1
8416,TRK-1014,2026-06-16T05:46:21,35.173603,-76.114274,56.6
8417,TRK-1064,2026-06-16T05:49:13,34.835158,-81.333402,83.8
8418,TRK-1015,2026-06-16T05:59:54,33.157537,-82.033232,46.9
8419,TRK-1010,2026-06-16T06:36:02,36.667494,-75.838013,59.9
8420,TRK-1009,2026-06-16T06:58:16,34.777012,-83.303093,12.7
8421,TRK-1051,2026-06-16T07:02:30,33.074512,-82.958231,68.7
8422,TRK-1043,2026-06-16T07:16:04,36.210436,-76.448107,41.0
8423,TRK-1087,2026-06-16T07:16:29,35.41744,-78.995654,19.8
8424,TRK-1063,2026-06-16T07:25:35,36.2826,-83.308976,40.8
8425,TRK-1037,2026-06-16T07:36:15,33.552578,-82.234158,57.2
8426,TRK-1029,2026-06-16T07:44:47,33.553863,-79.102856,30.5
8427,TRK-1099,2026-06-16T07:47:13,33.486328,-78.235165,45.3
8428,TRK-1024,2026-06-16T07:47:51,34.572485,-80.220643,39.7
8429,TRK-1069,2026-06-16T07:54:42,34.694744,-79.173028,75.2
8430,TRK-1030,2026-06-16T07:57:11,32.429714,-82.495594,81.3
8431,TRK-1027,2026-06-16T08:04:38,33.122567,-83.340061,38.9
8432,TRK-1088,2026-06-16T08:29:42,32.51854,-76.03653,35.0
8433,TRK-1053,2026-06-16T08:31:06,35.338342,-81.741291,46.0
8434,TRK-1012,2026-06-16T09:09:34,34.016613,-79.859882,47.3
8435,TRK-1054,2026-06-16T09:33:06,36.001506,-78.156239,41.4
8436,TRK-1017,2026-06-16T09:47:07,36.228506,-79.786675,50.2
8437,TRK-1023,2026-06-16T09:53:09,33.839625,-79.614163,37.7
8438,TRK-1056,2026-06-16T09:57:32,32.739715,-78.989191,48.0
8439,TRK-1017,2026-06-16T09:59:06,33.727109,-80.353421,26.0
8440,TRK-1050,2026-06-16T10:19:42,35.994825,-76.038248,56.1
8441,TRK-1034,2026-06-16T10:22:37,33.295161,-76.046585,50.1
8442,TRK-1099,2026-06-16T10:24:23,35.566484,-81.622334,55.6
8443,TRK-1066,2026-06-16T10:30:58,35.298473,-83.502642,65.3
8444,TRK-1070,2026-06-16T10:31:53,35.934156,-75.408157,54.0
8445,TRK-1077,2026-06-16T10:38:42,33.804015,-81.835139,46.8
8446,TRK-1002,2026-06-16T10:49:12,34.963134,-80.106949,53.9
8447,TRK-1093,2026-06-16T10:50:44,33.291024,-76.698204,64.2
8448,TRK-1053,2026-06-16T10:58:38,34.730555,-75.637498,53.9
8449,TRK-1059,2026-06-16T11:17:07,33.711005,-77.678818,36.5
8450,TRK-1024,2026-06-16T11:40:38,35.503272,-81.53818,35.1
8451,TRK-1069,2026-06-16T12:00:51,35.52259,-79.949553,40.3
8452,TRK-1045,2026-06-16T12:11:58,34.005742,-76.277477,46.9
8453,TRK-1039,2026-06-16T12:30:02,32.592433,-75.462007,51.9
8454,TRK-1075,2026-06-16T13:06:42,33.356239,-80.429867,55.4
8455,TRK-1085,2026-06-16T13:18:08,32.749371,-82.725923,25.5
8456,TRK-1029,2026-06-16T13:22:09,32.734798,-75.404405,46.7
8457,TRK-1060,2026-06-16T14:03:42,36.114029,-83.136451,60.1
8458,TRK-1068,2026-06-16T14:07:41,34.655779,-75.921487,77.6
8459,TRK-1009,2026-06-16T14:08:13,34.898832,-81.453068,53.7
8460,TRK-1088,2026-06-16T14:49:26,36.242136,-77.834614,12.8
8461,TRK-1098,2026-06-16T14:55:10,33.152093,-79.533782,71.6
8462,TRK-1006,2026-06-16T14:55:31,32.471146,-79.596338,26.2
8463,TRK-1014,2026-06-16T15:41:06,33.817003,-82.426852,32.5
8464,TRK-1021,2026-06-16T15:42:07,32.553581,-79.214886,38.3
8465,TRK-1006,2026-06-16T15:58:17,32.391449,-82.318869,56.2
8466,TRK-1007,2026-06-16T16:03:44,34.554463,-78.758138,69.6
8467,TRK-1084,2026-06-16T16:19:58,36.787769,-82.906916,60.9
8468,TRK-1023,2026-06-16T16:26:38,36.987936,-76.95573,53.1
8469,TRK-1095,2026-06-16T16:36:54,36.249815,-82.564106,25.2
8470,TRK-1054,2026-06-16T16:47:21,32.35593,-84.310058,47.0
8471,TRK-1053,2026-06-16T16:50:43,36.594849,-81.348321,19.5
8472,TRK-1095,2026-06-16T16:57:15,34.113047,-80.017115,67.5
8473,TRK-1029,2026-06-16T17:13:30,34.782248,-82.481899,35.5
8474,TRK-1032,2026-06-16T17:20:08,36.943567,-81.279136,40.4
8475,TRK-1099,2026-06-16T17:35:48,35.002777,-75.01464,29.5
8476,TRK-1010,2026-06-16T17:43:38,32.594199,-79.69509,11.2
8477,TRK-1005,2026-06-16T18:06:57,32.508691,-83.061567,35.6
8478,TRK-1023,2026-06-16T18:50:45,35.192229,-75.069151,42.7
8479,TRK-1049,2026-06-16T19:07:22,36.462691,-75.834929,40.1
8480,TRK-1054,2026-06-16T19:12:38,32.374012,-81.211762,45.4
8481,TRK-1010,2026-06-16T19:21:31,36.402809,-80.688211,28.3
8482,TRK-1096,2026-06-16T19:29:08,34.344414,-84.259339,56.4
8483,TRK-1025,2026-06-16T19:40:54,34.47373,-83.773273,37.1
8484,TRK-1091,2026-06-16T19:51:14,36.2431,-75.870462,41.3
8485,TRK-1002,2026-06-16T19:55:00,35.654536,-81.980835,15.9
8486,TRK-1027,2026-06-16T19:59:10,35.35362,-82.538381,44.0
8487,TRK-1099,2026-06-16T20:25:46,32.595284,-77.453731,37.1
8488,TRK-1055,2026-06-16T20:35:22,36.3991,-82.411608,70.9
8489,TRK-1012,2026-06-16T20:45:28,35.364815,-79.321316,82.3
8490,TRK-1003,2026-06-16T21:00:22,35.536264,-79.23129,6.2
8491,TRK-1068,2026-06-16T21:02:20,36.299218,-80.582825,35.5
8492,TRK-1002,2026-06-16T21:33:50,34.202428,-83.346711,64.0
8493,TRK-1091,2026-06-16T21:40:38,32.783178,-78.716637,56.1
8494,TRK-1021,2026-06-16T21:54:46,35.605273,-83.221795,23.7
8495,TRK-1074,2026-06-16T22:06:51,33.998344,-81.971717,57.5
8496,TRK-1050,2026-06-16T22:24:54,32.387175,-77.011366,20.1
8497,TRK-1080,2026-06-16T22:38:37,33.763126,-83.433961,52.1
8498,TRK-1053,2026-06-16T22:47:26,32.489139,-76.598711,55.6
8499,TRK-1090,2026-06-16T22:59:08,36.251696,-78.608041,33.5
8500,TRK-1033,2026-06-16T23:04:24,35.535707,-84.085462,40.1
8501,TRK-1084,2026-06-16T23:07:19,33.276288,-79.112114,81.5
8502,TRK-1009,2026-06-16T23:33:02,35.093221,-77.149827,61.1
8503,TRK-1055,2026-06-16T23:51:49,34.655412,-79.430382,70.0
8504,TRK-1083,2026-06-16T23:52:13,35.45339,-79.332366,43.8
8505,TRK-1073,2026-06-16T23:55:09,32.791852,-75.308599,15.2
8506,TRK-1058,2026-06-16T23:56:23,36.058736,-76.37114,73.0
8507,TRK-1003,2026-06-17T00:00:47,35.291802,-82.286125,53.1
8508,TRK-1034,2026-06-17T00:45:23,33.090621,-79.252148,49.5
8509,TRK-1057,2026-06-17T00:53:33,33.846055,-78.986571,6.1
8510,TRK-1062,2026-06-17T00:58:03,34.057729,-79.902778,27.5
8511,TRK-1098,2026-06-17T00:58:44,32.098846,-81.006733,25.2
8512,TRK-1046,2026-06-17T01:07:38,34.218042,-76.889697,64.8
8513,TRK-1045,2026-06-17T01:30:09,35.567503,-83.904094,53.4
8514,TRK-1014,2026-06-17T01:45:57,35.963871,-77.511969,47.5
8515,TRK-1029,2026-06-17T01:57:02,33.728177,-82.408175,46.9
8516,TRK-1011,2026-06-17T02:01:07,35.203357,-76.815057,32.1
8517,TRK-1049,2026-06-17T02:05:24,33.191753,-77.42083,62.8
8518,TRK-1044,2026-06-17T02:10:41,32.641106,-80.349606,40.5
8519,TRK-1051,2026-06-17T02:24:52,33.174204,-77.187611,30.4
8520,TRK-1003,2026-06-17T02:30:38,36.819383,-82.571723,58.1
8521,TRK-1035,2026-06-17T02:58:18,36.475747,-76.430829,57.9
8522,TRK-1072,2026-06-17T03:12:02,34.268503,-77.598509,39.3
8523,TRK-1043,2026-06-17T03:34:40,33.966998,-79.899955,52.0
8524,TRK-1072,2026-06-17T03:47:34,36.605763,-79.43212,33.1
8525,TRK-1093,2026-06-17T04:32:34,32.877196,-78.151233,65.0
8526,TRK-1038,2026-06-17T04:43:14,35.184905,-77.373581,51.3
8527,TRK-1047,2026-06-17T04:45:35,34.930863,-75.099817,39.9
8528,TRK-1012,2026-06-17T05:07:35,36.779928,-83.991789,62.8
8529,TRK-1039,2026-06-17T05:29:48,32.431789,-78.743683,39.2
8530,TRK-1092,2026-06-17T05:30:17,34.504712,-83.44677,45.9
8531,TRK-1041,2026-06-17T05:37:04,32.160764,-80.530999,45.4
8532,TRK-1046,2026-06-17T05:38:31,32.522354,-82.255538,34.1
8533,TRK-1073,2026-06-17T05:51:39,32.050686,-83.90957,62.2
8534,TRK-1026,2026-06-17T06:10:54,35.174887,-80.620013,63.4
8535,TRK-1088,2026-06-17T06:20:23,32.257344,-82.366162,58.2
8536,TRK-1014,2026-06-17T06:53:50,32.953756,-76.155569,58.7
8537,TRK-1029,2026-06-17T07:03:34,36.219226,-84.1194,28.0
8538,TRK-1023,2026-06-17T07:17:01,35.186976,-79.312618,41.1
8539,TRK-1063,2026-06-17T07:31:25,34.190696,-82.650868,53.4
8540,TRK-1081,2026-06-17T07:34:55,34.767499,-79.691744,81.1
8541,TRK-1019,2026-06-17T07:52:03,35.759586,-80.192454,58.7
8542,TRK-1023,2026-06-17T07:57:13,33.005142,-77.770418,16.7
8543,TRK-1082,2026-06-17T08:01:34,34.377679,-79.527268,38.9
8544,TRK-1014,2026-06-17T08:26:29,36.529654,-82.692903,26.6
8545,TRK-1022,2026-06-17T08:43:52,36.560431,-77.956753,30.1
8546,TRK-1094,2026-06-17T08:45:12,33.550161,-76.294866,52.4
8547,TRK-1015,2026-06-17T08:55:29,34.342642,-79.432409,51.0
8548,TRK-1039,2026-06-17T09:01:32,32.839589,-83.046635,56.4
8549,TRK-1052,2026-06-17T09:04:06,35.620914,-80.303266,33.5
8550,TRK-1097,2026-06-17T09:10:15,34.007136,-82.831355,22.5
8551,TRK-1072,2026-06-17T09:24:04,33.848718,-84.275904,26.2
8552,TRK-1064,2026-06-17T09:42:18,33.811933,-77.235554,37.5
8553,TRK-1086,2026-06-17T10:02:04,34.900566,-84.243393,52.0
8554,TRK-1039,2026-06-17T10:10:07,35.645646,-75.513807,45.0
8555,TRK-1049,2026-06-17T10:11:20,32.936035,-83.067481,20.9
8556,TRK-1018,2026-06-17T10:14:19,33.801925,-79.04967,25.7
8557,TRK-1067,2026-06-17T10:21:35,34.598896,-76.8193,42.1
8558,TRK-1027,2026-06-17T10:22:17,34.294296,-78.64623,45.8
8559,TRK-1035,2026-06-17T10:22:28,35.627227,-83.497404,73.2
8560,TRK-1089,2026-06-17T10:38:55,35.54793,-82.967677,56.8
8561,TRK-1053,2026-06-17T10:44:54,35.966641,-76.355,79.7
8562,TRK-1014,2026-06-17T11:07:02,32.826039,-81.357468,55.5
8563,TRK-1076,2026-06-17T11:14:31,35.966231,-77.940104,23.7
8564,TRK-1091,2026-06-17T11:22:49,32.838624,-77.771408,75.1
8565,TRK-1029,2026-06-17T11:34:45,32.5312,-81.324763,44.0
8566,TRK-1025,2026-06-17T11:37:26,33.269278,-81.97809,19.3
8567,TRK-1048,2026-06-17T11:38:41,34.958406,-75.620708,65.7
8568,TRK-1008,2026-06-17T11:51:47,36.861166,-83.194613,37.2
8569,TRK-1006,2026-06-17T11:53:06,33.001181,-83.087284,32.5
8570,TRK-1045,2026-06-17T12:04:04,35.787455,-80.693861,57.5
8571,TRK-1060,2026-06-17T12:31:16,35.312031,-81.97647,43.1
8572,TRK-1053,2026-06-17T12:37:32,36.415529,-79.21273,52.9
8573,TRK-1042,2026-06-17T13:14:18,33.507704,-76.715195,46.6
8574,TRK-1008,2026-06-17T13:21:57,36.312404,-79.601629,28.8
8575,TRK-1000,2026-06-17T13:30:24,36.676523,-80.340296,71.1
8576,TRK-1028,2026-06-17T13:36:28,33.537835,-78.816359,5.5
8577,TRK-1085,2026-06-17T13:44:22,35.173309,-75.344891,64.5
8578,TRK-1049,2026-06-17T13:45:49,35.670344,-76.444298,73.2
8579,TRK-1034,2026-06-17T14:03:46,33.717497,-76.242939,60.6
8580,TRK-1022,2026-06-17T14:12:27,34.533065,-77.417731,43.5
8581,TRK-1034,2026-06-17T14:32:07,36.703858,-81.306386,56.9
8582,TRK-1043,2026-06-17T14:34:38,35.794396,-82.126557,12.6
8583,TRK-1008,2026-06-17T14:36:16,36.806364,-77.556817,35.1
8584,TRK-1080,2026-06-17T14:52:18,33.932703,-75.685162,41.3
8585,TRK-1056,2026-06-17T15:27:43,32.394381,-75.015043,29.5
8586,TRK-1001,2026-06-17T15:46:33,33.171264,-84.373752,68.3
8587,TRK-1021,2026-06-17T15:46:53,34.150914,-80.728943,38.1
8588,TRK-1086,2026-06-17T16:01:48,34.45131,-79.05532,26.6
8589,TRK-1032,2026-06-17T16:17:15,33.154952,-84.049438,36.1
8590,TRK-1016,2026-06-17T16:30:47,35.912556,-76.810396,67.6
8591,TRK-1078,2026-06-17T17:11:41,33.945182,-77.874708,40.9
8592,TRK-1054,2026-06-17T17:21:46,36.952013,-83.052485,38.5
8593,TRK-1009,2026-06-17T17:23:27,36.909486,-84.399999,63.2
8594,TRK-1004,2026-06-17T17:35:55,34.504379,-83.117788,65.5
8595,TRK-1055,2026-06-17T17:55:07,33.888414,-77.712578,60.2
8596,TRK-1034,2026-06-17T17:59:28,34.760659,-76.935079,63.8
8597,TRK-1036,2026-06-17T18:02:04,35.274465,-76.83664,25.7
8598,TRK-1058,2026-06-17T18:04:01,32.375469,-78.211353,48.2
8599,TRK-1095,2026-06-17T18:12:35,32.444414,-78.949149,53.3
8600,TRK-1003,2026-06-17T18:15:12,35.036381,-78.937166,9.9
8601,TRK-1058,2026-06-17T18:23:44,36.564336,-82.780866,64.9
8602,TRK-1094,2026-06-17T18:26:00,34.611436,-77.860394,57.9
8603,TRK-1049,2026-06-17T18:54:49,35.818372,-80.830848,29.1
8604,TRK-1065,2026-06-17T19:17:55,33.758851,-78.075495,48.1
8605,TRK-1035,2026-06-17T19:20:33,35.354616,-79.74048,35.4
8606,TRK-1055,2026-06-17T19:27:41,34.805947,-75.599512,55.6
8607,TRK-1027,2026-06-17T19:43:37,36.758441,-82.774549,48.0
8608,TRK-1066,2026-06-17T20:04:30,32.164199,-76.642205,15.7
8609,TRK-1031,2026-06-17T20:15:45,35.496552,-80.701065,63.1
8610,TRK-1021,2026-06-17T20:38:40,36.580462,-82.053323,6.3
8611,TRK-1078,2026-06-17T20:51:10,34.696757,-75.716143,36.4
8612,TRK-1069,2026-06-17T20:54:15,32.595104,-81.470456,30.8
8613,TRK-1037,2026-06-17T20:58:26,36.074131,-75.808208,58.4
8614,TRK-1087,2026-06-17T21:23:03,35.331899,-75.490168,31.9
8615,TRK-1057,2026-06-17T21:24:11,36.565874,-76.283599,17.6
8616,TRK-1046,2026-06-17T21:40:04,36.856239,-82.685624,30.9
8617,TRK-1041,2026-06-17T21:43:03,35.570151,-81.552335,53.2
8618,TRK-1015,2026-06-17T21:46:49,35.983848,-75.71516,47.7
8619,TRK-1091,2026-06-17T21:54:11,32.707575,-80.222706,81.7
8620,TRK-1097,2026-06-17T22:12:47,34.602508,-80.755302,40.4
8621,TRK-1056,2026-06-17T22:13:27,34.563455,-79.489672,55.0
8622,TRK-1078,2026-06-17T22:20:28,35.060219,-75.908686,45.8
8623,TRK-1030,2026-06-17T22:26:11,33.477762,-75.370272,36.7
8624,TRK-1034,2026-06-17T22:33:34,36.233278,-79.444881,90.2
8625,TRK-1010,2026-06-17T22:47:12,35.377,-83.254952,29.4
8626,TRK-1070,2026-06-17T23:02:49,33.541034,-80.299443,36.6
8627,TRK-1076,2026-06-17T23:16:22,32.996542,-79.061803,36.6
8628,TRK-1087,2026-06-17T23:21:08,35.667325,-75.512437,75.0
8629,TRK-1004,2026-06-17T23:52:05,33.049678,-77.741109,36.5
8630,TRK-1084,2026-06-18T00:17:43,33.627573,-79.491348,47.8
8631,TRK-1032,2026-06-18T00:20:50,32.171009,-76.600091,20.5
8632,TRK-1078,2026-06-18T00:33:16,33.660761,-81.186859,54.7
8633,TRK-1053,2026-06-18T00:46:41,35.285423,-78.369389,50.5
8634,TRK-1042,2026-06-18T00:57:29,33.896985,-82.008907,53.0
8635,TRK-1054,2026-06-18T01:05:25,35.205576,-79.123287,84.8
8636,TRK-1003,2026-06-18T01:12:17,35.582093,-77.576129,27.6
8637,TRK-1081,2026-06-18T01:36:44,34.957232,-75.714403,45.3
8638,TRK-1061,2026-06-18T01:39:08,35.046999,-75.375464,27.4
8639,TRK-1091,2026-06-18T01:43:26,32.921641,-81.231398,34.5
8640,TRK-1045,2026-06-18T01:54:39,35.124546,-77.581488,43.3
8641,TRK-1082,2026-06-18T02:08:48,32.537961,-78.140434,61.4
8642,TRK-1056,2026-06-18T02:16:17,35.500242,-79.445563,54.9
8643,TRK-1041,2026-06-18T02:58:28,34.574695,-82.93726,35.9
8644,TRK-1034,2026-06-18T03:26:16,35.046728,-79.991677,27.8
8645,TRK-1040,2026-06-18T03:27:49,36.733682,-82.938328,12.3
8646,TRK-1038,2026-06-18T04:09:33,34.232518,-83.385343,37.5
8647,TRK-1006,2026-06-18T04:12:32,36.824818,-77.069715,57.7
8648,TRK-1076,2026-06-18T04:14:03,32.850438,-77.919603,27.1
8649,TRK-1064,2026-06-18T05:17:52,34.609062,-77.415186,48.2
8650,TRK-1033,2026-06-18T05:42:34,33.010677,-84.219091,52.9
8651,TRK-1037,2026-06-18T05:49:13,34.878054,-78.429847,34.1
8652,TRK-1026,2026-06-18T05:55:06,32.401498,-78.357702,33.3
8653,TRK-1021,2026-06-18T05:55:22,34.273271,-75.080875,33.7
8654,TRK-1013,2026-06-18T06:03:07,33.876535,-78.351646,77.3
8655,TRK-1055,2026-06-18T06:20:25,32.271226,-80.594021,40.0
8656,TRK-1061,2026-06-18T06:21:17,35.623218,-80.287735,31.5
8657,TRK-1038,2026-06-18T07:04:24,36.366121,-83.644709,32.5
8658,TRK-1031,2026-06-18T07:05:49,34.941534,-80.040793,21.7
8659,TRK-1020,2026-06-18T07:14:41,34.413254,-80.291326,20.2
8660,TRK-1082,2026-06-18T07:41:51,36.393076,-77.269388,39.8
8661,TRK-1091,2026-06-18T07:42:42,34.535402,-79.596205,0.2
8662,TRK-1088,2026-06-18T08:09:00,32.539336,-79.14513,35.6
8663,TRK-1098,2026-06-18T08:12:17,33.830203,-78.0468,54.0
8664,TRK-1042,2026-06-18T08:20:10,33.645574,-75.834532,77.0
8665,TRK-1049,2026-06-18T08:26:13,34.174606,-80.775609,49.9
8666,TRK-1005,2026-06-18T08:27:19,35.903525,-77.042236,67.6
8667,TRK-1049,2026-06-18T08:42:48,35.211667,-80.653596,47.8
8668,TRK-1073,2026-06-18T08:47:10,36.840506,-77.580472,81.6
8669,TRK-1052,2026-06-18T09:00:33,33.276215,-79.63605,43.5
8670,TRK-1028,2026-06-18T09:03:37,33.20234,-75.498247,45.0
8671,TRK-1073,2026-06-18T09:51:06,34.903676,-76.061956,67.9
8672,TRK-1084,2026-06-18T10:07:38,36.124955,-78.055831,33.4
8673,TRK-1026,2026-06-18T10:17:54,36.743352,-83.927965,6.8
8674,TRK-1081,2026-06-18T10:24:35,35.683009,-82.423041,51.9
8675,TRK-1088,2026-06-18T11:04:55,36.602441,-81.980489,36.5
8676,TRK-1008,2026-06-18T11:05:15,34.83131,-84.488534,57.1
8677,TRK-1070,2026-06-18T11:07:04,34.532335,-81.863578,27.5
8678,TRK-1093,2026-06-18T11:14:27,33.001157,-81.741971,77.2
8679,TRK-1056,2026-06-18T11:22:23,34.550701,-77.912816,39.9
8680,TRK-1071,2026-06-18T11:28:35,36.904099,-82.526464,88.3
8681,TRK-1015,2026-06-18T12:22:09,33.88059,-83.382777,73.3
8682,TRK-1085,2026-06-18T12:26:07,36.496173,-81.135231,48.3
8683,TRK-1094,2026-06-18T13:47:16,32.197454,-84.265265,41.2
8684,TRK-1036,2026-06-18T13:48:55,35.041775,-83.814196,46.4
8685,TRK-1095,2026-06-18T13:51:39,34.073972,-79.883495,29.5
8686,TRK-1087,2026-06-18T14:14:00,32.180426,-84.453537,71.4
8687,TRK-1085,2026-06-18T14:40:51,35.471589,-84.265144,38.0
8688,TRK-1098,2026-06-18T14:53:23,34.335072,-79.746879,54.0
8689,TRK-1028,2026-06-18T15:07:30,34.583306,-82.070807,67.5
8690,TRK-1013,2026-06-18T15:08:52,36.166526,-77.021339,22.2
8691,TRK-1039,2026-06-18T15:18:14,34.744845,-78.773731,43.6
8692,TRK-1092,2026-06-18T15:32:04,34.326602,-82.12738,34.7
8693,TRK-1091,2026-06-18T15:32:43,33.139862,-75.642945,48.2
8694,TRK-1047,2026-06-18T15:35:12,34.79819,-76.950907,65.9
8695,TRK-1097,2026-06-18T16:15:24,34.761832,-77.733348,37.2
8696,TRK-1082,2026-06-18T16:34:56,34.448461,-75.491651,10.6
8697,TRK-1079,2026-06-18T16:56:20,34.997591,-83.050638,34.5
8698,TRK-1080,2026-06-18T16:58:33,35.750577,-83.731529,21.4
8699,TRK-1075,2026-06-18T17:00:36,34.447653,-78.689582,81.0
8700,TRK-1053,2026-06-18T17:12:19,33.353235,-83.502768,25.8
8701,TRK-1094,2026-06-18T17:22:03,35.05756,-75.201954,56.0
8702,TRK-1083,2026-06-18T17:29:56,33.675962,-83.261332,34.2
8703,TRK-1027,2026-06-18T17:30:22,36.985973,-79.662675,31.2
8704,TRK-1046,2026-06-18T17:41:09,34.0834,-83.903195,28.2
8705,TRK-1016,2026-06-18T18:03:25,32.443312,-79.991168,20.2
8706,TRK-1020,2026-06-18T18:11:17,36.14701,-84.404175,33.3
8707,TRK-1011,2026-06-18T18:43:58,34.796595,-81.565081,55.9
8708,TRK-1023,2026-06-18T20:04:03,34.755144,-84.101211,41.8
8709,TRK-1001,2026-06-18T20:04:35,33.465115,-81.573293,15.8
8710,TRK-1098,2026-06-18T20:11:22,33.025771,-79.800152,32.6
8711,TRK-1013,2026-06-18T20:33:38,33.524573,-79.719966,26.3
8712,TRK-1052,2026-06-18T20:43:12,32.24523,-80.429676,53.1
8713,TRK-1020,2026-06-18T20:53:28,35.81501,-81.516558,12.1
8714,TRK-1024,2026-06-18T21:45:12,34.693003,-80.990771,76.1
8715,TRK-1077,2026-06-18T21:50:15,36.374679,-78.511095,59.4
8716,TRK-1025,2026-06-18T21:51:00,34.888604,-81.300107,43.4
8717,TRK-1026,2026-06-18T21:53:39,36.31346,-79.717109,47.4
8718,TRK-1047,2026-06-18T22:15:12,32.802959,-77.637534,29.6
8719,TRK-1076,2026-06-18T22:36:29,35.374281,-81.398933,27.1
8720,TRK-1058,2026-06-18T22:37:40,33.042464,-75.077886,44.6
8721,TRK-1081,2026-06-18T22:39:17,35.192013,-81.352291,28.6
8722,TRK-1085,2026-06-18T22:44:02,35.061166,-78.890591,66.4
8723,TRK-1017,2026-06-18T22:45:28,35.476817,-77.781266,55.5
8724,TRK-1080,2026-06-18T23:08:18,35.564353,-76.658528,68.5
8725,TRK-1098,2026-06-18T23:12:36,36.893705,-77.351942,22.8
8726,TRK-1075,2026-06-18T23:21:29,33.94428,-75.981991,61.0
8727,TRK-1028,2026-06-19T00:08:18,33.610994,-82.221409,63.3
8728,TRK-1050,2026-06-19T00:11:58,33.141573,-79.117861,47.4
8729,TRK-1096,2026-06-19T00:51:07,35.490562,-80.885298,70.1
8730,TRK-1039,2026-06-19T00:55:31,35.534536,-77.897948,45.2
8731,TRK-1078,2026-06-19T01:12:46,36.335797,-77.393772,66.9
8732,TRK-1074,2026-06-19T01:38:24,35.820372,-78.872074,51.6
8733,TRK-1053,2026-06-19T01:47:11,34.447786,-76.641929,36.4
8734,TRK-1068,2026-06-19T01:49:32,36.404063,-84.18594,44.5
8735,TRK-1019,2026-06-19T01:56:41,33.3267,-76.790646,24.8
8736,TRK-1079,2026-06-19T02:04:09,35.762932,-83.949849,40.7
8737,TRK-1051,2026-06-19T02:16:09,36.33797,-83.120119,32.4
8738,TRK-1073,2026-06-19T02:48:12,36.547508,-75.660484,51.2
8739,TRK-1018,2026-06-19T02:51:44,32.223853,-82.80438,46.1
8740,TRK-1038,2026-06-19T03:18:12,35.709972,-83.428461,19.2
8741,TRK-1047,2026-06-19T03:19:43,36.082791,-81.021249,10.9
8742,TRK-1002,2026-06-19T03:37:36,36.210607,-81.934877,50.7
8743,TRK-1044,2026-06-19T04:03:43,34.536442,-76.369088,70.3
8744,TRK-1052,2026-06-19T04:04:13,36.327312,-81.112973,42.3
8745,TRK-1089,2026-06-19T04:06:55,36.962063,-82.395116,32.2
8746,TRK-1005,2026-06-19T04:14:41,35.977315,-80.637494,30.6
8747,TRK-1085,2026-06-19T04:16:25,32.781026,-76.771778,39.3
8748,TRK-1068,2026-06-19T05:05:53,34.96143,-75.535428,44.0
8749,TRK-1009,2026-06-19T05:07:01,35.506595,-77.846984,69.1
8750,TRK-1075,2026-06-19T05:43:18,32.604073,-77.28691,48.4
8751,TRK-1030,2026-06-19T06:03:45,33.193465,-83.436809,47.8
8752,TRK-1006,2026-06-19T06:39:38,35.916134,-81.881115,45.8
8753,TRK-1038,2026-06-19T07:13:09,33.977887,-79.411414,64.3
8754,TRK-1050,2026-06-19T07:18:55,36.842071,-78.174303,33.9
8755,TRK-1069,2026-06-19T07:42:59,32.05096,-76.513762,59.8
8756,TRK-1030,2026-06-19T07:45:16,35.83397,-79.48223,53.0
8757,TRK-1088,2026-06-19T07:53:33,34.820988,-84.331987,35.1
8758,TRK-1075,2026-06-19T08:12:00,32.828144,-84.399537,58.6
8759,TRK-1095,2026-06-19T08:12:20,32.873817,-84.200543,47.7
8760,TRK-1012,2026-06-19T08:23:04,34.549717,-83.643381,57.2
8761,TRK-1021,2026-06-19T08:33:23,32.157802,-83.877664,52.5
8762,TRK-1040,2026-06-19T08:37:30,35.039727,-84.45316,70.3
8763,TRK-1003,2026-06-19T08:59:48,35.224533,-81.509487,63.9
8764,TRK-1038,2026-06-19T09:11:06,35.34172,-78.202646,52.3
8765,TRK-1019,2026-06-19T09:18:45,33.413533,-82.722296,88.9
8766,TRK-1052,2026-06-19T09:38:55,35.465529,-77.86749,56.3
8767,TRK-1020,2026-06-19T09:44:53,36.487065,-82.899824,44.6
8768,TRK-1039,2026-06-19T10:11:21,36.747892,-83.296743,40.0
8769,TRK-1084,2026-06-19T10:18:34,33.56277,-76.096685,12.8
8770,TRK-1075,2026-06-19T10:25:33,34.710872,-83.752172,44.4
8771,TRK-1055,2026-06-19T10:29:21,33.539659,-79.674281,40.1
8772,TRK-1058,2026-06-19T10:30:11,34.183056,-75.347828,57.9
8773,TRK-1000,2026-06-19T10:32:19,35.272111,-78.685082,58.7
8774,TRK-1027,2026-06-19T10:33:28,32.547011,-76.161647,58.6
8775,TRK-1096,2026-06-19T11:22:53,32.658147,-79.162549,54.6
8776,TRK-1051,2026-06-19T11:34:10,34.697346,-78.887967,14.9
8777,TRK-1084,2026-06-19T11:40:49,35.429299,-76.364982,36.6
8778,TRK-1062,2026-06-19T11:54:40,34.521944,-78.671921,28.8
8779,TRK-1030,2026-06-19T11:55:32,34.598922,-79.373387,64.6
8780,TRK-1093,2026-06-19T12:12:36,36.086897,-78.489392,81.0
8781,TRK-1026,2026-06-19T12:20:32,36.602275,-79.023184,56.7
8782,TRK-1092,2026-06-19T12:38:36,32.80626,-79.495771,20.0
8783,TRK-1036,2026-06-19T12:38:48,34.988969,-79.395393,46.5
8784,TRK-1066,2026-06-19T13:18:41,35.379736,-81.614201,56.5
8785,TRK-1040,2026-06-19T13:30:46,32.676147,-83.51391,52.2
8786,TRK-1049,2026-06-19T13:42:35,34.3651,-81.221538,72.0
8787,TRK-1003,2026-06-19T13:52:24,33.820504,-81.438555,48.2
8788,TRK-1008,2026-06-19T14:09:31,35.746178,-76.223805,45.8
8789,TRK-1048,2026-06-19T14:25:10,34.781396,-83.276441,64.6
8790,TRK-1017,2026-06-19T14:33:28,34.574157,-76.718,63.6
8791,TRK-1007,2026-06-19T14:48:13,33.432133,-82.307136,30.4
8792,TRK-1050,2026-06-19T14:52:58,34.712567,-82.5481,62.7
8793,TRK-1021,2026-06-19T15:16:57,36.131721,-78.369246,16.5
8794,TRK-1039,2026-06-19T15:24:05,36.481383,-78.553623,54.2
8795,TRK-1082,2026-06-19T15:27:05,35.503635,-80.564292,47.7
8796,TRK-1045,2026-06-19T15:29:23,35.914454,-82.793283,70.2
8797,TRK-1082,2026-06-19T15:37:33,32.926855,-80.807908,58.4
8798,TRK-1064,2026-06-19T15:43:36,35.559748,-80.659368,47.4
8799,TRK-1025,2026-06-19T16:12:37,33.816087,-83.239297,53.9
8800,TRK-1027,2026-06-19T16:47:02,32.686421,-81.934561,30.7
8801,TRK-1098,2026-06-19T17:11:50,34.409844,-78.192708,49.9
8802,TRK-1012,2026-06-19T17:37:30,32.341859,-77.055112,63.7
8803,TRK-1099,2026-06-19T17:38:53,33.89896,-82.348641,73.2
8804,TRK-1022,2026-06-19T17:50:31,35.090697,-80.195,23.1
8805,TRK-1067,2026-06-19T18:14:35,32.652013,-77.084283,51.8
8806,TRK-1012,2026-06-19T18:18:52,34.356036,-83.648865,55.7
8807,TRK-1029,2026-06-19T18:23:45,32.363129,-75.60963,30.2
8808,TRK-1021,2026-06-19T18:34:30,33.731856,-75.029098,72.6
8809,TRK-1047,2026-06-19T18:35:42,34.06755,-76.363059,55.1
8810,TRK-1048,2026-06-19T18:40:33,32.59975,-76.006281,87.0
8811,TRK-1078,2026-06-19T18:41:23,32.481211,-80.361793,8.7
8812,TRK-1043,2026-06-19T18:54:35,33.712471,-75.326631,43.0
8813,TRK-1035,2026-06-19T19:32:53,33.522838,-80.284275,47.3
8814,TRK-1020,2026-06-19T20:09:34,34.571835,-76.446436,47.1
8815,TRK-1011,2026-06-19T20:26:06,33.830511,-83.920485,23.8
8816,TRK-1075,2026-06-19T20:49:42,35.665489,-83.845525,21.9
8817,TRK-1030,2026-06-19T20:50:45,34.888444,-78.692479,64.6
8818,TRK-1035,2026-06-19T21:23:13,35.376267,-75.964302,81.2
8819,TRK-1072,2026-06-19T21:43:30,35.678424,-77.461741,32.3
8820,TRK-1049,2026-06-19T21:47:40,32.228278,-81.150453,35.0
8821,TRK-1066,2026-06-19T22:06:19,34.658671,-79.778619,62.0
8822,TRK-1086,2026-06-19T22:09:29,32.621796,-82.851831,20.8
8823,TRK-1047,2026-06-19T22:34:18,34.030805,-83.326871,50.0
8824,TRK-1082,2026-06-19T22:50:05,36.903159,-75.639034,48.3
8825,TRK-1082,2026-06-19T22:52:33,35.199395,-78.294517,20.6
8826,TRK-1092,2026-06-19T23:18:34,32.054122,-78.339239,36.8
8827,TRK-1009,2026-06-19T23:40:00,36.647687,-82.418848,43.2
8828,TRK-1086,2026-06-19T23:51:57,33.410103,-82.426352,38.5
8829,TRK-1090,2026-06-20T00:01:21,36.563325,-81.82341,57.7
8830,TRK-1091,2026-06-20T00:02:08,34.26415,-79.84634,50.8
8831,TRK-1042,2026-06-20T00:11:23,35.554486,-79.429363,0.0
8832,TRK-1022,2026-06-20T00:12:57,33.340207,-78.506013,41.5
8833,TRK-1095,2026-06-20T00:49:59,35.452011,-82.896061,59.3
8834,TRK-1018,2026-06-20T00:50:28,34.313583,-79.000479,25.7
8835,TRK-1084,2026-06-20T00:51:57,35.269599,-81.32344,35.8
8836,TRK-1012,2026-06-20T01:33:29,33.98013,-78.049589,60.7
8837,TRK-1013,2026-06-20T01:44:00,32.193826,-79.679382,95.3
8838,TRK-1014,2026-06-20T01:52:20,35.9413,-81.597793,41.2
8839,TRK-1006,2026-06-20T02:11:04,34.48814,-80.506961,71.6
8840,TRK-1008,2026-06-20T02:31:55,34.628324,-77.029997,33.3
8841,TRK-1073,2026-06-20T02:41:26,34.485386,-81.261517,36.7
8842,TRK-1073,2026-06-20T02:51:22,33.525612,-83.633462,48.9
8843,TRK-1057,2026-06-20T03:11:11,36.771677,-75.583296,40.0
8844,TRK-1096,2026-06-20T03:20:13,33.707137,-76.383358,69.5
8845,TRK-1085,2026-06-20T03:21:15,33.477691,-80.636256,33.0
8846,TRK-1058,2026-06-20T03:21:28,34.697879,-79.524508,58.7
8847,TRK-1090,2026-06-20T03:25:10,32.874653,-79.280361,25.4
8848,TRK-1056,2026-06-20T03:49:03,36.854599,-81.152866,32.8
8849,TRK-1089,2026-06-20T04:09:34,36.368925,-81.584439,18.6
8850,TRK-1090,2026-06-20T04:11:26,36.699711,-82.113449,35.3
8851,TRK-1078,2026-06-20T04:22:39,32.91029,-81.003336,53.5
8852,TRK-1063,2026-06-20T04:24:01,33.6498,-81.570467,55.0
8853,TRK-1022,2026-06-20T04:26:59,32.962109,-75.373526,38.8
8854,TRK-1038,2026-06-20T04:49:22,33.77694,-81.777118,21.4
8855,TRK-1035,2026-06-20T04:53:50,34.480867,-78.872379,41.1
8856,TRK-1058,2026-06-20T05:04:44,32.905879,-75.709755,62.7
8857,TRK-1091,2026-06-20T05:12:31,32.791559,-82.4898,8.4
8858,TRK-1021,2026-06-20T05:23:43,32.630229,-75.115726,43.8
8859,TRK-1041,2026-06-20T05:24:48,34.487545,-76.223975,61.7
8860,TRK-1051,2026-06-20T05:37:21,33.325912,-76.58256,60.6
8861,TRK-1028,2026-06-20T05:51:59,34.693911,-75.068692,62.8
8862,TRK-1017,2026-06-20T05:56:15,32.784706,-78.739468,17.1
8863,TRK-1069,2026-06-20T05:59:43,36.136789,-77.611522,56.1
8864,TRK-1017,2026-06-20T06:08:07,34.244245,-81.386204,35.5
8865,TRK-1078,2026-06-20T06:25:16,33.453888,-81.566745,37.7
8866,TRK-1013,2026-06-20T06:51:11,33.439413,-75.021038,25.0
8867,TRK-1051,2026-06-20T06:51:36,35.776926,-75.539425,47.7
8868,TRK-1041,2026-06-20T07:08:32,35.834406,-83.124395,76.6
8869,TRK-1029,2026-06-20T07:27:09,35.82516,-78.9645,34.4
8870,TRK-1035,2026-06-20T07:31:26,34.173683,-76.316115,45.5
8871,TRK-1076,2026-06-20T07:32:46,36.602877,-76.685591,24.6
8872,TRK-1091,2026-06-20T07:43:14,32.33538,-79.76342,24.1
8873,TRK-1001,2026-06-20T08:07:28,36.619664,-80.623429,40.9
8874,TRK-1022,2026-06-20T08:15:40,35.096711,-80.996169,64.6
8875,TRK-1073,2026-06-20T08:37:05,32.973357,-78.220102,57.8
8876,TRK-1044,2026-06-20T08:43:47,34.747599,-81.178502,50.1
8877,TRK-1044,2026-06-20T08:44:30,36.859646,-75.170765,29.3
8878,TRK-1068,2026-06-20T08:56:09,36.769856,-78.190611,26.3
8879,TRK-1019,2026-06-20T09:26:33,34.998609,-82.297334,38.8
8880,TRK-1088,2026-06-20T09:48:23,33.409316,-79.736955,47.8
8881,TRK-1027,2026-06-20T09:53:01,34.381116,-80.314243,24.8
8882,TRK-1058,2026-06-20T10:15:11,35.18107,-78.694504,17.7
8883,TRK-1066,2026-06-20T10:15:33,34.499957,-82.732287,38.9
8884,TRK-1058,2026-06-20T10:15:59,35.752362,-75.62311,79.5
8885,TRK-1032,2026-06-20T10:30:54,32.306314,-78.725539,4.6
8886,TRK-1086,2026-06-20T11:26:31,34.100286,-79.769938,27.5
8887,TRK-1090,2026-06-20T11:28:44,32.353222,-82.089412,62.4
8888,TRK-1092,2026-06-20T11:51:12,34.005816,-79.618588,28.3
8889,TRK-1092,2026-06-20T11:52:34,36.470327,-80.715397,38.9
8890,TRK-1038,2026-06-20T12:10:09,34.915476,-81.493069,33.8
8891,TRK-1038,2026-06-20T12:15:19,33.138326,-77.103119,47.6
8892,TRK-1065,2026-06-20T12:45:25,34.991289,-77.776217,67.2
8893,TRK-1056,2026-06-20T12:59:09,36.557459,-75.418963,21.9
8894,TRK-1063,2026-06-20T13:05:07,33.108731,-83.662161,37.3
8895,TRK-1036,2026-06-20T13:18:52,33.588494,-78.550689,13.6
8896,TRK-1080,2026-06-20T13:37:04,33.020197,-80.819292,46.2
8897,TRK-1049,2026-06-20T13:51:56,36.986605,-76.163297,43.1
8898,TRK-1038,2026-06-20T13:57:11,36.957865,-78.793917,15.9
8899,TRK-1088,2026-06-20T14:20:11,34.624301,-75.382101,37.1
8900,TRK-1097,2026-06-20T14:25:12,34.57212,-83.14563,31.1
8901,TRK-1000,2026-06-20T14:39:43,33.759821,-81.393235,24.7
8902,TRK-1023,2026-06-20T14:40:50,36.972456,-76.614699,33.1
8903,TRK-1075,2026-06-20T14:44:41,33.379745,-80.88643,41.2
8904,TRK-1072,2026-06-20T14:45:10,34.341773,-76.93391,55.4
8905,TRK-1019,2026-06-20T15:12:07,34.171704,-80.89336,29.8
8906,TRK-1060,2026-06-20T15:14:41,35.708095,-76.667589,64.5
8907,TRK-1002,2026-06-20T15:43:56,32.469838,-76.891579,61.6
8908,TRK-1070,2026-06-20T15:46:05,36.590476,-84.088131,45.5
8909,TRK-1031,2026-06-20T15:50:08,32.895603,-77.827799,28.4
8910,TRK-1018,2026-06-20T15:53:36,32.49565,-77.055284,26.6
8911,TRK-1006,2026-06-20T16:16:29,36.382892,-75.257748,68.0
8912,TRK-1002,2026-06-20T16:22:32,33.371523,-81.21086,53.8
8913,TRK-1005,2026-06-20T16:52:21,33.996472,-76.809211,41.6
8914,TRK-1051,2026-06-20T16:53:23,36.499659,-80.144245,78.2
8915,TRK-1097,2026-06-20T16:56:51,34.513718,-83.027238,37.5
8916,TRK-1051,2026-06-20T17:06:49,35.81526,-82.539457,18.8
8917,TRK-1087,2026-06-20T17:16:20,34.051576,-75.263386,58.6
8918,TRK-1028,2026-06-20T17:26:09,36.97403,-80.967156,32.7
8919,TRK-1099,2026-06-20T17:28:15,35.435792,-75.988078,39.6
8920,TRK-1059,2026-06-20T17:30:13,32.349542,-84.123562,45.0
8921,TRK-1029,2026-06-20T17:34:11,33.468061,-76.046593,33.8
8922,TRK-1055,2026-06-20T17:38:32,34.637332,-82.142758,42.5
8923,TRK-1004,2026-06-20T17:45:02,32.680215,-77.149802,30.1
8924,TRK-1056,2026-06-20T17:58:29,36.453943,-82.047062,14.5
8925,TRK-1063,2026-06-20T18:03:50,34.857689,-79.185391,57.5
8926,TRK-1035,2026-06-20T18:14:52,33.34049,-84.457612,15.1
8927,TRK-1019,2026-06-20T18:26:24,34.255998,-81.194703,52.7
8928,TRK-1031,2026-06-20T18:29:56,34.475282,-81.125652,72.8
8929,TRK-1032,2026-06-20T18:41:48,34.045238,-77.390266,38.9
8930,TRK-1048,2026-06-20T18:46:56,35.452392,-81.611921,77.7
8931,TRK-1015,2026-06-20T18:47:58,32.255179,-82.364568,39.6
8932,TRK-1091,2026-06-20T19:01:33,36.865033,-77.374671,49.0
8933,TRK-1023,2026-06-20T19:11:05,34.076876,-84.046113,38.6
8934,TRK-1033,2026-06-20T19:20:29,32.559423,-77.029126,24.9
8935,TRK-1083,2026-06-20T19:37:45,32.509388,-83.706548,72.1
8936,TRK-1040,2026-06-20T19:52:50,34.923702,-76.478088,27.1
8937,TRK-1003,2026-06-20T20:23:23,36.908977,-78.630688,64.5
8938,TRK-1087,2026-06-20T20:25:58,34.114873,-84.385472,39.7
8939,TRK-1061,2026-06-20T20:42:38,35.346883,-79.855116,15.7
8940,TRK-1018,2026-06-20T21:42:25,33.702179,-79.484269,37.3
8941,TRK-1039,2026-06-20T22:03:03,36.984007,-78.587046,26.7
8942,TRK-1078,2026-06-20T22:24:13,35.052984,-84.068073,48.3
8943,TRK-1065,2026-06-20T22:52:32,32.979467,-83.329398,71.7
8944,TRK-1066,2026-06-20T22:54:47,34.354482,-82.556089,50.7
8945,TRK-1050,2026-06-20T23:04:28,35.89769,-76.30298,15.9
8946,TRK-1055,2026-06-20T23:11:48,32.350968,-78.492833,46.0
8947,TRK-1085,2026-06-20T23:22:29,35.960314,-83.252547,13.4
8948,TRK-1064,2026-06-20T23:53:19,35.749908,-78.426779,66.1
8949,TRK-1008,2026-06-21T00:02:03,33.897551,-77.300877,24.6
8950,TRK-1060,2026-06-21T00:02:36,32.064204,-75.237668,47.8
8951,TRK-1063,2026-06-21T00:34:00,35.832211,-82.811821,32.4
8952,TRK-1048,2026-06-21T00:57:44,35.736113,-76.897844,29.1
8953,TRK-1052,2026-06-21T00:58:11,32.683995,-83.953458,13.9
8954,TRK-1045,2026-06-21T01:08:48,34.222932,-81.236312,40.0
8955,TRK-1011,2026-06-21T01:19:19,35.213642,-75.793695,92.8
8956,TRK-1031,2026-06-21T01:34:32,36.938176,-80.023376,38.4
8957,TRK-1057,2026-06-21T01:41:20,35.513744,-75.079216,65.1
8958,TRK-1053,2026-06-21T01:57:17,34.260163,-81.079346,41.5
8959,TRK-1064,2026-06-21T01:59:34,33.662511,-80.790887,67.5
8960,TRK-1062,2026-06-21T02:10:47,32.77872,-76.562894,48.0
8961,TRK-1050,2026-06-21T02:13:44,34.951597,-77.099367,24.8
8962,TRK-1025,2026-06-21T02:31:28,33.134262,-81.86688,46.5
8963,TRK-1033,2026-06-21T02:34:39,32.813657,-76.786415,50.7
8964,TRK-1008,2026-06-21T02:35:51,35.389291,-78.932428,41.3
8965,TRK-1081,2026-06-21T03:01:00,33.225409,-83.45922,25.9
8966,TRK-1005,2026-06-21T03:25:02,34.252032,-82.390597,57.9
8967,TRK-1099,2026-06-21T03:39:41,33.600465,-81.894211,56.9
8968,TRK-1036,2026-06-21T03:54:57,34.105537,-77.163858,44.7
8969,TRK-1005,2026-06-21T04:01:48,34.892428,-80.961519,47.6
8970,TRK-1063,2026-06-21T04:05:38,36.476133,-78.507465,29.4
8971,TRK-1003,2026-06-21T04:08:07,33.853412,-81.584134,3.3
8972,TRK-1087,2026-06-21T04:20:37,32.446012,-81.155312,19.1
8973,TRK-1099,2026-06-21T04:36:15,34.932913,-84.366186,67.9
8974,TRK-1029,2026-06-21T04:38:30,36.350366,-83.133962,46.2
8975,TRK-1023,2026-06-21T04:40:11,33.553206,-81.958805,64.3
8976,TRK-1027,2026-06-21T05:02:06,33.454142,-82.370386,19.5
8977,TRK-1025,2026-06-21T05:08:59,36.996221,-79.87644,32.4
8978,TRK-1027,2026-06-21T05:28:40,34.830137,-79.814994,40.5
8979,TRK-1040,2026-06-21T05:37:00,36.331934,-78.398436,36.7
8980,TRK-1066,2026-06-21T05:45:03,36.621659,-78.037295,24.5
8981,TRK-1003,2026-06-21T05:48:03,32.820443,-84.354557,69.0
8982,TRK-1022,2026-06-21T05:58:36,32.115167,-82.721659,64.0
8983,TRK-1044,2026-06-21T06:01:22,32.842362,-75.223128,52.6
8984,TRK-1025,2026-06-21T07:00:41,32.428467,-78.739697,50.5
8985,TRK-1054,2026-06-21T07:37:17,32.467331,-76.529396,43.5
8986,TRK-1083,2026-06-21T07:39:30,36.826243,-84.248405,54.0
8987,TRK-1043,2026-06-21T07:48:12,35.508004,-75.113643,40.8
8988,TRK-1078,2026-06-21T07:55:18,35.187341,-81.971447,16.0
8989,TRK-1041,2026-06-21T08:43:26,34.941018,-77.266771,50.7
8990,TRK-1006,2026-06-21T08:51:53,33.680165,-80.558806,28.7
8991,TRK-1067,2026-06-21T08:54:59,32.688052,-77.00218,46.5
8992,TRK-1036,2026-06-21T09:00:06,32.912947,-83.583742,45.0
8993,TRK-1060,2026-06-21T09:32:52,35.154347,-82.041892,94.7
8994,TRK-1079,2026-06-21T09:47:12,34.619164,-82.252513,26.6
8995,TRK-1039,2026-06-21T09:49:52,32.096807,-80.82057,44.9
8996,TRK-1005,2026-06-21T10:09:18,33.960054,-75.653642,40.5
8997,TRK-1098,2026-06-21T10:14:07,34.83037,-81.25767,19.2
8998,TRK-1038,2026-06-21T10:14:09,32.627442,-78.989381,68.1
8999,TRK-1024,2026-06-21T10:16:28,36.032996,-79.436246,14.3
9000,TRK-1067,2026-06-21T10:17:13,36.317598,-81.377005,0.0
9001,TRK-1009,2026-06-21T10:31:50,36.605413,-80.645674,14.4
9002,TRK-1023,2026-06-21T10:41:14,33.806185,-75.004976,25.7
9003,TRK-1057,2026-06-21T11:15:40,36.7439,-78.172964,51.8
9004,TRK-1032,2026-06-21T11:20:26,35.550746,-78.207664,68.7
9005,TRK-1088,2026-06-21T11:37:02,36.85006,-75.684835,18.3
9006,TRK-1084,2026-06-21T11:41:49,33.447824,-75.096948,44.2
9007,TRK-1082,2026-06-21T12:04:46,34.422674,-76.991316,45.3
9008,TRK-1014,2026-06-21T12:06:09,34.268595,-75.82828,37.0
9009,TRK-1043,2026-06-21T12:11:38,32.829501,-82.638367,33.7
9010,TRK-1012,2026-06-21T12:14:19,35.915008,-82.370118,43.6
9011,TRK-1096,2026-06-21T12:25:54,35.292317,-80.715833,44.0
9012,TRK-1049,2026-06-21T13:15:17,33.232679,-76.653348,63.3
9013,TRK-1021,2026-06-21T13:21:10,35.648591,-75.636439,39.9
9014,TRK-1038,2026-06-21T14:20:44,36.4185,-79.886169,15.4
9015,TRK-1092,2026-06-21T14:26:11,32.697069,-82.328616,47.5
9016,TRK-1083,2026-06-21T14:32:50,33.811751,-81.366057,34.9
9017,TRK-1039,2026-06-21T14:36:14,36.861759,-76.101548,27.0
9018,TRK-1032,2026-06-21T14:39:04,34.163195,-80.836277,57.5
9019,TRK-1002,2026-06-21T14:48:49,34.804206,-80.978194,60.1
9020,TRK-1043,2026-06-21T15:04:23,35.505133,-76.33708,59.9
9021,TRK-1038,2026-06-21T15:07:35,36.815831,-75.242744,51.8
9022,TRK-1055,2026-06-21T15:19:19,36.649398,-75.89141,1.4
9023,TRK-1046,2026-06-21T15:40:44,34.739089,-83.610428,53.5
9024,TRK-1052,2026-06-21T15:44:27,35.966599,-78.049997,24.6
9025,TRK-1002,2026-06-21T15:47:06,35.935008,-75.194091,16.1
9026,TRK-1089,2026-06-21T15:56:07,35.469264,-84.241025,37.2
9027,TRK-1089,2026-06-21T15:57:59,35.192899,-80.727785,78.3
9028,TRK-1076,2026-06-21T16:02:15,33.195092,-81.623214,56.2
9029,TRK-1043,2026-06-21T16:04:51,36.352412,-80.330964,28.4
9030,TRK-1045,2026-06-21T16:34:51,35.635265,-80.710047,79.2
9031,TRK-1024,2026-06-21T16:35:49,32.587377,-76.648916,41.2
9032,TRK-1020,2026-06-21T16:39:19,36.970078,-77.551681,44.3
9033,TRK-1090,2026-06-21T16:39:58,32.724432,-80.586594,39.6
9034,TRK-1060,2026-06-21T16:40:44,34.664186,-80.692379,21.3
9035,TRK-1010,2026-06-21T16:46:02,32.706051,-84.266416,48.8
9036,TRK-1093,2026-06-21T17:01:12,36.316894,-78.001679,52.5
9037,TRK-1099,2026-06-21T17:24:05,33.472301,-79.293965,49.9
9038,TRK-1067,2026-06-21T17:29:49,36.466724,-77.011649,24.5
9039,TRK-1006,2026-06-21T17:32:42,33.280104,-76.064122,42.8
9040,TRK-1002,2026-06-21T18:06:59,32.818198,-76.800521,39.4
9041,TRK-1028,2026-06-21T18:10:05,35.194483,-79.996299,47.8
9042,TRK-1063,2026-06-21T18:32:52,33.954599,-75.755744,28.7
9043,TRK-1046,2026-06-21T18:40:56,36.41944,-78.367152,35.7
9044,TRK-1024,2026-06-21T18:51:39,34.744219,-78.932216,73.0
9045,TRK-1006,2026-06-21T19:02:05,33.206491,-77.438644,29.9
9046,TRK-1044,2026-06-21T19:12:07,34.365313,-75.550896,11.8
9047,TRK-1043,2026-06-21T19:12:30,34.233659,-76.039247,48.1
9048,TRK-1075,2026-06-21T19:40:45,32.096139,-79.350944,50.7
9049,TRK-1039,2026-06-21T19:49:06,33.410563,-83.370501,18.1
9050,TRK-1097,2026-06-21T20:04:31,35.279237,-80.209603,60.1
9051,TRK-1067,2026-06-21T20:27:14,32.566105,-78.121242,70.6
9052,TRK-1061,2026-06-21T20:41:49,32.460077,-75.712219,48.4
9053,TRK-1001,2026-06-21T20:51:10,35.166757,-84.28505,40.1
9054,TRK-1039,2026-06-21T20:51:48,32.344345,-75.538848,12.2
9055,TRK-1061,2026-06-21T20:53:28,32.234845,-77.431499,66.4
9056,TRK-1040,2026-06-21T20:57:57,36.565189,-76.514962,18.5
9057,TRK-1010,2026-06-21T21:02:01,36.433224,-75.571644,59.3
9058,TRK-1081,2026-06-21T21:04:41,36.527466,-82.799146,50.1
9059,TRK-1038,2026-06-21T21:05:02,34.373304,-81.243268,49.3
9060,TRK-1038,2026-06-21T21:15:36,34.304093,-75.62657,78.7
9061,TRK-1078,2026-06-21T21:20:20,33.31771,-83.627807,63.6
9062,TRK-1090,2026-06-21T21:29:05,35.496749,-82.283255,42.2
9063,TRK-1086,2026-06-21T21:34:29,34.253287,-84.068782,49.2
9064,TRK-1090,2026-06-21T21:35:24,36.600466,-79.624072,40.4
9065,TRK-1047,2026-06-21T22:15:00,35.17297,-78.153711,29.2
9066,TRK-1011,2026-06-21T22:31:59,35.481115,-77.725134,60.6
9067,TRK-1022,2026-06-21T22:37:49,35.724289,-77.036835,40.4
9068,TRK-1066,2026-06-21T22:37:54,33.118207,-82.866465,37.8
9069,TRK-1053,2026-06-21T22:47:48,32.203475,-80.484149,27.2
9070,TRK-1055,2026-06-21T23:01:28,35.009708,-82.674458,41.9
9071,TRK-1058,2026-06-21T23:18:09,35.270121,-82.782658,58.4
9072,TRK-1059,2026-06-21T23:31:41,33.614983,-76.40575,40.8
9073,TRK-1041,2026-06-21T23:42:13,34.899666,-83.163708,61.4
9074,TRK-1066,2026-06-21T23:47:01,34.929763,-78.309793,31.9
9075,TRK-1028,2026-06-21T23:55:47,34.875383,-77.348374,60.0
9076,TRK-1098,2026-06-22T00:10:01,34.467539,-80.003122,47.1
9077,TRK-1048,2026-06-22T00:13:55,32.668264,-79.064357,30.6
9078,TRK-1084,2026-06-22T00:14:51,35.069437,-79.830299,44.9
9079,TRK-1001,2026-06-22T00:21:09,36.792414,-78.15306,23.4
9080,TRK-1066,2026-06-22T00:30:55,33.715142,-82.704753,63.4
9081,TRK-1063,2026-06-22T00:50:45,33.912598,-80.299673,34.1
9082,TRK-1009,2026-06-22T01:07:50,33.64461,-84.223486,57.6
9083,TRK-1046,2026-06-22T01:13:10,36.040828,-84.005453,51.3
9084,TRK-1022,2026-06-22T01:30:56,33.509955,-79.183991,59.3
9085,TRK-1073,2026-06-22T01:31:24,36.530646,-78.481287,59.5
9086,TRK-1083,2026-06-22T01:37:38,33.063458,-75.575145,54.8
9087,TRK-1015,2026-06-22T01:43:44,34.935537,-77.419403,67.4
9088,TRK-1089,2026-06-22T01:50:37,33.734338,-79.556166,45.1
9089,TRK-1036,2026-06-22T02:07:11,36.553569,-78.525654,27.8
9090,TRK-1019,2026-06-22T02:09:37,32.831033,-77.397805,65.5
9091,TRK-1047,2026-06-22T02:42:22,32.929032,-83.494765,32.5
9092,TRK-1079,2026-06-22T03:01:57,32.448491,-83.483015,31.6
9093,TRK-1076,2026-06-22T03:13:23,32.756313,-81.335863,20.2
9094,TRK-1079,2026-06-22T03:26:03,36.878041,-76.887831,50.1
9095,TRK-1019,2026-06-22T03:34:33,35.81378,-75.336652,56.4
9096,TRK-1005,2026-06-22T04:00:04,36.280355,-76.219278,31.6
9097,TRK-1043,2026-06-22T04:09:31,33.220461,-76.716861,12.7
9098,TRK-1005,2026-06-22T04:16:05,33.043777,-80.581242,38.3
9099,TRK-1059,2026-06-22T04:16:18,34.264263,-75.324967,20.9
9100,TRK-1035,2026-06-22T04:18:27,32.428522,-76.888293,66.4
9101,TRK-1038,2026-06-22T04:31:39,36.042479,-80.867089,52.6
9102,TRK-1038,2026-06-22T04:41:59,33.327729,-84.496086,8.4
9103,TRK-1092,2026-06-22T04:52:21,33.713161,-84.238545,50.0
9104,TRK-1099,2026-06-22T04:52:49,32.458875,-79.02965,32.7
9105,TRK-1094,2026-06-22T04:57:23,35.782134,-78.665689,18.4
9106,TRK-1019,2026-06-22T05:14:15,36.134861,-82.826054,50.1
9107,TRK-1087,2026-06-22T05:30:44,36.938297,-79.321766,13.6
9108,TRK-1092,2026-06-22T05:40:15,34.607252,-75.886323,41.8
9109,TRK-1007,2026-06-22T05:48:47,33.356209,-80.795498,41.1
9110,TRK-1049,2026-06-22T06:10:12,36.956282,-76.74116,38.9
9111,TRK-1063,2026-06-22T06:33:26,32.575675,-76.955948,75.0
9112,TRK-1034,2026-06-22T06:42:33,32.62529,-78.407364,39.2
9113,TRK-1040,2026-06-22T06:48:10,35.80701,-80.256744,48.0
9114,TRK-1097,2026-06-22T06:51:34,36.9043,-80.30342,56.4
9115,TRK-1081,2026-06-22T07:04:48,33.632932,-75.242081,31.1
9116,TRK-1018,2026-06-22T07:54:47,32.326439,-80.397014,57.9
9117,TRK-1091,2026-06-22T08:51:03,33.90217,-76.837342,46.6
9118,TRK-1009,2026-06-22T08:58:33,33.648037,-76.514701,67.2
9119,TRK-1008,2026-06-22T09:00:52,33.313702,-78.737492,84.6
9120,TRK-1008,2026-06-22T09:04:38,36.980755,-81.419822,43.5
9121,TRK-1005,2026-06-22T09:26:12,35.352154,-75.297626,44.6
9122,TRK-1088,2026-06-22T09:39:27,33.370789,-78.659931,69.3
9123,TRK-1052,2026-06-22T09:46:47,32.273715,-79.756716,60.4
9124,TRK-1033,2026-06-22T09:52:19,35.994754,-75.468378,58.1
9125,TRK-1096,2026-06-22T10:08:50,35.256484,-77.188295,8.0
9126,TRK-1079,2026-06-22T10:19:46,32.585188,-80.363719,59.9
9127,TRK-1010,2026-06-22T10:46:05,33.49444,-78.206309,44.1
9128,TRK-1094,2026-06-22T11:00:56,32.958297,-81.194965,64.1
9129,TRK-1005,2026-06-22T11:04:29,36.130537,-81.422805,58.0
9130,TRK-1079,2026-06-22T11:24:50,33.368508,-75.487007,24.7
9131,TRK-1059,2026-06-22T11:49:19,34.746972,-77.317485,56.6
9132,TRK-1036,2026-06-22T11:58:08,36.74639,-76.519788,0.9
9133,TRK-1028,2026-06-22T12:03:40,35.309052,-79.553821,49.7
9134,TRK-1024,2026-06-22T12:06:16,35.664956,-82.667733,36.9
9135,TRK-1074,2026-06-22T12:08:28,36.269903,-77.166848,33.3
9136,TRK-1062,2026-06-22T12:26:11,33.124901,-77.751324,53.0
9137,TRK-1008,2026-06-22T13:11:54,36.561478,-75.949605,91.6
9138,TRK-1068,2026-06-22T13:19:51,33.224758,-81.622352,58.2
9139,TRK-1089,2026-06-22T13:28:12,34.946559,-75.325259,29.4
9140,TRK-1019,2026-06-22T13:29:16,32.386605,-80.630929,44.6
9141,TRK-1013,2026-06-22T13:50:52,32.258107,-75.045223,39.5
9142,TRK-1019,2026-06-22T13:51:34,34.475266,-83.319342,43.0
9143,TRK-1081,2026-06-22T14:02:34,35.522066,-80.879068,25.0
9144,TRK-1066,2026-06-22T14:14:13,35.154236,-76.933518,26.5
9145,TRK-1066,2026-06-22T14:27:11,36.641416,-83.588375,116.1
9146,TRK-1050,2026-06-22T14:29:43,32.927481,-77.514456,83.8
9147,TRK-1092,2026-06-22T14:39:46,32.692816,-78.700691,60.8
9148,TRK-1059,2026-06-22T14:41:42,34.062769,-81.634314,40.3
9149,TRK-1074,2026-06-22T14:42:06,34.255558,-80.621106,42.4
9150,TRK-1058,2026-06-22T14:53:38,34.894432,-83.284249,10.4
9151,TRK-1086,2026-06-22T14:58:14,36.065683,-83.732135,45.1
9152,TRK-1026,2026-06-22T15:07:29,35.475774,-79.099556,69.6
9153,TRK-1071,2026-06-22T15:10:10,32.670558,-83.230988,33.5
9154,TRK-1057,2026-06-22T15:19:42,34.770445,-80.838302,63.0
9155,TRK-1074,2026-06-22T15:40:39,34.14417,-79.374293,36.4
9156,TRK-1003,2026-06-22T15:46:53,33.715455,-77.59478,55.0
9157,TRK-1033,2026-06-22T15:53:49,34.057675,-82.465632,19.6
9158,TRK-1084,2026-06-22T16:04:42,36.8352,-76.418337,53.8
9159,TRK-1001,2026-06-22T16:07:12,34.323368,-83.030131,64.1
9160,TRK-1006,2026-06-22T16:14:18,34.749688,-79.418981,59.3
9161,TRK-1083,2026-06-22T16:17:27,35.989384,-81.341986,52.2
9162,TRK-1011,2026-06-22T16:35:10,33.179655,-82.515956,31.0
9163,TRK-1046,2026-06-22T16:47:11,32.15434,-83.750109,20.4
9164,TRK-1025,2026-06-22T16:47:28,33.001205,-81.0792,25.0
9165,TRK-1033,2026-06-22T17:06:49,33.467367,-79.986963,55.7
9166,TRK-1033,2026-06-22T17:13:38,35.724853,-79.360572,24.7
9167,TRK-1084,2026-06-22T17:19:30,36.714449,-75.600353,20.2
9168,TRK-1045,2026-06-22T17:22:41,34.701131,-82.184893,52.7
9169,TRK-1013,2026-06-22T17:52:32,33.814838,-81.711539,45.0
9170,TRK-1038,2026-06-22T18:01:58,36.388912,-83.265392,51.4
9171,TRK-1038,2026-06-22T18:05:00,33.215699,-81.896138,32.2
9172,TRK-1081,2026-06-22T18:29:35,32.959871,-79.826009,53.8
9173,TRK-1006,2026-06-22T18:33:46,34.607961,-77.292563,27.8
9174,TRK-1043,2026-06-22T18:39:44,35.985566,-79.539586,44.6
9175,TRK-1012,2026-06-22T18:40:21,33.51456,-78.710416,53.1
9176,TRK-1085,2026-06-22T18:42:03,34.855717,-76.691003,38.9
9177,TRK-1071,2026-06-22T18:55:44,34.965576,-81.705516,21.7
9178,TRK-1030,2026-06-22T19:00:02,36.984636,-78.24136,16.8
9179,TRK-1057,2026-06-22T19:02:30,32.407357,-80.706478,40.8
9180,TRK-1012,2026-06-22T19:12:26,33.374667,-80.51406,35.5
9181,TRK-1081,2026-06-22T19:19:43,34.358585,-81.698844,42.6
9182,TRK-1009,2026-06-22T19:29:50,32.051308,-77.335082,19.2
9183,TRK-1060,2026-06-22T20:03:01,32.321705,-81.574829,72.5
9184,TRK-1041,2026-06-22T20:07:33,34.770517,-84.131056,31.8
9185,TRK-1022,2026-06-22T20:11:17,32.204986,-76.53641,81.5
9186,TRK-1065,2026-06-22T20:20:10,34.580777,-75.825334,41.1
9187,TRK-1078,2026-06-22T20:22:33,34.955474,-84.270878,46.8
9188,TRK-1098,2026-06-22T20:28:15,32.89621,-76.019453,58.8
9189,TRK-1084,2026-06-22T20:34:43,33.934849,-77.776635,65.0
9190,TRK-1011,2026-06-22T20:41:26,33.799548,-82.95483,49.9
9191,TRK-1018,2026-06-22T21:07:46,33.964852,-81.943411,9.1
9192,TRK-1003,2026-06-22T21:27:42,35.556588,-76.731384,59.6
9193,TRK-1036,2026-06-22T21:46:56,33.843387,-80.099279,50.6
9194,TRK-1064,2026-06-22T22:13:53,33.840441,-81.818494,65.8
9195,TRK-1032,2026-06-22T22:14:30,32.441232,-82.635112,55.3
9196,TRK-1034,2026-06-22T22:14:36,33.172792,-79.411801,2.2
9197,TRK-1013,2026-06-22T22:49:57,36.811601,-81.725625,37.4
9198,TRK-1010,2026-06-22T23:37:09,34.39647,-80.472636,49.5
9199,TRK-1044,2026-06-23T00:07:17,32.527215,-81.611657,54.2
9200,TRK-1070,2026-06-23T00:19:47,33.809078,-79.715087,64.8
9201,TRK-1080,2026-06-23T00:46:14,32.007929,-80.492226,50.4
9202,TRK-1073,2026-06-23T01:04:22,32.328471,-75.683146,51.2
9203,TRK-1027,2026-06-23T01:08:29,36.431824,-76.232226,63.7
9204,TRK-1098,2026-06-23T01:10:56,34.03054,-79.818154,56.8
9205,TRK-1035,2026-06-23T01:17:43,34.907421,-83.94765,57.3
9206,TRK-1049,2026-06-23T02:13:06,33.69108,-76.137164,30.8
9207,TRK-1064,2026-06-23T02:27:55,32.617647,-77.02145,32.9
9208,TRK-1003,2026-06-23T02:35:52,33.125142,-83.87595,50.5
9209,TRK-1040,2026-06-23T02:41:17,33.612764,-79.787972,53.0
9210,TRK-1076,2026-06-23T02:51:16,33.136366,-80.419192,33.6
9211,TRK-1037,2026-06-23T02:55:17,32.581952,-75.734367,60.9
9212,TRK-1076,2026-06-23T03:04:07,33.365071,-84.36974,3.9
9213,TRK-1087,2026-06-23T03:25:13,34.053691,-78.577279,12.8
9214,TRK-1083,2026-06-23T03:26:17,34.20879,-77.367513,34.2
9215,TRK-1082,2026-06-23T04:20:03,36.133574,-82.499595,40.9
9216,TRK-1071,2026-06-23T04:21:32,33.350844,-80.940573,49.4
9217,TRK-1022,2026-06-23T04:30:39,35.537052,-77.435207,40.9
9218,TRK-1046,2026-06-23T04:33:20,34.713355,-76.109996,67.2
9219,TRK-1048,2026-06-23T04:34:04,35.886258,-78.05335,37.6
9220,TRK-1006,2026-06-23T04:36:29,34.406521,-78.544133,53.6
9221,TRK-1087,2026-06-23T05:00:23,32.147008,-78.157783,55.8
9222,TRK-1002,2026-06-23T05:09:39,35.323965,-81.256866,45.6
9223,TRK-1095,2026-06-23T05:20:56,33.466726,-78.533477,23.0
9224,TRK-1046,2026-06-23T05:31:29,32.921521,-77.088481,27.8
9225,TRK-1015,2026-06-23T05:35:48,33.566427,-83.034381,50.8
9226,TRK-1085,2026-06-23T05:56:14,32.74806,-77.750738,29.5
9227,TRK-1002,2026-06-23T06:10:30,36.916818,-84.03565,32.5
9228,TRK-1076,2026-06-23T06:22:13,32.778722,-82.743686,23.5
9229,TRK-1040,2026-06-23T06:30:57,33.859241,-81.877516,69.1
9230,TRK-1077,2026-06-23T06:33:22,36.935157,-80.3642,31.6
9231,TRK-1007,2026-06-23T06:48:49,33.208899,-83.939631,14.1
9232,TRK-1004,2026-06-23T06:49:14,33.049673,-83.651748,24.4
9233,TRK-1053,2026-06-23T06:59:24,36.281608,-77.808682,42.4
9234,TRK-1038,2026-06-23T07:03:23,34.599178,-81.330143,42.4
9235,TRK-1016,2026-06-23T07:24:37,36.021647,-81.420212,53.3
9236,TRK-1037,2026-06-23T07:25:05,32.238996,-79.941327,40.6
9237,TRK-1093,2026-06-23T07:46:36,32.073259,-82.316296,44.2
9238,TRK-1068,2026-06-23T07:49:40,33.788444,-84.373268,25.1
9239,TRK-1018,2026-06-23T07:56:09,32.702269,-78.009299,13.5
9240,TRK-1015,2026-06-23T08:10:21,35.806589,-82.123498,84.1
9241,TRK-1012,2026-06-23T08:27:28,33.567552,-84.326598,12.7
9242,TRK-1071,2026-06-23T08:38:44,36.06252,-80.696528,64.2
9243,TRK-1095,2026-06-23T08:47:13,32.589101,-77.285417,66.7
9244,TRK-1062,2026-06-23T08:59:21,35.604161,-84.289066,29.3
9245,TRK-1020,2026-06-23T09:05:36,36.44934,-84.499044,47.4
9246,TRK-1065,2026-06-23T09:25:18,36.303887,-84.256427,34.1
9247,TRK-1005,2026-06-23T09:46:47,34.997223,-83.21342,55.5
9248,TRK-1048,2026-06-23T09:58:01,33.015197,-77.30083,43.1
9249,TRK-1084,2026-06-23T10:14:19,35.098897,-78.719229,19.7
9250,TRK-1039,2026-06-23T10:15:14,34.332319,-75.027086,60.9
9251,TRK-1043,2026-06-23T10:18:39,35.167729,-79.447339,51.4
9252,TRK-1039,2026-06-23T10:24:33,36.925893,-82.053084,80.1
9253,TRK-1087,2026-06-23T10:32:48,34.825785,-76.3892,46.4
9254,TRK-1032,2026-06-23T10:38:06,34.327965,-75.523905,53.9
9255,TRK-1075,2026-06-23T10:38:28,35.276949,-84.446405,79.0
9256,TRK-1033,2026-06-23T10:39:48,32.570633,-76.627189,29.6
9257,TRK-1099,2026-06-23T10:40:15,33.703456,-81.475302,54.5
9258,TRK-1088,2026-06-23T10:42:39,34.973103,-80.845842,37.1
9259,TRK-1079,2026-06-23T10:46:07,36.864203,-81.451531,37.3
9260,TRK-1094,2026-06-23T11:00:40,32.881116,-79.243761,41.3
9261,TRK-1055,2026-06-23T11:01:18,33.505106,-79.429227,51.2
9262,TRK-1024,2026-06-23T11:18:19,33.134498,-82.567258,37.6
9263,TRK-1015,2026-06-23T11:21:02,33.11716,-77.647774,33.8
9264,TRK-1008,2026-06-23T11:56:42,33.576701,-77.912569,69.7
9265,TRK-1033,2026-06-23T12:14:45,33.980412,-82.015159,39.3
9266,TRK-1024,2026-06-23T12:31:42,36.869869,-78.905893,41.0
9267,TRK-1004,2026-06-23T12:56:49,36.771056,-82.824055,66.7
9268,TRK-1095,2026-06-23T13:12:28,36.199525,-81.328975,78.1
9269,TRK-1049,2026-06-23T13:18:53,36.443078,-78.079012,73.7
9270,TRK-1067,2026-06-23T13:52:08,34.539026,-78.685191,37.9
9271,TRK-1001,2026-06-23T14:11:58,33.452315,-78.55992,12.5
9272,TRK-1089,2026-06-23T14:20:27,36.490293,-77.218408,50.7
9273,TRK-1011,2026-06-23T14:27:43,36.444684,-84.236241,52.9
9274,TRK-1037,2026-06-23T14:40:48,32.331289,-78.019905,55.0
9275,TRK-1043,2026-06-23T15:09:39,33.556662,-75.115012,57.6
9276,TRK-1084,2026-06-23T15:11:10,34.380009,-81.938275,59.3
9277,TRK-1081,2026-06-23T15:25:59,35.198602,-78.759079,37.1
9278,TRK-1037,2026-06-23T15:31:04,35.004141,-81.003634,13.5
9279,TRK-1044,2026-06-23T15:37:54,36.164255,-79.906595,36.6
9280,TRK-1069,2026-06-23T15:43:29,33.704489,-81.686933,21.9
9281,TRK-1004,2026-06-23T15:48:04,35.528326,-81.854515,43.4
9282,TRK-1001,2026-06-23T15:53:39,36.904747,-77.930092,39.4
9283,TRK-1054,2026-06-23T15:56:27,36.572271,-75.667624,32.3
9284,TRK-1033,2026-06-23T16:47:37,36.552207,-76.287708,74.5
9285,TRK-1007,2026-06-23T16:54:20,35.03471,-79.553498,67.2
9286,TRK-1068,2026-06-23T17:08:07,32.473369,-83.490846,59.3
9287,TRK-1089,2026-06-23T17:08:08,35.481127,-82.267946,62.8
9288,TRK-1007,2026-06-23T17:09:48,35.553451,-82.516047,56.9
9289,TRK-1027,2026-06-23T17:56:20,34.294537,-78.556287,18.1
9290,TRK-1045,2026-06-23T18:05:55,33.159494,-77.375175,48.9
9291,TRK-1002,2026-06-23T18:24:32,34.283989,-82.723001,88.8
9292,TRK-1023,2026-06-23T18:28:13,35.22153,-76.582253,19.2
9293,TRK-1030,2026-06-23T18:31:02,33.08417,-82.920619,28.6
9294,TRK-1058,2026-06-23T19:09:54,35.51621,-78.339576,24.2
9295,TRK-1010,2026-06-23T19:12:28,33.716974,-77.348157,54.1
9296,TRK-1078,2026-06-23T19:25:56,33.04097,-83.253686,75.2
9297,TRK-1026,2026-06-23T19:29:51,33.330305,-81.853126,22.9
9298,TRK-1031,2026-06-23T19:52:07,36.317075,-76.588538,59.4
9299,TRK-1089,2026-06-23T20:29:35,32.089126,-81.514225,0.0
9300,TRK-1088,2026-06-23T20:34:04,35.313547,-83.633582,44.9
9301,TRK-1059,2026-06-23T20:45:03,34.293715,-82.107292,20.3
9302,TRK-1068,2026-06-23T20:54:28,34.49786,-80.725306,49.7
9303,TRK-1006,2026-06-23T20:59:48,36.473038,-77.253978,83.2
9304,TRK-1006,2026-06-23T21:02:22,34.915437,-79.110015,57.7
9305,TRK-1096,2026-06-23T21:05:16,35.724448,-78.137984,69.3
9306,TRK-1025,2026-06-23T21:24:27,34.905044,-75.57196,55.7
9307,TRK-1061,2026-06-23T21:35:46,35.728504,-76.222652,28.6
9308,TRK-1076,2026-06-23T22:26:57,33.440181,-81.205647,73.1
9309,TRK-1072,2026-06-23T22:47:46,35.331349,-75.713599,20.5
9310,TRK-1047,2026-06-23T22:51:59,34.955774,-76.541981,24.3
9311,TRK-1013,2026-06-23T22:58:40,33.922504,-79.301057,43.7
9312,TRK-1055,2026-06-23T23:05:31,34.615086,-83.95783,59.3
9313,TRK-1086,2026-06-23T23:34:56,33.27762,-77.945298,32.0
9314,TRK-1085,2026-06-23T23:45:28,34.839926,-84.017267,22.6
9315,TRK-1052,2026-06-23T23:58:36,34.881572,-82.913747,33.6
9316,TRK-1090,2026-06-24T00:06:09,35.629048,-77.734944,64.1
9317,TRK-1054,2026-06-24T00:11:19,34.702208,-80.977498,14.9
9318,TRK-1098,2026-06-24T00:25:05,35.255054,-84.178629,39.3
9319,TRK-1044,2026-06-24T00:56:36,33.429957,-75.323249,39.0
9320,TRK-1068,2026-06-24T01:23:51,35.017967,-81.319033,50.7
9321,TRK-1095,2026-06-24T01:50:10,34.472931,-80.85978,30.5
9322,TRK-1054,2026-06-24T01:55:14,32.906579,-83.232393,59.4
9323,TRK-1008,2026-06-24T02:21:39,35.190679,-75.468555,69.3
9324,TRK-1011,2026-06-24T02:23:31,32.570091,-77.792496,26.1
9325,TRK-1082,2026-06-24T02:44:32,35.707826,-78.815066,22.3
9326,TRK-1048,2026-06-24T02:51:18,35.597217,-76.008136,51.2
9327,TRK-1067,2026-06-24T02:54:42,34.31891,-81.962624,33.4
9328,TRK-1095,2026-06-24T02:56:18,35.100845,-78.464848,50.9
9329,TRK-1081,2026-06-24T03:09:33,32.915665,-83.273491,32.4
9330,TRK-1081,2026-06-24T03:24:59,32.875587,-76.665483,22.3
9331,TRK-1082,2026-06-24T03:29:14,34.540168,-80.316508,28.7
9332,TRK-1067,2026-06-24T03:47:00,36.167063,-76.148135,34.1
9333,TRK-1019,2026-06-24T03:57:17,35.239564,-83.293493,56.8
9334,TRK-1019,2026-06-24T04:43:57,36.396799,-83.621313,47.6
9335,TRK-1068,2026-06-24T04:44:42,33.584698,-77.546591,46.1
9336,TRK-1036,2026-06-24T04:50:38,34.615976,-80.144989,52.0
9337,TRK-1068,2026-06-24T04:57:27,35.204187,-76.543907,30.5
9338,TRK-1063,2026-06-24T05:07:27,36.156413,-76.168284,41.5
9339,TRK-1064,2026-06-24T05:17:23,32.101773,-77.451281,39.9
9340,TRK-1090,2026-06-24T05:32:03,34.780285,-84.319464,64.8
9341,TRK-1026,2026-06-24T05:47:05,32.559963,-77.850421,59.6
9342,TRK-1082,2026-06-24T05:52:53,32.20502,-79.978436,53.6
9343,TRK-1011,2026-06-24T05:55:24,35.287353,-75.87546,88.0
9344,TRK-1097,2026-06-24T06:17:44,35.318627,-82.523544,32.7
9345,TRK-1034,2026-06-24T06:19:16,33.811085,-78.167348,0.0
9346,TRK-1043,2026-06-24T06:43:08,36.082068,-80.050221,22.1
9347,TRK-1098,2026-06-24T07:07:18,35.990892,-76.919982,48.7
9348,TRK-1072,2026-06-24T07:10:51,32.712073,-84.392785,54.8
9349,TRK-1080,2026-06-24T07:30:30,33.500188,-80.101092,33.1
9350,TRK-1048,2026-06-24T07:40:59,32.941651,-84.152749,80.9
9351,TRK-1008,2026-06-24T07:51:38,36.748786,-83.790562,42.2
9352,TRK-1000,2026-06-24T08:37:24,35.345392,-78.538224,33.7
9353,TRK-1035,2026-06-24T08:41:44,34.032767,-79.957989,37.6
9354,TRK-1024,2026-06-24T08:43:52,33.448659,-80.025105,84.6
9355,TRK-1073,2026-06-24T08:51:54,32.141578,-79.079769,42.5
9356,TRK-1028,2026-06-24T08:57:42,32.490174,-81.320151,76.9
9357,TRK-1064,2026-06-24T09:08:03,33.57073,-75.604153,44.6
9358,TRK-1042,2026-06-24T09:10:32,35.199564,-75.097063,9.9
9359,TRK-1008,2026-06-24T09:10:37,36.898197,-82.314879,58.5
9360,TRK-1023,2026-06-24T09:27:26,36.194736,-75.594929,26.6
9361,TRK-1011,2026-06-24T10:01:34,32.262223,-78.520964,46.4
9362,TRK-1040,2026-06-24T10:07:16,36.685117,-79.523667,15.6
9363,TRK-1028,2026-06-24T10:21:59,36.604338,-79.896862,29.9
9364,TRK-1057,2026-06-24T10:28:10,33.329084,-75.48956,34.0
9365,TRK-1038,2026-06-24T10:38:46,36.209204,-82.066048,56.1
9366,TRK-1029,2026-06-24T10:42:07,34.106952,-78.471313,48.6
9367,TRK-1032,2026-06-24T10:44:45,35.934859,-84.31263,30.8
9368,TRK-1068,2026-06-24T10:50:18,34.492579,-76.147511,48.5
9369,TRK-1049,2026-06-24T10:52:26,34.410521,-84.468862,57.4
9370,TRK-1068,2026-06-24T10:53:55,36.892118,-76.495104,43.1
9371,TRK-1077,2026-06-24T11:03:36,34.668598,-77.232208,71.3
9372,TRK-1033,2026-06-24T11:06:12,33.15023,-75.253479,47.9
9373,TRK-1034,2026-06-24T11:11:16,34.998693,-81.824307,39.1
9374,TRK-1086,2026-06-24T11:11:30,36.440191,-80.115352,42.9
9375,TRK-1082,2026-06-24T11:14:01,33.012755,-78.174238,40.6
9376,TRK-1097,2026-06-24T11:28:05,35.468667,-75.08345,23.7
9377,TRK-1020,2026-06-24T11:37:36,34.912447,-76.723442,68.0
9378,TRK-1001,2026-06-24T11:50:34,36.706381,-76.809806,44.6
9379,TRK-1051,2026-06-24T11:55:22,35.900281,-81.572907,43.2
9380,TRK-1055,2026-06-24T12:17:47,36.758588,-78.848715,84.9
9381,TRK-1068,2026-06-24T12:30:56,34.774858,-82.983464,45.2
9382,TRK-1043,2026-06-24T12:34:47,35.196339,-81.873899,44.1
9383,TRK-1088,2026-06-24T12:49:51,32.803932,-75.450761,57.0
9384,TRK-1037,2026-06-24T13:06:28,33.803203,-79.956837,41.7
9385,TRK-1078,2026-06-24T13:31:25,32.266001,-76.287716,47.9
9386,TRK-1063,2026-06-24T13:40:55,36.91098,-81.28097,41.8
9387,TRK-1010,2026-06-24T14:06:53,36.336672,-81.088753,3.1
9388,TRK-1007,2026-06-24T14:33:11,34.080367,-75.477386,41.7
9389,TRK-1024,2026-06-24T14:45:40,32.931979,-75.151679,47.3
9390,TRK-1064,2026-06-24T14:45:41,33.266724,-83.202527,46.1
9391,TRK-1096,2026-06-24T14:47:35,32.540652,-83.022491,33.0
9392,TRK-1035,2026-06-24T15:06:15,36.495888,-77.614446,48.4
9393,TRK-1079,2026-06-24T15:14:42,32.378744,-78.858863,34.8
9394,TRK-1023,2026-06-24T15:18:08,32.68317,-75.778138,45.1
9395,TRK-1029,2026-06-24T15:27:48,35.347987,-77.741224,43.2
9396,TRK-1099,2026-06-24T15:40:11,35.184464,-83.939029,37.1
9397,TRK-1058,2026-06-24T15:47:18,34.83541,-81.100816,54.3
9398,TRK-1068,2026-06-24T15:55:14,34.895956,-83.896821,43.1
9399,TRK-1089,2026-06-24T16:06:51,36.599717,-80.461387,40.9
9400,TRK-1069,2026-06-24T16:06:54,36.840519,-75.451573,33.8
9401,TRK-1030,2026-06-24T16:17:07,33.192073,-81.974986,12.6
9402,TRK-1047,2026-06-24T16:50:56,34.368133,-79.542312,52.2
9403,TRK-1071,2026-06-24T16:52:11,34.441801,-81.43485,21.5
9404,TRK-1051,2026-06-24T16:53:07,32.013492,-80.970577,48.4
9405,TRK-1028,2026-06-24T17:04:55,33.073224,-82.83154,46.8
9406,TRK-1096,2026-06-24T17:12:56,35.594371,-75.939777,25.7
9407,TRK-1052,2026-06-24T17:16:40,35.319237,-80.19982,43.0
9408,TRK-1068,2026-06-24T17:44:10,35.951176,-80.622,54.3
9409,TRK-1096,2026-06-24T17:52:41,36.460159,-82.535536,61.1
9410,TRK-1034,2026-06-24T18:02:57,34.811826,-80.477478,0.0
9411,TRK-1032,2026-06-24T18:24:05,32.765942,-78.330404,35.2
9412,TRK-1068,2026-06-24T19:12:32,35.016737,-77.77717,31.2
9413,TRK-1005,2026-06-24T19:19:04,33.897731,-80.555171,35.8
9414,TRK-1070,2026-06-24T19:26:16,33.463714,-79.923449,52.8
9415,TRK-1013,2026-06-24T19:28:41,35.695574,-84.483812,32.2
9416,TRK-1048,2026-06-24T19:41:16,34.91272,-80.106571,43.8
9417,TRK-1050,2026-06-24T19:45:07,32.610373,-79.603724,21.1
9418,TRK-1027,2026-06-24T19:45:24,35.44667,-83.694534,33.3
9419,TRK-1095,2026-06-24T19:48:11,33.301069,-79.665872,42.7
9420,TRK-1001,2026-06-24T20:10:58,33.576645,-81.174297,48.2
9421,TRK-1029,2026-06-24T20:20:27,33.611227,-80.059699,27.8
9422,TRK-1048,2026-06-24T20:25:51,35.246065,-80.996948,5.4
9423,TRK-1020,2026-06-24T20:30:41,32.24564,-82.358869,48.0
9424,TRK-1093,2026-06-24T20:35:36,35.680226,-77.382205,28.9
9425,TRK-1062,2026-06-24T20:44:00,36.415146,-81.289425,57.2
9426,TRK-1032,2026-06-24T20:56:14,36.134455,-82.237718,25.2
9427,TRK-1075,2026-06-24T21:07:57,33.347381,-76.800097,93.9
9428,TRK-1056,2026-06-24T21:10:08,32.778381,-83.770276,73.6
9429,TRK-1046,2026-06-24T21:21:32,35.395715,-82.126569,42.0
9430,TRK-1052,2026-06-24T21:32:52,33.746539,-75.480776,49.1
9431,TRK-1086,2026-06-24T21:40:45,32.326077,-81.239769,54.4
9432,TRK-1003,2026-06-24T21:44:21,32.454747,-76.789276,26.7
9433,TRK-1097,2026-06-24T21:49:46,36.060032,-78.972266,13.1
9434,TRK-1013,2026-06-24T22:14:03,35.465556,-78.979235,66.0
9435,TRK-1014,2026-06-24T22:32:47,33.033766,-83.970949,37.2
9436,TRK-1020,2026-06-24T23:16:02,34.814778,-78.477962,49.2
9437,TRK-1022,2026-06-24T23:16:30,32.280822,-84.067931,22.6
9438,TRK-1055,2026-06-24T23:47:30,36.075687,-75.980597,33.1
9439,TRK-1045,2026-06-24T23:53:34,35.54527,-84.421671,40.1
9440,TRK-1050,2026-06-25T00:04:33,32.327583,-82.163884,25.1
9441,TRK-1060,2026-06-25T00:19:53,36.451433,-80.923291,43.6
9442,TRK-1011,2026-06-25T00:29:24,33.46121,-76.474609,31.6
9443,TRK-1045,2026-06-25T01:48:41,35.011615,-76.299144,27.9
9444,TRK-1068,2026-06-25T01:50:12,36.416032,-82.146039,27.5
9445,TRK-1073,2026-06-25T01:59:12,34.756444,-77.076865,43.9
9446,TRK-1003,2026-06-25T02:14:11,36.606867,-77.102543,55.2
9447,TRK-1028,2026-06-25T02:28:45,34.464701,-82.804718,65.0
9448,TRK-1027,2026-06-25T02:38:28,36.667166,-76.47072,34.9
9449,TRK-1045,2026-06-25T02:40:27,36.930558,-76.002862,43.7
9450,TRK-1009,2026-06-25T02:46:44,34.889778,-80.497328,87.4
9451,TRK-1057,2026-06-25T03:02:03,33.264986,-84.496589,52.0
9452,TRK-1062,2026-06-25T03:13:37,35.373296,-78.919226,31.0
9453,TRK-1010,2026-06-25T04:00:51,34.949097,-83.961955,55.0
9454,TRK-1017,2026-06-25T04:14:07,33.089506,-79.238288,41.6
9455,TRK-1023,2026-06-25T04:18:03,33.664774,-82.770164,51.7
9456,TRK-1020,2026-06-25T04:29:27,32.783773,-80.189814,76.6
9457,TRK-1060,2026-06-25T05:13:05,34.011957,-78.732322,40.7
9458,TRK-1008,2026-06-25T05:22:17,32.482356,-84.47064,48.0
9459,TRK-1099,2026-06-25T05:57:34,35.406521,-81.812373,47.6
9460,TRK-1060,2026-06-25T06:00:53,32.95685,-76.378826,58.4
9461,TRK-1000,2026-06-25T06:09:11,33.48033,-81.676779,22.8
9462,TRK-1071,2026-06-25T06:21:19,36.429979,-75.851579,29.3
9463,TRK-1017,2026-06-25T06:30:39,34.433221,-83.461685,52.6
9464,TRK-1054,2026-06-25T06:41:58,33.317946,-75.89741,59.3
9465,TRK-1097,2026-06-25T07:43:36,34.569685,-82.226787,28.8
9466,TRK-1075,2026-06-25T07:58:38,36.232937,-83.799537,22.5
9467,TRK-1031,2026-06-25T08:21:59,33.720181,-81.138087,3.4
9468,TRK-1010,2026-06-25T08:39:17,34.69294,-82.073895,13.9
9469,TRK-1063,2026-06-25T08:51:54,34.805378,-82.278377,45.9
9470,TRK-1019,2026-06-25T09:05:34,35.159589,-78.803675,70.3
9471,TRK-1047,2026-06-25T09:09:49,34.142812,-75.018172,75.0
9472,TRK-1026,2026-06-25T09:26:34,33.898275,-75.820577,60.4
9473,TRK-1066,2026-06-25T10:08:36,32.15796,-76.173392,27.8
9474,TRK-1037,2026-06-25T10:14:17,33.165399,-83.305942,65.6
9475,TRK-1066,2026-06-25T10:34:05,35.975266,-82.220611,56.9
9476,TRK-1036,2026-06-25T10:36:36,32.448067,-82.699641,38.9
9477,TRK-1075,2026-06-25T10:37:38,32.431802,-82.259542,79.7
9478,TRK-1061,2026-06-25T10:44:23,34.390651,-84.248639,22.4
9479,TRK-1057,2026-06-25T11:07:32,33.319777,-82.578546,26.2
9480,TRK-1029,2026-06-25T11:10:32,36.622698,-79.049039,42.7
9481,TRK-1047,2026-06-25T11:14:05,33.486119,-76.095868,27.0
9482,TRK-1073,2026-06-25T11:18:00,36.288487,-77.418921,42.3
9483,TRK-1012,2026-06-25T11:27:33,36.485059,-77.536419,44.2
9484,TRK-1082,2026-06-25T11:40:18,32.19777,-79.134186,48.3
9485,TRK-1031,2026-06-25T11:46:13,36.043214,-76.704078,54.4
9486,TRK-1061,2026-06-25T11:55:09,36.82925,-79.002842,79.9
9487,TRK-1098,2026-06-25T11:58:30,33.502517,-79.271459,44.7
9488,TRK-1048,2026-06-25T12:03:51,32.659934,-75.927421,55.1
9489,TRK-1030,2026-06-25T12:05:06,36.248607,-83.922666,73.0
9490,TRK-1000,2026-06-25T12:20:56,36.504445,-79.112313,39.6
9491,TRK-1092,2026-06-25T12:24:56,33.627298,-75.732419,52.9
9492,TRK-1009,2026-06-25T12:44:31,33.943045,-75.461118,35.5
9493,TRK-1041,2026-06-25T12:45:31,34.561404,-83.216857,57.3
9494,TRK-1002,2026-06-25T12:58:47,33.280031,-79.16821,47.1
9495,TRK-1098,2026-06-25T13:23:31,35.56617,-80.420647,45.8
9496,TRK-1060,2026-06-25T13:32:54,33.393303,-77.045671,36.5
9497,TRK-1041,2026-06-25T13:34:16,34.883596,-83.975362,49.0
9498,TRK-1099,2026-06-25T13:49:52,35.338849,-76.390101,48.8
9499,TRK-1053,2026-06-25T14:15:46,36.146132,-83.169293,45.0
9500,TRK-1031,2026-06-25T14:19:38,36.727146,-75.893525,36.7
9501,TRK-1072,2026-06-25T14:25:11,33.675169,-78.581724,21.2
9502,TRK-1053,2026-06-25T14:30:44,35.188193,-76.125879,45.2
9503,TRK-1095,2026-06-25T14:39:13,35.257341,-80.806303,63.3
9504,TRK-1039,2026-06-25T14:44:24,35.208918,-76.489485,60.6
9505,TRK-1073,2026-06-25T14:45:45,35.792872,-80.938998,17.2
9506,TRK-1066,2026-06-25T14:59:45,32.762152,-75.741139,47.9
9507,TRK-1087,2026-06-25T15:04:49,33.641128,-79.913924,84.3
9508,TRK-1077,2026-06-25T15:10:43,33.413773,-79.252185,41.2
9509,TRK-1056,2026-06-25T15:15:05,35.9685,-83.909868,61.2
9510,TRK-1028,2026-06-25T15:19:29,34.263251,-78.486249,44.2
9511,TRK-1046,2026-06-25T15:46:08,35.099344,-81.443219,44.9
9512,TRK-1000,2026-06-25T16:15:26,33.995284,-79.979747,49.3
9513,TRK-1019,2026-06-25T16:22:58,33.838189,-81.752554,2.2
9514,TRK-1009,2026-06-25T16:23:57,36.47725,-82.643281,54.9
9515,TRK-1041,2026-06-25T16:27:59,32.823187,-75.185569,84.4
9516,TRK-1018,2026-06-25T16:28:20,36.781517,-78.810894,29.5
9517,TRK-1020,2026-06-25T16:33:32,35.19587,-84.233148,27.0
9518,TRK-1096,2026-06-25T17:59:42,32.52321,-81.89243,26.9
9519,TRK-1064,2026-06-25T18:12:04,34.417156,-79.362304,53.9
9520,TRK-1032,2026-06-25T18:12:51,33.541993,-75.381072,25.1
9521,TRK-1051,2026-06-25T18:17:58,34.593588,-82.894934,37.6
9522,TRK-1062,2026-06-25T19:01:36,33.940683,-76.619535,15.8
9523,TRK-1019,2026-06-25T19:44:29,35.979451,-75.558785,42.7
9524,TRK-1088,2026-06-25T19:53:34,32.596223,-80.444124,33.8
9525,TRK-1043,2026-06-25T20:46:20,33.564589,-81.757807,84.6
9526,TRK-1049,2026-06-25T20:53:29,35.042661,-82.291935,3.2
9527,TRK-1052,2026-06-25T20:55:35,34.066288,-78.237385,53.8
9528,TRK-1096,2026-06-25T21:01:50,33.970965,-81.600297,43.5
9529,TRK-1045,2026-06-25T21:14:33,32.683107,-79.63522,62.3
9530,TRK-1045,2026-06-25T21:30:23,32.473484,-76.55052,65.2
9531,TRK-1009,2026-06-25T21:38:08,36.581304,-80.348281,28.5
9532,TRK-1034,2026-06-25T21:50:03,33.590793,-84.130062,34.5
9533,TRK-1003,2026-06-25T22:07:37,34.878514,-78.010433,60.4
9534,TRK-1048,2026-06-25T22:26:09,33.301717,-82.878588,47.5
9535,TRK-1093,2026-06-25T22:26:43,33.685939,-76.004165,53.6
9536,TRK-1069,2026-06-25T22:37:30,33.218097,-83.255416,55.8
9537,TRK-1041,2026-06-25T22:44:05,34.711503,-76.815745,74.1
9538,TRK-1065,2026-06-25T23:24:58,34.669145,-79.574296,39.6
9539,TRK-1066,2026-06-25T23:29:57,33.736314,-77.70377,46.5
9540,TRK-1081,2026-06-25T23:45:53,32.126473,-77.086299,52.3
9541,TRK-1098,2026-06-25T23:47:54,35.746048,-80.17075,39.4
9542,TRK-1087,2026-06-25T23:50:58,33.190978,-77.312151,25.8
9543,TRK-1021,2026-06-25T23:52:34,36.831109,-76.047545,23.7
9544,TRK-1091,2026-06-25T23:55:05,32.891672,-75.352083,63.7
9545,TRK-1045,2026-06-25T23:58:13,33.537768,-75.170462,77.4
9546,TRK-1004,2026-06-26T00:33:11,34.080176,-76.774472,63.0
9547,TRK-1036,2026-06-26T01:05:31,36.40567,-83.037345,51.2
9548,TRK-1055,2026-06-26T01:12:37,32.207844,-76.677456,49.3
9549,TRK-1094,2026-06-26T01:20:55,36.038733,-81.603487,42.4
9550,TRK-1097,2026-06-26T01:31:00,36.281768,-79.850188,41.1
9551,TRK-1025,2026-06-26T01:35:48,36.182119,-82.106909,73.7
9552,TRK-1030,2026-06-26T01:48:26,32.519025,-84.057365,7.4
9553,TRK-1000,2026-06-26T01:52:14,36.974652,-79.383011,46.2
9554,TRK-1078,2026-06-26T02:00:15,33.684287,-78.843963,44.8
9555,TRK-1049,2026-06-26T02:46:44,33.512674,-78.207591,46.3
9556,TRK-1089,2026-06-26T02:51:19,34.354585,-83.300085,69.5
9557,TRK-1056,2026-06-26T02:57:23,33.175618,-83.647911,20.1
9558,TRK-1019,2026-06-26T03:08:27,36.610774,-78.276304,54.3
9559,TRK-1070,2026-06-26T03:09:39,32.814434,-81.954646,53.2
9560,TRK-1099,2026-06-26T03:13:32,36.666029,-81.494603,58.5
9561,TRK-1033,2026-06-26T03:27:27,32.950533,-76.835488,69.1
9562,TRK-1038,2026-06-26T03:30:18,33.8306,-81.248328,60.3
9563,TRK-1084,2026-06-26T03:30:20,34.369077,-75.742665,22.6
9564,TRK-1060,2026-06-26T03:34:31,36.534512,-80.912034,36.4
9565,TRK-1012,2026-06-26T03:41:23,34.698813,-80.391737,32.5
9566,TRK-1036,2026-06-26T04:10:48,35.476512,-83.621452,45.2
9567,TRK-1026,2026-06-26T04:13:56,35.856702,-77.18453,41.5
9568,TRK-1077,2026-06-26T04:46:43,32.010976,-83.609042,39.1
9569,TRK-1078,2026-06-26T05:02:38,33.618511,-80.878078,29.4
9570,TRK-1053,2026-06-26T05:03:59,35.520211,-77.05305,20.5
9571,TRK-1005,2026-06-26T05:07:27,36.630743,-81.618483,25.7
9572,TRK-1007,2026-06-26T05:07:43,35.164843,-80.29958,30.9
9573,TRK-1025,2026-06-26T05:19:07,36.481003,-77.710382,33.4
9574,TRK-1022,2026-06-26T05:22:59,32.988645,-80.067111,59.7
9575,TRK-1065,2026-06-26T05:43:30,33.099804,-77.490283,72.4
9576,TRK-1041,2026-06-26T06:01:09,32.37381,-83.516809,11.8
9577,TRK-1060,2026-06-26T06:29:33,32.675,-81.772959,47.7
9578,TRK-1083,2026-06-26T06:55:25,35.015209,-80.875845,41.1
9579,TRK-1012,2026-06-26T07:05:19,34.090924,-76.123049,24.7
9580,TRK-1089,2026-06-26T07:13:09,33.301721,-82.607182,47.1
9581,TRK-1050,2026-06-26T07:22:42,33.552985,-81.81106,72.7
9582,TRK-1046,2026-06-26T07:32:53,33.32361,-82.55672,48.2
9583,TRK-1054,2026-06-26T07:45:21,32.157611,-79.657751,90.8
9584,TRK-1044,2026-06-26T07:45:33,36.927645,-80.181539,43.3
9585,TRK-1060,2026-06-26T07:50:17,34.608833,-81.502668,41.5
9586,TRK-1091,2026-06-26T07:51:23,32.099474,-83.775771,63.5
9587,TRK-1031,2026-06-26T07:54:19,34.898915,-83.335626,51.1
9588,TRK-1048,2026-06-26T07:54:27,33.005099,-75.563219,52.4
9589,TRK-1052,2026-06-26T08:10:11,32.810567,-83.892716,47.3
9590,TRK-1094,2026-06-26T08:13:33,33.368834,-77.489174,37.7
9591,TRK-1001,2026-06-26T08:24:43,35.486083,-75.466268,41.2
9592,TRK-1060,2026-06-26T08:36:56,34.883606,-80.642568,13.9
9593,TRK-1076,2026-06-26T08:37:34,32.059861,-77.66321,42.1
9594,TRK-1019,2026-06-26T08:43:29,36.262424,-75.407806,73.1
9595,TRK-1030,2026-06-26T09:39:21,32.714266,-79.314587,50.0
9596,TRK-1060,2026-06-26T09:53:31,32.467275,-81.651654,1.9
9597,TRK-1001,2026-06-26T10:20:55,34.269262,-77.521573,38.3
9598,TRK-1088,2026-06-26T10:33:30,36.494226,-77.936471,28.5
9599,TRK-1016,2026-06-26T11:01:40,34.419424,-82.062138,56.3
9600,TRK-1030,2026-06-26T11:43:26,35.107119,-77.845859,58.0
9601,TRK-1019,2026-06-26T11:50:16,34.962565,-81.320072,14.8
9602,TRK-1056,2026-06-26T11:52:18,32.579347,-82.333097,60.1
9603,TRK-1068,2026-06-26T11:58:07,35.730983,-77.878122,49.4
9604,TRK-1035,2026-06-26T12:02:53,34.488067,-76.024024,36.6
9605,TRK-1061,2026-06-26T12:17:55,35.638593,-81.482003,51.5
9606,TRK-1028,2026-06-26T12:19:03,34.345634,-82.531037,69.0
9607,TRK-1072,2026-06-26T12:26:33,34.90525,-78.699515,35.7
9608,TRK-1081,2026-06-26T12:34:32,35.61427,-75.011942,72.3
9609,TRK-1030,2026-06-26T12:59:22,33.515947,-76.20258,48.5
9610,TRK-1062,2026-06-26T13:13:13,36.815455,-77.645065,64.6
9611,TRK-1083,2026-06-26T13:42:49,33.870372,-76.176743,19.9
9612,TRK-1088,2026-06-26T13:49:35,35.933287,-82.629103,16.3
9613,TRK-1052,2026-06-26T13:51:13,33.525992,-78.071062,58.1
9614,TRK-1019,2026-06-26T13:52:05,33.891125,-79.686819,45.5
9615,TRK-1019,2026-06-26T14:04:00,35.041197,-82.966528,17.8
9616,TRK-1005,2026-06-26T14:47:33,36.798679,-78.527397,0.8
9617,TRK-1088,2026-06-26T15:00:06,32.291617,-76.764121,55.2
9618,TRK-1012,2026-06-26T15:05:06,35.64492,-78.640737,45.8
9619,TRK-1087,2026-06-26T15:14:14,36.083612,-83.04773,34.0
9620,TRK-1083,2026-06-26T15:24:25,35.852377,-81.269506,79.0
9621,TRK-1085,2026-06-26T15:29:22,36.592866,-76.107086,63.2
9622,TRK-1012,2026-06-26T15:31:23,36.729743,-79.16003,67.1
9623,TRK-1077,2026-06-26T15:33:55,32.350388,-77.927451,29.1
9624,TRK-1079,2026-06-26T15:59:36,34.643473,-75.506214,48.3
9625,TRK-1082,2026-06-26T16:30:20,34.488653,-81.171718,59.4
9626,TRK-1015,2026-06-26T16:31:47,32.301225,-79.006202,50.3
9627,TRK-1087,2026-06-26T17:12:05,35.244854,-77.210207,66.6
9628,TRK-1072,2026-06-26T17:20:54,33.325093,-79.524291,40.0
9629,TRK-1035,2026-06-26T17:22:29,36.537787,-84.331267,38.2
9630,TRK-1027,2026-06-26T17:32:15,32.594036,-80.939691,27.7
9631,TRK-1040,2026-06-26T17:34:13,34.225216,-76.173914,38.7
9632,TRK-1003,2026-06-26T17:55:58,34.396805,-76.098691,15.0
9633,TRK-1033,2026-06-26T18:00:35,34.448128,-78.435859,52.7
9634,TRK-1096,2026-06-26T18:04:37,32.50896,-75.379045,59.6
9635,TRK-1052,2026-06-26T18:07:33,32.444031,-75.368001,37.1
9636,TRK-1098,2026-06-26T18:38:59,34.556843,-79.318494,31.4
9637,TRK-1004,2026-06-26T18:39:48,34.205858,-79.352153,65.7
9638,TRK-1082,2026-06-26T19:13:11,34.490499,-79.230886,63.1
9639,TRK-1042,2026-06-26T19:32:45,33.089634,-81.915482,18.2
9640,TRK-1000,2026-06-26T19:35:13,36.238325,-77.705385,55.9
9641,TRK-1043,2026-06-26T20:00:40,34.507586,-75.736243,30.3
9642,TRK-1084,2026-06-26T20:02:42,33.507276,-81.610088,2.0
9643,TRK-1081,2026-06-26T20:03:31,32.074058,-78.996266,57.5
9644,TRK-1042,2026-06-26T20:31:37,32.344886,-78.986799,64.1
9645,TRK-1011,2026-06-26T20:56:48,32.487337,-78.971145,39.9
9646,TRK-1034,2026-06-26T20:57:53,36.656677,-76.803496,33.8
9647,TRK-1004,2026-06-26T21:20:11,35.390377,-83.321566,31.4
9648,TRK-1082,2026-06-26T21:40:23,35.283432,-81.879664,37.8
9649,TRK-1035,2026-06-26T21:50:25,36.301429,-76.043452,24.2
9650,TRK-1022,2026-06-26T21:50:56,36.546461,-78.262502,39.0
9651,TRK-1090,2026-06-26T21:56:06,33.748816,-78.485672,57.6
9652,TRK-1094,2026-06-26T22:25:06,33.92754,-81.166538,90.9
9653,TRK-1048,2026-06-26T22:25:44,34.011556,-77.40253,44.3
9654,TRK-1085,2026-06-26T23:16:18,33.947341,-79.690845,46.2
9655,TRK-1031,2026-06-26T23:52:05,35.723062,-75.697735,40.1
9656,TRK-1062,2026-06-26T23:56:12,34.218635,-75.436902,56.6
9657,TRK-1030,2026-06-26T23:59:35,32.266515,-81.049878,55.6
9658,TRK-1042,2026-06-27T00:15:32,33.045785,-82.160867,35.2
9659,TRK-1079,2026-06-27T00:17:50,36.014346,-77.763222,5.8
9660,TRK-1074,2026-06-27T00:34:59,32.992454,-76.588611,74.6
9661,TRK-1006,2026-06-27T00:45:33,33.927611,-78.41669,16.3
9662,TRK-1040,2026-06-27T00:46:20,34.97409,-84.282343,47.5
9663,TRK-1051,2026-06-27T00:48:47,35.540749,-82.215949,65.2
9664,TRK-1019,2026-06-27T01:06:29,34.293489,-83.370958,41.6
9665,TRK-1058,2026-06-27T01:09:28,34.266737,-83.518549,34.4
9666,TRK-1060,2026-06-27T01:24:13,34.065145,-75.16865,52.2
9667,TRK-1040,2026-06-27T01:29:06,36.340297,-80.945527,31.3
9668,TRK-1055,2026-06-27T01:37:34,33.406097,-77.387459,56.8
9669,TRK-1002,2026-06-27T02:08:31,33.746398,-78.599834,52.1
9670,TRK-1048,2026-06-27T02:19:32,35.442961,-79.913958,41.1
9671,TRK-1055,2026-06-27T02:38:01,32.161906,-80.262119,34.0
9672,TRK-1058,2026-06-27T02:40:22,34.981365,-78.26322,43.5
9673,TRK-1060,2026-06-27T02:47:25,35.094278,-77.025804,41.3
9674,TRK-1053,2026-06-27T02:58:46,34.449511,-79.69744,28.7
9675,TRK-1075,2026-06-27T03:21:42,35.197507,-83.834854,87.6
9676,TRK-1075,2026-06-27T03:49:01,34.105635,-78.472551,42.7
9677,TRK-1012,2026-06-27T04:59:12,35.321977,-75.206808,98.9
9678,TRK-1062,2026-06-27T05:02:23,33.599189,-81.945549,31.3
9679,TRK-1012,2026-06-27T05:07:03,35.835447,-80.510787,31.3
9680,TRK-1055,2026-06-27T05:20:16,33.288719,-76.085315,36.0
9681,TRK-1005,2026-06-27T05:28:50,35.396306,-79.291083,13.1
9682,TRK-1087,2026-06-27T05:31:42,35.870922,-83.894585,27.5
9683,TRK-1019,2026-06-27T05:47:14,35.281222,-80.202888,58.8
9684,TRK-1002,2026-06-27T06:08:16,35.298304,-78.081793,35.7
9685,TRK-1036,2026-06-27T06:09:31,33.24655,-80.956062,31.4
9686,TRK-1037,2026-06-27T06:12:07,32.934299,-79.453048,73.4
9687,TRK-1007,2026-06-27T06:24:23,33.872634,-76.642418,64.1
9688,TRK-1048,2026-06-27T06:49:24,35.618387,-79.819859,33.3
9689,TRK-1077,2026-06-27T06:57:36,36.552823,-83.463196,45.9
9690,TRK-1082,2026-06-27T07:02:04,34.629759,-83.862691,64.9
9691,TRK-1047,2026-06-27T07:09:12,33.265895,-77.264772,47.2
9692,TRK-1029,2026-06-27T07:09:15,33.550757,-81.092893,48.3
9693,TRK-1042,2026-06-27T07:10:59,35.029249,-83.064964,61.5
9694,TRK-1043,2026-06-27T07:41:43,35.161209,-84.304404,0.0
9695,TRK-1026,2026-06-27T08:03:26,35.366855,-83.044532,60.4
9696,TRK-1015,2026-06-27T08:35:52,35.815101,-75.382241,64.4
9697,TRK-1036,2026-06-27T08:35:59,36.015584,-81.542607,57.5
9698,TRK-1045,2026-06-27T08:44:11,33.549856,-81.754127,19.2
9699,TRK-1072,2026-06-27T08:48:22,33.52003,-81.728823,46.1
9700,TRK-1095,2026-06-27T09:00:33,32.622398,-75.339811,32.5
9701,TRK-1000,2026-06-27T09:01:42,36.284122,-82.446393,40.8
9702,TRK-1026,2026-06-27T09:32:28,33.176131,-84.083869,34.1
9703,TRK-1066,2026-06-27T09:47:55,32.015382,-80.7757,30.5
9704,TRK-1064,2026-06-27T09:51:40,35.33869,-75.513439,67.2
9705,TRK-1016,2026-06-27T10:01:00,34.235925,-80.111117,5.2
9706,TRK-1019,2026-06-27T10:19:25,33.674449,-78.854441,36.8
9707,TRK-1099,2026-06-27T10:22:34,35.663317,-79.79527,40.7
9708,TRK-1036,2026-06-27T10:27:04,34.066135,-79.856276,60.8
9709,TRK-1016,2026-06-27T10:27:30,33.035876,-79.052466,15.7
9710,TRK-1076,2026-06-27T10:39:01,36.317686,-75.945272,64.9
9711,TRK-1095,2026-06-27T10:43:45,35.824215,-76.028928,61.6
9712,TRK-1025,2026-06-27T10:44:03,32.286745,-77.100578,10.3
9713,TRK-1056,2026-06-27T11:06:12,36.97155,-83.316674,42.4
9714,TRK-1018,2026-06-27T11:21:29,36.739068,-79.000059,67.9
9715,TRK-1026,2026-06-27T11:23:20,34.645066,-79.759717,50.6
9716,TRK-1066,2026-06-27T11:48:30,33.647916,-81.150912,45.5
9717,TRK-1070,2026-06-27T11:53:29,34.33724,-77.442863,18.4
9718,TRK-1002,2026-06-27T12:32:13,35.38931,-79.169961,44.6
9719,TRK-1042,2026-06-27T12:57:12,35.146103,-75.943514,75.2
9720,TRK-1041,2026-06-27T13:06:18,35.416245,-75.164473,14.0
9721,TRK-1097,2026-06-27T13:29:14,36.257016,-79.990559,32.5
9722,TRK-1011,2026-06-27T13:29:21,35.76572,-76.029787,33.2
9723,TRK-1012,2026-06-27T13:42:37,33.814633,-80.358528,31.9
9724,TRK-1012,2026-06-27T13:48:16,35.782405,-82.037963,57.3
9725,TRK-1044,2026-06-27T13:52:38,33.412714,-78.02841,33.9
9726,TRK-1020,2026-06-27T14:02:10,35.815956,-76.881276,76.5
9727,TRK-1022,2026-06-27T14:09:24,34.10344,-75.769939,28.7
9728,TRK-1072,2026-06-27T14:27:55,32.20816,-78.094187,61.1
9729,TRK-1053,2026-06-27T14:30:14,32.490978,-78.562011,15.1
9730,TRK-1036,2026-06-27T14:39:09,35.038168,-76.744171,67.8
9731,TRK-1013,2026-06-27T14:41:53,32.2693,-75.420994,31.8
9732,TRK-1098,2026-06-27T14:50:03,33.768779,-75.961212,35.1
9733,TRK-1023,2026-06-27T14:54:48,36.423048,-76.357219,15.7
9734,TRK-1075,2026-06-27T15:06:02,35.786678,-82.779936,73.4
9735,TRK-1069,2026-06-27T15:34:03,34.981852,-82.551414,60.3
9736,TRK-1013,2026-06-27T15:38:11,34.002748,-77.843536,0.0
9737,TRK-1083,2026-06-27T15:46:33,34.957205,-78.727297,57.1
9738,TRK-1010,2026-06-27T15:49:52,35.931335,-76.231417,62.5
9739,TRK-1053,2026-06-27T16:05:31,35.098658,-83.198993,71.9
9740,TRK-1064,2026-06-27T16:15:03,32.981852,-79.258621,31.1
9741,TRK-1014,2026-06-27T16:40:35,33.997649,-76.541302,75.6
9742,TRK-1024,2026-06-27T16:57:05,33.024879,-80.482289,81.0
9743,TRK-1029,2026-06-27T17:06:53,34.160535,-75.887108,44.2
9744,TRK-1060,2026-06-27T17:17:38,34.321232,-76.42626,49.0
9745,TRK-1008,2026-06-27T17:23:58,36.030384,-82.565108,6.9
9746,TRK-1052,2026-06-27T17:26:30,32.838666,-83.886188,33.4
9747,TRK-1054,2026-06-27T17:27:42,34.347206,-77.321684,36.8
9748,TRK-1046,2026-06-27T17:58:15,34.21298,-77.57411,43.9
9749,TRK-1058,2026-06-27T18:07:30,33.360725,-83.040944,43.3
9750,TRK-1011,2026-06-27T18:24:08,33.774569,-84.409796,52.9
9751,TRK-1032,2026-06-27T18:36:56,32.084638,-81.360646,29.6
9752,TRK-1080,2026-06-27T19:02:15,34.966044,-84.159437,59.6
9753,TRK-1040,2026-06-27T19:19:31,35.914863,-77.436473,61.7
9754,TRK-1065,2026-06-27T19:25:30,36.814913,-77.701632,43.2
9755,TRK-1006,2026-06-27T19:27:30,34.400639,-77.671861,18.0
9756,TRK-1032,2026-06-27T19:38:42,35.935603,-83.0259,38.5
9757,TRK-1080,2026-06-27T19:38:46,36.887683,-78.615716,15.7
9758,TRK-1009,2026-06-27T19:43:13,33.701786,-77.059166,50.6
9759,TRK-1091,2026-06-27T19:45:42,35.269528,-79.348403,27.2
9760,TRK-1080,2026-06-27T20:10:06,35.930533,-77.495629,29.2
9761,TRK-1076,2026-06-27T20:15:30,36.949878,-81.253431,34.1
9762,TRK-1061,2026-06-27T20:38:07,35.107735,-77.006936,63.2
9763,TRK-1027,2026-06-27T20:38:45,36.505421,-78.850904,29.7
9764,TRK-1018,2026-06-27T20:45:44,35.638766,-83.750646,26.6
9765,TRK-1002,2026-06-27T21:42:45,35.408868,-80.54759,14.4
9766,TRK-1020,2026-06-27T21:44:27,34.943997,-81.825943,61.4
9767,TRK-1095,2026-06-27T21:56:55,36.878783,-82.366544,38.5
9768,TRK-1023,2026-06-27T21:58:12,35.998182,-81.153116,0.0
9769,TRK-1069,2026-06-27T21:58:17,36.779237,-76.554013,26.1
9770,TRK-1001,2026-06-27T22:24:09,32.865147,-76.528887,22.6
9771,TRK-1010,2026-06-27T22:26:07,34.494308,-81.065074,29.3
9772,TRK-1012,2026-06-27T22:36:13,35.90743,-83.299092,55.9
9773,TRK-1013,2026-06-27T22:38:40,32.434035,-82.847646,51.5
9774,TRK-1043,2026-06-27T22:50:03,35.767278,-80.118755,31.6
9775,TRK-1028,2026-06-27T22:58:17,34.027579,-77.886841,39.7
9776,TRK-1025,2026-06-27T22:59:23,32.405664,-75.087439,71.0
9777,TRK-1055,2026-06-27T23:08:12,35.825422,-76.012836,68.7
9778,TRK-1034,2026-06-27T23:38:57,33.516094,-83.646088,31.4
9779,TRK-1017,2026-06-28T00:09:32,32.493292,-77.036412,8.4
9780,TRK-1080,2026-06-28T00:36:35,34.658034,-81.755708,34.4
9781,TRK-1008,2026-06-28T01:16:25,35.334377,-77.645076,50.8
9782,TRK-1032,2026-06-28T01:34:06,36.536809,-79.191866,20.5
9783,TRK-1031,2026-06-28T02:00:41,32.62351,-75.793266,52.3
9784,TRK-1096,2026-06-28T02:01:08,33.18022,-81.023882,84.6
9785,TRK-1072,2026-06-28T02:13:49,34.567315,-75.615154,26.7
9786,TRK-1043,2026-06-28T02:18:36,35.577416,-78.435043,49.8
9787,TRK-1054,2026-06-28T02:32:57,33.536456,-80.522322,40.0
9788,TRK-1076,2026-06-28T02:34:18,32.822468,-84.140581,18.1
9789,TRK-1041,2026-06-28T02:38:03,35.75628,-79.896185,68.2
9790,TRK-1088,2026-06-28T02:45:42,35.836997,-79.760667,47.2
9791,TRK-1004,2026-06-28T02:46:01,34.346317,-83.804968,5.4
9792,TRK-1056,2026-06-28T02:56:17,33.769261,-79.225273,38.4
9793,TRK-1047,2026-06-28T02:57:59,35.932339,-77.333482,52.3
9794,TRK-1013,2026-06-28T03:01:52,36.920408,-76.651511,37.4
9795,TRK-1076,2026-06-28T03:10:07,32.897274,-75.512326,17.6
9796,TRK-1016,2026-06-28T03:14:49,33.934249,-82.578267,25.1
9797,TRK-1021,2026-06-28T03:20:41,34.41807,-81.250296,70.1
9798,TRK-1070,2026-06-28T03:34:41,33.878147,-76.162292,47.6
9799,TRK-1068,2026-06-28T03:43:59,33.52453,-76.803999,44.4
9800,TRK-1045,2026-06-28T04:01:22,36.766418,-78.572116,21.1
9801,TRK-1018,2026-06-28T04:17:57,32.978276,-78.494973,86.6
9802,TRK-1071,2026-06-28T04:26:43,32.6158,-79.502184,34.0
9803,TRK-1046,2026-06-28T04:28:50,32.444947,-78.200389,59.7
9804,TRK-1041,2026-06-28T04:40:20,32.775074,-76.769136,46.6
9805,TRK-1014,2026-06-28T05:06:51,36.160845,-75.653193,51.0
9806,TRK-1009,2026-06-28T05:11:30,32.339188,-77.339413,32.5
9807,TRK-1071,2026-06-28T05:23:09,32.113984,-78.599717,0.0
9808,TRK-1099,2026-06-28T05:24:20,36.479089,-81.991223,44.6
9809,TRK-1083,2026-06-28T05:38:02,36.957319,-75.632077,43.6
9810,TRK-1010,2026-06-28T05:58:28,32.150963,-79.321161,24.0
9811,TRK-1070,2026-06-28T05:59:05,33.742864,-82.231639,13.6
9812,TRK-1080,2026-06-28T06:05:54,32.043882,-78.029149,63.0
9813,TRK-1004,2026-06-28T07:20:18,32.760354,-84.27115,38.3
9814,TRK-1085,2026-06-28T07:41:47,36.294646,-81.473249,45.6
9815,TRK-1019,2026-06-28T07:51:16,32.230948,-81.721601,27.1
9816,TRK-1008,2026-06-28T07:56:35,34.389481,-77.639266,26.3
9817,TRK-1069,2026-06-28T08:02:51,36.629084,-75.705165,74.8
9818,TRK-1006,2026-06-28T08:18:57,36.381686,-82.447931,49.1
9819,TRK-1034,2026-06-28T08:25:44,34.511337,-80.890741,52.2
9820,TRK-1093,2026-06-28T08:28:52,36.519025,-81.607336,38.9
9821,TRK-1028,2026-06-28T08:31:42,35.330863,-80.059092,28.4
9822,TRK-1036,2026-06-28T08:51:46,35.358249,-76.215366,40.4
9823,TRK-1089,2026-06-28T09:13:55,34.228731,-76.926619,37.4
9824,TRK-1035,2026-06-28T09:18:17,34.283649,-83.018191,43.2
9825,TRK-1074,2026-06-28T09:27:30,34.147628,-75.945149,32.1
9826,TRK-1039,2026-06-28T09:28:51,33.982942,-81.231095,2.9
9827,TRK-1029,2026-06-28T10:03:11,36.14046,-79.954427,43.9
9828,TRK-1013,2026-06-28T10:07:30,33.338782,-81.749257,64.6
9829,TRK-1031,2026-06-28T10:24:40,35.958433,-76.771594,43.1
9830,TRK-1072,2026-06-28T10:27:51,33.62878,-77.455839,63.6
9831,TRK-1095,2026-06-28T10:49:45,33.144476,-81.040675,25.4
9832,TRK-1064,2026-06-28T11:12:05,36.866765,-75.156824,40.2
9833,TRK-1072,2026-06-28T11:44:12,35.66702,-80.504444,83.4
9834,TRK-1021,2026-06-28T11:47:08,35.676845,-82.154451,61.7
9835,TRK-1089,2026-06-28T11:56:33,33.47584,-82.388129,59.7
9836,TRK-1018,2026-06-28T12:06:10,34.388847,-83.217506,61.2
9837,TRK-1019,2026-06-28T12:11:24,32.123232,-75.299049,35.6
9838,TRK-1010,2026-06-28T12:43:35,33.933616,-82.950206,60.7
9839,TRK-1044,2026-06-28T12:45:51,33.593712,-78.190664,46.1
9840,TRK-1014,2026-06-28T12:56:32,32.546636,-84.343053,19.6
9841,TRK-1077,2026-06-28T12:58:02,34.883839,-82.310348,31.6
9842,TRK-1081,2026-06-28T13:04:00,33.417452,-80.224152,37.5
9843,TRK-1045,2026-06-28T13:12:10,34.243371,-82.552179,23.9
9844,TRK-1062,2026-06-28T13:39:12,35.345324,-76.034352,56.1
9845,TRK-1002,2026-06-28T13:41:42,36.409173,-80.405415,9.9
9846,TRK-1019,2026-06-28T13:45:52,33.755344,-82.054307,43.2
9847,TRK-1036,2026-06-28T14:00:06,36.349143,-82.183878,36.0
9848,TRK-1030,2026-06-28T14:03:55,35.396093,-81.294822,46.6
9849,TRK-1003,2026-06-28T14:06:21,34.172937,-75.328171,72.8
9850,TRK-1047,2026-06-28T14:37:43,33.265122,-82.941028,14.4
9851,TRK-1011,2026-06-28T15:24:15,32.773019,-81.623669,29.3
9852,TRK-1044,2026-06-28T15:42:33,32.956155,-82.162218,9.1
9853,TRK-1090,2026-06-28T15:58:17,34.730587,-83.698998,50.2
9854,TRK-1004,2026-06-28T16:04:16,35.136061,-78.930494,74.2
9855,TRK-1024,2026-06-28T16:07:43,33.616238,-78.021003,41.8
9856,TRK-1085,2026-06-28T16:12:37,36.453859,-75.708119,68.4
9857,TRK-1038,2026-06-28T16:16:16,32.918499,-83.569443,68.4
9858,TRK-1044,2026-06-28T16:19:27,34.349237,-77.337552,56.8
9859,TRK-1026,2026-06-28T16:22:36,33.465303,-83.080284,10.4
9860,TRK-1047,2026-06-28T16:40:10,32.998046,-82.4137,49.3
9861,TRK-1032,2026-06-28T16:57:54,34.267246,-81.288161,25.1
9862,TRK-1071,2026-06-28T17:11:48,35.58669,-81.332041,34.0
9863,TRK-1031,2026-06-28T17:22:40,35.453461,-75.671602,69.8
9864,TRK-1061,2026-06-28T17:35:07,34.117032,-83.107688,33.4
9865,TRK-1045,2026-06-28T17:57:23,35.822535,-83.025693,81.1
9866,TRK-1094,2026-06-28T18:51:35,35.28168,-81.780004,10.1
9867,TRK-1080,2026-06-28T19:01:48,32.720312,-81.436948,61.3
9868,TRK-1064,2026-06-28T19:13:11,35.818064,-75.678887,54.0
9869,TRK-1078,2026-06-28T19:50:58,36.985883,-76.727179,49.7
9870,TRK-1032,2026-06-28T19:53:48,36.21523,-80.035923,26.5
9871,TRK-1065,2026-06-28T20:00:26,36.188512,-80.492706,19.6
9872,TRK-1047,2026-06-28T20:04:24,34.52612,-77.561651,26.4
9873,TRK-1065,2026-06-28T20:13:27,36.371133,-83.233956,65.1
9874,TRK-1073,2026-06-28T20:49:29,36.357622,-77.264959,61.2
9875,TRK-1014,2026-06-28T21:06:37,34.153467,-77.410291,76.2
9876,TRK-1026,2026-06-28T21:20:15,33.248449,-81.283594,32.9
9877,TRK-1083,2026-06-28T21:20:45,32.50367,-82.294032,43.4
9878,TRK-1005,2026-06-28T21:26:03,36.683405,-77.042728,51.5
9879,TRK-1020,2026-06-28T21:51:09,34.154937,-75.384645,39.4
9880,TRK-1048,2026-06-28T21:51:26,35.111582,-80.440404,19.1
9881,TRK-1079,2026-06-28T21:54:08,32.149743,-83.294605,40.6
9882,TRK-1000,2026-06-28T21:59:09,33.660195,-76.045425,47.4
9883,TRK-1046,2026-06-28T22:32:16,32.351066,-77.171304,40.3
9884,TRK-1030,2026-06-28T22:42:55,35.952562,-75.054781,51.2
9885,TRK-1090,2026-06-28T23:08:45,36.288304,-77.872347,49.0
9886,TRK-1066,2026-06-28T23:11:51,35.234177,-79.321998,69.8
9887,TRK-1018,2026-06-28T23:16:00,33.976204,-82.903054,27.5
9888,TRK-1004,2026-06-28T23:27:54,32.432778,-81.342897,57.9
9889,TRK-1052,2026-06-28T23:44:23,35.136316,-81.109173,37.1
9890,TRK-1048,2026-06-28T23:47:07,35.83311,-77.190457,45.8
9891,TRK-1072,2026-06-29T00:13:08,34.89793,-76.58177,39.2
9892,TRK-1003,2026-06-29T00:13:45,32.188453,-77.891325,56.4
9893,TRK-1020,2026-06-29T00:48:42,34.844776,-84.27395,51.6
9894,TRK-1031,2026-06-29T00:48:52,33.422079,-78.882281,39.9
9895,TRK-1042,2026-06-29T00:49:42,34.496418,-78.016647,52.8
9896,TRK-1019,2026-06-29T00:53:31,34.561726,-75.800869,34.0
9897,TRK-1083,2026-06-29T01:15:57,36.650838,-79.479709,66.8
9898,TRK-1006,2026-06-29T01:56:15,34.654096,-83.62764,44.1
9899,TRK-1030,2026-06-29T02:04:32,35.899316,-84.477092,32.1
9900,TRK-1070,2026-06-29T02:12:32,32.924503,-82.135452,55.3
9901,TRK-1062,2026-06-29T02:18:23,36.349218,-79.962434,16.5
9902,TRK-1058,2026-06-29T02:46:18,33.246474,-83.886231,30.9
9903,TRK-1011,2026-06-29T02:50:15,35.56161,-75.115388,41.0
9904,TRK-1023,2026-06-29T03:41:52,34.127554,-76.026134,41.6
9905,TRK-1045,2026-06-29T03:48:15,34.560024,-78.778541,26.2
9906,TRK-1087,2026-06-29T04:00:19,32.091748,-75.651164,42.7
9907,TRK-1071,2026-06-29T04:12:52,36.457502,-79.703103,29.7
9908,TRK-1055,2026-06-29T04:14:09,32.623836,-82.956684,48.1
9909,TRK-1068,2026-06-29T04:33:05,32.778245,-83.517162,44.6
9910,TRK-1080,2026-06-29T04:33:41,34.006176,-82.310004,65.6
9911,TRK-1086,2026-06-29T05:09:29,35.451737,-80.773734,38.7
9912,TRK-1002,2026-06-29T05:13:50,34.29191,-80.122357,26.6
9913,TRK-1038,2026-06-29T05:23:00,34.475556,-77.897981,85.2
9914,TRK-1058,2026-06-29T05:41:18,33.259754,-77.460101,24.9
9915,TRK-1040,2026-06-29T06:25:58,34.993472,-76.71088,38.8
9916,TRK-1081,2026-06-29T06:46:24,34.476093,-77.373457,58.5
9917,TRK-1056,2026-06-29T06:59:10,32.767007,-83.989124,0.0
9918,TRK-1015,2026-06-29T07:04:09,35.531452,-75.988753,80.8
9919,TRK-1031,2026-06-29T07:15:14,35.708452,-77.26224,52.8
9920,TRK-1099,2026-06-29T08:06:46,33.190857,-81.958967,35.0
9921,TRK-1076,2026-06-29T08:07:35,36.997173,-81.614466,24.2
9922,TRK-1072,2026-06-29T08:07:59,34.677042,-80.619362,28.1
9923,TRK-1054,2026-06-29T08:42:42,34.915213,-80.328312,19.7
9924,TRK-1070,2026-06-29T08:59:43,32.233604,-81.572759,2.6
9925,TRK-1085,2026-06-29T09:08:59,32.523067,-79.032717,49.0
9926,TRK-1006,2026-06-29T09:25:55,33.494217,-83.61292,48.1
9927,TRK-1027,2026-06-29T09:33:03,32.472736,-83.999219,71.5
9928,TRK-1065,2026-06-29T09:38:08,32.634458,-79.213922,32.5
9929,TRK-1081,2026-06-29T09:52:47,36.401632,-82.604918,68.7
9930,TRK-1041,2026-06-29T10:00:45,35.418428,-81.577695,14.4
9931,TRK-1027,2026-06-29T10:10:17,36.514306,-76.558255,13.2
9932,TRK-1091,2026-06-29T10:22:16,36.075311,-84.481615,12.5
9933,TRK-1023,2026-06-29T10:49:16,36.237886,-77.247174,41.4
9934,TRK-1094,2026-06-29T10:58:18,36.870464,-81.015603,74.0
9935,TRK-1094,2026-06-29T11:09:33,36.1141,-82.402026,67.6
9936,TRK-1024,2026-06-29T11:11:13,33.199875,-80.077997,37.6
9937,TRK-1064,2026-06-29T11:30:46,36.380146,-78.432718,40.6
9938,TRK-1035,2026-06-29T11:31:33,34.345198,-82.707085,58.3
9939,TRK-1062,2026-06-29T11:40:45,33.619734,-83.357791,87.6
9940,TRK-1000,2026-06-29T11:58:31,35.478634,-78.940441,7.2
9941,TRK-1034,2026-06-29T12:01:06,36.49952,-76.43912,40.0
9942,TRK-1090,2026-06-29T12:36:14,36.743679,-82.065264,39.6
9943,TRK-1005,2026-06-29T12:37:05,34.146607,-75.410381,43.4
9944,TRK-1036,2026-06-29T12:37:22,36.910988,-83.227781,39.7
9945,TRK-1069,2026-06-29T13:27:49,33.608274,-81.364435,31.4
9946,TRK-1027,2026-06-29T13:29:27,36.932262,-77.957574,39.0
9947,TRK-1053,2026-06-29T13:37:24,34.340439,-79.123502,65.4
9948,TRK-1096,2026-06-29T13:45:03,34.580885,-81.568827,31.4
9949,TRK-1076,2026-06-29T13:54:50,33.661404,-81.251396,28.8
9950,TRK-1071,2026-06-29T13:54:58,36.235016,-83.711691,51.4
9951,TRK-1001,2026-06-29T14:03:57,36.795303,-79.317986,17.2
9952,TRK-1005,2026-06-29T14:26:36,34.119932,-78.060433,37.9
9953,TRK-1078,2026-06-29T15:12:11,35.505037,-76.188644,39.9
9954,TRK-1014,2026-06-29T15:15:13,35.991181,-76.393663,24.0
9955,TRK-1012,2026-06-29T15:15:34,35.600447,-83.652239,25.1
9956,TRK-1060,2026-06-29T15:17:35,33.089209,-78.846325,21.3
9957,TRK-1054,2026-06-29T15:24:20,33.259374,-83.707671,36.3
9958,TRK-1030,2026-06-29T15:28:55,36.317516,-76.957478,49.3
9959,TRK-1064,2026-06-29T15:37:28,34.012901,-78.498991,25.8
9960,TRK-1010,2026-06-29T15:43:47,36.34684,-76.264251,45.1
9961,TRK-1033,2026-06-29T16:32:08,36.174911,-78.823351,51.6
9962,TRK-1092,2026-06-29T16:34:27,33.270551,-75.904783,50.9
9963,TRK-1058,2026-06-29T16:41:41,32.517991,-77.963739,21.6
9964,TRK-1059,2026-06-29T17:00:09,36.780225,-82.829011,29.5
9965,TRK-1027,2026-06-29T17:01:54,33.945073,-76.807083,59.1
9966,TRK-1071,2026-06-29T17:04:16,32.672754,-75.060321,34.0
9967,TRK-1001,2026-06-29T17:21:47,36.162148,-76.365456,37.2
9968,TRK-1007,2026-06-29T17:27:56,36.056207,-78.084705,42.0
9969,TRK-1099,2026-06-29T17:36:38,32.089706,-81.641427,63.3
9970,TRK-1073,2026-06-29T17:38:35,34.657354,-79.26127,35.4
9971,TRK-1018,2026-06-29T17:59:48,33.492822,-77.89023,36.9
9972,TRK-1081,2026-06-29T18:23:34,35.813252,-80.624773,17.7
9973,TRK-1018,2026-06-29T19:05:05,35.693022,-76.724799,35.6
9974,TRK-1003,2026-06-29T19:07:17,32.977755,-75.318857,31.6
9975,TRK-1006,2026-06-29T19:25:03,34.898376,-79.292299,47.4
9976,TRK-1026,2026-06-29T19:30:12,36.993674,-79.887841,21.1
9977,TRK-1060,2026-06-29T19:38:25,33.326223,-75.767814,46.6
9978,TRK-1097,2026-06-29T19:45:01,32.398344,-80.582296,43.4
9979,TRK-1030,2026-06-29T20:14:09,35.530635,-76.796278,55.2
9980,TRK-1089,2026-06-29T20:25:18,35.158958,-84.454805,16.0
9981,TRK-1063,2026-06-29T20:28:26,35.419989,-76.856611,48.2
9982,TRK-1057,2026-06-29T20:37:41,35.650917,-79.534064,80.3
9983,TRK-1092,2026-06-29T20:39:53,33.423332,-80.937804,44.9
9984,TRK-1041,2026-06-29T20:43:43,36.382599,-79.011061,22.3
9985,TRK-1017,2026-06-29T20:53:21,33.95804,-81.789543,47.6
9986,TRK-1047,2026-06-29T21:02:05,32.593769,-76.994604,57.3
9987,TRK-1033,2026-06-29T21:11:51,32.509465,-78.696536,34.8
9988,TRK-1026,2026-06-29T21:53:33,32.670197,-75.749761,58.4
9989,TRK-1023,2026-06-29T22:30:26,33.412995,-82.722942,46.5
9990,TRK-1030,2026-06-29T22:32:04,32.642934,-79.269829,47.1
9991,TRK-1023,2026-06-29T22:32:18,34.923895,-82.344542,14.6
9992,TRK-1038,2026-06-29T22:44:22,36.43748,-75.33439,31.6
9993,TRK-1075,2026-06-29T22:50:31,33.419111,-81.264559,37.1
9994,TRK-1055,2026-06-29T22:55:28,35.201026,-79.441571,44.9
9995,TRK-1033,2026-06-29T23:05:33,35.998483,-77.093543,42.9
9996,TRK-1063,2026-06-29T23:07:13,33.788694,-82.201413,37.3
9997,TRK-1099,2026-06-29T23:29:30,35.428673,-79.723744,58.0
9998,TRK-1065,2026-06-29T23:40:43,34.520597,-78.29436,43.5
9999,TRK-1047,2026-06-29T23:46:45,33.460835,-79.071413,50.6
10000,TRK-1015,2026-06-29T23:54:40,35.26371,-75.517316,48.1
