customer_id,customer_name,crm_state,mailing_address,mailing_city
100001,Scott LLC,GA,1989 David Corner,Port Julieside
100002,Morgan-Ruiz,VA,33692 Ashley Squares,New Loganberg
100003,"Norton, Newman and Brown",NC,107 Thompson Via,New Juliechester
100004,"Sullivan, Nichols and Bowen",FL,254 Bates Ridges Suite 254,Cindyshire
100005,"Snow, Cook and Arnold",VA,11030 Alex Route,West Jacobton
100006,Wright-Smith,SC,73473 Miller Trail Apt. 999,Stanleybury
100007,Thomas-Martinez,NC,0113 Frank Plain Suite 563,Hardyside
100008,Wise-Rowland,NC,47436 Copeland Forks Apt. 353,Port Connie
100009,"Waters, Esparza and Harmon",GA,596 Sonia Row Apt. 396,Greenside
100010,Evans-Carter,VA,8167 Alexander Canyon,Lake Jason
100011,Frederick-Diaz,GA,53791 Ross Walks,North Brian
100012,"Jones, Cross and Osborn",FL,172 Daniel Freeway,New Kevin
100013,"Carpenter, Stout and Powell",SC,092 Flores Prairie Suite 859,Dickersonburgh
100014,Ramirez-Moore,NC,788 Kenneth Fort Suite 296,Port James
100015,"Byrd, Barnes and Schmitt",NC,02190 Smith Forges,West Tinatown
100016,Boyd PLC,GA,19675 Ellis Turnpike Suite 245,Burnsview
100017,Harvey-Bowman,SC,714 Joel Locks Apt. 962,Lisafort
100018,Murphy PLC,SC,5685 Tran Plains Apt. 577,Wrightmouth
100019,"Hudson, Black and Holder",NC,0574 Wilson Forge,Ginatown
100020,"Rhodes, Morgan and Hooper",GA,72322 Tran Coves Suite 070,North Eric
100021,Peters and Sons,NC,2744 Johnson Port,New Michele
100022,"Jimenez, Maxwell and Wilson",NC,905 Fletcher Island Apt. 731,Donaldview
100023,Fox-Smith,FL,0724 Hardy Village,Lake Lauraville
100024,Rogers Inc,SC,9143 Melissa Forges,North Larrymouth
100025,Davis-Crawford,NC,900 Simpson Mission,Kimberlychester
100026,Tucker-Martinez,GA,7984 Cindy Plains Suite 562,Stephanieborough
100027,"Long, Benson and Williams",SC,950 Jeffrey Circle Apt. 778,Port Michaelmouth
100028,"Santiago, Green and Hampton",FL,2370 Barnes Park Suite 188,Andreashire
100029,Smith-Weiss,TN,9885 Schneider Port,Monicabury
100030,Daniels-Miller,NC,72220 Anderson Mount Suite 112,Port Timothyberg
100031,Bradshaw PLC,GA,3964 Mcdonald Course Suite 573,Julieborough
100032,Davidson Group,TN,17007 Jacqueline Ramp Apt. 007,South Kellyborough
100033,Navarro Group,NC,25750 Brown Ridges Apt. 871,Deborahview
100034,Leach Ltd,VA,783 Bowers Islands,Wongbury
100035,Anderson Group,VA,069 Henderson Brooks,North Dustin
100036,"Boyer, Thomas and Larson",VA,40616 Thompson Ways,Johnburgh
100037,"Brown, Weaver and Owens",NC,55932 Thomas Motorway Apt. 580,Lake Donnafort
100038,Williams Group,SC,2787 Rodriguez Tunnel Suite 250,New Margaret
100039,Rush PLC,VA,98448 Rogers Port,Carolynburgh
100040,"Long, Hobbs and Howard",NC,881 Erickson Rest Apt. 048,Port Vincentfurt
100041,"Schaefer, Downs and Garcia",NC,692 Nicole Drive,New Tim
100042,"Peterson, Dalton and Allen",NC,04544 Jennifer Branch Apt. 964,Lake Margaret
100043,Mack-Rivera,VA,656 Joshua Courts,Port Destinyberg
100044,Russell-Torres,FL,63818 Todd Crest Apt. 298,West Cheyenne
100045,Mayo and Sons,NC,912 Deborah Streets Suite 657,West Margaret
100046,Frazier Inc,TN,88359 Karen Ranch Suite 440,Jenkinsstad
100047,"Fitzpatrick, Guerrero and Hayes",NC,69360 Mckenzie Landing,Ethanview
100048,Sanchez LLC,VA,46182 Garrett Curve Apt. 787,Matthewsborough
100049,"Zamora, Hale and Rodriguez",GA,1640 Kim Ford,Jamieview
100050,"Garcia, Edwards and Green",SC,114 Thomas Island,Lake Laurashire
100051,"Burke, Boyer and Jones",NC,123 Smith Crossing Apt. 451,Lake Richard
100052,Jackson Group,GA,02359 Lewis Spurs,Annmouth
100053,"Hamilton, Maddox and Hansen",GA,4557 Cynthia Overpass,Lake Chelseahaven
100054,"Ferguson, Austin and Davidson",VA,4594 Charles Overpass Apt. 351,Woodsburgh
100055,Parks-Brown,NC,53146 Klein Junctions,North Dianabury
100056,Green-Nguyen,VA,28811 Jennifer Spring Suite 096,Moniqueview
100057,Cabrera Group,FL,7624 Gregory Light Suite 579,Adamsmouth
100058,Francis-Perez,NC,51386 Estes Junctions Suite 083,New Heidibury
100059,Gomez-Tapia,NC,335 Tamara Divide Apt. 301,Heathermouth
100060,Mullen-Hendricks,NC,54280 Todd Trace Apt. 155,Harrisport
100061,"Davis, Morgan and Hale",GA,492 Jeffrey Road Suite 275,Wheelerberg
100062,"Lewis, Miller and Pratt",NC,3133 Martin Mills Apt. 711,Port Richardside
100063,"Hernandez, Griffith and Shepherd",SC,0599 Jonathan Fort,North Brenda
100064,Cohen Ltd,NC,73388 Williams Coves,Lake Catherine
100065,Young-Hutchinson,NC,4831 Gutierrez Harbor,New Regina
100066,Mcclure-Lee,NC,121 Bobby Island Apt. 335,South Sarahtown
100067,Jacobs-Sanchez,GA,14211 Megan Alley Suite 729,Lake Karenshire
100068,Leach-Logan,NC,8261 George Prairie Apt. 917,Colemanberg
100069,Davis Inc,GA,8881 Elizabeth Hills Apt. 307,New Angelaside
100070,Murray-Burke,GA,846 Lee Camp,Penaburgh
100071,"Thompson, Reed and Caldwell",VA,3682 Jessica Row,Beckstad
100072,Ramirez Group,TN,709 Henry Rapids Suite 037,West Denisechester
100073,Daniels-Smith,SC,84007 Smith Pines,Davidview
100074,Moore-Watson,NC,0664 Allen Road Apt. 852,Traceymouth
100075,"Baker, Hurley and Gonzalez",NC,8701 Miller Expressway,Alexandriaburgh
100076,Watson-Bernard,NC,469 Bailey Points Apt. 971,Lake Davidstad
100077,Carter Ltd,GA,8722 Christina Row,Hensleyport
100078,"Ramos, Hall and Carpenter",FL,902 Green Radial,Nicholasborough
100079,Spencer PLC,NC,3015 Newman Isle Apt. 248,West Valerieland
100080,"Pittman, Ward and Singh",NC,867 Valerie Causeway Suite 038,Harperside
100081,King LLC,NC,6020 Cantu Streets Apt. 080,Andreafort
100082,Murray-Chavez,SC,015 Little Trail Apt. 279,New Angelabury
100083,"Yoder, Young and Gibbs",FL,0566 Charles Pike,Juliechester
100084,Davis Group,VA,9296 Burgess Estates Apt. 353,Lisafurt
100085,Hanson-Mendoza,NC,0652 Grant Ville Suite 180,Lake Elijah
100086,"Garcia, Newman and Rivera",NC,48575 Stone Inlet Apt. 588,Lake Aaronburgh
100087,Fox-Andrews,NC,890 Torres Springs,North Frederick
100088,Craig-Cox,NC,886 Christopher Rapids,Samuelbury
100089,Watson-Harrell,TN,267 Miller Run,North Angelicaberg
100090,Walker Group,NC,1473 May Neck,Jessicaview
100091,"Cooper, Smith and Vaughn",VA,89648 Dorsey Wall,West Baileyside
100092,"Bailey, Rasmussen and Ramos",NC,1589 Davis Cliff Suite 121,Hortonfurt
100093,"Thomas, Jones and Ramirez",NC,87874 William Gateway Suite 194,Jeremyshire
100094,Ewing-Todd,NC,1302 Lee Burg,Port Jonathanborough
100095,Santana and Sons,FL,224 Brandy Walk,Hamiltonstad
100096,"Contreras, Wright and Chen",NC,963 Davis Islands Apt. 614,New Dannyside
100097,"White, Moody and Matthews",SC,35920 Brooke Cliffs,Carterberg
100098,Berry Inc,NC,3870 Garcia Square,Lake Ericland
100099,Ellis-Rivera,GA,131 Reynolds Curve,Gloverside
100100,Williams Inc,NC,53660 Miller Plain,Marshallton
100101,Collins-Meyer,SC,36412 Garrett Vista,Crosbyfurt
100102,Palmer-Mason,TN,73656 Huynh Manors,Port Corey
100103,"Thompson, Cook and Herrera",NC,58883 Rose Grove,Kevinborough
100104,"Miller, Young and Carson",SC,3714 Jamie Lock Suite 352,Dixonmouth
100105,"Lopez, Whitaker and Lopez",NC,1952 Johnson Crest,Port Nathanview
100106,Patel-Clark,NC,276 Miles Burg,Port Josephville
100107,Bell-Henson,TN,2069 Nicole Passage,North Charles
100108,Aguilar Inc,GA,32024 Barber Square,West Williamchester
100109,"Johnson, Martin and Shah",NC,91761 Parker Motorway Suite 411,Michaelshire
100110,Gonzalez Inc,VA,7528 Rhodes Field Apt. 764,Barryside
100111,Ruiz LLC,SC,1622 Elizabeth Ways Apt. 954,Wyattborough
100112,Gardner-Hunter,VA,0470 Susan Canyon Suite 909,New Tiffany
100113,"Hill, Richards and Cox",NC,16573 Davila Drives,Lake Cameronport
100114,Cardenas-Garcia,SC,3953 Johnson Court Apt. 115,Port Donnatown
100115,Ellis LLC,GA,654 Timothy Throughway Suite 125,Derrickville
100116,Perez Group,NC,45184 Bradley Neck Suite 551,North Susan
100117,"Schneider, Clark and Johnson",FL,503 Deborah Stravenue Apt. 388,Moralesland
100118,Ray-Graham,SC,2553 Miller Avenue Apt. 299,Geoffreyville
100119,"Harrell, White and Fields",SC,06177 Hobbs Hollow,Cookton
100120,"Castaneda, Livingston and Lee",NC,107 Patrick Stream,New Meganville
100121,Miller Inc,NC,3997 Wright Radial Apt. 575,New Lisa
100122,Edwards Group,NC,57535 Christine Garden,Walkershire
100123,Fischer Group,VA,312 Wong Burgs Apt. 853,West Raymond
100124,"Johnson, Harris and Harris",NC,504 Travis Run Suite 609,Port Katrinaberg
100125,"Pratt, Jordan and Miles",GA,425 Raymond Parks Suite 212,Lake Stevenfort
100126,Norman PLC,TN,1555 Burgess Burgs,New Sarah
100127,Atkinson-Bean,SC,29654 Wood Greens Apt. 278,Lake Susan
100128,Robinson-Garcia,NC,858 Davis Court Apt. 287,New Terri
100129,"Griffin, Munoz and Guerra",NC,61299 Mark Avenue,Cookburgh
100130,Smith-Hunter,NC,044 Nelson Mall,Williamsshire
100131,Woods Ltd,VA,509 Lopez Walks,Danielburgh
100132,Garcia Ltd,GA,39552 Amy Landing Suite 339,Kennethport
100133,Dixon and Sons,NC,5240 Samantha Vista,New Meganhaven
100134,"Carter, Faulkner and Leonard",FL,89749 Cole Stravenue,North Kaitlynton
100135,Bishop-Sullivan,GA,58318 Joseph Circle,East Michael
100136,Wilson-Woodward,TN,01382 Ford Plaza,West Tiffany
100137,Garcia and Sons,NC,27642 Jones Camp Apt. 437,Jessetown
100138,"Wilson, Cooper and Smith",GA,651 Kayla Views Suite 064,Brianstad
100139,Taylor and Sons,FL,9129 Anne Garden,New Andreborough
100140,Garcia LLC,NC,2717 Jones Junctions Suite 102,Christinaside
100141,Burton-Smith,NC,693 Oliver Canyon,South Jamie
100142,Jimenez Inc,SC,8397 Marshall Junction Suite 277,Kathrynside
100143,Smith Ltd,NC,1440 Scott Neck Apt. 703,New Justintown
100144,"Howell, Davis and Ortiz",SC,3672 Garcia Fields Apt. 297,Bairdbury
100145,Cook Ltd,TN,73190 Smith Brooks,Myershaven
100146,"Sparks, Taylor and Lyons",NC,8337 Perez Overpass Suite 746,West Matthew
100147,"Williams, Beasley and Clark",VA,782 Michael Point Apt. 515,New Ryanborough
100148,"Guzman, Lowery and Evans",SC,561 Laura Alley Apt. 768,East Alanmouth
100149,Mccoy Inc,NC,356 Williams Forges,Grossmouth
100150,"Kent, Wilson and Cooke",VA,31402 Hutchinson Views Apt. 083,North Kathleenside
100151,Morton Ltd,TN,65706 Patricia Bypass,Williamsbury
100152,Bryant Inc,SC,6100 Stacey Causeway Suite 300,Port Brendanland
100153,Hurley-Rowe,VA,5183 Kristen Stream,North Glenn
100154,Nelson Inc,GA,130 Jennifer Lake,Port Mary
100155,Gomez Group,FL,5316 Mack Greens,New Justinville
100156,"Simmons, Blake and Estes",NC,43823 Pineda Mount Suite 983,Chambersshire
100157,Maxwell-Blankenship,SC,14890 Durham Ranch Apt. 461,Thompsonbury
100158,Ibarra Inc,SC,56004 Greene Underpass,Christopherfort
100159,Rodriguez PLC,NC,963 Ronnie Cliff Suite 561,West Christopherborough
100160,"Johnson, Murphy and Schroeder",FL,462 Rachael Motorway Suite 001,East Josephfort
100161,Moore Inc,NC,90160 Cooper Lodge Apt. 548,West Waynebury
100162,Ray-Navarro,NC,2587 Gary Route Apt. 712,Catherineberg
100163,Harrison Inc,VA,83087 Zachary View,Erikatown
100164,Lopez-White,VA,254 Jason Flats Suite 577,West Keithtown
100165,Benton Ltd,NC,0358 Knight Hills,North Nathanielchester
100166,Olson LLC,NC,377 Jason Divide,Port Jaredmouth
100167,Newman and Sons,GA,16601 Bell Summit Apt. 996,Arthurfurt
100168,Lee-Nguyen,GA,688 Gonzalez Mountains,Lake Nicholasview
100169,Williams LLC,TN,8066 Hawkins Gateway,Robertmouth
100170,Watkins-Thomas,NC,737 Hill Summit Suite 499,Lake Bonniemouth
100171,Hancock-Hendricks,VA,77764 Sarah Crest Suite 554,New Austinhaven
100172,"Moore, Alvarez and Martinez",NC,278 Ruiz Bridge Apt. 097,North Shannon
100173,Gomez and Sons,NC,63615 Meyer Light Suite 988,South Ethan
100174,Young-Cameron,SC,29533 Adkins Neck,West Anthony
100175,English Ltd,TN,875 Hodges Flats Suite 765,Cookmouth
100176,"Booth, Reese and Smith",NC,9319 Carter Hollow Apt. 737,Murphymouth
100177,Young-Dodson,SC,63866 Estrada Fork,Williambury
100178,"Nichols, Mahoney and Mitchell",NC,18899 Crystal Shoal Suite 766,East Ryan
100179,"Lewis, Byrd and Brock",NC,5661 Jefferson Mission,East Marthafurt
100180,"Melton, Mcfarland and Beltran",NC,428 Graham Trail,Christopherfurt
100181,Austin and Sons,SC,3661 Jacqueline Club,West Steven
100182,"Ferguson, Walker and Guerrero",NC,89198 Lane Summit Suite 678,Port John
100183,"Perry, Carroll and Henry",NC,07447 Hutchinson Keys,West Michael
100184,"Roberts, Barton and Goodwin",NC,722 Miranda Mountains,Hallhaven
100185,Harrison-Macias,NC,283 Ryan Street,West Suzannefort
100186,"Taylor, Davis and White",NC,768 Walls Lakes Apt. 317,Brendaville
100187,Smith LLC,VA,1012 Miles Drives Suite 456,Claytown
100188,"Hampton, Case and Shelton",SC,62628 Austin Neck Apt. 015,West Donnatown
100189,"Diaz, Watson and Cameron",NC,507 Smith Shore,Hallborough
100190,"Gibson, Wells and Frye",NC,9030 Benjamin Crest Apt. 348,Joyceborough
100191,"Davis, Johnson and Baldwin",NC,1909 Deanna Loop Apt. 829,Port Janet
100192,Chung Group,VA,9860 Daniel Pines Suite 627,Jillborough
100193,Juarez-Butler,FL,090 Stephanie Ports,Cindyland
100194,Smith-Owens,NC,47182 Madison Manors Apt. 931,Cherylhaven
100195,Wallace-Lynch,NC,6510 Paul Trail Suite 415,Lake James
100196,"Hernandez, Bryant and Osborne",NC,52289 Angela Causeway,Salastown
100197,Sanders-Dennis,SC,2772 Stewart Port,Turnerton
100198,"Bernard, Buckley and Greene",NC,323 Louis Lake,East Frankbury
100199,"Wong, Williams and Jenkins",GA,74891 Katherine Alley,Kimberlyborough
100200,Pace Ltd,NC,9604 Davis Ramp,Teresaville
100201,"Conley, Beasley and Cruz",GA,24331 Lindsey Cove Apt. 819,East Michael
100202,Thomas-Harris,NC,498 Larson Ville Suite 117,New Amanda
100203,Trevino LLC,SC,717 Anderson Fort Suite 795,Lake William
100204,Fox-Lopez,GA,1155 Mccarthy Glens Suite 038,Courtneyland
100205,"Morris, Alvarado and Swanson",NC,3270 Vanessa Junction,Lawrenceborough
100206,Williams-Campbell,SC,19812 Jessica Lights Apt. 295,North Kristina
100207,"Simon, Lucas and Oliver",TN,745 Smith Dale Apt. 825,West Cindymouth
100208,Stephens LLC,GA,4383 Dean Lake Suite 881,North Traceyton
100209,"Schmitt, Bell and Farley",NC,623 Annette Points Suite 220,North Yeseniaburgh
100210,King Inc,VA,3083 Turner Village Apt. 366,Lake Judy
100211,Jacobs-Mack,NC,61467 Susan Mill Suite 095,Randyfurt
100212,"Nguyen, Fowler and Boyd",NC,4931 Sheila Loop,Angelahaven
100213,"Barker, Brown and White",NC,7827 William Manor Apt. 139,New Jennifermouth
100214,Walters Ltd,SC,07961 Williams Club Apt. 459,Rhodeston
100215,Chen-Gray,NC,5205 Paul Bridge,South Caroltown
100216,Johnson-Stevenson,GA,6273 Jeremy Union Apt. 689,West James
100217,Zavala Ltd,NC,04711 Julie Greens,Rubioton
100218,Snyder Inc,VA,40052 Flores Overpass,Lake Debrachester
100219,Walter Group,NC,62298 Taylor Way,New Luis
100220,"Lang, Johnson and Silva",FL,0504 Johnson Radial,Lake Heidiland
100221,Lewis LLC,GA,750 Tanya Parkways,Williammouth
100222,Munoz-Rodriguez,VA,788 Sierra Neck,New Hayden
100223,"Jones, Martin and White",NC,599 Carr Lakes Apt. 617,Myersborough
100224,"Wilson, Perkins and Jacobson",NC,8842 Young Cape Suite 655,South Jeremyside
100225,Berry LLC,NC,1824 Gomez Summit,North Julie
100226,Jones and Sons,NC,7067 Kevin Lane Apt. 390,Sheilaville
100227,"Ramirez, Crawford and Austin",NC,41633 Michael Run,Sarahberg
100228,Ramirez LLC,NC,63802 Brooke Grove,West Mary
100229,Ramirez-Taylor,NC,523 Stuart Port,North Dale
100230,"Fletcher, Collins and Williams",NC,42374 Bullock Trafficway,Hickmanview
100231,Osborne-Jones,NC,3472 Humphrey Springs,Rebeccamouth
100232,Wright-King,NC,565 Tina Points Apt. 028,East Tara
100233,Brown Inc,NC,3753 Ashley Court Suite 390,Lopezside
100234,"Wells, Harper and Cooke",NC,2197 Mcknight Island Apt. 178,Angelaland
100235,Thompson-Ryan,SC,256 Alyssa Parkway,Ellisstad
100236,"Valdez, Clark and Hodges",SC,720 Jennifer Flat,Kathrynfurt
100237,Le Group,NC,993 Joseph Tunnel,Hernandezstad
100238,Fuentes Inc,SC,34484 Richard Trace Apt. 198,Danielville
100239,Rodriguez-Thomas,NC,9350 Timothy Springs Apt. 105,Griffithmouth
100240,Watkins-Estrada,NC,94350 Cox Knolls Apt. 002,Christinaview
100241,Schmidt and Sons,NC,79180 Little Mills Apt. 349,South Brianmouth
100242,Moore Group,NC,0805 Gallagher Dam,West Amberview
100243,Bush PLC,VA,04515 Justin Road Apt. 782,New Sylvia
100244,"Mendez, Sanchez and Michael",VA,04341 Zachary Path,Whitneystad
100245,Davis Ltd,VA,37526 Katherine Mission,East Davidbury
100246,Johnson-Blanchard,SC,601 Salinas Parks,Anthonyfort
100247,Kline-Arias,SC,211 Tran Island,Gregoryville
100248,Carroll-Terrell,SC,268 Maria Mountain,South Williammouth
100249,Morales-Nichols,FL,73575 Patrick Route,Jessicatown
100250,"Aguilar, Anderson and Horton",NC,50760 Rodriguez Prairie,Daniellebury
100251,Coleman-Estrada,NC,19683 Edward Mountains Suite 466,Lake Jenniferside
100252,Stafford-Johnson,VA,65333 Martinez Lights,Carterton
100253,"Hill, Merritt and Archer",NC,6748 Scott Court Suite 500,Lake Samuel
100254,"Stewart, Reese and Welch",NC,353 Ashley Way,North Jamesberg
100255,Joseph-Johnson,NC,196 Victoria Glens,Foleystad
100256,"Sanders, Dalton and Zhang",GA,21801 Cannon Mills Apt. 292,Tonyaport
100257,"Herrera, Wallace and Butler",NC,33310 Robert Mews,Lake James
100258,Barr-Kelly,GA,41780 Katherine Trail,South Shirleystad
100259,Martin-Stark,NC,4264 Mendoza Rapid Apt. 445,Sullivanmouth
100260,Wong Inc,SC,4313 Holloway Ferry Apt. 314,Joshuastad
100261,Jordan-Castillo,SC,889 Ellis Lane,New Janetshire
100262,Middleton-Clark,NC,57383 Nguyen Landing Suite 475,Anthonytown
100263,Alexander-Brooks,NC,7545 Joshua Port,Lake Danieltown
100264,Mcguire-Dunn,VA,61472 Meyer Mountains,Lake Vincenttown
100265,Goodwin-Perez,TN,3971 Mueller Pike Apt. 744,Raystad
100266,"Dodson, Lyons and Wells",FL,83815 Walker Mountain,West Rogerstad
100267,"Powers, Osborne and Foley",VA,05815 Aaron Passage,East Edwardview
100268,Hall-Barrett,GA,671 Jessica Squares,South Jefferyshire
100269,Mcconnell-Williams,NC,7290 Jerry Parkway,New Crystal
100270,Jones-Beck,NC,9122 Johnson Meadows Suite 908,New Kenneth
100271,Johnson-Figueroa,NC,711 Nielsen Flat Apt. 559,Joshuachester
100272,Rose-Hunt,FL,78637 Alexis Isle Apt. 534,Michaelchester
100273,Brown Inc,NC,41051 William Port,Port Carlshire
100274,Smith-Brown,SC,20999 Small Lodge,Sarahchester
100275,"Johnson, Smith and Stevens",SC,561 Fuller Mews,South Johnview
100276,Fernandez-Hughes,VA,4635 Rogers Street,Tinaside
100277,Duke-Morris,NC,37921 Robert Gateway Suite 715,Adamberg
100278,"Fletcher, Dominguez and Murphy",NC,964 Lindsey Alley,Lake Erinmouth
100279,Boyer LLC,SC,21723 Manning Bridge,Christopherport
100280,"Steele, Terry and Rosales",TN,31977 Michele Ranch,Howeville
100281,"Perez, Torres and Larson",NC,140 Campbell Trafficway Suite 218,East Corey
100282,Chavez-Cochran,TN,03438 Richard Canyon Apt. 320,Lake Martin
100283,"Nelson, Moore and Rodriguez",SC,69108 Carolyn Divide Apt. 531,Lake Stephaniehaven
100284,Conway Inc,FL,5466 Andrew Inlet,North Matthewbury
100285,Ward-Heath,GA,14152 Patterson Lane,Port Cynthiaton
100286,Walter PLC,GA,353 Sarah Estate Suite 447,Gomezberg
100287,Smith Inc,FL,146 Walter Springs Suite 655,Lake Rebekah
100288,"Arias, Williams and Morgan",NC,246 Weber Summit,North Sheenaville
100289,Henry Group,NC,246 Castillo Hollow,New Raymondton
100290,"Boyd, Clark and Brown",VA,184 Anna Curve Apt. 574,Esparzamouth
100291,Johnson Group,NC,1487 Mcdaniel Roads,Bakerfurt
100292,Jones-Diaz,NC,28359 Owens Cove Apt. 311,Lake Angela
100293,Lloyd LLC,SC,3851 Amanda Islands Apt. 616,Gonzalezburgh
100294,Flores PLC,FL,6331 Michelle Bridge,West Juliemouth
100295,"Carroll, Cunningham and Graham",SC,71274 Wise Summit,Deleonmouth
100296,Klein-Schultz,VA,10542 Walker Extension Suite 050,Lake Brian
100297,Henderson-Wolfe,VA,20721 Richard Street,Benjaminberg
100298,Proctor-Burton,NC,6680 Martinez Via,Alexberg
100299,Carlson-Harris,NC,42411 Michael Unions Suite 565,Taylorberg
100300,Ruiz LLC,FL,05927 William Rapid,West Mitchellchester
100301,"Cantu, Hall and Arroyo",NC,53975 Kirby Haven Suite 332,New Karaland
100302,Willis PLC,GA,53880 Cooper Court,West Kelsey
100303,"Jensen, Rowland and Todd",TN,298 Richardson Spring Apt. 823,North Bradley
100304,"Hurst, Murphy and Phillips",GA,0473 Campbell Ferry Suite 496,Port Steven
100305,Herrera Ltd,VA,4742 Harper Forest,Jameshaven
100306,"Bird, Forbes and Montes",NC,732 Timothy Shore Apt. 226,South Joseph
100307,"Mendoza, Nunez and Smith",SC,487 Drew Mills Suite 855,Jonesbury
100308,Beck Ltd,SC,7233 Melissa Mews,South Raymond
100309,Moody PLC,NC,20644 Amanda Common Apt. 744,Gonzalezton
100310,Hall-Anderson,NC,5484 Miller Roads Apt. 498,Lake Jennifer
100311,Allen Group,SC,7883 Mejia Hills Suite 903,Sophiaborough
100312,Ramirez LLC,NC,197 Green Bypass,West Matthewview
100313,Kemp-Jones,NC,417 Martinez Prairie,Kaylahaven
100314,"Brown, Mathis and Bowman",NC,70057 Henry River,Pruittmouth
100315,Mcmillan Group,VA,54163 Davis Forges,North Michael
100316,"Johnson, Boyle and Hawkins",NC,537 Gregory Mews Suite 935,South Diana
100317,"Reed, Cole and Hudson",NC,90464 Shaw Place Apt. 895,Tracychester
100318,Mccoy-Pope,SC,27322 Dickson Underpass,Vickimouth
100319,Thompson LLC,VA,9421 Fernandez Stream Suite 016,Lake Brittanyfort
100320,Larson Inc,GA,40897 Jonathan Alley Apt. 962,South Sara
100321,White Inc,NC,5525 Dylan Tunnel Suite 363,Sarahville
100322,Scott-Klein,NC,3656 Bradley Branch,Zimmermanland
100323,Tran Group,NC,5820 Hill Loaf,Port Matthew
100324,"Thomas, Sawyer and Cruz",FL,3806 Madison Lock,Cainshire
100325,"Mcdonald, Williams and Tran",NC,20903 Wilcox River,Vincentmouth
100326,"Stafford, Sullivan and Wilson",SC,474 Williams Prairie,South Ryan
100327,Rodriguez Group,NC,8192 Paul Overpass,Clarkberg
100328,"Mills, Young and Porter",SC,080 James Station Suite 790,South Amber
100329,Gaines Inc,VA,8369 Jacob Motorway Apt. 234,Port Jeremiahbury
100330,"Atkinson, Bentley and Weaver",NC,63605 Kayla Terrace,Romerofort
100331,"Thomas, Miller and Miller",NC,85902 David Island Suite 201,Williamsville
100332,"Mercer, Brown and Hill",FL,768 Johnson Landing,North Lauraton
100333,Williamson-Grant,NC,2393 Poole Points Apt. 304,Blakeberg
100334,Khan-Lester,NC,4666 Christopher Fall Suite 540,Port Thomas
100335,Harrison Group,NC,3247 Kim Key,Port Aaronhaven
100336,"Smith, Zhang and Mills",NC,34189 Chen Centers Apt. 161,Lake Dale
100337,"Trevino, Mcpherson and Anderson",GA,828 Boyer Loaf Apt. 903,Courtneyhaven
100338,Molina-Lawson,NC,03951 Moss Garden Suite 313,Jenniferfurt
100339,Martinez PLC,VA,8947 Melissa Ports,Edwardfurt
100340,Waters-Mitchell,NC,92069 Williams Rest Apt. 509,Port Josephchester
100341,"Henderson, Diaz and Garcia",SC,8567 Holly Heights,Jodiview
100342,"Freeman, Beard and Morgan",VA,80308 Katelyn Key Apt. 613,North Williamburgh
100343,"Kim, Ray and Burke",TN,20916 Anthony Mills,New Brianton
100344,"Johnson, Williams and Wyatt",VA,190 Glass Forks,Savannahhaven
100345,Ayala Group,TN,8928 Crystal Path,Amandamouth
100346,Galvan-Curtis,NC,06045 Sellers Mountain Suite 354,North Patrickbury
100347,Williams PLC,VA,2200 Connor Union Apt. 322,Lake Susanborough
100348,Rich LLC,GA,17131 Ann Forks,South Justinfurt
100349,Sullivan and Sons,NC,6091 Brown Cliffs,New Julieshire
100350,Donovan Group,SC,3411 Villegas Turnpike,Davidfort
100351,Bennett-Young,VA,7487 Brooks Vista,Smithchester
100352,"Curry, Weber and Ramirez",NC,957 Alexander Crossroad Suite 558,Gabrielshire
100353,Schroeder-Wright,NC,8229 Martinez Trail,Tonyberg
100354,Johnson-Thomas,SC,307 Miller Gardens Apt. 670,Millerton
100355,Medina PLC,NC,6618 Kemp Island,Munozview
100356,Wu Ltd,NC,832 Richard Center Suite 883,Port Anthony
100357,Jones-Stanley,TN,74499 Johnson Run Suite 272,Powelltown
100358,"Rodriguez, Woods and Mcdonald",GA,67658 Yolanda Field Suite 622,Lopezview
100359,"Oliver, Bryant and Gill",SC,3254 Christina Inlet Apt. 592,Amandatown
100360,"Walker, French and Pena",NC,9553 Austin Station,West Priscilla
100361,Stone LLC,SC,94535 Clark Grove Suite 923,East Markborough
100362,Gill-Bell,GA,36577 Chapman Burg Suite 532,Wigginston
100363,Mccullough-Weeks,VA,242 Allen Garden,Emilyhaven
100364,Tucker Ltd,NC,70403 Christensen Greens,Andrewberg
100365,Diaz-Jackson,NC,6578 John Run,Hudsonside
100366,"Perry, Ward and Jacobs",NC,200 Caleb Island,South Breanna
100367,Brooks Ltd,GA,7289 Rebecca Shore Suite 345,New Shaun
100368,Allison PLC,NC,1576 Margaret Cliffs,Jeffersonport
100369,Harris PLC,TN,45762 Schmidt Mill Apt. 384,Port Kathryn
100370,Hill and Sons,NC,7093 Fischer Brook,New Richardmouth
100371,"Marshall, Jackson and Dunn",NC,1940 Steven Via,North Daniel
100372,"Williams, Phillips and Hernandez",GA,63072 Kelly Crescent,Stevenside
100373,Simmons Group,FL,356 Morris Rest Suite 854,Justinshire
100374,Dillon LLC,SC,0102 Avila View,South Tammyfurt
100375,"Medina, Sherman and Kim",TN,733 Olsen Village,Thompsonfort
100376,"Wood, Crosby and Rasmussen",SC,171 Peterson Harbor,Lake Brendaton
100377,"Peterson, Andrews and Walsh",NC,154 Stanley Knoll Suite 177,Jenkinsmouth
100378,Brown-Gibson,FL,841 Jeff Mount Suite 462,Ramosfort
100379,"Calhoun, Rice and Owens",FL,2945 Bartlett Island Suite 143,New Jon
100380,Massey-Kelley,VA,0739 Joshua Courts Apt. 118,Annatown
100381,"Berg, Park and Gregory",NC,4585 Martin Junction,Colefurt
100382,Contreras-Howell,NC,48539 Hannah Crest Suite 746,New Gregorytown
100383,Duncan-Butler,NC,78779 Denise Locks Apt. 412,West David
100384,Bernard-Kelley,NC,9489 Wiley Junction,Jacobfort
100385,Sampson Ltd,NC,9801 Martin Roads Apt. 827,West Tiffany
100386,Lane and Sons,TN,09545 Meyer Harbors Suite 460,East Toddchester
100387,"Bradford, Goodman and Coleman",FL,531 Adams Islands Suite 055,North Deborah
100388,Fritz LLC,NC,155 Adam Lane Apt. 599,East Maureen
100389,Coleman LLC,NC,31986 Jimenez Valleys Apt. 383,New Kenneth
100390,Bryant Group,VA,5522 Patrick Roads,South Martin
100391,"Lopez, Bartlett and Smith",SC,765 Williams Trafficway,New Raymondhaven
100392,"Ross, Peterson and Hamilton",NC,105 Scott Trail,Lake John
100393,"Moore, Larson and Ortiz",SC,056 Amanda Burg Suite 868,Anthonyberg
100394,"Lane, Erickson and Morris",NC,36025 Monique Pines,Arnoldborough
100395,Bryan-Smith,NC,9815 Amy Mountains,Garciamouth
100396,Hale Inc,SC,8434 Nicole Trail Apt. 039,West Joseph
100397,"Cruz, Johnson and Silva",NC,6336 Kelley Forges Suite 104,Jasonbury
100398,Fisher Group,VA,686 Taylor Mews,Morganville
100399,"Lawrence, Hicks and Adams",NC,34004 Weber Locks,North Mary
100400,Wiggins-Davis,NC,540 Charles Streets Apt. 019,Amandastad
100401,Johnson Ltd,VA,487 Kyle Turnpike,South Suzanne
100402,White Inc,NC,5156 Joseph Square Apt. 316,West Michael
100403,Lowe LLC,NC,244 Joshua Lane,South Ricardo
100404,"Larson, Carlson and Owen",VA,20628 Johnston View,Port Kathleen
100405,"Terry, Duffy and Waters",NC,5603 Marie Courts Apt. 330,Dunnville
100406,"Mitchell, Ellis and Carter",NC,2328 Reed Canyon Apt. 158,East Christian
100407,Jensen-Hays,GA,7807 Debra Spurs Apt. 943,Lake Christianfort
100408,Brooks-Bautista,NC,382 Green Extensions,New Joelview
100409,"Smith, Price and Thompson",NC,7742 Adam Crest Apt. 997,Michaelfurt
100410,Miller LLC,NC,219 Martin Crossroad Apt. 122,Lake Christinaland
100411,Delacruz Ltd,SC,2818 Martin Plains,Masonton
100412,Johnson-Gregory,VA,65320 Mcintosh Rapids,Markland
100413,Bradshaw-Evans,NC,0323 Allen Alley,North Timothy
100414,"Smith, Hopkins and Stone",VA,62287 Thomas Expressway Apt. 172,Port Kathrynhaven
100415,Parsons-Alvarez,VA,68384 Thomas Creek Suite 339,North Meghan
100416,"Little, Jones and Vaughn",NC,576 Rebecca Mews Suite 109,Port Nathaniel
100417,Clark-Hatfield,GA,0569 Payne Village,Traceyshire
100418,Nelson and Sons,GA,509 Ryan Hollow,Batesborough
100419,Fisher and Sons,SC,3031 Howard Stream Suite 613,Michaelfort
100420,Preston Inc,VA,51798 James Walk Apt. 992,Williamview
100421,"Lawson, Golden and Hubbard",NC,186 Kim Hill,Lake Thomas
100422,Pittman-Hoffman,SC,8112 Megan Stravenue,Christymouth
100423,Harris and Sons,NC,92854 Bennett Cliffs Apt. 665,Lake Jeffery
100424,"Rogers, Simmons and Cook",SC,4499 Todd Squares,North Josephmouth
100425,Fernandez-Galloway,SC,84682 Tammy Turnpike,Joshuachester
100426,Johnson Inc,GA,61271 Amy View Apt. 834,North Natalie
100427,"Mason, Dixon and Wright",NC,80577 Jeffrey Prairie Apt. 045,Jamesmouth
100428,"May, Farmer and Wheeler",FL,687 Megan Court,New Brad
100429,"Shannon, Butler and Gonzales",NC,74093 Butler Unions Suite 536,Robertchester
100430,Green-Fowler,NC,1866 Brett Lakes,East Peggyview
100431,"Miranda, Roberts and Green",NC,493 Gabrielle Valleys,South Nicholas
100432,Davis LLC,GA,0924 Ortiz Trafficway Suite 281,Mariaburgh
100433,"Riddle, Lopez and Chapman",NC,13383 Harris Dam Apt. 198,East Tammyfurt
100434,Hicks and Sons,VA,6215 Williams Overpass,West Melvinburgh
100435,Hughes-Carroll,SC,81344 Reeves Wall,Christianton
100436,Gonzalez Ltd,GA,97947 Proctor Light,Port Jeremybury
100437,"Mills, Rivera and Reynolds",VA,079 Brock Divide Suite 223,East Glenn
100438,Palmer PLC,NC,00561 Hartman Ports,South Tracy
100439,Jones-Maxwell,NC,96481 Rachel Hollow,Wilsonbury
100440,Valenzuela Inc,NC,7041 Rachel Extension Suite 778,Lake Ryanstad
100441,"Greer, Hurst and Baker",FL,1227 Watson Light,Lake Keithville
100442,"Hamilton, Davis and Williams",FL,7968 Adam Village Suite 577,Anthonyborough
100443,"Collins, Garcia and Jenkins",NC,540 Aguirre Hills,North Timothy
100444,"Smith, Flynn and Martinez",NC,74376 Johnathan Turnpike,Melissachester
100445,Mcgee-Perkins,NC,11656 Frank Walks,South Yolandatown
100446,"Clark, Pruitt and Foley",NC,919 Samuel Drives,Robinsonland
100447,Mccoy Ltd,FL,07652 Ellis Lane Suite 905,Wardview
100448,Scott Group,VA,88965 Christopher Square Suite 733,Joannaland
100449,Duke-Zuniga,VA,6532 Robert Station Suite 385,Dannybury
100450,Smith Ltd,VA,172 Edwards Club Apt. 176,Angelafort
100451,Jones-Bishop,NC,3805 Johnston Mills Suite 114,New Sharonstad
100452,Garcia Ltd,NC,6763 Kevin Square Apt. 782,Port Benjamin
100453,Shepherd PLC,NC,68598 Johnson Path Apt. 746,Traceyfort
100454,"Richards, Mckenzie and Andrews",SC,261 Jeffrey Pines,Autumnmouth
100455,Butler-Snyder,NC,5116 Jane Summit,Lake Barbaraland
100456,"Elliott, Walter and Romero",GA,224 Robert Walk,Michaelfort
100457,Nicholson and Sons,NC,58001 Miranda Walks Suite 382,Barbaraland
100458,"Mccann, Perez and Jones",VA,3736 Diane Extensions,Cobbview
100459,"Nicholson, Koch and Taylor",NC,9449 Ayala Corner Apt. 081,East Edwardside
100460,"Smith, Wilson and Dillon",FL,6873 Gonzalez Place,Lake Kimberly
100461,"Sellers, Fleming and Noble",NC,66374 Cynthia Pike Apt. 581,Stacytown
100462,Scott and Sons,SC,026 Taylor Row,East Tammychester
100463,"Banks, Thompson and Roberts",VA,842 Wall Ford,Joelhaven
100464,Bell Ltd,NC,570 William Cliffs,Perezburgh
100465,Dillon-Li,NC,61371 White Estate Suite 424,Port David
100466,"Berger, Johnson and Avila",NC,9090 Conrad Fords,Lake Mitchell
100467,Sullivan-Hansen,FL,1287 Jeremy Loop Suite 849,Shepherdmouth
100468,Warner Group,NC,1613 Walker Ville,Davidview
100469,"Miller, Chan and Ray",FL,091 Timothy Ferry Suite 355,South Kathleen
100470,Vazquez-Garcia,SC,418 Susan Trafficway Suite 192,Traceyhaven
100471,Gonzalez-Nelson,NC,16910 Miller Common Apt. 169,West Michelleport
100472,Hernandez-Hartman,VA,176 Bowers Plains Apt. 932,Edwardsburgh
100473,Simpson PLC,SC,009 Johnson View Apt. 637,Brownbury
100474,Davis Ltd,TN,81933 Brown Crossroad,New Pamela
100475,Peterson-Robertson,NC,254 Rose Courts,Michaelchester
100476,Ellis Inc,SC,287 Meyer Harbor,Fosterstad
100477,"Cooper, Johnson and Chapman",NC,9583 Hayes Ridge,Port Jennifer
100478,Hoover-Vincent,VA,2006 Green Cliff,New Theresa
100479,"Pope, Gamble and Roman",FL,154 Taylor Lights Apt. 146,North Wayne
100480,"Miller, Wilson and Wood",NC,967 Katherine Pine,Kramerland
100481,"Velasquez, Woods and Hahn",NC,80935 Reed Fields,North Anthony
100482,"Evans, Kline and Smith",NC,16728 Roth Highway,Lake Ann
100483,Holmes and Sons,SC,67312 Hardin Divide,Davidview
100484,Freeman Inc,GA,81104 Lawson Mountains,Aliview
100485,Sanders Inc,SC,12543 Bush Wells,Nathantown
100486,"Smith, Garcia and Garcia",SC,363 Kevin Pass Apt. 848,North Haleyside
100487,Burton-Harrison,TN,59413 Mitchell Creek,Walkershire
100488,Williams Ltd,NC,851 Smith Island Apt. 896,South Frank
100489,Davis-Floyd,NC,2315 Justin Rest Suite 271,Denisechester
100490,Gonzales Inc,VA,963 Trujillo Groves Apt. 312,Perezbury
100491,Cook LLC,SC,941 Casey Fort,North Timothy
100492,Wallace Ltd,GA,533 Reynolds Pines,Lake Christopher
100493,Wilkins and Sons,NC,761 Brent Villages Suite 626,East Donnahaven
100494,"Baker, Padilla and Rodriguez",NC,8197 Kurt Place Apt. 618,Westbury
100495,Garcia-White,VA,30275 Nicole Tunnel,Maryhaven
100496,Greene-Nash,GA,52367 Estes Rest,South Bobbymouth
100497,"Owens, Mendez and Rhodes",SC,71965 Daniel Plaza,West Paulfurt
100498,Mathis-Carlson,FL,53132 Patterson Manors,New Rhondaberg
100499,Carroll-Jimenez,SC,756 Teresa Road Suite 390,North Ericaburgh
100500,"Roman, Rodriguez and Brown",NC,46812 Taylor Mission Suite 233,Port Feliciaside
100501,"Walters, Baker and Morse",NC,36959 Diane Road Suite 260,West Jessica
100502,Moreno-Marshall,VA,4171 Joshua Course,Nicholsonbury
100503,Larson-Williams,VA,5312 Jessica Pines,Hamiltonmouth
100504,Farley Group,FL,668 William Walks,Charlesbury
100505,"Cameron, Donovan and Lang",NC,65798 Monica Stravenue Apt. 610,South Christophershire
100506,"Moore, Ramirez and Reynolds",VA,592 Hubbard Path,West Elizabeth
100507,Tucker PLC,NC,04090 Nicholas Village Suite 017,Aaronburgh
100508,"Rogers, Jackson and Velasquez",VA,43054 Parker Extensions Suite 307,Masseyport
100509,Mckenzie-Yates,SC,12986 Shepard Cape Apt. 430,Gregorychester
100510,"Clark, Miller and Fletcher",NC,12365 Crystal Drives,New Melvinstad
100511,Mora-Holt,VA,15842 Benjamin Highway,Wardport
100512,"Phelps, Gonzales and Smith",TN,56912 Aaron Trail Suite 942,West Gregoryton
100513,Macdonald Ltd,GA,5012 Rodriguez Shoals Apt. 133,North Janetton
100514,Mckinney LLC,NC,8473 Taylor Rapids,West Michael
100515,"Johnson, Terrell and Kelly",GA,6585 Johnson Isle,North Christy
100516,"Mercer, French and Baker",FL,448 Nicole Well,New Sandraport
100517,Garcia-Hall,NC,667 Prince Hills,Angelastad
100518,"Pope, Hurley and Keller",SC,587 Mann Mills,Rebeccaburgh
100519,"Clark, Jackson and Fields",NC,43865 Gallegos Plaza Apt. 382,West Monica
100520,"Greer, Clark and Nguyen",NC,508 Young Camp,Danielshaven
100521,Larsen and Sons,VA,4557 Clayton Green,Jeffreyhaven
100522,Morris-Bullock,GA,1355 Curtis Cove Apt. 163,North Ericchester
100523,Bailey Inc,TN,0716 Shannon Cliff,Jamesport
100524,Estrada-Gregory,NC,39370 Dawn Loaf,Shawntown
100525,Wong and Sons,TN,04182 Megan Flat,Port Markside
100526,Reynolds-Sims,NC,224 Phillips Fords,North Jessica
100527,Stevens Inc,SC,02185 Williams Cape Apt. 639,Ricardoshire
100528,Scott Inc,SC,4340 Dylan Ville,Angelaview
100529,"Patel, Lane and Martinez",NC,4572 Branch Dam Suite 652,Waltonfurt
100530,"Gibson, Smith and Howard",NC,50517 Christopher Trace Apt. 896,Burnettberg
100531,Brown Group,NC,8685 Hunt Walk Suite 763,South Brooke
100532,Wong Ltd,NC,5036 Young Vista Suite 986,Davisport
100533,"Alvarado, Johnson and Simmons",NC,89267 Joshua Springs Apt. 232,South Adam
100534,Jones Inc,TN,768 Lee Light Suite 347,Lake Russell
100535,"Oconnell, Horton and Townsend",NC,126 Reeves Green Apt. 688,Johnsonfort
100536,"Thomas, Fox and Lopez",NC,005 Samantha Mission Suite 325,Kennedyfort
100537,"Higgins, Green and Sparks",VA,7985 Mariah Island Suite 484,West Ronaldberg
100538,Jensen-Horn,NC,2586 Douglas Brook Suite 814,Port Melissafurt
100539,Branch-Gross,VA,18213 Tom Course Suite 468,Port Melissaton
100540,Martin Ltd,NC,23228 Adam Unions,West Maria
100541,Jones Ltd,VA,734 Martin Roads,East Danny
100542,Jackson-Freeman,TN,12551 Chloe Mews Apt. 029,Devinfort
100543,Henderson-Gomez,NC,65520 Nicholas Stravenue Apt. 898,Lake Nancybury
100544,Trujillo LLC,SC,90378 Chavez Isle,Lisabury
100545,Huffman LLC,NC,9903 Kyle Haven,West Holly
100546,Hopkins-Jackson,FL,32760 Jacob Camp,Port Alan
100547,Finley-Edwards,VA,3847 Anderson Fork,Lorimouth
100548,Mercado-Maynard,NC,9724 Webb Falls,Toddbury
100549,"Smith, Alvarez and Miller",NC,04008 Tyrone Isle,West Nancy
100550,"Arellano, Blake and Ray",NC,3272 Felicia Brook,Joyceport
100551,Jones PLC,FL,3800 David Roads,Taylorville
100552,Martinez-Shea,FL,302 Yesenia Plains,Coxburgh
100553,"Hunter, Martinez and Aguilar",SC,62140 Breanna Terrace,North Gary
100554,Fletcher-Walls,GA,88844 Mcclain Spurs Suite 327,Marshalltown
100555,Gay-Moreno,NC,4383 Kathryn Glen Apt. 665,Robertville
100556,"Martin, Kelley and Walsh",TN,612 Donna Trafficway,North Maryport
100557,"Bowman, Hernandez and Johnson",NC,551 Robert Plaza Apt. 212,Harrisonmouth
100558,Hammond-Cook,NC,47058 Barry Stream,Lake Teresa
100559,Lin LLC,SC,384 Thomas Estates,Rosalesmouth
100560,Suarez Inc,NC,8786 Peter Falls,Garrettfort
100561,"Rivera, Jackson and Camacho",NC,6946 Cook Square,Englishview
100562,Goodman-Santiago,SC,151 Burke Rapids,Reevesmouth
100563,Wright LLC,NC,31757 Timothy Turnpike,East Emily
100564,Swanson and Sons,NC,730 Emma Oval Suite 079,West Marymouth
100565,Hayes-Villa,GA,8711 Katherine Prairie,North Susan
100566,Rogers Inc,VA,191 Young Hill Suite 638,Port Jessicabury
100567,Shepard-Martinez,SC,1379 Sarah Course,Lake Scott
100568,Lamb-Terry,VA,75198 Jordan Creek,Reginaldport
100569,Moore PLC,NC,551 Herman Extensions Suite 235,Walkerfort
100570,Potter-Moore,SC,81340 Mueller Vista Suite 563,South Tracyland
100571,Sanchez-White,GA,50321 Margaret Mill Suite 877,Lake Mandychester
100572,Conrad LLC,NC,5099 Robertson Mill,Lake Veronicashire
100573,Walker LLC,NC,3069 Brooke Heights,Ericatown
100574,"Booth, Wright and Gould",GA,709 Santiago Vista,Garciastad
100575,"Contreras, Logan and Wheeler",GA,73587 Alexandra Fall Suite 051,East Alecchester
100576,"Ellis, Roberts and Delgado",TN,546 Aaron Spring Suite 282,Zimmermanberg
100577,Parker Inc,TN,088 Davis Common Apt. 688,Robertberg
100578,"Kelley, Jones and Berry",NC,72130 Timothy Via Suite 773,Jillianfort
100579,Parsons-Ibarra,NC,937 Deborah Expressway,North Nicholasfort
100580,Brown-Mcbride,FL,9032 Durham Lane Apt. 539,Carlaview
100581,Huffman Group,TN,0283 Jesse Walk,Meyerside
100582,"Dudley, Lang and Trevino",VA,837 Patel Hill,North Thomas
100583,Jefferson-Jones,NC,830 Lucas Mall Suite 689,South Christineland
100584,"Mitchell, King and Parker",SC,0189 Burns Ways Apt. 644,New Jacqueline
100585,Schaefer-Williamson,NC,680 Smith Ville,Lake Lauren
100586,"Richardson, Ayala and Grant",SC,0821 Cortez Mills Suite 633,North Davidmouth
100587,Shepherd-Mclaughlin,NC,755 Christopher Spring Suite 211,South Matthewton
100588,"Dixon, Howard and Williams",SC,648 Jeffrey Courts Apt. 658,New Shaneside
100589,Watts Inc,NC,2340 Micheal Pine,Lake Donald
100590,"Mason, Phillips and Tucker",SC,17258 Krause Court,Derektown
100591,Garcia-Morris,NC,2531 Samantha Village,Mistyfort
100592,Lawson-Johnson,NC,894 Michael Fork Apt. 511,West Barbara
100593,"Thompson, Collier and Stewart",NC,1607 Karen Vista Apt. 183,Jamesside
100594,"Diaz, Lee and Washington",SC,21007 Michelle Ways,West Patricia
100595,Scott-Davis,TN,6475 Gonzales Ramp Suite 369,Georgeview
100596,Steele and Sons,SC,47201 Tina Drives,Morganview
100597,Beard PLC,VA,140 Kim Place Suite 891,Port Rachel
100598,"Peterson, Flores and Allen",SC,81150 Duncan Dam,Port Josephside
100599,Collins LLC,NC,11188 Cross Run,Lake Cindyland
100600,Acosta Ltd,NC,882 Pena Prairie Suite 548,South Melvin
100601,Alexander-Bush,SC,9910 Tony Summit,North Rachel
100602,"Foster, Olson and Hubbard",VA,21652 William Brooks Suite 538,East Matthewville
100603,"Oneill, Lin and Gibson",GA,3165 Bennett Common Suite 666,Mariofurt
100604,Johnson-Kim,SC,44839 James Dam Apt. 655,Farmershire
100605,Richardson-Oconnor,NC,28430 Ian Corner,Marychester
100606,Butler Inc,NC,3358 Kristin Mission Apt. 291,Michaelmouth
100607,Adams-Rios,NC,2775 Jacobs Vista,North Kathleenchester
100608,Cline Group,SC,5465 Smith Cliffs Suite 069,New Saraview
100609,Greene-Harrison,NC,918 Morrow Prairie Suite 421,East Andreaville
100610,Underwood Ltd,NC,0962 Vargas Spur,North Brian
100611,White and Sons,SC,3491 Young Stravenue Apt. 860,Andersonfort
100612,"Wagner, Hardy and Powell",FL,5252 Garcia Freeway Apt. 109,New Kristy
100613,Tapia Inc,GA,2399 Wilson Corners Apt. 151,West Linda
100614,"Hernandez, Wilson and Thomas",FL,251 Brittany Groves,Port Claire
100615,Cannon and Sons,NC,1690 Rodriguez Harbors,Joshuaville
100616,Roberts Inc,NC,85726 Gonzalez Station Suite 737,West Isabellaview
100617,Lee PLC,VA,84162 Timothy Green Apt. 462,Kathleenmouth
100618,"Watkins, West and Kelly",SC,9532 Samantha Locks,Lake Ashley
100619,Trevino-Murray,NC,08803 Rodriguez Plains,New Jacob
100620,Bentley and Sons,NC,860 Bradshaw Fork,Miguelhaven
100621,Harper-Moran,SC,809 Carter Club Apt. 177,Escobarborough
100622,Hill and Sons,TN,086 Moore Mews,Hollowayview
100623,Edwards-Russell,VA,0616 Hall Plaza,Dylanberg
100624,Clay-Frank,NC,18043 Marks Bypass Apt. 738,Robbinsport
100625,Weeks-Gibbs,GA,29122 Sonya Walks,South Charles
100626,"Campos, Taylor and Sanchez",NC,08434 Leslie Stravenue,New Jennifer
100627,Johnson-Nichols,SC,34967 Dunlap Spurs,Port Derekland
100628,Foley-Thompson,SC,726 Alexander Drive Suite 739,Gonzalesview
100629,Gonzalez Group,NC,863 Williams Trafficway,West Marialand
100630,Mcgee-Trevino,SC,275 Anderson Plains Apt. 631,Jacksonport
100631,Miller Ltd,GA,49089 Jason Spurs,Melissatown
100632,Adams-Richardson,NC,200 Amanda Orchard,Lake Logan
100633,Jones-Lopez,SC,46490 Rose Villages Suite 087,Nicoleshire
100634,Wolfe Inc,NC,71653 Lewis Knoll Suite 243,Carolyntown
100635,"Small, Ford and Day",VA,804 Natalie Bypass Suite 678,Gomezchester
100636,"Dixon, Miller and Ellis",SC,319 Cynthia Tunnel Suite 362,Lloydmouth
100637,"Vaughn, Lewis and Lopez",GA,57702 Fields Courts Suite 506,North Rebeccabury
100638,Mclean LLC,SC,15198 Donna Grove Suite 931,West Matthewview
100639,Huang-Keller,VA,281 Ryan Knolls,New Danielbury
100640,Kelly-Preston,SC,745 Reilly Points Suite 784,Lake Abigailchester
100641,Manning-Reynolds,TN,408 Sarah Trail,East Paul
100642,"Reyes, Kline and Fowler",SC,82445 Stephanie Terrace Suite 489,New Juliaton
100643,"Powell, Juarez and Walton",NC,022 John Unions Suite 040,Jennyberg
100644,"Arroyo, Cochran and Diaz",SC,67782 Brian Courts Apt. 286,Joshuastad
100645,Petersen PLC,TN,6814 Mike Common,Aliceport
100646,"Arnold, Rodriguez and King",NC,9860 Leonard Drives,Robynfurt
100647,Harvey-King,VA,1159 Young Meadow Suite 943,Port Michaelberg
100648,"Francis, Edwards and Martinez",NC,8561 Kenneth Cove Apt. 512,South Dianefort
100649,Williams LLC,NC,88799 Chang Shoals Apt. 928,East Jessica
100650,Lyons-Morales,GA,3046 Daniel Mall Suite 063,North Susanfort
100651,"Wilson, Klein and Winters",SC,12079 Nelson Highway,Port Nicholas
100652,Lewis Group,GA,6389 Kathryn Estate,Gomezchester
100653,Crawford PLC,TN,376 Best Crescent Suite 036,Donnaview
100654,"Bailey, Mcconnell and Cooper",NC,114 Rivera Stream,North Robert
100655,Hayes-Griffin,SC,786 Escobar Glen Apt. 613,Smithburgh
100656,Dougherty Ltd,NC,08135 Eric Centers,Michaelstad
100657,Craig-Ponce,NC,5628 Duncan Run Apt. 259,New Jeffberg
100658,Hudson and Sons,VA,2963 Jamie Greens,North Jody
100659,"Paul, Park and Kelly",VA,6179 Brittany Drive,North Tammy
100660,"Gordon, Thompson and Cook",VA,2264 Tiffany Terrace Apt. 808,Adamsfurt
100661,Williams-Stephens,TN,0461 Parsons Trail Apt. 095,New Kelseystad
100662,Harvey-Gates,NC,96654 John Gardens,Anitafurt
100663,"Lee, Rocha and Holland",NC,63965 Diane Union,East Teresa
100664,Kelly Ltd,SC,11333 Pacheco Ville,Jacobfurt
100665,Perry Inc,NC,2484 Megan Junctions Apt. 768,Guzmanton
100666,"Douglas, Knox and Castaneda",VA,104 Ana Inlet,West Kendramouth
100667,Rangel and Sons,NC,16748 Derek Mountains,South Nataliefurt
100668,Douglas LLC,NC,284 Bowers Trail,West Bryanfort
100669,"Brown, Lynch and Oliver",TN,13468 Bridges Ford Suite 224,South Sarah
100670,Smith-Harding,NC,10355 Daniel Street,Jeffreyberg
100671,Mason-Nelson,NC,560 Reyes Crescent Apt. 119,Lake Russell
100672,Yates LLC,VA,28096 Christopher Turnpike Suite 352,North Karenland
100673,Howard LLC,NC,587 Crystal Haven Apt. 279,West Tommytown
100674,"Hall, Walter and Watson",NC,176 Hernandez Ridges,Port Joshua
100675,"Davis, Logan and Saunders",NC,27246 White Parks Suite 802,Cindyview
100676,Chaney-Young,NC,3648 Fernandez Isle,Michaelland
100677,Valdez PLC,NC,4446 Chavez Isle,Richardview
100678,Villa-Green,VA,6737 Jones Knolls,Lindseyfort
100679,Martinez and Sons,SC,946 Conrad Expressway Apt. 063,Audreyberg
100680,Andrews PLC,FL,89690 Williams Harbors,South Spencer
100681,Mccoy PLC,VA,82941 Beltran Brook,North Cassandraview
100682,Garcia LLC,NC,29925 Garcia Gardens Suite 560,Robertmouth
100683,Barnes Inc,NC,061 Dominguez Neck,Nicholastown
100684,Esparza-Williams,VA,1130 Jorge Canyon,Port Stephanie
100685,Nguyen and Sons,NC,063 Williams Route,Stevenstad
100686,Perez-Martinez,GA,669 Michael Drive Apt. 081,South Maryshire
100687,James Group,NC,74367 Olson Roads Apt. 069,Erikaside
100688,Davis PLC,SC,921 Hartman Drive Suite 573,Danielbury
100689,"Ruiz, Huffman and Oneal",VA,7775 Jennifer Groves,Port Michael
100690,Underwood Group,NC,105 Amber Shore Apt. 039,New Mariah
100691,Mendoza-Young,NC,64652 Morgan Springs Apt. 347,Port Matthew
100692,"Hayes, Kennedy and Figueroa",SC,9115 Jason Extensions,West Alisonmouth
100693,Murphy Group,NC,17578 Holt Rue Suite 593,Russellstad
100694,"Griffin, Macias and Guzman",NC,08545 Richard Green Apt. 467,Lake Kristinborough
100695,Townsend Ltd,NC,355 Morgan Garden Apt. 356,Port Amanda
100696,Gallagher-Contreras,NC,4202 Stewart Plaza,Figueroabury
100697,"Lee, Oliver and Allen",NC,33797 Lawrence Roads Suite 859,West Robert
100698,Roy-Wright,NC,40368 Collins Mount Apt. 105,Kylechester
100699,Daniels Ltd,NC,168 Carter Neck,New Meganland
100700,"Jones, Meyer and Martin",SC,826 Philip Stravenue,Alexmouth
100701,Barton and Sons,NC,824 Khan Stravenue Suite 138,West Robert
100702,Hunt-Bryant,GA,4989 Michael Burg,Wallaceland
100703,Chavez Group,TN,014 Norman Drives,Hernandezberg
100704,"Thomas, Bauer and Hernandez",NC,44342 John Village,Hubbardport
100705,Ramos-Kim,NC,7774 Livingston Park,Kristinamouth
100706,"Smith, Fitzpatrick and Hill",NC,5660 Selena Island,New Tylerview
100707,Carrillo-Thomas,TN,6669 Gomez Expressway Suite 115,Olsonville
100708,"Villa, Reyes and Russell",NC,8236 Garrett Field Apt. 372,Isabelside
100709,Nelson-Williams,TN,19789 Oneill Fields Apt. 395,Brandyland
100710,Green Ltd,TN,51698 Townsend Manors Apt. 074,Brownchester
100711,"Roberts, Townsend and Miller",NC,716 Villa Road Apt. 233,Jenniferfort
100712,"Bell, Roth and Reynolds",SC,492 Kimberly Track,Lake Kaylamouth
100713,Lawrence Group,NC,864 Charles Mountain,Youngfort
100714,Kaiser-Duncan,VA,65956 Christine Trail,Christopherfurt
100715,"Campbell, Ochoa and Bullock",TN,3447 Bauer Points Suite 677,Lake Shaunstad
100716,Martinez and Sons,VA,1449 Hughes Drive,North Jimmy
100717,"Owen, Hale and Conrad",NC,225 Olson Park,Loganchester
100718,Cain Ltd,NC,45122 White Burgs,North Jessica
100719,Bowman LLC,FL,59787 Katherine Pass Apt. 132,South William
100720,"Green, Snow and Caldwell",NC,4290 Garza Villages Suite 923,New Chadberg
100721,"Tucker, West and Park",NC,49289 Sheppard Ford Apt. 652,Cookland
100722,Green-Turner,NC,0671 Stephanie Way Suite 433,East Samantha
100723,"Armstrong, Velasquez and Cruz",TN,8255 Andrea Shores Apt. 048,Ryanmouth
100724,"Alexander, Buchanan and Willis",NC,43516 Lane Islands Apt. 547,North Veronica
100725,Morgan-Murphy,NC,364 Robert Summit Suite 281,Morantown
100726,"Gonzalez, Swanson and Shaw",NC,703 Proctor Squares Apt. 382,Robertfurt
100727,"Anderson, Li and Jones",NC,311 Edwards Meadows,New Jose
100728,Perry Group,NC,898 Eddie Crescent,South Jillview
100729,Schmitt Ltd,NC,224 Holland Haven Apt. 398,Ritterchester
100730,"Ballard, Jacobson and Bruce",NC,4237 Mark Isle Apt. 785,Lake Lisa
100731,"Smith, Miller and Reeves",SC,805 Keith Valley Suite 494,Higginsport
100732,Bradshaw-Smith,SC,55901 Kelly Plains Suite 982,New Natasha
100733,Davis PLC,TN,4448 Gardner Expressway Apt. 179,Lake Valerieview
100734,Little and Sons,SC,941 Sexton Fork Apt. 270,Geoffreymouth
100735,Mckinney-Frazier,NC,580 Middleton Squares,Cindymouth
100736,"Washington, Miller and Cross",NC,535 Martin Loop Suite 119,North Matthewstad
100737,Farmer Ltd,SC,67399 Carson Vista,Dennisside
100738,"Smith, Greene and Bradshaw",SC,11811 Craig Springs Apt. 753,Singletonburgh
100739,Caldwell-Lopez,NC,867 Ward Trail Suite 667,West Lauren
100740,Wells-Riley,NC,572 Brittany Glen,Brownport
100741,"Pratt, Smith and Orr",TN,8395 Marc Hills Apt. 600,Lake Amber
100742,Ramos-Jones,VA,40128 Sandoval Spring,New Donald
100743,"Mcdaniel, Hernandez and Torres",NC,6653 Adams Keys,Kelleyburgh
100744,Parker-Bishop,SC,9177 Barrera Drive Apt. 432,North Kimberlyville
100745,"Johnson, Jones and Padilla",NC,8647 Todd Viaduct,Russellport
100746,Watts-Moreno,VA,79137 Medina Unions,West Gwendolyn
100747,Stephens and Sons,NC,2563 James Forest,West Rickybury
100748,"Farmer, Cole and Taylor",VA,5346 Tammy Underpass,Caroltown
100749,"Arroyo, Franco and King",NC,9282 Tammy Rapid Apt. 833,West Coreystad
100750,"Jensen, Montes and Esparza",SC,06554 Ferguson Mountain Apt. 663,North Kimberly
100751,Anderson-Todd,NC,5703 Thomas Springs,Barbarabury
100752,"Cruz, Farmer and Michael",NC,6682 Carr Heights Suite 543,Frychester
100753,Carter-Smith,SC,3735 Harris Grove Apt. 162,Johnathanchester
100754,Gray-Gould,VA,4107 Miranda Hollow Apt. 671,North Michaelshire
100755,Cooke-Brown,SC,556 Steven Vista,Vargasburgh
100756,"Briggs, Robinson and Spencer",GA,9680 Ronald Mountains,Elizabethton
100757,Beard-Fernandez,FL,1005 Kevin Key Apt. 193,Wesleyville
100758,"Freeman, Ryan and Wilson",NC,269 Baker Loaf Apt. 451,New Samuel
100759,Smith-Santos,NC,628 Joshua Fields Apt. 558,Brookebury
100760,Fischer-Johnson,GA,06650 Connie Summit,North Jaredshire
100761,"Durham, Coleman and Thomas",NC,23917 White Loop,New Jessica
100762,Castaneda Inc,NC,949 Burke Drive,Erinstad
100763,Stone-Barnett,SC,246 Murphy Cape Suite 264,Stephaniechester
100764,Gonzalez LLC,SC,73234 Carter Highway Apt. 091,Jerryhaven
100765,"Williams, Williams and Hardy",NC,099 Jason Common Suite 702,South Christopher
100766,"James, Matthews and Mitchell",NC,6949 Ortega Trafficway Suite 003,Joelville
100767,"Allen, Williams and Freeman",NC,35489 Veronica Court,Floreshaven
100768,Hawkins-Lawrence,GA,8580 Renee Parkway,Joshuaburgh
100769,Ramos-Mejia,NC,14313 Mann Glens,West Loriville
100770,Holmes-Mcdowell,NC,715 John Gardens Suite 531,Bakertown
100771,Spencer PLC,TN,4026 Alicia Estate,Boydside
100772,Washington-Hoffman,SC,004 Dillon Shore,Port Cheyennefurt
100773,Cisneros PLC,NC,132 Rice Bypass,Patelland
100774,"Cunningham, Payne and Chandler",TN,465 Robin Lodge,Port Paulhaven
100775,Mills Ltd,VA,40842 Tina Pike Suite 485,Whiteheadshire
100776,Owen-Wright,SC,18512 Leah Views,New Jasonfurt
100777,Ramos-White,NC,97448 Carter Island,Lauraborough
100778,Thompson-Phillips,VA,177 Allen Parkway,Port Roger
100779,"Rodriguez, Graves and Barker",SC,63316 Kirk Spur Apt. 736,Lake Christophermouth
100780,Chambers-Mata,NC,31833 Holmes Parkways Apt. 705,West Kennethmouth
100781,Davis-Schultz,NC,91408 Mason Mission Apt. 216,Wigginsfort
100782,White Inc,VA,559 Martinez Spur Apt. 014,South Jacqueline
100783,Mccormick LLC,GA,5188 Angela Ville Apt. 097,East Wendy
100784,Fitzpatrick PLC,NC,86146 Krystal Turnpike,Patrickview
100785,Salas-Kerr,NC,8671 Ryan Meadows Apt. 872,Wernerside
100786,Woodard and Sons,NC,276 Richard Crescent Apt. 012,Ballview
100787,Nichols and Sons,SC,4715 Guzman Crest Apt. 902,Kevinshire
100788,Koch-Martin,VA,14494 Lyons Turnpike,Christytown
100789,Massey LLC,NC,79977 Brown Springs Apt. 114,Lake William
100790,Harris and Sons,NC,5834 Adam Run Apt. 897,Palmerton
100791,Moore-Malone,NC,136 James Ford,Sethbury
100792,Boone-Young,SC,7856 Tonya Circles,Diazville
100793,Myers-Jensen,VA,25924 Dean Locks,Andrewmouth
100794,"Bennett, King and Thompson",NC,426 John Point Apt. 239,New Heidiberg
100795,Gibson and Sons,NC,9167 Tanner Extensions,Alexanderview
100796,Pena Group,NC,7055 Richard Rest Suite 155,New Jason
100797,Sellers and Sons,NC,3195 Dennis Light Suite 666,Karafort
100798,Ellison Group,SC,89586 Smith Pines Apt. 073,Ferrellhaven
100799,Dean-Peterson,VA,36283 Snyder Walks Apt. 796,Lisabury
100800,"James, Bridges and Lloyd",GA,86067 Marcus Fords Suite 984,West Michael
100801,Craig and Sons,NC,5839 Powell Ferry,Floydmouth
100802,Watson LLC,NC,22928 Edwards Stravenue,Chenborough
100803,Williams-Perez,NC,560 Price Lodge,South Michael
100804,Burns-Schmidt,GA,7155 Edwards Center Suite 039,New Justinburgh
100805,Roberts-Evans,NC,5617 Briana Station,Wandamouth
100806,"Miller, Sampson and Martin",SC,405 Adams Fort Apt. 058,Stephanieview
100807,"Matthews, Paul and Collins",NC,7491 Kemp Unions,North Matthewberg
100808,Jordan-Lewis,NC,759 Ross Hill Suite 180,South Rachelberg
100809,"Schaefer, Morales and Graham",NC,572 Peter Ports,South Jessicamouth
100810,"Flores, Bradshaw and Davis",NC,083 Ferguson Rest Apt. 259,West Scott
100811,Collier-Harmon,SC,0872 Reynolds Manor Suite 320,Medinachester
100812,Moore-Davis,TN,52715 Poole Shores,Justinport
100813,Benitez LLC,SC,3681 Manuel Turnpike Suite 894,South Kathleen
100814,"Miller, Wilson and Browning",SC,5636 Gutierrez Mountain Suite 141,Williamsbury
100815,Weaver and Sons,TN,854 Meghan Rapid,Gillfurt
100816,Evans-Barnes,NC,4283 Figueroa Courts Apt. 636,South Travis
100817,"Doyle, Wilson and Nicholson",NC,43701 Meyer Way,Thomastown
100818,Lee Group,NC,95401 Anna Lane,Lake Richardborough
100819,"Miller, Brooks and Cole",VA,1332 Cody Meadows Suite 790,Lake Sabrinatown
100820,"Miller, Newman and Warner",NC,07580 Ricardo Pines,East Bryan
100821,Barnes and Sons,NC,93002 Catherine Crest Suite 155,West Samuelberg
100822,"Montoya, Long and Williams",VA,056 Anna Inlet Apt. 301,South Stephen
100823,Morgan Ltd,NC,5938 Jason Lakes,Hannahborough
100824,"Banks, White and Andrade",FL,20638 Maynard Mall Apt. 352,Kristenport
100825,Anderson-Santiago,FL,8490 Jon Valleys Apt. 875,Simpsonmouth
100826,Oliver LLC,NC,9914 Perkins Harbors Suite 393,New Matthewview
100827,Vaughn-Wall,TN,733 Leonard Extension Suite 117,Morrisonfort
100828,Hall Ltd,NC,97961 Lisa Station,Nancyton
100829,Lane Ltd,VA,644 Sharp Shoals,East Lori
100830,Klein LLC,SC,346 Manning Ways,Reidville
100831,Hunt Ltd,VA,27156 Roberts Unions,Scottside
100832,"Barker, Wilson and Ruiz",NC,656 Jeanne Branch Suite 720,Brandtborough
100833,Montoya-Johnson,TN,05619 Carrie Dam,South Williamshire
100834,"Peterson, Carlson and Flores",NC,3897 Green Road,Turnershire
100835,"Santana, Wilkinson and Johnson",NC,08441 Washington Parks,New Brooke
100836,Roberts-Bell,NC,519 Daniel Villages,Lake Anneside
100837,Ray Ltd,VA,4973 Bowen Stravenue,Martinezborough
100838,"Bowman, Nelson and Lewis",TN,53513 Dominguez Walks Apt. 737,Lake Manuel
100839,Perez Ltd,NC,1571 Steven Cove,Andersonburgh
100840,"Keller, Williams and Haley",SC,162 Amanda Fields,North Derek
100841,Johnson-Dennis,NC,572 David Field,Port Dawn
100842,"Williams, Johnson and Bird",SC,0816 Ruiz Isle,Jessicaton
100843,Kennedy-Hill,NC,036 Susan Port Apt. 280,New Nancy
100844,Stevens-Mcpherson,NC,7949 Campbell Roads Apt. 089,North Debbie
100845,Brown-Haynes,NC,905 Seth Burgs,West Jesse
100846,"Miller, Robbins and Owen",NC,3929 Gomez Pine Apt. 615,West Seth
100847,Carson-Gibbs,SC,6423 Graves Divide Apt. 416,Wrightchester
100848,"Hooper, Wilson and Tran",SC,572 Hall Hills,West Wayne
100849,"Clark, Valentine and Foley",VA,33536 Walker Crossing Apt. 369,Meyerside
100850,Duncan Inc,VA,348 Vincent Mission,West Ian
100851,Chambers-Short,VA,85938 Rivera Prairie,East James
100852,"Ross, Williams and Casey",VA,1260 Kathleen Keys,Gutierrezhaven
100853,Davis-Hughes,VA,3944 Roy Crescent Suite 349,Zacharyport
100854,Norton and Sons,NC,40748 Erica Village Apt. 134,Rhodesbury
100855,Mills Inc,NC,34392 Mark Rest Suite 908,Lake Jessica
100856,Valdez Ltd,NC,452 Brent Mountain,Navarroton
100857,Smith-White,NC,482 Alyssa Unions,Port Matthewchester
100858,Smith Group,NC,461 Kendra Trafficway Apt. 562,South John
100859,"Stevens, Kramer and Hahn",SC,5784 Graves Centers,West Maria
100860,Cameron PLC,VA,870 Morales Mountains,Smithmouth
100861,"Williams, Bryant and Gamble",FL,89136 Clark Track,South Philipland
100862,Rivas Group,SC,16049 Nash Stravenue Apt. 541,Lauriestad
100863,"Carney, Brown and Thompson",TN,44022 John Curve Apt. 466,South Joshuabury
100864,Lloyd Inc,FL,6540 Leach Ridges Apt. 596,South Joshua
100865,Allen Ltd,FL,7339 Rogers Skyway,North Heather
100866,Hahn Group,NC,22872 Warren Isle,Westland
100867,Hancock-Lloyd,SC,7690 Bailey Parkway,Patriciafort
100868,Woods LLC,TN,833 Luis Cliff,South Brittanyfurt
100869,Butler LLC,NC,79718 Isabella Overpass Suite 737,Coopermouth
100870,"Mata, Jackson and Francis",VA,054 Higgins Fall Suite 219,Port Jordan
100871,Snyder-Copeland,GA,947 Lopez Gateway Suite 756,Marymouth
100872,Jackson-King,NC,365 Jeremy Ports Apt. 349,Coopermouth
100873,Obrien-Smith,NC,93766 Hickman Coves,Castrofort
100874,Turner PLC,GA,7889 John Circle Apt. 919,Smithfort
100875,Neal-House,NC,756 Scott Junction,Maryfort
100876,"Fitzpatrick, Smith and Hernandez",VA,2095 John Falls,Port Ryan
100877,Flynn and Sons,VA,378 Ruben Place Suite 421,Jonesfort
100878,"Armstrong, Chavez and Rogers",VA,0594 Chad Lane,South Donaldbury
100879,Jimenez PLC,NC,0546 Garrett Corners Suite 909,Brianshire
100880,Brown-Joyce,VA,5695 Ricky Passage,Lanceburgh
100881,"Campbell, Walters and Stanley",SC,7130 Tiffany Rue,Charlesshire
100882,Ochoa PLC,NC,610 Steven Hills,Tammyshire
100883,Lopez Ltd,NC,33317 Kevin Squares Suite 860,New Erika
100884,"Mercado, Clark and Chang",SC,23741 Williams Ports,Alexandrafort
100885,Adams-Clarke,NC,57446 Brennan Inlet,Farmerview
100886,"Jones, Perry and Morales",NC,884 Pamela Square Suite 395,South Maria
100887,Mack and Sons,VA,325 Wade Mount,North John
100888,Hoffman PLC,SC,4412 Charles Circles Suite 924,Rileyport
100889,"Decker, Donaldson and Aguirre",GA,60150 Kristin Row Suite 148,North Jessicaton
100890,Perez-Gillespie,VA,47903 David Rest Apt. 156,Davidsonchester
100891,"Lee, English and Morton",VA,7360 Tony Junctions,West Christopher
100892,"Williams, Reed and Tran",VA,2018 Michael Oval,Port Margaretfurt
100893,Petty-Levy,TN,088 Jerry Bridge Suite 804,Clementsport
100894,"Porter, Patrick and Perez",NC,3025 Savage Cove Apt. 664,North Johnborough
100895,Bowers Inc,NC,68110 Poole Ferry,Matthewside
100896,"Moore, Graves and Kaufman",NC,8414 Mcguire Lake Suite 516,Reyesland
100897,"Petty, Edwards and Thomas",SC,2624 Adam Well,East Andrea
100898,Coleman Inc,NC,7570 Garcia Branch,Harrisside
100899,Mejia LLC,NC,5387 Martin Haven,Lake Lauraborough
100900,Bradley LLC,NC,1696 Brooke Brook,Elizabethland
100901,"Mcdaniel, Davis and Mills",TN,7849 Justin Crest Apt. 355,East Aprilchester
100902,Allen LLC,SC,30776 Griffin Fields Apt. 503,Justinhaven
100903,Solis Ltd,NC,89409 Wolfe Greens,Lake Brentborough
100904,"Hatfield, Vazquez and Davidson",GA,09588 Jeffery Knolls Suite 152,Gibsonburgh
100905,"Carlson, Bowen and Pena",NC,81957 Carroll Canyon,South Jamesstad
100906,"Anderson, Reed and Long",SC,515 Ferguson Motorway Suite 319,Port John
100907,"Morris, Myers and Garcia",NC,365 Vanessa Shore Suite 215,Danamouth
100908,Paul Inc,NC,30958 Johnson Ford,Port Davidville
100909,Ross-Taylor,NC,37800 Boyer Viaduct Suite 725,Terrencechester
100910,Lewis-Hernandez,SC,25091 Julie Creek,West David
100911,"Snyder, Meyer and Jimenez",VA,032 Emily Track,Lake Christopherstad
100912,Wheeler-Sparks,NC,37841 Hoover Harbors Apt. 550,Lake Davidmouth
100913,Caldwell Ltd,TN,9116 Eric Skyway,South Jenna
100914,Macias and Sons,NC,8711 Kelly Mountain,East Jessica
100915,Hanna-Lee,NC,95917 Tate Drives,Lake Alex
100916,"Harris, Dominguez and Hinton",SC,82669 Collins Forks Suite 862,Lynnport
100917,"Pena, Williams and Andrade",NC,802 Patterson Centers Suite 703,South Kathleenstad
100918,Bush-Brady,VA,591 Conway Gateway Suite 364,Laurafort
100919,"Jimenez, Hall and Baird",NC,211 Frazier Avenue,East Jamesburgh
100920,Barnes Inc,NC,7032 King Fork,New Wendy
100921,Mitchell-Collins,NC,23832 Jasmine Skyway Apt. 410,Glennmouth
100922,Rose-Hudson,NC,7495 Michelle Hollow Apt. 558,North Ryan
100923,"Schmidt, Moore and Jackson",NC,5196 Shawn Walk Suite 936,Morrisonville
100924,Logan-Alvarado,NC,6654 Patricia Court Apt. 222,North Lindsayberg
100925,"Brown, Lynch and Rodriguez",NC,57011 Flores Keys Apt. 841,Atkinsonhaven
100926,Campbell Inc,NC,783 Nguyen Field,North Gregory
100927,Lopez-Lara,VA,1255 Wilson Field Apt. 982,Michelleshire
100928,Sullivan-Miles,NC,197 Cline Wall,East Emily
100929,"Armstrong, Lee and Scott",VA,5665 Christopher Centers Suite 688,Angelahaven
100930,Bryant Inc,NC,9540 Nicole Drive Suite 731,Shaneview
100931,Lambert-Zamora,VA,790 Bond Route,Port Kara
100932,Jenkins-Johnson,NC,47149 Mora Harbors,Marshallchester
100933,Berry LLC,NC,52870 Jason Stravenue,New Matthewshire
100934,"Wood, Lee and Cole",NC,632 Diana Groves,Port Melissa
100935,"Gray, Moreno and Maddox",NC,27385 Kelley Bridge Apt. 769,Georgemouth
100936,"Moore, Fisher and Davis",TN,034 Schmitt Square,Port Jacobfurt
100937,"Schwartz, Alvarez and Sanchez",SC,22315 Victoria Isle,Masonburgh
100938,Miller Group,VA,05207 Rodriguez Court,Kellychester
100939,Fitzgerald-Hernandez,NC,657 Cristian Park,South Isaacton
100940,Robertson PLC,VA,9326 Nicholas Light,North Kayla
100941,"Wilson, Benjamin and Moore",SC,26290 Lopez Isle,Lake Victoria
100942,"Williams, Hall and Olson",NC,9163 Frederick Junction,Rogerstad
100943,"Pacheco, Thomas and Wright",SC,7763 Richardson Mission,Leeville
100944,Bishop PLC,NC,142 Sweeney Heights,East Patrick
100945,Montgomery PLC,NC,763 Richard Rapid Apt. 901,East Donaldport
100946,Martin Inc,GA,19748 Lindsay Plains,Lauraton
100947,"Lowe, Price and Fry",NC,953 Steven Viaduct,Hendersonberg
100948,Schmidt-Haynes,SC,66011 Gibson Drive Suite 016,Michaelland
100949,Hart-Rodriguez,FL,76464 Tara Forges,West David
100950,Moore-Hayes,SC,9494 Johnson Brook Suite 085,Lake Elizabeth
100951,Riggs LLC,NC,21968 Tiffany Gateway,Jeffreyshire
100952,Sanders-Hendrix,SC,0054 Floyd Underpass,Michaelborough
100953,Warren LLC,NC,181 Ramirez Camp,Danielsland
100954,West LLC,VA,8880 Billy Circle,New Katie
100955,Cole LLC,VA,288 Sellers Ridge,Scottfort
100956,"Walton, Shaw and Roth",NC,0749 Michael Circle,North Jessicaborough
100957,Robbins-Nelson,NC,6869 Lewis Walks,Robertchester
100958,Wright LLC,NC,2906 Wood Mountains Suite 410,Smithstad
100959,Reese-Webb,SC,29981 Jessica Summit Apt. 964,Brownbury
100960,Dorsey-Reed,VA,61916 Harrison Hollow Suite 778,North Dakotabury
100961,Rosales-Thomas,SC,9723 Miguel Tunnel,Jonathanburgh
100962,Scott Ltd,SC,718 Travis Motorway Apt. 133,Ewingberg
100963,Miller-Andrews,VA,41366 Moore Avenue,Nicolefurt
100964,Hughes LLC,NC,66537 Howard Harbors Suite 490,Jordanstad
100965,"Thomas, Wood and Mitchell",SC,7105 Nicholas Green Suite 215,Hamptonmouth
100966,"Hamilton, Green and Wallace",FL,46984 Michelle Islands Suite 798,Amandatown
100967,Cox-Roberts,NC,778 Robert Ridges Apt. 955,East Joann
100968,Holland-Skinner,VA,9406 Michael Port Apt. 761,East Jacqueline
100969,"Mason, Smith and King",SC,2695 Young Isle Apt. 941,East Jennifermouth
100970,"Torres, Turner and Vance",NC,6242 Autumn Harbor Suite 361,West Michelleberg
100971,Daniel-Hensley,VA,17603 Jason Course Apt. 657,Port David
100972,"Spence, Hampton and Young",NC,43416 Christopher Road,East Glenn
100973,Mccoy LLC,NC,872 Thompson Trail,West Mary
100974,"Chang, Deleon and Morris",GA,41440 Anita Spring Suite 020,Campbellstad
100975,Johnson and Sons,NC,67407 Osborne Oval,Piercefurt
100976,Colon LLC,NC,55559 Valerie Forest Apt. 161,West Katherine
100977,Walker-Anderson,NC,016 Jeffery Groves,Arnoldhaven
100978,Brewer-Jordan,SC,7132 Moore Light Suite 243,East Emilyside
100979,"Mendoza, Fry and Ware",GA,71354 Joshua Summit,East Leahhaven
100980,Medina-Freeman,NC,441 Jesse Groves Suite 868,Lake Anthony
100981,"Taylor, Whitney and Hart",NC,00538 Pearson Bridge Apt. 795,Port Margaretfort
100982,Wilson-Barnes,NC,1883 Raymond Squares Suite 531,Mathewston
100983,"Wade, Harmon and Hernandez",FL,9984 Boone View Apt. 554,Patrickside
100984,Santiago-Hale,FL,5689 David Inlet,New Johnny
100985,Ramirez Ltd,NC,404 Jesse Crossroad,Staceystad
100986,"Huffman, Simpson and Smith",VA,234 Edward Lodge Apt. 160,Petersonport
100987,"Russell, Callahan and Krueger",VA,763 White Parkway,New Shannonborough
100988,Hernandez-Jordan,NC,719 Williams Plains Apt. 284,West Williammouth
100989,Johnson-Roberts,NC,440 Gregory Road Suite 538,Stuartview
100990,"Nguyen, Jones and Buck",NC,123 Dennis Knoll,Wolfmouth
100991,Davis Group,SC,1728 Wilkerson Dale,Robinsonton
100992,"Garcia, Oconnor and Johnson",NC,491 Taylor Coves,New Davidport
100993,Hughes Ltd,NC,91975 Dawn Meadows,North Michaelberg
100994,Roth Inc,VA,788 Gentry Lake,Cooperside
100995,Bates-Contreras,SC,94417 Brenda Falls,East Maria
100996,Henderson Group,GA,71085 Hernandez Summit,Bassview
100997,"Peters, Johnson and Pacheco",NC,8213 Vicki Canyon Apt. 537,North Marcia
100998,Vazquez-Collins,VA,8099 Marc Pass Suite 946,Marioland
100999,Bell-Smith,NC,65514 Alexander Pine,Michelleborough
101000,Smith and Sons,GA,09609 Marshall Wells,Sylviatown
101001,"Gordon, Doyle and Moore",VA,17970 Powell Drive Apt. 305,Lake Jennifer
101002,"Adams, Davidson and Mitchell",NC,66449 Rebecca Burgs Suite 007,Caitlinmouth
101003,"Oneill, Williams and Noble",NC,7904 Warren Loaf Apt. 981,Reillyville
101004,Davis Group,SC,673 Gonzalez Rapids Apt. 915,Lake Michaelbury
101005,Dillon-Cunningham,SC,5715 Edwards Parkway Apt. 979,New Evan
101006,"Rogers, Williams and Olsen",TN,10861 Carson Green Suite 561,Elaineview
101007,Molina Inc,VA,83384 Jamie Mall,North Bruce
101008,"Rogers, Morrison and Davis",NC,53274 Taylor Keys,North Aaronshire
101009,Williams-Friedman,VA,6907 Lopez Road,West Rebecca
101010,"Burns, Lee and Davis",NC,925 Tamara Harbor,Johnside
101011,"Franklin, Gutierrez and Hughes",FL,19985 Gonzalez Rest Apt. 132,Jessicaside
101012,"Hobbs, Delgado and Wagner",VA,07647 Taylor Loaf Apt. 822,North Daniel
101013,"Alvarado, Austin and Carroll",VA,215 Micheal Gateway,Josephland
101014,"Johnson, Barrera and Marshall",SC,2387 Kimberly Flat,Lake Melissaville
101015,Patel Ltd,TN,4472 Wiggins Row Suite 667,New Phillipchester
101016,Cervantes-Fischer,FL,55674 Sydney Dam,Christophertown
101017,"Rodriguez, Pacheco and Payne",FL,869 Fleming Ports Apt. 571,Jacksonmouth
101018,Henderson PLC,TN,70129 Robert Heights Apt. 096,Laurenborough
101019,Nicholson-Wright,VA,3306 Audrey Mountain,Williammouth
101020,Moore-Wilson,SC,61901 Theodore Mission,Jaclynside
101021,Smith Group,NC,9913 Javier Centers Suite 900,Port Amyburgh
101022,Porter Inc,NC,93267 Vargas Roads Suite 611,East Joshua
101023,Fowler-Hamilton,SC,993 Smith Stravenue Apt. 019,Port Tarashire
101024,"Rodriguez, Floyd and White",NC,7841 Jason Gateway Suite 058,Michaelmouth
101025,Huffman Ltd,NC,373 Michelle Track Suite 825,Port Sarahmouth
101026,Glover-Bowen,NC,99445 Moody Valleys Suite 238,East Karenland
101027,Smith Group,TN,62687 Alicia Burg Suite 711,North Davidton
101028,Cook-Parker,SC,8063 Michael Haven Suite 020,South Tina
101029,"Kennedy, Juarez and Fitzgerald",SC,241 Williams Harbor Apt. 331,Nicholasfort
101030,Watson Ltd,NC,47856 Pamela Parkways,Gregoryberg
101031,"Wells, Long and Wagner",NC,06363 Sharon Vista,Port Albert
101032,Johnson Ltd,NC,123 Bolton Ways Suite 068,Marymouth
101033,Luna-Cook,NC,32650 Cheyenne Loop,Erikville
101034,Grant and Sons,NC,857 Brown Orchard,Webbville
101035,Chang Group,GA,178 Wood Plains Suite 958,North Karl
101036,Myers-Garcia,VA,47088 Tiffany Cape,New Jamiemouth
101037,Soto-Sanchez,NC,9024 Eric Junctions,Holtville
101038,Cochran Ltd,GA,03646 Hubbard Squares Suite 890,Brendaside
101039,Oliver Ltd,GA,716 Billy Canyon Suite 481,Priscillaland
101040,"Davidson, Barker and Duncan",VA,11599 Gordon Greens,Johnsonside
101041,Schneider Ltd,NC,7477 Brandi Forest Apt. 205,Andreamouth
101042,"Edwards, Phillips and Hardin",VA,8070 Douglas Run Suite 223,Haynesview
101043,Fitzgerald Ltd,NC,5152 Chelsea Common Apt. 594,Port Bradleychester
101044,Mays-Castro,NC,5367 Matthew Trace,Littlestad
101045,"Brown, Ruiz and Morgan",NC,099 Cunningham Groves Apt. 540,Lake Leonville
101046,"Franklin, Gallegos and Richardson",NC,13752 Jamie Coves,New Martin
101047,"Beltran, Guzman and Gardner",VA,945 Kristina Rapids Apt. 086,New Brandifurt
101048,Cain LLC,NC,701 Jacqueline Island,Danielfurt
101049,Roberts-Myers,NC,1384 Frederick Mill,Johnsonport
101050,Lee-Johnson,NC,808 Rachael Streets Suite 541,Lake Carlaborough
101051,Cunningham-Douglas,NC,8675 Flores Isle,East Charles
101052,"Powers, Peterson and Oneal",VA,12448 Richard River Suite 625,Wardmouth
101053,Hernandez-Fitzpatrick,SC,563 Wright Mews,East Richardton
101054,Hernandez-Randolph,VA,46903 Kennedy Manors Suite 224,East Jennifer
101055,Shields-Rodriguez,TN,3969 Simon Roads Apt. 830,West John
101056,Walker-Drake,NC,18224 Lewis Terrace Apt. 231,Stephensmouth
101057,Russell-Hayes,SC,8765 Brown Green Apt. 258,Kaiserchester
101058,"Jensen, Perez and Mcpherson",GA,083 Johnston Fork Apt. 693,Ortizland
101059,Bell LLC,NC,817 Alexandria Canyon Suite 128,West Justinton
101060,Williams-Jackson,NC,2128 Chad Underpass,Jensenton
101061,"Finley, Moreno and Chung",NC,059 Anderson Lake Suite 583,Michaelton
101062,"Higgins, Morrow and Green",VA,37575 Phillips Square,East Davidmouth
101063,Perez-Parsons,NC,536 Alvarez Overpass Suite 292,East Christianfort
101064,Hoffman LLC,NC,832 Gomez Gateway,Valeriestad
101065,"King, Rivera and Nguyen",FL,35757 Jack Islands,Port Joseph
101066,Wilson PLC,NC,892 Robertson Motorway Apt. 760,Lake Patrick
101067,Owens-Rodriguez,NC,55259 Maddox Camp Suite 205,Lake Juliaville
101068,Alvarez-Wang,SC,0195 Hogan Stravenue,Lucasberg
101069,Hall PLC,TN,0850 Justin Cove Suite 175,Scottport
101070,Burnett and Sons,VA,21430 Davis Course,East Janethaven
101071,Porter-Watson,FL,7689 Amy Orchard Suite 264,New Michael
101072,Rice LLC,SC,8120 Burton Union,Brownshire
101073,Davis LLC,NC,5961 David Land,East Davidview
101074,Dean-Evans,SC,7692 Cassandra Ridges Apt. 080,Williston
101075,"Thompson, Andrews and Walker",GA,2835 Espinoza Locks,South Thomasbury
101076,Hale Inc,VA,2001 Bennett Dale,Lake Jennifershire
101077,"Martin, Schroeder and Miller",SC,268 Victor Branch Apt. 524,Shawnside
101078,"Pena, Berry and Keller",VA,13299 Jessica Circles Suite 597,Elizabethshire
101079,"Larson, Mcclure and George",TN,76632 Castillo Creek,North Josephfort
101080,"Holt, Brown and Davis",NC,056 Brian Rest,Davilaton
101081,Thomas Ltd,NC,1789 James Crossroad Suite 715,Lake Manuelberg
101082,Moody Group,NC,870 Mitchell Underpass,Levychester
101083,Pennington-Huffman,VA,477 Steven Forges,Marciaburgh
101084,"Riley, Hutchinson and Potter",NC,8077 Hoffman Unions,Janetshire
101085,Bishop and Sons,SC,54403 Warner Center Apt. 803,Lake Amandastad
101086,Lowe-Durham,NC,715 Swanson Lock Apt. 921,West Nicholastown
101087,Lopez-Morales,GA,90830 Noah Street,Jamesland
101088,"Love, Smith and Brown",NC,38375 Trevor Hollow Apt. 156,Alexanderbury
101089,"Lee, Cooper and Parks",NC,78271 Marie Mountains,New Kaylaberg
101090,"Holloway, Meyer and Reed",NC,30609 Chelsea Passage,East Melissa
101091,"Mason, Henry and Burgess",NC,13222 Cody Points,New Robertbury
101092,Edwards Inc,NC,93121 Yang Fort,Amyview
101093,"Hale, Wilson and Burns",TN,88678 Hunt Creek Suite 099,Carolynstad
101094,Mullins-Hood,NC,38035 William Ports Suite 789,Shannonhaven
101095,Edwards Inc,SC,60742 Travis Flat Suite 143,Juantown
101096,Adams LLC,NC,5181 Stephanie Glens,East Tylerstad
101097,Scott-Ward,NC,17191 Johnson Turnpike Suite 303,Ambershire
101098,Johns-Miller,NC,1025 Abigail Trail Apt. 475,North Stephenland
101099,Tucker PLC,VA,5666 Robinson Ridges,West Melanietown
101100,"Williams, Conway and Peterson",NC,919 Donald Circles,Josephport
101101,"Mueller, Yates and Finley",NC,16976 Nelson Avenue,South Carla
101102,"Lynch, Phillips and Williams",SC,8558 Kelly Island,Lake Timhaven
101103,Cross-Green,SC,49545 Moss Ports,Christinechester
101104,Cain-Townsend,NC,2114 Harper Via Apt. 887,Millerhaven
101105,Nash-Roth,FL,9843 Watson Groves,North Edwardport
101106,Chen LLC,NC,976 Jackson Shore,South Kevin
101107,"Quinn, Leblanc and Gilbert",NC,96468 Chad Squares Suite 819,Garzafurt
101108,Wallace PLC,GA,83741 Teresa Passage,Kellyport
101109,"Jones, Jones and Schroeder",FL,664 Contreras Garden,Walshfurt
101110,Garcia-Johnson,VA,1209 Tapia Ports,Port Cameron
101111,Dean-Williams,NC,093 Becky Lakes,Lake Raymond
101112,"Bonilla, Davis and Hill",NC,63292 Linda Squares Suite 449,South David
101113,Johnson Group,SC,422 Mata Centers Suite 491,Gregorybury
101114,"Brock, Aguirre and Larsen",GA,63227 Smith Centers,Hartmouth
101115,Sweeney and Sons,NC,62541 Noah Ways,Courtneyhaven
101116,Jimenez PLC,NC,1121 Howell Track,Joelland
101117,Green and Sons,SC,07104 Reed Rue,Carpenterhaven
101118,Lloyd-Smith,SC,07194 Robert Islands Apt. 522,Matthewshire
101119,"Harris, Mills and Leonard",GA,901 Destiny Isle Apt. 096,Edwardschester
101120,"Smith, Smith and Shepherd",NC,968 Velazquez Isle,South Susanshire
101121,Simmons-Poole,SC,76707 Watson Street Apt. 646,West Tiffany
101122,Dunn Inc,NC,4206 Nelson Union,East Christopherfurt
101123,Stewart-White,NC,8586 Walters Mountains,Lake Joshua
101124,"Dennis, Ingram and Gaines",VA,175 Sean Mills,Moorefurt
101125,"Hayden, Grant and Phillips",NC,5298 Cline Shore,Lake Kevinstad
101126,"Garcia, Sutton and Smith",NC,2061 Robert Stravenue,North Jennifermouth
101127,Garcia and Sons,NC,78059 Carrillo Isle Apt. 000,Harveybury
101128,Pierce LLC,SC,296 Joyce Streets,West Erika
101129,Wilson-Dillon,NC,986 Michelle Trail,West Nicoleville
101130,"Zavala, Hull and Romero",NC,7897 Jones Path Apt. 950,Sandrastad
101131,Burns-Freeman,NC,060 Ryan Pine,East Neilshire
101132,Carpenter-Nelson,NC,5470 Ashlee Ridge,Candaceberg
101133,Fields Ltd,NC,99290 Lee Burgs Suite 799,East Daniel
101134,"Gonzales, Harris and Turner",VA,31730 Stevens Cliffs,East Carl
101135,Browning Inc,TN,32112 Gomez Passage,Danielfurt
101136,"Roman, White and Miller",NC,282 Shannon Glen Suite 375,Sandershaven
101137,Fox-Gutierrez,SC,70818 Edwards Springs,Chapmanland
101138,"Herrera, Wilson and Jackson",NC,74633 Frey Freeway,Wileyville
101139,Nguyen Ltd,NC,712 Larry Haven,Lucasfurt
101140,Barron Inc,VA,1020 Rebecca Plains Suite 479,North Blakeborough
101141,"Luna, Gutierrez and Davis",NC,3387 Kathryn Bypass,Johnsonberg
101142,Thompson-Walsh,NC,81548 Brown Club Apt. 913,Christopherport
101143,Rangel Ltd,SC,113 Emily Point,New Amanda
101144,Walsh-Sullivan,NC,582 Lester Ramp,Port Denise
101145,"Moody, Weeks and Johnson",NC,1951 Romero Islands,New Martha
101146,Medina Group,NC,8952 Nicholas Island,South Steven
101147,Nunez-Price,SC,362 Dyer Rapid Apt. 396,Kellerville
101148,Avery-Fletcher,NC,5478 David Trafficway,North Ian
101149,Hamilton and Sons,SC,8618 Patterson Trace Apt. 668,Kennethview
101150,"Martinez, Jackson and Pierce",NC,0938 Lisa Trail,Sabrinaland
101151,Scott LLC,NC,8428 Allen Crossing,East Michael
101152,Hill-Garcia,TN,5708 Daniel Freeway Suite 799,Port Andrew
101153,"Ross, Thompson and Barnett",FL,5198 Griffin Roads Apt. 726,Port Williamland
101154,"Ruiz, Pace and Morales",SC,6689 Wood Expressway,Jacobborough
101155,"Jordan, Edwards and Campbell",NC,326 April Rapids,East Rachel
101156,Meyer-Cruz,NC,71712 Wells Lakes Apt. 971,Campbellchester
101157,"Carr, Henderson and Schroeder",VA,006 Williams Street,Velasquezmouth
101158,"Waters, Jackson and Fernandez",SC,18150 Marisa Cove,East Johnmouth
101159,"Daniel, Swanson and Wilson",NC,56081 Dylan Ville Suite 767,Gambleburgh
101160,Koch PLC,NC,0275 Thompson Glens Suite 582,Colleenbury
101161,"Larsen, Johnson and Morris",NC,495 Knapp Drive Suite 619,New Jeffborough
101162,"West, Edwards and Luna",NC,121 Delacruz Mills,West Rebeccahaven
101163,Fernandez and Sons,GA,62392 Diane Roads,Lake Paulton
101164,Anderson LLC,SC,347 Gordon Gardens Suite 119,Lake Kelsey
101165,Bennett and Sons,NC,279 Rebecca Valleys,West Juanfurt
101166,"Hanson, Hendrix and Ross",SC,6545 Melissa Mountain Suite 650,South Rodneyport
101167,"Lin, Schmidt and Jackson",SC,73913 Kristy Roads,Mccoyhaven
101168,Smith-Blake,NC,76415 Valenzuela Roads Apt. 654,Millerbury
101169,Castro LLC,GA,8043 Gates Plaza,Michelleshire
101170,Lowe and Sons,SC,921 Smith Cape,East Katherinefort
101171,Alexander and Sons,SC,6551 Tammy Springs Suite 497,New Tanyamouth
101172,"Morris, Luna and Norman",VA,775 Ellis Ridges,Harrisville
101173,"Mills, Hamilton and Bishop",NC,8181 Nicholas Lock,South Chelseafurt
101174,Berry-Hall,VA,742 Garcia Harbors Suite 173,Samanthahaven
101175,Pham Inc,NC,72176 Catherine Knolls Suite 985,Ortizchester
101176,Miller-Finley,NC,046 Hailey Mills Apt. 629,Charlesstad
101177,Rodriguez-Roberts,VA,984 Johnson Flats Suite 540,Tranmouth
101178,"Wilson, Hamilton and Hernandez",SC,834 Wheeler Cliffs,Cookbury
101179,Johnson Inc,NC,2373 Parsons Motorway Apt. 059,Markton
101180,"Shaffer, Martin and Ball",GA,896 Tate Trafficway,West David
101181,"Thomas, West and King",GA,8985 Walker Trafficway,Kariton
101182,Jennings-Smith,SC,980 Timothy Manors,Donport
101183,"Hoffman, Santiago and Wood",NC,0474 James Glens Apt. 038,South Mary
101184,Diaz-Burch,VA,94879 Gary Cove Apt. 806,Andreaville
101185,Dominguez LLC,FL,31850 James Mall,Johnsonside
101186,"Webb, Weaver and Hall",NC,81138 Smith Manors Suite 509,East Davidview
101187,Fitzpatrick LLC,NC,536 Tammy Forge,North Jordanmouth
101188,Diaz-Gibson,NC,53099 Clark Rest Apt. 525,Annafurt
101189,"Oneill, Gonzalez and Jackson",FL,75002 Bennett Junctions,Yangview
101190,Huffman-Park,NC,58101 Timothy Landing Suite 625,North Joseph
101191,Maddox-Marks,VA,335 Harmon Pass,New Bryanbury
101192,"Zimmerman, Henry and Richardson",VA,096 Aguirre Locks Suite 956,Campbellberg
101193,"Hernandez, Holden and Fernandez",NC,15433 Wilson Knoll,Mindymouth
101194,"Harris, Moreno and Carey",FL,9024 Perez Run,East Catherineview
101195,"Miller, Hanson and Gonzales",NC,399 Watts Prairie Apt. 130,East Jessicamouth
101196,Johnson PLC,NC,34467 David Dam,Marissaville
101197,Moore PLC,FL,7581 Steven Greens,Smithview
101198,Rodriguez Ltd,FL,629 Jensen Lake,Donnaborough
101199,Smith LLC,TN,08940 Baker Valley,New Nathanfort
101200,Campbell and Sons,NC,674 Edwin Track Apt. 385,Clarkfurt
101201,Reeves-Williams,VA,539 Jerry Trace Apt. 281,South Nancy
101202,Brooks-Bender,NC,4846 Wendy Dale Apt. 816,Richardton
101203,Hernandez-Thompson,VA,77184 Mark Forge Apt. 939,East Nathanfurt
101204,Armstrong-Brown,TN,42899 Julie Tunnel,New Jodi
101205,Jones and Sons,NC,383 Fields Greens Suite 168,Carlaland
101206,Ortiz-Carter,SC,41925 Pamela Inlet,Gregoryland
101207,"Kelley, Gonzalez and Yu",SC,2020 Weber Ways,Markshire
101208,Smith-Lewis,TN,3341 Gregory Ranch,East Donaldville
101209,Morris-Bennett,NC,88848 Smith Turnpike Apt. 241,New Richard
101210,Johnson-Jones,TN,033 Walter Squares,Lake John
101211,Porter-Hodges,NC,65865 Mason Islands,Port Levifort
101212,"Wilson, Hopkins and Perez",SC,68381 Burgess Parks Suite 517,Davidview
101213,"Ortega, Michael and Pacheco",NC,116 Rowland Gardens Suite 673,Lake Davidshire
101214,Ward-Alvarez,NC,39490 Hannah Centers,Gillespiefurt
101215,"Cruz, Perkins and Trevino",NC,83364 Ana Brooks Suite 555,Port Barbara
101216,"Mcdonald, Johnson and Cardenas",FL,952 Eric Points,East Mark
101217,"Higgins, Keith and Rodgers",SC,387 Elliott Bridge Suite 907,North Travis
101218,"Jackson, Mitchell and Ford",FL,2082 Chan Shore,Vazquezville
101219,Jennings-Mccall,NC,94014 Dawn Island,New Nataliehaven
101220,Lopez-Warner,NC,75250 Hall Ridge,Matthewbury
101221,Lee-Robinson,GA,103 Adams Turnpike,West Mitchellborough
101222,"Doyle, Marshall and Hansen",NC,9432 Adam Crest Apt. 905,Garrettview
101223,Hall PLC,NC,90088 Jo Curve,North Lisafort
101224,"Wong, Brown and Blackburn",GA,2286 Mullins Cape,Paulfurt
101225,"Lester, Villegas and Arnold",SC,315 Montgomery Underpass,North Elizabethport
101226,Smith-Le,FL,582 Robles Loop,New Amanda
101227,Moran and Sons,SC,51064 Perry Divide,Nicholasview
101228,"Jordan, Avila and Yates",VA,30499 Underwood Lights Apt. 561,Port Moniqueport
101229,Scott-Poole,VA,4943 Benjamin Route,Rogersborough
101230,Carson-Murphy,NC,49271 Linda Common Suite 227,Calvinview
101231,"Stevens, Rush and Gray",SC,99485 William River Suite 124,Vernonmouth
101232,"Wagner, Bradford and Williams",FL,9226 Larry Trace,East Christopher
101233,Jackson-Gray,NC,9022 Donald Haven Apt. 981,Lake John
101234,"Peterson, Dunn and Greene",NC,333 Justin Locks Suite 445,East Grace
101235,Carter-Mann,NC,610 Angela Mall,Rebeccachester
101236,"Walker, Molina and Conley",VA,4956 Marvin Spurs,Mckeeberg
101237,Petersen Inc,NC,555 Torres Lakes,Alicialand
101238,Young-Wood,SC,96854 Gary Bypass Apt. 169,Cynthiahaven
101239,Reed Inc,GA,604 Luna Parks,Melaniefort
101240,Taylor Inc,NC,598 Henderson Dale Suite 024,Port Scott
101241,"Hayes, Knight and Collins",GA,43129 Wesley Course,Port Antonioview
101242,Mills-Thompson,NC,5314 Austin Camp,West Alexander
101243,Miller-Smith,NC,155 Rodney Radial Apt. 648,Lake Matthewbury
101244,Mora Inc,NC,227 Brown Ville,Rebeccahaven
101245,Lutz-Miller,NC,275 Torres Squares,South Brian
101246,Green PLC,NC,728 Donna Fork,Lake Charles
101247,Watkins-Davis,SC,40338 Farmer Rapid Suite 926,South Michelle
101248,"Ortiz, Richards and Lee",NC,389 Bolton Extension,North Monicashire
101249,Holmes PLC,NC,7835 Gary View,South Kimberly
101250,Gould Inc,NC,80334 Joseph Track Suite 190,Karastad
101251,"Mcbride, Peterson and Hanson",SC,413 Kelly Walks Suite 122,Robinshire
101252,"Brown, Foster and Collins",VA,3565 Jacqueline Flats,East Randy
101253,Morgan Ltd,NC,92490 Jim Row Suite 802,Lake Annside
101254,Bright-Young,NC,839 Andre Courts Apt. 529,East Joseph
101255,"Bell, Nelson and Bray",TN,80574 Gillespie Summit,Wandaborough
101256,"Rose, Le and Gray",SC,06425 Wilkerson Fort Apt. 569,South Christopher
101257,Brown-Mendez,SC,5439 James Glen Suite 799,South Alyssachester
101258,"Singh, Abbott and Reid",NC,7289 Stephanie Field Apt. 443,East Christineville
101259,Miles Ltd,NC,24600 Cobb Isle,Brendachester
101260,Taylor-Peterson,FL,8951 Phillips Parkway,Martinstad
101261,Schultz LLC,FL,2310 Victoria Well,Ellisonton
101262,Cooper Ltd,NC,670 Debbie Turnpike,North Jeremy
101263,Townsend-Meyers,NC,5486 Cody Center Suite 824,Adamsfort
101264,"Barton, Garcia and Key",SC,30963 Travis Plains Apt. 316,Ronaldton
101265,Blake Ltd,NC,18211 James Pike Apt. 078,North Sara
101266,Clark-Cantrell,SC,1493 Anne Cape,South Amanda
101267,Perez PLC,NC,924 Green Drives,Stephenstown
101268,Johnson-Webster,NC,561 Joseph Fort,Deantown
101269,Hale-Lawson,NC,607 Andrew Stream,West Rebeccatown
101270,"Simpson, Moore and Lewis",GA,11436 Matthew Locks Suite 586,Flynnchester
101271,"Harris, Lee and Hooper",SC,5623 Rachel Extension Suite 368,Harrisfurt
101272,Perez-Rojas,VA,6537 Rodriguez Plains Apt. 978,East Josephbury
101273,Ward-Baker,SC,24301 Ponce Branch,North Carriechester
101274,Taylor Ltd,NC,152 Patrick Ville Apt. 416,Clarktown
101275,Little Ltd,TN,6291 Bowen Plain Apt. 275,West Rebecca
101276,Spence-Swanson,TN,5597 Monica Drive Apt. 924,West Heather
101277,"Richards, Wiley and Lindsey",VA,546 Smith Springs Suite 488,Adamsfurt
101278,Wade-Obrien,VA,536 Sanchez Vista,Tiffanyburgh
101279,"Pena, Rogers and Morrison",NC,45349 Jesus Centers,Wilsontown
101280,Johnson Inc,NC,659 Brown Rapid Apt. 635,North Donald
101281,Mendez LLC,GA,6120 Mark Mill Apt. 488,Mitchellhaven
101282,Shepherd-Taylor,NC,82505 Christina Ford Suite 519,Andersonchester
101283,Thomas-Sullivan,SC,7205 Danielle Plaza Apt. 288,Thomasville
101284,Baker Inc,NC,887 Brianna Row,Beckhaven
101285,Rodriguez Inc,SC,6431 Flores Corner,Sandersfort
101286,Barrera-Davis,SC,4047 Mary Turnpike Apt. 837,Anthonyfort
101287,Cook Inc,NC,204 Aguilar Trail Apt. 085,Dyerchester
101288,Sheppard LLC,NC,7004 Barnett Land Suite 206,South Michael
101289,Smith Group,SC,4979 Chambers Lodge,Deanport
101290,Horn-Hickman,VA,13555 Horton Mountains,Mckaychester
101291,Baker Ltd,FL,43115 Thomas Gardens Apt. 285,New Colleenburgh
101292,"Hicks, Kim and Hicks",SC,43553 Warren Mall,New Amberport
101293,Murphy LLC,VA,8389 Heather Knolls Suite 332,Nicholastown
101294,Lopez-Rogers,TN,85529 Jacob Rapids,Kevinchester
101295,Williams-Griffin,NC,87905 Young Springs,Jacobbury
101296,Bryant-Parker,GA,9036 Michael Junctions,North Richardbury
101297,Ray PLC,NC,67395 Phillips Circle,Lake Jeffrey
101298,Cohen-Wilson,GA,9241 Gary Shores,Victoriaberg
101299,"Davis, Atkins and Sherman",SC,7602 Washington Way,Thomasmouth
101300,"Garrett, Thomas and Coleman",NC,2022 Charles Forges Apt. 871,South Ebony
101301,Juarez-Summers,GA,968 Baker Parkway Apt. 678,East Samuel
101302,"Jackson, Shaw and Pugh",SC,2669 William Road,Heatherview
101303,Vang-Williams,NC,067 Garcia Bridge,East Erin
101304,"Cameron, Willis and Jackson",NC,919 Munoz Station,Blaketon
101305,"Osborne, Foster and Singleton",SC,0592 Richard Courts,North Kristie
101306,"Hobbs, Adkins and Waller",FL,43995 Stone Square Suite 219,Willismouth
101307,Robertson-Holland,GA,368 Gonzalez Centers Apt. 203,Lake Jason
101308,"Stephens, Donaldson and Long",NC,2197 Thompson Ranch,Sarahberg
101309,Carroll-Estes,NC,07100 Pope Manor Apt. 782,Barbaraberg
101310,Mitchell LLC,SC,5354 Tammy Lodge,Delgadofurt
101311,Howard Group,NC,243 Werner View,West Daniel
101312,"Henderson, Lewis and Moore",SC,38053 Beard Orchard Suite 092,Lake Mark
101313,Carter Inc,NC,775 Jamie Mountain,Jamesburgh
101314,Brown LLC,NC,199 Gomez Orchard Suite 507,Mataport
101315,Howard-Silva,SC,77891 Thomas Drive Suite 286,Port Deanna
101316,"George, Rich and Cole",NC,45054 Nicole Spurs Suite 919,North Kim
101317,Flores-Hughes,SC,170 Wong Circle,Fitzpatrickburgh
101318,"Brown, Carter and Church",FL,264 Erica Shores,New Kevin
101319,Roach-Miller,NC,33920 Turner Circles Apt. 760,Olsonchester
101320,Lewis-Cook,SC,324 Martinez Glens Apt. 776,Sarahstad
101321,Gonzalez-King,SC,837 Washington Dale,Coffeyhaven
101322,Copeland-Holt,NC,0391 Davis Branch Apt. 081,West Nicole
101323,Lawrence-Petersen,NC,133 Turner Plaza,Perkinsfurt
101324,"Bowman, Douglas and Jenkins",TN,99620 Eric Walk Suite 662,South Diana
101325,Fisher Ltd,SC,00355 Davis Groves,Watkinsfurt
101326,Levine Group,NC,75832 Sean Crest,Cherylhaven
101327,"Martin, Carroll and Huang",NC,50617 Robertson Throughway,Jacksonberg
101328,Brown-Thompson,NC,625 Andrews Oval Suite 056,West Bryan
101329,"Glenn, Kim and Barrera",FL,248 Emily Meadows,Wiseton
101330,"Brooks, Moore and Payne",VA,61005 Anthony Turnpike Suite 334,Erinfurt
101331,"White, Scott and Gibson",NC,96232 Mitchell Fords,Lake Vanessa
101332,May PLC,NC,913 Erik Place,Johnsonmouth
101333,Kelley Inc,GA,48811 James Plains,Obrientown
101334,Reyes-Lopez,VA,844 Justin Orchard,East Heatherbury
101335,Henderson PLC,SC,71578 Joseph Manors Suite 618,Alexischester
101336,Dixon Ltd,NC,0350 Tracey Springs Suite 716,Vickichester
101337,"Roberson, Summers and Palmer",SC,506 Smith Via,Port Carolchester
101338,Perez Group,NC,20993 Derek Tunnel Apt. 226,West Kaitlynchester
101339,"Boyd, Oconnell and Macdonald",GA,9449 James Grove Apt. 404,Port Kristinstad
101340,"Miller, Perry and Adams",SC,0801 Ortega Highway,Lewisberg
101341,"Lindsey, Bishop and Allen",NC,427 Amber Burgs Apt. 030,South Shawn
101342,Campbell-Hughes,NC,838 Bernard Circle,Rogersbury
101343,Cox-Davis,NC,721 Powell Point,Codymouth
101344,"Rogers, Carter and Smith",TN,580 Stephen Knolls Suite 571,East Tina
101345,Holmes LLC,SC,531 Haynes Viaduct Apt. 592,Lake Gary
101346,"Mills, Rodriguez and Hines",TN,4154 Mason Circle,Ralphbury
101347,Edwards-Coleman,NC,23211 Alexander Grove Suite 406,Taylormouth
101348,Turner Ltd,NC,1260 Eric Harbor Apt. 825,West Jessica
101349,May Ltd,TN,1222 Stokes Fort Suite 689,Lake Daniel
101350,Velazquez-Torres,NC,2147 Edwards Prairie,Port James
101351,Flynn LLC,FL,322 Swanson Fords,Lake Michaelland
101352,Wood-Miller,SC,50409 Bradley Well Apt. 067,East Anthonyburgh
101353,Murphy LLC,NC,106 Joseph Point Apt. 781,Shahmouth
101354,Webb-Garza,GA,8976 Taylor Fork Apt. 199,New Bethany
101355,Martinez-Ruiz,VA,925 Jones Viaduct Suite 676,East Nancy
101356,"King, Guerra and Brown",VA,2124 Nichols Stream,New Amy
101357,"Douglas, Stephens and Brown",NC,955 Richard Forges Suite 736,Debbiemouth
101358,"Henderson, Henry and Torres",NC,52465 Briana Well Suite 325,North Cassandra
101359,Lewis and Sons,NC,702 Jenna Ports,New John
101360,Hickman-Buckley,SC,9691 Lambert Crescent Suite 583,Melissatown
101361,"Moore, Martin and Miller",NC,0275 Murray Plains,Campbellhaven
101362,"Smith, Moore and Thompson",SC,926 Timothy Isle Apt. 577,West Caitlin
101363,"Perry, Chan and Garcia",NC,175 Schmidt Ridges,Jonestown
101364,Davis-Alvarez,NC,58026 Hines Junction Suite 446,North David
101365,Mendoza-Contreras,NC,81788 Wilson Roads Suite 270,Andrewstad
101366,Miles Ltd,NC,66741 Rangel Land,Davisfort
101367,"Williams, Brown and Morgan",NC,3585 Timothy Turnpike,Dominiquefurt
101368,"Velazquez, Cisneros and Campbell",NC,97347 Ford Forge Suite 230,Port Billy
101369,Medina and Sons,FL,7335 Manning Way,Bradfordside
101370,"King, Weiss and Wood",FL,4287 Dylan Plains,Port Parker
101371,"Tucker, Hansen and Pham",NC,945 Horton Road,New Judith
101372,Jimenez LLC,NC,521 Melinda Forks Apt. 090,Dianebury
101373,Miller PLC,FL,08760 Richard Dale,New Sharonborough
101374,Cooke and Sons,VA,620 Mary Radial,Allisonland
101375,Grimes-Bailey,NC,583 Jared Centers,North Kenneth
101376,Collins PLC,NC,14773 Simon Mill Suite 232,New Brian
101377,Parker PLC,NC,83253 Stuart Prairie,Normanton
101378,Ruiz-Carter,SC,59321 Sarah Streets,Trevorbury
101379,Melton-Clark,TN,4102 Noble Loaf,East Johnny
101380,Washington LLC,NC,04346 Christina Bridge,Amyhaven
101381,Alvarez LLC,NC,85600 Stacy Union Apt. 048,West Jasmineberg
101382,Santana and Sons,VA,2768 Michael Trail Apt. 127,Vazquezfurt
101383,Conrad-Collins,NC,54636 Fuller Mountains,Youngville
101384,Taylor Ltd,NC,289 Roy Radial,Fletcherland
101385,Williams and Sons,NC,8822 Lori Road Suite 530,Hoffmanmouth
101386,Wright-Edwards,NC,625 Julie Meadows,Timothybury
101387,"Thompson, Bennett and Hoffman",FL,260 Clark View Apt. 930,Cookville
101388,Davis Group,NC,649 Randall Turnpike Suite 284,Stokeshaven
101389,Williams PLC,GA,16860 Gregory Forges,Port Williamhaven
101390,Sims-Burns,TN,36515 Traci Throughway Suite 827,Martinfort
101391,"Harris, Willis and Morris",FL,4364 Ellis Station Suite 370,East Michael
101392,Ortiz and Sons,NC,299 Maria Ramp,Jefferyshire
101393,Davis-Smith,NC,94605 Heather Spring,Dianaport
101394,Nguyen-Holden,FL,61499 Wilson Extension Suite 100,Port Nicholasberg
101395,"Gonzalez, Brown and Martin",SC,457 Sean Mill,West Christophertown
101396,Willis-Johnson,NC,70218 Cohen Port,Lake Lindsey
101397,Weaver-Yang,SC,83158 Herman Isle,Phillipsborough
101398,Williams-Stanton,NC,9252 Conner Island,Brianberg
101399,"Johnson, Gonzalez and Jones",SC,03650 Cynthia Plain Apt. 558,Watsonbury
101400,Novak PLC,TN,8216 Rhonda Mountain,Johnfort
101401,Silva PLC,NC,89861 Julie Vista Suite 648,Davidshire
101402,Richards-Trujillo,NC,349 Adam Street,South Mary
101403,Allen-Dean,VA,458 Browning Burg Apt. 300,Sarahland
101404,Lowe Inc,SC,8723 Dominique Stravenue,Lozanostad
101405,Mullen Ltd,NC,5110 Richardson Passage Suite 292,East Victoriatown
101406,Reed Ltd,TN,160 Padilla Pass Suite 383,Natashastad
101407,Perkins-Turner,NC,3467 Smith Drive,New Nicholasstad
101408,Flores-Maxwell,FL,49601 Spencer Lock,Port Williambury
101409,"Stone, King and Smith",NC,4900 Crystal Crest Apt. 102,Mezahaven
101410,Garcia Ltd,TN,51143 Ricardo Green Apt. 935,Blackhaven
101411,"Aguilar, Kennedy and James",SC,726 Smith Hollow,South Jay
101412,"Carrillo, Werner and Macdonald",SC,3966 Jose Freeway,Austinshire
101413,Ellis Group,SC,95693 Jeffrey Lock Suite 438,Port Robertview
101414,Grimes-Christensen,VA,829 Wood Plain Apt. 976,East Craigchester
101415,Robinson-Ortiz,VA,4215 Brandi Heights,East Cindymouth
101416,Rios-Allen,SC,54871 Myers Ridges Suite 599,South Brittany
101417,Bass Ltd,NC,093 Gregory Courts Suite 739,Meganfort
101418,"Chase, Duncan and Parsons",SC,50200 Christian Hollow Suite 221,Mccoystad
101419,Barnes Ltd,GA,8459 Anne Landing Suite 296,Carrieburgh
101420,Costa PLC,FL,2872 Amy Mission Apt. 000,New Victoria
101421,"Hamilton, Haas and Hardin",NC,6325 Peterson Hill Suite 808,Lake Patrickland
101422,"Walton, Wilson and Middleton",SC,4045 Tyler Villages,Port Jennifer
101423,Costa Group,NC,03050 Campbell Heights Apt. 913,Jeffersonview
101424,"Taylor, Woods and Warner",SC,282 Bonnie Road,Bellville
101425,Miller-Smith,NC,496 Walsh Haven Suite 017,Lake James
101426,"Moody, Vance and Hammond",NC,019 Tiffany Track Suite 035,Stephaniefort
101427,Barnes Ltd,FL,74271 Lori Roads,Lake Erica
101428,"Guerrero, Nelson and Lin",FL,9018 Thomas Prairie Suite 342,North Annettestad
101429,"Mendoza, Pope and Gonzalez",NC,48806 Huff Mountain Suite 265,West Krystal
101430,Campbell PLC,NC,849 David Shore,Hardingmouth
101431,"Roberts, Holmes and Brown",TN,621 Joanne Crossing,New Stephen
101432,Mack-Johnson,NC,719 Edward Lakes Suite 799,East Christopherland
101433,"Crawford, Mosley and Hale",NC,48883 Raymond Via Apt. 470,Padillatown
101434,Moore-Miller,NC,160 Figueroa Trail,Amyview
101435,Avila-Dyer,SC,244 Moore Knolls Suite 424,North Jamesburgh
101436,"Branch, Alvarez and Ruiz",NC,808 Davis Creek,Port Ruthburgh
101437,Gilmore Inc,VA,390 Joseph View Apt. 163,East Robert
101438,Brown-Willis,GA,3120 Christopher Course,Fitzgeraldfurt
101439,"Dixon, Cruz and Wilson",GA,1957 Alexander Expressway,Juliaville
101440,"Lewis, Ross and Johnson",NC,7711 Ashley Wall Suite 491,Meltonport
101441,Martinez Ltd,VA,463 Ashley Corners,Michaelhaven
101442,"Rodriguez, Franco and Glass",NC,39313 Mitchell Summit,West Tracychester
101443,Scott-Bailey,FL,191 Heidi Islands,South Lucasland
101444,"Hoffman, Johnson and Leon",NC,378 Matthews Parkway,Lake Jessica
101445,Hernandez Inc,TN,7399 Alvarado Glen,New Timothyside
101446,Brown Group,GA,438 Barton Curve Apt. 222,Christopherfurt
101447,"Heath, Rubio and Ramirez",NC,4626 Kennedy Plains,Jenkinsborough
101448,Perez-Beard,NC,94085 Dixon Course,Baileyfort
101449,Ward LLC,SC,786 April Lakes Apt. 686,New Haroldbury
101450,"Jenkins, Nelson and Waters",NC,004 Jessica Harbor,New Melissa
101451,Lopez and Sons,NC,2642 Castro Walks,Port Gregoryburgh
101452,Banks-Mitchell,NC,584 Rhonda Island,North Richard
101453,Ramsey Inc,NC,4941 Mckinney Light,East Shariview
101454,Smith-Morris,FL,7773 Christine Summit Suite 254,Lake Rachel
101455,Allen-Warner,VA,5131 Jordan Mountain Apt. 026,South Shane
101456,"Perez, Nelson and Dunlap",FL,3835 Murphy Burgs Apt. 911,Matthewland
101457,Lee and Sons,TN,5151 James Roads,Tiffanychester
101458,"Davis, Cunningham and Smith",GA,6499 Timothy Street,West Tracy
101459,Soto Group,TN,9278 Adams Port,Port Amy
101460,Johnson and Sons,NC,64781 Bennett Trail Apt. 255,Hectorborough
101461,Anthony and Sons,NC,09206 Melissa Groves,Amandashire
101462,"Norris, Armstrong and Ford",NC,24830 Stewart Harbors,North Alexandrafurt
101463,Trujillo-Stuart,VA,227 Frederick Field,Port Crystalview
101464,"Cantrell, Miller and Wilson",SC,17902 Daniel Freeway,Kristinview
101465,Proctor-Adams,SC,6046 Brown Islands,Stanleychester
101466,Ortiz-English,NC,2937 Hall Throughway,Vanessaview
101467,"Holmes, Jones and Jones",SC,3677 Michael Keys,South Cynthia
101468,"Brooks, Martin and Davis",NC,2483 Jones Extensions Apt. 633,Masonfort
101469,"Rosales, Moran and Maldonado",VA,0314 Marshall Freeway Apt. 561,West Carlos
101470,Gardner-Weaver,NC,5794 Perez Keys,West Riley
101471,Fox-Klein,NC,79184 Barrett Ridge Suite 751,Bridgetview
101472,Hall-Miller,TN,7352 Rhonda Hollow,Matthewside
101473,Nguyen-Hughes,NC,0309 Mendoza Harbor Suite 918,Webbtown
101474,Johnson and Sons,NC,750 Hill Parkways Suite 832,Lake Derek
101475,Hudson-Howard,TN,889 Cindy Falls Apt. 026,Lisaland
101476,"Clark, Rowland and Kennedy",NC,826 Derek Neck Suite 048,Williamsland
101477,"Allen, Boyd and Martinez",NC,232 Carter Neck Suite 739,West Denise
101478,"Moreno, Hobbs and Morgan",VA,487 Victor Stravenue,Deanton
101479,"Walters, Adams and Willis",NC,295 Gutierrez Locks Suite 861,Meghanhaven
101480,Schwartz-Roy,SC,4223 Henry Plaza,Campbellborough
101481,Preston Group,NC,16821 Tonya Manors,South Jeremy
101482,Thomas Ltd,NC,0091 Ryan Gateway,Barryview
101483,Boyd Group,NC,3773 Julia Underpass,Walkerbury
101484,"Freeman, Walton and Brown",TN,4741 Heather Forks,Jenniferchester
101485,Hart-Rangel,VA,089 Hall Parkways Suite 872,East Nicoleside
101486,"Hall, Hunt and Fields",GA,44568 Alexis Union Apt. 568,New Danielberg
101487,"Walker, Bernard and Harvey",NC,4774 Kathleen Groves Suite 765,Mathewbury
101488,"Everett, Garcia and Parker",NC,94999 Kevin Rest Apt. 474,Port Thomasstad
101489,Miller-Soto,SC,33329 Shaw Orchard,South Davidburgh
101490,"Kim, Hayes and Graves",NC,12349 Cowan Grove,Marissashire
101491,"Wilkerson, Wilson and Roth",VA,6230 Vazquez Place,Troyburgh
101492,"Benitez, Young and Olson",NC,38839 Tyler Plain,West Gregory
101493,"Maxwell, Davis and Wagner",SC,44704 Anna Harbors,Brownstad
101494,Martinez-Morton,GA,6740 Joshua Plaza Apt. 389,West Charleshaven
101495,Ray-Howell,NC,7525 Pamela Square Suite 543,Lake Amanda
101496,"Parker, Fowler and Knox",VA,9589 Boyle Forest Suite 878,Murphyview
101497,"Jones, Fowler and Singleton",NC,0245 Rachel Lake,Michaelberg
101498,Macias PLC,NC,59327 Mckinney Throughway,Port Heidiburgh
101499,Jones-Mcclure,NC,5837 Rogers Loop Suite 085,East Robertfort
101500,Allen-Davis,GA,31631 Scott Streets,Hollandton
101501,Kelly Ltd,NC,2718 David Tunnel,Martinberg
101502,Hall Inc,SC,104 Ashley Village Apt. 559,Lake Angela
101503,Scott Ltd,NC,263 Mcdonald Via Suite 035,Matthewview
101504,Peterson Inc,GA,64935 Green Branch,Janeton
101505,Molina-Smith,NC,0280 Bailey Ridges,Jacksonfurt
101506,White-Edwards,GA,4570 Cook Crossing Suite 937,Cassandratown
101507,"Zimmerman, Romero and Rivera",NC,0316 Monica Plaza,Stephenburgh
101508,Morgan LLC,NC,9042 Ramos Corners Apt. 152,Angelaville
101509,Garrett Inc,NC,3094 Moore Pike Apt. 109,West Kristine
101510,"Patterson, Moore and Powers",GA,422 Christopher Alley Suite 462,Lake Matthew
101511,Wilson Ltd,GA,1870 Shawn Cove Apt. 822,Meganstad
101512,Lopez PLC,SC,69420 Donald Locks Apt. 587,East Larry
101513,Clay Inc,SC,6227 Norman Fort,Lake Sarahville
101514,Wade LLC,TN,97636 Theresa Circles,East Derekton
101515,"Evans, Snyder and Keller",SC,1382 Pace Harbors,Ambertown
101516,Fitzgerald Inc,TN,66463 Booker Field,East Mark
101517,"Holder, Ramirez and Moses",NC,6797 James Turnpike Suite 720,Catherinefort
101518,Smith LLC,VA,85655 Juan Fields,Carpentermouth
101519,Carpenter and Sons,SC,77142 Williams Drive,North Davidstad
101520,Kemp and Sons,NC,38489 Olson Parkway Suite 566,New Alexandria
101521,Morrow and Sons,TN,267 Anthony Lane,Lake Maryview
101522,Sanchez-Kirk,NC,2791 Matthew Fords Apt. 131,Paulmouth
101523,Anderson PLC,NC,515 Cook Mills,Harrisshire
101524,Davis LLC,NC,347 Carol Field Apt. 178,Tonyaborough
101525,Walton and Sons,NC,2455 Kemp Mountains,Patelbury
101526,"Johnson, Wright and Chavez",TN,5583 Mark Groves Suite 051,Barkerberg
101527,Martin-Klein,SC,570 Susan Locks,Fordshire
101528,Cruz-Daniels,TN,89894 Fox Springs Apt. 885,Brettfurt
101529,Fisher Inc,VA,537 Catherine Pines Apt. 837,Johnsonhaven
101530,Cook Inc,NC,63770 Bonilla Ford,East Nicoleberg
101531,"Espinoza, Woodward and Parker",TN,01226 Shannon Trafficway,Fisherchester
101532,"Mckay, Evans and Davies",NC,6322 Walters Camp Suite 693,South Sarah
101533,Harris LLC,NC,20720 Christopher Parkway,Danastad
101534,Brown-Pugh,NC,0484 Warner Plains Apt. 561,West Robertmouth
101535,Miles-Cisneros,GA,123 Jones Lock,Lake Gregoryport
101536,"Kim, Silva and Lee",NC,14965 Lewis Skyway,Richardshire
101537,Dudley-Clark,NC,2924 Tammy Row Apt. 123,New Kimberly
101538,"Crane, Jackson and Williams",NC,5098 Michael Roads Apt. 246,North Zachary
101539,Spencer-Wolfe,NC,151 Long Burg Apt. 412,North Russellfurt
101540,"Gentry, Day and Gray",TN,11810 Wilson Estate,Burchfort
101541,Salinas Ltd,NC,95495 Aaron Wells,Port Thomas
101542,Spears-Parks,VA,179 Kristy Lodge Apt. 290,Frankborough
101543,Garcia-Brown,TN,85531 Mason Viaduct Suite 803,Arroyoside
101544,"Gomez, Jones and Forbes",NC,72130 Brandon Vista,Morrisville
101545,"Harris, Brown and Pham",NC,0988 Jones Mount Apt. 285,Leonardburgh
101546,Horton Ltd,VA,3686 Keller Inlet,Lukestad
101547,Jordan Inc,SC,0893 Shannon Burg,New Chadland
101548,Miller Group,FL,376 Lee Mountain Apt. 124,Port Robert
101549,"Lozano, Clark and Hughes",FL,500 Ochoa Shoal,North Stephenhaven
101550,Silva-Sims,SC,0216 Livingston Street Apt. 545,Lake Robinstad
101551,"Hampton, Miller and Choi",VA,87393 Meagan Loop,West Michael
101552,Curry and Sons,VA,770 Richards Trafficway Suite 449,Johnsonhaven
101553,Walker LLC,NC,1524 Stevens Forest Apt. 254,Kingchester
101554,Ellis LLC,SC,1281 Leon Lodge Suite 117,Andersonberg
101555,Hutchinson-Esparza,VA,9019 Ashley Canyon,Patriciafort
101556,Curtis-Freeman,GA,29187 Robert Bridge,Port Shannonview
101557,Scott Inc,SC,95347 Webb Ports Suite 990,South Mercedes
101558,"Olsen, Stewart and Meza",SC,9491 Rose Parks Suite 065,New Robert
101559,"Montgomery, Webb and Jones",SC,197 Kathy Oval Apt. 188,Wilsonland
101560,Crawford-Stevens,NC,51901 Odonnell Canyon Suite 286,South Amberfort
101561,Fowler and Sons,SC,6613 Kurt Circle Apt. 565,Hamptonhaven
101562,Morris and Sons,SC,236 Andrew Squares,West Ellenfort
101563,Sparks-Zhang,NC,6780 Calvin Rue Apt. 424,New Gregoryton
101564,"Stephenson, Preston and Sanford",SC,73863 Sean Turnpike,East Ryanburgh
101565,Hatfield Group,VA,645 Roberts Mountain Suite 543,South Danielfurt
101566,"Whitehead, Vargas and Jones",SC,2040 Hughes Throughway,Robertstad
101567,Clark Group,NC,9110 Robert Center Apt. 626,South Richard
101568,"Reynolds, Berry and Garrison",NC,4226 Blackwell Run,Bradleymouth
101569,Peters PLC,NC,35019 Jennifer Spring,Camposside
101570,"Nichols, Johnston and Williams",FL,52254 May Plaza Suite 813,North Jennifer
101571,"Obrien, Ramirez and Wright",NC,16871 Sabrina Lane Suite 002,Amberton
101572,"Burch, Rodriguez and Montgomery",NC,3136 Ian Lakes,Diazport
101573,Gilbert PLC,NC,851 Lopez Meadows,Reedberg
101574,"Sherman, Johnson and Andrews",NC,27524 Patricia Harbors Apt. 091,Samuelchester
101575,"Wade, Williams and Johnson",NC,796 James Island Suite 443,Nathanielhaven
101576,Dunn-Brooks,SC,6794 Crystal Keys Apt. 896,New Danielland
101577,"Miller, Griffin and Murphy",NC,395 Katie Lights Apt. 154,Ericaberg
101578,"Stephens, Weber and Vaughn",VA,4150 Jessica Islands,New Dannyland
101579,Johnson-Graham,TN,48654 Hayley Cape,Vaughnshire
101580,Perez-Knight,VA,6370 Heather Gateway Suite 060,Lake Bradleyside
101581,Proctor Ltd,NC,66413 Bolton Fall,Andersonville
101582,Sherman-Campbell,VA,625 Merritt Port Suite 297,North Thomas
101583,Vega-Weber,NC,714 Kimberly Vista Suite 532,South Steven
101584,Vaughn and Sons,SC,771 James Ranch,Garciabury
101585,Tran-Parks,SC,9052 Frank Islands,Kyleside
101586,Perez Ltd,NC,8526 Cardenas Park Apt. 297,Wallacechester
101587,Rhodes-Burns,FL,78232 Ashley Tunnel,Thomasside
101588,Miller-Wolfe,GA,0410 Daniel Drives,Kochchester
101589,Lynch-Barr,NC,68798 Erik Ford,Edwardville
101590,Brooks LLC,NC,14255 Ryan Plaza,Boydfurt
101591,"Moody, Long and Robertson",TN,1368 Abigail Lane Apt. 778,Briantown
101592,Mcdaniel-Cook,NC,52915 Ortega Oval Apt. 797,Maynardmouth
101593,Meyers-Miller,GA,890 Brooks Key,Mcbrideshire
101594,Walker-Green,NC,05585 Young Radial,New Brenda
101595,Gates-Hamilton,NC,635 Sellers Port,Coxfort
101596,Mcdowell-Moss,SC,989 Kevin Harbors,Parkershire
101597,Lopez Ltd,FL,19077 Ashley Dam,Allisonville
101598,Bryant-Shaw,SC,985 Irwin Freeway,Katherineton
101599,Castaneda-Williams,NC,8383 Carrie Grove Suite 360,Davidberg
101600,"Taylor, Duncan and Clarke",NC,381 Gonzalez Cliff,Lake Charlene
101601,Griffith Inc,NC,122 Thornton Trafficway Suite 513,North Christopherberg
101602,Medina-Sparks,SC,4650 Lopez Viaduct Apt. 416,South Josephmouth
101603,Clayton-Gonzalez,NC,9350 Joshua Views,Jonborough
101604,"Collins, Bishop and Clark",NC,2141 Dougherty Road Apt. 422,West John
101605,"Watson, Lee and Fernandez",NC,1293 Silva Highway,East Amanda
101606,Abbott-Parker,NC,43599 Barber Mission,Lake Lisaborough
101607,Alvarez PLC,NC,2665 Tanner Lake,East Tiffany
101608,Parker LLC,NC,721 Michael Center Suite 967,Blakeshire
101609,"Campbell, Martin and Baker",NC,93412 Price Curve Suite 593,Mclaughlinport
101610,Walters-Dennis,NC,69884 Castillo Parkway,South Rebecca
101611,"Chambers, Poole and Smith",NC,352 Lindsay Via,Port Eddieshire
101612,Sweeney LLC,NC,5078 Griffin Roads Apt. 375,Josephside
101613,Robertson Inc,NC,34908 Wallace Lock,Port Thomas
101614,"Norris, Sherman and Perez",NC,49234 Cole Points,Maryberg
101615,"Perry, Boyd and Hanson",NC,386 Williams Mills,Port Jill
101616,Davidson Ltd,GA,5623 Michael Freeway,Angelafort
101617,Duncan-Willis,VA,8063 Lori Run Suite 435,Reyesport
101618,"Johnson, Walters and Blackwell",VA,008 Reginald Meadow Suite 515,Port Wandaville
101619,Smith Ltd,NC,33873 Karen Avenue Apt. 190,Gonzalezland
101620,Morgan-Welch,VA,52571 Samuel Summit Suite 580,Austinside
101621,Grant Inc,NC,25948 Zachary Tunnel,Sharonmouth
101622,Martinez Group,NC,8308 Jeremy Dale,Theresaton
101623,"Humphrey, Obrien and Lambert",NC,0011 Victoria Throughway,North Gregport
101624,Robles Ltd,NC,55478 Watts Field,Patriciamouth
101625,Zimmerman Ltd,TN,77945 Church Springs Apt. 575,Rileyside
101626,Braun-Rivera,GA,474 Allen Plains Apt. 919,North Jennifermouth
101627,Cruz-Hall,GA,23232 Joshua Rapid Apt. 116,West Johntown
101628,Mccoy and Sons,GA,25004 Samantha Extensions Suite 037,Barneshaven
101629,Smith-Joseph,NC,6671 Madison Mill,Adammouth
101630,"Perez, Flores and Watson",SC,344 Yvette Valleys,Jenkinsfort
101631,Mcguire-Monroe,SC,367 Lewis Divide Apt. 694,West Frederickborough
101632,"Richards, Hernandez and Barnes",TN,8434 Gonzalez Villages Apt. 062,Port Kristinborough
101633,Francis Inc,NC,216 Kyle Port,Stoneport
101634,"Zhang, Cook and Harper",SC,16995 Brown Gateway Apt. 072,Port Martin
101635,Hanson Group,NC,9317 Cook Rapid Apt. 856,South Joshua
101636,Buchanan Inc,NC,299 Joseph Station,East Jonathanton
101637,Hart-Olsen,NC,619 Morris Lodge,Ericberg
101638,Thompson Inc,FL,11349 Scott Stream,East Georgeport
101639,Hayes-George,SC,328 George Run Suite 896,Port Samuelfort
101640,"Solomon, Robinson and Aguirre",NC,7480 Nancy Stream Apt. 362,North Christopher
101641,Owen Group,NC,24120 Watkins Green,Schneidermouth
101642,Franklin-Randolph,VA,32541 Jonathan Mills,Alexanderview
101643,Munoz-Crawford,NC,109 Michael Spring,Sarahtown
101644,Ferguson-Martinez,FL,613 Rubio Valley,North Amyville
101645,Frederick-Edwards,TN,329 Danielle Courts Apt. 977,Shelbytown
101646,Butler-Alexander,SC,767 Gibson Motorway Apt. 476,Riosfurt
101647,"Sparks, Cisneros and Carter",SC,955 Travis Fork,Caitlinhaven
101648,Mcbride and Sons,VA,386 Jessica Causeway Suite 579,Port Paulside
101649,Hicks-Soto,SC,0836 Campbell Glen,Jamesbury
101650,"Harris, Patton and Cole",SC,86566 Miguel Branch,West Matthewberg
101651,"Shaffer, Anderson and Hale",SC,46957 Curtis Highway Apt. 248,West Bryan
101652,"Cervantes, Simmons and Rivera",NC,72930 Johnston Vista,Costafort
101653,"Brooks, Perkins and Haynes",FL,30586 Reynolds Courts Apt. 163,Port Scott
101654,Walker Group,VA,7800 Haynes Neck,Perezside
101655,Scott-Barajas,NC,04982 Johnson Plaza,North Ryanport
101656,Green-Fernandez,NC,19847 Martinez Island,Sandovalmouth
101657,Ward-Wood,VA,34528 Leblanc Union Apt. 646,Lake Edwinmouth
101658,Gomez-Johnson,SC,9711 Braun Place Suite 299,Nicoleland
101659,"Herring, Rodriguez and Jones",NC,0324 Schroeder Plaza Suite 964,West Thomas
101660,Smith Ltd,FL,657 Patrick Knoll Suite 940,Johnsonberg
101661,"Washington, Garcia and Martin",NC,78061 Michael Orchard Apt. 263,New Kimberly
101662,"Joyce, Morales and Briggs",SC,3073 Thomas Keys Suite 926,Dawsonfort
101663,"Newton, Sanchez and Wilson",SC,8525 Brandon Cove,Flynnport
101664,Thomas LLC,NC,5424 Brittany Fort,Jonhaven
101665,Smith-Coleman,NC,097 Shelton Parkways Apt. 235,Mccoyshire
101666,Baker-Castaneda,VA,3583 Steven Curve Suite 598,Kimberlychester
101667,Henry-York,SC,6050 Nicolas Harbor Suite 643,Lake Julia
101668,Flynn Ltd,NC,24727 Larson Fall Suite 419,West Brian
101669,Nolan-Anderson,NC,045 Patrick Ridges Suite 966,Fowlershire
101670,"Ortiz, Castillo and Williams",TN,6015 Michelle Lock,West Jamesport
101671,Vargas-Roberts,SC,1728 Peterson Underpass Apt. 918,Hoffmanberg
101672,Russell PLC,NC,573 Thomas Lock,Keithport
101673,Martinez Inc,SC,731 Victoria Mall Suite 758,West Mary
101674,Dyer LLC,SC,5452 Christopher Turnpike Apt. 439,Port Shawnmouth
101675,"Ali, Montgomery and Scott",VA,291 Gould Parkways,Kathleenshire
101676,"Harris, King and Logan",TN,647 Becker Ranch,Owensmouth
101677,"Mclaughlin, Thompson and Williams",NC,74626 Jamie Trace,North Reginald
101678,"Campbell, Smith and Williams",NC,9655 James Prairie,West James
101679,Young-Garcia,GA,42940 Mcdaniel Mill,Kyleborough
101680,Sanchez-Stewart,SC,0904 Anthony Vista,Susantown
101681,Mccann-Rhodes,GA,8907 Keith Mountain Suite 398,East Timothyfort
101682,"Miller, Santiago and Johnson",SC,8111 Ingram Lane,Garciaville
101683,Parrish-Cervantes,NC,3397 White Mountains Apt. 958,Thompsontown
101684,Lewis-Flores,SC,0314 Robertson Turnpike Suite 023,North Brianborough
101685,Ayala-Ferguson,TN,5364 Miller Flat Suite 362,South Stevenbury
101686,Ortiz-Becker,SC,395 Anthony Port,Destinymouth
101687,Elliott LLC,NC,0935 Anthony River Apt. 390,Davisstad
101688,Smith and Sons,FL,966 Steven Key,New Christina
101689,"Walker, Alexander and Woods",SC,98080 Mckenzie Orchard,North Collinland
101690,King-Sanchez,NC,99549 Carter Street,East Veronicaburgh
101691,Smith-Vang,VA,84851 Eugene Cliffs Apt. 882,Lake Jeremiah
101692,"House, Brown and Russell",TN,2007 Richard Drive,East Brianfurt
101693,Wilson Ltd,TN,1417 Kennedy Court,Ericside
101694,"Gonzalez, Paul and Kaufman",SC,3230 Haley Trail Suite 014,Ryanchester
101695,"Pacheco, Smith and Castillo",NC,8873 Morrison Common Suite 963,East Joshua
101696,Mccormick-Underwood,GA,956 Ramos Radial Suite 347,West Lisaside
101697,"Shelton, Williams and Martin",NC,5781 Norris Way Apt. 392,South Mistyshire
101698,"Sanchez, Erickson and Trujillo",SC,5466 Combs Pike,Murrayburgh
101699,Hubbard and Sons,NC,2928 Butler Cove Suite 989,Timothyhaven
101700,Garcia-Bennett,GA,150 Daniel Valley Suite 559,Kimview
101701,Rodriguez-Smith,NC,73155 Perry Junctions Apt. 373,Samuelland
101702,Hernandez Inc,VA,7743 Pittman Island Suite 945,Terryview
101703,"Butler, Walker and Santos",NC,177 Charles Creek Apt. 217,East Alexanderchester
101704,Hughes PLC,NC,010 Thomas Island Apt. 829,East Maria
101705,Hughes Group,SC,350 Green Isle,Nataliefurt
101706,"Edwards, Woods and Roth",NC,42359 Rivera Ferry,New Isaiah
101707,"Hayes, Huff and Rose",NC,6388 Petersen Island,Amandamouth
101708,Shepherd-Williams,NC,1718 Troy Loop Suite 817,Georgehaven
101709,Rodgers-Bauer,NC,85546 Mark Light,Timothystad
101710,"Green, Chapman and Vargas",SC,049 Grant Walk,Port Ricky
101711,Sanders-Brown,FL,00260 Alexandria Coves Suite 757,North Lisaside
101712,West Group,NC,72818 Thomas Harbor,Melissaborough
101713,Martinez-Buchanan,NC,3437 Christensen Drive,East Kristie
101714,Lawson-Humphrey,NC,473 Robinson Highway,East Cynthia
101715,"Garcia, Cooper and Perez",NC,2335 Torres Station Apt. 757,East Christopherbury
101716,"Hartman, Hernandez and Stephens",NC,73718 Bryan Cape Apt. 907,Teresafurt
101717,Jimenez-Allison,NC,2386 Debra Circle,Feliciaburgh
101718,"Harris, Smith and Gray",NC,2042 Tommy Forest,Robertborough
101719,Ortega LLC,NC,98556 Debra Throughway,South George
101720,"Kelley, James and Cook",GA,1930 Grant Manor,Herringport
101721,"Smith, Powell and Rodriguez",SC,654 Kayla Row Suite 062,Port Nathan
101722,Williams-Porter,SC,883 Pacheco Heights Suite 126,Scottfort
101723,Turner LLC,FL,790 Garza Squares,Lake Vicki
101724,Bolton LLC,NC,387 Andrew Hills Apt. 260,North Michaelhaven
101725,"Murphy, Trujillo and Moore",FL,60997 Arellano Forge,New Cameron
101726,Webb Group,SC,75048 Steven Mission Suite 814,Moyermouth
101727,Serrano Group,GA,3197 Collins Isle,Chaseland
101728,Taylor LLC,FL,17923 Montgomery Lights,Port Joseph
101729,Riley Inc,TN,907 Jennifer Orchard,Johntown
101730,"Cannon, Diaz and Valdez",TN,88890 Brittany Drive,Lisaville
101731,Soto-Sutton,NC,3966 Diane Vista Suite 009,Brendastad
101732,Hernandez Inc,NC,1261 Copeland Lakes Suite 224,Schwartzville
101733,Lee-Hodges,NC,1421 Shane Heights,Lake Alexisside
101734,Taylor PLC,NC,07798 Horton Parks Suite 357,Harrisville
101735,Vincent-Johnson,TN,826 Johnson Manor Suite 897,Hickschester
101736,Cox-Jackson,NC,927 Walls Islands Apt. 763,North Patrick
101737,"Robertson, Andrews and Hampton",VA,05415 Shelby Inlet Apt. 679,Josehaven
101738,Wilkerson Ltd,VA,287 Campbell Freeway Suite 807,Hendrixfurt
101739,"Hart, Sullivan and Dyer",NC,02725 Johnson Glens Apt. 240,South Dale
101740,Patel PLC,GA,015 Vanessa Village Apt. 890,North Aliciamouth
101741,Shaffer and Sons,NC,59837 Barrett Islands Apt. 735,Davidshire
101742,Steele-Mcdonald,VA,99526 Gabriel Port,Port Anna
101743,Moore Inc,NC,629 Devin Lodge,Port Phillip
101744,"Beck, Morales and Thomas",SC,47489 John Roads Suite 443,New Amy
101745,Mcbride-Green,SC,73799 Darryl Crest,Cherylhaven
101746,Glass-Williams,SC,0769 Dana Heights,East Zacharyville
101747,Gutierrez Ltd,TN,854 Paul Roads Suite 370,Johnsshire
101748,"Cruz, Stephens and Lucas",NC,427 Sarah Island Apt. 831,Randallmouth
101749,"English, Miller and Webster",SC,1057 Bruce Mountains,Kellyshire
101750,"Williams, Campos and Shaw",GA,23796 Blevins Centers,East Kristinstad
101751,Lopez LLC,SC,2748 Tiffany Canyon Apt. 386,New Guy
101752,"Nelson, Perry and Hall",NC,277 Baker Glen Apt. 919,New Judyside
101753,Morrison and Sons,SC,3591 Newton Orchard,Kaylaview
101754,Hamilton Ltd,NC,25034 Lindsey Drive,East Alan
101755,"Black, Weaver and Caldwell",VA,843 Rivera Flat,East Joseph
101756,Nelson-Hartman,SC,49810 Anderson Key Suite 598,North Chris
101757,Robinson Group,VA,89249 Danielle Course,Gillespietown
101758,Lopez LLC,TN,3752 Tony Turnpike,Port Johnmouth
101759,"Ferrell, Morris and Brooks",SC,3998 Patterson Turnpike,Valdezville
101760,Morris Ltd,NC,674 Jones Rue,Johnhaven
101761,Washington-Jackson,NC,13143 Sergio Ways Suite 756,North Chelseahaven
101762,Jones Ltd,TN,85769 Perez Harbors,Patelberg
101763,Hernandez-Cruz,NC,690 Braun Ridge Apt. 575,North Tonychester
101764,"Garcia, Fuller and Mckinney",NC,750 Lauren Mountains Apt. 011,West Garyville
101765,Wong Group,NC,5498 Johnson Shore,Hawkinsview
101766,Perry-Dunn,NC,96793 Hardy Fields,Wrighthaven
101767,Harrison Ltd,NC,00501 Lee Glen Suite 909,Mirandatown
101768,Sanchez PLC,TN,77246 Nguyen Walk Apt. 048,Justinside
101769,Scott PLC,GA,577 Roberts Overpass,Joelburgh
101770,Gray Ltd,NC,651 Sherman Mountains,Michaelton
101771,"Contreras, Owen and Schmitt",SC,23398 Collins Circle,Carpentershire
101772,Callahan-Sims,NC,48721 Rachel Cliff Suite 252,Joneston
101773,Wong Inc,NC,519 Evelyn Corner Apt. 642,Palmerbury
101774,Jacobs Inc,FL,0508 Katherine Street,North Jonathonhaven
101775,"Lucas, Martinez and Hill",TN,477 Parker Burgs Apt. 469,Dawsonmouth
101776,"Lynch, Vazquez and Garcia",SC,3245 Mills Vista Apt. 633,Williamsstad
101777,Williams Ltd,GA,0514 Meagan Mission Suite 218,Lake Jessicaberg
101778,"Donaldson, Woods and Holland",NC,07785 Nicholas Forks,Olsentown
101779,Allen PLC,NC,1836 Jessica Points Suite 377,Jordanberg
101780,Glover Ltd,NC,669 Moran Center Suite 684,Collinsport
101781,Myers Group,NC,55536 Stephanie Extension Suite 588,North John
101782,Hanson and Sons,FL,69388 Simmons Vista,East Kimberlybury
101783,Boyd Ltd,NC,4777 Benson Unions Apt. 020,New Raymondburgh
101784,Myers Ltd,FL,910 Kristie Cliffs Apt. 039,West Erichaven
101785,Nichols-Newton,NC,6401 Wolfe Corners,West Brianshire
101786,Sampson-Wilkinson,NC,884 Stephanie Stream Apt. 116,Lestermouth
101787,Powell-Alvarez,VA,508 Conley Rest,East Michaelbury
101788,Hines Inc,VA,40983 Michelle Well Apt. 361,Susanville
101789,Frazier-Gonzalez,TN,34443 Samantha Rue Suite 209,Davidshire
101790,"Hudson, Thompson and Glenn",NC,1713 Kennedy Canyon,Dawnstad
101791,"Watkins, Gomez and Thompson",SC,3877 Peter Greens,North Jeromestad
101792,"Hawkins, Andrade and Wilson",FL,99453 Mark Views Suite 880,North Victor
101793,Wilkerson LLC,SC,1882 Williams Shore,Hahntown
101794,"Bean, Kirk and Hughes",VA,2090 Lucas Crossing Suite 806,Julieton
101795,Shea LLC,NC,87190 Jessica Plain Apt. 755,Kingland
101796,Hudson Group,NC,305 Jeffrey Walk Apt. 996,New Laura
101797,Figueroa-Carroll,FL,402 Katie Villages,Williamsonborough
101798,Williams-Taylor,NC,72561 Dawn Stream Apt. 438,Avilaberg
101799,"Robinson, Smith and Gonzalez",VA,78636 Beverly Springs,East Susan
101800,Green-Moore,SC,57517 Melissa Manor Apt. 296,Powellmouth
101801,Brown Inc,NC,159 Blake Ford,Comptonview
101802,Nielsen Group,SC,4768 Gina Drive,Ryanchester
101803,"Wagner, Mcintosh and Chapman",GA,3887 Taylor Ranch,West Wesleyville
101804,"Brewer, Harris and Owens",SC,9285 Ashley Road Apt. 343,Williamston
101805,Fields and Sons,SC,59536 Ashley Avenue,South Derrickland
101806,"King, Nelson and Saunders",NC,5941 Bush Isle Apt. 000,East Brooke
101807,Bridges Group,TN,48382 Rivas Drives,Robertmouth
101808,Singleton-Gonzalez,TN,3563 Alicia Village Suite 798,East Michael
101809,"Decker, Navarro and Stewart",SC,737 Kevin Isle,South Brittanyland
101810,Gray-Reed,SC,28187 Brandt Canyon Apt. 468,Mcconnellton
101811,Nelson Ltd,GA,894 Colleen Fork Suite 942,Cynthiafort
101812,Moody Inc,GA,26415 Lowe Pines Apt. 213,South Bryanview
101813,"Macias, Mason and Rosales",NC,07715 Henry Extensions,Brownland
101814,Russell and Sons,NC,4447 Cain Stream Suite 802,East Jeremyshire
101815,"Steele, Hall and Blair",NC,315 Jessica Camp,West John
101816,Brown-Torres,NC,00195 Tabitha Ranch Apt. 901,Ginaland
101817,Cooper-Castillo,NC,4303 Moon Plains Suite 361,Austinborough
101818,Levine-Calderon,NC,3149 Edwards Crest,West James
101819,Nicholson-Page,FL,166 Abbott Grove,Lake Jesus
101820,"Fuentes, Baker and Reeves",VA,8966 Laura Oval Apt. 520,Port David
101821,"Russell, Gonzalez and Rodriguez",GA,7765 Leroy Walk Apt. 721,Carolynshire
101822,Frost-Bryant,NC,738 Carrillo Stravenue,Lake Douglasfurt
101823,Johnson Ltd,VA,9972 Derrick Path Suite 107,Jennifermouth
101824,Raymond-Allen,VA,260 Clayton Forks,North Lisa
101825,Stevenson-Hamilton,NC,6420 Raymond Springs,Juliemouth
101826,"Carlson, Miller and Moss",NC,45693 Shannon Mill Apt. 396,Porterborough
101827,"Reyes, Curry and Nelson",NC,5943 Cynthia River Suite 505,Jessicaland
101828,"Jenkins, Francis and Mitchell",NC,537 Becker Route,West Nicholasville
101829,Joyce-Dean,NC,583 Singh Lodge Suite 578,Davidport
101830,Ramsey-Garner,VA,3418 Page Valley,Tomfort
101831,Montes Group,NC,12478 Patricia Light,North April
101832,Proctor-Oneill,NC,3248 Davis Alley Suite 454,East Sheilaport
101833,Taylor Ltd,NC,1399 Gonzalez Mews Apt. 184,Rayside
101834,"Oliver, Ortega and Potts",NC,7270 Reyes Shore Apt. 615,Josephton
101835,Newman-Espinoza,VA,606 Scott Mews Apt. 757,Danielsberg
101836,Evans-Rodriguez,SC,3284 Allison Isle,West Elizabethbury
101837,Griffin Group,TN,64510 Jessica Plaza Suite 819,Lake Anne
101838,Lowery-Ramos,SC,462 Teresa Views,North Carolynbury
101839,Gomez Inc,TN,375 Stevens Grove Apt. 149,North Travis
101840,"Morgan, Wise and Mendoza",VA,106 Burns Park Suite 172,Smithbury
101841,"Roberts, Bryant and Humphrey",VA,0552 Richard Mews,Munozburgh
101842,Morales Ltd,VA,82994 Norton Station Suite 577,Port Lisastad
101843,"Rodriguez, Price and Hall",TN,2398 Joy Parks Suite 833,West William
101844,Young-Gutierrez,SC,879 Maynard Ramp,Jonesmouth
101845,"Dixon, Cordova and Cox",FL,8684 Patterson Meadows Suite 921,Port Michaelburgh
101846,"Roberts, Wiggins and Rice",SC,30815 Smith Crossroad,Brooksfort
101847,Smith Ltd,NC,14161 Richard Bypass Suite 227,West Michelle
101848,"Thomas, Henry and Whitney",SC,981 Samuel Views,Timothyfort
101849,Arnold-Santiago,NC,15984 Sandra Springs Suite 269,Adamsmouth
101850,Williams-Peters,GA,356 Sampson Plains Apt. 471,New Oscarview
101851,Williams-Kim,NC,0708 Chase Cape,West Michael
101852,"Davis, Dunn and Hawkins",NC,06148 Rachel Mission,Jeremychester
101853,Merritt PLC,TN,0748 Edward Forges,Christinatown
101854,"Ray, Mann and Collins",VA,7936 Escobar Plaza Apt. 325,New Melissa
101855,"Wells, Williams and Cook",NC,6907 Cook Mill Apt. 167,Sherihaven
101856,Jones LLC,NC,233 Nichols Branch,East Lesliebury
101857,"Price, Turner and Richmond",FL,26839 Teresa Highway Apt. 797,Jodiside
101858,Lopez LLC,NC,54074 Michael Key Suite 752,Allenmouth
101859,Wall and Sons,SC,2386 Karen Route,Lake Deborahview
101860,Parker-Butler,SC,270 Patricia Lakes Suite 388,Perrystad
101861,Anderson LLC,NC,518 Sanders Inlet,New Elizabethfort
101862,"Stokes, Hernandez and Bentley",TN,63077 James Track,East Amy
101863,Campbell LLC,NC,96526 Joann Gardens,Danielbury
101864,Lawrence-Hogan,VA,23342 Sutton Port,Gonzalezbury
101865,"Reid, Torres and Campbell",VA,05503 Williams Heights,Rogersburgh
101866,Johnson Group,NC,814 Adams Mission Apt. 662,Shirleyburgh
101867,"Watts, Bender and Rangel",NC,6444 Griffin Mountains,Scotthaven
101868,Mercado Ltd,NC,81136 Page Manor Suite 328,East William
101869,"Johnson, Sanchez and Lopez",VA,1404 Becker Vista Suite 085,Port Susan
101870,Elliott Inc,NC,5451 Olsen Walk Apt. 209,North Marissaton
101871,Parsons-Clayton,SC,5834 Keith Valley Apt. 454,Michelleview
101872,"Collins, Jones and Warren",FL,22583 Jennifer Roads,East Kylieport
101873,"Jones, Spence and Poole",SC,99418 Amanda Islands,West Douglasville
101874,"Werner, Gardner and Sanchez",NC,846 Andrew Junction Suite 366,Campbellland
101875,Arnold-Nelson,TN,45628 Reynolds Coves,Robinshire
101876,Griffin and Sons,NC,496 Scott Lake,East Karenchester
101877,Allison-Miller,FL,1962 Stewart River,Paulberg
101878,Pace-Carpenter,FL,415 Henderson Circles,Murphyberg
101879,Sheppard LLC,GA,896 Michelle Brooks,South Jacqueline
101880,"Webb, Hanson and Carson",SC,4579 Jenkins Dam Apt. 468,East Amandamouth
101881,Wright-Horton,NC,192 Diana Overpass Apt. 921,North Cherylport
101882,Wright LLC,NC,3428 Jonathon Gardens,East Jeffrey
101883,"Perry, Hamilton and Duncan",SC,83028 Green Divide,Lake Teresaview
101884,Johnson-Schmidt,SC,0740 Lewis Green Suite 630,Lake Larry
101885,Munoz-Riley,NC,35211 Lawson Forge,West Michelletown
101886,"Ponce, Rodriguez and Campbell",NC,34651 Moore Key Suite 307,East Warrenmouth
101887,Ramsey-Knight,NC,94409 Campos Prairie Apt. 522,North Meredithhaven
101888,"Kim, Johnson and Williams",VA,85294 Morales Locks,South Raymond
101889,Lee-Long,TN,21701 Gonzalez Rest,Munozchester
101890,Johnson-Brown,NC,3753 Parker Turnpike,Kellyhaven
101891,Green Group,SC,95261 Cohen Camp,Walshburgh
101892,Lopez Inc,NC,51310 Nicholas Locks Suite 730,Lake Cherylstad
101893,Black Inc,NC,3842 Rocha Square Suite 539,Lake Kimberly
101894,Brooks and Sons,GA,902 Jeffery Parkway Suite 058,Port Adrienne
101895,Diaz-Leonard,VA,241 Jessica Extensions Apt. 950,West Margaretfurt
101896,"Walker, James and Jones",VA,594 Benjamin Avenue Apt. 951,West Michael
101897,Bell-Horton,NC,19137 Davis Ranch Apt. 008,West Tinaburgh
101898,"Patton, Murphy and Simmons",NC,69157 Luna Manor,Russellfurt
101899,"Rodriguez, Floyd and Schultz",NC,361 Ramirez Glen,South Nicholas
101900,Edwards-Burton,TN,7995 Thompson Cliffs Apt. 506,Cookstad
101901,Porter Ltd,FL,242 Nancy Port Apt. 135,Mcculloughchester
101902,Mullen and Sons,VA,1602 Bobby Divide,Greenchester
101903,Strong-Robinson,VA,54586 Stone Drive Apt. 909,Lake Teresamouth
101904,"Clark, Goodman and Taylor",NC,435 Gregory Manors Suite 844,Stewartmouth
101905,"Lopez, Miller and Holden",GA,4481 Tiffany Junction Suite 251,New Paulafurt
101906,Perez and Sons,SC,0484 Snow Port,North Jennifer
101907,"Daniels, Boyd and Murray",NC,5636 Anna Center,Jamesside
101908,Adams Inc,NC,820 Atkinson Junctions,South Nicholasmouth
101909,Nash-Brown,NC,9647 Becker Estates Suite 362,Danielmouth
101910,Elliott LLC,VA,49445 Joseph Extension,North Jeffrey
101911,"Moreno, Sullivan and Mason",NC,48699 Shaffer Crest,Amandafurt
101912,Rasmussen-Wood,NC,888 Brooks Parkways,Lake Marymouth
101913,"Whitaker, Kim and Sanders",VA,99369 Munoz Underpass Apt. 123,North Nicholas
101914,Gould and Sons,SC,6862 Trevor Trace Apt. 277,Lake Deborahtown
101915,Shah LLC,NC,1031 Christine Place Suite 153,Micheleville
101916,Andrews Group,SC,78535 Wheeler Inlet Apt. 191,Lake Amandaside
101917,"Newton, Russell and Lopez",NC,8961 Kevin Ranch Suite 122,Ortizborough
101918,"Jones, Jackson and Hernandez",NC,3214 Jason Underpass Apt. 154,Kristinashire
101919,"Snow, Woodard and Fisher",NC,84245 Gibbs Junction,Port Toddbury
101920,Bradley-Evans,FL,0264 Thornton Trail,Kimberlyfurt
101921,Smith-Garrett,SC,31704 Anderson Plains,Lisaton
101922,Hernandez-Soto,SC,70569 Foster Prairie Suite 251,Lake Sherry
101923,Walker-Price,VA,954 Jensen Corners,Parkerberg
101924,Mitchell Ltd,NC,831 Gallegos Mountains Suite 194,Valerieburgh
101925,Lucero Group,NC,095 Ali Skyway Suite 521,Sandersland
101926,Dixon-Ochoa,TN,98817 Charles Fall Suite 705,East Brett
101927,Soto Group,NC,502 Walters Ports,Julieton
101928,"Bush, Walsh and Walton",NC,894 Best Overpass Suite 428,Port Janetmouth
101929,Robinson and Sons,SC,6768 Fernandez Mews,Angelamouth
101930,Shepherd PLC,NC,419 Cameron Trace Suite 165,Fosterchester
101931,"Krueger, Archer and Miranda",VA,83432 Hernandez Fork,Reyesstad
101932,"Perez, Gonzalez and Knox",FL,81817 Mccoy Rapids Suite 541,New Matthewborough
101933,Dalton and Sons,VA,0547 Jaime Drive Suite 304,Masonport
101934,"Ward, Jimenez and Taylor",NC,90305 Sexton Springs,Timothymouth
101935,Gonzales Inc,NC,30421 Jennifer Mount Apt. 630,Fordview
101936,Rodriguez and Sons,GA,814 Thomas Hill Suite 568,North Kenneth
101937,"Morgan, Foster and Benjamin",SC,692 Ward Spur Apt. 796,Jennifermouth
101938,Bennett and Sons,GA,659 Miller Square Apt. 572,East Stephanie
101939,"Coffey, Chapman and Brown",NC,9493 Lopez Shores,West Richard
101940,Patterson PLC,TN,61183 Emily Overpass,Jeremyshire
101941,"Nelson, Moore and Coleman",NC,6906 Emma Crossroad Apt. 350,East Patriciastad
101942,Pineda-Harris,VA,60550 Tate Corners,Ericfort
101943,"Jennings, Ward and Johnson",NC,34496 Carr Crescent Apt. 754,Larryhaven
101944,Bauer-Henry,NC,0472 Jeffrey Canyon Suite 629,North Steven
101945,"Garcia, Grant and Stewart",VA,5409 Megan Skyway Suite 295,Lake Adamland
101946,"Taylor, Robinson and Weber",VA,59493 Derek Station,Dorothystad
101947,Flores-Frank,VA,47962 Timothy Spring,Rollinsburgh
101948,Perez-Hill,NC,8194 Flores Court Suite 198,East Samuel
101949,"Salazar, Carroll and Rich",NC,8875 Adam Field,East Nicholasborough
101950,Vasquez and Sons,NC,08106 Sharp Wells Suite 418,West Markbury
101951,Burnett Group,NC,4241 Carol Inlet,Parkburgh
101952,Silva and Sons,SC,790 Ryan Prairie Apt. 483,Stonefort
101953,Martin PLC,FL,4120 Alicia Crossing Apt. 486,New Danny
101954,Williams Ltd,NC,78665 Anderson Lane Apt. 164,East Josephbury
101955,Glass-Sandoval,GA,995 Lindsay Parkways,East Gabriel
101956,"Pitts, Hill and Matthews",NC,625 Timothy Forks,East Alexandriafurt
101957,Williams LLC,VA,812 Martin Plains,Ericamouth
101958,"Collins, Washington and Turner",VA,78641 Robertson Via,New Scottside
101959,Davenport Inc,FL,142 Cook Row,South Benjaminfort
101960,Smith LLC,NC,6797 Poole Pass,West Cindy
101961,Davis-Shannon,NC,88801 Harvey Course,Shepardstad
101962,Kane-Howard,NC,2904 Melton Orchard,Davisbury
101963,Valdez-Snyder,NC,768 Adam Stravenue,East Anitaberg
101964,"Torres, Taylor and Brown",NC,295 David Junction,Ortegaborough
101965,Taylor-Cohen,NC,68607 Martin Fort Apt. 502,Lake Sandra
101966,Mills-Owens,GA,56330 Rodney Port,West Jacob
101967,Gibson Inc,NC,6022 Alexandra Loaf Suite 601,East Benjaminchester
101968,Wolf and Sons,NC,183 Williams Land,Garnertown
101969,"Smith, Green and Cisneros",GA,52971 Holly Springs Suite 187,Emilyhaven
101970,Williams and Sons,NC,53075 Natalie Green Apt. 851,Timothyport
101971,Banks LLC,NC,085 Mora Locks Apt. 335,Katherinehaven
101972,"Scott, Taylor and Roman",NC,5813 Gary Drive Suite 804,Wendyburgh
101973,Rodriguez-Obrien,VA,5934 Weber Centers,West Angela
101974,"Parsons, Stokes and Kim",NC,25570 Jacob Mountain,Yoderland
101975,"Garcia, Rosario and Harris",VA,290 Madden Haven Suite 002,Lake Janice
101976,"Moore, Newman and Tyler",TN,670 Walker Lane,East Robertville
101977,Mendoza-Pineda,NC,9251 Melissa Trafficway Apt. 140,New Angelaland
101978,Molina Inc,SC,6610 Mitchell Mills Suite 603,West Stephanieburgh
101979,Wilkerson-Fernandez,FL,31110 Chelsea River,East Victorfurt
101980,Calhoun Ltd,NC,411 Brandy Center Suite 735,Port Jaredview
101981,Gamble-Griffin,TN,27275 Emily Mission,Lindsaybury
101982,Goodwin Inc,TN,4935 Dickerson Haven,Monicahaven
101983,Reynolds Inc,VA,2753 Wendy Key,Smithberg
101984,"Johnson, Blackwell and Malone",NC,9203 Janet Corners Apt. 480,Seanchester
101985,"Rodriguez, Kim and Jones",NC,911 Jamie Well Suite 242,Alyssashire
101986,"Ortiz, Brown and Santos",NC,623 Mejia Meadow,Jasonmouth
101987,Sandoval and Sons,NC,121 Brian Manors Suite 994,Port Deborahberg
101988,Wolfe Inc,VA,681 Mary Turnpike Suite 862,Henryland
101989,Reid PLC,NC,7050 Mark Oval,Crystalview
101990,Williams and Sons,FL,127 Williams Station Apt. 843,West Manuelmouth
101991,"Reed, Valdez and Turner",SC,4891 Taylor Burgs,East Andreton
101992,Lester Group,SC,32582 Theresa Pass,Michaelburgh
101993,Montgomery-Parker,TN,498 Kristi Tunnel,Port Troyton
101994,"Irwin, George and Robinson",VA,761 Williams Drive Suite 659,Jamesmouth
101995,Schultz-Weaver,NC,581 Romero Junctions,Johnsonbury
101996,Vasquez and Sons,NC,680 Susan Key Apt. 018,Veronicaville
101997,Garcia Group,SC,5979 Jessica Neck Apt. 713,North Melissashire
101998,James LLC,VA,99291 Turner Place Suite 678,East Stevenport
101999,Martin Inc,VA,862 Branch Fields Apt. 660,Mcdonaldtown
102000,"Scott, Diaz and Garrett",NC,38992 Fuentes Extension,Rebekahtown
