payment_id,order_id,payment_timestamp,payment_method,payment_amount,payment_status
900001,500001,2025-01-01 04:12:20,Visa,1696.17,Paid
900002,500002,2025-01-01 05:20:52,Amex,179.81,Paid
900003,500003,2025-01-01 05:35:42,Visa,1143.9,Paid
900004,500004,2025-01-01 09:01:09,Mastercard,184.94,Refunded
900005,500005,2025-01-01 15:05:38,Mastercard,1671.59,Paid
900006,500006,2025-01-01 16:24:31,Visa,237.31,Paid
900007,500007,2025-01-01 20:35:45,Visa,435.72,Paid
900008,500008,2025-01-01 22:55:02,Visa,2069.85,Paid
900009,500009,2025-01-02 00:41:28,Amex,2350.96,Paid
900010,500010,2025-01-02 05:21:44,Visa,770.28,Paid
900011,500011,2025-01-02 06:51:12,Amex,262.44,Paid
900012,500012,2025-01-02 08:12:37,Mastercard,80.9,Paid
900013,500013,2025-01-02 13:08:06,Visa,2008.05,Paid
900014,500014,2025-01-02 21:17:26,Visa,2241.24,Paid
900015,500015,2025-01-02 23:05:41,Mastercard,1143.73,Paid
900016,500016,2025-01-03 03:43:13,PayPal,1219.52,Paid
900017,500017,2025-01-03 06:52:23,Visa,1282.43,Paid
900018,500018,2025-01-03 11:52:52,PayPal,1638.8,Paid
900019,500019,2025-01-03 12:17:08,Amex,1589.39,Paid
900020,500020,2025-01-03 16:02:26,Mastercard,1242.65,Paid
900021,500021,2025-01-03 17:21:07,Mastercard,710.96,Paid
900022,500022,2025-01-03 19:58:11,Mastercard,1567.13,Paid
900023,500023,2025-01-03 20:54:59,Visa,1958.76,Paid
900024,500024,2025-01-04 03:40:07,Visa,1459.42,Paid
900025,500025,2025-01-04 07:18:14,Visa,217.12,Paid
900026,500026,2025-01-04 11:59:39,Visa,1525.49,Paid
900027,500027,2025-01-04 19:20:41,PayPal,1776.16,Paid
900028,500028,2025-01-05 00:57:24,Mastercard,2602.41,Refunded
900029,500029,2025-01-05 02:57:45,PayPal,3819.55,Paid
900030,500030,2025-01-05 01:35:36,Amex,1934.5,Paid
900031,500031,2025-01-05 04:24:21,Visa,3849.68,Paid
900032,500032,2025-01-05 06:27:57,PayPal,848.94,Paid
900033,500033,2025-01-05 09:06:53,PayPal,715.83,Paid
900034,500034,2025-01-05 11:49:14,Visa,2321.34,Paid
900035,500035,2025-01-05 14:42:16,PayPal,832.31,Paid
900036,500036,2025-01-05 19:53:49,Amex,2211.59,Paid
900037,500037,2025-01-06 06:33:47,Mastercard,1383.18,Paid
900038,500038,2025-01-06 06:53:56,PayPal,2072.26,Paid
900039,500039,2025-01-06 06:56:16,PayPal,1401.55,Paid
900040,500040,2025-01-06 08:23:19,Mastercard,875.09,Paid
900041,500041,2025-01-06 10:01:05,Mastercard,1914.59,Paid
900042,500042,2025-01-06 12:24:39,Amex,1658.95,Paid
900043,500043,2025-01-06 15:42:17,Visa,498.53,Paid
900044,500044,2025-01-06 17:42:56,Mastercard,1044.1,Paid
900045,500045,2025-01-06 22:20:05,Visa,261.42,Paid
900046,500046,2025-01-07 19:26:18,Visa,1982.38,Paid
900047,500047,2025-01-07 20:46:40,Mastercard,726.79,Paid
900048,500048,2025-01-07 20:10:40,Visa,2534.99,Paid
900049,500049,2025-01-08 01:57:34,Mastercard,1786.52,Paid
900050,500050,2025-01-08 08:31:48,Visa,1076.87,Paid
900051,500051,2025-01-09 00:33:36,PayPal,1189.94,Paid
900052,500052,2025-01-09 02:55:49,Visa,2012.42,Paid
900053,500053,2025-01-09 03:55:43,Amex,474.51,Paid
900054,500054,2025-01-09 04:11:15,Amex,3386.72,Paid
900055,500055,2025-01-09 05:22:58,Visa,1442.21,Paid
900056,500056,2025-01-09 05:01:15,Visa,2041.15,Paid
900057,500057,2025-01-09 07:17:27,PayPal,293.84,Paid
900058,500058,2025-01-09 07:53:04,Amex,1447.62,Paid
900059,500059,2025-01-09 08:25:16,Mastercard,658.47,Paid
900060,500060,2025-01-09 16:17:34,Mastercard,600.03,Paid
900061,500061,2025-01-09 15:52:42,Mastercard,2939.55,Paid
900062,500062,2025-01-09 21:14:45,Visa,641.76,Paid
900063,500063,2025-01-09 23:24:21,Visa,207.86,Paid
900064,500064,2025-01-10 12:21:33,Visa,1016.91,Paid
900065,500065,2025-01-10 12:03:15,Mastercard,1377.4,Paid
900066,500066,2025-01-10 11:34:20,Visa,153.7,Paid
900067,500067,2025-01-10 15:19:19,Mastercard,2293.49,Paid
900068,500068,2025-01-10 20:36:09,Amex,1732.1,Paid
900069,500069,2025-01-11 00:46:39,Mastercard,2675.55,Paid
900070,500070,2025-01-11 07:54:32,Mastercard,1256.1,Paid
900071,500071,2025-01-11 07:55:12,Visa,1650.91,Paid
900072,500072,2025-01-11 17:17:42,Mastercard,1479.54,Paid
900073,500073,2025-01-11 17:31:13,Mastercard,602.94,Paid
900074,500074,2025-01-11 20:42:09,Visa,1171.61,Paid
900075,500075,2025-01-12 00:02:16,Mastercard,2185.95,Paid
900076,500076,2025-01-12 00:33:00,Amex,1613.93,Paid
900077,500077,2025-01-12 05:21:13,Visa,168.06,Paid
900078,500078,2025-01-12 09:02:47,Mastercard,1679.85,Paid
900079,500079,2025-01-13 02:03:14,Visa,1311.14,Paid
900080,500080,2025-01-13 03:10:16,Mastercard,676.6,Paid
900081,500081,2025-01-13 08:00:38,PayPal,1254.96,Paid
900082,500082,2025-01-13 11:15:27,Visa,2179.36,Paid
900083,500083,2025-01-13 11:32:18,Amex,1025.6,Paid
900084,500084,2025-01-13 13:55:12,Visa,1886.27,Paid
900085,500085,2025-01-13 14:56:25,PayPal,3936.15,Paid
900086,500086,2025-01-13 18:41:42,Amex,1682.63,Paid
900087,500087,2025-01-14 04:09:37,PayPal,633.48,Paid
900088,500088,2025-01-14 04:02:49,Visa,2704.49,Paid
900089,500089,2025-01-14 06:35:49,Mastercard,411.47,Paid
900090,500090,2025-01-14 08:06:44,PayPal,768.35,Refunded
900091,500091,2025-01-14 07:08:20,Mastercard,542.36,Paid
900092,500092,2025-01-14 13:32:52,Mastercard,1654.09,Paid
900093,500093,2025-01-14 18:13:21,Visa,810.94,Paid
900094,500094,2025-01-14 21:02:13,Visa,1106.77,Paid
900095,500095,2025-01-14 22:22:38,PayPal,1474.39,Paid
900096,500096,2025-01-14 22:57:00,PayPal,1345.7,Paid
900097,500097,2025-01-14 23:36:40,Visa,433.5,Paid
900098,500098,2025-01-15 01:51:36,Mastercard,2719.8,Paid
900099,500099,2025-01-15 05:52:03,Visa,669.09,Paid
900100,500100,2025-01-15 07:17:17,PayPal,1918.28,Paid
900101,500101,2025-01-15 07:59:52,PayPal,2158.2,Paid
900102,500102,2025-01-15 10:20:39,Amex,1559.6,Paid
900103,500103,2025-01-15 11:44:56,Mastercard,155.64,Paid
900104,500104,2025-01-15 12:59:07,Visa,378.55,Paid
900105,500105,2025-01-15 13:55:05,Mastercard,1673.81,Paid
900106,500106,2025-01-15 16:10:31,Mastercard,648.13,Paid
900107,500107,2025-01-15 20:14:23,Visa,1413.44,Paid
900108,500108,2025-01-16 00:48:34,Mastercard,2388.17,Paid
900109,500109,2025-01-16 02:34:34,Visa,1038.36,Paid
900110,500110,2025-01-16 04:07:21,PayPal,659.72,Paid
900111,500111,2025-01-16 09:07:52,Visa,76.41,Paid
900112,500112,2025-01-16 14:30:43,Mastercard,877.13,Paid
900113,500113,2025-01-16 15:32:47,Amex,2019.09,Refunded
900114,500114,2025-01-16 16:55:35,Visa,948.75,Refunded
900115,500115,2025-01-16 18:18:41,Visa,704.88,Paid
900116,500116,2025-01-16 22:45:14,PayPal,400.13,Paid
900117,500117,2025-01-16 23:47:51,PayPal,2049.07,Paid
900118,500118,2025-01-17 08:54:14,Visa,2116.54,Paid
900119,500119,2025-01-17 13:51:16,Visa,714.38,Paid
900120,500120,2025-01-17 14:44:08,PayPal,2389.42,Paid
900121,500121,2025-01-17 15:57:49,Mastercard,1943.74,Paid
900122,500122,2025-01-17 18:32:49,Visa,1755.21,Paid
900123,500123,2025-01-18 05:43:23,Visa,737.24,Paid
900124,500124,2025-01-18 09:36:43,Mastercard,1900.98,Paid
900125,500125,2025-01-18 22:27:26,Visa,383.0,Paid
900126,500126,2025-01-19 03:28:32,Visa,1327.26,Paid
900127,500127,2025-01-19 11:39:29,Mastercard,1008.12,Paid
900128,500128,2025-01-19 13:35:08,Visa,479.91,Paid
900129,500129,2025-01-19 21:44:39,Visa,1577.04,Paid
900130,500130,2025-01-19 21:37:26,Mastercard,294.9,Paid
900131,500131,2025-01-20 05:17:44,Visa,288.28,Paid
900132,500132,2025-01-20 08:27:26,Mastercard,1177.36,Paid
900133,500133,2025-01-20 16:57:47,PayPal,2266.6,Paid
900134,500134,2025-01-20 23:58:41,Mastercard,1273.28,Paid
900135,500135,2025-01-21 00:03:35,Visa,1000.2,Paid
900136,500136,2025-01-21 05:48:42,Visa,427.84,Paid
900137,500137,2025-01-21 06:33:29,Mastercard,929.49,Paid
900138,500138,2025-01-21 08:55:16,PayPal,978.21,Paid
900139,500139,2025-01-21 10:34:15,Visa,549.0,Refunded
900140,500140,2025-01-21 13:06:01,PayPal,803.82,Paid
900141,500141,2025-01-21 12:45:21,Visa,2220.59,Paid
900142,500142,2025-01-21 12:47:36,Mastercard,1064.56,Refunded
900143,500143,2025-01-21 14:44:35,Visa,245.82,Paid
900144,500144,2025-01-21 15:55:26,Visa,257.35,Paid
900145,500145,2025-01-21 16:51:18,PayPal,815.12,Paid
900146,500146,2025-01-21 23:10:39,Mastercard,2593.15,Paid
900147,500147,2025-01-22 01:07:13,Mastercard,2790.4,Paid
900148,500148,2025-01-22 09:36:16,Mastercard,719.22,Refunded
900149,500149,2025-01-22 09:37:43,Mastercard,3368.85,Paid
900150,500150,2025-01-22 15:14:12,Mastercard,3509.12,Paid
900151,500151,2025-01-22 16:30:24,Visa,1623.1,Paid
900152,500152,2025-01-22 22:52:49,Mastercard,834.82,Paid
900153,500153,2025-01-23 00:16:30,Visa,1291.16,Paid
900154,500154,2025-01-23 01:07:03,Mastercard,1741.1,Paid
900155,500155,2025-01-23 03:54:22,PayPal,225.6,Paid
900156,500156,2025-01-23 04:36:22,PayPal,1391.58,Paid
900157,500157,2025-01-23 11:07:17,Mastercard,2802.1,Paid
900158,500158,2025-01-23 13:16:48,Mastercard,2371.08,Paid
900159,500159,2025-01-23 14:40:14,PayPal,1020.27,Paid
900160,500160,2025-01-23 17:38:41,Amex,2832.04,Paid
900161,500161,2025-01-24 00:33:34,Visa,1197.69,Paid
900162,500162,2025-01-24 04:27:48,Visa,2934.57,Paid
900163,500163,2025-01-24 05:19:40,Visa,408.16,Paid
900164,500164,2025-01-24 04:44:58,PayPal,1133.48,Paid
900165,500165,2025-01-24 05:56:02,Visa,2017.89,Paid
900166,500166,2025-01-24 08:14:13,Visa,1424.4,Paid
900167,500167,2025-01-24 08:11:38,Visa,1471.58,Refunded
900168,500168,2025-01-24 07:27:28,Visa,1818.5,Paid
900169,500169,2025-01-24 13:08:03,PayPal,1877.51,Paid
900170,500170,2025-01-24 14:17:27,Visa,552.7,Paid
900171,500171,2025-01-24 17:24:09,Mastercard,1802.03,Refunded
900172,500172,2025-01-24 22:06:49,Visa,417.24,Paid
900173,500173,2025-01-24 22:37:06,Mastercard,1926.33,Paid
900174,500174,2025-01-25 00:37:55,Mastercard,208.62,Paid
900175,500175,2025-01-25 02:01:48,Visa,191.45,Paid
900176,500176,2025-01-25 01:21:45,Amex,861.28,Refunded
900177,500177,2025-01-25 02:58:44,Mastercard,786.16,Paid
900178,500178,2025-01-25 07:29:36,PayPal,1050.01,Paid
900179,500179,2025-01-25 10:23:31,Visa,978.4,Paid
900180,500180,2025-01-25 10:11:39,Visa,1766.46,Paid
900181,500181,2025-01-25 13:26:22,PayPal,2687.23,Paid
900182,500182,2025-01-25 13:37:17,Visa,1079.7,Paid
900183,500183,2025-01-25 12:34:59,PayPal,1979.22,Paid
900184,500184,2025-01-25 19:42:51,Visa,3325.8,Paid
900185,500185,2025-01-26 04:31:54,Visa,1453.88,Paid
900186,500186,2025-01-26 05:18:02,Amex,687.15,Paid
900187,500187,2025-01-26 05:29:48,Mastercard,2157.02,Paid
900188,500188,2025-01-27 00:41:43,Mastercard,1462.01,Paid
900189,500189,2025-01-27 02:24:21,Visa,253.2,Paid
900190,500190,2025-01-27 06:48:53,Mastercard,1043.8,Paid
900191,500191,2025-01-27 10:20:44,Amex,1398.8,Paid
900192,500192,2025-01-27 16:11:24,Visa,1883.33,Paid
900193,500193,2025-01-27 21:21:22,Mastercard,1149.06,Paid
900194,500194,2025-01-27 23:21:19,Visa,1883.43,Paid
900195,500195,2025-01-28 00:38:36,Mastercard,1224.81,Paid
900196,500196,2025-01-28 01:15:43,Mastercard,644.73,Paid
900197,500197,2025-01-28 04:22:11,Visa,1471.08,Paid
900198,500198,2025-01-28 06:52:54,Mastercard,1149.56,Paid
900199,500199,2025-01-28 10:34:57,Visa,1517.19,Refunded
900200,500200,2025-01-28 11:04:02,Visa,1032.04,Paid
900201,500201,2025-01-28 14:18:40,Mastercard,833.1,Refunded
900202,500202,2025-01-28 15:26:15,Visa,1746.4,Paid
900203,500203,2025-01-28 15:38:55,Amex,263.95,Paid
900204,500204,2025-01-28 16:17:09,Mastercard,2176.92,Paid
900205,500205,2025-01-28 18:50:25,Mastercard,2278.0,Paid
900206,500206,2025-01-28 23:53:54,Amex,1126.16,Paid
900207,500207,2025-01-29 00:34:25,Visa,2940.41,Paid
900208,500208,2025-01-29 10:06:52,Visa,178.78,Paid
900209,500209,2025-01-29 14:53:44,Mastercard,249.98,Paid
900210,500210,2025-01-29 15:17:39,Mastercard,1054.33,Paid
900211,500211,2025-01-29 14:26:43,Mastercard,2108.98,Paid
900212,500212,2025-01-29 16:36:17,Mastercard,1721.9,Paid
900213,500213,2025-01-29 23:19:06,Visa,1421.76,Paid
900214,500214,2025-01-30 01:15:32,Mastercard,1451.68,Paid
900215,500215,2025-01-30 05:25:17,PayPal,587.66,Paid
900216,500216,2025-01-30 05:59:56,Mastercard,2147.06,Paid
900217,500217,2025-01-30 05:26:58,Amex,2890.93,Paid
900218,500218,2025-01-30 07:37:12,Visa,452.91,Paid
900219,500219,2025-01-30 10:17:06,Mastercard,2044.38,Paid
900220,500220,2025-01-30 11:32:18,Mastercard,2426.54,Paid
900221,500221,2025-01-30 14:23:09,Mastercard,1219.0,Paid
900222,500222,2025-01-30 21:10:43,Visa,852.24,Paid
900223,500223,2025-01-31 02:01:52,PayPal,752.88,Refunded
900224,500224,2025-01-31 03:30:23,PayPal,1355.14,Paid
900225,500225,2025-01-31 04:25:13,Mastercard,2272.58,Paid
900226,500226,2025-01-31 20:29:58,Mastercard,1145.43,Paid
900227,500227,2025-02-01 00:13:23,Amex,2197.44,Paid
900228,500228,2025-02-01 01:55:12,Visa,360.81,Paid
900229,500229,2025-02-01 04:10:00,Visa,187.36,Paid
900230,500230,2025-02-01 10:03:21,Visa,907.02,Paid
900231,500231,2025-02-01 10:54:53,PayPal,2117.22,Paid
900232,500232,2025-02-01 12:44:38,Visa,2101.2,Paid
900233,500233,2025-02-01 14:09:31,Visa,1716.59,Paid
900234,500234,2025-02-01 18:22:05,Mastercard,1620.03,Paid
900235,500235,2025-02-01 21:15:19,PayPal,2193.51,Paid
900236,500236,2025-02-01 23:02:36,Visa,2990.8,Paid
900237,500237,2025-02-02 07:39:03,Visa,1457.12,Paid
900238,500238,2025-02-02 10:00:29,Visa,1907.84,Paid
900239,500239,2025-02-02 12:08:38,Mastercard,2074.8,Paid
900240,500240,2025-02-02 17:54:38,Mastercard,837.56,Paid
900241,500241,2025-02-02 20:18:36,PayPal,819.36,Paid
900242,500242,2025-02-02 19:42:26,Mastercard,120.16,Paid
900243,500243,2025-02-02 22:02:06,PayPal,2489.88,Paid
900244,500244,2025-02-03 04:46:06,Visa,1819.16,Paid
900245,500245,2025-02-03 05:06:58,Visa,3094.16,Paid
900246,500246,2025-02-03 07:38:53,Mastercard,888.88,Paid
900247,500247,2025-02-03 10:40:43,PayPal,3742.22,Paid
900248,500248,2025-02-03 12:02:54,Mastercard,428.69,Paid
900249,500249,2025-02-03 14:03:29,Visa,1400.61,Paid
900250,500250,2025-02-03 19:56:54,Visa,888.2,Paid
900251,500251,2025-02-03 19:22:15,Visa,2739.38,Paid
900252,500252,2025-02-03 19:05:54,Amex,2145.91,Paid
900253,500253,2025-02-04 02:14:10,Amex,452.15,Refunded
900254,500254,2025-02-04 07:21:19,Visa,460.1,Paid
900255,500255,2025-02-04 15:33:14,PayPal,1761.23,Refunded
900256,500256,2025-02-04 16:48:19,Visa,405.63,Paid
900257,500257,2025-02-05 00:40:46,Mastercard,1636.46,Paid
900258,500258,2025-02-05 01:03:33,Visa,608.54,Paid
900259,500259,2025-02-05 01:41:32,Mastercard,534.56,Paid
900260,500260,2025-02-05 04:35:11,Mastercard,760.93,Paid
900261,500261,2025-02-05 06:14:34,Mastercard,2440.89,Paid
900262,500262,2025-02-05 13:48:46,Visa,1886.18,Paid
900263,500263,2025-02-05 17:37:54,Amex,1581.81,Paid
900264,500264,2025-02-05 20:44:52,Visa,1121.04,Paid
900265,500265,2025-02-05 23:57:49,Visa,3122.3,Paid
900266,500266,2025-02-06 00:26:08,Visa,1933.09,Paid
900267,500267,2025-02-06 00:05:54,Mastercard,2580.45,Paid
900268,500268,2025-02-06 06:30:05,Mastercard,679.66,Paid
900269,500269,2025-02-06 08:13:27,Mastercard,2392.62,Paid
900270,500270,2025-02-06 10:49:38,PayPal,168.06,Paid
900271,500271,2025-02-06 10:18:25,Visa,2307.54,Refunded
900272,500272,2025-02-06 12:43:00,Mastercard,514.24,Paid
900273,500273,2025-02-06 16:41:41,Visa,2299.35,Paid
900274,500274,2025-02-06 22:27:18,Visa,1541.71,Paid
900275,500275,2025-02-07 02:10:46,Mastercard,336.48,Paid
900276,500276,2025-02-07 05:07:14,Visa,2552.38,Paid
900277,500277,2025-02-07 08:46:19,PayPal,1739.2,Paid
900278,500278,2025-02-07 10:40:40,Visa,1873.38,Paid
900279,500279,2025-02-07 12:27:15,Mastercard,1564.15,Paid
900280,500280,2025-02-07 14:02:08,Mastercard,1496.68,Paid
900281,500281,2025-02-07 18:05:52,PayPal,2283.11,Paid
900282,500282,2025-02-07 23:38:55,Visa,297.58,Paid
900283,500283,2025-02-08 02:18:10,Mastercard,1119.23,Paid
900284,500284,2025-02-08 04:06:42,Mastercard,1660.12,Paid
900285,500285,2025-02-08 06:40:07,PayPal,1640.76,Paid
900286,500286,2025-02-08 07:50:39,Mastercard,1335.68,Paid
900287,500287,2025-02-08 16:04:21,Amex,589.8,Paid
900288,500288,2025-02-08 17:00:04,Mastercard,603.28,Paid
900289,500289,2025-02-08 22:11:41,Visa,2091.52,Paid
900290,500290,2025-02-08 23:07:15,Mastercard,1379.86,Paid
900291,500291,2025-02-09 01:30:15,Mastercard,3073.11,Paid
900292,500292,2025-02-09 06:15:36,Visa,2777.26,Paid
900293,500293,2025-02-09 17:07:51,Visa,1270.52,Paid
900294,500294,2025-02-09 17:37:48,Visa,386.82,Paid
900295,500295,2025-02-09 18:04:19,Mastercard,2037.44,Paid
900296,500296,2025-02-10 00:39:16,PayPal,2021.89,Paid
900297,500297,2025-02-10 03:18:47,PayPal,890.26,Paid
900298,500298,2025-02-10 18:06:43,Visa,1071.72,Paid
900299,500299,2025-02-10 18:01:35,Visa,544.08,Paid
900300,500300,2025-02-11 00:27:08,Mastercard,2478.64,Paid
900301,500301,2025-02-11 01:22:34,Visa,1060.69,Refunded
900302,500302,2025-02-11 09:44:13,Mastercard,752.68,Paid
900303,500303,2025-02-11 12:34:42,Visa,665.84,Paid
900304,500304,2025-02-11 13:05:03,Mastercard,812.88,Paid
900305,500305,2025-02-11 13:45:47,Mastercard,674.66,Paid
900306,500306,2025-02-11 14:48:53,Visa,1288.15,Paid
900307,500307,2025-02-12 00:26:48,Visa,1113.3,Paid
900308,500308,2025-02-12 10:34:21,Mastercard,1097.2,Paid
900309,500309,2025-02-12 10:23:08,Visa,1775.32,Paid
900310,500310,2025-02-12 23:05:59,Visa,983.8,Paid
900311,500311,2025-02-13 05:21:08,Mastercard,1613.88,Paid
900312,500312,2025-02-13 08:10:56,Mastercard,544.08,Paid
900313,500313,2025-02-13 12:30:01,Visa,435.69,Paid
900314,500314,2025-02-13 15:35:02,Visa,1027.25,Paid
900315,500315,2025-02-13 16:55:10,Visa,1119.53,Refunded
900316,500316,2025-02-13 20:17:15,Mastercard,1491.57,Paid
900317,500317,2025-02-13 21:59:32,Visa,1386.88,Paid
900318,500318,2025-02-14 00:32:49,Visa,3712.31,Paid
900319,500319,2025-02-14 02:30:46,Visa,3530.36,Paid
900320,500320,2025-02-14 03:45:35,Visa,2401.1,Paid
900321,500321,2025-02-14 05:43:54,PayPal,3644.32,Paid
900322,500322,2025-02-14 08:38:47,PayPal,2532.93,Paid
900323,500323,2025-02-14 11:02:26,Visa,1001.62,Paid
900324,500324,2025-02-14 17:29:12,Visa,296.57,Paid
900325,500325,2025-02-14 18:58:02,Visa,552.2,Paid
900326,500326,2025-02-14 22:06:23,Amex,1463.32,Paid
900327,500327,2025-02-14 22:12:58,Visa,184.31,Paid
900328,500328,2025-02-14 22:29:17,PayPal,723.31,Paid
900329,500329,2025-02-15 03:34:07,Visa,2808.43,Paid
900330,500330,2025-02-15 08:55:13,Visa,261.93,Paid
900331,500331,2025-02-15 09:45:36,PayPal,232.1,Paid
900332,500332,2025-02-15 14:50:25,Mastercard,935.16,Paid
900333,500333,2025-02-15 17:17:55,PayPal,1007.79,Paid
900334,500334,2025-02-15 19:24:58,PayPal,1285.88,Paid
900335,500335,2025-02-15 19:15:00,PayPal,1937.42,Paid
900336,500336,2025-02-15 21:31:31,Mastercard,2934.19,Paid
900337,500337,2025-02-16 00:59:19,Mastercard,2079.69,Paid
900338,500338,2025-02-16 03:55:55,Mastercard,1818.3,Paid
900339,500339,2025-02-16 02:37:51,Mastercard,1879.64,Paid
900340,500340,2025-02-16 04:49:22,Visa,1707.4,Paid
900341,500341,2025-02-16 06:09:37,Mastercard,1731.04,Paid
900342,500342,2025-02-16 13:55:54,Mastercard,309.83,Paid
900343,500343,2025-02-16 16:49:27,Mastercard,1868.44,Paid
900344,500344,2025-02-16 18:25:16,PayPal,126.41,Paid
900345,500345,2025-02-16 22:26:06,Visa,1445.79,Paid
900346,500346,2025-02-17 01:04:09,Visa,613.44,Paid
900347,500347,2025-02-17 10:13:50,Visa,1427.9,Paid
900348,500348,2025-02-17 18:58:55,Mastercard,2170.22,Paid
900349,500349,2025-02-17 19:37:22,PayPal,1710.58,Paid
900350,500350,2025-02-17 21:56:38,Visa,1032.49,Paid
900351,500351,2025-02-18 01:56:56,Visa,861.28,Paid
900352,500352,2025-02-18 07:49:17,Mastercard,173.47,Paid
900353,500353,2025-02-18 08:50:07,Visa,959.8,Paid
900354,500354,2025-02-18 08:53:08,Mastercard,2158.77,Paid
900355,500355,2025-02-18 11:41:52,Visa,496.12,Paid
900356,500356,2025-02-18 13:35:03,Mastercard,1571.57,Paid
900357,500357,2025-02-18 14:37:34,Mastercard,3025.88,Paid
900358,500358,2025-02-19 03:40:33,Visa,817.92,Paid
900359,500359,2025-02-19 04:07:55,Visa,819.79,Paid
900360,500360,2025-02-19 10:33:02,Mastercard,2297.08,Paid
900361,500361,2025-02-19 17:25:28,Visa,2354.96,Paid
900362,500362,2025-02-19 17:24:13,Mastercard,1278.88,Paid
900363,500363,2025-02-20 00:39:59,PayPal,2733.67,Paid
900364,500364,2025-02-20 04:20:18,PayPal,904.46,Paid
900365,500365,2025-02-20 09:11:49,Visa,233.32,Paid
900366,500366,2025-02-21 05:42:27,Visa,2817.22,Paid
900367,500367,2025-02-21 08:59:48,Visa,1093.24,Paid
900368,500368,2025-02-21 07:58:35,Visa,1624.7,Paid
900369,500369,2025-02-21 09:09:47,PayPal,1100.19,Paid
900370,500370,2025-02-21 08:55:29,PayPal,1439.84,Paid
900371,500371,2025-02-21 14:26:22,Visa,966.22,Paid
900372,500372,2025-02-21 18:08:57,Mastercard,2064.08,Paid
900373,500373,2025-02-21 21:58:17,PayPal,668.32,Paid
900374,500374,2025-02-21 22:24:33,Mastercard,972.86,Paid
900375,500375,2025-02-21 21:46:21,Mastercard,527.9,Paid
900376,500376,2025-02-22 01:00:12,Mastercard,1625.24,Paid
900377,500377,2025-02-22 01:36:39,Mastercard,455.08,Paid
900378,500378,2025-02-22 01:33:07,PayPal,1262.36,Paid
900379,500379,2025-02-22 08:07:14,Visa,1396.14,Paid
900380,500380,2025-02-22 09:31:29,Visa,1218.56,Paid
900381,500381,2025-02-22 10:09:26,Mastercard,1662.68,Paid
900382,500382,2025-02-22 13:27:58,Amex,2274.05,Paid
900383,500383,2025-02-22 17:59:59,Amex,1124.79,Paid
900384,500384,2025-02-22 19:22:06,Mastercard,1909.57,Paid
900385,500385,2025-02-23 10:40:57,PayPal,1580.32,Paid
900386,500386,2025-02-23 17:00:51,PayPal,985.87,Paid
900387,500387,2025-02-23 22:48:17,Visa,1916.76,Paid
900388,500388,2025-02-23 23:09:55,Visa,1428.76,Paid
900389,500389,2025-02-24 00:46:43,PayPal,1118.31,Paid
900390,500390,2025-02-24 04:23:33,Visa,1982.06,Paid
900391,500391,2025-02-24 05:34:32,Mastercard,710.96,Paid
900392,500392,2025-02-24 08:05:56,Visa,1789.22,Paid
900393,500393,2025-02-24 17:44:26,Mastercard,758.43,Paid
900394,500394,2025-02-24 19:55:15,Mastercard,284.74,Paid
900395,500395,2025-02-25 05:05:13,Visa,1789.72,Paid
900396,500396,2025-02-25 05:32:12,Mastercard,1742.28,Paid
900397,500397,2025-02-25 17:07:16,Visa,1275.6,Paid
900398,500398,2025-02-25 18:27:33,Mastercard,613.44,Paid
900399,500399,2025-02-25 19:28:01,Amex,2062.04,Paid
900400,500400,2025-02-26 07:48:32,Visa,2310.72,Paid
900401,500401,2025-02-26 07:56:49,Visa,1782.81,Paid
900402,500402,2025-02-26 12:36:56,Visa,399.38,Paid
900403,500403,2025-02-26 14:15:37,Mastercard,438.4,Paid
900404,500404,2025-02-26 14:43:08,Mastercard,122.96,Refunded
900405,500405,2025-02-27 06:36:25,Visa,2483.04,Paid
900406,500406,2025-02-27 13:16:55,Visa,568.86,Paid
900407,500407,2025-02-27 20:13:52,Visa,316.25,Paid
900408,500408,2025-02-28 04:21:24,Mastercard,1062.39,Paid
900409,500409,2025-02-28 04:35:59,PayPal,603.21,Paid
900410,500410,2025-02-28 04:22:42,PayPal,596.96,Paid
900411,500411,2025-02-28 12:08:37,Mastercard,1264.0,Paid
900412,500412,2025-02-28 16:42:59,Mastercard,1973.56,Paid
900413,500413,2025-02-28 18:33:11,Visa,635.07,Paid
900414,500414,2025-02-28 18:22:22,Amex,1475.63,Paid
900415,500415,2025-02-28 21:38:55,Visa,2252.77,Paid
900416,500416,2025-03-01 00:30:32,PayPal,183.27,Paid
900417,500417,2025-03-01 00:07:05,PayPal,1070.47,Paid
900418,500418,2025-03-01 11:46:17,PayPal,171.95,Paid
900419,500419,2025-03-01 17:02:50,PayPal,581.37,Paid
900420,500420,2025-03-01 19:16:02,Visa,1104.72,Paid
900421,500421,2025-03-01 19:35:21,Visa,2113.6,Paid
900422,500422,2025-03-01 19:49:12,Mastercard,2482.08,Paid
900423,500423,2025-03-01 20:16:33,Visa,2027.85,Paid
900424,500424,2025-03-01 21:48:53,Mastercard,1217.02,Paid
900425,500425,2025-03-02 00:16:42,Mastercard,1649.37,Paid
900426,500426,2025-03-02 06:14:59,Mastercard,1265.09,Paid
900427,500427,2025-03-02 06:40:34,Mastercard,1246.41,Paid
900428,500428,2025-03-02 08:30:44,Amex,2305.86,Refunded
900429,500429,2025-03-02 08:30:21,Visa,2418.94,Paid
900430,500430,2025-03-02 21:57:42,Mastercard,1827.82,Refunded
900431,500431,2025-03-02 22:08:02,Visa,2267.12,Paid
900432,500432,2025-03-02 21:56:32,Visa,194.26,Paid
900433,500433,2025-03-03 01:26:20,Visa,215.22,Paid
900434,500434,2025-03-03 04:41:39,Visa,1534.74,Paid
900435,500435,2025-03-03 06:37:45,PayPal,2553.26,Paid
900436,500436,2025-03-03 10:29:48,PayPal,887.83,Paid
900437,500437,2025-03-03 20:29:55,PayPal,966.23,Paid
900438,500438,2025-03-03 23:21:23,Visa,873.7,Paid
900439,500439,2025-03-04 00:37:05,PayPal,1590.56,Paid
900440,500440,2025-03-04 01:59:38,Amex,1797.47,Paid
900441,500441,2025-03-04 09:41:57,Visa,888.2,Paid
900442,500442,2025-03-04 12:16:23,Visa,2832.42,Paid
900443,500443,2025-03-04 14:21:00,Visa,3444.58,Paid
900444,500444,2025-03-04 18:09:41,Visa,2093.71,Paid
900445,500445,2025-03-04 17:30:41,Visa,1827.38,Paid
900446,500446,2025-03-04 19:42:42,Visa,3999.44,Paid
900447,500447,2025-03-04 20:22:09,Visa,263.22,Paid
900448,500448,2025-03-04 22:01:31,Mastercard,1014.6,Paid
900449,500449,2025-03-04 22:37:48,Mastercard,494.45,Paid
900450,500450,2025-03-04 23:51:45,Visa,1543.56,Paid
900451,500451,2025-03-05 05:00:24,Visa,1518.06,Paid
900452,500452,2025-03-05 11:32:15,Visa,658.17,Paid
900453,500453,2025-03-05 15:24:11,Mastercard,1474.28,Paid
900454,500454,2025-03-05 20:12:06,PayPal,2591.23,Paid
900455,500455,2025-03-05 20:03:01,Visa,1030.33,Paid
900456,500456,2025-03-06 01:16:58,PayPal,1067.18,Paid
900457,500457,2025-03-06 15:38:31,PayPal,154.78,Paid
900458,500458,2025-03-06 18:53:40,Visa,1913.64,Paid
900459,500459,2025-03-06 18:54:49,Visa,2241.98,Paid
900460,500460,2025-03-06 19:42:35,Visa,1631.54,Paid
900461,500461,2025-03-06 21:28:31,Amex,1858.92,Paid
900462,500462,2025-03-07 06:40:34,Visa,3792.37,Paid
900463,500463,2025-03-07 14:51:37,Visa,236.59,Paid
900464,500464,2025-03-07 15:50:34,PayPal,1152.0,Paid
900465,500465,2025-03-07 18:51:49,Visa,1681.42,Paid
900466,500466,2025-03-08 00:28:18,PayPal,1964.7,Paid
900467,500467,2025-03-08 04:08:59,Visa,747.36,Paid
900468,500468,2025-03-08 08:05:13,PayPal,354.1,Paid
900469,500469,2025-03-08 09:21:36,Visa,1068.54,Paid
900470,500470,2025-03-08 18:09:40,Mastercard,1596.77,Paid
900471,500471,2025-03-08 21:03:03,Visa,2513.06,Paid
900472,500472,2025-03-09 04:57:58,PayPal,1500.7,Paid
900473,500473,2025-03-09 07:16:59,Visa,1158.58,Paid
900474,500474,2025-03-09 15:37:18,Visa,1939.7,Paid
900475,500475,2025-03-09 18:46:01,Visa,1897.84,Paid
900476,500476,2025-03-09 21:40:10,Visa,990.4,Paid
900477,500477,2025-03-10 04:01:04,Mastercard,844.08,Paid
900478,500478,2025-03-10 04:33:04,Visa,2181.1,Paid
900479,500479,2025-03-10 04:26:03,Visa,1715.5,Paid
900480,500480,2025-03-10 16:48:57,Visa,948.4,Paid
900481,500481,2025-03-10 19:28:36,Mastercard,1773.51,Paid
900482,500482,2025-03-10 20:21:06,Visa,1095.14,Paid
900483,500483,2025-03-10 19:59:02,Visa,1732.59,Paid
900484,500484,2025-03-11 00:03:45,Visa,3538.1,Paid
900485,500485,2025-03-11 07:05:17,Amex,2087.16,Paid
900486,500486,2025-03-11 05:37:35,Mastercard,1141.87,Paid
900487,500487,2025-03-11 07:26:07,Mastercard,1850.16,Paid
900488,500488,2025-03-11 08:33:17,Visa,1908.85,Paid
900489,500489,2025-03-11 17:42:55,Mastercard,971.98,Paid
900490,500490,2025-03-11 18:41:48,Mastercard,3288.71,Paid
900491,500491,2025-03-11 18:29:06,Visa,3283.09,Paid
900492,500492,2025-03-11 18:37:25,Mastercard,1519.05,Paid
900493,500493,2025-03-12 00:44:04,Mastercard,896.56,Paid
900494,500494,2025-03-12 05:50:28,Visa,808.4,Paid
900495,500495,2025-03-12 07:49:33,Mastercard,1555.56,Paid
900496,500496,2025-03-12 10:43:57,PayPal,221.94,Paid
900497,500497,2025-03-12 10:58:38,Visa,1135.44,Paid
900498,500498,2025-03-12 13:07:43,Visa,277.41,Paid
900499,500499,2025-03-12 15:25:20,PayPal,1925.0,Paid
900500,500500,2025-03-12 17:19:12,Visa,1254.01,Refunded
900501,500501,2025-03-12 19:26:35,PayPal,637.74,Paid
900502,500502,2025-03-12 23:56:50,Visa,1490.76,Refunded
900503,500503,2025-03-13 02:39:30,Visa,664.84,Paid
900504,500504,2025-03-13 01:53:48,Visa,109.6,Refunded
900505,500505,2025-03-13 11:31:27,Mastercard,1890.37,Paid
900506,500506,2025-03-13 11:52:11,Mastercard,496.08,Paid
900507,500507,2025-03-13 13:48:25,Visa,2251.72,Paid
900508,500508,2025-03-13 14:05:32,Mastercard,1174.56,Paid
900509,500509,2025-03-13 15:58:38,Mastercard,328.36,Paid
900510,500510,2025-03-13 15:43:54,Amex,2236.58,Paid
900511,500511,2025-03-13 18:55:07,Visa,2170.11,Paid
900512,500512,2025-03-13 20:47:22,PayPal,1843.8,Paid
900513,500513,2025-03-13 22:45:42,Mastercard,1633.96,Paid
900514,500514,2025-03-13 23:58:47,Mastercard,115.26,Paid
900515,500515,2025-03-14 01:56:17,Amex,1906.62,Paid
900516,500516,2025-03-14 03:38:02,Visa,1297.34,Paid
900517,500517,2025-03-14 08:47:25,Mastercard,1471.82,Paid
900518,500518,2025-03-14 08:27:31,Mastercard,1100.19,Paid
900519,500519,2025-03-14 12:56:57,Visa,1325.17,Paid
900520,500520,2025-03-14 13:18:56,PayPal,1470.52,Paid
900521,500521,2025-03-14 13:13:01,Mastercard,1397.12,Paid
900522,500522,2025-03-14 14:00:56,Mastercard,749.06,Paid
900523,500523,2025-03-14 14:16:29,Visa,1764.92,Paid
900524,500524,2025-03-14 15:49:45,Mastercard,3018.57,Paid
900525,500525,2025-03-14 14:34:21,Visa,1753.57,Paid
900526,500526,2025-03-14 20:41:18,PayPal,1206.56,Paid
900527,500527,2025-03-15 00:23:50,Visa,771.78,Paid
900528,500528,2025-03-15 06:54:33,Mastercard,1681.16,Paid
900529,500529,2025-03-15 10:09:04,PayPal,823.88,Paid
900530,500530,2025-03-15 11:24:09,Visa,213.92,Paid
900531,500531,2025-03-15 13:28:23,Mastercard,1078.24,Paid
900532,500532,2025-03-15 14:06:30,PayPal,1392.66,Paid
900533,500533,2025-03-15 13:43:40,Mastercard,880.95,Paid
900534,500534,2025-03-15 17:04:49,Mastercard,1190.32,Paid
900535,500535,2025-03-15 19:14:02,Visa,1829.19,Paid
900536,500536,2025-03-15 20:10:20,Mastercard,1087.29,Paid
900537,500537,2025-03-15 20:41:48,Mastercard,1642.82,Paid
900538,500538,2025-03-15 22:13:26,Mastercard,1945.13,Paid
900539,500539,2025-03-15 22:37:02,Visa,1168.77,Paid
900540,500540,2025-03-15 23:47:27,Visa,1256.5,Paid
900541,500541,2025-03-15 22:38:10,Visa,554.49,Paid
900542,500542,2025-03-16 04:21:19,Mastercard,2547.02,Paid
900543,500543,2025-03-16 09:39:42,Mastercard,458.88,Paid
900544,500544,2025-03-16 09:16:54,Mastercard,903.71,Paid
900545,500545,2025-03-16 11:12:34,Visa,267.0,Paid
900546,500546,2025-03-16 16:34:06,Mastercard,461.36,Paid
900547,500547,2025-03-16 19:34:35,Visa,2931.7,Paid
900548,500548,2025-03-16 22:56:35,Visa,531.27,Paid
900549,500549,2025-03-17 00:54:25,Mastercard,733.46,Paid
900550,500550,2025-03-17 05:23:13,Mastercard,1229.62,Paid
900551,500551,2025-03-17 07:06:27,Visa,2388.87,Paid
900552,500552,2025-03-17 15:29:05,Amex,1165.34,Paid
900553,500553,2025-03-17 16:27:04,Visa,567.12,Paid
900554,500554,2025-03-17 20:52:51,Mastercard,1807.43,Paid
900555,500555,2025-03-17 20:46:49,Mastercard,2016.34,Paid
900556,500556,2025-03-18 01:17:20,Mastercard,415.23,Paid
900557,500557,2025-03-18 04:51:27,Amex,1693.18,Paid
900558,500558,2025-03-18 08:29:07,PayPal,2933.53,Paid
900559,500559,2025-03-18 09:24:56,PayPal,1071.42,Paid
900560,500560,2025-03-18 09:44:13,PayPal,1457.3,Paid
900561,500561,2025-03-18 15:55:14,Mastercard,821.56,Paid
900562,500562,2025-03-18 17:28:25,Mastercard,889.44,Paid
900563,500563,2025-03-18 22:23:32,Mastercard,3231.45,Paid
900564,500564,2025-03-19 04:35:01,PayPal,1274.98,Paid
900565,500565,2025-03-19 05:55:59,Mastercard,1383.05,Paid
900566,500566,2025-03-19 10:16:24,Mastercard,2070.6,Paid
900567,500567,2025-03-19 13:29:06,Mastercard,2479.82,Paid
900568,500568,2025-03-19 20:27:22,Amex,2182.54,Paid
900569,500569,2025-03-20 02:47:28,Mastercard,2127.24,Paid
900570,500570,2025-03-20 05:31:56,Mastercard,952.45,Paid
900571,500571,2025-03-20 11:12:14,Mastercard,1376.34,Refunded
900572,500572,2025-03-20 14:44:48,PayPal,1211.6,Paid
900573,500573,2025-03-21 01:01:59,Visa,2275.67,Paid
900574,500574,2025-03-21 05:12:40,Mastercard,1878.14,Paid
900575,500575,2025-03-21 09:10:53,Mastercard,883.62,Paid
900576,500576,2025-03-21 11:42:14,Visa,1400.98,Paid
900577,500577,2025-03-21 13:45:32,Visa,126.85,Paid
900578,500578,2025-03-21 19:40:25,Mastercard,1731.37,Paid
900579,500579,2025-03-21 20:24:18,Mastercard,2489.02,Paid
900580,500580,2025-03-21 21:17:11,PayPal,144.14,Paid
900581,500581,2025-03-21 23:18:07,PayPal,1653.95,Paid
900582,500582,2025-03-22 05:32:35,Visa,555.4,Paid
900583,500583,2025-03-22 17:10:07,Mastercard,134.54,Paid
900584,500584,2025-03-22 19:40:33,Amex,1403.81,Paid
900585,500585,2025-03-22 19:59:25,Mastercard,85.4,Paid
900586,500586,2025-03-23 02:06:46,Amex,2227.4,Paid
900587,500587,2025-03-23 04:49:26,Visa,1375.19,Paid
900588,500588,2025-03-23 08:35:03,PayPal,650.26,Paid
900589,500589,2025-03-23 11:20:22,Mastercard,2084.0,Paid
900590,500590,2025-03-23 10:23:05,Visa,2056.35,Paid
900591,500591,2025-03-23 11:44:08,Mastercard,1473.26,Paid
900592,500592,2025-03-23 12:30:40,Mastercard,2197.51,Paid
900593,500593,2025-03-23 13:03:11,Visa,2115.36,Paid
900594,500594,2025-03-23 13:25:50,Mastercard,1181.29,Paid
900595,500595,2025-03-23 15:03:43,Mastercard,265.4,Paid
900596,500596,2025-03-23 16:06:59,Visa,1343.16,Paid
900597,500597,2025-03-23 17:53:20,Visa,1328.88,Paid
900598,500598,2025-03-23 17:29:17,PayPal,766.42,Paid
900599,500599,2025-03-23 20:46:25,Visa,128.07,Refunded
900600,500600,2025-03-23 21:29:54,Mastercard,1625.6,Paid
900601,500601,2025-03-24 00:04:09,Amex,1271.72,Paid
900602,500602,2025-03-24 01:38:17,Mastercard,964.41,Paid
900603,500603,2025-03-24 04:08:59,PayPal,184.31,Paid
900604,500604,2025-03-24 10:13:51,Visa,3092.86,Paid
900605,500605,2025-03-24 14:54:07,Visa,1912.62,Paid
900606,500606,2025-03-24 16:28:16,Mastercard,2772.53,Paid
900607,500607,2025-03-24 20:33:55,Visa,1578.64,Paid
900608,500608,2025-03-25 00:01:58,Mastercard,1662.06,Paid
900609,500609,2025-03-25 00:18:00,Mastercard,2396.81,Paid
900610,500610,2025-03-25 04:20:53,Mastercard,2727.8,Paid
900611,500611,2025-03-25 13:09:32,Amex,1232.1,Paid
900612,500612,2025-03-25 20:22:22,Mastercard,666.69,Paid
900613,500613,2025-03-26 01:26:35,Visa,3208.03,Paid
900614,500614,2025-03-26 21:10:25,Visa,2240.07,Paid
900615,500615,2025-03-26 22:32:13,Visa,2975.83,Paid
900616,500616,2025-03-26 22:35:49,Visa,1422.81,Paid
900617,500617,2025-03-27 01:53:40,Visa,930.92,Paid
900618,500618,2025-03-27 04:25:08,Visa,1496.24,Paid
900619,500619,2025-03-27 07:49:06,PayPal,1040.25,Paid
900620,500620,2025-03-27 08:29:19,Visa,1894.44,Refunded
900621,500621,2025-03-27 10:50:55,PayPal,1380.44,Paid
900622,500622,2025-03-27 11:21:23,Amex,485.7,Paid
900623,500623,2025-03-27 20:20:11,Visa,1178.33,Paid
900624,500624,2025-03-27 20:59:57,Visa,2086.21,Paid
900625,500625,2025-03-27 22:03:27,Visa,848.47,Paid
900626,500626,2025-03-28 06:58:52,Mastercard,1134.25,Paid
900627,500627,2025-03-28 13:34:30,Mastercard,2670.62,Paid
900628,500628,2025-03-28 15:50:59,Visa,1120.35,Paid
900629,500629,2025-03-28 19:43:06,Visa,2421.92,Paid
900630,500630,2025-03-29 00:20:36,Mastercard,716.59,Paid
900631,500631,2025-03-29 05:41:38,Visa,2484.56,Paid
900632,500632,2025-03-29 07:43:42,Mastercard,558.26,Paid
900633,500633,2025-03-29 09:21:30,PayPal,1804.75,Paid
900634,500634,2025-03-29 08:28:58,Mastercard,536.31,Paid
900635,500635,2025-03-29 11:28:57,PayPal,1385.49,Paid
900636,500636,2025-03-29 14:10:10,Mastercard,769.58,Paid
900637,500637,2025-03-29 16:37:44,Mastercard,632.52,Paid
900638,500638,2025-03-29 23:36:30,Visa,1310.47,Paid
900639,500639,2025-03-30 05:20:28,PayPal,92.47,Paid
900640,500640,2025-03-30 07:24:08,Mastercard,135.76,Paid
900641,500641,2025-03-30 16:46:07,PayPal,1601.44,Refunded
900642,500642,2025-03-31 03:38:20,Mastercard,1666.12,Paid
900643,500643,2025-03-31 03:16:13,Mastercard,1999.05,Paid
900644,500644,2025-03-31 06:48:22,Visa,299.16,Paid
900645,500645,2025-03-31 08:17:03,Mastercard,2664.04,Paid
900646,500646,2025-03-31 11:50:24,Visa,2471.08,Paid
900647,500647,2025-03-31 14:43:00,Amex,420.64,Paid
900648,500648,2025-03-31 16:27:33,Visa,1449.52,Paid
900649,500649,2025-03-31 17:44:47,PayPal,687.8,Paid
900650,500650,2025-03-31 18:50:05,Mastercard,380.49,Paid
900651,500651,2025-03-31 21:20:09,Mastercard,460.1,Paid
900652,500652,2025-03-31 23:18:26,PayPal,1124.57,Paid
900653,500653,2025-04-01 02:35:03,Amex,1671.02,Paid
900654,500654,2025-04-01 04:05:44,Mastercard,2005.24,Paid
900655,500655,2025-04-01 08:07:57,Visa,670.73,Paid
900656,500656,2025-04-01 13:00:42,Visa,1126.28,Paid
900657,500657,2025-04-01 17:54:11,Visa,1547.81,Paid
900658,500658,2025-04-02 04:28:57,Visa,1047.63,Paid
900659,500659,2025-04-02 03:30:42,PayPal,1876.94,Paid
900660,500660,2025-04-02 06:43:53,Amex,2392.32,Paid
900661,500661,2025-04-02 09:55:52,Visa,2973.9,Paid
900662,500662,2025-04-02 14:09:41,Visa,149.58,Paid
900663,500663,2025-04-02 15:45:02,Visa,2330.01,Paid
900664,500664,2025-04-02 17:29:36,PayPal,425.34,Paid
900665,500665,2025-04-03 00:47:37,Visa,549.64,Paid
900666,500666,2025-04-03 03:50:36,Visa,2903.31,Paid
900667,500667,2025-04-03 07:47:27,Visa,271.8,Paid
900668,500668,2025-04-03 10:57:54,Visa,4167.58,Paid
900669,500669,2025-04-03 10:16:03,PayPal,705.83,Paid
900670,500670,2025-04-03 10:59:18,Visa,1462.72,Paid
900671,500671,2025-04-03 12:33:56,Mastercard,1523.92,Paid
900672,500672,2025-04-03 15:59:52,Amex,850.49,Paid
900673,500673,2025-04-03 23:45:49,Visa,1451.35,Paid
900674,500674,2025-04-04 02:12:19,Mastercard,1127.91,Paid
900675,500675,2025-04-04 07:02:32,Visa,982.76,Paid
900676,500676,2025-04-04 07:24:31,Mastercard,809.72,Paid
900677,500677,2025-04-04 08:51:49,Mastercard,1522.84,Paid
900678,500678,2025-04-04 09:42:28,Amex,2908.05,Paid
900679,500679,2025-04-04 15:46:23,PayPal,2300.91,Paid
900680,500680,2025-04-04 17:52:19,Mastercard,2356.83,Paid
900681,500681,2025-04-04 19:00:50,Visa,1078.68,Paid
900682,500682,2025-04-04 22:14:10,Amex,1346.51,Paid
900683,500683,2025-04-04 21:08:23,Visa,1834.74,Paid
900684,500684,2025-04-05 00:05:35,PayPal,303.84,Paid
900685,500685,2025-04-05 03:57:16,Visa,704.56,Paid
900686,500686,2025-04-05 13:21:13,PayPal,1126.1,Paid
900687,500687,2025-04-05 14:11:59,PayPal,148.42,Paid
900688,500688,2025-04-05 15:51:33,Visa,271.8,Paid
900689,500689,2025-04-05 18:55:37,Amex,2063.03,Paid
900690,500690,2025-04-05 18:44:33,Mastercard,2088.36,Paid
900691,500691,2025-04-05 19:46:54,Visa,1797.66,Paid
900692,500692,2025-04-05 21:14:09,Visa,817.92,Paid
900693,500693,2025-04-05 21:46:50,Mastercard,366.73,Paid
900694,500694,2025-04-06 00:05:21,Visa,1574.42,Paid
900695,500695,2025-04-05 23:04:25,Mastercard,1135.05,Paid
900696,500696,2025-04-06 02:30:08,PayPal,1069.68,Paid
900697,500697,2025-04-06 21:33:48,Visa,1790.32,Paid
900698,500698,2025-04-07 04:40:08,Visa,1285.6,Paid
900699,500699,2025-04-07 06:45:25,Amex,1818.08,Paid
900700,500700,2025-04-07 10:27:35,Mastercard,1370.31,Paid
900701,500701,2025-04-07 10:47:28,Visa,1921.87,Paid
900702,500702,2025-04-07 12:26:15,Visa,2060.66,Paid
900703,500703,2025-04-07 17:54:51,PayPal,1656.2,Paid
900704,500704,2025-04-07 18:35:04,Visa,1873.42,Paid
900705,500705,2025-04-08 04:55:15,Visa,2100.87,Paid
900706,500706,2025-04-08 07:11:22,Mastercard,844.16,Paid
900707,500707,2025-04-08 08:35:16,Mastercard,410.58,Paid
900708,500708,2025-04-08 09:37:37,PayPal,913.54,Paid
900709,500709,2025-04-08 11:40:11,Visa,571.53,Paid
900710,500710,2025-04-08 11:44:40,Mastercard,1507.61,Paid
900711,500711,2025-04-08 14:43:50,Mastercard,819.36,Paid
900712,500712,2025-04-08 14:37:02,Mastercard,1016.14,Paid
900713,500713,2025-04-08 19:55:33,Visa,2333.7,Paid
900714,500714,2025-04-08 23:00:32,Mastercard,710.34,Paid
900715,500715,2025-04-08 22:11:19,PayPal,1353.2,Paid
900716,500716,2025-04-08 23:37:31,Mastercard,797.88,Paid
900717,500717,2025-04-08 23:50:37,Visa,2952.82,Paid
900718,500718,2025-04-09 01:43:22,Visa,1593.32,Paid
900719,500719,2025-04-09 02:15:13,Mastercard,333.42,Paid
900720,500720,2025-04-09 07:38:22,Visa,3498.24,Paid
900721,500721,2025-04-09 11:27:55,Visa,493.3,Paid
900722,500722,2025-04-09 17:48:45,Visa,469.92,Paid
900723,500723,2025-04-10 01:30:03,Visa,2100.22,Paid
900724,500724,2025-04-10 09:38:09,Amex,693.64,Paid
900725,500725,2025-04-10 11:55:15,Visa,515.76,Paid
900726,500726,2025-04-10 15:49:01,Mastercard,963.5,Paid
900727,500727,2025-04-10 17:21:48,Visa,1898.17,Paid
900728,500728,2025-04-10 22:03:39,Mastercard,3080.09,Paid
900729,500729,2025-04-11 03:47:38,Visa,957.29,Paid
900730,500730,2025-04-11 05:48:34,Mastercard,1769.9,Paid
900731,500731,2025-04-11 15:28:12,Visa,1485.64,Paid
900732,500732,2025-04-11 16:27:54,Mastercard,507.32,Paid
900733,500733,2025-04-11 17:07:39,Visa,927.3,Paid
900734,500734,2025-04-11 17:15:26,Amex,1666.65,Paid
900735,500735,2025-04-12 02:08:56,Visa,1403.67,Paid
900736,500736,2025-04-12 06:53:12,Visa,1963.39,Paid
900737,500737,2025-04-12 09:29:24,Visa,1066.06,Paid
900738,500738,2025-04-12 09:12:35,Visa,1831.19,Paid
900739,500739,2025-04-12 15:53:38,Visa,1806.84,Paid
900740,500740,2025-04-12 18:53:42,Visa,281.66,Paid
900741,500741,2025-04-12 21:05:46,PayPal,347.37,Paid
900742,500742,2025-04-12 21:41:59,Mastercard,990.49,Paid
900743,500743,2025-04-13 00:08:58,Visa,1993.04,Paid
900744,500744,2025-04-13 01:27:34,Visa,2290.62,Paid
900745,500745,2025-04-13 06:12:05,Mastercard,1931.5,Paid
900746,500746,2025-04-13 07:17:35,PayPal,439.12,Paid
900747,500747,2025-04-13 08:38:40,Visa,668.95,Paid
900748,500748,2025-04-13 20:27:36,Mastercard,1629.06,Paid
900749,500749,2025-04-14 00:51:48,Mastercard,2713.7,Paid
900750,500750,2025-04-14 07:52:00,Amex,1186.48,Paid
900751,500751,2025-04-14 13:31:31,PayPal,2416.17,Paid
900752,500752,2025-04-14 14:24:20,Visa,352.72,Paid
900753,500753,2025-04-14 15:17:52,Visa,1853.31,Paid
900754,500754,2025-04-14 21:10:51,Mastercard,1028.38,Paid
900755,500755,2025-04-15 01:39:25,Mastercard,580.92,Paid
900756,500756,2025-04-15 02:59:59,PayPal,1337.82,Paid
900757,500757,2025-04-15 05:38:57,PayPal,145.05,Paid
900758,500758,2025-04-15 09:09:04,Visa,747.6,Paid
900759,500759,2025-04-15 12:26:22,Visa,1672.07,Paid
900760,500760,2025-04-15 12:53:53,Visa,1314.51,Paid
900761,500761,2025-04-15 17:35:14,Visa,2814.84,Paid
900762,500762,2025-04-15 22:29:53,Mastercard,3217.93,Paid
900763,500763,2025-04-16 00:03:41,PayPal,1793.77,Paid
900764,500764,2025-04-16 05:50:26,Mastercard,732.82,Paid
900765,500765,2025-04-16 08:45:00,PayPal,1501.83,Paid
900766,500766,2025-04-16 09:08:52,Mastercard,1409.34,Paid
900767,500767,2025-04-16 10:59:57,Mastercard,2612.81,Paid
900768,500768,2025-04-16 13:09:44,Visa,2051.2,Paid
900769,500769,2025-04-16 16:32:47,PayPal,1633.08,Paid
900770,500770,2025-04-16 19:02:33,Mastercard,749.86,Paid
900771,500771,2025-04-16 21:15:12,Visa,1503.31,Paid
900772,500772,2025-04-16 21:20:09,Mastercard,3042.93,Paid
900773,500773,2025-04-16 23:43:39,PayPal,782.85,Paid
900774,500774,2025-04-17 02:36:16,Visa,2484.4,Paid
900775,500775,2025-04-17 03:58:56,Mastercard,1360.9,Refunded
900776,500776,2025-04-17 05:34:20,Mastercard,1262.85,Paid
900777,500777,2025-04-17 05:03:47,Mastercard,2117.68,Paid
900778,500778,2025-04-17 06:33:51,Mastercard,2168.6,Paid
900779,500779,2025-04-17 17:47:17,Visa,1319.36,Paid
900780,500780,2025-04-17 18:00:01,Visa,1153.01,Paid
900781,500781,2025-04-18 10:44:50,PayPal,2959.57,Paid
900782,500782,2025-04-18 22:22:10,PayPal,916.93,Paid
900783,500783,2025-04-19 01:05:32,Visa,2921.6,Paid
900784,500784,2025-04-19 04:15:53,Visa,1067.73,Paid
900785,500785,2025-04-19 04:54:24,Visa,1742.4,Refunded
900786,500786,2025-04-19 05:53:25,PayPal,574.65,Paid
900787,500787,2025-04-19 09:58:48,Visa,930.25,Paid
900788,500788,2025-04-19 13:21:17,Visa,2053.64,Paid
900789,500789,2025-04-19 18:33:03,Mastercard,123.98,Paid
900790,500790,2025-04-19 21:51:24,Amex,1973.21,Refunded
900791,500791,2025-04-19 21:17:49,Visa,2095.76,Paid
900792,500792,2025-04-19 21:37:24,PayPal,1436.49,Paid
900793,500793,2025-04-19 22:06:59,Mastercard,1964.22,Paid
900794,500794,2025-04-20 04:29:10,Mastercard,2445.28,Paid
900795,500795,2025-04-20 07:34:01,Mastercard,1204.46,Paid
900796,500796,2025-04-20 09:35:35,Visa,1102.3,Paid
900797,500797,2025-04-20 08:11:57,Visa,749.83,Paid
900798,500798,2025-04-20 09:23:16,Mastercard,631.74,Paid
900799,500799,2025-04-20 12:59:33,Visa,1678.44,Paid
900800,500800,2025-04-20 14:26:30,Mastercard,199.05,Paid
900801,500801,2025-04-20 20:55:52,Visa,1037.82,Paid
900802,500802,2025-04-20 22:42:13,Visa,1994.09,Paid
900803,500803,2025-04-21 00:19:12,Visa,1346.9,Paid
900804,500804,2025-04-20 23:01:00,Mastercard,587.01,Paid
900805,500805,2025-04-21 03:20:40,Visa,1478.82,Paid
900806,500806,2025-04-21 13:10:32,PayPal,4171.62,Paid
900807,500807,2025-04-21 20:43:22,PayPal,2196.07,Paid
900808,500808,2025-04-22 10:57:40,Visa,2256.44,Paid
900809,500809,2025-04-22 13:39:04,Mastercard,1349.64,Paid
900810,500810,2025-04-22 15:20:21,PayPal,836.4,Paid
900811,500811,2025-04-23 04:17:45,Mastercard,825.1,Paid
900812,500812,2025-04-23 07:57:05,PayPal,2612.14,Paid
900813,500813,2025-04-23 13:32:13,PayPal,1662.75,Paid
900814,500814,2025-04-23 18:00:11,Visa,141.62,Paid
900815,500815,2025-04-23 19:58:40,Visa,698.9,Paid
900816,500816,2025-04-24 03:13:18,Mastercard,2395.24,Paid
900817,500817,2025-04-24 02:08:27,Mastercard,177.74,Paid
900818,500818,2025-04-24 11:32:54,Visa,350.65,Paid
900819,500819,2025-04-24 13:45:46,Visa,3732.12,Paid
900820,500820,2025-04-24 19:53:34,Mastercard,1261.2,Paid
900821,500821,2025-04-24 22:30:18,Mastercard,2461.37,Paid
900822,500822,2025-04-24 22:29:12,Visa,1080.62,Paid
900823,500823,2025-04-25 03:11:42,PayPal,1654.73,Refunded
900824,500824,2025-04-25 08:13:49,Mastercard,978.14,Refunded
900825,500825,2025-04-25 07:18:53,Visa,448.44,Paid
900826,500826,2025-04-25 11:10:50,Visa,2261.59,Paid
900827,500827,2025-04-25 18:43:30,Visa,2178.1,Paid
900828,500828,2025-04-25 22:05:39,Visa,286.11,Paid
900829,500829,2025-04-25 22:19:39,PayPal,948.28,Paid
900830,500830,2025-04-26 01:51:04,Visa,2655.79,Paid
900831,500831,2025-04-26 02:31:51,Mastercard,2077.84,Paid
900832,500832,2025-04-26 02:50:08,Visa,2147.34,Paid
900833,500833,2025-04-26 09:24:15,Mastercard,2352.01,Paid
900834,500834,2025-04-26 10:22:16,PayPal,1123.53,Paid
900835,500835,2025-04-26 15:03:02,Visa,2658.19,Paid
900836,500836,2025-04-26 15:03:07,Mastercard,2223.39,Paid
900837,500837,2025-04-26 18:53:06,Visa,664.87,Paid
900838,500838,2025-04-26 19:27:17,Visa,2107.06,Paid
900839,500839,2025-04-26 19:20:46,Visa,1928.03,Paid
900840,500840,2025-04-26 23:50:44,Visa,1228.74,Paid
900841,500841,2025-04-27 00:45:47,Mastercard,295.72,Paid
900842,500842,2025-04-27 05:59:42,Visa,1276.76,Paid
900843,500843,2025-04-27 06:49:38,Mastercard,1715.86,Paid
900844,500844,2025-04-27 07:14:27,Mastercard,2047.93,Paid
900845,500845,2025-04-27 13:20:58,Mastercard,1103.13,Paid
900846,500846,2025-04-27 15:46:47,Visa,938.28,Paid
900847,500847,2025-04-27 17:43:08,Mastercard,658.17,Refunded
900848,500848,2025-04-28 03:32:57,Visa,3011.21,Paid
900849,500849,2025-04-28 02:31:33,Mastercard,932.7,Paid
900850,500850,2025-04-28 04:02:46,Amex,718.33,Paid
900851,500851,2025-04-28 09:15:15,Visa,1185.99,Paid
900852,500852,2025-04-28 16:13:46,Amex,2630.18,Paid
900853,500853,2025-04-28 22:52:41,Visa,2012.18,Paid
900854,500854,2025-04-28 23:14:41,Mastercard,684.92,Paid
900855,500855,2025-04-29 00:23:21,PayPal,2096.0,Paid
900856,500856,2025-04-29 01:07:04,Visa,1012.04,Refunded
900857,500857,2025-04-29 07:11:03,Mastercard,2531.52,Paid
900858,500858,2025-04-29 07:54:13,Visa,1494.16,Paid
900859,500859,2025-04-29 08:30:47,Visa,985.64,Paid
900860,500860,2025-04-29 17:44:41,PayPal,1465.9,Paid
900861,500861,2025-04-29 23:08:50,Mastercard,1949.55,Paid
900862,500862,2025-04-30 01:34:13,Mastercard,2493.83,Paid
900863,500863,2025-04-30 02:11:00,Visa,3077.41,Paid
900864,500864,2025-04-30 02:25:32,Mastercard,1989.42,Paid
900865,500865,2025-04-30 13:16:53,Visa,449.84,Paid
900866,500866,2025-04-30 12:45:32,Visa,2792.9,Paid
900867,500867,2025-04-30 14:10:49,Visa,1322.64,Paid
900868,500868,2025-04-30 19:18:49,PayPal,736.71,Refunded
900869,500869,2025-04-30 19:27:34,Amex,3153.04,Paid
900870,500870,2025-04-30 20:14:06,PayPal,748.56,Paid
900871,500871,2025-05-01 01:48:58,PayPal,1842.62,Paid
900872,500872,2025-05-01 11:44:58,Visa,1424.72,Paid
900873,500873,2025-05-01 14:40:41,Visa,1334.24,Paid
900874,500874,2025-05-01 15:25:33,Mastercard,1273.54,Paid
900875,500875,2025-05-01 19:04:51,Visa,1056.22,Paid
900876,500876,2025-05-01 23:01:43,Amex,1858.41,Paid
900877,500877,2025-05-02 01:58:50,PayPal,1231.05,Paid
900878,500878,2025-05-02 21:44:07,Visa,2005.41,Paid
900879,500879,2025-05-03 00:42:45,Visa,391.53,Paid
900880,500880,2025-05-03 01:29:38,Mastercard,552.09,Paid
900881,500881,2025-05-03 03:15:42,Visa,1167.12,Paid
900882,500882,2025-05-03 08:15:34,Mastercard,2618.19,Paid
900883,500883,2025-05-03 09:48:34,Visa,893.87,Paid
900884,500884,2025-05-03 10:39:10,Visa,2470.18,Paid
900885,500885,2025-05-03 13:55:03,Visa,1377.39,Paid
900886,500886,2025-05-03 13:54:50,Visa,1935.04,Paid
900887,500887,2025-05-03 14:43:12,Visa,2050.32,Paid
900888,500888,2025-05-03 17:46:32,PayPal,1475.26,Paid
900889,500889,2025-05-04 04:47:37,Visa,191.19,Paid
900890,500890,2025-05-04 17:57:21,Amex,814.2,Paid
900891,500891,2025-05-04 18:57:33,Visa,1573.12,Paid
900892,500892,2025-05-05 00:22:12,Amex,273.12,Paid
900893,500893,2025-05-05 02:48:16,Mastercard,3299.67,Paid
900894,500894,2025-05-05 02:40:15,Visa,1975.9,Paid
900895,500895,2025-05-05 04:04:45,Visa,1666.58,Paid
900896,500896,2025-05-05 08:14:20,Visa,759.76,Paid
900897,500897,2025-05-05 11:00:31,Visa,3388.94,Paid
900898,500898,2025-05-05 18:15:41,PayPal,938.83,Refunded
900899,500899,2025-05-05 18:08:03,Mastercard,833.1,Paid
900900,500900,2025-05-05 19:31:42,Mastercard,789.32,Paid
900901,500901,2025-05-05 21:07:08,Visa,2852.6,Paid
900902,500902,2025-05-06 03:33:11,Visa,318.62,Paid
900903,500903,2025-05-06 06:27:12,Visa,2136.06,Paid
900904,500904,2025-05-06 10:03:06,Mastercard,2704.88,Paid
900905,500905,2025-05-06 12:06:26,Amex,268.81,Paid
900906,500906,2025-05-06 16:14:14,Visa,1588.76,Paid
900907,500907,2025-05-06 17:55:36,PayPal,1766.43,Paid
900908,500908,2025-05-06 18:05:53,Amex,2007.51,Paid
900909,500909,2025-05-06 20:03:20,Mastercard,962.79,Paid
900910,500910,2025-05-06 23:10:51,PayPal,732.56,Paid
900911,500911,2025-05-07 01:19:20,Mastercard,2236.92,Paid
900912,500912,2025-05-07 01:50:14,PayPal,1858.5,Paid
900913,500913,2025-05-07 04:58:26,PayPal,256.96,Paid
900914,500914,2025-05-07 06:31:43,Mastercard,1256.36,Paid
900915,500915,2025-05-07 12:11:38,Visa,132.7,Paid
900916,500916,2025-05-07 14:20:42,Mastercard,1224.58,Paid
900917,500917,2025-05-07 15:33:22,Visa,2144.55,Paid
900918,500918,2025-05-07 21:36:57,Visa,374.72,Paid
900919,500919,2025-05-07 21:57:26,Mastercard,1718.94,Paid
900920,500920,2025-05-08 00:37:02,Mastercard,1560.04,Paid
900921,500921,2025-05-08 02:55:22,Mastercard,2482.11,Paid
900922,500922,2025-05-08 02:50:32,Mastercard,1152.45,Paid
900923,500923,2025-05-08 17:28:07,PayPal,1691.16,Paid
900924,500924,2025-05-08 19:45:42,Mastercard,2478.01,Paid
900925,500925,2025-05-09 09:22:26,PayPal,1834.01,Paid
900926,500926,2025-05-09 11:13:45,Visa,834.72,Paid
900927,500927,2025-05-09 10:38:36,Visa,192.53,Paid
900928,500928,2025-05-09 18:17:19,Mastercard,2127.47,Paid
900929,500929,2025-05-10 03:44:10,PayPal,2260.68,Paid
900930,500930,2025-05-10 08:04:11,PayPal,445.0,Paid
900931,500931,2025-05-10 11:45:22,Mastercard,2479.16,Paid
900932,500932,2025-05-10 15:00:57,Mastercard,2024.96,Paid
900933,500933,2025-05-10 18:57:41,Visa,2071.7,Paid
900934,500934,2025-05-10 21:32:54,PayPal,1304.4,Paid
900935,500935,2025-05-11 01:31:48,Visa,2044.75,Paid
900936,500936,2025-05-11 02:35:17,Mastercard,465.18,Paid
900937,500937,2025-05-11 07:48:08,PayPal,71.91,Paid
900938,500938,2025-05-11 11:30:13,PayPal,1660.34,Paid
900939,500939,2025-05-11 12:47:26,Mastercard,2245.83,Paid
900940,500940,2025-05-11 13:51:48,Visa,1437.85,Paid
900941,500941,2025-05-11 13:45:24,Visa,834.48,Paid
900942,500942,2025-05-11 15:56:27,Mastercard,475.47,Paid
900943,500943,2025-05-11 20:15:31,Visa,382.6,Paid
900944,500944,2025-05-11 21:44:13,PayPal,2168.3,Paid
900945,500945,2025-05-12 00:43:14,Mastercard,3481.22,Paid
900946,500946,2025-05-12 02:40:16,Visa,1729.13,Paid
900947,500947,2025-05-12 08:46:02,Visa,812.67,Paid
900948,500948,2025-05-12 16:33:06,Mastercard,680.18,Paid
900949,500949,2025-05-12 22:45:37,Visa,1489.42,Paid
900950,500950,2025-05-13 01:15:50,Visa,2528.56,Paid
900951,500951,2025-05-13 01:46:26,Visa,1667.57,Paid
900952,500952,2025-05-13 03:18:56,Visa,1671.02,Paid
900953,500953,2025-05-13 03:59:46,Mastercard,1829.58,Paid
900954,500954,2025-05-13 08:24:39,PayPal,915.21,Paid
900955,500955,2025-05-13 09:57:53,PayPal,494.16,Paid
900956,500956,2025-05-13 10:32:19,Mastercard,2398.08,Paid
900957,500957,2025-05-13 12:35:23,Mastercard,1485.24,Paid
900958,500958,2025-05-14 00:15:15,Mastercard,1127.58,Paid
900959,500959,2025-05-14 00:05:30,Mastercard,998.45,Paid
900960,500960,2025-05-14 03:45:36,Visa,189.09,Paid
900961,500961,2025-05-14 06:52:38,Mastercard,1574.77,Paid
900962,500962,2025-05-14 08:41:20,Visa,1561.12,Paid
900963,500963,2025-05-14 12:04:30,Mastercard,1131.57,Refunded
900964,500964,2025-05-14 20:34:23,Visa,56.65,Paid
900965,500965,2025-05-14 20:01:35,Mastercard,1163.24,Paid
900966,500966,2025-05-14 23:08:09,Visa,776.14,Paid
900967,500967,2025-05-15 00:30:13,Visa,1136.67,Paid
900968,500968,2025-05-15 04:08:18,PayPal,883.28,Paid
900969,500969,2025-05-15 08:18:14,Visa,54.81,Paid
900970,500970,2025-05-15 11:28:49,Visa,577.16,Paid
900971,500971,2025-05-15 14:35:12,Mastercard,1459.7,Paid
900972,500972,2025-05-15 15:54:14,PayPal,2194.68,Paid
900973,500973,2025-05-15 19:56:33,PayPal,2566.95,Paid
900974,500974,2025-05-16 06:17:27,Amex,1747.9,Paid
900975,500975,2025-05-16 07:33:27,Visa,770.84,Paid
900976,500976,2025-05-16 08:12:18,Visa,804.35,Paid
900977,500977,2025-05-16 09:17:25,PayPal,1101.06,Refunded
900978,500978,2025-05-16 17:07:57,Mastercard,1136.7,Paid
900979,500979,2025-05-16 20:00:38,Visa,1964.44,Paid
900980,500980,2025-05-17 03:12:17,Mastercard,1393.28,Paid
900981,500981,2025-05-17 03:07:14,PayPal,298.48,Paid
900982,500982,2025-05-17 11:28:37,Visa,402.3,Paid
900983,500983,2025-05-17 13:49:03,Visa,1531.97,Paid
900984,500984,2025-05-17 19:26:26,Visa,1443.56,Refunded
900985,500985,2025-05-17 22:46:23,Mastercard,683.28,Paid
900986,500986,2025-05-18 01:14:34,PayPal,2541.18,Paid
900987,500987,2025-05-18 04:45:25,Mastercard,1426.7,Paid
900988,500988,2025-05-18 07:40:56,Visa,1333.62,Paid
900989,500989,2025-05-18 12:57:30,Visa,1737.79,Paid
900990,500990,2025-05-18 14:18:00,PayPal,1801.03,Paid
900991,500991,2025-05-18 20:51:44,Mastercard,1854.68,Paid
900992,500992,2025-05-18 20:56:58,Mastercard,2218.46,Paid
900993,500993,2025-05-19 00:41:23,Mastercard,1532.03,Paid
900994,500994,2025-05-20 02:57:51,PayPal,913.8,Paid
900995,500995,2025-05-20 01:56:34,Mastercard,2967.55,Refunded
900996,500996,2025-05-20 03:02:25,PayPal,2586.76,Paid
900997,500997,2025-05-20 03:48:01,Amex,1782.16,Paid
900998,500998,2025-05-20 09:53:21,PayPal,612.8,Paid
900999,500999,2025-05-20 08:53:46,PayPal,1863.32,Paid
901000,501000,2025-05-20 15:00:26,Visa,1601.1,Paid
901001,501001,2025-05-20 17:46:47,Visa,1560.69,Paid
901002,501002,2025-05-20 22:02:43,Amex,1443.32,Paid
901003,501003,2025-05-21 08:14:28,Mastercard,2380.77,Paid
901004,501004,2025-05-21 10:59:12,Visa,538.14,Paid
901005,501005,2025-05-21 11:03:07,Visa,1546.62,Paid
901006,501006,2025-05-21 11:57:39,Mastercard,2436.96,Paid
901007,501007,2025-05-21 13:43:19,Amex,1318.66,Paid
901008,501008,2025-05-21 12:56:44,Amex,1782.75,Paid
901009,501009,2025-05-21 14:07:50,Amex,1644.94,Paid
901010,501010,2025-05-21 15:21:41,PayPal,2407.32,Paid
901011,501011,2025-05-22 00:29:41,Mastercard,1304.76,Paid
901012,501012,2025-05-22 01:28:58,PayPal,1430.69,Paid
901013,501013,2025-05-22 03:13:57,Visa,720.68,Paid
901014,501014,2025-05-22 04:10:10,Mastercard,1357.32,Paid
901015,501015,2025-05-22 06:02:39,Mastercard,1029.04,Refunded
901016,501016,2025-05-22 04:45:50,Amex,1501.8,Paid
901017,501017,2025-05-22 07:06:46,Mastercard,1139.2,Paid
901018,501018,2025-05-22 06:17:43,PayPal,1037.95,Paid
901019,501019,2025-05-22 07:39:49,Mastercard,912.81,Paid
901020,501020,2025-05-22 07:42:18,PayPal,2126.19,Paid
901021,501021,2025-05-22 13:23:40,Visa,1942.74,Paid
901022,501022,2025-05-22 15:36:00,Mastercard,1378.1,Paid
901023,501023,2025-05-22 16:53:13,Mastercard,1763.79,Paid
901024,501024,2025-05-22 20:25:56,Visa,388.89,Paid
901025,501025,2025-05-22 23:19:54,Visa,490.05,Paid
901026,501026,2025-05-23 07:20:06,Mastercard,980.46,Paid
901027,501027,2025-05-23 08:30:41,Visa,3135.46,Paid
901028,501028,2025-05-23 10:15:47,Amex,990.8,Paid
901029,501029,2025-05-23 09:57:47,PayPal,290.46,Paid
901030,501030,2025-05-23 11:34:12,Mastercard,2233.09,Paid
901031,501031,2025-05-23 12:22:12,Visa,2439.78,Paid
901032,501032,2025-05-23 18:11:02,Mastercard,1511.04,Paid
901033,501033,2025-05-23 22:29:14,Visa,434.23,Paid
901034,501034,2025-05-24 03:29:03,PayPal,2758.44,Paid
901035,501035,2025-05-24 08:10:54,Visa,2048.82,Paid
901036,501036,2025-05-24 09:23:11,Visa,1273.68,Paid
901037,501037,2025-05-24 13:54:56,Mastercard,591.03,Paid
901038,501038,2025-05-24 22:33:31,Mastercard,425.8,Paid
901039,501039,2025-05-25 00:41:20,PayPal,448.48,Paid
901040,501040,2025-05-25 01:55:01,Mastercard,643.98,Paid
901041,501041,2025-05-25 05:31:24,Amex,590.08,Paid
901042,501042,2025-05-25 07:36:44,Mastercard,3015.55,Paid
901043,501043,2025-05-25 09:28:38,Visa,3258.28,Paid
901044,501044,2025-05-25 10:56:17,Mastercard,1011.99,Paid
901045,501045,2025-05-25 12:54:25,Visa,1012.14,Paid
901046,501046,2025-05-25 16:09:32,Visa,1232.93,Paid
901047,501047,2025-05-25 18:40:04,Visa,593.78,Paid
901048,501048,2025-05-25 22:46:59,Mastercard,1783.24,Paid
901049,501049,2025-05-25 22:11:24,Amex,901.66,Paid
901050,501050,2025-05-26 01:43:11,PayPal,2481.27,Paid
901051,501051,2025-05-26 03:43:25,Visa,3238.8,Paid
901052,501052,2025-05-26 08:14:51,Mastercard,1503.1,Paid
901053,501053,2025-05-26 10:29:11,Visa,477.52,Paid
901054,501054,2025-05-26 14:14:24,Visa,927.61,Paid
901055,501055,2025-05-26 23:01:57,Visa,810.36,Paid
901056,501056,2025-05-27 04:23:31,Mastercard,499.94,Paid
901057,501057,2025-05-27 05:04:29,Mastercard,489.78,Paid
901058,501058,2025-05-27 10:46:25,Visa,1133.23,Paid
901059,501059,2025-05-27 10:42:58,Visa,823.27,Paid
901060,501060,2025-05-27 12:45:33,Amex,2299.55,Paid
901061,501061,2025-05-27 14:41:38,Visa,1295.88,Paid
901062,501062,2025-05-27 14:46:11,Mastercard,1992.75,Paid
901063,501063,2025-05-28 00:55:42,Amex,1511.12,Paid
901064,501064,2025-05-28 01:29:44,Visa,256.15,Paid
901065,501065,2025-05-28 04:24:19,Mastercard,954.44,Paid
901066,501066,2025-05-28 07:34:12,Mastercard,1680.43,Paid
901067,501067,2025-05-28 09:59:26,Visa,2066.66,Paid
901068,501068,2025-05-28 12:06:23,Visa,1538.78,Paid
901069,501069,2025-05-28 19:32:44,Visa,2012.97,Paid
901070,501070,2025-05-28 21:51:26,Visa,1352.58,Paid
901071,501071,2025-05-29 00:43:27,PayPal,939.84,Paid
901072,501072,2025-05-29 04:37:01,Visa,790.87,Paid
901073,501073,2025-05-29 03:59:42,Mastercard,1898.0,Paid
901074,501074,2025-05-29 14:49:09,Visa,406.44,Paid
901075,501075,2025-05-29 17:45:31,Visa,486.76,Paid
901076,501076,2025-05-29 19:42:37,Mastercard,1720.8,Paid
901077,501077,2025-05-30 06:21:11,PayPal,2639.32,Paid
901078,501078,2025-05-30 09:22:36,PayPal,1093.22,Paid
901079,501079,2025-05-30 10:00:08,Visa,1464.17,Paid
901080,501080,2025-05-30 16:46:33,PayPal,1056.29,Paid
901081,501081,2025-05-30 19:03:32,Visa,1558.89,Paid
901082,501082,2025-05-30 18:58:24,Mastercard,1118.31,Paid
901083,501083,2025-05-31 07:49:33,Visa,616.08,Paid
901084,501084,2025-05-31 08:19:08,Mastercard,1183.41,Paid
901085,501085,2025-05-31 22:25:07,Mastercard,2446.96,Paid
901086,501086,2025-05-31 23:11:22,Visa,616.65,Paid
901087,501087,2025-06-01 04:19:26,Mastercard,1408.57,Refunded
901088,501088,2025-06-01 08:06:34,PayPal,1066.57,Paid
901089,501089,2025-06-01 09:14:38,Amex,1889.84,Paid
901090,501090,2025-06-01 09:52:02,PayPal,1617.28,Paid
901091,501091,2025-06-01 09:02:09,Visa,2640.52,Paid
901092,501092,2025-06-02 08:32:00,Visa,1281.28,Paid
901093,501093,2025-06-02 10:47:47,Mastercard,314.32,Paid
901094,501094,2025-06-02 11:38:06,PayPal,756.0,Paid
901095,501095,2025-06-02 12:44:10,Mastercard,762.87,Paid
901096,501096,2025-06-02 14:55:25,Mastercard,836.55,Paid
901097,501097,2025-06-02 23:23:28,PayPal,197.01,Paid
901098,501098,2025-06-02 23:50:20,Visa,1652.19,Paid
901099,501099,2025-06-03 00:47:25,PayPal,820.89,Paid
901100,501100,2025-06-03 02:06:21,Mastercard,2172.95,Paid
901101,501101,2025-06-03 06:34:45,Mastercard,490.08,Paid
901102,501102,2025-06-03 05:10:56,Visa,1260.18,Paid
901103,501103,2025-06-03 08:04:18,PayPal,307.4,Paid
901104,501104,2025-06-03 06:55:46,Amex,263.13,Paid
901105,501105,2025-06-03 12:43:43,Visa,2203.54,Paid
901106,501106,2025-06-03 11:11:45,Mastercard,128.94,Paid
901107,501107,2025-06-03 16:57:06,Visa,237.31,Paid
901108,501108,2025-06-04 03:51:45,PayPal,2090.08,Paid
901109,501109,2025-06-04 10:19:22,Visa,1032.46,Paid
901110,501110,2025-06-04 14:07:30,Visa,558.88,Paid
901111,501111,2025-06-04 15:54:49,Visa,544.08,Paid
901112,501112,2025-06-04 15:51:15,Mastercard,798.99,Paid
901113,501113,2025-06-04 16:05:42,PayPal,1280.5,Paid
901114,501114,2025-06-04 21:50:46,Mastercard,1357.44,Paid
901115,501115,2025-06-04 21:45:34,PayPal,1626.56,Paid
901116,501116,2025-06-04 23:12:21,Mastercard,48.85,Paid
901117,501117,2025-06-04 23:01:39,Visa,2424.93,Paid
901118,501118,2025-06-05 12:17:51,Visa,1752.72,Paid
901119,501119,2025-06-05 14:47:05,Mastercard,2149.77,Paid
901120,501120,2025-06-05 20:38:01,Visa,1762.47,Refunded
901121,501121,2025-06-05 23:03:59,PayPal,1081.62,Paid
901122,501122,2025-06-06 00:25:42,Amex,2915.73,Paid
901123,501123,2025-06-06 01:57:06,PayPal,889.74,Paid
901124,501124,2025-06-06 02:50:44,Visa,1823.85,Paid
901125,501125,2025-06-06 06:00:17,Visa,222.56,Paid
901126,501126,2025-06-06 11:02:26,Visa,521.43,Paid
901127,501127,2025-06-06 12:34:05,Mastercard,3347.26,Paid
901128,501128,2025-06-06 15:10:00,PayPal,560.22,Paid
901129,501129,2025-06-06 17:52:51,Visa,650.92,Paid
901130,501130,2025-06-06 19:00:10,Visa,972.75,Paid
901131,501131,2025-06-06 19:44:12,Mastercard,957.19,Paid
901132,501132,2025-06-06 20:38:40,Mastercard,2962.71,Paid
901133,501133,2025-06-07 01:56:35,Visa,506.18,Paid
901134,501134,2025-06-07 14:52:35,PayPal,2670.85,Paid
901135,501135,2025-06-07 17:31:27,Mastercard,791.85,Paid
901136,501136,2025-06-07 17:56:50,Visa,1539.26,Paid
901137,501137,2025-06-07 18:38:05,Mastercard,832.92,Paid
901138,501138,2025-06-07 22:43:26,Visa,1087.6,Paid
901139,501139,2025-06-08 00:13:16,Mastercard,716.84,Paid
901140,501140,2025-06-08 04:51:09,Visa,2294.25,Paid
901141,501141,2025-06-08 04:29:46,Visa,740.06,Paid
901142,501142,2025-06-08 04:55:37,Visa,2315.56,Paid
901143,501143,2025-06-08 06:16:14,Mastercard,2239.72,Paid
901144,501144,2025-06-08 08:23:27,Visa,1002.78,Paid
901145,501145,2025-06-08 08:25:00,Mastercard,3308.8,Paid
901146,501146,2025-06-08 08:30:59,Mastercard,1207.49,Paid
901147,501147,2025-06-08 12:07:34,Mastercard,1188.88,Paid
901148,501148,2025-06-08 18:38:05,Amex,2170.56,Paid
901149,501149,2025-06-09 09:46:54,Visa,320.93,Paid
901150,501150,2025-06-09 12:59:55,Visa,949.69,Paid
901151,501151,2025-06-09 16:58:50,Visa,189.29,Paid
901152,501152,2025-06-09 21:39:21,PayPal,1273.37,Paid
901153,501153,2025-06-09 23:30:24,Visa,203.64,Paid
901154,501154,2025-06-09 23:49:30,Mastercard,217.12,Paid
901155,501155,2025-06-09 23:06:49,PayPal,337.38,Paid
901156,501156,2025-06-10 04:02:36,Mastercard,1989.03,Paid
901157,501157,2025-06-10 08:17:40,Amex,519.18,Paid
901158,501158,2025-06-10 10:21:56,PayPal,2943.02,Paid
901159,501159,2025-06-10 16:03:54,Mastercard,545.22,Paid
901160,501160,2025-06-10 16:26:21,Visa,1652.46,Paid
901161,501161,2025-06-10 21:58:09,Mastercard,909.69,Paid
901162,501162,2025-06-11 00:26:17,Mastercard,1265.16,Paid
901163,501163,2025-06-11 04:56:29,Mastercard,541.0,Paid
901164,501164,2025-06-11 08:14:39,Mastercard,2380.06,Paid
901165,501165,2025-06-11 12:04:28,Visa,1138.96,Paid
901166,501166,2025-06-11 13:46:17,Visa,3883.92,Paid
901167,501167,2025-06-11 14:07:20,Visa,444.82,Paid
901168,501168,2025-06-11 15:38:17,Visa,2024.0,Paid
901169,501169,2025-06-11 17:36:36,Mastercard,128.52,Paid
901170,501170,2025-06-11 23:14:12,Visa,501.5,Paid
901171,501171,2025-06-12 00:15:07,Visa,1143.72,Paid
901172,501172,2025-06-12 01:45:31,Mastercard,2472.24,Paid
901173,501173,2025-06-12 01:30:19,Mastercard,515.55,Paid
901174,501174,2025-06-12 09:14:55,Visa,349.28,Paid
901175,501175,2025-06-12 09:03:38,Mastercard,87.31,Paid
901176,501176,2025-06-12 10:26:29,Amex,3647.68,Paid
901177,501177,2025-06-12 22:16:31,Mastercard,2344.95,Refunded
901178,501178,2025-06-13 03:28:33,Visa,1165.59,Paid
901179,501179,2025-06-13 10:03:03,Visa,1697.1,Paid
901180,501180,2025-06-13 12:33:09,Mastercard,3247.1,Paid
901181,501181,2025-06-13 13:26:43,PayPal,1288.69,Paid
901182,501182,2025-06-13 14:53:00,Mastercard,3384.08,Paid
901183,501183,2025-06-13 14:09:28,Visa,659.41,Paid
901184,501184,2025-06-14 05:31:58,Visa,536.34,Paid
901185,501185,2025-06-14 09:51:46,Visa,1497.37,Paid
901186,501186,2025-06-14 10:41:05,Visa,2715.55,Paid
901187,501187,2025-06-14 16:58:39,PayPal,960.52,Paid
901188,501188,2025-06-14 19:41:27,Visa,1581.22,Paid
901189,501189,2025-06-15 05:56:07,Visa,2792.08,Paid
901190,501190,2025-06-15 07:18:46,Visa,1399.29,Paid
901191,501191,2025-06-15 09:50:14,Visa,109.6,Paid
901192,501192,2025-06-15 10:43:18,Visa,3042.73,Paid
901193,501193,2025-06-15 12:51:02,Visa,1324.92,Paid
901194,501194,2025-06-15 17:31:07,PayPal,1346.26,Paid
901195,501195,2025-06-15 23:51:23,Amex,907.14,Paid
901196,501196,2025-06-16 02:24:17,Mastercard,766.2,Paid
901197,501197,2025-06-16 04:44:52,PayPal,1661.27,Paid
901198,501198,2025-06-17 00:05:12,Amex,1386.06,Paid
901199,501199,2025-06-17 00:55:32,Visa,1559.07,Paid
901200,501200,2025-06-17 04:36:34,Visa,410.58,Paid
901201,501201,2025-06-17 09:43:51,PayPal,1776.53,Paid
901202,501202,2025-06-17 09:48:26,Mastercard,1117.66,Paid
901203,501203,2025-06-17 11:20:20,Visa,2223.09,Paid
901204,501204,2025-06-17 10:23:01,Amex,710.96,Paid
901205,501205,2025-06-17 10:52:03,Mastercard,1112.49,Paid
901206,501206,2025-06-17 13:07:03,Mastercard,1147.14,Paid
901207,501207,2025-06-17 15:19:11,Visa,1589.91,Refunded
901208,501208,2025-06-17 20:10:55,Visa,2143.77,Paid
901209,501209,2025-06-17 21:20:11,PayPal,1191.66,Paid
901210,501210,2025-06-18 05:30:36,Visa,1204.91,Paid
901211,501211,2025-06-18 06:55:17,PayPal,1841.39,Paid
901212,501212,2025-06-18 10:10:37,PayPal,1360.69,Paid
901213,501213,2025-06-18 10:32:45,PayPal,850.2,Paid
901214,501214,2025-06-18 12:22:27,Mastercard,1933.0,Paid
901215,501215,2025-06-18 16:01:06,Amex,2275.89,Paid
901216,501216,2025-06-18 15:00:50,Visa,698.01,Paid
901217,501217,2025-06-18 17:31:36,Visa,2170.82,Paid
901218,501218,2025-06-18 16:56:33,Mastercard,1757.59,Paid
901219,501219,2025-06-18 20:29:20,PayPal,1757.36,Paid
901220,501220,2025-06-18 23:07:30,Mastercard,1638.3,Paid
901221,501221,2025-06-19 00:00:24,Visa,638.7,Paid
901222,501222,2025-06-19 01:00:46,Mastercard,2062.06,Paid
901223,501223,2025-06-18 23:31:16,Visa,1747.57,Paid
901224,501224,2025-06-19 03:21:26,PayPal,1411.6,Refunded
901225,501225,2025-06-19 03:41:46,Visa,1654.02,Paid
901226,501226,2025-06-19 12:24:18,Visa,2273.15,Paid
901227,501227,2025-06-19 13:04:36,Visa,1108.01,Paid
901228,501228,2025-06-19 14:04:29,Mastercard,580.92,Paid
901229,501229,2025-06-19 16:11:07,Visa,2372.29,Paid
901230,501230,2025-06-19 16:48:34,Visa,2373.38,Paid
901231,501231,2025-06-19 16:55:06,Visa,836.67,Paid
901232,501232,2025-06-19 17:24:54,PayPal,779.99,Paid
901233,501233,2025-06-19 18:54:10,Mastercard,373.68,Paid
901234,501234,2025-06-19 22:51:14,Mastercard,1623.96,Paid
901235,501235,2025-06-20 03:05:07,Visa,1353.2,Paid
901236,501236,2025-06-20 07:57:10,Visa,632.73,Paid
901237,501237,2025-06-20 10:33:09,PayPal,2356.42,Paid
901238,501238,2025-06-20 11:44:53,Visa,1764.28,Paid
901239,501239,2025-06-20 15:38:50,PayPal,864.63,Paid
901240,501240,2025-06-21 02:21:52,Mastercard,2721.04,Paid
901241,501241,2025-06-21 06:14:30,Visa,947.76,Paid
901242,501242,2025-06-21 08:11:04,Mastercard,366.8,Paid
901243,501243,2025-06-21 12:11:28,Visa,729.65,Paid
901244,501244,2025-06-21 17:51:48,Mastercard,1511.52,Paid
901245,501245,2025-06-21 20:02:41,Mastercard,707.76,Paid
901246,501246,2025-06-21 21:11:27,Mastercard,1624.56,Paid
901247,501247,2025-06-21 23:08:01,PayPal,187.36,Paid
901248,501248,2025-06-22 00:08:56,Mastercard,604.91,Paid
901249,501249,2025-06-22 06:10:09,Visa,841.89,Paid
901250,501250,2025-06-22 08:55:33,Mastercard,273.15,Paid
901251,501251,2025-06-22 11:45:48,Mastercard,3612.93,Paid
901252,501252,2025-06-22 11:44:03,PayPal,972.09,Refunded
901253,501253,2025-06-22 14:01:54,PayPal,143.02,Paid
901254,501254,2025-06-22 14:05:29,Visa,493.58,Paid
901255,501255,2025-06-22 14:41:12,Visa,703.42,Paid
901256,501256,2025-06-22 22:41:51,Visa,1003.05,Paid
901257,501257,2025-06-23 00:35:28,Mastercard,1425.61,Paid
901258,501258,2025-06-23 18:16:37,Mastercard,323.24,Paid
901259,501259,2025-06-24 01:30:56,Amex,1893.37,Refunded
901260,501260,2025-06-24 02:30:02,PayPal,747.17,Paid
901261,501261,2025-06-24 03:06:29,Visa,1310.11,Paid
901262,501262,2025-06-24 03:04:04,Mastercard,1872.21,Paid
901263,501263,2025-06-24 05:28:24,Visa,1247.52,Paid
901264,501264,2025-06-24 19:29:48,Mastercard,1120.3,Refunded
901265,501265,2025-06-25 02:26:01,Mastercard,1969.26,Paid
901266,501266,2025-06-25 01:49:38,PayPal,2960.29,Paid
901267,501267,2025-06-25 10:25:29,Mastercard,630.33,Paid
901268,501268,2025-06-25 09:33:40,Visa,400.98,Paid
901269,501269,2025-06-25 10:47:44,PayPal,605.74,Paid
901270,501270,2025-06-25 22:26:30,Mastercard,2420.11,Paid
901271,501271,2025-06-25 22:34:04,Mastercard,427.34,Paid
901272,501272,2025-06-26 00:13:44,Visa,334.92,Refunded
901273,501273,2025-06-26 01:08:07,Mastercard,2992.44,Paid
901274,501274,2025-06-26 04:44:42,Visa,672.24,Paid
901275,501275,2025-06-26 16:06:04,Amex,476.42,Paid
901276,501276,2025-06-26 18:20:37,Visa,974.04,Paid
901277,501277,2025-06-26 22:02:31,Mastercard,149.58,Refunded
901278,501278,2025-06-26 21:55:41,Mastercard,3100.67,Paid
901279,501279,2025-06-27 02:32:48,Mastercard,1078.51,Paid
901280,501280,2025-06-27 04:35:35,PayPal,1525.83,Paid
901281,501281,2025-06-27 09:19:40,PayPal,2882.11,Paid
901282,501282,2025-06-27 09:32:52,PayPal,1275.68,Paid
901283,501283,2025-06-27 14:01:10,Mastercard,2189.08,Paid
901284,501284,2025-06-27 16:40:12,Amex,2401.68,Paid
901285,501285,2025-06-27 19:59:35,Mastercard,1931.43,Paid
901286,501286,2025-06-28 07:48:32,Mastercard,353.63,Paid
901287,501287,2025-06-28 08:20:37,Mastercard,1217.7,Paid
901288,501288,2025-06-28 16:45:49,Mastercard,2309.44,Paid
901289,501289,2025-06-28 18:00:47,Visa,2439.06,Paid
901290,501290,2025-06-28 20:19:16,Visa,603.51,Paid
901291,501291,2025-06-28 22:16:34,Mastercard,1190.32,Paid
901292,501292,2025-06-29 05:33:17,Mastercard,1058.54,Refunded
901293,501293,2025-06-29 12:37:57,Mastercard,3481.03,Paid
901294,501294,2025-06-29 14:22:11,Visa,865.21,Paid
901295,501295,2025-06-29 18:56:01,Amex,1419.0,Paid
901296,501296,2025-06-30 04:56:13,PayPal,1110.79,Paid
901297,501297,2025-06-30 08:08:42,Visa,1791.57,Paid
901298,501298,2025-06-30 08:58:45,Mastercard,776.14,Paid
901299,501299,2025-06-30 09:31:44,Visa,1133.81,Paid
901300,501300,2025-06-30 08:09:29,PayPal,3015.37,Paid
901301,501301,2025-07-01 00:48:28,PayPal,2237.34,Paid
901302,501302,2025-07-01 01:37:15,Visa,2864.0,Paid
901303,501303,2025-07-01 04:09:19,PayPal,2319.77,Paid
901304,501304,2025-07-01 04:23:22,Mastercard,827.4,Paid
901305,501305,2025-07-01 18:31:53,Visa,335.49,Paid
901306,501306,2025-07-02 02:48:17,Visa,2755.55,Paid
901307,501307,2025-07-02 04:19:50,Visa,1321.89,Paid
901308,501308,2025-07-02 14:40:59,Mastercard,781.84,Paid
901309,501309,2025-07-02 22:27:22,Visa,372.75,Refunded
901310,501310,2025-07-03 04:08:08,Amex,1124.43,Paid
901311,501311,2025-07-03 09:22:50,Visa,283.24,Paid
901312,501312,2025-07-03 10:53:40,Mastercard,1971.01,Paid
901313,501313,2025-07-03 12:10:48,Amex,632.85,Paid
901314,501314,2025-07-03 13:09:12,Mastercard,580.71,Paid
901315,501315,2025-07-03 14:15:27,Mastercard,743.7,Paid
901316,501316,2025-07-03 19:56:50,Mastercard,2863.37,Paid
901317,501317,2025-07-03 22:08:00,Amex,2151.12,Paid
901318,501318,2025-07-03 22:20:02,PayPal,383.8,Paid
901319,501319,2025-07-04 10:39:18,Visa,2176.84,Paid
901320,501320,2025-07-04 12:44:44,Visa,391.9,Paid
901321,501321,2025-07-04 16:17:43,PayPal,2469.79,Paid
901322,501322,2025-07-04 20:09:46,Visa,834.48,Paid
901323,501323,2025-07-04 21:21:56,Visa,710.46,Paid
901324,501324,2025-07-05 01:39:30,Visa,1363.6,Paid
901325,501325,2025-07-05 11:33:47,Visa,2187.7,Paid
901326,501326,2025-07-05 18:38:04,Mastercard,2167.82,Paid
901327,501327,2025-07-05 17:44:48,Visa,765.8,Paid
901328,501328,2025-07-05 20:47:05,Visa,2888.05,Paid
901329,501329,2025-07-06 03:08:06,PayPal,326.44,Paid
901330,501330,2025-07-06 03:28:24,Mastercard,693.64,Paid
901331,501331,2025-07-06 08:46:42,Visa,1332.65,Paid
901332,501332,2025-07-06 11:44:07,Visa,2169.75,Paid
901333,501333,2025-07-06 12:00:11,Mastercard,1070.38,Paid
901334,501334,2025-07-06 18:31:21,Visa,2434.9,Paid
901335,501335,2025-07-06 23:22:55,Visa,338.3,Paid
901336,501336,2025-07-07 01:44:29,Amex,2597.37,Paid
901337,501337,2025-07-07 03:14:43,Visa,2638.31,Paid
901338,501338,2025-07-07 04:07:30,Visa,1801.08,Paid
901339,501339,2025-07-07 06:40:53,Mastercard,2370.22,Paid
901340,501340,2025-07-07 14:51:38,Visa,892.74,Paid
901341,501341,2025-07-07 15:39:23,Visa,168.06,Paid
901342,501342,2025-07-08 02:10:52,Visa,642.24,Paid
901343,501343,2025-07-08 05:37:37,Visa,365.22,Paid
901344,501344,2025-07-08 10:52:29,Visa,924.99,Paid
901345,501345,2025-07-08 12:05:41,Mastercard,1675.03,Paid
901346,501346,2025-07-08 16:29:53,Mastercard,2251.79,Paid
901347,501347,2025-07-08 18:56:58,Visa,719.76,Paid
901348,501348,2025-07-08 18:21:20,Visa,692.88,Paid
901349,501349,2025-07-09 11:24:18,Visa,1048.8,Paid
901350,501350,2025-07-09 15:32:24,Visa,758.9,Paid
901351,501351,2025-07-09 19:37:34,Visa,1489.98,Paid
901352,501352,2025-07-09 20:15:23,Amex,1393.24,Paid
901353,501353,2025-07-10 04:57:30,Mastercard,2138.33,Paid
901354,501354,2025-07-10 09:54:58,Visa,811.83,Refunded
901355,501355,2025-07-10 09:57:46,Visa,2197.12,Paid
901356,501356,2025-07-10 13:08:36,Visa,748.15,Paid
901357,501357,2025-07-10 13:59:50,Visa,1090.77,Paid
901358,501358,2025-07-10 15:24:27,Mastercard,1731.92,Paid
901359,501359,2025-07-10 16:24:49,PayPal,873.64,Refunded
901360,501360,2025-07-10 18:01:12,PayPal,3052.87,Paid
901361,501361,2025-07-10 17:57:52,Mastercard,906.72,Paid
901362,501362,2025-07-10 18:14:16,Mastercard,962.13,Refunded
901363,501363,2025-07-11 04:16:42,Mastercard,625.86,Paid
901364,501364,2025-07-11 03:58:22,Mastercard,1594.27,Paid
901365,501365,2025-07-11 10:09:04,Visa,2897.2,Paid
901366,501366,2025-07-11 14:09:18,Amex,730.14,Paid
901367,501367,2025-07-11 19:39:01,Mastercard,1924.09,Paid
901368,501368,2025-07-11 22:14:07,Mastercard,1947.65,Paid
901369,501369,2025-07-12 04:30:20,Amex,177.0,Paid
901370,501370,2025-07-12 15:57:45,Amex,1717.44,Paid
901371,501371,2025-07-12 16:09:58,Visa,239.74,Paid
901372,501372,2025-07-12 16:21:43,Mastercard,751.76,Paid
901373,501373,2025-07-12 21:11:14,Visa,2240.94,Refunded
901374,501374,2025-07-12 21:55:50,Visa,87.31,Paid
901375,501375,2025-07-13 01:53:14,Visa,1735.45,Paid
901376,501376,2025-07-13 03:32:28,Visa,806.3,Paid
901377,501377,2025-07-13 04:46:43,Visa,2352.64,Paid
901378,501378,2025-07-13 04:56:31,Visa,896.36,Paid
901379,501379,2025-07-13 06:52:57,Visa,2427.56,Paid
901380,501380,2025-07-13 09:43:56,Visa,1660.8,Paid
901381,501381,2025-07-13 19:25:24,Mastercard,2507.1,Paid
901382,501382,2025-07-13 22:56:58,Visa,2377.43,Paid
901383,501383,2025-07-14 03:21:36,Mastercard,362.81,Paid
901384,501384,2025-07-14 05:24:58,Visa,173.07,Paid
901385,501385,2025-07-14 07:15:09,Mastercard,2147.08,Paid
901386,501386,2025-07-14 13:23:17,Visa,2490.61,Paid
901387,501387,2025-07-14 12:47:31,PayPal,263.13,Paid
901388,501388,2025-07-14 17:48:54,Visa,616.17,Paid
901389,501389,2025-07-14 18:21:59,Visa,1871.64,Paid
901390,501390,2025-07-15 00:53:46,Visa,1469.6,Paid
901391,501391,2025-07-15 03:09:57,Mastercard,956.28,Paid
901392,501392,2025-07-15 04:11:07,Visa,1831.0,Paid
901393,501393,2025-07-15 05:42:59,PayPal,2042.09,Paid
901394,501394,2025-07-15 06:52:46,Visa,978.03,Paid
901395,501395,2025-07-15 14:54:07,PayPal,710.34,Paid
901396,501396,2025-07-15 15:14:32,PayPal,2580.28,Paid
901397,501397,2025-07-15 16:54:11,Visa,1082.07,Paid
901398,501398,2025-07-15 18:09:27,Mastercard,2342.9,Paid
901399,501399,2025-07-15 17:54:58,PayPal,1437.84,Paid
901400,501400,2025-07-15 19:30:29,Visa,1126.81,Paid
901401,501401,2025-07-15 20:28:10,Mastercard,1293.45,Paid
901402,501402,2025-07-15 22:15:16,Visa,707.09,Paid
901403,501403,2025-07-16 01:10:25,Visa,630.96,Paid
901404,501404,2025-07-16 02:54:53,Visa,1097.58,Paid
901405,501405,2025-07-16 03:16:10,Visa,2323.22,Paid
901406,501406,2025-07-16 08:04:13,PayPal,1740.6,Paid
901407,501407,2025-07-16 13:04:36,Visa,757.0,Refunded
901408,501408,2025-07-16 17:15:03,PayPal,924.03,Paid
901409,501409,2025-07-16 19:26:49,PayPal,1756.76,Paid
901410,501410,2025-07-17 08:00:22,Visa,203.4,Paid
901411,501411,2025-07-17 09:22:41,Mastercard,2273.02,Paid
901412,501412,2025-07-17 10:56:27,Mastercard,132.7,Paid
901413,501413,2025-07-17 12:19:20,Amex,1081.66,Paid
901414,501414,2025-07-17 13:00:24,Mastercard,851.13,Paid
901415,501415,2025-07-17 17:39:25,Visa,2066.54,Paid
901416,501416,2025-07-17 21:22:32,Amex,1014.9,Paid
901417,501417,2025-07-17 21:37:56,Amex,800.19,Paid
901418,501418,2025-07-18 00:00:47,Mastercard,2868.91,Paid
901419,501419,2025-07-18 02:13:02,Visa,703.4,Paid
901420,501420,2025-07-18 02:18:22,PayPal,1165.02,Paid
901421,501421,2025-07-18 06:34:09,Mastercard,259.84,Paid
901422,501422,2025-07-18 06:27:21,Mastercard,991.6,Paid
901423,501423,2025-07-18 11:28:04,Visa,687.16,Paid
901424,501424,2025-07-18 16:32:23,Amex,630.96,Paid
901425,501425,2025-07-18 16:08:18,Visa,422.08,Paid
901426,501426,2025-07-18 22:53:02,PayPal,1593.2,Paid
901427,501427,2025-07-18 23:45:22,Visa,1248.42,Paid
901428,501428,2025-07-19 00:56:18,Visa,2614.36,Paid
901429,501429,2025-07-19 05:37:24,Mastercard,593.57,Paid
901430,501430,2025-07-19 09:40:44,PayPal,1341.3,Paid
901431,501431,2025-07-19 10:01:43,Mastercard,512.28,Paid
901432,501432,2025-07-19 11:38:12,Visa,1915.42,Paid
901433,501433,2025-07-19 13:16:18,Mastercard,1581.43,Paid
901434,501434,2025-07-19 23:28:28,Visa,1005.7,Paid
901435,501435,2025-07-20 04:49:57,Mastercard,1705.84,Paid
901436,501436,2025-07-20 06:34:56,Amex,266.38,Paid
901437,501437,2025-07-20 15:21:28,Visa,2170.68,Paid
901438,501438,2025-07-20 18:26:41,Visa,365.07,Paid
901439,501439,2025-07-20 20:11:26,Mastercard,1220.36,Paid
901440,501440,2025-07-21 00:57:16,Mastercard,1787.08,Paid
901441,501441,2025-07-21 00:57:31,Visa,1394.22,Paid
901442,501442,2025-07-21 06:44:49,PayPal,445.64,Refunded
901443,501443,2025-07-21 06:09:52,Mastercard,2676.53,Paid
901444,501444,2025-07-21 07:18:28,PayPal,1369.72,Paid
901445,501445,2025-07-21 15:02:08,Visa,1370.88,Paid
901446,501446,2025-07-21 20:01:56,Visa,1548.76,Paid
901447,501447,2025-07-21 19:10:24,Visa,348.15,Paid
901448,501448,2025-07-21 23:12:44,Visa,186.6,Paid
901449,501449,2025-07-22 02:37:05,Visa,1325.03,Paid
901450,501450,2025-07-22 02:27:20,Visa,317.82,Paid
901451,501451,2025-07-22 05:42:00,Visa,1875.32,Paid
901452,501452,2025-07-22 12:38:41,Mastercard,1039.8,Paid
901453,501453,2025-07-22 13:20:47,Visa,1472.58,Paid
901454,501454,2025-07-22 14:10:05,Visa,1018.11,Paid
901455,501455,2025-07-22 19:21:00,Amex,1456.41,Paid
901456,501456,2025-07-23 01:59:50,Visa,1380.37,Paid
901457,501457,2025-07-23 06:26:40,Visa,1362.94,Paid
901458,501458,2025-07-23 06:48:04,Mastercard,163.88,Paid
901459,501459,2025-07-23 10:47:12,Visa,1552.28,Paid
901460,501460,2025-07-23 13:04:35,Visa,844.64,Paid
901461,501461,2025-07-23 11:14:51,PayPal,67.88,Paid
901462,501462,2025-07-23 16:57:52,Visa,422.86,Paid
901463,501463,2025-07-23 20:32:28,PayPal,2546.81,Paid
901464,501464,2025-07-24 00:34:15,Mastercard,905.96,Paid
901465,501465,2025-07-24 06:08:35,Visa,868.81,Paid
901466,501466,2025-07-24 08:30:46,Visa,163.02,Paid
901467,501467,2025-07-24 09:54:06,Mastercard,2678.2,Paid
901468,501468,2025-07-24 14:18:42,Mastercard,633.84,Paid
901469,501469,2025-07-24 19:01:27,PayPal,920.76,Paid
901470,501470,2025-07-24 20:27:26,Visa,1212.08,Paid
901471,501471,2025-07-24 21:40:42,Amex,2377.1,Paid
901472,501472,2025-07-24 22:33:30,Mastercard,1453.92,Paid
901473,501473,2025-07-25 02:19:59,PayPal,253.7,Refunded
901474,501474,2025-07-25 03:16:17,PayPal,3044.24,Paid
901475,501475,2025-07-25 03:52:42,Visa,1305.83,Paid
901476,501476,2025-07-25 07:19:00,Mastercard,464.52,Paid
901477,501477,2025-07-25 14:25:56,Mastercard,77.82,Paid
901478,501478,2025-07-25 18:22:11,Visa,387.76,Paid
901479,501479,2025-07-25 20:23:26,Mastercard,1488.26,Paid
901480,501480,2025-07-25 20:26:01,PayPal,929.49,Paid
901481,501481,2025-07-26 03:11:24,Amex,835.66,Paid
901482,501482,2025-07-26 08:01:54,Mastercard,999.71,Paid
901483,501483,2025-07-26 12:29:46,Visa,852.2,Paid
901484,501484,2025-07-26 12:25:56,Amex,1446.52,Paid
901485,501485,2025-07-26 14:27:48,Amex,294.84,Paid
901486,501486,2025-07-26 17:12:11,PayPal,1288.09,Paid
901487,501487,2025-07-26 21:06:25,Visa,1005.68,Paid
901488,501488,2025-07-26 20:51:40,Visa,1387.28,Paid
901489,501489,2025-07-27 04:15:28,PayPal,531.93,Paid
901490,501490,2025-07-27 09:10:43,PayPal,1923.05,Paid
901491,501491,2025-07-27 11:44:36,Visa,392.24,Paid
901492,501492,2025-07-27 14:13:15,Mastercard,1390.3,Paid
901493,501493,2025-07-27 13:29:39,Amex,1488.44,Paid
901494,501494,2025-07-27 19:00:35,PayPal,1049.46,Paid
901495,501495,2025-07-27 20:16:35,Visa,1981.84,Paid
901496,501496,2025-07-27 22:48:25,Visa,618.29,Refunded
901497,501497,2025-07-28 00:23:47,Amex,2401.07,Paid
901498,501498,2025-07-27 23:28:28,Visa,1687.55,Paid
901499,501499,2025-07-28 06:43:48,Mastercard,721.53,Paid
901500,501500,2025-07-28 05:57:17,Mastercard,2621.69,Paid
901501,501501,2025-07-28 09:45:47,Mastercard,2603.96,Paid
901502,501502,2025-07-28 15:24:30,Visa,1202.39,Paid
901503,501503,2025-07-28 19:38:28,Visa,948.75,Paid
901504,501504,2025-07-28 19:54:03,Amex,1196.58,Paid
901505,501505,2025-07-28 23:43:46,Mastercard,336.12,Paid
901506,501506,2025-07-28 23:48:40,Amex,3431.58,Paid
901507,501507,2025-07-29 00:56:39,Mastercard,801.2,Paid
901508,501508,2025-07-29 03:06:07,Visa,517.8,Paid
901509,501509,2025-07-29 05:58:21,Mastercard,2429.61,Paid
901510,501510,2025-07-29 08:04:11,Visa,236.2,Paid
901511,501511,2025-07-29 16:05:50,Visa,2821.12,Refunded
901512,501512,2025-07-29 15:40:58,Amex,2289.62,Paid
901513,501513,2025-07-29 17:59:51,Visa,1448.95,Paid
901514,501514,2025-07-29 18:36:23,Visa,761.41,Paid
901515,501515,2025-07-29 19:26:04,Amex,554.77,Paid
901516,501516,2025-07-29 20:30:01,PayPal,567.12,Paid
901517,501517,2025-07-30 01:34:53,Visa,1037.53,Paid
901518,501518,2025-07-30 04:42:27,Visa,1620.56,Paid
901519,501519,2025-07-30 06:47:33,Mastercard,1331.1,Paid
901520,501520,2025-07-30 08:25:25,PayPal,2593.98,Paid
901521,501521,2025-07-30 13:24:55,Mastercard,3537.8,Paid
901522,501522,2025-07-30 13:11:19,Visa,1291.86,Paid
901523,501523,2025-07-30 14:28:56,PayPal,1432.97,Paid
901524,501524,2025-07-30 14:26:21,PayPal,1888.0,Paid
901525,501525,2025-07-30 22:24:41,Visa,383.21,Paid
901526,501526,2025-07-31 08:56:55,PayPal,998.55,Paid
901527,501527,2025-07-31 11:21:30,Visa,877.56,Paid
901528,501528,2025-07-31 13:02:37,Visa,2181.0,Paid
901529,501529,2025-07-31 13:36:11,Mastercard,1007.92,Paid
901530,501530,2025-07-31 13:41:21,PayPal,2203.63,Paid
901531,501531,2025-07-31 18:54:54,Visa,677.94,Paid
901532,501532,2025-07-31 20:42:20,Mastercard,2834.9,Paid
901533,501533,2025-08-01 02:06:25,Mastercard,807.84,Paid
901534,501534,2025-08-01 12:46:36,Visa,1674.04,Paid
901535,501535,2025-08-01 15:10:21,Mastercard,608.68,Paid
901536,501536,2025-08-01 17:11:38,Visa,483.54,Paid
901537,501537,2025-08-01 21:22:13,Visa,1978.68,Paid
901538,501538,2025-08-02 00:19:14,Visa,978.57,Paid
901539,501539,2025-08-02 04:45:37,Visa,1686.55,Paid
901540,501540,2025-08-02 04:51:41,Visa,1686.2,Paid
901541,501541,2025-08-02 09:12:38,Mastercard,2790.78,Paid
901542,501542,2025-08-02 09:27:38,Amex,1328.32,Paid
901543,501543,2025-08-02 11:26:55,Visa,2687.21,Paid
901544,501544,2025-08-02 11:30:41,PayPal,3139.56,Paid
901545,501545,2025-08-02 13:46:12,Visa,1503.27,Refunded
901546,501546,2025-08-02 21:03:21,PayPal,2190.64,Paid
901547,501547,2025-08-03 00:20:48,Mastercard,1265.44,Paid
901548,501548,2025-08-03 09:33:30,Mastercard,3542.4,Paid
901549,501549,2025-08-03 12:12:02,Visa,1909.01,Paid
901550,501550,2025-08-03 18:41:53,Visa,905.68,Paid
901551,501551,2025-08-03 21:03:35,Visa,957.24,Paid
901552,501552,2025-08-04 01:51:30,Visa,245.95,Paid
901553,501553,2025-08-04 05:31:48,Visa,3204.34,Paid
901554,501554,2025-08-04 06:14:48,Visa,1348.92,Paid
901555,501555,2025-08-04 07:49:47,Visa,2545.34,Paid
901556,501556,2025-08-04 06:48:52,Mastercard,608.43,Paid
901557,501557,2025-08-04 17:39:28,Mastercard,1916.92,Paid
901558,501558,2025-08-04 20:36:04,Mastercard,321.12,Paid
901559,501559,2025-08-04 22:58:21,PayPal,1887.5,Paid
901560,501560,2025-08-04 23:35:02,Amex,2471.91,Paid
901561,501561,2025-08-04 22:56:26,Mastercard,608.12,Paid
901562,501562,2025-08-04 23:28:08,Mastercard,3771.98,Paid
901563,501563,2025-08-05 03:49:54,Visa,3012.44,Paid
901564,501564,2025-08-05 08:14:56,Visa,931.08,Paid
901565,501565,2025-08-05 10:32:27,Visa,1588.73,Paid
901566,501566,2025-08-05 17:01:09,Mastercard,1724.05,Paid
901567,501567,2025-08-05 22:00:07,PayPal,648.5,Paid
901568,501568,2025-08-05 22:29:41,Mastercard,961.57,Paid
901569,501569,2025-08-05 23:15:23,Visa,2076.91,Paid
901570,501570,2025-08-06 01:03:33,Mastercard,1239.89,Paid
901571,501571,2025-08-06 03:57:17,Mastercard,297.03,Paid
901572,501572,2025-08-06 09:36:49,Mastercard,144.17,Paid
901573,501573,2025-08-06 09:43:35,Mastercard,1245.69,Paid
901574,501574,2025-08-06 10:59:50,Mastercard,1050.32,Paid
901575,501575,2025-08-06 11:40:57,Visa,1030.94,Refunded
901576,501576,2025-08-06 18:59:07,Visa,470.11,Paid
901577,501577,2025-08-06 21:06:49,PayPal,1864.33,Paid
901578,501578,2025-08-06 23:03:33,Mastercard,1280.37,Paid
901579,501579,2025-08-07 02:39:10,PayPal,1470.15,Paid
901580,501580,2025-08-07 02:20:38,Visa,1396.3,Paid
901581,501581,2025-08-07 09:40:16,Mastercard,356.2,Paid
901582,501582,2025-08-07 11:21:23,PayPal,1222.74,Paid
901583,501583,2025-08-07 10:39:11,Amex,2298.01,Paid
901584,501584,2025-08-07 18:29:55,Mastercard,1499.6,Paid
901585,501585,2025-08-07 19:53:05,Amex,76.85,Paid
901586,501586,2025-08-07 23:38:34,Visa,1455.19,Paid
901587,501587,2025-08-08 04:43:41,Mastercard,1814.47,Paid
901588,501588,2025-08-08 06:54:41,Visa,1353.16,Paid
901589,501589,2025-08-08 18:11:40,PayPal,666.69,Paid
901590,501590,2025-08-08 19:19:21,Visa,2302.94,Paid
901591,501591,2025-08-09 01:01:52,Amex,464.2,Paid
901592,501592,2025-08-09 05:35:47,Mastercard,1436.79,Paid
901593,501593,2025-08-09 06:03:10,Visa,1177.62,Paid
901594,501594,2025-08-09 10:44:13,Mastercard,1360.2,Paid
901595,501595,2025-08-09 12:59:45,PayPal,1267.97,Paid
901596,501596,2025-08-09 17:35:01,Visa,732.79,Paid
901597,501597,2025-08-09 21:23:56,Mastercard,1868.07,Paid
901598,501598,2025-08-10 01:43:19,Visa,801.2,Paid
901599,501599,2025-08-10 03:32:54,Amex,1641.45,Paid
901600,501600,2025-08-10 02:32:58,Visa,2225.0,Paid
901601,501601,2025-08-10 06:04:25,Visa,1178.16,Paid
901602,501602,2025-08-10 08:25:35,Mastercard,3442.55,Paid
901603,501603,2025-08-10 08:21:41,Mastercard,2554.61,Paid
901604,501604,2025-08-10 08:31:14,PayPal,724.86,Paid
901605,501605,2025-08-10 10:12:41,Visa,1116.77,Paid
901606,501606,2025-08-10 10:58:23,Mastercard,1879.53,Paid
901607,501607,2025-08-10 14:06:52,Visa,577.42,Paid
901608,501608,2025-08-10 18:12:33,Mastercard,1909.13,Paid
901609,501609,2025-08-10 18:55:49,Visa,1014.74,Paid
901610,501610,2025-08-10 19:35:24,Amex,514.7,Paid
901611,501611,2025-08-11 03:19:11,Mastercard,2197.63,Paid
901612,501612,2025-08-11 03:28:17,Mastercard,2441.7,Paid
901613,501613,2025-08-11 05:59:11,Amex,1087.29,Paid
901614,501614,2025-08-11 09:36:09,Mastercard,3747.28,Paid
901615,501615,2025-08-11 12:23:26,Mastercard,2199.21,Paid
901616,501616,2025-08-11 13:55:42,Visa,1989.34,Paid
901617,501617,2025-08-11 15:46:39,Mastercard,330.06,Paid
901618,501618,2025-08-12 00:18:43,Visa,1690.6,Paid
901619,501619,2025-08-12 05:06:47,PayPal,1663.22,Paid
901620,501620,2025-08-12 08:13:48,Visa,1564.56,Paid
901621,501621,2025-08-12 07:21:42,Amex,339.04,Paid
901622,501622,2025-08-12 09:08:47,PayPal,1222.74,Paid
901623,501623,2025-08-12 11:49:51,Visa,1482.34,Paid
901624,501624,2025-08-12 16:25:42,Visa,817.15,Paid
901625,501625,2025-08-12 18:32:49,Mastercard,639.38,Paid
901626,501626,2025-08-12 22:31:11,PayPal,384.21,Paid
901627,501627,2025-08-13 00:22:23,Visa,1122.76,Paid
901628,501628,2025-08-13 13:56:21,PayPal,1303.42,Paid
901629,501629,2025-08-13 16:26:52,Visa,1043.8,Paid
901630,501630,2025-08-13 15:39:18,PayPal,1160.11,Paid
901631,501631,2025-08-13 17:19:04,Visa,1479.88,Paid
901632,501632,2025-08-13 18:27:23,Visa,745.0,Paid
901633,501633,2025-08-13 19:25:04,Visa,931.8,Paid
901634,501634,2025-08-13 20:40:25,Mastercard,1846.57,Paid
901635,501635,2025-08-13 20:24:34,Mastercard,1245.82,Paid
901636,501636,2025-08-13 21:26:54,Visa,2455.26,Paid
901637,501637,2025-08-14 00:57:28,Mastercard,1949.85,Paid
901638,501638,2025-08-14 02:52:09,Mastercard,1934.09,Paid
901639,501639,2025-08-14 09:04:02,Mastercard,554.55,Paid
901640,501640,2025-08-14 10:23:44,Mastercard,1829.86,Paid
901641,501641,2025-08-14 15:19:48,PayPal,477.86,Paid
901642,501642,2025-08-15 01:30:25,PayPal,1100.22,Paid
901643,501643,2025-08-15 01:46:48,PayPal,2014.19,Paid
901644,501644,2025-08-15 01:31:40,Mastercard,1984.44,Paid
901645,501645,2025-08-15 11:22:38,Visa,1618.93,Paid
901646,501646,2025-08-15 22:59:22,Mastercard,1808.49,Paid
901647,501647,2025-08-16 03:51:21,Mastercard,531.27,Paid
901648,501648,2025-08-16 10:15:18,Visa,666.32,Paid
901649,501649,2025-08-16 15:51:39,Mastercard,384.45,Paid
901650,501650,2025-08-16 16:27:25,Mastercard,1305.92,Paid
901651,501651,2025-08-16 15:53:37,Visa,1594.04,Paid
901652,501652,2025-08-16 19:29:50,Mastercard,2285.16,Paid
901653,501653,2025-08-16 22:12:32,PayPal,2935.97,Paid
901654,501654,2025-08-17 03:54:49,PayPal,1316.87,Paid
901655,501655,2025-08-17 10:49:19,Visa,2888.94,Paid
901656,501656,2025-08-17 15:10:46,PayPal,707.78,Paid
901657,501657,2025-08-17 16:08:12,Amex,1507.37,Paid
901658,501658,2025-08-17 18:37:43,Visa,172.4,Paid
901659,501659,2025-08-17 21:13:34,Mastercard,687.8,Paid
901660,501660,2025-08-17 22:51:57,Visa,1232.7,Paid
901661,501661,2025-08-18 00:51:18,Visa,1871.54,Paid
901662,501662,2025-08-18 07:06:45,Mastercard,1259.88,Paid
901663,501663,2025-08-18 10:09:45,Mastercard,1223.48,Paid
901664,501664,2025-08-18 11:33:57,Visa,1638.56,Paid
901665,501665,2025-08-18 13:56:11,Mastercard,1350.94,Paid
901666,501666,2025-08-19 00:08:30,PayPal,332.98,Paid
901667,501667,2025-08-19 01:56:53,Mastercard,2070.72,Paid
901668,501668,2025-08-19 03:33:42,Visa,523.24,Paid
901669,501669,2025-08-19 03:25:14,Mastercard,586.84,Paid
901670,501670,2025-08-19 03:42:52,Visa,579.96,Paid
901671,501671,2025-08-19 13:24:23,Visa,593.02,Paid
901672,501672,2025-08-19 15:37:26,Mastercard,1802.67,Paid
901673,501673,2025-08-19 16:42:28,Mastercard,1654.72,Paid
901674,501674,2025-08-19 20:54:36,Mastercard,1616.44,Paid
901675,501675,2025-08-20 04:24:29,Visa,357.56,Paid
901676,501676,2025-08-20 07:46:13,Mastercard,2384.74,Paid
901677,501677,2025-08-20 11:08:41,Mastercard,983.8,Paid
901678,501678,2025-08-20 15:08:34,Mastercard,2750.86,Paid
901679,501679,2025-08-20 22:23:50,Visa,768.75,Paid
901680,501680,2025-08-21 01:35:44,Amex,2159.02,Paid
901681,501681,2025-08-21 05:35:56,Visa,379.7,Paid
901682,501682,2025-08-21 06:07:29,PayPal,2714.9,Paid
901683,501683,2025-08-21 07:12:34,Amex,382.6,Paid
901684,501684,2025-08-21 12:04:06,Mastercard,1529.19,Paid
901685,501685,2025-08-21 13:01:33,Visa,1762.78,Paid
901686,501686,2025-08-21 13:22:47,PayPal,1295.92,Paid
901687,501687,2025-08-21 12:13:00,Visa,453.92,Paid
901688,501688,2025-08-21 14:16:59,Visa,1284.8,Paid
901689,501689,2025-08-21 18:57:24,Mastercard,1585.56,Paid
901690,501690,2025-08-21 20:12:53,Visa,997.62,Paid
901691,501691,2025-08-22 03:56:44,Visa,1029.89,Refunded
901692,501692,2025-08-22 06:07:28,Visa,610.04,Paid
901693,501693,2025-08-22 20:31:12,Amex,2366.0,Paid
901694,501694,2025-08-23 03:19:37,Visa,1074.16,Paid
901695,501695,2025-08-23 03:37:32,Mastercard,1093.86,Paid
901696,501696,2025-08-23 05:22:22,PayPal,2027.82,Paid
901697,501697,2025-08-23 06:32:12,Visa,1053.88,Paid
901698,501698,2025-08-23 08:00:25,Mastercard,130.51,Paid
901699,501699,2025-08-23 08:25:16,Visa,2981.81,Paid
901700,501700,2025-08-23 07:22:37,Visa,2244.95,Paid
901701,501701,2025-08-23 16:04:10,Visa,725.33,Paid
901702,501702,2025-08-23 22:21:55,Visa,661.29,Paid
901703,501703,2025-08-23 23:50:47,Visa,200.49,Paid
901704,501704,2025-08-24 02:55:50,Visa,1293.68,Paid
901705,501705,2025-08-24 05:39:58,Visa,2877.65,Paid
901706,501706,2025-08-24 14:27:43,Visa,1108.44,Paid
901707,501707,2025-08-24 18:33:17,Visa,3178.48,Paid
901708,501708,2025-08-24 19:02:16,Amex,407.52,Paid
901709,501709,2025-08-24 20:25:21,Mastercard,59.05,Paid
901710,501710,2025-08-24 20:43:22,PayPal,963.35,Paid
901711,501711,2025-08-24 23:37:26,Visa,512.28,Paid
901712,501712,2025-08-25 02:28:51,Mastercard,2221.12,Paid
901713,501713,2025-08-25 02:38:23,Visa,585.5,Paid
901714,501714,2025-08-25 05:44:12,Visa,1446.32,Paid
901715,501715,2025-08-25 06:15:37,Mastercard,3533.8,Refunded
901716,501716,2025-08-25 08:46:48,PayPal,2183.76,Paid
901717,501717,2025-08-25 13:18:15,Visa,649.0,Paid
901718,501718,2025-08-25 20:08:56,Mastercard,3240.79,Paid
901719,501719,2025-08-25 18:54:56,Mastercard,2049.35,Paid
901720,501720,2025-08-25 20:07:36,Amex,1144.44,Paid
901721,501721,2025-08-26 00:07:23,Amex,1111.83,Paid
901722,501722,2025-08-26 03:25:25,Visa,1496.4,Paid
901723,501723,2025-08-26 04:15:18,Mastercard,613.65,Paid
901724,501724,2025-08-26 08:35:38,Visa,470.26,Paid
901725,501725,2025-08-26 09:06:49,Mastercard,1468.41,Paid
901726,501726,2025-08-26 13:38:55,PayPal,1402.48,Paid
901727,501727,2025-08-26 21:51:03,Visa,66.35,Paid
901728,501728,2025-08-26 22:04:51,Visa,852.72,Paid
901729,501729,2025-08-27 00:34:09,Mastercard,3128.44,Paid
901730,501730,2025-08-27 02:22:41,PayPal,920.2,Paid
901731,501731,2025-08-27 07:16:56,Visa,2108.92,Paid
901732,501732,2025-08-27 17:19:12,Mastercard,1208.76,Paid
901733,501733,2025-08-27 22:53:43,Mastercard,2036.12,Paid
901734,501734,2025-08-28 01:49:26,Visa,815.12,Paid
901735,501735,2025-08-28 05:34:59,Visa,3900.44,Paid
901736,501736,2025-08-28 13:08:11,Amex,2352.69,Paid
901737,501737,2025-08-28 17:20:54,Amex,1713.62,Paid
901738,501738,2025-08-28 17:08:56,Visa,1812.4,Paid
901739,501739,2025-08-28 18:47:43,Mastercard,2057.34,Paid
901740,501740,2025-08-28 23:11:38,Visa,2487.9,Paid
901741,501741,2025-08-28 23:39:50,Mastercard,2643.58,Paid
901742,501742,2025-08-28 23:43:02,PayPal,815.16,Paid
901743,501743,2025-08-29 05:30:59,PayPal,817.92,Paid
901744,501744,2025-08-29 12:43:10,Visa,2811.28,Paid
901745,501745,2025-08-29 12:29:41,Visa,2179.48,Paid
901746,501746,2025-08-29 22:55:55,PayPal,686.76,Paid
901747,501747,2025-08-30 03:05:26,Visa,2690.16,Paid
901748,501748,2025-08-30 02:18:30,Mastercard,399.53,Paid
901749,501749,2025-08-30 04:03:19,Amex,1307.13,Paid
901750,501750,2025-08-30 06:18:48,Visa,2667.57,Paid
901751,501751,2025-08-30 08:58:56,Mastercard,895.61,Paid
901752,501752,2025-08-30 13:32:45,Visa,666.32,Paid
901753,501753,2025-08-30 14:10:27,Visa,321.71,Paid
901754,501754,2025-08-30 19:17:02,PayPal,1600.28,Paid
901755,501755,2025-08-31 03:32:06,Visa,781.99,Paid
901756,501756,2025-08-31 06:11:13,PayPal,1416.26,Paid
901757,501757,2025-08-31 08:44:23,Mastercard,2907.75,Paid
901758,501758,2025-08-31 12:46:17,Amex,2362.48,Paid
901759,501759,2025-08-31 16:04:36,Visa,115.38,Paid
901760,501760,2025-08-31 19:19:45,Mastercard,1894.6,Paid
901761,501761,2025-08-31 20:30:15,Visa,2507.33,Paid
901762,501762,2025-08-31 19:41:58,PayPal,1499.42,Paid
901763,501763,2025-09-01 00:02:33,Amex,354.33,Paid
901764,501764,2025-09-01 01:25:31,Mastercard,2089.95,Paid
901765,501765,2025-09-01 05:49:27,PayPal,1446.21,Refunded
901766,501766,2025-09-01 06:05:24,Mastercard,295.26,Paid
901767,501767,2025-09-01 17:57:25,Visa,1507.48,Paid
901768,501768,2025-09-01 20:56:24,Mastercard,2036.68,Paid
901769,501769,2025-09-02 06:30:26,Mastercard,2363.07,Paid
901770,501770,2025-09-02 06:24:52,PayPal,2376.88,Paid
901771,501771,2025-09-02 06:00:25,Mastercard,1861.25,Paid
901772,501772,2025-09-02 07:48:05,Visa,953.21,Paid
901773,501773,2025-09-02 14:18:46,Visa,1439.41,Paid
901774,501774,2025-09-02 17:08:18,Mastercard,1004.23,Paid
901775,501775,2025-09-02 21:08:34,Visa,2637.94,Paid
901776,501776,2025-09-02 22:08:06,Visa,391.53,Paid
901777,501777,2025-09-03 03:53:49,Visa,1025.16,Paid
901778,501778,2025-09-03 05:40:50,Visa,544.08,Paid
901779,501779,2025-09-03 10:28:34,Visa,1655.19,Paid
901780,501780,2025-09-03 11:28:38,Visa,2249.24,Paid
901781,501781,2025-09-03 15:12:59,Visa,1222.23,Paid
901782,501782,2025-09-03 17:11:47,Visa,1741.48,Paid
901783,501783,2025-09-03 19:59:38,Mastercard,2156.8,Paid
901784,501784,2025-09-03 19:39:14,Visa,1385.58,Paid
901785,501785,2025-09-03 23:17:19,Amex,1769.48,Paid
901786,501786,2025-09-04 02:42:32,Visa,1455.3,Paid
901787,501787,2025-09-04 08:25:07,Amex,1734.12,Paid
901788,501788,2025-09-04 08:46:04,Mastercard,1730.42,Paid
901789,501789,2025-09-04 12:12:26,PayPal,1073.87,Paid
901790,501790,2025-09-04 22:13:21,PayPal,294.84,Paid
901791,501791,2025-09-05 01:58:19,Visa,633.12,Paid
901792,501792,2025-09-05 01:32:36,PayPal,2550.63,Paid
901793,501793,2025-09-05 04:03:23,PayPal,1651.71,Paid
901794,501794,2025-09-05 06:30:54,PayPal,1124.73,Paid
901795,501795,2025-09-05 09:15:57,PayPal,1113.46,Paid
901796,501796,2025-09-05 10:16:17,Visa,1464.38,Paid
901797,501797,2025-09-05 11:37:03,Mastercard,820.24,Paid
901798,501798,2025-09-05 11:33:35,PayPal,658.17,Paid
901799,501799,2025-09-05 11:15:36,Mastercard,1235.24,Paid
901800,501800,2025-09-05 13:42:19,Visa,2077.44,Paid
901801,501801,2025-09-05 16:26:10,PayPal,2561.68,Paid
901802,501802,2025-09-05 19:35:10,Visa,3114.41,Paid
901803,501803,2025-09-05 21:19:41,Mastercard,2173.63,Paid
901804,501804,2025-09-05 23:32:20,Visa,697.25,Paid
901805,501805,2025-09-06 03:33:10,Mastercard,740.93,Paid
901806,501806,2025-09-06 05:20:29,Visa,991.57,Paid
901807,501807,2025-09-06 13:30:26,Mastercard,1005.71,Paid
901808,501808,2025-09-07 00:13:30,PayPal,109.6,Paid
901809,501809,2025-09-07 02:14:06,Mastercard,1982.12,Paid
901810,501810,2025-09-07 03:52:48,PayPal,1140.23,Paid
901811,501811,2025-09-07 05:41:04,Visa,526.26,Refunded
901812,501812,2025-09-07 05:54:50,PayPal,1740.4,Paid
901813,501813,2025-09-07 06:23:10,Mastercard,723.02,Paid
901814,501814,2025-09-07 12:30:36,Visa,604.94,Paid
901815,501815,2025-09-08 02:20:26,Mastercard,91.05,Paid
901816,501816,2025-09-08 02:05:59,Amex,393.29,Paid
901817,501817,2025-09-08 10:51:29,Visa,1544.29,Paid
901818,501818,2025-09-08 11:27:15,Mastercard,1950.32,Paid
901819,501819,2025-09-08 11:57:34,Mastercard,2409.2,Paid
901820,501820,2025-09-08 11:42:57,Amex,899.36,Paid
901821,501821,2025-09-08 14:24:06,PayPal,882.18,Paid
901822,501822,2025-09-09 05:46:52,Visa,2629.64,Paid
901823,501823,2025-09-09 05:29:29,Visa,2385.87,Paid
901824,501824,2025-09-09 06:21:31,Visa,1131.13,Paid
901825,501825,2025-09-09 07:29:32,Visa,2550.07,Paid
901826,501826,2025-09-09 10:53:44,Visa,812.67,Paid
901827,501827,2025-09-09 11:15:24,Visa,1154.03,Paid
901828,501828,2025-09-09 14:05:17,Visa,2285.82,Paid
901829,501829,2025-09-09 17:33:14,Mastercard,1567.17,Paid
901830,501830,2025-09-09 19:01:47,PayPal,362.8,Paid
901831,501831,2025-09-09 19:46:48,Mastercard,1152.15,Paid
901832,501832,2025-09-09 23:13:22,Visa,89.0,Paid
901833,501833,2025-09-10 04:08:00,Visa,2719.98,Refunded
901834,501834,2025-09-10 05:11:01,Visa,1445.72,Refunded
901835,501835,2025-09-10 06:41:04,Visa,208.42,Paid
901836,501836,2025-09-10 09:03:13,Mastercard,3182.38,Paid
901837,501837,2025-09-10 12:44:53,Amex,968.59,Paid
901838,501838,2025-09-10 12:25:36,Visa,861.7,Paid
901839,501839,2025-09-10 14:08:04,Visa,2168.12,Paid
901840,501840,2025-09-10 19:07:04,Visa,586.68,Paid
901841,501841,2025-09-11 00:32:11,Amex,383.8,Paid
901842,501842,2025-09-11 00:20:08,Mastercard,883.15,Paid
901843,501843,2025-09-11 07:39:00,Visa,1819.4,Paid
901844,501844,2025-09-11 09:44:58,Amex,1582.84,Paid
901845,501845,2025-09-11 11:50:38,PayPal,230.55,Paid
901846,501846,2025-09-11 12:10:17,Visa,2169.35,Paid
901847,501847,2025-09-12 05:36:28,Amex,1597.88,Paid
901848,501848,2025-09-12 09:26:17,PayPal,475.88,Paid
901849,501849,2025-09-12 18:17:02,Visa,3027.47,Paid
901850,501850,2025-09-12 18:56:42,Amex,1237.24,Paid
901851,501851,2025-09-12 23:47:22,Visa,390.51,Paid
901852,501852,2025-09-13 00:16:45,PayPal,435.69,Paid
901853,501853,2025-09-13 02:25:55,Mastercard,410.58,Paid
901854,501854,2025-09-13 01:42:36,Mastercard,1680.0,Paid
901855,501855,2025-09-13 03:03:19,Visa,1122.69,Paid
901856,501856,2025-09-13 02:40:34,Mastercard,188.74,Paid
901857,501857,2025-09-13 04:28:50,Mastercard,543.54,Paid
901858,501858,2025-09-13 07:45:47,Mastercard,544.2,Refunded
901859,501859,2025-09-13 14:43:53,Visa,1601.09,Paid
901860,501860,2025-09-13 21:09:20,PayPal,2495.46,Paid
901861,501861,2025-09-13 22:59:26,PayPal,2442.34,Paid
901862,501862,2025-09-14 04:52:43,Visa,2101.24,Paid
901863,501863,2025-09-14 05:30:50,Visa,438.48,Paid
901864,501864,2025-09-14 10:19:45,Mastercard,951.04,Paid
901865,501865,2025-09-14 22:48:59,PayPal,558.18,Paid
901866,501866,2025-09-15 04:22:33,PayPal,1918.64,Paid
901867,501867,2025-09-15 06:14:39,Mastercard,960.71,Paid
901868,501868,2025-09-15 20:20:56,PayPal,1247.38,Paid
901869,501869,2025-09-15 21:26:42,Mastercard,1610.99,Paid
901870,501870,2025-09-15 23:24:23,Visa,1875.27,Paid
901871,501871,2025-09-16 02:04:41,Amex,396.26,Refunded
901872,501872,2025-09-16 02:26:40,PayPal,931.11,Paid
901873,501873,2025-09-16 06:11:55,Visa,1313.2,Paid
901874,501874,2025-09-16 07:43:38,Visa,816.98,Paid
901875,501875,2025-09-16 09:25:29,Amex,2839.76,Paid
901876,501876,2025-09-16 15:46:15,PayPal,1834.36,Paid
901877,501877,2025-09-16 18:22:30,Amex,482.8,Paid
901878,501878,2025-09-16 19:11:27,Visa,1273.97,Paid
901879,501879,2025-09-16 20:51:22,PayPal,447.84,Paid
901880,501880,2025-09-16 21:59:31,Amex,2049.33,Paid
901881,501881,2025-09-17 07:01:24,Amex,299.79,Paid
901882,501882,2025-09-17 09:48:14,Mastercard,972.24,Paid
901883,501883,2025-09-17 15:17:04,Visa,1836.13,Paid
901884,501884,2025-09-17 14:30:27,Visa,838.04,Paid
901885,501885,2025-09-17 17:39:13,Mastercard,1607.34,Paid
901886,501886,2025-09-17 21:52:47,Visa,2006.02,Paid
901887,501887,2025-09-17 22:59:07,Visa,499.94,Paid
901888,501888,2025-09-18 02:52:32,Mastercard,830.46,Paid
901889,501889,2025-09-18 08:20:36,Mastercard,1303.84,Paid
901890,501890,2025-09-18 13:45:46,Visa,1035.98,Paid
901891,501891,2025-09-18 13:42:11,Visa,1867.58,Paid
901892,501892,2025-09-18 15:57:59,Visa,1682.48,Paid
901893,501893,2025-09-18 18:12:06,PayPal,239.32,Paid
901894,501894,2025-09-18 19:43:46,Visa,540.88,Paid
901895,501895,2025-09-18 21:11:06,Visa,1150.13,Paid
901896,501896,2025-09-19 04:07:49,Amex,1482.15,Paid
901897,501897,2025-09-19 09:25:06,Mastercard,187.36,Paid
901898,501898,2025-09-19 12:36:26,Amex,2313.91,Paid
901899,501899,2025-09-19 13:42:21,Visa,190.74,Paid
901900,501900,2025-09-19 14:20:04,Visa,2831.21,Paid
901901,501901,2025-09-19 16:52:49,Visa,1414.84,Paid
901902,501902,2025-09-19 19:34:41,Mastercard,222.05,Paid
901903,501903,2025-09-19 22:43:40,Visa,2739.81,Paid
901904,501904,2025-09-20 04:32:58,Visa,372.72,Paid
901905,501905,2025-09-20 15:07:15,PayPal,3502.64,Paid
901906,501906,2025-09-20 17:13:02,PayPal,545.58,Paid
901907,501907,2025-09-20 23:23:41,Mastercard,1559.76,Paid
901908,501908,2025-09-21 04:04:50,Mastercard,91.05,Refunded
901909,501909,2025-09-21 05:23:56,Mastercard,1120.74,Paid
901910,501910,2025-09-21 06:23:59,Amex,1349.64,Paid
901911,501911,2025-09-21 06:49:09,Visa,1028.42,Paid
901912,501912,2025-09-21 06:50:13,Mastercard,230.76,Paid
901913,501913,2025-09-21 09:00:42,PayPal,2132.8,Paid
901914,501914,2025-09-21 12:10:35,Mastercard,1282.71,Paid
901915,501915,2025-09-22 04:59:46,Visa,1667.58,Paid
901916,501916,2025-09-22 05:58:06,Mastercard,1351.35,Paid
901917,501917,2025-09-22 07:51:56,Visa,1540.74,Paid
901918,501918,2025-09-22 08:50:57,Visa,1468.69,Paid
901919,501919,2025-09-22 11:01:45,Visa,1636.04,Paid
901920,501920,2025-09-22 14:26:17,Mastercard,1054.56,Paid
901921,501921,2025-09-22 18:22:13,Visa,2517.25,Paid
901922,501922,2025-09-22 23:33:08,Visa,1850.22,Paid
901923,501923,2025-09-23 05:58:20,Visa,3812.48,Paid
901924,501924,2025-09-23 09:23:47,PayPal,1844.5,Paid
901925,501925,2025-09-23 09:50:40,Visa,410.78,Paid
901926,501926,2025-09-23 17:54:56,Visa,1341.84,Paid
901927,501927,2025-09-23 23:41:35,Mastercard,469.02,Paid
901928,501928,2025-09-23 23:49:11,Mastercard,491.9,Paid
901929,501929,2025-09-24 06:24:22,Amex,2356.64,Paid
901930,501930,2025-09-24 11:18:35,Mastercard,2422.93,Paid
901931,501931,2025-09-24 17:03:05,PayPal,197.01,Paid
901932,501932,2025-09-25 01:49:02,Mastercard,679.2,Paid
901933,501933,2025-09-25 02:23:25,Visa,1091.34,Paid
901934,501934,2025-09-25 04:32:00,Mastercard,2281.98,Paid
901935,501935,2025-09-25 07:02:34,Mastercard,833.7,Paid
901936,501936,2025-09-25 07:33:23,PayPal,4629.46,Paid
901937,501937,2025-09-25 11:06:30,Visa,766.08,Paid
901938,501938,2025-09-25 19:10:35,Amex,1338.03,Paid
901939,501939,2025-09-26 03:28:10,Visa,222.05,Paid
901940,501940,2025-09-26 07:20:13,Visa,1399.94,Paid
901941,501941,2025-09-26 10:42:33,Amex,495.6,Paid
901942,501942,2025-09-26 22:12:31,Visa,55.77,Paid
901943,501943,2025-09-26 22:41:42,Amex,2624.74,Paid
901944,501944,2025-09-26 23:17:28,Mastercard,2891.1,Paid
901945,501945,2025-09-27 01:19:42,Mastercard,592.41,Paid
901946,501946,2025-09-27 00:55:32,PayPal,945.22,Paid
901947,501947,2025-09-27 05:20:23,Visa,2258.1,Paid
901948,501948,2025-09-27 11:37:14,Visa,450.98,Paid
901949,501949,2025-09-27 15:10:00,PayPal,656.77,Paid
901950,501950,2025-09-27 18:50:35,Mastercard,510.58,Paid
901951,501951,2025-09-27 19:57:26,PayPal,935.82,Paid
901952,501952,2025-09-27 22:25:06,Visa,1614.3,Paid
901953,501953,2025-09-27 23:41:47,Visa,1779.88,Paid
901954,501954,2025-09-28 03:39:09,PayPal,2063.1,Paid
901955,501955,2025-09-28 04:06:40,Visa,1167.65,Paid
901956,501956,2025-09-28 08:51:47,PayPal,2916.06,Paid
901957,501957,2025-09-28 08:44:55,Visa,1040.41,Paid
901958,501958,2025-09-28 08:48:01,Visa,1189.45,Paid
901959,501959,2025-09-28 16:56:56,PayPal,1076.97,Paid
901960,501960,2025-09-28 22:23:20,PayPal,2291.6,Paid
901961,501961,2025-09-29 02:48:42,Mastercard,898.52,Paid
901962,501962,2025-09-29 08:13:45,Amex,2347.04,Paid
901963,501963,2025-09-29 11:51:21,Visa,1326.26,Paid
901964,501964,2025-09-29 17:02:13,Mastercard,2413.46,Paid
901965,501965,2025-09-29 17:47:27,Visa,133.51,Paid
901966,501966,2025-09-29 18:42:26,Mastercard,1381.8,Paid
901967,501967,2025-09-29 20:29:37,Mastercard,1859.57,Paid
901968,501968,2025-09-29 21:27:03,Visa,1144.35,Paid
901969,501969,2025-09-30 02:11:01,Amex,1948.78,Paid
901970,501970,2025-09-30 04:16:29,Visa,1812.43,Paid
901971,501971,2025-09-30 05:15:43,Mastercard,368.06,Paid
901972,501972,2025-09-30 09:30:12,Mastercard,1140.87,Paid
901973,501973,2025-09-30 16:17:41,Mastercard,527.62,Paid
901974,501974,2025-09-30 16:40:45,Visa,1342.06,Paid
901975,501975,2025-09-30 17:41:22,Mastercard,377.88,Paid
901976,501976,2025-09-30 22:31:18,Visa,858.96,Paid
901977,501977,2025-10-01 01:22:45,Visa,577.42,Paid
901978,501978,2025-10-01 01:03:00,PayPal,1747.51,Paid
901979,501979,2025-10-01 02:42:39,Mastercard,2320.88,Paid
901980,501980,2025-10-01 04:59:19,Visa,732.36,Paid
901981,501981,2025-10-01 04:42:56,Mastercard,2433.7,Paid
901982,501982,2025-10-01 12:33:24,Mastercard,630.44,Refunded
901983,501983,2025-10-01 14:22:04,Mastercard,510.5,Paid
901984,501984,2025-10-01 23:03:12,Visa,1937.51,Paid
901985,501985,2025-10-02 03:00:58,PayPal,2335.79,Paid
901986,501986,2025-10-02 03:44:33,PayPal,297.58,Paid
901987,501987,2025-10-02 03:34:16,Visa,417.39,Paid
901988,501988,2025-10-02 05:45:06,PayPal,3404.38,Paid
901989,501989,2025-10-02 15:33:15,Amex,749.8,Paid
901990,501990,2025-10-02 15:36:02,Mastercard,1011.37,Paid
901991,501991,2025-10-02 15:52:44,Mastercard,115.38,Paid
901992,501992,2025-10-02 19:15:53,Visa,1938.64,Paid
901993,501993,2025-10-03 07:05:03,Amex,1298.7,Paid
901994,501994,2025-10-03 05:17:34,PayPal,274.5,Paid
901995,501995,2025-10-03 06:01:10,Mastercard,851.6,Paid
901996,501996,2025-10-03 09:38:24,PayPal,155.64,Paid
901997,501997,2025-10-03 12:19:52,Visa,2534.74,Paid
901998,501998,2025-10-03 12:45:18,PayPal,625.26,Paid
901999,501999,2025-10-03 14:03:09,Visa,656.25,Paid
902000,502000,2025-10-03 23:29:43,Mastercard,672.42,Paid
902001,502001,2025-10-04 04:06:39,Visa,1248.69,Paid
902002,502002,2025-10-04 07:47:08,Mastercard,1826.45,Paid
902003,502003,2025-10-04 08:44:25,PayPal,709.79,Paid
902004,502004,2025-10-04 08:43:10,Mastercard,1755.68,Paid
902005,502005,2025-10-04 17:12:27,Mastercard,2189.09,Paid
902006,502006,2025-10-04 17:13:57,Mastercard,119.39,Paid
902007,502007,2025-10-04 18:34:02,Mastercard,1040.34,Paid
902008,502008,2025-10-05 00:13:00,Mastercard,2365.73,Paid
902009,502009,2025-10-05 01:44:35,Visa,1596.98,Paid
902010,502010,2025-10-05 09:01:34,Visa,1465.6,Paid
902011,502011,2025-10-05 10:27:01,PayPal,1396.86,Paid
902012,502012,2025-10-05 15:53:52,Mastercard,1305.92,Paid
902013,502013,2025-10-05 14:53:16,Visa,447.96,Paid
902014,502014,2025-10-05 19:05:01,Visa,1114.65,Paid
902015,502015,2025-10-06 01:24:09,Visa,2348.38,Paid
902016,502016,2025-10-06 03:49:45,Visa,1164.21,Paid
902017,502017,2025-10-06 03:04:27,Visa,95.95,Paid
902018,502018,2025-10-06 12:24:06,Amex,1328.99,Paid
902019,502019,2025-10-07 02:29:29,Visa,921.89,Paid
902020,502020,2025-10-07 02:44:12,Visa,2107.38,Paid
902021,502021,2025-10-07 03:06:33,Visa,211.04,Paid
902022,502022,2025-10-07 04:49:52,Mastercard,578.09,Paid
902023,502023,2025-10-07 06:41:26,Mastercard,1143.81,Paid
902024,502024,2025-10-07 07:21:09,PayPal,2186.34,Paid
902025,502025,2025-10-07 07:28:09,Mastercard,1328.62,Refunded
902026,502026,2025-10-07 18:37:51,Mastercard,1428.76,Paid
902027,502027,2025-10-07 22:55:54,PayPal,381.45,Paid
902028,502028,2025-10-08 00:17:41,Mastercard,2544.15,Paid
902029,502029,2025-10-07 23:27:57,Amex,2707.14,Paid
902030,502030,2025-10-08 08:13:27,PayPal,2146.06,Paid
902031,502031,2025-10-08 15:02:56,PayPal,1687.13,Paid
902032,502032,2025-10-08 15:47:24,Visa,1788.71,Paid
902033,502033,2025-10-08 21:16:34,Mastercard,1011.45,Paid
902034,502034,2025-10-08 21:28:24,Mastercard,3639.06,Paid
902035,502035,2025-10-09 04:01:49,Visa,830.66,Paid
902036,502036,2025-10-09 03:14:34,Mastercard,3399.94,Paid
902037,502037,2025-10-09 06:40:29,Mastercard,749.62,Paid
902038,502038,2025-10-09 09:43:52,Visa,2055.35,Paid
902039,502039,2025-10-09 08:37:02,PayPal,2699.36,Paid
902040,502040,2025-10-09 09:37:43,Visa,1282.62,Paid
902041,502041,2025-10-09 15:04:27,Visa,1571.39,Paid
902042,502042,2025-10-09 17:30:43,Visa,179.94,Paid
902043,502043,2025-10-09 18:02:12,Amex,1237.31,Paid
902044,502044,2025-10-09 23:13:09,Visa,959.37,Paid
902045,502045,2025-10-10 00:58:54,PayPal,1529.52,Paid
902046,502046,2025-10-10 01:40:04,PayPal,1145.28,Paid
902047,502047,2025-10-10 10:24:28,Mastercard,2536.42,Paid
902048,502048,2025-10-10 11:05:49,PayPal,830.46,Paid
902049,502049,2025-10-11 07:24:35,Visa,1337.94,Paid
902050,502050,2025-10-11 09:24:06,Visa,2186.27,Paid
902051,502051,2025-10-11 10:05:07,PayPal,1428.76,Paid
902052,502052,2025-10-11 11:30:46,Mastercard,3319.67,Paid
902053,502053,2025-10-11 13:58:46,PayPal,1424.21,Paid
902054,502054,2025-10-11 15:41:00,Amex,751.38,Paid
902055,502055,2025-10-11 20:12:05,Amex,2186.68,Paid
902056,502056,2025-10-11 21:28:50,Visa,1733.55,Paid
902057,502057,2025-10-12 00:56:53,Visa,3735.14,Paid
902058,502058,2025-10-12 01:15:55,Visa,1639.97,Paid
902059,502059,2025-10-12 05:33:58,Amex,1043.8,Paid
902060,502060,2025-10-12 05:49:50,Visa,1554.57,Paid
902061,502061,2025-10-12 06:01:44,Mastercard,277.7,Paid
902062,502062,2025-10-12 08:23:42,Visa,1159.84,Paid
902063,502063,2025-10-12 11:24:55,Mastercard,3538.06,Paid
902064,502064,2025-10-12 11:50:37,PayPal,2780.05,Paid
902065,502065,2025-10-12 16:26:24,Visa,1464.52,Paid
902066,502066,2025-10-12 20:45:53,PayPal,1557.86,Paid
902067,502067,2025-10-13 00:34:37,Visa,210.84,Paid
902068,502068,2025-10-13 21:30:35,Amex,1912.48,Paid
902069,502069,2025-10-13 22:18:27,Visa,342.59,Paid
902070,502070,2025-10-14 03:51:26,Visa,1855.32,Paid
902071,502071,2025-10-14 10:32:34,Mastercard,835.56,Paid
902072,502072,2025-10-14 14:45:31,Mastercard,1477.95,Paid
902073,502073,2025-10-14 17:50:05,Visa,237.28,Paid
902074,502074,2025-10-14 18:22:53,PayPal,1012.43,Paid
902075,502075,2025-10-14 20:11:39,Visa,1677.35,Paid
902076,502076,2025-10-14 20:20:54,Mastercard,2997.58,Refunded
902077,502077,2025-10-15 07:40:12,Visa,238.93,Paid
902078,502078,2025-10-15 08:40:36,PayPal,2539.67,Paid
902079,502079,2025-10-15 08:57:23,Mastercard,1870.41,Paid
902080,502080,2025-10-15 14:34:58,Mastercard,943.05,Paid
902081,502081,2025-10-15 15:54:10,PayPal,2265.58,Paid
902082,502082,2025-10-16 02:35:30,Visa,1061.04,Paid
902083,502083,2025-10-16 02:07:50,Amex,1795.37,Paid
902084,502084,2025-10-16 03:44:46,Mastercard,733.46,Paid
902085,502085,2025-10-16 05:03:45,Amex,582.87,Paid
902086,502086,2025-10-16 09:20:34,Mastercard,270.89,Paid
902087,502087,2025-10-16 10:39:08,Mastercard,1808.53,Paid
902088,502088,2025-10-16 10:50:37,Amex,2054.94,Paid
902089,502089,2025-10-16 15:42:43,Visa,1620.5,Paid
902090,502090,2025-10-16 22:11:18,Visa,467.11,Paid
902091,502091,2025-10-16 21:43:44,Amex,653.58,Paid
902092,502092,2025-10-16 23:54:54,Visa,978.1,Paid
902093,502093,2025-10-17 04:31:40,PayPal,1142.52,Paid
902094,502094,2025-10-17 07:10:50,Mastercard,1201.25,Paid
902095,502095,2025-10-17 10:33:02,Visa,144.14,Paid
902096,502096,2025-10-17 20:42:13,Visa,1914.83,Paid
902097,502097,2025-10-17 21:55:59,Visa,1062.99,Paid
902098,502098,2025-10-18 03:47:07,Visa,2560.51,Paid
902099,502099,2025-10-18 07:34:56,Mastercard,2099.08,Paid
902100,502100,2025-10-18 09:12:17,Mastercard,2182.6,Paid
902101,502101,2025-10-18 11:47:02,PayPal,1541.12,Paid
902102,502102,2025-10-18 11:05:47,Mastercard,2987.49,Paid
902103,502103,2025-10-18 18:11:27,Mastercard,3960.42,Paid
902104,502104,2025-10-18 23:51:22,Visa,491.62,Paid
902105,502105,2025-10-19 07:50:02,Amex,2347.25,Paid
902106,502106,2025-10-19 13:50:25,PayPal,208.23,Paid
902107,502107,2025-10-20 00:24:22,Visa,1364.44,Paid
902108,502108,2025-10-20 00:25:46,Mastercard,1218.62,Paid
902109,502109,2025-10-20 02:39:23,Mastercard,764.08,Paid
902110,502110,2025-10-20 03:23:07,Mastercard,1634.29,Paid
902111,502111,2025-10-20 07:49:28,Visa,1236.09,Paid
902112,502112,2025-10-20 15:19:58,Visa,1976.45,Paid
902113,502113,2025-10-20 18:49:31,Visa,1877.99,Paid
902114,502114,2025-10-21 05:18:39,Mastercard,2690.88,Paid
902115,502115,2025-10-21 16:42:07,PayPal,1611.33,Paid
902116,502116,2025-10-21 17:08:17,Visa,696.78,Paid
902117,502117,2025-10-22 00:07:34,Visa,2887.05,Paid
902118,502118,2025-10-22 01:04:27,Amex,2051.75,Paid
902119,502119,2025-10-22 01:25:39,Mastercard,258.77,Paid
902120,502120,2025-10-22 09:42:59,Mastercard,387.75,Paid
902121,502121,2025-10-22 18:48:37,PayPal,454.05,Paid
902122,502122,2025-10-22 21:48:48,Visa,184.76,Paid
902123,502123,2025-10-22 23:20:59,Visa,281.04,Paid
902124,502124,2025-10-23 01:56:33,Mastercard,1268.39,Paid
902125,502125,2025-10-23 01:39:34,Visa,1334.83,Paid
902126,502126,2025-10-23 09:44:31,PayPal,1039.04,Paid
902127,502127,2025-10-23 08:38:18,Mastercard,1641.98,Paid
902128,502128,2025-10-23 16:13:44,Amex,1164.25,Paid
902129,502129,2025-10-23 17:59:00,Amex,1867.05,Paid
902130,502130,2025-10-23 19:29:10,Mastercard,1671.72,Paid
902131,502131,2025-10-24 00:21:20,Visa,1480.11,Paid
902132,502132,2025-10-24 02:54:44,Visa,1333.49,Paid
902133,502133,2025-10-24 01:08:37,PayPal,1055.1,Paid
902134,502134,2025-10-24 04:13:24,Visa,260.31,Paid
902135,502135,2025-10-24 06:51:33,PayPal,1941.8,Paid
902136,502136,2025-10-24 07:14:16,Visa,3335.76,Paid
902137,502137,2025-10-24 11:40:47,Mastercard,178.78,Paid
902138,502138,2025-10-24 14:28:54,Visa,1630.82,Paid
902139,502139,2025-10-24 14:48:57,PayPal,1804.04,Paid
902140,502140,2025-10-24 13:36:35,Visa,1345.51,Paid
902141,502141,2025-10-24 14:22:33,PayPal,766.49,Paid
902142,502142,2025-10-24 22:02:11,Visa,2027.4,Paid
902143,502143,2025-10-25 11:31:22,PayPal,665.96,Paid
902144,502144,2025-10-25 13:29:15,Visa,958.8,Paid
902145,502145,2025-10-25 15:48:36,Mastercard,781.84,Refunded
902146,502146,2025-10-25 17:45:41,Visa,642.24,Paid
902147,502147,2025-10-25 20:35:16,PayPal,2055.74,Paid
902148,502148,2025-10-26 01:50:26,PayPal,1622.61,Refunded
902149,502149,2025-10-26 02:00:40,Visa,1969.13,Paid
902150,502150,2025-10-26 04:22:49,Visa,1114.46,Paid
902151,502151,2025-10-26 03:48:58,Mastercard,1577.66,Paid
902152,502152,2025-10-26 05:24:31,Mastercard,932.23,Paid
902153,502153,2025-10-26 07:57:02,Mastercard,1308.64,Paid
902154,502154,2025-10-26 08:58:51,PayPal,1440.16,Paid
902155,502155,2025-10-26 09:40:40,Visa,2930.63,Paid
902156,502156,2025-10-26 10:38:40,Mastercard,533.72,Paid
902157,502157,2025-10-26 13:33:44,Visa,4021.04,Paid
902158,502158,2025-10-26 18:40:08,Mastercard,791.85,Paid
902159,502159,2025-10-26 18:55:25,Mastercard,1103.4,Paid
902160,502160,2025-10-26 23:32:16,Visa,1465.08,Paid
902161,502161,2025-10-27 01:32:25,Visa,1749.22,Paid
902162,502162,2025-10-27 02:20:13,Visa,2099.33,Paid
902163,502163,2025-10-27 07:29:14,Mastercard,2924.94,Paid
902164,502164,2025-10-27 09:04:14,Mastercard,1792.99,Paid
902165,502165,2025-10-27 09:52:24,Mastercard,3116.03,Paid
902166,502166,2025-10-27 15:32:02,PayPal,2027.85,Paid
902167,502167,2025-10-27 22:55:48,Visa,1001.95,Paid
902168,502168,2025-10-28 01:17:07,Amex,2789.2,Paid
902169,502169,2025-10-28 05:42:38,Mastercard,115.31,Paid
902170,502170,2025-10-28 13:13:51,PayPal,1323.99,Paid
902171,502171,2025-10-28 16:00:45,Amex,728.36,Paid
902172,502172,2025-10-28 21:57:19,Mastercard,232.96,Paid
902173,502173,2025-10-29 03:28:57,Amex,244.57,Paid
902174,502174,2025-10-29 06:51:30,PayPal,269.67,Paid
902175,502175,2025-10-29 09:36:09,Mastercard,201.45,Paid
902176,502176,2025-10-29 15:36:07,Visa,1158.96,Paid
902177,502177,2025-10-29 18:09:14,Mastercard,2040.38,Paid
902178,502178,2025-10-29 21:32:39,Mastercard,3177.35,Paid
902179,502179,2025-10-30 04:57:10,Visa,2649.74,Paid
902180,502180,2025-10-30 03:46:29,Visa,3593.41,Paid
902181,502181,2025-10-30 06:02:46,PayPal,3412.97,Paid
902182,502182,2025-10-30 08:29:49,Mastercard,1531.88,Paid
902183,502183,2025-10-30 10:27:46,Mastercard,1377.22,Paid
902184,502184,2025-10-30 13:25:40,PayPal,388.89,Paid
902185,502185,2025-10-30 15:01:43,PayPal,1124.79,Paid
902186,502186,2025-10-30 20:07:26,Visa,746.4,Paid
902187,502187,2025-10-30 19:44:48,Amex,278.52,Paid
902188,502188,2025-10-30 20:57:55,Visa,1952.88,Paid
902189,502189,2025-10-31 04:05:22,Mastercard,1716.78,Paid
902190,502190,2025-10-31 11:03:42,Amex,1698.54,Paid
902191,502191,2025-10-31 11:16:11,Visa,2624.09,Paid
902192,502192,2025-10-31 13:34:40,Mastercard,292.04,Paid
902193,502193,2025-10-31 13:51:16,Visa,67.88,Paid
902194,502194,2025-10-31 15:49:40,Visa,2305.97,Paid
902195,502195,2025-10-31 18:20:07,Mastercard,1071.63,Paid
902196,502196,2025-10-31 23:02:42,Mastercard,2194.25,Paid
902197,502197,2025-10-31 23:31:08,Visa,1821.67,Paid
902198,502198,2025-11-01 08:37:54,Visa,1541.61,Paid
902199,502199,2025-11-01 08:17:03,Mastercard,705.7,Paid
902200,502200,2025-11-01 10:14:31,Visa,3266.62,Paid
902201,502201,2025-11-01 18:17:04,Mastercard,2132.79,Paid
902202,502202,2025-11-01 21:13:45,Visa,2035.78,Paid
902203,502203,2025-11-01 23:18:07,Visa,2516.99,Paid
902204,502204,2025-11-01 23:16:01,Visa,1260.12,Paid
902205,502205,2025-11-02 00:37:32,Visa,559.8,Paid
902206,502206,2025-11-02 02:40:09,PayPal,1757.86,Paid
902207,502207,2025-11-02 01:05:43,Visa,1269.31,Paid
902208,502208,2025-11-02 02:34:19,PayPal,1707.17,Paid
902209,502209,2025-11-02 04:59:20,PayPal,2684.37,Paid
902210,502210,2025-11-02 07:22:26,Mastercard,2310.24,Paid
902211,502211,2025-11-02 09:19:07,Mastercard,1765.85,Paid
902212,502212,2025-11-02 11:21:37,PayPal,1202.58,Refunded
902213,502213,2025-11-02 10:51:43,Visa,2150.66,Paid
902214,502214,2025-11-02 13:25:59,Mastercard,2266.5,Paid
902215,502215,2025-11-02 17:08:17,Mastercard,1949.92,Paid
902216,502216,2025-11-02 17:09:51,Visa,256.25,Paid
902217,502217,2025-11-02 18:56:48,Visa,2684.88,Paid
902218,502218,2025-11-02 21:50:26,Visa,2638.65,Paid
902219,502219,2025-11-02 23:02:46,PayPal,726.96,Paid
902220,502220,2025-11-03 06:16:39,Mastercard,1868.22,Paid
902221,502221,2025-11-03 12:41:46,Amex,3387.11,Paid
902222,502222,2025-11-04 02:07:29,Visa,1268.18,Paid
902223,502223,2025-11-04 03:25:31,Amex,2346.54,Paid
902224,502224,2025-11-04 04:18:34,Amex,1183.37,Paid
902225,502225,2025-11-04 06:27:57,Mastercard,588.55,Paid
902226,502226,2025-11-04 14:08:07,Visa,273.68,Paid
902227,502227,2025-11-04 15:14:26,PayPal,801.17,Paid
902228,502228,2025-11-04 19:09:50,PayPal,637.16,Paid
902229,502229,2025-11-05 05:12:01,Visa,3244.23,Paid
902230,502230,2025-11-05 08:22:15,PayPal,1244.98,Paid
902231,502231,2025-11-05 09:15:12,Mastercard,1266.96,Paid
902232,502232,2025-11-05 09:05:10,PayPal,921.35,Paid
902233,502233,2025-11-05 09:07:02,Mastercard,1341.67,Paid
902234,502234,2025-11-05 18:17:26,Mastercard,396.44,Paid
902235,502235,2025-11-05 21:02:28,Visa,335.67,Paid
902236,502236,2025-11-05 21:59:25,PayPal,171.95,Paid
902237,502237,2025-11-05 22:55:16,Visa,2649.09,Paid
902238,502238,2025-11-05 22:45:48,PayPal,585.09,Paid
902239,502239,2025-11-06 10:00:07,Visa,655.52,Paid
902240,502240,2025-11-06 10:42:41,Mastercard,1096.35,Paid
902241,502241,2025-11-06 11:17:09,Mastercard,1679.89,Paid
902242,502242,2025-11-07 04:58:43,Mastercard,806.43,Paid
902243,502243,2025-11-07 06:19:15,Visa,1686.96,Paid
902244,502244,2025-11-07 21:14:20,PayPal,1769.58,Refunded
902245,502245,2025-11-07 22:33:23,Visa,552.93,Paid
902246,502246,2025-11-08 00:38:40,Amex,2494.84,Paid
902247,502247,2025-11-08 02:23:50,Mastercard,792.88,Paid
902248,502248,2025-11-08 01:35:43,Visa,302.34,Paid
902249,502249,2025-11-08 02:09:29,Visa,1754.14,Paid
902250,502250,2025-11-08 03:16:14,PayPal,1707.25,Paid
902251,502251,2025-11-08 06:31:42,Visa,2564.51,Paid
902252,502252,2025-11-08 07:21:50,Mastercard,2189.24,Paid
902253,502253,2025-11-08 11:33:43,Visa,738.78,Paid
902254,502254,2025-11-08 10:51:53,Mastercard,106.3,Paid
902255,502255,2025-11-08 12:33:21,Mastercard,1958.09,Paid
902256,502256,2025-11-08 21:35:09,Mastercard,439.54,Refunded
902257,502257,2025-11-08 21:47:20,PayPal,2767.32,Paid
902258,502258,2025-11-08 22:20:09,Visa,762.71,Paid
902259,502259,2025-11-09 02:00:26,PayPal,130.64,Paid
902260,502260,2025-11-09 06:57:21,Mastercard,1480.71,Refunded
902261,502261,2025-11-09 13:09:26,Visa,2212.07,Paid
902262,502262,2025-11-10 00:00:13,PayPal,999.04,Paid
902263,502263,2025-11-10 03:51:12,Visa,1560.77,Paid
902264,502264,2025-11-10 04:54:47,Visa,650.52,Paid
902265,502265,2025-11-10 07:58:02,PayPal,1502.68,Paid
902266,502266,2025-11-10 09:56:29,Mastercard,733.46,Paid
902267,502267,2025-11-10 10:13:13,Mastercard,1981.7,Paid
902268,502268,2025-11-10 10:10:45,Visa,135.6,Paid
902269,502269,2025-11-10 10:56:36,Mastercard,600.9,Refunded
902270,502270,2025-11-10 10:47:47,Mastercard,1035.02,Paid
902271,502271,2025-11-10 13:32:56,Mastercard,1995.04,Paid
902272,502272,2025-11-10 15:08:01,Visa,1022.66,Refunded
902273,502273,2025-11-10 16:07:32,PayPal,2236.48,Paid
902274,502274,2025-11-10 21:31:46,Mastercard,318.76,Paid
902275,502275,2025-11-10 22:47:52,Mastercard,1092.48,Paid
902276,502276,2025-11-11 03:11:15,Mastercard,345.39,Paid
902277,502277,2025-11-11 04:19:36,Visa,1630.43,Paid
902278,502278,2025-11-11 05:48:38,Visa,967.32,Paid
902279,502279,2025-11-11 05:40:41,Mastercard,202.82,Paid
902280,502280,2025-11-11 07:57:49,Visa,3017.34,Paid
902281,502281,2025-11-11 08:18:56,Visa,737.24,Paid
902282,502282,2025-11-11 11:50:29,Mastercard,844.16,Paid
902283,502283,2025-11-11 11:07:32,PayPal,521.9,Paid
902284,502284,2025-11-11 14:34:21,Amex,1986.1,Paid
902285,502285,2025-11-11 16:09:52,Mastercard,303.37,Paid
902286,502286,2025-11-11 21:01:36,PayPal,1480.32,Paid
902287,502287,2025-11-12 08:58:30,Mastercard,1735.88,Paid
902288,502288,2025-11-12 09:18:27,Mastercard,2054.46,Paid
902289,502289,2025-11-12 13:27:33,Visa,2595.67,Paid
902290,502290,2025-11-12 16:25:35,PayPal,2129.48,Paid
902291,502291,2025-11-12 17:43:19,Amex,1971.11,Paid
902292,502292,2025-11-12 22:06:50,Amex,2303.19,Refunded
902293,502293,2025-11-13 03:26:32,Amex,526.44,Paid
902294,502294,2025-11-13 06:02:04,Mastercard,1642.53,Paid
902295,502295,2025-11-13 12:18:20,Visa,1743.19,Paid
902296,502296,2025-11-13 14:46:08,PayPal,1702.32,Paid
902297,502297,2025-11-13 16:46:02,PayPal,2526.23,Paid
902298,502298,2025-11-13 21:03:26,Visa,832.28,Paid
902299,502299,2025-11-14 00:47:00,Visa,2266.54,Paid
902300,502300,2025-11-14 08:51:43,Visa,1643.67,Paid
902301,502301,2025-11-14 10:37:38,Visa,855.68,Paid
902302,502302,2025-11-14 11:52:23,Mastercard,1086.89,Paid
902303,502303,2025-11-14 14:25:23,Mastercard,1267.38,Paid
902304,502304,2025-11-14 20:31:43,Mastercard,1331.19,Paid
902305,502305,2025-11-14 22:28:45,Visa,2560.72,Paid
902306,502306,2025-11-15 01:13:56,Visa,891.83,Paid
902307,502307,2025-11-15 05:08:07,Visa,1880.41,Paid
902308,502308,2025-11-15 07:16:49,Mastercard,610.12,Paid
902309,502309,2025-11-15 11:48:23,Mastercard,765.8,Paid
902310,502310,2025-11-15 20:15:58,Amex,1679.49,Paid
902311,502311,2025-11-15 20:00:13,Mastercard,1659.55,Paid
902312,502312,2025-11-16 04:21:10,PayPal,2440.6,Paid
902313,502313,2025-11-16 05:14:50,PayPal,210.84,Paid
902314,502314,2025-11-16 04:08:32,Visa,2625.3,Paid
902315,502315,2025-11-16 04:54:51,PayPal,574.35,Paid
902316,502316,2025-11-16 09:45:25,Amex,1957.9,Paid
902317,502317,2025-11-16 10:57:00,Visa,384.21,Paid
902318,502318,2025-11-16 12:03:14,Visa,3498.17,Paid
902319,502319,2025-11-16 14:52:48,Visa,1064.82,Paid
902320,502320,2025-11-16 16:57:41,Mastercard,1427.47,Paid
902321,502321,2025-11-16 16:49:22,Mastercard,2976.76,Paid
902322,502322,2025-11-16 15:48:52,PayPal,92.47,Paid
902323,502323,2025-11-17 02:03:12,Mastercard,2113.75,Paid
902324,502324,2025-11-17 04:29:31,PayPal,2035.13,Paid
902325,502325,2025-11-17 09:03:21,Visa,1004.42,Paid
902326,502326,2025-11-17 13:17:32,Mastercard,2282.34,Paid
902327,502327,2025-11-17 16:02:33,Visa,685.18,Paid
902328,502328,2025-11-18 18:58:11,Visa,2468.92,Paid
902329,502329,2025-11-18 19:45:57,Visa,949.59,Paid
902330,502330,2025-11-18 23:46:11,Amex,1121.04,Paid
902331,502331,2025-11-19 03:21:05,Visa,1765.95,Paid
902332,502332,2025-11-19 10:46:14,Visa,57.69,Paid
902333,502333,2025-11-19 14:25:36,Mastercard,580.2,Paid
902334,502334,2025-11-19 15:58:57,Mastercard,1211.99,Paid
902335,502335,2025-11-19 20:46:44,Visa,1185.57,Paid
902336,502336,2025-11-20 01:11:15,Visa,1640.39,Refunded
902337,502337,2025-11-20 04:58:28,Mastercard,400.53,Paid
902338,502338,2025-11-20 04:51:41,PayPal,740.24,Paid
902339,502339,2025-11-20 17:34:47,Amex,1966.66,Paid
902340,502340,2025-11-20 19:59:31,Visa,689.7,Paid
902341,502341,2025-11-21 00:22:37,Mastercard,1057.05,Paid
902342,502342,2025-11-21 01:37:39,Mastercard,1899.93,Paid
902343,502343,2025-11-21 08:05:46,PayPal,822.2,Paid
902344,502344,2025-11-21 08:37:39,Visa,1922.58,Paid
902345,502345,2025-11-21 09:31:02,PayPal,1385.05,Paid
902346,502346,2025-11-21 18:37:14,Mastercard,2175.83,Paid
902347,502347,2025-11-22 06:01:11,Amex,332.98,Refunded
902348,502348,2025-11-22 07:14:46,Visa,2089.99,Paid
902349,502349,2025-11-22 09:19:08,PayPal,1662.95,Paid
902350,502350,2025-11-22 17:04:01,Visa,1396.97,Paid
902351,502351,2025-11-22 23:10:25,Visa,2294.64,Paid
902352,502352,2025-11-23 02:16:31,Amex,1213.79,Paid
902353,502353,2025-11-23 03:06:43,Visa,1659.94,Paid
902354,502354,2025-11-23 09:05:57,Amex,1268.2,Paid
902355,502355,2025-11-23 14:38:47,Visa,445.12,Paid
902356,502356,2025-11-23 18:41:12,Mastercard,918.2,Paid
902357,502357,2025-11-23 21:06:06,Visa,1953.16,Paid
902358,502358,2025-11-24 03:45:12,Visa,1412.26,Refunded
902359,502359,2025-11-24 06:04:53,Visa,2953.4,Paid
902360,502360,2025-11-24 06:07:50,Visa,2804.16,Paid
902361,502361,2025-11-24 15:44:05,Amex,998.76,Paid
902362,502362,2025-11-24 18:02:38,Mastercard,993.33,Paid
902363,502363,2025-11-24 19:28:15,Mastercard,1715.58,Paid
902364,502364,2025-11-24 22:49:59,Amex,3250.78,Paid
902365,502365,2025-11-25 01:49:35,Visa,1890.66,Paid
902366,502366,2025-11-25 01:56:18,Mastercard,2092.6,Paid
902367,502367,2025-11-25 03:02:36,Mastercard,721.42,Paid
902368,502368,2025-11-25 03:50:21,Amex,2537.6,Paid
902369,502369,2025-11-25 10:05:30,Mastercard,1779.18,Paid
902370,502370,2025-11-25 14:07:26,PayPal,452.76,Paid
902371,502371,2025-11-25 21:02:15,Mastercard,1621.3,Paid
902372,502372,2025-11-25 21:32:03,Mastercard,416.46,Paid
902373,502373,2025-11-26 00:43:55,Amex,2184.19,Paid
902374,502374,2025-11-26 04:15:23,Mastercard,2019.34,Paid
902375,502375,2025-11-26 05:58:54,Visa,2260.16,Refunded
902376,502376,2025-11-26 06:28:09,Visa,2512.17,Paid
902377,502377,2025-11-26 07:17:06,Mastercard,1756.34,Paid
902378,502378,2025-11-26 10:25:44,PayPal,1690.68,Paid
902379,502379,2025-11-26 12:43:42,Amex,1980.4,Paid
902380,502380,2025-11-26 12:32:37,Visa,1072.46,Paid
902381,502381,2025-11-26 16:47:18,Visa,2622.21,Paid
902382,502382,2025-11-26 18:26:07,PayPal,2482.96,Paid
902383,502383,2025-11-26 21:49:45,PayPal,444.46,Paid
902384,502384,2025-11-27 06:04:38,Visa,168.24,Paid
902385,502385,2025-11-27 07:27:48,Visa,827.53,Paid
902386,502386,2025-11-27 09:41:07,Visa,1348.93,Paid
902387,502387,2025-11-27 11:37:14,Visa,978.48,Paid
902388,502388,2025-11-27 12:51:58,Mastercard,3018.44,Paid
902389,502389,2025-11-27 15:32:47,Mastercard,792.48,Paid
902390,502390,2025-11-27 20:38:04,Visa,2841.42,Paid
902391,502391,2025-11-28 09:29:31,Amex,1961.88,Paid
902392,502392,2025-11-28 11:06:05,PayPal,3528.23,Paid
902393,502393,2025-11-28 16:36:39,Visa,128.98,Paid
902394,502394,2025-11-28 15:45:15,PayPal,2685.82,Paid
902395,502395,2025-11-28 23:43:04,Visa,2604.31,Paid
902396,502396,2025-11-29 07:15:35,PayPal,1092.15,Paid
902397,502397,2025-11-29 11:07:36,Visa,321.12,Paid
902398,502398,2025-11-29 19:00:03,Visa,2474.64,Paid
902399,502399,2025-11-29 23:38:25,PayPal,1624.75,Paid
902400,502400,2025-11-30 04:57:21,Visa,76.85,Paid
902401,502401,2025-12-01 01:37:43,Mastercard,1971.23,Paid
902402,502402,2025-12-01 02:11:00,PayPal,1239.32,Paid
902403,502403,2025-12-01 08:59:27,Visa,2129.3,Paid
902404,502404,2025-12-01 09:46:41,PayPal,3101.97,Paid
902405,502405,2025-12-01 14:20:57,Visa,555.4,Paid
902406,502406,2025-12-01 18:35:34,Mastercard,3331.76,Paid
902407,502407,2025-12-01 18:27:32,Visa,516.99,Paid
902408,502408,2025-12-02 00:47:15,Mastercard,941.74,Paid
902409,502409,2025-12-02 03:50:30,Visa,1622.1,Paid
902410,502410,2025-12-02 04:59:04,Mastercard,197.01,Refunded
902411,502411,2025-12-02 06:37:33,Visa,2713.92,Paid
902412,502412,2025-12-02 10:22:39,Mastercard,944.29,Paid
902413,502413,2025-12-02 09:26:13,Visa,3437.96,Paid
902414,502414,2025-12-02 09:35:34,Mastercard,1954.72,Paid
902415,502415,2025-12-02 13:17:13,Mastercard,2200.83,Paid
902416,502416,2025-12-02 14:26:36,PayPal,1275.86,Paid
902417,502417,2025-12-02 16:13:07,PayPal,2484.99,Refunded
902418,502418,2025-12-02 17:44:46,Visa,1159.03,Paid
902419,502419,2025-12-02 20:26:14,Visa,3205.54,Paid
902420,502420,2025-12-02 20:26:30,PayPal,2109.49,Paid
902421,502421,2025-12-02 22:45:19,Visa,2187.26,Paid
902422,502422,2025-12-02 22:10:41,Mastercard,246.61,Paid
902423,502423,2025-12-02 23:30:34,Mastercard,2026.48,Paid
902424,502424,2025-12-03 03:08:36,Mastercard,340.3,Paid
902425,502425,2025-12-03 05:06:37,PayPal,2189.95,Paid
902426,502426,2025-12-03 08:43:30,Visa,2236.42,Paid
902427,502427,2025-12-03 10:14:31,Mastercard,1797.36,Paid
902428,502428,2025-12-03 13:40:05,Visa,442.83,Paid
902429,502429,2025-12-03 14:40:20,Amex,2211.31,Paid
902430,502430,2025-12-03 15:19:33,Mastercard,1086.66,Paid
902431,502431,2025-12-03 19:57:28,PayPal,1458.61,Paid
902432,502432,2025-12-04 01:37:00,Visa,2953.21,Paid
902433,502433,2025-12-04 02:53:34,Mastercard,2293.16,Paid
902434,502434,2025-12-04 02:05:24,Visa,856.56,Paid
902435,502435,2025-12-04 04:58:33,PayPal,898.88,Paid
902436,502436,2025-12-04 07:20:36,Visa,1856.93,Paid
902437,502437,2025-12-04 08:19:57,Visa,2295.61,Paid
902438,502438,2025-12-04 09:36:47,Mastercard,2126.02,Paid
902439,502439,2025-12-04 14:38:33,Mastercard,461.4,Paid
902440,502440,2025-12-04 15:27:00,Mastercard,1872.6,Paid
902441,502441,2025-12-04 16:27:08,Visa,1259.34,Paid
902442,502442,2025-12-04 15:37:10,Visa,4143.8,Paid
902443,502443,2025-12-04 19:56:10,PayPal,481.98,Paid
902444,502444,2025-12-04 22:31:45,Visa,958.76,Paid
902445,502445,2025-12-05 01:40:46,Visa,1204.41,Paid
902446,502446,2025-12-05 02:45:54,PayPal,1718.18,Paid
902447,502447,2025-12-05 02:23:48,PayPal,706.0,Paid
902448,502448,2025-12-05 11:45:57,Mastercard,374.9,Paid
902449,502449,2025-12-05 23:55:34,Visa,1484.36,Paid
902450,502450,2025-12-06 00:29:39,Amex,191.19,Paid
902451,502451,2025-12-06 02:06:33,PayPal,2867.6,Paid
902452,502452,2025-12-06 05:15:16,Mastercard,1017.58,Paid
902453,502453,2025-12-06 09:28:46,PayPal,176.08,Paid
902454,502454,2025-12-06 14:57:26,Mastercard,1059.24,Paid
902455,502455,2025-12-06 15:22:47,PayPal,2740.56,Paid
902456,502456,2025-12-06 14:58:58,PayPal,1862.91,Paid
902457,502457,2025-12-06 15:30:23,Visa,932.95,Paid
902458,502458,2025-12-06 23:27:21,PayPal,305.36,Paid
902459,502459,2025-12-07 00:19:21,Visa,2907.43,Paid
902460,502460,2025-12-07 10:30:57,Amex,277.9,Paid
902461,502461,2025-12-07 11:44:18,PayPal,3414.29,Refunded
902462,502462,2025-12-07 12:52:11,Visa,580.92,Paid
902463,502463,2025-12-07 16:54:06,Mastercard,3096.35,Paid
902464,502464,2025-12-07 21:48:16,Mastercard,555.36,Paid
902465,502465,2025-12-07 23:59:59,Amex,3437.95,Paid
902466,502466,2025-12-08 01:52:16,PayPal,1830.94,Paid
902467,502467,2025-12-08 03:44:37,PayPal,1329.79,Paid
902468,502468,2025-12-08 05:11:50,Mastercard,1926.95,Paid
902469,502469,2025-12-08 11:31:28,PayPal,1269.42,Paid
902470,502470,2025-12-08 20:58:48,PayPal,2203.92,Paid
902471,502471,2025-12-08 22:05:55,Visa,356.15,Refunded
902472,502472,2025-12-08 22:58:03,Visa,2071.92,Paid
902473,502473,2025-12-08 22:11:12,Mastercard,3515.12,Paid
902474,502474,2025-12-09 03:13:49,Visa,1395.64,Paid
902475,502475,2025-12-09 04:23:56,Mastercard,2930.18,Paid
902476,502476,2025-12-09 05:05:52,Mastercard,2221.55,Paid
902477,502477,2025-12-09 08:57:36,PayPal,1145.96,Paid
902478,502478,2025-12-09 10:10:57,Visa,574.35,Refunded
902479,502479,2025-12-09 10:48:24,Mastercard,76.85,Paid
902480,502480,2025-12-09 22:21:20,Mastercard,1522.08,Paid
902481,502481,2025-12-10 03:32:40,Mastercard,667.98,Paid
902482,502482,2025-12-10 05:50:01,Mastercard,1474.96,Paid
902483,502483,2025-12-10 06:46:08,Visa,208.62,Paid
902484,502484,2025-12-10 08:29:53,Visa,842.96,Paid
902485,502485,2025-12-10 14:21:17,Amex,1522.85,Paid
902486,502486,2025-12-10 17:25:50,Visa,768.66,Paid
902487,502487,2025-12-10 17:40:56,Amex,704.95,Paid
902488,502488,2025-12-10 22:04:51,Visa,3608.24,Paid
902489,502489,2025-12-11 02:33:13,Visa,2208.75,Paid
902490,502490,2025-12-11 03:26:21,Mastercard,2268.44,Paid
902491,502491,2025-12-11 05:11:27,PayPal,2182.82,Paid
902492,502492,2025-12-11 10:52:53,Visa,1917.75,Paid
902493,502493,2025-12-11 13:08:12,PayPal,704.01,Paid
902494,502494,2025-12-11 14:39:20,Visa,1835.73,Paid
902495,502495,2025-12-11 16:37:01,Visa,971.42,Paid
902496,502496,2025-12-11 16:19:46,Visa,2022.33,Paid
902497,502497,2025-12-11 18:50:05,Mastercard,257.88,Paid
902498,502498,2025-12-11 18:02:40,Visa,629.99,Paid
902499,502499,2025-12-11 23:44:53,PayPal,1361.13,Paid
902500,502500,2025-12-12 06:21:26,Amex,1265.0,Paid
902501,502501,2025-12-12 09:11:59,Mastercard,777.78,Paid
902502,502502,2025-12-12 09:35:30,Visa,266.33,Paid
902503,502503,2025-12-12 10:50:55,Mastercard,883.06,Paid
902504,502504,2025-12-12 12:53:16,Visa,2647.35,Paid
902505,502505,2025-12-12 14:52:11,Visa,1138.63,Paid
902506,502506,2025-12-12 20:28:53,Visa,1038.36,Paid
902507,502507,2025-12-13 01:07:52,PayPal,1264.04,Paid
902508,502508,2025-12-13 01:54:00,Amex,2668.95,Paid
902509,502509,2025-12-13 04:09:59,Mastercard,658.47,Paid
902510,502510,2025-12-13 18:57:11,Visa,2909.81,Paid
902511,502511,2025-12-13 21:52:36,Visa,2614.01,Paid
902512,502512,2025-12-14 02:30:20,Visa,644.72,Paid
902513,502513,2025-12-14 06:34:34,Visa,126.41,Refunded
902514,502514,2025-12-14 09:02:01,Mastercard,1002.69,Paid
902515,502515,2025-12-14 08:15:40,Visa,1420.2,Paid
902516,502516,2025-12-14 12:23:38,Mastercard,528.49,Paid
902517,502517,2025-12-14 14:30:27,PayPal,1192.45,Paid
902518,502518,2025-12-14 17:04:43,Mastercard,2423.31,Paid
902519,502519,2025-12-15 01:15:45,PayPal,1414.09,Paid
902520,502520,2025-12-15 03:41:37,Amex,3350.35,Paid
902521,502521,2025-12-15 07:33:32,PayPal,1302.99,Paid
902522,502522,2025-12-15 13:13:01,Visa,1100.6,Paid
902523,502523,2025-12-15 14:38:20,Mastercard,744.72,Paid
902524,502524,2025-12-15 14:14:32,Visa,2050.56,Paid
902525,502525,2025-12-15 18:32:16,Visa,236.55,Paid
902526,502526,2025-12-15 19:36:08,PayPal,1331.7,Paid
902527,502527,2025-12-15 22:52:00,Mastercard,2482.92,Paid
902528,502528,2025-12-16 01:31:05,Amex,93.68,Paid
902529,502529,2025-12-16 02:58:54,Mastercard,3083.33,Paid
902530,502530,2025-12-16 04:15:49,PayPal,1435.24,Paid
902531,502531,2025-12-16 12:18:43,Visa,835.6,Paid
902532,502532,2025-12-16 13:28:13,Mastercard,200.74,Paid
902533,502533,2025-12-16 13:10:48,Visa,1986.63,Paid
902534,502534,2025-12-16 15:13:39,Mastercard,1330.1,Paid
902535,502535,2025-12-16 14:49:25,Mastercard,809.07,Paid
902536,502536,2025-12-16 15:43:23,Visa,1010.76,Paid
902537,502537,2025-12-16 22:47:38,Visa,2599.64,Paid
902538,502538,2025-12-16 22:54:25,Visa,830.1,Paid
902539,502539,2025-12-17 03:35:07,Visa,2197.11,Paid
902540,502540,2025-12-17 05:35:25,Mastercard,3877.74,Paid
902541,502541,2025-12-17 05:41:01,Visa,1879.28,Paid
902542,502542,2025-12-17 11:06:30,Visa,3974.62,Paid
902543,502543,2025-12-17 10:53:39,Visa,2090.2,Paid
902544,502544,2025-12-17 13:17:39,Visa,1289.04,Refunded
902545,502545,2025-12-17 16:56:53,Mastercard,1894.81,Paid
902546,502546,2025-12-17 22:38:18,Mastercard,516.18,Paid
902547,502547,2025-12-18 00:54:10,PayPal,109.6,Paid
902548,502548,2025-12-18 07:09:41,Mastercard,1368.32,Paid
902549,502549,2025-12-18 07:07:52,Mastercard,1016.91,Paid
902550,502550,2025-12-18 09:46:20,Mastercard,2317.63,Paid
902551,502551,2025-12-18 09:33:57,Visa,374.93,Paid
902552,502552,2025-12-18 13:21:21,Mastercard,1475.72,Paid
902553,502553,2025-12-18 13:36:26,Mastercard,1534.12,Paid
902554,502554,2025-12-19 09:29:29,PayPal,2850.8,Paid
902555,502555,2025-12-19 13:08:53,Visa,420.64,Paid
902556,502556,2025-12-19 14:59:13,PayPal,1921.02,Paid
902557,502557,2025-12-19 16:34:36,Visa,1470.53,Paid
902558,502558,2025-12-19 21:14:58,Amex,1104.73,Paid
902559,502559,2025-12-19 20:33:56,PayPal,1322.6,Paid
902560,502560,2025-12-19 22:18:43,PayPal,709.65,Paid
902561,502561,2025-12-19 22:34:03,Mastercard,346.82,Paid
902562,502562,2025-12-19 23:59:38,Visa,2104.39,Paid
902563,502563,2025-12-20 06:02:46,PayPal,54.28,Paid
902564,502564,2025-12-20 09:19:32,Visa,2212.23,Paid
902565,502565,2025-12-20 09:22:22,Visa,708.26,Paid
902566,502566,2025-12-20 09:37:46,PayPal,1443.9,Paid
902567,502567,2025-12-20 18:05:04,PayPal,446.87,Paid
902568,502568,2025-12-20 18:11:04,Visa,3259.4,Paid
902569,502569,2025-12-20 19:43:41,Mastercard,1055.8,Paid
902570,502570,2025-12-20 21:32:26,Visa,1068.45,Paid
902571,502571,2025-12-21 03:29:36,Amex,3272.61,Paid
902572,502572,2025-12-21 17:43:04,Visa,3198.68,Paid
902573,502573,2025-12-21 23:23:59,Mastercard,988.85,Paid
902574,502574,2025-12-22 07:33:20,Mastercard,2025.6,Paid
902575,502575,2025-12-22 10:55:51,Amex,703.4,Paid
902576,502576,2025-12-22 14:50:16,Mastercard,517.2,Paid
902577,502577,2025-12-22 16:05:22,Mastercard,945.67,Paid
902578,502578,2025-12-22 15:12:47,PayPal,246.61,Paid
902579,502579,2025-12-22 18:20:50,Visa,1572.48,Paid
902580,502580,2025-12-22 19:13:12,Visa,2268.21,Paid
902581,502581,2025-12-23 09:30:02,Visa,1978.01,Paid
902582,502582,2025-12-23 12:51:34,Mastercard,690.15,Paid
902583,502583,2025-12-23 12:00:33,PayPal,1558.18,Paid
902584,502584,2025-12-23 14:01:57,Visa,1967.68,Paid
902585,502585,2025-12-23 18:48:42,Visa,1361.94,Paid
902586,502586,2025-12-24 01:01:21,PayPal,896.78,Paid
902587,502587,2025-12-24 08:56:40,Mastercard,647.62,Paid
902588,502588,2025-12-24 20:09:03,Mastercard,2339.09,Paid
902589,502589,2025-12-24 21:18:40,Mastercard,2196.03,Paid
902590,502590,2025-12-24 21:40:58,Visa,1669.3,Paid
902591,502591,2025-12-24 23:52:00,Mastercard,137.41,Paid
902592,502592,2025-12-25 02:57:40,Mastercard,1452.34,Paid
902593,502593,2025-12-25 21:32:40,Visa,263.22,Paid
902594,502594,2025-12-25 22:16:23,PayPal,1983.6,Paid
902595,502595,2025-12-26 00:16:15,Visa,749.44,Paid
902596,502596,2025-12-26 02:56:59,Visa,153.7,Paid
902597,502597,2025-12-26 13:30:56,Visa,1102.34,Paid
902598,502598,2025-12-26 15:09:48,Mastercard,1361.75,Paid
902599,502599,2025-12-26 22:04:51,Mastercard,191.9,Paid
902600,502600,2025-12-26 21:51:14,Mastercard,1813.36,Paid
902601,502601,2025-12-27 01:25:25,Mastercard,1002.38,Paid
902602,502602,2025-12-27 11:00:06,PayPal,835.43,Paid
902603,502603,2025-12-27 15:17:12,Visa,1954.57,Refunded
902604,502604,2025-12-27 14:43:37,Mastercard,510.48,Paid
902605,502605,2025-12-27 17:43:33,Mastercard,1744.17,Paid
902606,502606,2025-12-27 22:18:44,Visa,1312.58,Paid
902607,502607,2025-12-27 21:41:21,Visa,1083.56,Paid
902608,502608,2025-12-28 00:41:23,Mastercard,1447.7,Paid
902609,502609,2025-12-28 02:31:20,Visa,1041.27,Paid
902610,502610,2025-12-28 02:10:19,Visa,2856.02,Paid
902611,502611,2025-12-28 02:37:58,PayPal,2778.76,Paid
902612,502612,2025-12-28 02:43:41,Mastercard,665.96,Paid
902613,502613,2025-12-28 04:09:36,PayPal,61.09,Paid
902614,502614,2025-12-28 14:30:15,Visa,1164.59,Paid
902615,502615,2025-12-28 15:10:41,Amex,1665.07,Paid
902616,502616,2025-12-28 15:49:59,Visa,1881.08,Paid
902617,502617,2025-12-28 19:41:50,Mastercard,1951.0,Paid
902618,502618,2025-12-28 21:45:29,Mastercard,845.82,Paid
902619,502619,2025-12-29 05:28:14,Amex,2057.04,Paid
902620,502620,2025-12-29 05:55:55,PayPal,762.78,Paid
902621,502621,2025-12-29 05:55:25,Visa,2949.85,Paid
902622,502622,2025-12-29 07:02:53,Mastercard,1236.19,Paid
902623,502623,2025-12-29 07:34:14,Mastercard,1046.48,Paid
902624,502624,2025-12-29 12:15:09,PayPal,888.92,Paid
902625,502625,2025-12-29 23:55:28,Mastercard,1974.29,Paid
902626,502626,2025-12-30 02:04:42,Visa,972.14,Paid
902627,502627,2025-12-30 02:11:30,Visa,1303.02,Paid
902628,502628,2025-12-30 02:13:59,Visa,1243.52,Paid
902629,502629,2025-12-30 03:04:40,Visa,4091.62,Paid
902630,502630,2025-12-30 03:28:23,Mastercard,1525.62,Paid
902631,502631,2025-12-30 15:06:03,Visa,1127.14,Paid
902632,502632,2025-12-30 19:33:55,PayPal,1993.04,Paid
902633,502633,2025-12-30 22:02:50,Visa,1327.56,Paid
902634,502634,2025-12-30 23:09:34,Visa,3631.0,Paid
902635,502635,2025-12-31 05:01:55,Visa,1487.01,Paid
902636,502636,2025-12-31 08:47:33,Mastercard,1154.47,Paid
902637,502637,2025-12-31 12:29:03,Amex,2606.19,Paid
902638,502638,2025-12-31 16:34:02,Visa,2596.63,Paid
902639,502639,2025-12-31 21:47:36,PayPal,1021.47,Paid
902640,502640,2026-01-01 02:52:11,PayPal,794.46,Paid
902641,502641,2026-01-01 04:51:51,Mastercard,1258.12,Paid
902642,502642,2026-01-01 06:24:11,PayPal,1167.52,Paid
902643,502643,2026-01-01 14:31:12,Mastercard,1075.86,Paid
902644,502644,2026-01-01 15:37:37,Mastercard,665.96,Paid
902645,502645,2026-01-01 18:14:05,Amex,418.18,Paid
902646,502646,2026-01-01 22:48:52,Mastercard,1124.7,Paid
902647,502647,2026-01-01 21:50:40,Mastercard,2173.63,Paid
902648,502648,2026-01-01 22:45:57,Mastercard,2799.63,Paid
902649,502649,2026-01-02 00:13:09,Visa,1353.2,Paid
902650,502650,2026-01-02 04:17:09,PayPal,545.75,Paid
902651,502651,2026-01-02 10:23:10,Visa,2672.28,Paid
902652,502652,2026-01-02 11:56:05,PayPal,408.96,Paid
902653,502653,2026-01-02 21:03:00,Visa,515.32,Paid
902654,502654,2026-01-02 21:05:29,Mastercard,1967.99,Paid
902655,502655,2026-01-03 05:34:05,Visa,1249.48,Paid
902656,502656,2026-01-03 11:02:39,Visa,1290.3,Paid
902657,502657,2026-01-03 12:59:48,Mastercard,1828.81,Paid
902658,502658,2026-01-03 19:00:41,Visa,808.22,Paid
902659,502659,2026-01-03 20:48:34,Visa,166.58,Paid
902660,502660,2026-01-03 21:41:30,Visa,1293.01,Paid
902661,502661,2026-01-03 20:51:02,PayPal,536.34,Paid
902662,502662,2026-01-04 01:57:38,Mastercard,1237.2,Paid
902663,502663,2026-01-04 04:15:18,Mastercard,691.11,Paid
902664,502664,2026-01-04 08:15:12,Visa,1917.77,Paid
902665,502665,2026-01-04 18:14:02,Mastercard,1979.89,Paid
902666,502666,2026-01-04 23:07:27,Visa,506.55,Paid
902667,502667,2026-01-05 04:31:40,Visa,1338.41,Paid
902668,502668,2026-01-05 08:53:27,Visa,2124.5,Paid
902669,502669,2026-01-05 11:40:04,Mastercard,1908.63,Paid
902670,502670,2026-01-05 12:54:53,Visa,2030.72,Paid
902671,502671,2026-01-05 13:32:06,Mastercard,2318.26,Paid
902672,502672,2026-01-05 13:41:36,Visa,512.28,Paid
902673,502673,2026-01-05 17:30:39,PayPal,1064.03,Paid
902674,502674,2026-01-05 20:51:23,Mastercard,1225.82,Paid
902675,502675,2026-01-05 21:21:27,Visa,2229.88,Paid
902676,502676,2026-01-06 01:43:26,Visa,1055.71,Paid
902677,502677,2026-01-06 03:55:11,Visa,199.05,Paid
902678,502678,2026-01-06 08:20:40,Visa,1968.35,Paid
902679,502679,2026-01-06 13:35:02,Visa,1942.43,Paid
902680,502680,2026-01-06 17:53:21,PayPal,219.2,Paid
902681,502681,2026-01-06 21:41:23,Visa,2401.84,Paid
902682,502682,2026-01-06 22:47:25,Mastercard,535.64,Paid
902683,502683,2026-01-07 01:25:40,Mastercard,1488.2,Paid
902684,502684,2026-01-07 02:07:38,Visa,880.4,Paid
902685,502685,2026-01-07 02:41:59,Visa,3098.67,Paid
902686,502686,2026-01-07 04:02:33,Visa,2139.91,Paid
902687,502687,2026-01-07 05:23:45,Mastercard,2645.9,Paid
902688,502688,2026-01-07 05:04:15,Visa,741.53,Paid
902689,502689,2026-01-07 10:05:34,Mastercard,845.04,Paid
902690,502690,2026-01-07 11:55:06,PayPal,1301.42,Paid
902691,502691,2026-01-07 21:30:33,Mastercard,1349.52,Paid
902692,502692,2026-01-07 22:14:19,Mastercard,1729.76,Paid
902693,502693,2026-01-08 02:48:09,Mastercard,1291.46,Paid
902694,502694,2026-01-08 03:07:11,Mastercard,2625.7,Paid
902695,502695,2026-01-08 03:59:19,Visa,318.9,Paid
902696,502696,2026-01-08 05:05:46,Mastercard,2549.98,Paid
902697,502697,2026-01-08 12:55:16,Visa,1033.18,Paid
902698,502698,2026-01-08 15:24:08,Mastercard,741.29,Paid
902699,502699,2026-01-08 17:50:24,Mastercard,921.84,Paid
902700,502700,2026-01-08 20:10:49,Mastercard,1964.28,Paid
902701,502701,2026-01-08 19:52:46,PayPal,1124.43,Paid
902702,502702,2026-01-08 23:37:47,PayPal,740.28,Paid
902703,502703,2026-01-09 01:22:47,Visa,1756.34,Paid
902704,502704,2026-01-09 02:00:10,Visa,605.97,Refunded
902705,502705,2026-01-09 06:25:49,Mastercard,738.79,Paid
902706,502706,2026-01-09 08:12:31,Mastercard,1867.04,Paid
902707,502707,2026-01-09 10:56:37,Mastercard,2052.14,Paid
902708,502708,2026-01-09 12:28:30,Mastercard,759.1,Paid
902709,502709,2026-01-09 16:29:50,Visa,2143.33,Paid
902710,502710,2026-01-09 17:02:22,Mastercard,1702.91,Paid
902711,502711,2026-01-09 17:15:16,Mastercard,435.15,Paid
902712,502712,2026-01-09 18:52:24,Visa,757.27,Paid
902713,502713,2026-01-09 19:43:43,Amex,781.76,Paid
902714,502714,2026-01-09 23:13:40,PayPal,821.16,Paid
902715,502715,2026-01-10 07:14:41,Visa,178.77,Paid
902716,502716,2026-01-10 11:21:55,Amex,2793.46,Paid
902717,502717,2026-01-10 11:54:36,Visa,821.16,Paid
902718,502718,2026-01-10 16:16:56,Visa,535.3,Paid
902719,502719,2026-01-10 18:41:07,PayPal,1889.8,Paid
902720,502720,2026-01-10 20:37:17,Visa,709.08,Paid
902721,502721,2026-01-10 22:48:38,Visa,547.59,Paid
902722,502722,2026-01-10 23:31:34,PayPal,2779.67,Paid
902723,502723,2026-01-11 02:37:31,Visa,230.68,Paid
902724,502724,2026-01-11 06:53:59,Visa,349.44,Paid
902725,502725,2026-01-11 07:25:38,Visa,309.83,Paid
902726,502726,2026-01-11 08:00:11,PayPal,868.79,Paid
902727,502727,2026-01-11 12:41:37,Visa,273.15,Paid
902728,502728,2026-01-11 14:50:43,PayPal,939.16,Paid
902729,502729,2026-01-12 03:11:05,Visa,1015.76,Paid
902730,502730,2026-01-12 06:58:53,Mastercard,1750.28,Paid
902731,502731,2026-01-12 08:21:10,Mastercard,858.74,Paid
902732,502732,2026-01-12 08:50:59,Mastercard,1427.2,Paid
902733,502733,2026-01-12 14:42:10,Visa,988.28,Paid
902734,502734,2026-01-12 15:15:48,Visa,1491.08,Paid
902735,502735,2026-01-12 15:01:57,PayPal,2137.69,Paid
902736,502736,2026-01-12 16:59:01,Mastercard,1347.39,Paid
902737,502737,2026-01-12 21:50:04,Visa,1266.8,Paid
902738,502738,2026-01-13 06:11:12,Mastercard,3072.52,Paid
902739,502739,2026-01-13 13:47:06,Visa,639.48,Paid
902740,502740,2026-01-13 18:05:36,PayPal,109.6,Paid
902741,502741,2026-01-14 04:21:30,Visa,547.26,Paid
902742,502742,2026-01-14 06:57:14,Visa,1245.04,Paid
902743,502743,2026-01-14 06:58:42,Visa,486.88,Paid
902744,502744,2026-01-14 10:01:14,Visa,2421.85,Paid
902745,502745,2026-01-14 20:59:45,Mastercard,1917.21,Paid
902746,502746,2026-01-14 21:29:44,Visa,2140.44,Paid
902747,502747,2026-01-14 21:54:03,Visa,2050.48,Paid
902748,502748,2026-01-14 23:49:24,Visa,2611.46,Paid
902749,502749,2026-01-14 22:49:43,Visa,383.21,Refunded
902750,502750,2026-01-15 04:34:33,Mastercard,1387.58,Paid
902751,502751,2026-01-15 07:11:45,PayPal,2149.07,Paid
902752,502752,2026-01-15 08:08:22,Visa,2483.52,Refunded
902753,502753,2026-01-15 10:27:14,Mastercard,3386.68,Paid
902754,502754,2026-01-15 10:20:31,Visa,2352.65,Paid
902755,502755,2026-01-15 12:04:31,PayPal,67.88,Paid
902756,502756,2026-01-15 20:20:57,Visa,595.83,Paid
902757,502757,2026-01-16 03:01:19,PayPal,193.47,Paid
902758,502758,2026-01-16 08:45:19,PayPal,641.76,Paid
902759,502759,2026-01-16 09:16:27,Visa,3045.56,Paid
902760,502760,2026-01-16 08:52:40,PayPal,1253.38,Paid
902761,502761,2026-01-16 11:12:05,Visa,3150.64,Paid
902762,502762,2026-01-16 13:09:01,Mastercard,1222.74,Paid
902763,502763,2026-01-16 14:08:12,Mastercard,1131.47,Paid
902764,502764,2026-01-16 18:34:57,Visa,1208.86,Paid
902765,502765,2026-01-16 17:36:53,Visa,1967.89,Paid
902766,502766,2026-01-16 18:40:14,Amex,652.96,Paid
902767,502767,2026-01-17 02:26:03,Amex,2617.28,Paid
902768,502768,2026-01-17 00:50:34,PayPal,1507.18,Paid
902769,502769,2026-01-17 05:24:59,PayPal,2696.65,Refunded
902770,502770,2026-01-17 06:13:36,Mastercard,1323.58,Paid
902771,502771,2026-01-17 10:00:24,Mastercard,933.79,Paid
902772,502772,2026-01-17 18:11:49,Visa,1605.0,Paid
902773,502773,2026-01-17 17:54:11,Visa,89.0,Paid
902774,502774,2026-01-17 19:10:57,Visa,1226.49,Paid
902775,502775,2026-01-18 00:16:36,Mastercard,536.16,Paid
902776,502776,2026-01-18 07:02:10,Visa,918.61,Paid
902777,502777,2026-01-18 10:46:15,PayPal,1636.6,Paid
902778,502778,2026-01-18 18:03:10,Visa,752.85,Refunded
902779,502779,2026-01-18 18:33:56,PayPal,744.0,Paid
902780,502780,2026-01-19 02:32:03,Visa,2860.37,Paid
902781,502781,2026-01-19 09:36:00,Mastercard,2110.62,Paid
902782,502782,2026-01-19 11:36:43,Visa,158.17,Paid
902783,502783,2026-01-19 12:11:09,PayPal,2997.04,Paid
902784,502784,2026-01-19 18:43:55,Visa,135.76,Paid
902785,502785,2026-01-20 06:04:15,Mastercard,996.74,Paid
902786,502786,2026-01-20 11:50:14,Mastercard,878.56,Paid
902787,502787,2026-01-20 13:18:58,Mastercard,2990.51,Paid
902788,502788,2026-01-21 05:51:51,Mastercard,2171.32,Paid
902789,502789,2026-01-21 10:07:27,Amex,1718.38,Paid
902790,502790,2026-01-21 10:06:27,Mastercard,741.28,Paid
902791,502791,2026-01-21 10:48:33,Mastercard,1050.36,Paid
902792,502792,2026-01-21 10:53:46,Amex,1218.93,Paid
902793,502793,2026-01-21 14:07:28,Visa,3448.88,Paid
902794,502794,2026-01-21 17:26:54,Visa,1864.08,Paid
902795,502795,2026-01-21 19:01:06,Visa,2765.79,Paid
902796,502796,2026-01-22 02:52:22,PayPal,1825.27,Refunded
902797,502797,2026-01-22 03:53:43,Mastercard,1504.82,Refunded
902798,502798,2026-01-22 05:54:45,Visa,931.76,Paid
902799,502799,2026-01-22 09:10:06,Visa,1189.32,Paid
902800,502800,2026-01-22 13:20:55,Visa,2504.31,Paid
902801,502801,2026-01-22 22:57:26,Visa,479.91,Paid
902802,502802,2026-01-23 00:43:39,Visa,2964.6,Paid
902803,502803,2026-01-22 23:41:54,PayPal,2649.81,Paid
902804,502804,2026-01-23 03:18:01,Visa,2258.91,Paid
902805,502805,2026-01-23 05:58:03,Visa,1175.94,Paid
902806,502806,2026-01-23 12:49:49,PayPal,108.56,Paid
902807,502807,2026-01-24 01:04:51,Visa,1523.77,Refunded
902808,502808,2026-01-24 04:07:05,Mastercard,1408.34,Paid
902809,502809,2026-01-24 04:21:32,Visa,636.0,Paid
902810,502810,2026-01-24 08:04:07,Visa,1595.73,Paid
902811,502811,2026-01-24 09:31:49,Visa,2764.15,Paid
902812,502812,2026-01-24 10:53:44,PayPal,1334.62,Paid
902813,502813,2026-01-24 11:02:49,Visa,1211.11,Paid
902814,502814,2026-01-24 15:47:23,Visa,730.27,Paid
902815,502815,2026-01-24 17:57:56,Amex,2729.65,Paid
902816,502816,2026-01-24 18:15:16,Visa,1136.74,Paid
902817,502817,2026-01-24 19:32:17,Visa,576.56,Paid
902818,502818,2026-01-25 07:41:38,Mastercard,3037.3,Paid
902819,502819,2026-01-25 18:20:24,Mastercard,606.57,Paid
902820,502820,2026-01-25 19:24:36,PayPal,821.16,Paid
902821,502821,2026-01-25 18:55:24,PayPal,1909.68,Paid
902822,502822,2026-01-25 22:22:39,Visa,2788.65,Paid
902823,502823,2026-01-26 02:23:30,Amex,1982.99,Paid
902824,502824,2026-01-26 05:12:35,Visa,1221.36,Paid
902825,502825,2026-01-26 05:31:51,Mastercard,1521.0,Paid
902826,502826,2026-01-26 09:08:32,PayPal,692.63,Paid
902827,502827,2026-01-26 12:06:10,Visa,263.22,Paid
902828,502828,2026-01-26 17:05:08,Mastercard,960.09,Paid
902829,502829,2026-01-26 17:29:53,Visa,84.31,Paid
902830,502830,2026-01-27 02:09:58,Mastercard,1142.59,Paid
902831,502831,2026-01-27 02:40:29,Mastercard,894.99,Paid
902832,502832,2026-01-27 06:50:08,Visa,927.52,Paid
902833,502833,2026-01-27 06:00:49,PayPal,587.66,Paid
902834,502834,2026-01-27 07:40:51,Mastercard,3718.23,Paid
902835,502835,2026-01-27 07:02:26,PayPal,267.02,Paid
902836,502836,2026-01-27 13:02:55,Mastercard,1889.2,Paid
902837,502837,2026-01-27 15:59:25,Visa,2491.34,Refunded
902838,502838,2026-01-27 19:31:18,PayPal,947.2,Paid
902839,502839,2026-01-28 05:49:07,Visa,1037.84,Paid
902840,502840,2026-01-28 10:08:42,PayPal,1795.74,Paid
902841,502841,2026-01-28 11:59:38,Visa,1724.69,Paid
902842,502842,2026-01-28 10:31:02,Mastercard,1191.24,Paid
902843,502843,2026-01-28 13:51:55,PayPal,1033.69,Paid
902844,502844,2026-01-28 17:56:34,Amex,993.72,Paid
902845,502845,2026-01-28 17:07:18,Visa,741.13,Paid
902846,502846,2026-01-28 23:51:03,Amex,3321.93,Paid
902847,502847,2026-01-29 01:09:50,Amex,3706.66,Paid
902848,502848,2026-01-29 02:11:13,Amex,1391.97,Paid
902849,502849,2026-01-29 11:54:31,Mastercard,569.24,Paid
902850,502850,2026-01-29 13:34:59,Visa,1878.38,Paid
902851,502851,2026-01-29 15:34:46,PayPal,344.66,Paid
902852,502852,2026-01-30 00:13:00,Amex,2023.25,Paid
902853,502853,2026-01-30 07:02:34,Mastercard,1256.16,Paid
902854,502854,2026-01-30 08:57:58,PayPal,287.22,Paid
902855,502855,2026-01-30 13:32:23,Visa,3012.49,Paid
902856,502856,2026-01-30 16:30:51,Visa,715.93,Paid
902857,502857,2026-01-30 16:42:33,Amex,2546.89,Refunded
902858,502858,2026-01-30 17:56:10,Visa,2049.88,Refunded
902859,502859,2026-01-30 23:59:53,Visa,2049.75,Paid
902860,502860,2026-01-31 00:41:44,Mastercard,2458.78,Paid
902861,502861,2026-01-31 05:41:00,Visa,316.25,Paid
902862,502862,2026-01-31 07:14:37,Mastercard,1646.46,Paid
902863,502863,2026-01-31 08:02:08,Mastercard,1060.59,Paid
902864,502864,2026-01-31 08:31:02,Mastercard,395.15,Paid
902865,502865,2026-01-31 09:48:30,Mastercard,562.52,Paid
902866,502866,2026-01-31 12:05:43,Mastercard,863.2,Paid
902867,502867,2026-01-31 13:07:36,PayPal,688.07,Paid
902868,502868,2026-01-31 15:16:10,Amex,2413.26,Paid
902869,502869,2026-01-31 17:12:14,Mastercard,599.4,Paid
902870,502870,2026-01-31 17:52:19,Visa,1190.32,Paid
902871,502871,2026-01-31 18:06:38,PayPal,360.27,Paid
902872,502872,2026-01-31 18:05:52,Visa,267.77,Paid
902873,502873,2026-02-01 04:00:21,Mastercard,371.47,Refunded
902874,502874,2026-02-01 03:29:46,Visa,1919.36,Paid
902875,502875,2026-02-01 05:02:28,Amex,408.16,Paid
902876,502876,2026-02-01 06:52:58,Mastercard,2257.76,Paid
902877,502877,2026-02-01 11:54:38,Visa,1795.96,Refunded
902878,502878,2026-02-01 11:47:35,Visa,2467.7,Paid
902879,502879,2026-02-01 18:56:51,PayPal,3496.16,Paid
902880,502880,2026-02-01 19:25:55,Mastercard,932.21,Paid
902881,502881,2026-02-01 21:49:13,Visa,658.17,Paid
902882,502882,2026-02-01 21:31:25,Visa,2568.9,Paid
902883,502883,2026-02-02 00:43:31,Visa,335.65,Paid
902884,502884,2026-02-02 06:11:07,Visa,1288.51,Paid
902885,502885,2026-02-02 06:24:12,Visa,709.77,Paid
902886,502886,2026-02-02 08:28:27,PayPal,2409.34,Paid
902887,502887,2026-02-02 10:49:19,PayPal,1283.12,Paid
902888,502888,2026-02-02 22:57:34,Visa,1171.28,Paid
902889,502889,2026-02-02 22:41:11,Visa,2067.06,Paid
902890,502890,2026-02-03 02:24:14,Amex,918.54,Refunded
902891,502891,2026-02-03 06:46:33,PayPal,145.68,Paid
902892,502892,2026-02-03 19:48:08,PayPal,348.54,Paid
902893,502893,2026-02-03 22:13:46,Visa,1167.84,Paid
902894,502894,2026-02-03 23:00:12,Visa,2646.83,Paid
902895,502895,2026-02-03 23:54:22,Visa,657.7,Paid
902896,502896,2026-02-04 07:01:08,Visa,1446.46,Paid
902897,502897,2026-02-04 09:22:02,PayPal,320.44,Paid
902898,502898,2026-02-04 13:43:07,Mastercard,89.89,Paid
902899,502899,2026-02-04 14:38:34,Mastercard,2321.96,Paid
902900,502900,2026-02-04 18:42:53,PayPal,1651.77,Paid
902901,502901,2026-02-04 19:30:06,Visa,475.83,Paid
902902,502902,2026-02-04 20:32:50,Visa,2817.58,Paid
902903,502903,2026-02-04 23:01:04,PayPal,1429.72,Paid
902904,502904,2026-02-05 01:23:01,Mastercard,3323.11,Paid
902905,502905,2026-02-05 02:55:11,Visa,1669.53,Paid
902906,502906,2026-02-05 10:00:16,Visa,602.31,Paid
902907,502907,2026-02-05 11:26:03,Mastercard,2127.46,Paid
902908,502908,2026-02-05 12:19:03,Mastercard,952.86,Paid
902909,502909,2026-02-05 17:32:59,Visa,477.81,Paid
902910,502910,2026-02-05 18:05:11,Mastercard,1546.02,Paid
902911,502911,2026-02-05 18:55:47,Mastercard,177.09,Paid
902912,502912,2026-02-05 19:12:56,Amex,1569.58,Paid
902913,502913,2026-02-05 22:31:34,Visa,597.88,Paid
902914,502914,2026-02-06 01:40:35,PayPal,2114.48,Paid
902915,502915,2026-02-06 04:16:16,Amex,719.88,Paid
902916,502916,2026-02-06 11:58:15,Visa,2339.66,Paid
902917,502917,2026-02-06 15:08:48,PayPal,2654.48,Paid
902918,502918,2026-02-06 15:44:22,Visa,1511.52,Paid
902919,502919,2026-02-06 18:04:30,Visa,1529.52,Paid
902920,502920,2026-02-06 23:16:56,Visa,1185.1,Paid
902921,502921,2026-02-07 00:20:40,PayPal,195.96,Paid
902922,502922,2026-02-07 00:27:58,Visa,2966.63,Paid
902923,502923,2026-02-07 03:11:40,Mastercard,303.4,Paid
902924,502924,2026-02-07 04:19:17,Visa,1811.1,Paid
902925,502925,2026-02-07 11:32:51,Visa,81.56,Refunded
902926,502926,2026-02-07 12:17:48,Visa,2003.34,Paid
902927,502927,2026-02-07 19:20:40,Mastercard,1812.48,Paid
902928,502928,2026-02-08 02:10:00,Visa,2169.07,Paid
902929,502929,2026-02-08 03:31:36,Visa,1017.99,Paid
902930,502930,2026-02-08 04:15:34,Mastercard,789.15,Paid
902931,502931,2026-02-08 07:09:27,Amex,2470.05,Paid
902932,502932,2026-02-09 00:01:37,Amex,1272.76,Paid
902933,502933,2026-02-09 02:47:33,Amex,1542.81,Paid
902934,502934,2026-02-09 10:42:04,PayPal,1771.66,Paid
902935,502935,2026-02-09 13:42:19,Amex,2009.87,Paid
902936,502936,2026-02-09 16:26:34,Visa,369.23,Paid
902937,502937,2026-02-09 20:20:24,Visa,770.47,Paid
902938,502938,2026-02-10 00:13:45,Visa,1582.03,Paid
902939,502939,2026-02-10 01:42:38,Visa,1587.09,Paid
902940,502940,2026-02-10 01:13:58,Visa,345.44,Paid
902941,502941,2026-02-10 02:11:24,Mastercard,388.89,Paid
902942,502942,2026-02-10 04:49:52,Mastercard,523.61,Paid
902943,502943,2026-02-10 04:21:33,PayPal,559.8,Paid
902944,502944,2026-02-10 06:40:12,Mastercard,399.38,Paid
902945,502945,2026-02-10 09:13:44,PayPal,2553.47,Paid
902946,502946,2026-02-10 10:54:03,Visa,561.48,Paid
902947,502947,2026-02-10 12:26:23,Visa,1748.7,Paid
902948,502948,2026-02-10 16:22:29,PayPal,1912.47,Paid
902949,502949,2026-02-11 02:27:39,Visa,1997.57,Paid
902950,502950,2026-02-11 03:04:36,Mastercard,2811.73,Paid
902951,502951,2026-02-11 07:37:39,Mastercard,568.95,Paid
902952,502952,2026-02-11 09:25:24,Visa,843.19,Paid
902953,502953,2026-02-11 10:16:44,Amex,763.26,Paid
902954,502954,2026-02-11 14:50:14,Mastercard,1862.74,Paid
902955,502955,2026-02-11 19:20:25,Mastercard,2665.24,Paid
902956,502956,2026-02-11 22:09:41,Amex,2711.56,Paid
902957,502957,2026-02-11 21:05:47,Visa,2011.39,Paid
902958,502958,2026-02-12 03:44:32,Visa,949.12,Paid
902959,502959,2026-02-12 06:12:57,Mastercard,537.54,Paid
902960,502960,2026-02-12 15:10:32,PayPal,253.7,Paid
902961,502961,2026-02-12 17:06:07,Visa,2700.41,Paid
902962,502962,2026-02-12 21:06:15,Visa,2603.05,Paid
902963,502963,2026-02-12 23:11:03,Visa,939.84,Paid
902964,502964,2026-02-13 01:04:01,PayPal,1761.18,Paid
902965,502965,2026-02-13 01:30:24,PayPal,1614.7,Paid
902966,502966,2026-02-13 03:43:37,Mastercard,4657.06,Paid
902967,502967,2026-02-13 04:55:41,Mastercard,1265.0,Paid
902968,502968,2026-02-13 06:38:54,Visa,1855.67,Paid
902969,502969,2026-02-13 09:11:56,PayPal,3088.63,Paid
902970,502970,2026-02-13 09:54:03,Visa,1434.36,Paid
902971,502971,2026-02-13 12:09:19,Visa,330.0,Paid
902972,502972,2026-02-13 17:30:07,Mastercard,1466.05,Paid
902973,502973,2026-02-13 19:56:26,Visa,2246.88,Refunded
902974,502974,2026-02-14 00:38:41,Visa,1933.58,Paid
902975,502975,2026-02-14 02:10:00,Visa,1149.0,Paid
902976,502976,2026-02-14 10:42:03,Amex,1494.72,Paid
902977,502977,2026-02-14 15:07:04,Visa,2266.97,Paid
902978,502978,2026-02-14 13:38:50,Visa,1711.8,Refunded
902979,502979,2026-02-14 16:34:03,Amex,989.76,Paid
902980,502980,2026-02-14 18:02:05,Visa,293.34,Paid
902981,502981,2026-02-14 18:29:20,PayPal,289.63,Paid
902982,502982,2026-02-14 20:40:57,Mastercard,488.27,Paid
902983,502983,2026-02-14 23:23:35,Mastercard,1220.9,Paid
902984,502984,2026-02-15 09:29:37,Amex,3795.52,Paid
902985,502985,2026-02-15 15:29:33,Mastercard,1450.81,Paid
902986,502986,2026-02-15 16:05:16,Visa,166.49,Paid
902987,502987,2026-02-15 16:35:38,PayPal,1944.07,Refunded
902988,502988,2026-02-16 01:06:32,Visa,234.96,Paid
902989,502989,2026-02-16 07:34:50,Mastercard,1844.55,Paid
902990,502990,2026-02-16 10:04:51,Visa,461.04,Paid
902991,502991,2026-02-16 09:26:21,Visa,2616.09,Paid
902992,502992,2026-02-16 15:17:43,Visa,238.61,Paid
902993,502993,2026-02-16 17:28:59,Mastercard,331.76,Paid
902994,502994,2026-02-16 19:00:18,PayPal,2338.06,Paid
902995,502995,2026-02-17 01:15:56,Visa,491.07,Paid
902996,502996,2026-02-17 02:50:08,Mastercard,2628.42,Paid
902997,502997,2026-02-17 06:21:59,PayPal,996.83,Paid
902998,502998,2026-02-17 11:32:55,Mastercard,845.16,Paid
902999,502999,2026-02-17 16:49:25,Visa,2764.57,Paid
903000,503000,2026-02-17 17:24:17,Amex,1612.88,Paid
903001,503001,2026-02-17 18:15:11,Visa,1375.66,Paid
903002,503002,2026-02-17 23:14:50,Visa,4050.91,Paid
903003,503003,2026-02-18 02:07:11,PayPal,349.24,Paid
903004,503004,2026-02-18 03:08:33,Visa,243.19,Paid
903005,503005,2026-02-18 20:25:21,PayPal,2341.05,Paid
903006,503006,2026-02-19 00:54:17,Visa,1137.08,Paid
903007,503007,2026-02-19 01:35:10,Mastercard,981.91,Paid
903008,503008,2026-02-19 01:29:32,Visa,1075.56,Paid
903009,503009,2026-02-19 01:42:11,Visa,2941.21,Paid
903010,503010,2026-02-19 01:37:17,Visa,778.35,Paid
903011,503011,2026-02-19 07:13:25,Amex,448.28,Paid
903012,503012,2026-02-19 06:26:00,Mastercard,3677.37,Paid
903013,503013,2026-02-19 07:34:07,Visa,2421.18,Paid
903014,503014,2026-02-19 09:42:21,Mastercard,960.78,Paid
903015,503015,2026-02-19 12:24:15,PayPal,923.18,Paid
903016,503016,2026-02-19 15:51:59,Visa,905.43,Paid
903017,503017,2026-02-20 04:11:47,Visa,345.44,Paid
903018,503018,2026-02-20 13:31:31,PayPal,1133.7,Paid
903019,503019,2026-02-20 13:48:27,Visa,843.36,Paid
903020,503020,2026-02-20 15:18:55,Visa,252.08,Paid
903021,503021,2026-02-20 15:40:25,Mastercard,354.54,Paid
903022,503022,2026-02-20 19:31:42,Visa,78.6,Refunded
903023,503023,2026-02-20 20:58:33,Mastercard,1207.47,Paid
903024,503024,2026-02-20 22:33:30,PayPal,992.98,Paid
903025,503025,2026-02-21 01:54:59,PayPal,191.55,Paid
903026,503026,2026-02-21 02:18:12,PayPal,816.98,Paid
903027,503027,2026-02-21 01:45:16,Amex,3421.7,Paid
903028,503028,2026-02-21 03:01:05,Mastercard,855.34,Paid
903029,503029,2026-02-21 08:26:10,Visa,1068.45,Paid
903030,503030,2026-02-21 14:57:00,Mastercard,1618.77,Paid
903031,503031,2026-02-21 17:34:59,Mastercard,599.88,Paid
903032,503032,2026-02-21 18:16:21,Visa,1349.76,Paid
903033,503033,2026-02-21 18:44:03,PayPal,1983.26,Paid
903034,503034,2026-02-21 21:03:23,Visa,700.8,Paid
903035,503035,2026-02-22 00:11:00,Mastercard,931.8,Paid
903036,503036,2026-02-22 00:46:57,Visa,2387.43,Paid
903037,503037,2026-02-22 03:53:37,PayPal,1181.51,Paid
903038,503038,2026-02-22 08:35:02,Visa,532.76,Paid
903039,503039,2026-02-22 10:36:18,PayPal,2919.46,Paid
903040,503040,2026-02-22 11:36:13,Visa,394.9,Paid
903041,503041,2026-02-22 17:51:30,Visa,2978.82,Paid
903042,503042,2026-02-22 18:28:32,Visa,359.62,Paid
903043,503043,2026-02-22 19:41:00,Mastercard,203.09,Paid
903044,503044,2026-02-22 19:53:34,Mastercard,1606.19,Paid
903045,503045,2026-02-23 01:50:00,PayPal,1452.74,Paid
903046,503046,2026-02-23 02:22:25,PayPal,2587.98,Paid
903047,503047,2026-02-23 03:37:06,Mastercard,3499.01,Paid
903048,503048,2026-02-23 03:56:39,PayPal,2321.26,Paid
903049,503049,2026-02-23 03:42:44,PayPal,1087.23,Paid
903050,503050,2026-02-23 06:10:28,Visa,1750.19,Paid
903051,503051,2026-02-23 07:02:00,Mastercard,985.08,Paid
903052,503052,2026-02-23 14:20:31,Visa,2044.53,Paid
903053,503053,2026-02-23 20:44:06,PayPal,1188.24,Paid
903054,503054,2026-02-24 03:08:22,Visa,2459.52,Paid
903055,503055,2026-02-24 06:08:21,Visa,771.71,Paid
903056,503056,2026-02-24 12:14:35,Visa,1349.96,Paid
903057,503057,2026-02-24 12:24:59,Visa,2032.77,Paid
903058,503058,2026-02-24 13:51:34,Visa,956.07,Paid
903059,503059,2026-02-25 01:40:45,PayPal,141.62,Paid
903060,503060,2026-02-25 05:14:00,Mastercard,1098.36,Refunded
903061,503061,2026-02-25 08:40:57,Mastercard,957.83,Paid
903062,503062,2026-02-25 10:08:43,Visa,420.64,Paid
903063,503063,2026-02-25 14:37:48,Visa,1372.24,Paid
903064,503064,2026-02-25 16:28:33,Mastercard,1287.88,Paid
903065,503065,2026-02-25 17:42:43,Mastercard,1241.7,Paid
903066,503066,2026-02-25 17:30:47,Visa,1306.05,Paid
903067,503067,2026-02-25 19:54:41,Visa,1599.65,Paid
903068,503068,2026-02-26 04:08:59,Visa,2570.26,Paid
903069,503069,2026-02-26 06:16:13,PayPal,2974.91,Paid
903070,503070,2026-02-26 08:03:27,Mastercard,1810.04,Paid
903071,503071,2026-02-26 09:57:06,Visa,1465.36,Paid
903072,503072,2026-02-26 10:34:21,Mastercard,503.82,Paid
903073,503073,2026-02-26 10:26:32,Amex,364.2,Paid
903074,503074,2026-02-26 11:36:33,Visa,739.22,Paid
903075,503075,2026-02-26 13:12:28,Visa,1532.84,Paid
903076,503076,2026-02-26 12:13:45,Visa,1435.72,Refunded
903077,503077,2026-02-26 13:56:59,Visa,2140.68,Paid
903078,503078,2026-02-26 13:07:34,PayPal,2202.46,Paid
903079,503079,2026-02-26 18:05:08,Mastercard,645.96,Paid
903080,503080,2026-02-26 22:56:30,Visa,366.8,Refunded
903081,503081,2026-02-27 01:40:31,Visa,976.34,Paid
903082,503082,2026-02-27 05:20:52,Mastercard,1620.49,Paid
903083,503083,2026-02-27 07:10:51,Visa,435.69,Paid
903084,503084,2026-02-27 11:04:21,Visa,1164.8,Paid
903085,503085,2026-02-27 16:38:19,Visa,1604.14,Paid
903086,503086,2026-02-27 19:22:35,Visa,1912.23,Paid
903087,503087,2026-02-27 18:30:34,PayPal,1482.17,Paid
903088,503088,2026-02-27 18:42:03,PayPal,1742.17,Paid
903089,503089,2026-02-27 19:56:17,Mastercard,1877.55,Paid
903090,503090,2026-02-27 22:05:34,Mastercard,2672.51,Paid
903091,503091,2026-02-27 21:51:08,Amex,1145.0,Paid
903092,503092,2026-02-28 04:05:32,Visa,578.38,Paid
903093,503093,2026-02-28 12:23:17,Visa,1979.45,Paid
903094,503094,2026-02-28 20:46:27,PayPal,2017.11,Paid
903095,503095,2026-02-28 23:23:58,Visa,779.98,Paid
903096,503096,2026-03-01 01:29:49,Mastercard,1564.64,Paid
903097,503097,2026-03-01 02:59:27,Visa,2439.18,Paid
903098,503098,2026-03-01 08:15:22,Visa,1263.72,Refunded
903099,503099,2026-03-01 13:10:10,Mastercard,1359.3,Paid
903100,503100,2026-03-01 17:51:23,Visa,919.71,Paid
903101,503101,2026-03-02 01:28:24,Mastercard,737.24,Paid
903102,503102,2026-03-02 08:54:10,PayPal,2122.28,Paid
903103,503103,2026-03-02 10:23:06,Visa,1707.32,Paid
903104,503104,2026-03-02 20:26:17,Mastercard,2610.73,Paid
903105,503105,2026-03-02 21:07:47,Mastercard,911.48,Paid
903106,503106,2026-03-02 20:51:08,Visa,601.92,Paid
903107,503107,2026-03-02 22:30:11,Amex,1062.3,Paid
903108,503108,2026-03-03 01:02:31,Mastercard,819.66,Paid
903109,503109,2026-03-03 07:12:28,Mastercard,885.82,Paid
903110,503110,2026-03-03 11:52:01,PayPal,256.14,Refunded
903111,503111,2026-03-03 12:09:41,Visa,3187.44,Paid
903112,503112,2026-03-03 21:46:50,Visa,804.28,Paid
903113,503113,2026-03-04 02:42:26,Mastercard,186.6,Paid
903114,503114,2026-03-04 03:20:53,PayPal,2550.57,Paid
903115,503115,2026-03-04 05:56:54,Visa,1149.0,Paid
903116,503116,2026-03-04 07:07:37,Amex,409.87,Paid
903117,503117,2026-03-04 08:27:14,Mastercard,3231.07,Paid
903118,503118,2026-03-04 15:04:35,Visa,2134.46,Paid
903119,503119,2026-03-04 14:58:27,Mastercard,1995.67,Paid
903120,503120,2026-03-05 00:15:45,Visa,1265.0,Paid
903121,503121,2026-03-05 01:09:44,Visa,1752.9,Paid
903122,503122,2026-03-05 09:05:48,PayPal,738.9,Paid
903123,503123,2026-03-05 12:31:27,Mastercard,948.13,Paid
903124,503124,2026-03-05 14:39:52,PayPal,1583.26,Refunded
903125,503125,2026-03-05 14:30:40,Visa,965.13,Paid
903126,503126,2026-03-05 17:24:48,Visa,1664.42,Paid
903127,503127,2026-03-05 18:22:29,Visa,606.08,Paid
903128,503128,2026-03-05 19:41:04,Mastercard,1733.52,Paid
903129,503129,2026-03-05 22:25:00,Visa,2104.54,Paid
903130,503130,2026-03-06 02:19:55,Visa,2127.28,Paid
903131,503131,2026-03-06 01:27:18,PayPal,641.13,Paid
903132,503132,2026-03-06 02:14:36,Visa,994.04,Paid
903133,503133,2026-03-06 03:29:00,PayPal,1176.17,Paid
903134,503134,2026-03-06 06:41:54,Amex,2694.86,Paid
903135,503135,2026-03-06 06:40:59,PayPal,1945.96,Paid
903136,503136,2026-03-06 11:03:06,PayPal,1403.21,Paid
903137,503137,2026-03-06 12:57:50,PayPal,1160.18,Paid
903138,503138,2026-03-06 17:22:23,PayPal,556.34,Paid
903139,503139,2026-03-07 02:11:11,Visa,2408.46,Paid
903140,503140,2026-03-07 02:40:20,Visa,2815.92,Paid
903141,503141,2026-03-07 07:24:55,PayPal,853.86,Paid
903142,503142,2026-03-07 09:28:55,Visa,926.56,Paid
903143,503143,2026-03-07 11:21:39,Mastercard,3240.63,Paid
903144,503144,2026-03-07 15:53:49,Mastercard,1142.28,Paid
903145,503145,2026-03-07 15:03:53,PayPal,1092.15,Paid
903146,503146,2026-03-08 07:49:59,PayPal,319.94,Paid
903147,503147,2026-03-08 09:10:58,Visa,1557.64,Paid
903148,503148,2026-03-08 18:40:13,Mastercard,987.62,Paid
903149,503149,2026-03-08 18:27:15,Visa,374.93,Paid
903150,503150,2026-03-08 20:10:34,PayPal,2839.38,Paid
903151,503151,2026-03-08 20:25:38,PayPal,2851.13,Paid
903152,503152,2026-03-08 21:49:52,Visa,523.24,Paid
903153,503153,2026-03-09 02:15:33,Mastercard,593.77,Paid
903154,503154,2026-03-09 01:24:56,Amex,111.89,Paid
903155,503155,2026-03-09 05:41:25,PayPal,2235.45,Paid
903156,503156,2026-03-09 07:43:41,PayPal,3818.53,Paid
903157,503157,2026-03-09 10:12:42,PayPal,963.39,Paid
903158,503158,2026-03-09 09:30:18,PayPal,164.4,Paid
903159,503159,2026-03-09 18:59:19,Amex,839.17,Paid
903160,503160,2026-03-09 19:43:01,Visa,169.58,Paid
903161,503161,2026-03-09 23:57:47,Mastercard,1514.09,Paid
903162,503162,2026-03-10 10:06:21,PayPal,1772.86,Paid
903163,503163,2026-03-10 11:05:20,Mastercard,711.97,Paid
903164,503164,2026-03-10 16:17:49,Mastercard,853.86,Paid
903165,503165,2026-03-10 19:21:26,PayPal,689.97,Paid
903166,503166,2026-03-10 23:51:41,PayPal,163.88,Paid
903167,503167,2026-03-11 02:45:16,Visa,1272.62,Paid
903168,503168,2026-03-11 05:00:50,Mastercard,968.89,Paid
903169,503169,2026-03-11 04:20:56,Visa,2963.09,Paid
903170,503170,2026-03-11 06:25:16,Mastercard,912.78,Paid
903171,503171,2026-03-11 07:01:43,Visa,270.89,Paid
903172,503172,2026-03-11 12:09:29,Visa,1622.02,Paid
903173,503173,2026-03-11 15:52:45,Amex,1573.41,Paid
903174,503174,2026-03-12 05:40:08,Mastercard,1728.92,Paid
903175,503175,2026-03-12 06:11:36,Visa,1441.22,Paid
903176,503176,2026-03-12 07:13:54,Visa,1441.87,Paid
903177,503177,2026-03-12 15:22:44,PayPal,1220.99,Paid
903178,503178,2026-03-12 20:03:42,PayPal,2390.67,Paid
903179,503179,2026-03-12 21:53:08,Visa,2960.61,Paid
903180,503180,2026-03-12 21:16:56,Visa,704.88,Paid
903181,503181,2026-03-13 08:26:04,PayPal,378.48,Paid
903182,503182,2026-03-13 10:04:01,Mastercard,312.68,Paid
903183,503183,2026-03-13 11:17:04,Amex,1353.17,Paid
903184,503184,2026-03-13 11:50:49,Visa,813.8,Paid
903185,503185,2026-03-13 14:19:15,Amex,1976.72,Paid
903186,503186,2026-03-13 18:56:15,Amex,811.28,Paid
903187,503187,2026-03-13 19:22:46,Visa,1983.58,Paid
903188,503188,2026-03-13 21:14:05,Mastercard,1468.57,Paid
903189,503189,2026-03-14 01:42:37,Visa,901.8,Paid
903190,503190,2026-03-14 07:18:16,Visa,291.35,Paid
903191,503191,2026-03-14 08:27:04,Mastercard,1255.22,Paid
903192,503192,2026-03-14 09:44:03,Visa,415.22,Paid
903193,503193,2026-03-14 14:16:56,PayPal,580.36,Paid
903194,503194,2026-03-14 15:27:01,Mastercard,2297.84,Paid
903195,503195,2026-03-15 01:32:00,PayPal,1743.04,Refunded
903196,503196,2026-03-15 02:42:02,PayPal,1639.42,Paid
903197,503197,2026-03-15 03:58:01,Amex,2502.84,Paid
903198,503198,2026-03-15 09:38:55,Visa,259.46,Paid
903199,503199,2026-03-15 13:10:41,Visa,2753.78,Paid
903200,503200,2026-03-15 15:16:15,Visa,475.36,Paid
903201,503201,2026-03-15 16:44:01,Visa,2174.56,Paid
903202,503202,2026-03-15 23:11:57,Mastercard,2376.71,Paid
903203,503203,2026-03-15 22:17:35,PayPal,3252.07,Paid
903204,503204,2026-03-16 03:17:19,PayPal,2375.65,Paid
903205,503205,2026-03-16 04:57:46,Amex,814.57,Paid
903206,503206,2026-03-16 08:48:37,Visa,924.21,Paid
903207,503207,2026-03-16 08:26:06,Mastercard,1286.32,Paid
903208,503208,2026-03-16 12:25:31,PayPal,694.44,Paid
903209,503209,2026-03-16 12:40:00,Mastercard,1819.5,Paid
903210,503210,2026-03-16 14:50:34,Visa,2223.42,Paid
903211,503211,2026-03-16 17:22:12,Visa,1723.97,Paid
903212,503212,2026-03-16 20:55:29,Mastercard,2982.42,Paid
903213,503213,2026-03-17 02:10:51,Mastercard,3437.95,Paid
903214,503214,2026-03-17 06:00:56,Visa,1442.58,Paid
903215,503215,2026-03-17 07:02:30,Mastercard,197.45,Paid
903216,503216,2026-03-17 11:53:12,Amex,2786.3,Paid
903217,503217,2026-03-17 12:16:02,PayPal,559.12,Paid
903218,503218,2026-03-17 13:15:44,Visa,452.84,Paid
903219,503219,2026-03-17 20:47:09,Visa,1417.08,Paid
903220,503220,2026-03-17 22:14:38,Visa,1812.99,Paid
903221,503221,2026-03-17 21:13:21,Mastercard,948.91,Paid
903222,503222,2026-03-17 22:57:56,Visa,130.64,Paid
903223,503223,2026-03-18 01:31:04,Mastercard,1177.02,Paid
903224,503224,2026-03-18 06:54:08,Amex,1926.27,Paid
903225,503225,2026-03-18 06:56:22,Mastercard,1657.73,Paid
903226,503226,2026-03-18 06:27:11,Visa,290.46,Paid
903227,503227,2026-03-18 08:39:06,Visa,800.04,Paid
903228,503228,2026-03-18 09:10:30,Mastercard,2499.46,Refunded
903229,503229,2026-03-18 10:31:15,PayPal,384.21,Paid
903230,503230,2026-03-18 11:27:16,PayPal,3171.67,Paid
903231,503231,2026-03-18 16:46:16,Mastercard,2182.47,Paid
903232,503232,2026-03-18 22:22:35,Visa,1608.48,Paid
903233,503233,2026-03-19 03:10:01,Mastercard,888.2,Paid
903234,503234,2026-03-19 15:37:05,PayPal,1100.19,Paid
903235,503235,2026-03-19 15:05:39,Mastercard,219.24,Paid
903236,503236,2026-03-19 18:21:23,Amex,1694.48,Paid
903237,503237,2026-03-19 19:51:16,PayPal,1254.96,Paid
903238,503238,2026-03-20 01:44:24,Mastercard,2239.32,Paid
903239,503239,2026-03-20 02:54:08,PayPal,1085.03,Paid
903240,503240,2026-03-20 06:41:42,Mastercard,1292.22,Paid
903241,503241,2026-03-20 10:40:40,Mastercard,1316.23,Paid
903242,503242,2026-03-20 17:27:47,PayPal,2628.58,Refunded
903243,503243,2026-03-20 19:59:42,Visa,173.2,Paid
903244,503244,2026-03-20 19:20:55,Mastercard,1081.72,Paid
903245,503245,2026-03-21 03:12:53,PayPal,326.06,Paid
903246,503246,2026-03-21 09:35:06,Visa,1049.29,Paid
903247,503247,2026-03-21 11:30:40,PayPal,2242.21,Paid
903248,503248,2026-03-21 13:12:34,Visa,1767.97,Paid
903249,503249,2026-03-21 13:59:12,Visa,447.84,Paid
903250,503250,2026-03-21 19:40:44,Visa,2201.44,Paid
903251,503251,2026-03-21 20:58:10,Visa,2701.49,Paid
903252,503252,2026-03-21 22:21:48,Visa,708.0,Paid
903253,503253,2026-03-22 02:13:00,Visa,865.11,Paid
903254,503254,2026-03-22 04:17:21,Amex,2791.91,Paid
903255,503255,2026-03-22 14:34:13,Mastercard,1858.07,Paid
903256,503256,2026-03-22 16:19:38,Visa,2491.98,Paid
903257,503257,2026-03-22 17:17:01,Visa,1138.36,Paid
903258,503258,2026-03-22 20:43:36,Visa,610.96,Paid
903259,503259,2026-03-23 02:20:07,Visa,339.26,Paid
903260,503260,2026-03-23 05:05:48,Amex,1593.52,Paid
903261,503261,2026-03-23 05:17:54,Mastercard,1362.62,Paid
903262,503262,2026-03-23 15:52:16,Visa,2082.55,Paid
903263,503263,2026-03-23 17:42:26,Mastercard,2049.36,Paid
903264,503264,2026-03-23 21:06:15,Mastercard,1207.22,Paid
903265,503265,2026-03-23 21:41:58,Visa,2272.98,Paid
903266,503266,2026-03-23 23:46:35,Visa,2947.8,Paid
903267,503267,2026-03-23 22:56:59,Amex,3063.0,Paid
903268,503268,2026-03-24 00:25:43,Mastercard,964.74,Paid
903269,503269,2026-03-24 04:23:55,Mastercard,3443.68,Paid
903270,503270,2026-03-24 13:19:13,PayPal,2261.75,Paid
903271,503271,2026-03-24 17:04:36,Visa,694.74,Paid
903272,503272,2026-03-24 18:48:48,Mastercard,1578.67,Paid
903273,503273,2026-03-24 19:53:34,Visa,1499.6,Paid
903274,503274,2026-03-24 22:02:43,Visa,1764.62,Paid
903275,503275,2026-03-24 22:31:16,PayPal,978.97,Paid
903276,503276,2026-03-25 06:56:52,Mastercard,1866.77,Paid
903277,503277,2026-03-25 13:54:39,Visa,1567.04,Paid
903278,503278,2026-03-25 16:49:09,Amex,353.72,Paid
903279,503279,2026-03-25 23:31:22,Amex,1706.26,Paid
903280,503280,2026-03-26 01:18:43,Mastercard,2337.84,Refunded
903281,503281,2026-03-26 15:11:29,Visa,1454.98,Paid
903282,503282,2026-03-26 18:39:46,Mastercard,3515.58,Paid
903283,503283,2026-03-27 03:23:07,Mastercard,2396.84,Paid
903284,503284,2026-03-27 04:14:04,Visa,527.28,Paid
903285,503285,2026-03-27 04:28:37,Mastercard,1425.35,Paid
903286,503286,2026-03-27 06:50:32,PayPal,213.62,Paid
903287,503287,2026-03-27 11:15:16,Amex,2207.75,Refunded
903288,503288,2026-03-27 12:51:11,PayPal,3279.73,Paid
903289,503289,2026-03-27 19:01:05,Visa,606.05,Paid
903290,503290,2026-03-27 23:09:07,PayPal,1195.5,Paid
903291,503291,2026-03-27 23:04:42,PayPal,797.18,Refunded
903292,503292,2026-03-28 00:59:16,Visa,287.97,Paid
903293,503293,2026-03-28 02:07:32,Visa,986.85,Paid
903294,503294,2026-03-28 04:22:20,Mastercard,608.54,Paid
903295,503295,2026-03-28 05:30:48,Visa,396.44,Paid
903296,503296,2026-03-28 05:26:01,Visa,2454.92,Paid
903297,503297,2026-03-28 08:45:18,Amex,2102.66,Paid
903298,503298,2026-03-28 10:21:13,PayPal,1410.5,Paid
903299,503299,2026-03-28 10:43:15,Mastercard,2036.98,Paid
903300,503300,2026-03-28 14:19:42,PayPal,1610.24,Refunded
903301,503301,2026-03-28 15:10:16,Mastercard,2217.32,Paid
903302,503302,2026-03-28 16:19:07,Visa,695.27,Paid
903303,503303,2026-03-28 20:14:20,Visa,191.55,Paid
903304,503304,2026-03-28 23:16:59,PayPal,2679.73,Paid
903305,503305,2026-03-29 00:50:19,Visa,1760.3,Paid
903306,503306,2026-03-29 04:44:07,Mastercard,1314.92,Paid
903307,503307,2026-03-29 05:19:25,Visa,1420.15,Paid
903308,503308,2026-03-29 18:38:49,Mastercard,1915.15,Paid
903309,503309,2026-03-29 20:59:00,Amex,907.02,Paid
903310,503310,2026-03-30 04:51:02,Visa,1780.07,Paid
903311,503311,2026-03-30 05:05:51,Visa,1613.83,Paid
903312,503312,2026-03-30 06:19:33,Amex,569.28,Paid
903313,503313,2026-03-30 07:58:19,PayPal,2194.96,Paid
903314,503314,2026-03-30 17:59:14,Visa,341.91,Paid
903315,503315,2026-03-30 20:00:13,Mastercard,892.74,Paid
903316,503316,2026-03-31 00:23:53,Visa,1468.26,Paid
903317,503317,2026-03-30 23:46:09,Mastercard,2910.61,Paid
903318,503318,2026-03-31 04:38:52,PayPal,1209.2,Paid
903319,503319,2026-03-31 10:53:22,Visa,379.8,Paid
903320,503320,2026-03-31 13:28:30,Mastercard,486.96,Paid
903321,503321,2026-03-31 14:34:39,PayPal,3435.05,Paid
903322,503322,2026-04-01 04:26:15,Visa,1255.08,Paid
903323,503323,2026-04-01 05:39:08,PayPal,751.38,Paid
903324,503324,2026-04-01 07:15:19,Mastercard,885.4,Paid
903325,503325,2026-04-01 10:07:35,Mastercard,632.52,Paid
903326,503326,2026-04-01 13:09:06,PayPal,1061.16,Paid
903327,503327,2026-04-01 13:05:15,Mastercard,413.91,Paid
903328,503328,2026-04-01 13:35:01,PayPal,1416.06,Paid
903329,503329,2026-04-01 13:42:44,Visa,512.28,Paid
903330,503330,2026-04-02 05:19:24,Amex,916.41,Paid
903331,503331,2026-04-02 09:34:15,Amex,1355.88,Paid
903332,503332,2026-04-02 12:38:35,Mastercard,1339.0,Paid
903333,503333,2026-04-02 23:22:41,PayPal,699.54,Paid
903334,503334,2026-04-03 00:57:24,Visa,1492.21,Paid
903335,503335,2026-04-03 00:50:54,Visa,1775.97,Paid
903336,503336,2026-04-03 01:59:10,Amex,1284.66,Paid
903337,503337,2026-04-03 02:48:11,PayPal,2589.02,Paid
903338,503338,2026-04-03 07:18:59,Visa,2321.5,Paid
903339,503339,2026-04-03 10:42:24,Visa,2860.72,Paid
903340,503340,2026-04-03 12:18:05,Visa,917.84,Paid
903341,503341,2026-04-03 14:45:01,Mastercard,1762.32,Paid
903342,503342,2026-04-03 16:02:40,Visa,789.39,Paid
903343,503343,2026-04-03 19:11:54,PayPal,1347.88,Paid
903344,503344,2026-04-03 22:38:44,PayPal,3074.3,Paid
903345,503345,2026-04-03 21:29:06,Amex,1740.82,Paid
903346,503346,2026-04-03 23:25:54,PayPal,421.06,Paid
903347,503347,2026-04-04 01:32:55,Amex,520.38,Paid
903348,503348,2026-04-04 05:17:34,Visa,1728.76,Paid
903349,503349,2026-04-04 06:49:31,Mastercard,1195.36,Paid
903350,503350,2026-04-04 18:53:10,PayPal,1536.32,Paid
903351,503351,2026-04-04 19:44:02,Visa,747.54,Paid
903352,503352,2026-04-04 21:26:07,PayPal,1406.59,Paid
903353,503353,2026-04-04 23:26:41,Mastercard,2220.59,Refunded
903354,503354,2026-04-05 00:51:58,PayPal,2598.01,Paid
903355,503355,2026-04-05 01:26:54,Amex,1064.78,Paid
903356,503356,2026-04-05 04:20:29,PayPal,1550.26,Paid
903357,503357,2026-04-05 05:42:45,Mastercard,559.8,Paid
903358,503358,2026-04-05 05:38:49,Visa,654.84,Paid
903359,503359,2026-04-05 15:26:40,Visa,181.4,Paid
903360,503360,2026-04-05 18:22:38,Visa,578.0,Paid
903361,503361,2026-04-05 17:56:31,Mastercard,2165.69,Paid
903362,503362,2026-04-05 21:28:23,PayPal,1048.25,Paid
903363,503363,2026-04-05 23:10:49,PayPal,2199.74,Paid
903364,503364,2026-04-06 15:00:40,Visa,828.3,Paid
903365,503365,2026-04-06 20:53:59,PayPal,2757.19,Refunded
903366,503366,2026-04-07 03:54:35,Mastercard,574.35,Paid
903367,503367,2026-04-07 04:08:39,Visa,642.24,Paid
903368,503368,2026-04-07 04:35:48,Mastercard,834.48,Paid
903369,503369,2026-04-07 05:57:56,Mastercard,2966.52,Paid
903370,503370,2026-04-07 07:58:45,Mastercard,1245.39,Paid
903371,503371,2026-04-07 08:42:19,Visa,2372.23,Paid
903372,503372,2026-04-07 11:28:47,Visa,1274.64,Paid
903373,503373,2026-04-07 12:36:19,Mastercard,2020.47,Paid
903374,503374,2026-04-07 19:10:01,Visa,1330.15,Refunded
903375,503375,2026-04-07 20:20:08,Mastercard,1617.31,Paid
903376,503376,2026-04-08 02:11:29,Amex,314.35,Paid
903377,503377,2026-04-08 02:17:21,Amex,261.18,Paid
903378,503378,2026-04-08 03:20:09,PayPal,1714.56,Paid
903379,503379,2026-04-08 05:16:16,Mastercard,968.31,Paid
903380,503380,2026-04-08 08:33:02,PayPal,318.89,Paid
903381,503381,2026-04-08 11:40:38,Visa,411.18,Paid
903382,503382,2026-04-08 16:41:46,Mastercard,593.14,Paid
903383,503383,2026-04-09 06:42:55,Visa,1534.82,Paid
903384,503384,2026-04-09 07:59:06,Mastercard,912.81,Paid
903385,503385,2026-04-09 10:08:56,PayPal,340.69,Paid
903386,503386,2026-04-09 11:27:40,Amex,1047.84,Paid
903387,503387,2026-04-09 15:09:59,Mastercard,2148.42,Paid
903388,503388,2026-04-09 20:01:59,Mastercard,1834.12,Paid
903389,503389,2026-04-10 06:24:48,Visa,95.95,Paid
903390,503390,2026-04-10 07:17:32,Visa,798.76,Paid
903391,503391,2026-04-10 15:59:25,Visa,903.38,Paid
903392,503392,2026-04-10 17:48:51,Visa,227.53,Paid
903393,503393,2026-04-10 20:43:15,Visa,790.92,Paid
903394,503394,2026-04-10 20:26:17,Visa,1564.58,Paid
903395,503395,2026-04-11 02:09:13,Visa,756.96,Paid
903396,503396,2026-04-11 03:48:23,Amex,1318.1,Paid
903397,503397,2026-04-11 07:08:43,Mastercard,3219.04,Paid
903398,503398,2026-04-11 10:21:25,PayPal,2331.42,Paid
903399,503399,2026-04-11 17:34:00,Visa,2180.29,Paid
903400,503400,2026-04-11 18:09:53,Mastercard,672.24,Paid
903401,503401,2026-04-11 23:17:16,Visa,422.86,Paid
903402,503402,2026-04-11 23:53:19,Mastercard,1656.04,Paid
903403,503403,2026-04-12 08:46:38,Mastercard,705.36,Paid
903404,503404,2026-04-12 09:33:04,Mastercard,1391.67,Paid
903405,503405,2026-04-12 17:29:51,Visa,374.93,Paid
903406,503406,2026-04-12 18:11:15,PayPal,1484.25,Paid
903407,503407,2026-04-12 19:32:22,Amex,700.95,Paid
903408,503408,2026-04-12 18:02:32,PayPal,669.63,Refunded
903409,503409,2026-04-12 21:49:23,Mastercard,414.73,Paid
903410,503410,2026-04-13 00:24:05,Mastercard,1316.41,Paid
903411,503411,2026-04-13 02:11:17,Amex,1949.24,Paid
903412,503412,2026-04-13 13:04:53,Visa,1197.32,Paid
903413,503413,2026-04-13 14:11:50,Amex,158.61,Paid
903414,503414,2026-04-13 14:32:42,PayPal,2651.44,Paid
903415,503415,2026-04-13 15:57:12,Visa,2714.11,Paid
903416,503416,2026-04-14 04:08:52,Visa,331.59,Paid
903417,503417,2026-04-14 05:12:27,Mastercard,1885.78,Paid
903418,503418,2026-04-14 12:33:08,Visa,638.7,Paid
903419,503419,2026-04-14 13:41:53,Visa,1764.07,Paid
903420,503420,2026-04-14 14:29:09,PayPal,1185.95,Paid
903421,503421,2026-04-14 22:04:47,Visa,521.54,Paid
903422,503422,2026-04-14 23:54:02,Amex,2959.29,Paid
903423,503423,2026-04-15 03:56:34,Visa,798.88,Paid
903424,503424,2026-04-15 05:46:00,Mastercard,486.16,Paid
903425,503425,2026-04-15 09:21:01,Mastercard,364.77,Paid
903426,503426,2026-04-15 13:16:33,Mastercard,1039.53,Paid
903427,503427,2026-04-15 15:38:47,Mastercard,3390.98,Paid
903428,503428,2026-04-15 16:50:32,PayPal,2610.76,Paid
903429,503429,2026-04-15 16:09:47,Visa,521.9,Refunded
903430,503430,2026-04-15 21:34:50,Mastercard,633.12,Paid
903431,503431,2026-04-15 23:58:27,PayPal,322.83,Paid
903432,503432,2026-04-16 12:34:30,Mastercard,1744.19,Paid
903433,503433,2026-04-16 11:35:56,PayPal,512.54,Paid
903434,503434,2026-04-16 13:05:59,Mastercard,204.48,Paid
903435,503435,2026-04-16 16:03:14,Visa,2126.18,Paid
903436,503436,2026-04-16 17:48:33,Visa,941.22,Paid
903437,503437,2026-04-16 18:49:48,Mastercard,1860.05,Paid
903438,503438,2026-04-16 19:56:31,PayPal,624.69,Paid
903439,503439,2026-04-16 21:03:54,Visa,1487.88,Paid
903440,503440,2026-04-17 02:43:01,Visa,1016.91,Paid
903441,503441,2026-04-17 03:46:41,Amex,578.13,Refunded
903442,503442,2026-04-17 06:27:12,Visa,279.54,Paid
903443,503443,2026-04-17 06:42:02,Visa,1953.45,Paid
903444,503444,2026-04-17 08:15:19,Mastercard,1337.86,Paid
903445,503445,2026-04-17 10:01:30,Visa,1363.05,Paid
903446,503446,2026-04-17 10:30:39,Visa,245.92,Paid
903447,503447,2026-04-17 12:05:38,Amex,3569.32,Paid
903448,503448,2026-04-17 14:58:26,Mastercard,2235.69,Paid
903449,503449,2026-04-17 17:52:55,PayPal,135.76,Paid
903450,503450,2026-04-18 07:44:01,Visa,686.26,Paid
903451,503451,2026-04-18 07:37:52,PayPal,1275.36,Paid
903452,503452,2026-04-18 11:19:15,Mastercard,966.15,Paid
903453,503453,2026-04-18 11:59:50,Mastercard,2210.06,Paid
903454,503454,2026-04-18 13:30:54,Mastercard,215.32,Paid
903455,503455,2026-04-18 14:33:50,Visa,163.01,Paid
903456,503456,2026-04-18 15:01:52,Visa,2474.22,Paid
903457,503457,2026-04-18 21:33:32,Visa,3387.93,Paid
903458,503458,2026-04-19 03:44:24,PayPal,1830.98,Paid
903459,503459,2026-04-19 03:39:49,Visa,2273.2,Paid
903460,503460,2026-04-19 03:36:13,PayPal,1645.22,Paid
903461,503461,2026-04-19 04:38:48,Visa,1404.54,Paid
903462,503462,2026-04-19 14:19:06,Visa,173.21,Paid
903463,503463,2026-04-19 16:42:13,PayPal,2431.71,Paid
903464,503464,2026-04-19 18:42:01,Mastercard,3136.2,Paid
903465,503465,2026-04-19 22:20:58,Amex,2266.49,Paid
903466,503466,2026-04-19 23:49:05,Amex,749.0,Paid
903467,503467,2026-04-20 04:36:03,Visa,504.39,Paid
903468,503468,2026-04-20 05:48:05,Mastercard,2598.37,Paid
903469,503469,2026-04-20 08:55:35,Visa,324.25,Paid
903470,503470,2026-04-20 09:04:58,Mastercard,963.58,Paid
903471,503471,2026-04-20 08:58:53,Visa,2333.16,Paid
903472,503472,2026-04-20 10:45:19,Visa,1158.08,Refunded
903473,503473,2026-04-20 10:36:35,Visa,1219.68,Paid
903474,503474,2026-04-20 12:05:39,Visa,4091.91,Paid
903475,503475,2026-04-20 14:57:07,Visa,629.02,Paid
903476,503476,2026-04-20 21:21:29,Visa,1994.08,Paid
903477,503477,2026-04-21 05:30:47,Visa,1078.62,Paid
903478,503478,2026-04-21 09:18:23,PayPal,383.21,Paid
903479,503479,2026-04-21 11:00:48,Visa,1862.48,Paid
903480,503480,2026-04-21 15:27:32,Visa,2012.49,Paid
903481,503481,2026-04-21 16:32:43,PayPal,2265.51,Paid
903482,503482,2026-04-21 20:34:05,PayPal,792.88,Paid
903483,503483,2026-04-21 22:57:51,Visa,2935.33,Paid
903484,503484,2026-04-22 00:29:02,Visa,984.89,Refunded
903485,503485,2026-04-22 03:37:35,Visa,326.48,Paid
903486,503486,2026-04-22 06:08:06,Visa,2869.13,Paid
903487,503487,2026-04-22 08:38:00,Mastercard,2529.43,Paid
903488,503488,2026-04-22 08:58:36,Mastercard,719.94,Paid
903489,503489,2026-04-22 09:42:16,Visa,215.22,Paid
903490,503490,2026-04-22 15:37:50,Visa,1338.24,Paid
903491,503491,2026-04-22 14:58:07,Visa,1719.59,Paid
903492,503492,2026-04-23 02:33:36,Amex,177.15,Paid
903493,503493,2026-04-23 09:40:17,Mastercard,168.06,Paid
903494,503494,2026-04-23 10:39:29,Mastercard,823.5,Paid
903495,503495,2026-04-23 10:59:46,Amex,1652.51,Paid
903496,503496,2026-04-23 13:09:13,PayPal,2634.95,Paid
903497,503497,2026-04-23 15:01:36,PayPal,821.85,Paid
903498,503498,2026-04-23 21:35:46,Visa,1749.12,Paid
903499,503499,2026-04-24 00:31:57,PayPal,745.54,Paid
903500,503500,2026-04-24 03:29:16,Visa,1789.98,Paid
903501,503501,2026-04-24 02:47:48,PayPal,1511.9,Paid
903502,503502,2026-04-24 08:34:45,Mastercard,1374.42,Paid
903503,503503,2026-04-24 08:05:12,Visa,2986.15,Paid
903504,503504,2026-04-24 11:14:10,Visa,2384.41,Refunded
903505,503505,2026-04-24 16:42:02,Visa,1822.74,Paid
903506,503506,2026-04-24 18:32:02,Visa,635.81,Paid
903507,503507,2026-04-24 20:51:01,PayPal,1062.2,Paid
903508,503508,2026-04-25 02:08:42,Visa,578.19,Paid
903509,503509,2026-04-25 03:11:59,Mastercard,2132.53,Paid
903510,503510,2026-04-25 03:54:34,Visa,2839.47,Paid
903511,503511,2026-04-25 07:25:38,PayPal,2424.67,Paid
903512,503512,2026-04-25 13:13:52,Visa,2242.44,Paid
903513,503513,2026-04-25 15:24:14,Visa,2482.74,Paid
903514,503514,2026-04-25 14:53:47,PayPal,1245.33,Paid
903515,503515,2026-04-25 18:19:16,Visa,1661.96,Refunded
903516,503516,2026-04-25 23:28:21,Visa,530.5,Paid
903517,503517,2026-04-26 02:43:58,Mastercard,1994.64,Paid
903518,503518,2026-04-26 04:14:21,PayPal,630.78,Paid
903519,503519,2026-04-26 12:52:41,Visa,2179.8,Paid
903520,503520,2026-04-26 17:50:32,Visa,529.03,Paid
903521,503521,2026-04-26 19:41:44,Visa,523.24,Paid
903522,503522,2026-04-27 00:43:10,Visa,1078.18,Paid
903523,503523,2026-04-27 06:44:23,Mastercard,3242.36,Paid
903524,503524,2026-04-27 07:10:14,Mastercard,1369.86,Paid
903525,503525,2026-04-27 07:36:33,Visa,2766.98,Refunded
903526,503526,2026-04-27 10:20:35,Amex,2816.67,Paid
903527,503527,2026-04-27 13:53:34,Mastercard,390.24,Paid
903528,503528,2026-04-27 16:33:58,Mastercard,1867.94,Paid
903529,503529,2026-04-27 22:10:08,Mastercard,736.0,Paid
903530,503530,2026-04-27 23:18:50,Visa,1270.51,Paid
903531,503531,2026-04-28 01:18:59,Visa,1285.08,Paid
903532,503532,2026-04-28 03:36:24,Visa,772.08,Paid
903533,503533,2026-04-28 04:18:42,Visa,1378.73,Paid
903534,503534,2026-04-28 05:28:51,PayPal,4712.03,Paid
903535,503535,2026-04-28 11:22:02,Visa,1731.22,Paid
903536,503536,2026-04-28 12:25:17,Mastercard,1181.56,Paid
903537,503537,2026-04-28 13:24:35,Visa,2266.07,Paid
903538,503538,2026-04-28 14:31:59,Mastercard,1454.46,Paid
903539,503539,2026-04-28 16:40:39,Mastercard,2591.13,Paid
903540,503540,2026-04-28 18:10:13,Mastercard,2936.67,Paid
903541,503541,2026-04-28 21:47:22,Amex,1419.93,Refunded
903542,503542,2026-04-28 22:53:51,PayPal,777.04,Paid
903543,503543,2026-04-29 02:54:17,Mastercard,1005.96,Paid
903544,503544,2026-04-29 03:02:56,PayPal,2482.36,Paid
903545,503545,2026-04-29 04:17:37,PayPal,1930.32,Refunded
903546,503546,2026-04-29 12:17:07,Visa,3906.5,Paid
903547,503547,2026-04-29 13:13:37,Mastercard,1400.79,Paid
903548,503548,2026-04-29 14:53:52,Visa,174.62,Paid
903549,503549,2026-04-29 18:52:07,Visa,1437.6,Paid
903550,503550,2026-04-29 22:03:12,Visa,504.13,Paid
903551,503551,2026-04-29 23:14:31,Mastercard,1469.52,Paid
903552,503552,2026-04-30 01:23:10,Visa,807.84,Refunded
903553,503553,2026-04-30 06:43:10,Amex,1337.09,Paid
903554,503554,2026-04-30 07:25:18,Visa,2093.23,Paid
903555,503555,2026-04-30 07:59:45,PayPal,1945.42,Paid
903556,503556,2026-04-30 08:13:32,Visa,1147.81,Paid
903557,503557,2026-04-30 10:23:24,Visa,85.4,Paid
903558,503558,2026-04-30 09:26:16,Visa,373.2,Paid
903559,503559,2026-04-30 13:46:44,Visa,1598.94,Paid
903560,503560,2026-04-30 13:53:28,Mastercard,799.47,Paid
903561,503561,2026-04-30 17:02:52,PayPal,446.02,Paid
903562,503562,2026-05-01 01:21:40,Visa,2174.48,Paid
903563,503563,2026-05-01 04:46:08,Mastercard,1997.35,Paid
903564,503564,2026-05-01 10:34:21,PayPal,349.44,Paid
903565,503565,2026-05-01 15:01:02,Visa,1962.24,Paid
903566,503566,2026-05-01 16:59:21,Visa,1722.84,Paid
903567,503567,2026-05-01 19:49:15,Mastercard,986.35,Paid
903568,503568,2026-05-01 20:26:02,Visa,1995.27,Paid
903569,503569,2026-05-02 00:39:07,Visa,363.68,Paid
903570,503570,2026-05-01 23:12:19,Visa,782.14,Paid
903571,503571,2026-05-02 02:15:59,Visa,2341.65,Paid
903572,503572,2026-05-02 03:52:08,Mastercard,1967.86,Paid
903573,503573,2026-05-02 03:10:14,Visa,2434.79,Paid
903574,503574,2026-05-02 05:46:42,PayPal,1364.43,Paid
903575,503575,2026-05-02 07:52:10,Visa,839.08,Paid
903576,503576,2026-05-02 09:04:10,Visa,381.48,Paid
903577,503577,2026-05-02 19:43:55,Amex,1039.36,Paid
903578,503578,2026-05-02 21:48:59,Mastercard,1715.28,Paid
903579,503579,2026-05-02 22:10:54,Mastercard,178.78,Paid
903580,503580,2026-05-03 03:11:25,Mastercard,1010.97,Paid
903581,503581,2026-05-03 08:38:55,Mastercard,1675.47,Paid
903582,503582,2026-05-03 12:01:04,PayPal,750.22,Paid
903583,503583,2026-05-03 18:42:24,PayPal,612.13,Paid
903584,503584,2026-05-03 18:57:26,Visa,856.82,Paid
903585,503585,2026-05-03 22:43:11,Visa,735.06,Paid
903586,503586,2026-05-04 00:30:34,PayPal,1296.41,Paid
903587,503587,2026-05-04 00:20:15,Visa,1664.79,Paid
903588,503588,2026-05-04 01:49:53,Mastercard,1611.44,Paid
903589,503589,2026-05-04 02:13:18,PayPal,923.21,Paid
903590,503590,2026-05-04 03:00:29,Visa,1141.34,Paid
903591,503591,2026-05-04 04:52:36,Mastercard,1029.93,Paid
903592,503592,2026-05-04 09:37:16,Mastercard,1238.12,Paid
903593,503593,2026-05-04 10:33:17,Mastercard,3070.44,Paid
903594,503594,2026-05-04 09:41:19,Visa,1455.12,Refunded
903595,503595,2026-05-04 10:08:53,Visa,1349.52,Paid
903596,503596,2026-05-04 11:26:29,Mastercard,1968.99,Paid
903597,503597,2026-05-04 13:53:39,Visa,1944.68,Paid
903598,503598,2026-05-04 17:00:14,Amex,291.24,Paid
903599,503599,2026-05-05 03:46:19,Mastercard,1673.57,Paid
903600,503600,2026-05-05 08:19:07,Mastercard,1418.71,Paid
903601,503601,2026-05-05 12:26:31,PayPal,1159.28,Paid
903602,503602,2026-05-05 13:28:45,Mastercard,1166.67,Paid
903603,503603,2026-05-05 15:00:12,Visa,964.83,Paid
903604,503604,2026-05-05 15:53:17,PayPal,1270.86,Paid
903605,503605,2026-05-05 17:34:52,Mastercard,409.26,Paid
903606,503606,2026-05-05 18:56:34,Visa,606.09,Paid
903607,503607,2026-05-05 17:58:04,Mastercard,1815.77,Paid
903608,503608,2026-05-05 21:21:08,Mastercard,1724.78,Paid
903609,503609,2026-05-06 02:00:03,Visa,287.85,Paid
903610,503610,2026-05-06 17:20:57,Mastercard,890.54,Paid
903611,503611,2026-05-06 18:49:47,PayPal,1562.58,Paid
903612,503612,2026-05-06 23:51:30,Visa,625.36,Paid
903613,503613,2026-05-06 22:57:47,Amex,861.66,Paid
903614,503614,2026-05-07 20:02:47,Visa,2417.84,Paid
903615,503615,2026-05-07 19:31:25,PayPal,2161.31,Paid
903616,503616,2026-05-07 23:03:10,PayPal,115.38,Paid
903617,503617,2026-05-08 04:07:38,Visa,962.92,Paid
903618,503618,2026-05-08 05:38:46,Mastercard,1175.66,Refunded
903619,503619,2026-05-08 08:07:39,PayPal,293.34,Paid
903620,503620,2026-05-08 09:30:28,Mastercard,2358.4,Paid
903621,503621,2026-05-08 10:32:10,PayPal,2883.7,Paid
903622,503622,2026-05-08 16:37:51,Visa,547.59,Paid
903623,503623,2026-05-08 20:05:31,PayPal,2225.99,Paid
903624,503624,2026-05-08 23:14:31,PayPal,2360.6,Refunded
903625,503625,2026-05-09 02:01:30,Mastercard,1279.01,Paid
903626,503626,2026-05-09 16:17:00,Visa,343.9,Paid
903627,503627,2026-05-09 17:22:33,Visa,256.3,Paid
903628,503628,2026-05-09 23:07:42,Mastercard,899.68,Paid
903629,503629,2026-05-09 22:34:28,Mastercard,308.04,Paid
903630,503630,2026-05-10 06:49:27,PayPal,1447.65,Paid
903631,503631,2026-05-10 10:01:28,Mastercard,949.08,Paid
903632,503632,2026-05-10 13:43:43,PayPal,3051.12,Paid
903633,503633,2026-05-10 14:38:37,Visa,1839.61,Paid
903634,503634,2026-05-10 22:31:44,Visa,1647.01,Paid
903635,503635,2026-05-10 22:20:18,Visa,574.65,Refunded
903636,503636,2026-05-11 01:34:25,Visa,1641.42,Paid
903637,503637,2026-05-11 02:22:11,Amex,2198.99,Paid
903638,503638,2026-05-11 05:40:35,Visa,77.82,Paid
903639,503639,2026-05-11 05:46:22,Visa,1916.14,Paid
903640,503640,2026-05-11 13:01:21,Visa,2199.44,Paid
903641,503641,2026-05-11 14:45:32,PayPal,351.7,Paid
903642,503642,2026-05-11 18:02:23,Amex,2621.76,Paid
903643,503643,2026-05-11 19:36:14,Mastercard,758.09,Paid
903644,503644,2026-05-12 00:14:46,Mastercard,1180.94,Paid
903645,503645,2026-05-12 02:32:13,Visa,1839.46,Paid
903646,503646,2026-05-12 02:40:46,Amex,325.71,Paid
903647,503647,2026-05-12 06:43:35,Visa,232.96,Paid
903648,503648,2026-05-12 12:02:08,Visa,2665.34,Paid
903649,503649,2026-05-12 16:15:57,Visa,1807.81,Paid
903650,503650,2026-05-12 17:45:29,Mastercard,552.09,Paid
903651,503651,2026-05-12 20:37:51,Mastercard,357.19,Paid
903652,503652,2026-05-12 23:06:25,Mastercard,335.67,Refunded
903653,503653,2026-05-13 00:02:29,Mastercard,1575.59,Paid
903654,503654,2026-05-13 08:42:15,Visa,230.55,Paid
903655,503655,2026-05-13 13:43:51,Mastercard,1834.35,Paid
903656,503656,2026-05-13 19:21:54,Mastercard,1106.1,Paid
903657,503657,2026-05-14 00:36:51,Mastercard,184.31,Paid
903658,503658,2026-05-14 01:18:42,PayPal,1690.38,Paid
903659,503659,2026-05-14 04:10:29,Mastercard,1913.53,Paid
903660,503660,2026-05-14 03:11:03,Visa,192.71,Paid
903661,503661,2026-05-14 03:06:53,Visa,898.92,Paid
903662,503662,2026-05-14 05:35:59,Mastercard,1667.97,Paid
903663,503663,2026-05-14 07:46:05,Visa,1555.79,Paid
903664,503664,2026-05-14 07:39:14,Mastercard,465.92,Paid
903665,503665,2026-05-14 10:25:01,PayPal,1797.14,Paid
903666,503666,2026-05-14 13:15:22,Visa,397.41,Paid
903667,503667,2026-05-14 17:10:05,Amex,1933.32,Paid
903668,503668,2026-05-15 01:53:06,Amex,1324.78,Paid
903669,503669,2026-05-15 06:17:45,PayPal,284.2,Paid
903670,503670,2026-05-15 06:49:45,Visa,366.73,Paid
903671,503671,2026-05-15 08:14:22,Mastercard,975.21,Paid
903672,503672,2026-05-15 09:01:23,Mastercard,2283.03,Refunded
903673,503673,2026-05-15 11:34:44,Mastercard,1109.02,Paid
903674,503674,2026-05-15 12:33:33,Visa,1275.43,Paid
903675,503675,2026-05-15 21:23:37,PayPal,3127.6,Paid
903676,503676,2026-05-16 02:52:39,Visa,1049.94,Paid
903677,503677,2026-05-16 02:48:05,Visa,2397.86,Paid
903678,503678,2026-05-16 10:11:47,Visa,579.08,Paid
903679,503679,2026-05-16 14:41:51,Mastercard,1714.37,Paid
903680,503680,2026-05-16 15:07:15,PayPal,855.68,Paid
903681,503681,2026-05-16 17:33:24,Mastercard,1218.37,Paid
903682,503682,2026-05-16 19:31:26,Amex,945.09,Paid
903683,503683,2026-05-17 01:25:31,Mastercard,817.92,Paid
903684,503684,2026-05-17 10:26:24,Mastercard,2029.07,Paid
903685,503685,2026-05-17 12:30:33,Mastercard,1897.79,Paid
903686,503686,2026-05-17 11:49:58,Visa,1172.57,Paid
903687,503687,2026-05-17 16:19:16,Mastercard,1784.01,Paid
903688,503688,2026-05-17 20:20:12,Mastercard,1140.35,Paid
903689,503689,2026-05-18 08:45:25,Mastercard,343.9,Paid
903690,503690,2026-05-18 14:20:27,PayPal,623.44,Paid
903691,503691,2026-05-18 22:31:46,Mastercard,125.07,Paid
903692,503692,2026-05-19 01:54:49,PayPal,356.84,Paid
903693,503693,2026-05-19 04:35:22,PayPal,1930.71,Paid
903694,503694,2026-05-19 06:04:20,Visa,1748.26,Paid
903695,503695,2026-05-19 07:02:14,Visa,1414.48,Paid
903696,503696,2026-05-19 11:09:40,Visa,1787.52,Paid
903697,503697,2026-05-19 16:02:07,Visa,567.54,Paid
903698,503698,2026-05-19 16:20:37,Mastercard,2429.73,Paid
903699,503699,2026-05-20 03:09:17,Visa,2398.14,Paid
903700,503700,2026-05-20 03:29:15,Mastercard,3035.95,Paid
903701,503701,2026-05-20 06:44:35,Amex,1014.38,Paid
903702,503702,2026-05-20 15:30:56,PayPal,2973.07,Paid
903703,503703,2026-05-20 18:07:23,PayPal,1765.88,Paid
903704,503704,2026-05-20 17:52:39,PayPal,539.43,Paid
903705,503705,2026-05-20 21:55:59,Mastercard,2627.66,Paid
903706,503706,2026-05-21 02:26:03,Visa,476.45,Paid
903707,503707,2026-05-21 05:39:30,Mastercard,469.46,Paid
903708,503708,2026-05-21 10:13:38,Visa,385.56,Paid
903709,503709,2026-05-22 06:06:26,Visa,1442.03,Paid
903710,503710,2026-05-22 09:33:26,PayPal,595.96,Paid
903711,503711,2026-05-22 09:50:29,Visa,332.92,Paid
903712,503712,2026-05-22 11:32:55,Visa,2153.78,Paid
903713,503713,2026-05-22 10:56:58,Visa,710.96,Paid
903714,503714,2026-05-22 12:17:13,Mastercard,478.14,Paid
903715,503715,2026-05-22 12:30:44,PayPal,690.15,Refunded
903716,503716,2026-05-22 14:01:35,PayPal,2085.35,Paid
903717,503717,2026-05-22 17:45:19,Visa,1160.58,Paid
903718,503718,2026-05-22 19:24:36,Visa,1091.16,Paid
903719,503719,2026-05-22 23:19:08,PayPal,1537.97,Paid
903720,503720,2026-05-23 01:28:33,Mastercard,497.08,Paid
903721,503721,2026-05-23 01:52:26,Mastercard,2049.41,Paid
903722,503722,2026-05-23 02:59:15,Mastercard,1485.78,Paid
903723,503723,2026-05-23 06:29:49,Amex,1783.12,Paid
903724,503724,2026-05-23 09:25:54,PayPal,527.28,Paid
903725,503725,2026-05-23 13:16:57,Mastercard,438.98,Paid
903726,503726,2026-05-23 17:03:44,Mastercard,1453.04,Paid
903727,503727,2026-05-23 19:11:22,Mastercard,1162.12,Refunded
903728,503728,2026-05-23 21:49:30,Amex,1534.95,Paid
903729,503729,2026-05-24 00:54:04,Mastercard,1050.78,Paid
903730,503730,2026-05-24 00:42:46,Mastercard,2923.14,Paid
903731,503731,2026-05-24 04:17:06,Mastercard,2500.8,Paid
903732,503732,2026-05-24 08:13:41,Visa,1504.73,Paid
903733,503733,2026-05-24 08:07:47,Mastercard,1841.03,Paid
903734,503734,2026-05-24 14:14:44,Visa,2285.67,Paid
903735,503735,2026-05-24 14:16:40,Mastercard,394.86,Paid
903736,503736,2026-05-24 15:20:19,Mastercard,714.54,Paid
903737,503737,2026-05-24 14:59:44,Mastercard,273.12,Paid
903738,503738,2026-05-24 23:26:32,Visa,1146.45,Paid
903739,503739,2026-05-25 07:48:46,Visa,416.46,Paid
903740,503740,2026-05-25 07:20:07,Amex,1724.0,Paid
903741,503741,2026-05-25 10:16:42,Mastercard,1862.48,Paid
903742,503742,2026-05-25 10:17:52,Amex,469.92,Paid
903743,503743,2026-05-25 18:48:26,Visa,354.18,Refunded
903744,503744,2026-05-25 20:23:50,Mastercard,237.68,Paid
903745,503745,2026-05-26 05:35:47,PayPal,98.08,Paid
903746,503746,2026-05-26 08:08:12,Visa,838.26,Paid
903747,503747,2026-05-26 08:19:48,Mastercard,1870.07,Paid
903748,503748,2026-05-26 09:40:30,PayPal,1064.48,Paid
903749,503749,2026-05-26 16:28:09,Mastercard,1160.04,Paid
903750,503750,2026-05-26 15:31:42,Visa,1267.44,Paid
903751,503751,2026-05-26 19:54:53,PayPal,3114.04,Paid
903752,503752,2026-05-27 06:12:14,Visa,1301.82,Paid
903753,503753,2026-05-27 08:39:18,PayPal,922.3,Paid
903754,503754,2026-05-27 09:24:07,PayPal,1300.13,Paid
903755,503755,2026-05-27 12:13:14,Mastercard,1165.17,Paid
903756,503756,2026-05-27 14:50:42,PayPal,195.54,Paid
903757,503757,2026-05-27 17:49:43,Visa,2407.36,Paid
903758,503758,2026-05-27 22:07:57,PayPal,3734.75,Paid
903759,503759,2026-05-28 04:48:05,Mastercard,1606.49,Paid
903760,503760,2026-05-28 04:53:46,Visa,2520.31,Paid
903761,503761,2026-05-28 08:57:03,PayPal,1545.1,Paid
903762,503762,2026-05-28 14:12:28,Visa,1125.36,Paid
903763,503763,2026-05-28 13:55:19,Mastercard,709.07,Paid
903764,503764,2026-05-28 23:29:30,PayPal,109.6,Paid
903765,503765,2026-05-29 01:55:40,Visa,350.5,Paid
903766,503766,2026-05-29 04:42:04,Mastercard,1431.18,Refunded
903767,503767,2026-05-29 10:17:22,Mastercard,288.71,Paid
903768,503768,2026-05-29 22:25:13,Visa,550.23,Refunded
903769,503769,2026-05-30 06:29:29,Visa,1935.86,Paid
903770,503770,2026-05-30 06:20:24,Visa,1977.41,Paid
903771,503771,2026-05-30 09:46:31,Visa,1867.2,Paid
903772,503772,2026-05-30 10:55:51,Amex,2077.52,Paid
903773,503773,2026-05-30 17:02:22,Visa,929.49,Paid
903774,503774,2026-05-30 19:45:08,Visa,2116.33,Refunded
903775,503775,2026-05-30 19:06:27,Mastercard,299.63,Paid
903776,503776,2026-05-31 03:52:07,PayPal,1003.55,Paid
903777,503777,2026-05-31 05:19:29,Visa,1814.02,Refunded
903778,503778,2026-05-31 07:36:47,Visa,942.29,Paid
903779,503779,2026-05-31 06:50:48,Visa,1871.36,Paid
903780,503780,2026-05-31 09:45:22,Amex,1234.78,Paid
903781,503781,2026-05-31 10:30:59,Visa,379.23,Refunded
903782,503782,2026-05-31 13:56:08,Visa,4289.67,Paid
903783,503783,2026-05-31 19:03:01,Mastercard,1331.68,Paid
903784,503784,2026-05-31 19:43:49,Amex,992.54,Paid
903785,503785,2026-05-31 22:18:05,Visa,1816.85,Paid
903786,503786,2026-06-01 02:45:56,Mastercard,1905.29,Paid
903787,503787,2026-06-01 05:00:22,Visa,1209.78,Paid
903788,503788,2026-06-01 05:55:48,Visa,1962.97,Paid
903789,503789,2026-06-01 23:01:52,Mastercard,583.95,Paid
903790,503790,2026-06-01 22:23:15,Amex,1538.49,Paid
903791,503791,2026-06-02 00:27:53,Visa,1160.31,Paid
903792,503792,2026-06-02 00:56:28,Mastercard,373.68,Paid
903793,503793,2026-06-02 10:50:44,PayPal,3601.61,Paid
903794,503794,2026-06-02 09:48:20,PayPal,314.4,Paid
903795,503795,2026-06-02 12:14:25,Visa,738.81,Paid
903796,503796,2026-06-02 14:52:50,Amex,1625.68,Paid
903797,503797,2026-06-02 19:58:23,Visa,1573.86,Paid
903798,503798,2026-06-02 23:10:43,Amex,2901.45,Paid
903799,503799,2026-06-03 00:44:40,Amex,623.01,Paid
903800,503800,2026-06-02 23:20:14,PayPal,1606.64,Paid
903801,503801,2026-06-02 23:47:33,Visa,740.0,Paid
903802,503802,2026-06-03 00:09:18,PayPal,1048.67,Paid
903803,503803,2026-06-03 02:12:34,Visa,2201.32,Paid
903804,503804,2026-06-03 02:27:22,Mastercard,648.09,Paid
903805,503805,2026-06-03 09:33:34,Visa,230.76,Paid
903806,503806,2026-06-03 11:47:06,PayPal,1608.89,Paid
903807,503807,2026-06-03 14:23:51,Mastercard,263.95,Paid
903808,503808,2026-06-03 15:25:08,Mastercard,2002.68,Paid
903809,503809,2026-06-03 15:30:45,Amex,570.92,Paid
903810,503810,2026-06-03 22:30:47,Visa,2875.66,Paid
903811,503811,2026-06-04 00:14:01,Visa,603.09,Paid
903812,503812,2026-06-03 23:35:51,Visa,2502.53,Paid
903813,503813,2026-06-04 18:46:27,Visa,2082.35,Paid
903814,503814,2026-06-04 19:02:57,Visa,2158.02,Paid
903815,503815,2026-06-04 21:54:31,Visa,3366.8,Paid
903816,503816,2026-06-05 00:26:05,Visa,1065.52,Paid
903817,503817,2026-06-05 00:46:18,Visa,613.44,Paid
903818,503818,2026-06-05 03:12:36,Mastercard,1612.03,Paid
903819,503819,2026-06-05 04:16:11,Visa,531.27,Paid
903820,503820,2026-06-05 06:05:44,Mastercard,536.34,Paid
903821,503821,2026-06-05 08:16:24,PayPal,1510.34,Paid
903822,503822,2026-06-05 11:24:24,Visa,1297.01,Paid
903823,503823,2026-06-05 17:05:16,Mastercard,815.04,Paid
903824,503824,2026-06-05 23:51:10,Visa,1021.62,Paid
903825,503825,2026-06-05 23:38:12,Visa,964.74,Paid
903826,503826,2026-06-06 00:06:43,Amex,944.16,Paid
903827,503827,2026-06-06 02:20:18,Visa,824.24,Paid
903828,503828,2026-06-06 05:06:15,Visa,872.71,Paid
903829,503829,2026-06-06 05:58:54,Mastercard,1839.3,Paid
903830,503830,2026-06-06 14:20:37,Mastercard,2146.94,Paid
903831,503831,2026-06-06 15:14:40,Mastercard,1039.47,Paid
903832,503832,2026-06-06 17:59:40,Visa,1587.63,Paid
903833,503833,2026-06-06 20:34:49,PayPal,257.88,Paid
903834,503834,2026-06-06 21:33:57,Mastercard,422.08,Refunded
903835,503835,2026-06-07 03:59:26,PayPal,1236.66,Paid
903836,503836,2026-06-07 09:36:44,Mastercard,729.79,Paid
903837,503837,2026-06-07 10:04:11,Visa,1259.1,Paid
903838,503838,2026-06-07 09:22:35,Visa,1154.82,Paid
903839,503839,2026-06-07 14:22:19,Amex,464.25,Paid
903840,503840,2026-06-07 15:14:27,Visa,1901.56,Paid
903841,503841,2026-06-07 20:55:45,Visa,912.81,Paid
903842,503842,2026-06-07 22:09:11,Visa,1750.99,Paid
903843,503843,2026-06-07 21:18:40,Visa,2391.96,Paid
903844,503844,2026-06-08 00:28:22,Mastercard,367.64,Paid
903845,503845,2026-06-08 02:42:36,Mastercard,642.24,Paid
903846,503846,2026-06-08 20:49:59,Visa,1660.92,Paid
903847,503847,2026-06-09 04:34:38,Mastercard,1361.48,Paid
903848,503848,2026-06-09 07:45:50,Mastercard,2163.45,Paid
903849,503849,2026-06-09 08:22:54,Visa,342.67,Paid
903850,503850,2026-06-09 20:00:29,Visa,549.0,Paid
903851,503851,2026-06-09 20:36:37,Visa,398.82,Refunded
903852,503852,2026-06-09 23:59:21,Visa,929.66,Paid
903853,503853,2026-06-10 03:19:11,Visa,1905.97,Paid
903854,503854,2026-06-10 09:52:00,Visa,596.78,Paid
903855,503855,2026-06-10 10:27:44,Visa,373.68,Paid
903856,503856,2026-06-10 16:02:15,Visa,2371.94,Paid
903857,503857,2026-06-10 17:08:01,Mastercard,1529.52,Paid
903858,503858,2026-06-10 18:31:53,PayPal,1087.29,Paid
903859,503859,2026-06-10 23:38:35,PayPal,1791.04,Paid
903860,503860,2026-06-11 04:08:01,PayPal,1198.97,Refunded
903861,503861,2026-06-11 06:27:06,Amex,1441.0,Paid
903862,503862,2026-06-11 05:55:50,Amex,2579.28,Paid
903863,503863,2026-06-11 07:44:26,Visa,1137.75,Paid
903864,503864,2026-06-11 08:13:52,Visa,968.36,Refunded
903865,503865,2026-06-11 08:23:09,Amex,1288.04,Paid
903866,503866,2026-06-11 12:33:59,Visa,2527.16,Paid
903867,503867,2026-06-11 20:28:53,Mastercard,1750.22,Paid
903868,503868,2026-06-11 21:14:14,Mastercard,1319.44,Paid
903869,503869,2026-06-11 23:18:19,Visa,2144.91,Paid
903870,503870,2026-06-12 03:19:45,Visa,336.61,Paid
903871,503871,2026-06-12 03:22:38,Mastercard,605.0,Paid
903872,503872,2026-06-12 06:38:59,Mastercard,642.4,Refunded
903873,503873,2026-06-12 20:05:14,Mastercard,1951.79,Paid
903874,503874,2026-06-13 00:39:14,Visa,770.84,Paid
903875,503875,2026-06-13 08:27:47,Mastercard,1392.36,Paid
903876,503876,2026-06-13 09:27:47,Mastercard,2296.11,Refunded
903877,503877,2026-06-13 09:39:20,Visa,3019.71,Paid
903878,503878,2026-06-13 10:53:14,Visa,1735.08,Paid
903879,503879,2026-06-13 17:59:16,Visa,1725.94,Paid
903880,503880,2026-06-13 18:43:18,PayPal,781.74,Refunded
903881,503881,2026-06-14 00:19:07,Visa,1412.9,Paid
903882,503882,2026-06-14 02:47:06,Visa,2173.35,Paid
903883,503883,2026-06-14 04:35:22,Visa,652.96,Paid
903884,503884,2026-06-14 12:13:31,Mastercard,1872.44,Paid
903885,503885,2026-06-14 14:58:06,Visa,2413.02,Paid
903886,503886,2026-06-14 17:57:40,Mastercard,1335.6,Paid
903887,503887,2026-06-14 21:10:00,Visa,1060.38,Paid
903888,503888,2026-06-14 22:27:38,Mastercard,2747.48,Paid
903889,503889,2026-06-15 10:04:16,PayPal,1844.84,Paid
903890,503890,2026-06-15 12:13:08,Visa,1884.2,Paid
903891,503891,2026-06-15 14:51:21,Visa,1632.84,Paid
903892,503892,2026-06-16 00:21:01,Visa,2331.39,Paid
903893,503893,2026-06-16 02:50:35,PayPal,1199.48,Paid
903894,503894,2026-06-16 04:30:52,PayPal,89.89,Paid
903895,503895,2026-06-16 07:26:09,Visa,776.08,Paid
903896,503896,2026-06-16 10:41:20,Mastercard,1358.91,Paid
903897,503897,2026-06-16 12:00:00,Amex,694.74,Paid
903898,503898,2026-06-16 12:25:27,Mastercard,1939.93,Paid
903899,503899,2026-06-16 16:26:20,Mastercard,3584.08,Paid
903900,503900,2026-06-17 02:20:07,PayPal,1280.23,Paid
903901,503901,2026-06-17 04:41:35,Visa,1818.49,Paid
903902,503902,2026-06-17 08:48:49,PayPal,1321.96,Paid
903903,503903,2026-06-17 12:35:21,Mastercard,881.56,Paid
903904,503904,2026-06-17 13:34:26,PayPal,825.56,Paid
903905,503905,2026-06-17 17:03:40,Amex,2561.18,Paid
903906,503906,2026-06-17 18:00:11,Mastercard,3396.02,Paid
903907,503907,2026-06-17 22:55:41,Visa,632.73,Paid
903908,503908,2026-06-18 02:02:27,Visa,2899.13,Paid
903909,503909,2026-06-18 03:35:03,Mastercard,1674.76,Paid
903910,503910,2026-06-18 03:13:23,PayPal,708.66,Paid
903911,503911,2026-06-18 10:48:13,Visa,1117.89,Paid
903912,503912,2026-06-18 13:04:39,PayPal,2960.75,Paid
903913,503913,2026-06-18 14:14:49,Mastercard,1186.35,Paid
903914,503914,2026-06-18 14:43:32,PayPal,996.9,Paid
903915,503915,2026-06-18 15:05:22,Mastercard,2125.53,Paid
903916,503916,2026-06-18 14:52:24,Visa,843.36,Paid
903917,503917,2026-06-18 16:53:02,PayPal,1296.26,Paid
903918,503918,2026-06-18 18:44:06,Visa,2178.98,Paid
903919,503919,2026-06-18 19:56:18,Visa,730.14,Paid
903920,503920,2026-06-18 19:31:25,PayPal,203.76,Paid
903921,503921,2026-06-19 00:53:24,Mastercard,637.53,Paid
903922,503922,2026-06-19 01:16:54,Mastercard,1694.35,Paid
903923,503923,2026-06-19 13:46:16,PayPal,444.1,Paid
903924,503924,2026-06-19 20:25:08,Mastercard,1987.04,Paid
903925,503925,2026-06-19 21:32:32,Visa,922.61,Paid
903926,503926,2026-06-19 20:31:49,Visa,2891.72,Paid
903927,503927,2026-06-19 23:45:09,Mastercard,2375.36,Paid
903928,503928,2026-06-20 04:04:26,Mastercard,2016.97,Paid
903929,503929,2026-06-20 10:05:22,Amex,154.16,Paid
903930,503930,2026-06-20 12:38:13,Visa,200.01,Paid
903931,503931,2026-06-20 17:03:42,Mastercard,2285.32,Paid
903932,503932,2026-06-20 19:28:03,Visa,336.72,Paid
903933,503933,2026-06-20 22:04:16,Mastercard,1427.1,Paid
903934,503934,2026-06-21 02:52:31,Amex,1332.99,Paid
903935,503935,2026-06-21 05:09:47,Visa,1658.15,Paid
903936,503936,2026-06-21 06:27:56,Mastercard,1798.52,Paid
903937,503937,2026-06-21 10:54:49,Mastercard,2998.32,Paid
903938,503938,2026-06-21 14:13:03,Visa,801.41,Refunded
903939,503939,2026-06-21 14:30:52,Visa,202.56,Refunded
903940,503940,2026-06-21 15:54:25,Visa,1056.5,Paid
903941,503941,2026-06-21 18:14:13,Mastercard,1601.65,Paid
903942,503942,2026-06-22 04:53:48,Mastercard,1771.8,Paid
903943,503943,2026-06-22 06:04:17,Mastercard,1738.73,Paid
903944,503944,2026-06-22 07:22:15,Visa,3543.13,Paid
903945,503945,2026-06-22 08:17:24,Mastercard,227.98,Paid
903946,503946,2026-06-22 09:10:21,Mastercard,2335.37,Paid
903947,503947,2026-06-22 15:02:33,Amex,2855.79,Paid
903948,503948,2026-06-23 01:29:19,Mastercard,2350.36,Paid
903949,503949,2026-06-23 04:19:36,Amex,2566.95,Paid
903950,503950,2026-06-23 17:19:09,Mastercard,311.28,Paid
903951,503951,2026-06-23 17:47:57,Visa,1055.1,Paid
903952,503952,2026-06-23 20:52:17,Visa,616.17,Paid
903953,503953,2026-06-23 20:23:37,Visa,2165.2,Paid
903954,503954,2026-06-24 00:31:48,PayPal,453.75,Paid
903955,503955,2026-06-24 15:13:14,PayPal,1473.67,Paid
903956,503956,2026-06-24 16:22:37,Mastercard,2291.02,Paid
903957,503957,2026-06-24 18:30:39,Visa,1228.13,Paid
903958,503958,2026-06-24 20:17:11,PayPal,2572.78,Paid
903959,503959,2026-06-24 21:41:22,Visa,2643.08,Paid
903960,503960,2026-06-24 21:50:07,PayPal,1524.3,Paid
903961,503961,2026-06-25 01:16:02,PayPal,267.02,Paid
903962,503962,2026-06-25 06:21:53,Visa,3538.48,Paid
903963,503963,2026-06-25 05:30:46,Mastercard,128.82,Paid
903964,503964,2026-06-25 06:29:11,Mastercard,2033.52,Paid
903965,503965,2026-06-25 06:49:00,Visa,2394.68,Paid
903966,503966,2026-06-25 11:12:37,PayPal,2486.5,Paid
903967,503967,2026-06-25 12:15:14,Mastercard,2048.3,Paid
903968,503968,2026-06-25 13:30:25,Amex,1050.0,Paid
903969,503969,2026-06-25 18:19:47,Mastercard,627.48,Paid
903970,503970,2026-06-25 23:51:21,PayPal,357.19,Paid
903971,503971,2026-06-26 03:24:27,Mastercard,2332.05,Paid
903972,503972,2026-06-26 06:00:03,Visa,222.63,Paid
903973,503973,2026-06-26 10:21:21,Mastercard,2918.12,Paid
903974,503974,2026-06-26 11:49:56,Mastercard,1588.77,Paid
903975,503975,2026-06-26 18:08:38,Amex,3328.58,Paid
903976,503976,2026-06-26 22:57:16,Visa,1870.47,Refunded
903977,503977,2026-06-27 01:05:22,Mastercard,89.89,Paid
903978,503978,2026-06-27 00:39:45,Visa,444.1,Paid
903979,503979,2026-06-27 01:46:22,Amex,1217.77,Paid
903980,503980,2026-06-27 01:40:41,Visa,469.92,Paid
903981,503981,2026-06-27 04:39:38,Visa,882.36,Paid
903982,503982,2026-06-27 07:56:27,Amex,911.46,Paid
903983,503983,2026-06-27 17:33:07,Mastercard,2013.35,Paid
903984,503984,2026-06-28 02:24:08,Mastercard,1749.11,Paid
903985,503985,2026-06-28 05:05:44,PayPal,1518.87,Paid
903986,503986,2026-06-28 10:19:57,Visa,252.82,Paid
903987,503987,2026-06-28 14:34:46,Mastercard,919.6,Paid
903988,503988,2026-06-28 17:34:51,Mastercard,1752.45,Paid
903989,503989,2026-06-28 18:33:03,Mastercard,607.35,Paid
903990,503990,2026-06-28 18:24:01,Visa,2119.22,Paid
903991,503991,2026-06-28 21:08:50,PayPal,715.83,Paid
903992,503992,2026-06-28 21:12:48,PayPal,1155.26,Paid
903993,503993,2026-06-29 02:03:36,Visa,3581.91,Paid
903994,503994,2026-06-29 02:44:14,Mastercard,1117.35,Paid
903995,503995,2026-06-29 04:16:22,Mastercard,300.54,Paid
903996,503996,2026-06-29 05:36:55,Amex,448.74,Paid
903997,503997,2026-06-29 07:10:12,Visa,1407.5,Paid
903998,503998,2026-06-29 07:35:06,Visa,1436.96,Paid
903999,503999,2026-06-29 15:31:05,Mastercard,2296.43,Paid
904000,504000,2026-06-29 21:13:12,Mastercard,829.68,Paid
