order_id,customer_id,order_timestamp,order_status,sales_channel
500001,100282,2025-01-01 03:54:20,Completed,Web
500002,100780,2025-01-01 04:33:52,Completed,Mobile
500003,100047,2025-01-01 05:11:42,Completed,Web
500004,100734,2025-01-01 07:05:09,Cancelled,Web
500005,100635,2025-01-01 14:16:38,Completed,Mobile
500006,100618,2025-01-01 14:47:31,Completed,Web
500007,100823,2025-01-01 19:54:45,Completed,Web
500008,100246,2025-01-01 22:53:02,Completed,Mobile
500009,100216,2025-01-02 00:37:28,Completed,Mobile
500010,100930,2025-01-02 04:07:44,Completed,Web
500011,100575,2025-01-02 05:06:12,Completed,Mobile
500012,100437,2025-01-02 06:54:37,Completed,Web
500013,100928,2025-01-02 11:22:06,Completed,Web
500014,100628,2025-01-02 20:59:26,Completed,Web
500015,100222,2025-01-02 22:53:41,Completed,Web
500016,100218,2025-01-03 03:04:13,Completed,Mobile
500017,100042,2025-01-03 05:35:23,Completed,Web
500018,100992,2025-01-03 10:44:52,Completed,Mobile
500019,100219,2025-01-03 12:14:08,Completed,Web
500020,100125,2025-01-03 15:42:26,Completed,Web
500021,100926,2025-01-03 17:02:07,Processing,Mobile
500022,100785,2025-01-03 19:12:11,Completed,Mobile
500023,100582,2025-01-03 20:47:59,Processing,Mobile
500024,100737,2025-01-04 02:43:07,Completed,Mobile
500025,100977,2025-01-04 07:12:14,Shipped,Web
500026,100360,2025-01-04 10:48:39,Completed,Web
500027,100405,2025-01-04 19:00:41,Completed,Web
500028,100860,2025-01-04 23:53:24,Cancelled,Web
500029,100201,2025-01-05 00:58:45,Completed,Web
500030,100331,2025-01-05 01:03:36,Completed,Mobile
500031,100733,2025-01-05 02:51:21,Shipped,Mobile
500032,100898,2025-01-05 04:58:57,Completed,Mobile
500033,100150,2025-01-05 08:25:53,Completed,Mobile
500034,100558,2025-01-05 10:23:14,Completed,Web
500035,100163,2025-01-05 14:25:16,Completed,Web
500036,100183,2025-01-05 19:50:49,Completed,Web
500037,100176,2025-01-06 06:08:47,Processing,Mobile
500038,100312,2025-01-06 06:18:56,Processing,Mobile
500039,100612,2025-01-06 06:28:16,Completed,Web
500040,100904,2025-01-06 07:32:19,Completed,Web
500041,100862,2025-01-06 08:15:05,Completed,Web
500042,100254,2025-01-06 11:22:39,Shipped,Web
500043,100865,2025-01-06 14:13:17,Completed,Web
500044,100551,2025-01-06 16:17:56,Completed,Web
500045,100140,2025-01-06 22:10:05,Completed,Mobile
500046,100231,2025-01-07 18:16:18,Shipped,Web
500047,100089,2025-01-07 19:03:40,Completed,Web
500048,100985,2025-01-07 19:11:40,Completed,Mobile
500049,100768,2025-01-08 00:59:34,Completed,Mobile
500050,100254,2025-01-08 07:49:48,Processing,Web
500051,100692,2025-01-08 23:10:36,Completed,Phone
500052,100090,2025-01-09 02:08:49,Completed,Web
500053,100741,2025-01-09 03:09:43,Completed,Web
500054,100703,2025-01-09 03:32:15,Completed,Mobile
500055,100852,2025-01-09 03:45:58,Completed,Mobile
500056,100942,2025-01-09 03:55:15,Processing,Web
500057,100957,2025-01-09 06:26:27,Completed,Web
500058,100245,2025-01-09 06:52:04,Completed,Mobile
500059,100943,2025-01-09 08:24:16,Completed,Web
500060,100224,2025-01-09 14:36:34,Shipped,Web
500061,100345,2025-01-09 15:28:42,Completed,Web
500062,100774,2025-01-09 21:03:45,Completed,Web
500063,100292,2025-01-09 22:04:21,Completed,Web
500064,100545,2025-01-10 10:35:33,Completed,Mobile
500065,100651,2025-01-10 10:54:15,Completed,Mobile
500066,100740,2025-01-10 11:32:20,Completed,Web
500067,100909,2025-01-10 14:40:19,Completed,Web
500068,100219,2025-01-10 19:01:09,Completed,Web
500069,100265,2025-01-10 23:58:39,Completed,Web
500070,100799,2025-01-11 06:22:32,Completed,Web
500071,100380,2025-01-11 07:03:12,Completed,Mobile
500072,100564,2025-01-11 15:46:42,Completed,Web
500073,100825,2025-01-11 16:51:13,Completed,Web
500074,100101,2025-01-11 20:30:09,Completed,Web
500075,100418,2025-01-11 22:42:16,Shipped,Web
500076,100852,2025-01-11 23:49:00,Completed,Web
500077,100115,2025-01-12 04:45:13,Completed,Phone
500078,100548,2025-01-12 07:58:47,Completed,Mobile
500079,100107,2025-01-13 01:13:14,Completed,Mobile
500080,100162,2025-01-13 01:25:16,Processing,Web
500081,100809,2025-01-13 06:44:38,Completed,Web
500082,100675,2025-01-13 09:46:27,Shipped,Mobile
500083,100905,2025-01-13 10:04:18,Processing,Web
500084,100879,2025-01-13 13:40:12,Shipped,Web
500085,100775,2025-01-13 13:51:25,Completed,Web
500086,100776,2025-01-13 18:12:42,Completed,Web
500087,100312,2025-01-14 02:10:37,Completed,Web
500088,100628,2025-01-14 03:27:49,Completed,Web
500089,100947,2025-01-14 04:49:49,Completed,Mobile
500090,100104,2025-01-14 06:13:44,Cancelled,Web
500091,100410,2025-01-14 06:23:20,Completed,Web
500092,100143,2025-01-14 13:16:52,Completed,Web
500093,100632,2025-01-14 16:54:21,Completed,Web
500094,100158,2025-01-14 19:19:13,Completed,Web
500095,100994,2025-01-14 21:24:38,Completed,Web
500096,100020,2025-01-14 21:28:00,Completed,Web
500097,100873,2025-01-14 22:05:40,Completed,Web
500098,100920,2025-01-14 23:58:36,Completed,Mobile
500099,100322,2025-01-15 04:13:03,Completed,Web
500100,100625,2025-01-15 06:32:17,Completed,Web
500101,100157,2025-01-15 07:41:52,Completed,Web
500102,100359,2025-01-15 09:51:39,Completed,Web
500103,100943,2025-01-15 10:01:56,Completed,Web
500104,100722,2025-01-15 12:00:07,Completed,Web
500105,100434,2025-01-15 13:01:05,Completed,Web
500106,100761,2025-01-15 14:42:31,Processing,Web
500107,100967,2025-01-15 19:44:23,Completed,Web
500108,100411,2025-01-15 23:17:34,Completed,Web
500109,100228,2025-01-16 02:29:34,Shipped,Mobile
500110,100947,2025-01-16 02:56:21,Completed,Mobile
500111,100517,2025-01-16 07:38:52,Completed,Web
500112,100080,2025-01-16 13:42:43,Completed,Web
500113,100892,2025-01-16 13:47:47,Cancelled,Web
500114,100709,2025-01-16 15:31:35,Cancelled,Web
500115,100054,2025-01-16 17:48:41,Shipped,Web
500116,100242,2025-01-16 21:07:14,Completed,Web
500117,100673,2025-01-16 23:09:51,Completed,Phone
500118,100760,2025-01-17 06:56:14,Completed,Web
500119,100412,2025-01-17 12:02:16,Completed,Web
500120,100266,2025-01-17 13:38:08,Completed,Web
500121,100652,2025-01-17 15:56:49,Shipped,Mobile
500122,100395,2025-01-17 18:00:49,Processing,Web
500123,100072,2025-01-18 05:33:23,Completed,Web
500124,100687,2025-01-18 09:18:43,Completed,Web
500125,100592,2025-01-18 20:29:26,Completed,Phone
500126,100795,2025-01-19 02:00:32,Completed,Web
500127,100147,2025-01-19 10:14:29,Completed,Web
500128,100819,2025-01-19 11:56:08,Shipped,Web
500129,100618,2025-01-19 20:32:39,Completed,Web
500130,100049,2025-01-19 20:42:26,Completed,Mobile
500131,100331,2025-01-20 04:03:44,Completed,Web
500132,100583,2025-01-20 07:00:26,Completed,Web
500133,100311,2025-01-20 15:17:47,Completed,Web
500134,100627,2025-01-20 22:39:41,Completed,Web
500135,100381,2025-01-20 23:05:35,Completed,Mobile
500136,100719,2025-01-21 04:19:42,Completed,Mobile
500137,100821,2025-01-21 06:16:29,Completed,Web
500138,100881,2025-01-21 07:50:16,Completed,Mobile
500139,100968,2025-01-21 08:50:15,Cancelled,Mobile
500140,100668,2025-01-21 11:22:01,Completed,Mobile
500141,100052,2025-01-21 12:29:21,Completed,Web
500142,100136,2025-01-21 12:33:36,Cancelled,Web
500143,100049,2025-01-21 13:25:35,Completed,Web
500144,100840,2025-01-21 14:26:26,Completed,Phone
500145,100572,2025-01-21 15:27:18,Completed,Web
500146,100140,2025-01-21 21:50:39,Processing,Web
500147,100226,2025-01-22 00:55:13,Shipped,Web
500148,100389,2025-01-22 07:54:16,Cancelled,Web
500149,100557,2025-01-22 07:55:43,Completed,Mobile
500150,100285,2025-01-22 15:06:12,Completed,Mobile
500151,100561,2025-01-22 15:32:24,Completed,Phone
500152,100499,2025-01-22 21:49:49,Shipped,Web
500153,100185,2025-01-23 00:12:30,Completed,Web
500154,100107,2025-01-23 00:47:03,Completed,Web
500155,100596,2025-01-23 03:04:22,Completed,Mobile
500156,100024,2025-01-23 03:39:22,Completed,Mobile
500157,100311,2025-01-23 09:30:17,Completed,Phone
500158,100954,2025-01-23 12:26:48,Completed,Mobile
500159,100740,2025-01-23 13:46:14,Completed,Web
500160,100174,2025-01-23 17:02:41,Processing,Phone
500161,100722,2025-01-23 23:48:34,Completed,Web
500162,100878,2025-01-24 03:45:48,Shipped,Mobile
500163,100187,2025-01-24 04:20:40,Completed,Mobile
500164,100501,2025-01-24 04:36:58,Shipped,Web
500165,100753,2025-01-24 04:47:02,Shipped,Web
500166,100001,2025-01-24 06:25:13,Processing,Web
500167,101000,2025-01-24 06:36:38,Cancelled,Phone
500168,100579,2025-01-24 07:08:28,Completed,Web
500169,100675,2025-01-24 11:41:03,Completed,Phone
500170,100202,2025-01-24 13:59:27,Completed,Web
500171,100199,2025-01-24 17:23:09,Cancelled,Web
500172,100198,2025-01-24 21:56:49,Shipped,Web
500173,100530,2025-01-24 22:34:06,Shipped,Web
500174,100151,2025-01-24 23:47:55,Completed,Mobile
500175,100579,2025-01-25 00:13:48,Processing,Web
500176,100734,2025-01-25 01:06:45,Cancelled,Web
500177,100522,2025-01-25 01:12:44,Completed,Mobile
500178,100202,2025-01-25 07:28:36,Completed,Mobile
500179,100056,2025-01-25 08:47:31,Completed,Web
500180,100272,2025-01-25 09:32:39,Processing,Web
500181,100969,2025-01-25 11:49:22,Completed,Mobile
500182,100887,2025-01-25 12:04:17,Completed,Web
500183,100478,2025-01-25 12:16:59,Completed,Mobile
500184,100289,2025-01-25 19:12:51,Completed,Mobile
500185,100838,2025-01-26 04:30:54,Completed,Mobile
500186,100229,2025-01-26 04:54:02,Completed,Mobile
500187,100245,2025-01-26 04:54:48,Completed,Web
500188,100346,2025-01-26 23:39:43,Completed,Web
500189,100118,2025-01-27 00:58:21,Completed,Phone
500190,100270,2025-01-27 06:00:53,Completed,Web
500191,100496,2025-01-27 09:06:44,Completed,Mobile
500192,100454,2025-01-27 14:15:24,Completed,Mobile
500193,100860,2025-01-27 21:00:22,Completed,Mobile
500194,100804,2025-01-27 21:39:19,Completed,Web
500195,100942,2025-01-27 23:31:36,Completed,Mobile
500196,100411,2025-01-28 00:17:43,Completed,Web
500197,100061,2025-01-28 03:24:11,Completed,Web
500198,100972,2025-01-28 05:24:54,Completed,Web
500199,100758,2025-01-28 10:00:57,Cancelled,Mobile
500200,100816,2025-01-28 10:53:02,Completed,Web
500201,100223,2025-01-28 12:47:40,Cancelled,Phone
500202,100477,2025-01-28 13:40:15,Completed,Web
500203,100427,2025-01-28 13:54:55,Completed,Web
500204,100842,2025-01-28 16:14:09,Completed,Mobile
500205,100028,2025-01-28 18:14:25,Shipped,Web
500206,100962,2025-01-28 23:00:54,Completed,Web
500207,100773,2025-01-28 23:07:25,Shipped,Web
500208,100553,2025-01-29 09:57:52,Completed,Mobile
500209,100639,2025-01-29 13:14:44,Completed,Phone
500210,100105,2025-01-29 13:41:39,Completed,Mobile
500211,100665,2025-01-29 13:41:43,Completed,Mobile
500212,100672,2025-01-29 15:48:17,Processing,Web
500213,100285,2025-01-29 22:42:06,Completed,Web
500214,100808,2025-01-30 00:23:32,Completed,Web
500215,100376,2025-01-30 03:43:17,Completed,Web
500216,100221,2025-01-30 04:26:56,Completed,Web
500217,100118,2025-01-30 05:07:58,Completed,Web
500218,100797,2025-01-30 07:23:12,Completed,Mobile
500219,100865,2025-01-30 08:19:06,Shipped,Web
500220,100733,2025-01-30 11:17:18,Completed,Mobile
500221,100264,2025-01-30 12:33:09,Completed,Mobile
500222,100502,2025-01-30 20:26:43,Completed,Web
500223,100013,2025-01-31 01:12:52,Cancelled,Web
500224,100823,2025-01-31 02:25:23,Completed,Web
500225,100989,2025-01-31 03:57:13,Completed,Web
500226,100438,2025-01-31 18:42:58,Completed,Phone
500227,100319,2025-01-31 22:20:23,Completed,Web
500228,100641,2025-02-01 00:14:12,Shipped,Web
500229,100299,2025-02-01 02:51:00,Completed,Phone
500230,100106,2025-02-01 09:29:21,Shipped,Web
500231,100391,2025-02-01 10:44:53,Shipped,Web
500232,100799,2025-02-01 10:54:38,Shipped,Web
500233,100601,2025-02-01 12:19:31,Completed,Web
500234,100098,2025-02-01 17:26:05,Completed,Phone
500235,100945,2025-02-01 20:20:19,Completed,Web
500236,100386,2025-02-01 22:08:36,Completed,Mobile
500237,100575,2025-02-02 07:07:03,Completed,Web
500238,100955,2025-02-02 08:22:29,Completed,Web
500239,100831,2025-02-02 10:47:38,Shipped,Web
500240,100004,2025-02-02 17:41:38,Shipped,Phone
500241,100500,2025-02-02 18:22:36,Completed,Web
500242,100619,2025-02-02 18:47:26,Completed,Web
500243,100775,2025-02-02 21:27:06,Completed,Web
500244,100536,2025-02-03 04:28:06,Completed,Mobile
500245,100387,2025-02-03 04:32:58,Shipped,Web
500246,100231,2025-02-03 05:39:53,Completed,Web
500247,100538,2025-02-03 09:28:43,Processing,Web
500248,100060,2025-02-03 10:14:54,Completed,Web
500249,100193,2025-02-03 13:27:29,Shipped,Mobile
500250,100161,2025-02-03 18:58:54,Completed,Web
500251,100718,2025-02-03 19:02:15,Completed,Web
500252,100627,2025-02-03 19:04:54,Completed,Web
500253,100217,2025-02-04 00:16:10,Cancelled,Mobile
500254,100411,2025-02-04 07:03:19,Completed,Web
500255,100644,2025-02-04 14:13:14,Cancelled,Mobile
500256,100326,2025-02-04 15:26:19,Shipped,Mobile
500257,100586,2025-02-04 22:50:46,Completed,Web
500258,100128,2025-02-04 23:44:33,Completed,Mobile
500259,100719,2025-02-05 01:10:32,Completed,Web
500260,100354,2025-02-05 03:22:11,Completed,Web
500261,100479,2025-02-05 06:08:34,Completed,Mobile
500262,100491,2025-02-05 13:13:46,Completed,Mobile
500263,100329,2025-02-05 16:20:54,Completed,Web
500264,100237,2025-02-05 20:14:52,Completed,Mobile
500265,100993,2025-02-05 22:59:49,Completed,Mobile
500266,100602,2025-02-05 23:35:08,Completed,Web
500267,100879,2025-02-05 23:38:54,Processing,Phone
500268,100484,2025-02-06 04:44:05,Completed,Web
500269,100918,2025-02-06 06:34:27,Completed,Web
500270,100463,2025-02-06 10:08:38,Completed,Web
500271,100248,2025-02-06 10:12:25,Cancelled,Web
500272,100047,2025-02-06 12:31:00,Shipped,Web
500273,100958,2025-02-06 14:59:41,Completed,Web
500274,100944,2025-02-06 21:29:18,Completed,Web
500275,100848,2025-02-07 01:07:46,Completed,Web
500276,100790,2025-02-07 04:09:14,Completed,Web
500277,100605,2025-02-07 08:39:19,Processing,Mobile
500278,100338,2025-02-07 08:55:40,Processing,Web
500279,100765,2025-02-07 12:22:15,Shipped,Web
500280,100937,2025-02-07 14:00:08,Completed,Mobile
500281,100324,2025-02-07 16:53:52,Completed,Phone
500282,100138,2025-02-07 22:53:55,Completed,Web
500283,100461,2025-02-08 01:56:10,Completed,Web
500284,100076,2025-02-08 02:40:42,Completed,Mobile
500285,100402,2025-02-08 05:58:07,Completed,Mobile
500286,100101,2025-02-08 07:49:39,Completed,Web
500287,100840,2025-02-08 15:32:21,Completed,Mobile
500288,100386,2025-02-08 16:38:04,Completed,Web
500289,100768,2025-02-08 20:56:41,Completed,Web
500290,100811,2025-02-08 21:48:15,Completed,Web
500291,100047,2025-02-09 00:03:15,Completed,Web
500292,100473,2025-02-09 05:18:36,Completed,Phone
500293,100509,2025-02-09 16:02:51,Shipped,Mobile
500294,100771,2025-02-09 17:03:48,Completed,Web
500295,100570,2025-02-09 17:49:19,Completed,Mobile
500296,100453,2025-02-09 23:48:16,Shipped,Web
500297,100059,2025-02-10 02:17:47,Completed,Phone
500298,100758,2025-02-10 16:16:43,Completed,Web
500299,100373,2025-02-10 17:19:35,Completed,Web
500300,100431,2025-02-10 23:24:08,Completed,Web
500301,100351,2025-02-11 01:00:34,Cancelled,Web
500302,100070,2025-02-11 08:15:13,Completed,Web
500303,100388,2025-02-11 12:05:42,Completed,Mobile
500304,100866,2025-02-11 12:17:03,Completed,Web
500305,100042,2025-02-11 13:23:47,Completed,Web
500306,100687,2025-02-11 14:43:53,Completed,Mobile
500307,100382,2025-02-12 00:14:48,Completed,Web
500308,100984,2025-02-12 09:12:21,Completed,Web
500309,100589,2025-02-12 09:29:08,Shipped,Mobile
500310,100934,2025-02-12 22:09:59,Shipped,Web
500311,100939,2025-02-13 04:44:08,Completed,Web
500312,100830,2025-02-13 06:57:56,Shipped,Phone
500313,100660,2025-02-13 11:04:01,Completed,Web
500314,100074,2025-02-13 14:42:02,Shipped,Phone
500315,100222,2025-02-13 15:36:10,Cancelled,Phone
500316,100968,2025-02-13 18:58:15,Processing,Phone
500317,100788,2025-02-13 20:03:32,Completed,Web
500318,100386,2025-02-13 22:49:49,Completed,Web
500319,100803,2025-02-14 02:24:46,Completed,Web
500320,100658,2025-02-14 02:27:35,Completed,Web
500321,100436,2025-02-14 04:17:54,Completed,Web
500322,100839,2025-02-14 07:48:47,Completed,Web
500323,100187,2025-02-14 10:38:26,Shipped,Web
500324,100671,2025-02-14 15:58:12,Completed,Mobile
500325,100227,2025-02-14 18:23:02,Completed,Web
500326,100970,2025-02-14 21:16:23,Completed,Web
500327,100249,2025-02-14 21:42:58,Completed,Web
500328,100117,2025-02-14 21:47:17,Processing,Mobile
500329,100624,2025-02-15 01:38:07,Shipped,Web
500330,100919,2025-02-15 07:12:13,Completed,Web
500331,100665,2025-02-15 08:26:36,Completed,Web
500332,100487,2025-02-15 14:11:25,Processing,Mobile
500333,100211,2025-02-15 16:52:55,Completed,Web
500334,100526,2025-02-15 17:55:58,Completed,Mobile
500335,100763,2025-02-15 18:44:00,Processing,Web
500336,100485,2025-02-15 21:22:31,Completed,Web
500337,100481,2025-02-15 23:32:19,Completed,Web
500338,100782,2025-02-16 01:59:55,Shipped,Web
500339,100230,2025-02-16 02:11:51,Completed,Web
500340,100867,2025-02-16 04:09:22,Processing,Web
500341,100999,2025-02-16 05:12:37,Completed,Web
500342,100180,2025-02-16 13:54:54,Completed,Mobile
500343,100900,2025-02-16 16:34:27,Shipped,Web
500344,100656,2025-02-16 18:09:16,Completed,Web
500345,100060,2025-02-16 21:49:06,Completed,Web
500346,100252,2025-02-17 00:26:09,Completed,Web
500347,100475,2025-02-17 08:28:50,Completed,Web
500348,100728,2025-02-17 17:05:55,Completed,Web
500349,100751,2025-02-17 19:19:22,Completed,Web
500350,100309,2025-02-17 20:57:38,Completed,Mobile
500351,100412,2025-02-18 01:35:56,Processing,Mobile
500352,100219,2025-02-18 05:50:17,Completed,Web
500353,100417,2025-02-18 07:13:07,Completed,Mobile
500354,100956,2025-02-18 08:35:08,Completed,Web
500355,100860,2025-02-18 09:55:52,Completed,Web
500356,100953,2025-02-18 11:54:03,Completed,Web
500357,100316,2025-02-18 14:21:34,Completed,Web
500358,100664,2025-02-19 02:03:33,Completed,Web
500359,100984,2025-02-19 02:57:55,Completed,Web
500360,100593,2025-02-19 10:15:02,Completed,Web
500361,100374,2025-02-19 16:00:28,Completed,Web
500362,100058,2025-02-19 16:20:13,Shipped,Web
500363,100093,2025-02-20 00:10:59,Completed,Mobile
500364,100402,2025-02-20 02:39:18,Completed,Web
500365,100253,2025-02-20 07:49:49,Processing,Web
500366,100698,2025-02-21 05:18:27,Completed,Mobile
500367,100813,2025-02-21 07:06:48,Shipped,Web
500368,100179,2025-02-21 07:29:35,Completed,Mobile
500369,100328,2025-02-21 08:14:47,Shipped,Mobile
500370,100304,2025-02-21 08:25:29,Processing,Mobile
500371,100368,2025-02-21 13:37:22,Completed,Web
500372,100425,2025-02-21 16:57:57,Completed,Mobile
500373,100663,2025-02-21 20:30:17,Completed,Phone
500374,100219,2025-02-21 20:30:33,Completed,Mobile
500375,100621,2025-02-21 21:41:21,Completed,Web
500376,100359,2025-02-21 23:53:12,Completed,Web
500377,100338,2025-02-22 00:33:39,Completed,Web
500378,100574,2025-02-22 01:26:07,Completed,Web
500379,100206,2025-02-22 06:15:14,Completed,Mobile
500380,100256,2025-02-22 08:34:29,Completed,Web
500381,100731,2025-02-22 09:53:26,Shipped,Web
500382,100930,2025-02-22 12:30:58,Shipped,Web
500383,100549,2025-02-22 17:33:59,Completed,Web
500384,100533,2025-02-22 18:10:06,Completed,Web
500385,100635,2025-02-23 10:32:57,Completed,Web
500386,100255,2025-02-23 15:07:51,Completed,Web
500387,100107,2025-02-23 22:12:17,Completed,Phone
500388,100405,2025-02-23 22:53:55,Completed,Web
500389,100351,2025-02-23 23:34:43,Completed,Web
500390,100016,2025-02-24 03:39:33,Completed,Mobile
500391,100966,2025-02-24 05:02:32,Completed,Web
500392,100142,2025-02-24 06:32:56,Completed,Mobile
500393,100874,2025-02-24 16:38:26,Completed,Web
500394,100303,2025-02-24 18:04:15,Completed,Mobile
500395,100188,2025-02-25 03:17:13,Completed,Phone
500396,100523,2025-02-25 03:58:12,Completed,Phone
500397,100411,2025-02-25 17:03:16,Completed,Phone
500398,100241,2025-02-25 17:17:33,Shipped,Mobile
500399,100194,2025-02-25 17:50:01,Completed,Web
500400,100551,2025-02-26 05:54:32,Completed,Web
500401,100193,2025-02-26 06:02:49,Shipped,Web
500402,100121,2025-02-26 10:56:56,Completed,Web
500403,100576,2025-02-26 12:54:37,Completed,Mobile
500404,100064,2025-02-26 13:47:08,Cancelled,Web
500405,100027,2025-02-27 05:41:25,Completed,Web
500406,100008,2025-02-27 13:02:55,Completed,Phone
500407,100159,2025-02-27 19:10:52,Completed,Web
500408,100365,2025-02-28 03:19:24,Completed,Mobile
500409,100034,2025-02-28 03:58:59,Completed,Phone
500410,100702,2025-02-28 04:19:42,Completed,Mobile
500411,100212,2025-02-28 11:17:37,Completed,Web
500412,100411,2025-02-28 15:01:59,Completed,Mobile
500413,100015,2025-02-28 17:09:11,Completed,Web
500414,100748,2025-02-28 17:11:22,Completed,Web
500415,100802,2025-02-28 20:48:55,Shipped,Web
500416,100867,2025-02-28 22:54:32,Completed,Phone
500417,100126,2025-02-28 23:24:05,Completed,Mobile
500418,100878,2025-03-01 11:34:17,Completed,Mobile
500419,100205,2025-03-01 15:54:50,Completed,Mobile
500420,100451,2025-03-01 18:04:02,Completed,Mobile
500421,100661,2025-03-01 18:33:21,Processing,Web
500422,100285,2025-03-01 19:09:12,Processing,Mobile
500423,100267,2025-03-01 20:15:33,Completed,Web
500424,100255,2025-03-01 21:22:53,Completed,Web
500425,100274,2025-03-01 23:42:42,Completed,Web
500426,100812,2025-03-02 04:27:59,Completed,Web
500427,100189,2025-03-02 04:52:34,Shipped,Mobile
500428,100716,2025-03-02 06:42:44,Cancelled,Mobile
500429,100392,2025-03-02 07:33:21,Processing,Web
500430,100797,2025-03-02 20:36:42,Cancelled,Web
500431,100019,2025-03-02 20:52:02,Completed,Web
500432,100163,2025-03-02 21:49:32,Completed,Mobile
500433,100133,2025-03-03 01:07:20,Shipped,Web
500434,100381,2025-03-03 03:12:39,Completed,Web
500435,100956,2025-03-03 04:59:45,Completed,Web
500436,100996,2025-03-03 09:44:48,Processing,Web
500437,100246,2025-03-03 18:31:55,Shipped,Web
500438,100982,2025-03-03 21:42:23,Completed,Mobile
500439,100541,2025-03-03 23:35:05,Completed,Web
500440,100348,2025-03-04 01:01:38,Completed,Web
500441,100926,2025-03-04 09:39:57,Shipped,Web
500442,100128,2025-03-04 10:26:23,Completed,Web
500443,100192,2025-03-04 13:52:00,Shipped,Phone
500444,100228,2025-03-04 16:15:41,Completed,Web
500445,100855,2025-03-04 16:52:41,Completed,Mobile
500446,100092,2025-03-04 19:04:42,Completed,Web
500447,100452,2025-03-04 19:29:09,Completed,Mobile
500448,100121,2025-03-04 20:37:31,Completed,Mobile
500449,100087,2025-03-04 21:29:48,Shipped,Mobile
500450,100082,2025-03-04 21:55:45,Completed,Web
500451,100452,2025-03-05 03:47:24,Processing,Web
500452,100994,2025-03-05 10:54:15,Completed,Web
500453,100503,2025-03-05 14:53:11,Completed,Mobile
500454,100843,2025-03-05 19:11:06,Completed,Web
500455,100069,2025-03-05 19:16:01,Completed,Web
500456,100659,2025-03-05 23:24:58,Completed,Web
500457,100398,2025-03-06 15:13:31,Completed,Mobile
500458,100281,2025-03-06 16:55:40,Completed,Web
500459,100962,2025-03-06 16:56:49,Completed,Mobile
500460,100343,2025-03-06 19:20:35,Completed,Web
500461,100143,2025-03-06 20:02:31,Completed,Mobile
500462,100093,2025-03-07 06:08:34,Completed,Mobile
500463,100868,2025-03-07 13:14:37,Processing,Web
500464,100817,2025-03-07 14:16:34,Completed,Web
500465,100212,2025-03-07 18:00:49,Shipped,Web
500466,100242,2025-03-07 23:11:18,Shipped,Mobile
500467,100291,2025-03-08 04:01:59,Completed,Web
500468,100589,2025-03-08 06:59:13,Shipped,Mobile
500469,100073,2025-03-08 08:19:36,Completed,Web
500470,100898,2025-03-08 16:18:40,Completed,Web
500471,100009,2025-03-08 19:39:03,Shipped,Web
500472,100526,2025-03-09 04:14:58,Completed,Mobile
500473,100756,2025-03-09 06:50:59,Completed,Web
500474,100013,2025-03-09 15:01:18,Completed,Mobile
500475,100327,2025-03-09 18:11:01,Completed,Web
500476,100022,2025-03-09 21:31:10,Completed,Web
500477,100518,2025-03-10 02:40:04,Completed,Mobile
500478,100289,2025-03-10 03:18:04,Completed,Web
500479,100847,2025-03-10 03:22:03,Completed,Web
500480,100139,2025-03-10 16:27:57,Completed,Web
500481,100479,2025-03-10 17:48:36,Completed,Phone
500482,100737,2025-03-10 18:51:06,Completed,Web
500483,100059,2025-03-10 19:57:02,Completed,Web
500484,100209,2025-03-10 23:16:45,Completed,Web
500485,100698,2025-03-11 05:31:17,Completed,Mobile
500486,100445,2025-03-11 05:34:35,Processing,Web
500487,100453,2025-03-11 06:58:07,Completed,Web
500488,100332,2025-03-11 08:16:17,Completed,Web
500489,100372,2025-03-11 17:36:55,Completed,Web
500490,100732,2025-03-11 17:50:48,Completed,Web
500491,100571,2025-03-11 17:57:06,Shipped,Web
500492,100281,2025-03-11 18:10:25,Completed,Web
500493,100871,2025-03-12 00:16:04,Completed,Web
500494,100821,2025-03-12 04:52:28,Shipped,Mobile
500495,100623,2025-03-12 07:23:33,Completed,Mobile
500496,100714,2025-03-12 09:23:57,Completed,Mobile
500497,100512,2025-03-12 10:43:38,Completed,Web
500498,100681,2025-03-12 12:08:43,Completed,Web
500499,100569,2025-03-12 14:13:20,Completed,Web
500500,100227,2025-03-12 16:42:12,Cancelled,Mobile
500501,100520,2025-03-12 18:46:35,Completed,Web
500502,100172,2025-03-12 23:46:50,Cancelled,Mobile
500503,100824,2025-03-13 00:44:30,Completed,Phone
500504,100296,2025-03-13 01:22:48,Cancelled,Web
500505,100464,2025-03-13 09:58:27,Shipped,Web
500506,100554,2025-03-13 10:09:11,Completed,Web
500507,100766,2025-03-13 12:59:25,Completed,Web
500508,100520,2025-03-13 13:07:32,Completed,Web
500509,101000,2025-03-13 14:21:38,Shipped,Mobile
500510,100157,2025-03-13 14:30:54,Completed,Web
500511,100167,2025-03-13 17:15:07,Completed,Mobile
500512,100991,2025-03-13 20:41:22,Completed,Phone
500513,100927,2025-03-13 21:35:42,Completed,Web
500514,100533,2025-03-13 22:04:47,Completed,Web
500515,100609,2025-03-14 01:49:17,Completed,Phone
500516,100468,2025-03-14 02:39:02,Processing,Mobile
500517,100536,2025-03-14 07:22:25,Completed,Mobile
500518,100321,2025-03-14 08:24:31,Completed,Mobile
500519,100461,2025-03-14 11:14:57,Completed,Web
500520,100697,2025-03-14 11:40:56,Shipped,Phone
500521,100051,2025-03-14 12:51:01,Completed,Web
500522,100241,2025-03-14 13:22:56,Completed,Web
500523,100700,2025-03-14 13:47:29,Shipped,Phone
500524,100230,2025-03-14 14:22:45,Completed,Web
500525,100226,2025-03-14 14:26:21,Shipped,Mobile
500526,100036,2025-03-14 19:26:18,Completed,Web
500527,100414,2025-03-14 23:09:50,Completed,Web
500528,100779,2025-03-15 06:34:33,Processing,Web
500529,100030,2025-03-15 09:38:04,Completed,Mobile
500530,100627,2025-03-15 09:39:09,Completed,Web
500531,100576,2025-03-15 12:03:23,Completed,Web
500532,100630,2025-03-15 12:30:30,Completed,Web
500533,100686,2025-03-15 12:45:40,Completed,Web
500534,100481,2025-03-15 15:16:49,Completed,Web
500535,100068,2025-03-15 18:04:02,Completed,Mobile
500536,100705,2025-03-15 18:57:20,Processing,Phone
500537,100925,2025-03-15 19:49:48,Completed,Web
500538,100474,2025-03-15 21:10:26,Completed,Mobile
500539,100569,2025-03-15 21:15:02,Shipped,Web
500540,100956,2025-03-15 22:24:27,Completed,Web
500541,100079,2025-03-15 22:33:10,Completed,Web
500542,100488,2025-03-16 03:46:19,Completed,Web
500543,100759,2025-03-16 08:02:42,Completed,Web
500544,100338,2025-03-16 08:25:54,Completed,Mobile
500545,100273,2025-03-16 09:23:34,Completed,Web
500546,100372,2025-03-16 15:15:06,Completed,Web
500547,100798,2025-03-16 18:29:35,Completed,Web
500548,100905,2025-03-16 22:44:35,Completed,Mobile
500549,100837,2025-03-17 00:21:25,Completed,Web
500550,100307,2025-03-17 05:02:13,Completed,Web
500551,100907,2025-03-17 05:49:27,Completed,Web
500552,100869,2025-03-17 14:16:05,Completed,Web
500553,100730,2025-03-17 16:25:04,Completed,Web
500554,100883,2025-03-17 20:26:51,Completed,Web
500555,100654,2025-03-17 20:32:49,Shipped,Web
500556,100329,2025-03-18 00:55:20,Completed,Phone
500557,100214,2025-03-18 04:31:27,Shipped,Mobile
500558,100015,2025-03-18 07:11:07,Shipped,Phone
500559,100631,2025-03-18 07:39:56,Shipped,Web
500560,100963,2025-03-18 08:34:13,Shipped,Web
500561,100435,2025-03-18 15:29:14,Completed,Mobile
500562,100078,2025-03-18 16:32:25,Completed,Web
500563,100224,2025-03-18 20:26:32,Completed,Web
500564,100691,2025-03-19 02:51:01,Completed,Mobile
500565,100595,2025-03-19 05:32:59,Completed,Mobile
500566,100742,2025-03-19 09:59:24,Completed,Mobile
500567,100806,2025-03-19 11:37:06,Completed,Phone
500568,100220,2025-03-19 18:38:22,Shipped,Mobile
500569,100475,2025-03-20 02:40:28,Completed,Mobile
500570,100779,2025-03-20 04:18:56,Completed,Mobile
500571,100415,2025-03-20 09:30:14,Cancelled,Web
500572,100471,2025-03-20 12:57:48,Completed,Phone
500573,100526,2025-03-21 00:29:59,Completed,Web
500574,100358,2025-03-21 04:24:40,Shipped,Web
500575,100186,2025-03-21 07:57:53,Processing,Web
500576,100946,2025-03-21 09:49:14,Shipped,Web
500577,100989,2025-03-21 12:39:32,Completed,Web
500578,100848,2025-03-21 18:09:25,Completed,Mobile
500579,100782,2025-03-21 19:25:18,Completed,Mobile
500580,100623,2025-03-21 20:56:11,Processing,Mobile
500581,100511,2025-03-21 22:14:07,Completed,Web
500582,100925,2025-03-22 04:26:35,Processing,Web
500583,100569,2025-03-22 16:25:07,Completed,Web
500584,100870,2025-03-22 18:58:33,Completed,Mobile
500585,100480,2025-03-22 19:22:25,Completed,Mobile
500586,100907,2025-03-23 00:31:46,Completed,Web
500587,100815,2025-03-23 03:46:26,Completed,Web
500588,100770,2025-03-23 07:48:03,Completed,Web
500589,100211,2025-03-23 09:26:22,Completed,Web
500590,100321,2025-03-23 09:41:05,Completed,Mobile
500591,100518,2025-03-23 10:32:08,Shipped,Web
500592,100291,2025-03-23 10:59:40,Completed,Web
500593,100320,2025-03-23 11:31:11,Completed,Web
500594,100368,2025-03-23 12:30:50,Completed,Web
500595,100963,2025-03-23 14:33:43,Completed,Web
500596,100837,2025-03-23 16:01:59,Completed,Mobile
500597,100070,2025-03-23 17:11:20,Completed,Web
500598,100119,2025-03-23 17:16:17,Completed,Mobile
500599,100299,2025-03-23 18:55:25,Cancelled,Web
500600,100048,2025-03-23 20:20:54,Completed,Mobile
500601,100253,2025-03-23 23:08:09,Completed,Web
500602,100666,2025-03-24 00:34:17,Completed,Web
500603,100458,2025-03-24 03:59:59,Completed,Web
500604,100564,2025-03-24 09:31:51,Processing,Phone
500605,100513,2025-03-24 14:35:07,Completed,Web
500606,100701,2025-03-24 16:25:16,Completed,Web
500607,100109,2025-03-24 18:55:55,Completed,Web
500608,100489,2025-03-24 22:22:58,Shipped,Web
500609,100932,2025-03-24 23:32:00,Completed,Web
500610,100231,2025-03-25 02:51:53,Completed,Web
500611,100206,2025-03-25 12:07:32,Shipped,Web
500612,100501,2025-03-25 19:43:22,Completed,Mobile
500613,100365,2025-03-26 00:52:35,Shipped,Web
500614,100218,2025-03-26 19:28:25,Completed,Web
500615,100626,2025-03-26 21:22:13,Completed,Web
500616,100816,2025-03-26 21:44:49,Completed,Web
500617,100340,2025-03-26 23:56:40,Completed,Web
500618,100051,2025-03-27 03:20:08,Completed,Web
500619,100404,2025-03-27 07:13:06,Completed,Web
500620,100433,2025-03-27 08:05:19,Cancelled,Mobile
500621,100703,2025-03-27 09:59:55,Completed,Web
500622,100350,2025-03-27 10:20:23,Completed,Web
500623,100201,2025-03-27 19:10:11,Completed,Web
500624,100896,2025-03-27 19:19:57,Completed,Phone
500625,100999,2025-03-27 20:50:27,Completed,Web
500626,100118,2025-03-28 06:49:52,Shipped,Mobile
500627,100170,2025-03-28 12:51:30,Completed,Web
500628,100654,2025-03-28 14:23:59,Completed,Web
500629,100138,2025-03-28 19:05:06,Processing,Web
500630,100995,2025-03-29 00:05:36,Completed,Mobile
500631,100301,2025-03-29 04:02:38,Completed,Web
500632,100149,2025-03-29 07:09:42,Completed,Mobile
500633,100908,2025-03-29 07:29:30,Completed,Mobile
500634,100912,2025-03-29 08:00:58,Completed,Web
500635,100728,2025-03-29 11:10:57,Processing,Mobile
500636,100621,2025-03-29 13:54:10,Completed,Web
500637,100074,2025-03-29 15:58:44,Completed,Mobile
500638,100942,2025-03-29 22:41:30,Completed,Mobile
500639,100913,2025-03-30 04:13:28,Shipped,Mobile
500640,100064,2025-03-30 06:09:08,Completed,Web
500641,100553,2025-03-30 15:37:07,Cancelled,Phone
500642,100548,2025-03-31 01:57:20,Completed,Web
500643,100738,2025-03-31 03:14:13,Shipped,Mobile
500644,100920,2025-03-31 05:05:22,Completed,Mobile
500645,100890,2025-03-31 08:08:03,Completed,Web
500646,100764,2025-03-31 11:30:24,Completed,Web
500647,100531,2025-03-31 12:49:00,Completed,Web
500648,100786,2025-03-31 15:46:33,Completed,Web
500649,100828,2025-03-31 15:56:47,Shipped,Web
500650,100588,2025-03-31 17:25:05,Completed,Web
500651,100982,2025-03-31 19:25:09,Completed,Mobile
500652,100428,2025-03-31 21:50:26,Completed,Mobile
500653,100487,2025-04-01 01:26:03,Completed,Web
500654,100179,2025-04-01 02:51:44,Completed,Mobile
500655,100100,2025-04-01 07:12:57,Shipped,Web
500656,100014,2025-04-01 12:20:42,Completed,Mobile
500657,100724,2025-04-01 16:47:11,Processing,Web
500658,100620,2025-04-02 02:29:57,Completed,Web
500659,100840,2025-04-02 03:15:42,Processing,Web
500660,100080,2025-04-02 06:29:53,Shipped,Web
500661,100192,2025-04-02 08:29:52,Completed,Web
500662,100754,2025-04-02 13:59:41,Completed,Web
500663,100521,2025-04-02 14:32:02,Completed,Web
500664,100320,2025-04-02 16:25:36,Completed,Web
500665,100557,2025-04-02 23:49:37,Completed,Web
500666,100386,2025-04-03 03:18:36,Completed,Web
500667,100502,2025-04-03 06:50:27,Completed,Web
500668,100779,2025-04-03 09:34:54,Completed,Web
500669,100813,2025-04-03 10:04:03,Completed,Web
500670,100476,2025-04-03 10:22:18,Completed,Web
500671,100583,2025-04-03 12:03:56,Completed,Web
500672,100809,2025-04-03 15:58:52,Completed,Web
500673,100527,2025-04-03 23:41:49,Completed,Web
500674,100977,2025-04-04 01:06:19,Completed,Mobile
500675,100270,2025-04-04 06:11:32,Processing,Web
500676,100394,2025-04-04 07:05:31,Completed,Mobile
500677,100474,2025-04-04 08:20:49,Completed,Mobile
500678,100860,2025-04-04 08:32:28,Completed,Web
500679,100072,2025-04-04 15:29:23,Completed,Web
500680,100261,2025-04-04 17:01:19,Completed,Web
500681,100953,2025-04-04 17:13:50,Completed,Web
500682,100432,2025-04-04 20:27:10,Completed,Web
500683,100783,2025-04-04 20:56:23,Completed,Web
500684,100973,2025-04-04 22:09:35,Completed,Web
500685,100390,2025-04-05 02:39:16,Completed,Web
500686,100823,2025-04-05 12:37:13,Completed,Web
500687,100634,2025-04-05 12:59:59,Completed,Phone
500688,100012,2025-04-05 15:38:33,Completed,Web
500689,100363,2025-04-05 17:11:37,Shipped,Web
500690,100843,2025-04-05 18:20:33,Completed,Mobile
500691,100974,2025-04-05 18:58:54,Completed,Web
500692,100609,2025-04-05 19:30:09,Completed,Mobile
500693,100659,2025-04-05 20:04:50,Completed,Web
500694,100552,2025-04-05 22:07:21,Completed,Mobile
500695,100163,2025-04-05 22:15:25,Completed,Mobile
500696,100230,2025-04-06 00:50:08,Processing,Web
500697,100928,2025-04-06 19:50:48,Completed,Mobile
500698,100485,2025-04-07 04:13:08,Completed,Phone
500699,100482,2025-04-07 06:37:25,Completed,Phone
500700,100763,2025-04-07 08:33:35,Completed,Web
500701,100660,2025-04-07 09:52:28,Completed,Web
500702,100275,2025-04-07 12:07:15,Completed,Web
500703,100502,2025-04-07 16:44:51,Completed,Web
500704,100656,2025-04-07 17:53:04,Shipped,Web
500705,100483,2025-04-08 03:37:15,Shipped,Phone
500706,100915,2025-04-08 06:16:22,Completed,Web
500707,100329,2025-04-08 07:04:16,Completed,Web
500708,100885,2025-04-08 09:34:37,Completed,Mobile
500709,100031,2025-04-08 09:50:11,Completed,Web
500710,100657,2025-04-08 10:10:40,Completed,Phone
500711,100908,2025-04-08 12:54:50,Processing,Web
500712,100714,2025-04-08 13:05:02,Completed,Mobile
500713,100691,2025-04-08 18:27:33,Completed,Mobile
500714,100780,2025-04-08 21:04:32,Processing,Web
500715,100863,2025-04-08 21:32:19,Completed,Mobile
500716,100897,2025-04-08 22:28:31,Completed,Web
500717,100419,2025-04-08 23:09:37,Completed,Web
500718,100338,2025-04-09 00:34:22,Completed,Web
500719,100540,2025-04-09 02:11:13,Completed,Web
500720,100456,2025-04-09 06:48:22,Completed,Mobile
500721,100382,2025-04-09 11:03:55,Processing,Web
500722,100934,2025-04-09 16:59:45,Completed,Web
500723,100428,2025-04-10 01:08:03,Completed,Web
500724,100411,2025-04-10 07:47:09,Completed,Web
500725,100461,2025-04-10 09:56:15,Completed,Mobile
500726,100439,2025-04-10 15:42:01,Completed,Web
500727,100599,2025-04-10 16:18:48,Completed,Web
500728,100053,2025-04-10 21:40:39,Completed,Web
500729,100527,2025-04-11 03:14:38,Completed,Web
500730,100273,2025-04-11 04:57:34,Shipped,Mobile
500731,100945,2025-04-11 14:19:12,Completed,Mobile
500732,100933,2025-04-11 15:58:54,Completed,Mobile
500733,100508,2025-04-11 16:24:39,Completed,Web
500734,100837,2025-04-11 16:46:26,Shipped,Web
500735,100814,2025-04-12 01:24:56,Completed,Web
500736,100683,2025-04-12 05:59:12,Completed,Web
500737,100515,2025-04-12 08:43:24,Processing,Mobile
500738,100099,2025-04-12 08:44:35,Completed,Web
500739,100206,2025-04-12 15:32:38,Completed,Web
500740,100931,2025-04-12 17:35:42,Completed,Web
500741,100790,2025-04-12 19:25:46,Completed,Web
500742,100764,2025-04-12 20:27:59,Completed,Web
500743,100471,2025-04-12 23:46:58,Completed,Web
500744,100402,2025-04-13 00:32:34,Shipped,Mobile
500745,100866,2025-04-13 04:54:05,Completed,Web
500746,100390,2025-04-13 06:49:35,Completed,Web
500747,100389,2025-04-13 08:25:40,Completed,Mobile
500748,100282,2025-04-13 19:59:36,Processing,Web
500749,100322,2025-04-13 23:51:48,Completed,Web
500750,100677,2025-04-14 07:38:00,Completed,Web
500751,100294,2025-04-14 13:19:31,Completed,Web
500752,100914,2025-04-14 14:12:20,Completed,Mobile
500753,100172,2025-04-14 14:37:52,Processing,Web
500754,100078,2025-04-14 20:13:51,Completed,Mobile
500755,100915,2025-04-14 23:40:25,Completed,Web
500756,100366,2025-04-15 02:19:59,Completed,Web
500757,100450,2025-04-15 05:00:57,Shipped,Mobile
500758,100497,2025-04-15 07:56:04,Completed,Web
500759,100515,2025-04-15 12:04:22,Completed,Web
500760,100510,2025-04-15 12:32:53,Completed,Web
500761,100894,2025-04-15 16:14:14,Completed,Web
500762,100666,2025-04-15 20:51:53,Completed,Web
500763,100490,2025-04-15 22:36:41,Completed,Mobile
500764,100179,2025-04-16 04:21:26,Completed,Web
500765,100786,2025-04-16 07:06:00,Completed,Web
500766,100604,2025-04-16 07:33:52,Completed,Web
500767,100170,2025-04-16 09:10:57,Completed,Mobile
500768,100206,2025-04-16 11:11:44,Completed,Mobile
500769,100571,2025-04-16 14:55:47,Processing,Web
500770,100148,2025-04-16 18:23:33,Shipped,Web
500771,100186,2025-04-16 19:24:12,Processing,Web
500772,100499,2025-04-16 20:22:09,Completed,Web
500773,100901,2025-04-16 22:26:39,Completed,Web
500774,100769,2025-04-17 01:56:16,Completed,Web
500775,100671,2025-04-17 03:30:56,Cancelled,Web
500776,100029,2025-04-17 04:22:20,Completed,Web
500777,100687,2025-04-17 04:32:47,Completed,Web
500778,100788,2025-04-17 05:33:51,Completed,Web
500779,100695,2025-04-17 16:50:17,Processing,Web
500780,100082,2025-04-17 17:16:01,Completed,Web
500781,100248,2025-04-18 09:42:50,Completed,Web
500782,100469,2025-04-18 20:56:10,Processing,Web
500783,100749,2025-04-19 00:03:32,Completed,Mobile
500784,100846,2025-04-19 02:20:53,Completed,Mobile
500785,100346,2025-04-19 04:41:24,Cancelled,Web
500786,100076,2025-04-19 04:59:25,Shipped,Web
500787,100178,2025-04-19 09:08:48,Completed,Web
500788,100058,2025-04-19 12:18:17,Completed,Web
500789,100801,2025-04-19 16:55:03,Completed,Mobile
500790,100868,2025-04-19 20:27:24,Cancelled,Web
500791,100299,2025-04-19 20:49:49,Completed,Mobile
500792,100287,2025-04-19 21:17:24,Completed,Web
500793,100193,2025-04-19 21:37:59,Shipped,Mobile
500794,100572,2025-04-20 02:31:10,Completed,Mobile
500795,100148,2025-04-20 06:33:01,Completed,Web
500796,100558,2025-04-20 07:42:35,Completed,Mobile
500797,100223,2025-04-20 07:46:57,Completed,Web
500798,100820,2025-04-20 09:04:16,Completed,Mobile
500799,100478,2025-04-20 12:17:33,Completed,Web
500800,100974,2025-04-20 14:16:30,Completed,Web
500801,100943,2025-04-20 19:55:52,Completed,Mobile
500802,100705,2025-04-20 22:17:13,Completed,Mobile
500803,100262,2025-04-20 22:35:12,Processing,Mobile
500804,100967,2025-04-20 22:36:00,Completed,Web
500805,100926,2025-04-21 02:18:40,Completed,Web
500806,100583,2025-04-21 13:05:32,Shipped,Web
500807,100353,2025-04-21 19:10:22,Completed,Mobile
500808,100498,2025-04-22 09:48:40,Completed,Mobile
500809,100964,2025-04-22 12:43:04,Completed,Web
500810,100350,2025-04-22 14:01:21,Completed,Web
500811,100975,2025-04-23 02:25:45,Completed,Mobile
500812,100446,2025-04-23 06:52:05,Completed,Mobile
500813,100337,2025-04-23 11:38:13,Completed,Web
500814,100599,2025-04-23 16:01:11,Completed,Web
500815,100177,2025-04-23 18:32:40,Shipped,Mobile
500816,100420,2025-04-24 01:34:18,Processing,Web
500817,100598,2025-04-24 01:44:27,Completed,Phone
500818,100290,2025-04-24 10:53:54,Completed,Web
500819,100312,2025-04-24 12:09:46,Completed,Web
500820,100403,2025-04-24 18:11:34,Shipped,Web
500821,100062,2025-04-24 21:45:18,Completed,Mobile
500822,100345,2025-04-24 21:50:12,Completed,Web
500823,100756,2025-04-25 01:16:42,Cancelled,Web
500824,100472,2025-04-25 06:55:49,Cancelled,Web
500825,100709,2025-04-25 07:04:53,Completed,Web
500826,100991,2025-04-25 10:08:50,Completed,Mobile
500827,100827,2025-04-25 17:31:30,Completed,Mobile
500828,100421,2025-04-25 20:30:39,Completed,Mobile
500829,100075,2025-04-25 22:08:39,Completed,Web
500830,100882,2025-04-26 01:13:04,Completed,Mobile
500831,100948,2025-04-26 02:11:51,Completed,Web
500832,100137,2025-04-26 02:29:08,Shipped,Mobile
500833,100685,2025-04-26 07:58:15,Completed,Web
500834,100997,2025-04-26 08:33:16,Processing,Web
500835,100774,2025-04-26 13:37:02,Completed,Web
500836,100645,2025-04-26 14:44:07,Completed,Mobile
500837,100821,2025-04-26 17:36:06,Completed,Phone
500838,100970,2025-04-26 18:11:17,Shipped,Mobile
500839,100945,2025-04-26 19:09:46,Completed,Web
500840,100957,2025-04-26 21:57:44,Completed,Web
500841,100045,2025-04-26 23:41:47,Completed,Web
500842,100907,2025-04-27 04:12:42,Completed,Web
500843,100719,2025-04-27 05:19:38,Shipped,Mobile
500844,100036,2025-04-27 07:08:27,Completed,Web
500845,100062,2025-04-27 12:20:58,Completed,Web
500846,100019,2025-04-27 15:09:47,Completed,Phone
500847,100055,2025-04-27 17:29:08,Cancelled,Mobile
500848,100065,2025-04-28 01:39:57,Completed,Web
500849,100335,2025-04-28 01:40:33,Completed,Mobile
500850,100162,2025-04-28 02:35:46,Processing,Web
500851,100104,2025-04-28 09:08:15,Completed,Web
500852,100513,2025-04-28 14:40:46,Shipped,Mobile
500853,100760,2025-04-28 21:20:41,Completed,Web
500854,100475,2025-04-28 22:50:41,Completed,Mobile
500855,100095,2025-04-28 23:12:21,Completed,Web
500856,100482,2025-04-28 23:29:04,Cancelled,Web
500857,100800,2025-04-29 05:12:03,Completed,Web
500858,100810,2025-04-29 07:08:13,Completed,Web
500859,100476,2025-04-29 07:22:47,Completed,Mobile
500860,100167,2025-04-29 16:13:41,Completed,Web
500861,100967,2025-04-29 22:23:50,Completed,Mobile
500862,100816,2025-04-30 00:33:13,Completed,Web
500863,100037,2025-04-30 00:35:00,Completed,Web
500864,100478,2025-04-30 00:35:32,Shipped,Web
500865,100535,2025-04-30 11:41:53,Completed,Web
500866,100798,2025-04-30 12:31:32,Shipped,Web
500867,100554,2025-04-30 12:42:49,Completed,Mobile
500868,100376,2025-04-30 18:20:49,Cancelled,Mobile
500869,100932,2025-04-30 19:09:34,Completed,Web
500870,100563,2025-04-30 19:28:06,Completed,Mobile
500871,100957,2025-05-01 01:09:58,Completed,Web
500872,100053,2025-05-01 10:50:58,Completed,Mobile
500873,100870,2025-05-01 13:47:41,Processing,Web
500874,100921,2025-05-01 14:26:33,Completed,Mobile
500875,100681,2025-05-01 18:02:51,Completed,Mobile
500876,100451,2025-05-01 22:28:43,Completed,Web
500877,100902,2025-05-02 00:55:50,Completed,Web
500878,100360,2025-05-02 20:17:07,Completed,Web
500879,100247,2025-05-02 23:10:45,Completed,Mobile
500880,100164,2025-05-02 23:49:38,Processing,Web
500881,100372,2025-05-03 02:24:42,Completed,Web
500882,100501,2025-05-03 06:18:34,Completed,Web
500883,100130,2025-05-03 08:55:34,Completed,Web
500884,100084,2025-05-03 10:17:10,Completed,Mobile
500885,100434,2025-05-03 13:25:03,Completed,Web
500886,100434,2025-05-03 13:26:50,Completed,Web
500887,100151,2025-05-03 13:37:12,Completed,Web
500888,100559,2025-05-03 16:51:32,Shipped,Web
500889,100570,2025-05-04 03:41:37,Completed,Web
500890,100154,2025-05-04 17:10:21,Completed,Mobile
500891,100543,2025-05-04 17:20:33,Completed,Web
500892,100478,2025-05-04 22:55:12,Completed,Mobile
500893,100157,2025-05-05 00:51:16,Shipped,Web
500894,100985,2025-05-05 01:21:15,Completed,Mobile
500895,100834,2025-05-05 02:07:45,Completed,Web
500896,100060,2025-05-05 07:37:20,Completed,Web
500897,100523,2025-05-05 09:55:31,Completed,Web
500898,100748,2025-05-05 17:19:41,Cancelled,Phone
500899,100181,2025-05-05 17:43:03,Processing,Web
500900,100370,2025-05-05 19:22:42,Completed,Mobile
500901,100743,2025-05-05 19:32:08,Completed,Mobile
500902,100391,2025-05-06 03:19:11,Completed,Web
500903,100425,2025-05-06 04:31:12,Completed,Web
500904,100507,2025-05-06 08:42:06,Completed,Web
500905,100584,2025-05-06 11:01:26,Completed,Web
500906,100140,2025-05-06 15:59:14,Shipped,Mobile
500907,101000,2025-05-06 17:37:36,Shipped,Web
500908,100227,2025-05-06 17:46:53,Completed,Web
500909,100541,2025-05-06 18:44:20,Completed,Mobile
500910,100554,2025-05-06 21:34:51,Shipped,Mobile
500911,100386,2025-05-07 00:11:20,Completed,Web
500912,100426,2025-05-07 00:13:14,Shipped,Web
500913,100599,2025-05-07 04:00:26,Completed,Web
500914,100363,2025-05-07 05:52:43,Completed,Web
500915,100902,2025-05-07 10:30:38,Completed,Phone
500916,100529,2025-05-07 12:42:42,Completed,Web
500917,100987,2025-05-07 15:09:22,Completed,Web
500918,100127,2025-05-07 19:53:57,Completed,Web
500919,100012,2025-05-07 21:51:26,Completed,Mobile
500920,100126,2025-05-08 00:27:02,Completed,Web
500921,100786,2025-05-08 01:17:22,Shipped,Web
500922,100164,2025-05-08 02:05:32,Completed,Web
500923,100885,2025-05-08 16:16:07,Completed,Mobile
500924,100615,2025-05-08 19:07:42,Shipped,Web
500925,100402,2025-05-09 08:42:26,Completed,Mobile
500926,100396,2025-05-09 10:10:45,Completed,Web
500927,100022,2025-05-09 10:18:36,Completed,Web
500928,100766,2025-05-09 18:09:19,Completed,Web
500929,100651,2025-05-10 02:47:10,Completed,Web
500930,100138,2025-05-10 07:24:11,Completed,Web
500931,100948,2025-05-10 11:27:22,Completed,Phone
500932,100973,2025-05-10 13:06:57,Completed,Web
500933,100313,2025-05-10 17:47:41,Completed,Web
500934,100491,2025-05-10 21:04:54,Completed,Web
500935,100205,2025-05-11 01:02:48,Completed,Web
500936,100195,2025-05-11 01:22:17,Shipped,Web
500937,100999,2025-05-11 07:35:08,Shipped,Web
500938,100470,2025-05-11 10:25:13,Completed,Web
500939,100476,2025-05-11 11:24:26,Completed,Web
500940,100503,2025-05-11 12:03:48,Completed,Web
500941,100118,2025-05-11 12:30:24,Completed,Web
500942,100868,2025-05-11 15:29:27,Completed,Web
500943,100593,2025-05-11 19:59:31,Completed,Phone
500944,100970,2025-05-11 20:38:13,Completed,Phone
500945,100447,2025-05-11 23:37:14,Completed,Web
500946,100017,2025-05-12 01:06:16,Completed,Web
500947,100445,2025-05-12 08:06:02,Completed,Web
500948,100031,2025-05-12 15:16:06,Completed,Phone
500949,100757,2025-05-12 21:52:37,Processing,Mobile
500950,100824,2025-05-13 00:23:50,Completed,Mobile
500951,100113,2025-05-13 01:18:26,Shipped,Web
500952,100249,2025-05-13 03:12:56,Completed,Phone
500953,100519,2025-05-13 03:28:46,Completed,Web
500954,100707,2025-05-13 07:20:39,Shipped,Mobile
500955,100158,2025-05-13 08:08:53,Completed,Web
500956,100921,2025-05-13 09:37:19,Completed,Web
500957,100489,2025-05-13 12:03:23,Completed,Web
500958,100384,2025-05-13 22:47:15,Completed,Mobile
500959,100890,2025-05-13 23:23:30,Completed,Web
500960,100320,2025-05-14 02:47:36,Shipped,Web
500961,100916,2025-05-14 05:27:38,Completed,Web
500962,100477,2025-05-14 06:44:20,Completed,Web
500963,100784,2025-05-14 10:05:30,Cancelled,Web
500964,100052,2025-05-14 18:55:23,Completed,Web
500965,100199,2025-05-14 19:24:35,Completed,Web
500966,100738,2025-05-14 21:32:09,Completed,Web
500967,100857,2025-05-14 23:09:13,Completed,Web
500968,100688,2025-05-15 02:55:18,Processing,Web
500969,100291,2025-05-15 08:07:14,Completed,Web
500970,100987,2025-05-15 10:09:49,Completed,Web
500971,100135,2025-05-15 13:59:12,Completed,Web
500972,100373,2025-05-15 13:59:14,Completed,Web
500973,100351,2025-05-15 19:32:33,Completed,Mobile
500974,100318,2025-05-16 05:50:27,Shipped,Phone
500975,100572,2025-05-16 05:56:27,Completed,Web
500976,100734,2025-05-16 07:22:18,Completed,Web
500977,100906,2025-05-16 08:12:25,Cancelled,Web
500978,100754,2025-05-16 15:16:57,Completed,Web
500979,100853,2025-05-16 19:58:38,Completed,Web
500980,100406,2025-05-17 02:02:17,Completed,Mobile
500981,100134,2025-05-17 02:53:14,Completed,Mobile
500982,100998,2025-05-17 10:37:37,Completed,Web
500983,100709,2025-05-17 12:44:03,Completed,Web
500984,100497,2025-05-17 17:50:26,Cancelled,Web
500985,100202,2025-05-17 21:45:23,Completed,Web
500986,100336,2025-05-18 00:40:34,Shipped,Web
500987,100865,2025-05-18 04:26:25,Shipped,Web
500988,100609,2025-05-18 06:31:56,Completed,Mobile
500989,100562,2025-05-18 12:54:30,Completed,Web
500990,100362,2025-05-18 13:26:00,Completed,Mobile
500991,100668,2025-05-18 19:04:44,Completed,Phone
500992,100696,2025-05-18 19:39:58,Completed,Web
500993,100770,2025-05-18 23:24:23,Completed,Phone
500994,100013,2025-05-20 01:34:51,Completed,Mobile
500995,100439,2025-05-20 01:35:34,Cancelled,Web
500996,100110,2025-05-20 02:49:25,Shipped,Web
500997,100556,2025-05-20 03:08:01,Shipped,Mobile
500998,100835,2025-05-20 08:17:21,Completed,Web
500999,100542,2025-05-20 08:39:46,Completed,Phone
501000,100507,2025-05-20 13:35:26,Completed,Web
501001,100913,2025-05-20 17:30:47,Completed,Web
501002,100561,2025-05-20 21:47:43,Completed,Web
501003,100316,2025-05-21 07:34:28,Completed,Web
501004,100717,2025-05-21 09:05:12,Completed,Web
501005,100947,2025-05-21 10:07:07,Completed,Web
501006,100743,2025-05-21 11:28:39,Completed,Mobile
501007,100014,2025-05-21 12:13:19,Completed,Web
501008,100682,2025-05-21 12:33:44,Completed,Web
501009,100723,2025-05-21 13:26:50,Shipped,Web
501010,100571,2025-05-21 14:40:41,Completed,Web
501011,100051,2025-05-21 23:51:41,Shipped,Web
501012,100426,2025-05-22 01:15:58,Completed,Web
501013,100707,2025-05-22 02:06:57,Shipped,Web
501014,100208,2025-05-22 03:49:10,Shipped,Phone
501015,100089,2025-05-22 04:30:39,Cancelled,Web
501016,100580,2025-05-22 04:39:50,Processing,Phone
501017,100643,2025-05-22 05:32:46,Completed,Web
501018,100799,2025-05-22 05:50:43,Completed,Web
501019,100463,2025-05-22 06:13:49,Completed,Mobile
501020,100561,2025-05-22 06:27:18,Completed,Phone
501021,100589,2025-05-22 12:26:40,Completed,Web
501022,100952,2025-05-22 14:52:00,Completed,Mobile
501023,100238,2025-05-22 15:03:13,Completed,Web
501024,100905,2025-05-22 18:52:56,Completed,Web
501025,100500,2025-05-22 22:27:54,Shipped,Web
501026,100403,2025-05-23 05:59:06,Completed,Web
501027,100099,2025-05-23 07:40:41,Completed,Mobile
501028,100845,2025-05-23 09:06:47,Completed,Mobile
501029,100274,2025-05-23 09:31:47,Completed,Phone
501030,100163,2025-05-23 10:17:12,Completed,Web
501031,100155,2025-05-23 11:32:12,Completed,Web
501032,100221,2025-05-23 17:06:02,Completed,Web
501033,100325,2025-05-23 21:41:14,Completed,Web
501034,100371,2025-05-24 03:06:03,Completed,Web
501035,100704,2025-05-24 07:46:54,Completed,Mobile
501036,100751,2025-05-24 09:12:11,Processing,Web
501037,100569,2025-05-24 12:00:56,Shipped,Web
501038,100048,2025-05-24 20:37:31,Completed,Mobile
501039,100089,2025-05-24 23:28:20,Completed,Web
501040,100500,2025-05-25 00:05:01,Completed,Web
501041,100188,2025-05-25 03:46:24,Completed,Phone
501042,100367,2025-05-25 06:24:44,Completed,Mobile
501043,100663,2025-05-25 08:43:38,Completed,Web
501044,100471,2025-05-25 10:34:17,Completed,Phone
501045,100988,2025-05-25 12:35:25,Completed,Web
501046,100887,2025-05-25 14:13:32,Completed,Web
501047,100925,2025-05-25 17:13:04,Shipped,Web
501048,100344,2025-05-25 21:11:59,Shipped,Web
501049,100390,2025-05-25 21:31:24,Completed,Web
501050,100124,2025-05-26 00:14:11,Completed,Web
501051,100534,2025-05-26 02:47:25,Completed,Web
501052,100186,2025-05-26 07:23:51,Completed,Web
501053,100083,2025-05-26 08:35:11,Completed,Web
501054,100033,2025-05-26 13:10:24,Shipped,Web
501055,100787,2025-05-26 21:09:57,Completed,Web
501056,100188,2025-05-27 02:31:31,Shipped,Web
501057,100902,2025-05-27 03:30:29,Completed,Web
501058,100357,2025-05-27 09:37:25,Completed,Web
501059,100321,2025-05-27 09:49:58,Completed,Mobile
501060,100171,2025-05-27 10:47:33,Completed,Web
501061,100575,2025-05-27 14:11:38,Completed,Mobile
501062,100508,2025-05-27 14:16:11,Completed,Web
501063,100811,2025-05-28 00:21:42,Completed,Web
501064,100021,2025-05-28 00:43:44,Completed,Web
501065,100321,2025-05-28 03:40:19,Completed,Web
501066,100992,2025-05-28 05:43:12,Shipped,Web
501067,100904,2025-05-28 08:53:26,Completed,Phone
501068,100934,2025-05-28 10:12:23,Completed,Mobile
501069,100357,2025-05-28 18:20:44,Completed,Web
501070,100213,2025-05-28 21:47:26,Completed,Web
501071,100905,2025-05-28 23:40:27,Processing,Web
501072,100961,2025-05-29 02:40:01,Completed,Web
501073,100285,2025-05-29 03:44:42,Completed,Mobile
501074,100395,2025-05-29 13:30:09,Shipped,Web
501075,100413,2025-05-29 16:09:31,Completed,Mobile
501076,100364,2025-05-29 18:43:37,Completed,Phone
501077,100168,2025-05-30 06:01:11,Shipped,Web
501078,100875,2025-05-30 07:47:36,Completed,Web
501079,100273,2025-05-30 08:40:08,Completed,Web
501080,100552,2025-05-30 15:58:33,Completed,Web
501081,100563,2025-05-30 17:52:32,Completed,Web
501082,100865,2025-05-30 18:57:24,Completed,Web
501083,100310,2025-05-31 06:33:33,Completed,Mobile
501084,100519,2025-05-31 07:17:08,Shipped,Mobile
501085,100371,2025-05-31 21:12:07,Completed,Phone
501086,100668,2025-05-31 22:18:22,Completed,Web
501087,100032,2025-06-01 03:07:26,Cancelled,Web
501088,100023,2025-06-01 07:05:34,Completed,Web
501089,100407,2025-06-01 07:39:38,Completed,Web
501090,100574,2025-06-01 08:31:02,Completed,Mobile
501091,100268,2025-06-01 08:50:09,Completed,Web
501092,100719,2025-06-02 07:52:00,Completed,Web
501093,100448,2025-06-02 09:46:47,Completed,Mobile
501094,100592,2025-06-02 10:17:06,Completed,Web
501095,100715,2025-06-02 12:43:10,Processing,Web
501096,100376,2025-06-02 14:44:25,Completed,Web
501097,100267,2025-06-02 21:47:28,Shipped,Web
501098,100470,2025-06-02 22:02:20,Completed,Web
501099,100289,2025-06-02 23:56:25,Completed,Mobile
501100,100217,2025-06-03 01:20:21,Shipped,Phone
501101,100552,2025-06-03 04:38:45,Completed,Web
501102,100607,2025-06-03 04:46:56,Completed,Mobile
501103,100757,2025-06-03 06:08:18,Completed,Web
501104,100632,2025-06-03 06:46:46,Completed,Web
501105,100474,2025-06-03 10:45:43,Completed,Web
501106,100278,2025-06-03 11:05:45,Completed,Web
501107,100602,2025-06-03 15:58:06,Completed,Mobile
501108,100825,2025-06-04 02:29:45,Completed,Web
501109,100817,2025-06-04 10:02:22,Shipped,Web
501110,100187,2025-06-04 13:52:30,Completed,Web
501111,100542,2025-06-04 14:57:49,Completed,Web
501112,100653,2025-06-04 15:42:15,Completed,Phone
501113,100610,2025-06-04 16:03:42,Completed,Web
501114,100525,2025-06-04 19:55:46,Completed,Web
501115,100256,2025-06-04 21:15:34,Completed,Web
501116,100406,2025-06-04 21:39:21,Processing,Web
501117,100657,2025-06-04 22:17:39,Completed,Web
501118,100790,2025-06-05 11:16:51,Completed,Web
501119,100721,2025-06-05 13:46:05,Completed,Web
501120,100394,2025-06-05 19:23:01,Cancelled,Phone
501121,100124,2025-06-05 22:00:59,Completed,Web
501122,100082,2025-06-06 00:16:42,Completed,Mobile
501123,100091,2025-06-06 01:23:06,Completed,Web
501124,100419,2025-06-06 02:47:44,Completed,Web
501125,100591,2025-06-06 04:46:17,Completed,Mobile
501126,100911,2025-06-06 09:37:26,Completed,Web
501127,100272,2025-06-06 12:18:05,Completed,Web
501128,100684,2025-06-06 13:32:00,Completed,Web
501129,100344,2025-06-06 16:35:51,Shipped,Mobile
501130,100171,2025-06-06 17:45:10,Completed,Mobile
501131,100159,2025-06-06 18:44:12,Completed,Web
501132,100854,2025-06-06 18:45:40,Completed,Web
501133,100881,2025-06-07 01:39:35,Completed,Mobile
501134,100460,2025-06-07 12:56:35,Completed,Mobile
501135,100985,2025-06-07 16:30:27,Shipped,Web
501136,100071,2025-06-07 17:10:50,Completed,Web
501137,100944,2025-06-07 18:08:05,Completed,Web
501138,100129,2025-06-07 22:05:26,Completed,Web
501139,100188,2025-06-07 22:25:16,Completed,Web
501140,100589,2025-06-08 03:08:09,Completed,Web
501141,100842,2025-06-08 03:15:46,Completed,Web
501142,100923,2025-06-08 04:22:37,Completed,Web
501143,100451,2025-06-08 06:02:14,Completed,Web
501144,100174,2025-06-08 07:02:27,Completed,Mobile
501145,100446,2025-06-08 08:15:00,Processing,Mobile
501146,100265,2025-06-08 08:15:59,Shipped,Web
501147,100377,2025-06-08 12:04:34,Completed,Mobile
501148,100097,2025-06-08 16:52:05,Completed,Phone
501149,100885,2025-06-09 09:18:54,Completed,Web
501150,100144,2025-06-09 11:13:55,Completed,Web
501151,100479,2025-06-09 14:59:50,Completed,Phone
501152,100940,2025-06-09 20:01:21,Processing,Web
501153,100829,2025-06-09 21:40:24,Completed,Web
501154,100135,2025-06-09 22:12:30,Processing,Mobile
501155,100143,2025-06-09 22:19:49,Processing,Web
501156,100229,2025-06-10 02:48:36,Completed,Web
501157,100348,2025-06-10 07:06:40,Completed,Web
501158,100848,2025-06-10 10:06:56,Completed,Web
501159,100955,2025-06-10 15:00:54,Completed,Web
501160,100231,2025-06-10 15:29:21,Completed,Phone
501161,100223,2025-06-10 21:44:09,Completed,Web
501162,100436,2025-06-10 23:56:17,Completed,Web
501163,100711,2025-06-11 03:06:29,Shipped,Mobile
501164,100745,2025-06-11 06:26:39,Shipped,Web
501165,100732,2025-06-11 11:19:28,Completed,Web
501166,100456,2025-06-11 12:06:17,Completed,Web
501167,100021,2025-06-11 12:57:20,Completed,Mobile
501168,100730,2025-06-11 15:03:17,Completed,Mobile
501169,100753,2025-06-11 16:03:36,Completed,Web
501170,100649,2025-06-11 22:59:12,Completed,Mobile
501171,100599,2025-06-11 23:07:07,Completed,Web
501172,100953,2025-06-11 23:46:31,Completed,Web
501173,100081,2025-06-12 01:17:19,Completed,Mobile
501174,100446,2025-06-12 07:34:55,Completed,Web
501175,100940,2025-06-12 07:35:38,Completed,Mobile
501176,100755,2025-06-12 09:49:29,Completed,Mobile
501177,100725,2025-06-12 20:26:31,Cancelled,Mobile
501178,100834,2025-06-13 02:46:33,Completed,Web
501179,100474,2025-06-13 09:31:03,Completed,Mobile
501180,100145,2025-06-13 11:18:09,Completed,Mobile
501181,100579,2025-06-13 12:41:43,Shipped,Web
501182,100122,2025-06-13 13:04:00,Shipped,Web
501183,100862,2025-06-13 13:36:28,Shipped,Mobile
501184,100915,2025-06-14 04:43:58,Processing,Web
501185,100199,2025-06-14 08:47:46,Completed,Mobile
501186,100073,2025-06-14 08:59:05,Completed,Mobile
501187,100247,2025-06-14 16:35:39,Completed,Web
501188,100496,2025-06-14 19:27:27,Completed,Mobile
501189,100898,2025-06-15 04:45:07,Shipped,Web
501190,100236,2025-06-15 06:55:46,Completed,Web
501191,100494,2025-06-15 09:02:14,Completed,Mobile
501192,100302,2025-06-15 09:39:18,Completed,Web
501193,100755,2025-06-15 11:22:02,Completed,Mobile
501194,100825,2025-06-15 16:54:07,Completed,Mobile
501195,100571,2025-06-15 21:59:23,Completed,Web
501196,100336,2025-06-16 00:40:17,Completed,Mobile
501197,100792,2025-06-16 04:04:52,Completed,Mobile
501198,100159,2025-06-16 22:07:12,Completed,Mobile
501199,100727,2025-06-16 23:24:32,Completed,Web
501200,100208,2025-06-17 04:22:34,Completed,Web
501201,100097,2025-06-17 08:51:51,Completed,Web
501202,100277,2025-06-17 08:53:26,Completed,Web
501203,100444,2025-06-17 10:01:20,Completed,Mobile
501204,100361,2025-06-17 10:09:01,Completed,Phone
501205,100793,2025-06-17 10:18:03,Completed,Web
501206,100159,2025-06-17 12:27:03,Completed,Web
501207,100842,2025-06-17 13:34:11,Cancelled,Web
501208,100177,2025-06-17 20:08:55,Completed,Web
501209,100920,2025-06-17 20:59:11,Completed,Web
501210,100841,2025-06-18 04:52:36,Completed,Mobile
501211,100351,2025-06-18 06:31:17,Completed,Mobile
501212,100363,2025-06-18 08:46:37,Completed,Mobile
501213,100590,2025-06-18 09:50:45,Shipped,Web
501214,100318,2025-06-18 12:03:27,Completed,Web
501215,100295,2025-06-18 14:07:06,Completed,Web
501216,100938,2025-06-18 14:56:50,Completed,Web
501217,100393,2025-06-18 15:34:36,Processing,Mobile
501218,100837,2025-06-18 16:45:33,Completed,Web
501219,100475,2025-06-18 19:37:20,Completed,Mobile
501220,100687,2025-06-18 21:55:30,Shipped,Web
501221,100467,2025-06-18 23:11:24,Completed,Phone
501222,100009,2025-06-18 23:15:46,Completed,Web
501223,100577,2025-06-18 23:28:16,Shipped,Web
501224,100234,2025-06-19 01:48:26,Cancelled,Mobile
501225,100416,2025-06-19 02:31:46,Completed,Web
501226,100280,2025-06-19 10:45:18,Completed,Web
501227,100481,2025-06-19 13:01:36,Completed,Mobile
501228,100941,2025-06-19 13:25:29,Shipped,Web
501229,100414,2025-06-19 14:45:07,Completed,Web
501230,100688,2025-06-19 15:50:34,Completed,Mobile
501231,100953,2025-06-19 16:00:06,Completed,Web
501232,100349,2025-06-19 16:08:54,Completed,Web
501233,100017,2025-06-19 17:33:10,Completed,Mobile
501234,100262,2025-06-19 22:39:14,Completed,Web
501235,100326,2025-06-20 01:21:07,Completed,Web
501236,100990,2025-06-20 06:18:10,Completed,Mobile
501237,100331,2025-06-20 09:33:09,Completed,Web
501238,100539,2025-06-20 11:04:53,Completed,Web
501239,100714,2025-06-20 15:00:50,Completed,Web
501240,100219,2025-06-21 02:06:52,Completed,Web
501241,100504,2025-06-21 05:19:30,Completed,Web
501242,100092,2025-06-21 07:33:04,Completed,Web
501243,100554,2025-06-21 10:32:28,Completed,Phone
501244,100133,2025-06-21 16:44:48,Completed,Mobile
501245,100459,2025-06-21 18:28:41,Completed,Mobile
501246,100685,2025-06-21 19:28:27,Completed,Web
501247,100630,2025-06-21 21:20:01,Completed,Web
501248,100318,2025-06-21 23:01:56,Completed,Mobile
501249,100756,2025-06-22 04:52:09,Completed,Mobile
501250,100281,2025-06-22 08:18:33,Completed,Web
501251,100396,2025-06-22 10:08:48,Completed,Mobile
501252,100076,2025-06-22 11:02:03,Cancelled,Web
501253,100656,2025-06-22 13:02:54,Shipped,Web
501254,100339,2025-06-22 13:56:29,Completed,Mobile
501255,100724,2025-06-22 14:20:12,Completed,Mobile
501256,100294,2025-06-22 21:18:51,Shipped,Web
501257,100108,2025-06-22 23:48:28,Completed,Web
501258,100759,2025-06-23 16:46:37,Shipped,Mobile
501259,100949,2025-06-23 23:59:56,Cancelled,Web
501260,100939,2025-06-24 01:43:02,Shipped,Web
501261,100386,2025-06-24 01:59:29,Completed,Web
501262,100995,2025-06-24 02:54:04,Completed,Mobile
501263,100904,2025-06-24 04:00:24,Completed,Web
501264,100794,2025-06-24 18:33:48,Cancelled,Web
501265,100107,2025-06-25 00:34:01,Completed,Web
501266,100351,2025-06-25 01:38:38,Shipped,Web
501267,100783,2025-06-25 08:41:29,Shipped,Web
501268,100090,2025-06-25 09:01:40,Completed,Web
501269,100835,2025-06-25 09:28:44,Processing,Mobile
501270,100461,2025-06-25 20:51:30,Completed,Web
501271,100557,2025-06-25 20:58:04,Shipped,Web
501272,100439,2025-06-25 23:23:44,Cancelled,Web
501273,100605,2025-06-25 23:25:07,Processing,Web
501274,100128,2025-06-26 03:20:42,Completed,Web
501275,100542,2025-06-26 14:29:04,Completed,Web
501276,100173,2025-06-26 17:21:37,Completed,Web
501277,100469,2025-06-26 20:56:31,Cancelled,Web
501278,100093,2025-06-26 21:44:41,Shipped,Web
501279,100303,2025-06-27 02:19:48,Completed,Web
501280,100667,2025-06-27 03:47:35,Completed,Web
501281,100200,2025-06-27 08:55:40,Completed,Mobile
501282,100367,2025-06-27 09:03:52,Shipped,Web
501283,100157,2025-06-27 13:06:10,Completed,Web
501284,100818,2025-06-27 14:53:12,Completed,Web
501285,100688,2025-06-27 18:16:35,Completed,Mobile
501286,100917,2025-06-28 06:10:32,Shipped,Web
501287,100967,2025-06-28 07:37:37,Completed,Mobile
501288,100805,2025-06-28 14:57:49,Completed,Mobile
501289,100732,2025-06-28 16:33:47,Completed,Web
501290,100851,2025-06-28 19:37:16,Completed,Web
501291,100040,2025-06-28 20:23:34,Completed,Web
501292,100359,2025-06-29 03:41:17,Cancelled,Web
501293,100816,2025-06-29 11:57:57,Completed,Web
501294,100883,2025-06-29 13:17:11,Completed,Mobile
501295,100678,2025-06-29 18:50:01,Completed,Web
501296,100318,2025-06-30 04:35:13,Completed,Web
501297,100058,2025-06-30 06:44:42,Completed,Web
501298,100757,2025-06-30 07:30:45,Completed,Mobile
501299,100732,2025-06-30 07:37:44,Shipped,Web
501300,100007,2025-06-30 07:46:29,Completed,Web
501301,100017,2025-06-30 23:01:28,Completed,Web
501302,100656,2025-07-01 01:10:15,Completed,Web
501303,100709,2025-07-01 02:38:19,Shipped,Mobile
501304,100439,2025-07-01 03:02:22,Completed,Web
501305,100310,2025-07-01 18:12:53,Completed,Web
501306,100698,2025-07-02 02:38:17,Completed,Phone
501307,100217,2025-07-02 03:54:50,Completed,Phone
501308,100129,2025-07-02 13:11:59,Shipped,Web
501309,100564,2025-07-02 21:34:22,Cancelled,Web
501310,100073,2025-07-03 03:04:08,Processing,Web
501311,100193,2025-07-03 08:31:50,Completed,Web
501312,100563,2025-07-03 09:33:40,Completed,Web
501313,100285,2025-07-03 11:42:48,Completed,Mobile
501314,100995,2025-07-03 12:25:12,Completed,Mobile
501315,100097,2025-07-03 12:47:27,Processing,Web
501316,100794,2025-07-03 19:33:50,Shipped,Mobile
501317,100053,2025-07-03 20:34:00,Shipped,Web
501318,100761,2025-07-03 20:50:02,Completed,Web
501319,100773,2025-07-04 08:55:18,Processing,Mobile
501320,100234,2025-07-04 10:50:44,Completed,Mobile
501321,100943,2025-07-04 16:14:43,Completed,Web
501322,100876,2025-07-04 19:51:46,Completed,Web
501323,100962,2025-07-04 21:16:56,Completed,Web
501324,100176,2025-07-05 00:01:30,Completed,Web
501325,100279,2025-07-05 10:40:47,Shipped,Web
501326,100452,2025-07-05 17:04:04,Completed,Web
501327,100851,2025-07-05 17:24:48,Completed,Web
501328,100106,2025-07-05 20:21:05,Completed,Web
501329,100714,2025-07-06 01:38:06,Completed,Mobile
501330,100983,2025-07-06 02:36:24,Processing,Web
501331,100293,2025-07-06 07:17:42,Completed,Web
501332,100656,2025-07-06 11:11:07,Completed,Web
501333,100648,2025-07-06 11:19:11,Completed,Web
501334,100032,2025-07-06 16:46:21,Completed,Web
501335,100806,2025-07-06 22:33:55,Processing,Web
501336,100845,2025-07-07 00:48:29,Completed,Web
501337,100787,2025-07-07 01:43:43,Completed,Web
501338,100979,2025-07-07 03:44:30,Shipped,Web
501339,100363,2025-07-07 05:28:53,Processing,Web
501340,100787,2025-07-07 13:03:38,Completed,Mobile
501341,100194,2025-07-07 13:47:23,Completed,Web
501342,100664,2025-07-08 01:10:52,Completed,Web
501343,100258,2025-07-08 03:41:37,Processing,Mobile
501344,100198,2025-07-08 09:46:29,Completed,Mobile
501345,100146,2025-07-08 11:31:41,Completed,Web
501346,100696,2025-07-08 16:12:53,Completed,Web
501347,100985,2025-07-08 17:21:58,Completed,Mobile
501348,100715,2025-07-08 17:47:20,Shipped,Phone
501349,100720,2025-07-09 10:26:18,Completed,Web
501350,100149,2025-07-09 15:02:24,Completed,Web
501351,100666,2025-07-09 19:16:34,Completed,Web
501352,100929,2025-07-09 19:58:23,Completed,Web
501353,100657,2025-07-10 03:39:30,Shipped,Web
501354,100888,2025-07-10 08:05:58,Cancelled,Phone
501355,100981,2025-07-10 08:32:46,Completed,Mobile
501356,100613,2025-07-10 12:36:36,Completed,Web
501357,100625,2025-07-10 13:35:50,Completed,Web
501358,100693,2025-07-10 13:43:27,Completed,Web
501359,100040,2025-07-10 15:27:49,Cancelled,Web
501360,100827,2025-07-10 16:26:12,Shipped,Web
501361,100128,2025-07-10 16:45:52,Completed,Web
501362,100371,2025-07-10 16:46:16,Cancelled,Mobile
501363,100109,2025-07-11 02:22:42,Completed,Web
501364,100679,2025-07-11 03:37:22,Completed,Web
501365,100577,2025-07-11 08:30:04,Completed,Web
501366,100072,2025-07-11 13:20:18,Completed,Web
501367,100162,2025-07-11 17:43:01,Processing,Web
501368,100191,2025-07-11 20:53:07,Processing,Mobile
501369,100755,2025-07-12 03:06:20,Completed,Mobile
501370,100926,2025-07-12 14:02:45,Completed,Web
501371,100988,2025-07-12 15:16:58,Completed,Web
501372,100046,2025-07-12 15:24:43,Completed,Web
501373,100212,2025-07-12 19:38:14,Cancelled,Web
501374,100923,2025-07-12 21:41:50,Completed,Web
501375,100965,2025-07-13 01:36:14,Completed,Web
501376,100961,2025-07-13 02:43:28,Completed,Web
501377,100463,2025-07-13 03:22:43,Completed,Web
501378,100578,2025-07-13 03:35:31,Shipped,Web
501379,100208,2025-07-13 05:39:57,Completed,Phone
501380,100384,2025-07-13 09:07:56,Completed,Phone
501381,100897,2025-07-13 19:00:24,Completed,Web
501382,100282,2025-07-13 21:42:58,Processing,Web
501383,100181,2025-07-14 02:59:36,Completed,Web
501384,100450,2025-07-14 03:50:58,Shipped,Web
501385,100989,2025-07-14 05:18:09,Completed,Web
501386,100758,2025-07-14 11:58:17,Completed,Web
501387,100668,2025-07-14 12:29:31,Completed,Web
501388,100644,2025-07-14 17:04:54,Completed,Web
501389,100615,2025-07-14 17:19:59,Completed,Mobile
501390,100944,2025-07-14 23:41:46,Completed,Web
501391,100095,2025-07-15 02:00:57,Completed,Web
501392,100979,2025-07-15 03:32:07,Completed,Mobile
501393,100718,2025-07-15 05:25:59,Completed,Mobile
501394,100456,2025-07-15 06:26:46,Shipped,Web
501395,100245,2025-07-15 14:25:07,Completed,Web
501396,100004,2025-07-15 14:52:32,Shipped,Mobile
501397,100895,2025-07-15 15:56:11,Completed,Web
501398,100518,2025-07-15 16:41:27,Completed,Web
501399,100830,2025-07-15 17:22:58,Completed,Web
501400,100049,2025-07-15 17:43:29,Completed,Web
501401,100035,2025-07-15 18:34:10,Shipped,Web
501402,100383,2025-07-15 21:52:16,Completed,Web
501403,100619,2025-07-16 00:52:25,Completed,Mobile
501404,100439,2025-07-16 02:04:53,Completed,Mobile
501405,100894,2025-07-16 03:04:10,Completed,Web
501406,100179,2025-07-16 06:33:13,Completed,Web
501407,100768,2025-07-16 12:28:36,Cancelled,Web
501408,100453,2025-07-16 16:11:03,Completed,Mobile
501409,100340,2025-07-16 18:45:49,Shipped,Phone
501410,100004,2025-07-17 07:38:22,Completed,Web
501411,100045,2025-07-17 08:55:41,Completed,Web
501412,100793,2025-07-17 09:38:27,Completed,Web
501413,100283,2025-07-17 10:24:20,Completed,Web
501414,100230,2025-07-17 11:46:24,Processing,Web
501415,100931,2025-07-17 15:46:25,Processing,Mobile
501416,100843,2025-07-17 19:55:32,Shipped,Web
501417,100132,2025-07-17 20:47:56,Completed,Web
501418,100487,2025-07-17 22:34:47,Shipped,Phone
501419,100905,2025-07-18 01:05:02,Completed,Web
501420,100649,2025-07-18 01:17:22,Completed,Web
501421,100496,2025-07-18 05:18:09,Completed,Web
501422,100393,2025-07-18 06:18:21,Completed,Web
501423,100426,2025-07-18 09:44:04,Shipped,Web
501424,100761,2025-07-18 14:46:23,Completed,Mobile
501425,100978,2025-07-18 15:30:18,Completed,Phone
501426,100494,2025-07-18 21:13:02,Completed,Web
501427,100261,2025-07-18 23:24:22,Completed,Web
501428,100906,2025-07-19 00:47:18,Completed,Phone
501429,100568,2025-07-19 05:07:24,Completed,Web
501430,100516,2025-07-19 08:37:44,Completed,Web
501431,100796,2025-07-19 09:56:43,Completed,Web
501432,100926,2025-07-19 11:28:12,Completed,Web
501433,100833,2025-07-19 13:11:18,Completed,Mobile
501434,100440,2025-07-19 22:22:28,Completed,Web
501435,100376,2025-07-20 04:19:57,Completed,Mobile
501436,100128,2025-07-20 05:17:56,Completed,Mobile
501437,100248,2025-07-20 14:19:28,Processing,Web
501438,100338,2025-07-20 17:26:41,Completed,Mobile
501439,100509,2025-07-20 18:20:26,Shipped,Web
501440,100686,2025-07-20 22:58:16,Completed,Web
501441,100639,2025-07-20 23:14:31,Completed,Web
501442,100443,2025-07-21 04:53:49,Cancelled,Web
501443,100698,2025-07-21 05:02:52,Completed,Web
501444,100462,2025-07-21 06:23:28,Completed,Mobile
501445,100110,2025-07-21 13:54:08,Completed,Web
501446,100550,2025-07-21 18:17:56,Shipped,Web
501447,100989,2025-07-21 18:52:24,Completed,Web
501448,100935,2025-07-21 22:04:44,Completed,Web
501449,100666,2025-07-22 01:21:05,Completed,Mobile
501450,100760,2025-07-22 02:05:20,Completed,Phone
501451,100341,2025-07-22 05:31:00,Shipped,Web
501452,100438,2025-07-22 10:49:41,Completed,Mobile
501453,100005,2025-07-22 12:23:47,Completed,Web
501454,100206,2025-07-22 13:24:05,Completed,Web
501455,100804,2025-07-22 17:39:00,Completed,Phone
501456,100310,2025-07-23 01:04:50,Processing,Web
501457,100720,2025-07-23 06:00:40,Completed,Mobile
501458,100627,2025-07-23 06:41:04,Processing,Mobile
501459,100287,2025-07-23 09:06:12,Completed,Web
501460,100034,2025-07-23 11:05:35,Completed,Mobile
501461,100215,2025-07-23 11:13:51,Completed,Web
501462,100918,2025-07-23 15:50:52,Completed,Web
501463,100919,2025-07-23 18:37:28,Completed,Web
501464,100316,2025-07-24 00:27:15,Processing,Web
501465,100834,2025-07-24 04:37:35,Completed,Web
501466,100358,2025-07-24 07:01:46,Completed,Web
501467,100214,2025-07-24 09:47:06,Completed,Mobile
501468,100943,2025-07-24 13:50:42,Shipped,Web
501469,100236,2025-07-24 17:10:27,Shipped,Mobile
501470,100767,2025-07-24 18:43:26,Completed,Mobile
501471,100750,2025-07-24 20:33:42,Completed,Mobile
501472,100587,2025-07-24 22:28:30,Completed,Web
501473,100903,2025-07-25 02:15:59,Cancelled,Mobile
501474,100465,2025-07-25 02:41:17,Completed,Web
501475,100489,2025-07-25 02:58:42,Completed,Web
501476,100160,2025-07-25 05:20:00,Completed,Mobile
501477,100920,2025-07-25 13:03:56,Completed,Mobile
501478,100467,2025-07-25 17:23:11,Completed,Web
501479,100871,2025-07-25 19:54:26,Completed,Mobile
501480,100959,2025-07-25 20:25:01,Completed,Mobile
501481,100582,2025-07-26 01:20:24,Completed,Web
501482,100550,2025-07-26 07:03:54,Completed,Web
501483,100114,2025-07-26 10:35:46,Completed,Web
501484,100750,2025-07-26 11:30:56,Completed,Mobile
501485,100031,2025-07-26 13:21:48,Completed,Web
501486,100487,2025-07-26 17:00:11,Completed,Web
501487,100201,2025-07-26 19:18:25,Completed,Phone
501488,100960,2025-07-26 20:07:40,Completed,Web
501489,100779,2025-07-27 03:55:28,Completed,Web
501490,100866,2025-07-27 08:55:43,Completed,Web
501491,100606,2025-07-27 10:09:36,Completed,Mobile
501492,100423,2025-07-27 12:39:15,Completed,Web
501493,100562,2025-07-27 13:06:39,Completed,Web
501494,100005,2025-07-27 17:33:35,Completed,Mobile
501495,100101,2025-07-27 18:30:35,Completed,Web
501496,100964,2025-07-27 21:39:25,Cancelled,Mobile
501497,100204,2025-07-27 22:53:47,Completed,Web
501498,100686,2025-07-27 22:56:28,Shipped,Web
501499,100586,2025-07-28 05:38:48,Processing,Phone
501500,100686,2025-07-28 05:40:17,Processing,Web
501501,100448,2025-07-28 08:18:47,Completed,Web
501502,100417,2025-07-28 13:46:30,Completed,Web
501503,100526,2025-07-28 18:32:28,Completed,Web
501504,100975,2025-07-28 19:09:03,Completed,Web
501505,100347,2025-07-28 22:11:46,Completed,Phone
501506,100359,2025-07-28 23:09:40,Completed,Web
501507,100055,2025-07-29 00:42:39,Completed,Phone
501508,100341,2025-07-29 01:15:07,Shipped,Web
501509,100715,2025-07-29 04:29:21,Processing,Mobile
501510,100493,2025-07-29 07:42:11,Processing,Web
501511,100892,2025-07-29 14:58:50,Cancelled,Web
501512,100286,2025-07-29 15:28:58,Completed,Web
501513,100995,2025-07-29 16:37:51,Completed,Web
501514,100405,2025-07-29 17:37:23,Completed,Mobile
501515,100917,2025-07-29 18:06:04,Completed,Mobile
501516,100037,2025-07-29 19:04:01,Completed,Web
501517,100599,2025-07-29 23:51:53,Completed,Mobile
501518,100532,2025-07-30 04:10:27,Completed,Web
501519,100216,2025-07-30 06:23:33,Completed,Mobile
501520,100620,2025-07-30 07:33:25,Completed,Web
501521,100962,2025-07-30 12:11:55,Completed,Web
501522,100075,2025-07-30 12:14:19,Completed,Web
501523,100427,2025-07-30 13:45:56,Completed,Phone
501524,100239,2025-07-30 13:56:21,Processing,Mobile
501525,100621,2025-07-30 20:54:41,Processing,Web
501526,100074,2025-07-31 08:09:55,Completed,Mobile
501527,100115,2025-07-31 10:19:30,Completed,Web
501528,100356,2025-07-31 11:27:37,Completed,Mobile
501529,100665,2025-07-31 12:57:11,Completed,Web
501530,100134,2025-07-31 13:02:21,Completed,Phone
501531,100775,2025-07-31 17:55:54,Completed,Phone
501532,100741,2025-07-31 20:13:20,Completed,Web
501533,100526,2025-08-01 02:02:25,Completed,Mobile
501534,100972,2025-08-01 10:47:36,Completed,Web
501535,100220,2025-08-01 14:15:21,Processing,Web
501536,100190,2025-08-01 16:23:38,Shipped,Mobile
501537,100979,2025-08-01 19:47:13,Completed,Mobile
501538,100337,2025-08-01 23:24:14,Processing,Web
501539,100941,2025-08-02 02:59:37,Completed,Mobile
501540,100102,2025-08-02 04:21:41,Completed,Web
501541,100280,2025-08-02 07:20:38,Shipped,Web
501542,100585,2025-08-02 07:50:38,Completed,Mobile
501543,100380,2025-08-02 09:51:55,Completed,Web
501544,100325,2025-08-02 11:28:41,Completed,Web
501545,100979,2025-08-02 13:24:12,Cancelled,Web
501546,100904,2025-08-02 20:10:21,Completed,Mobile
501547,100989,2025-08-02 22:30:48,Completed,Web
501548,100720,2025-08-03 07:57:30,Completed,Web
501549,100382,2025-08-03 11:13:02,Completed,Mobile
501550,100080,2025-08-03 18:26:53,Completed,Mobile
501551,100994,2025-08-03 19:10:35,Completed,Web
501552,100265,2025-08-04 01:17:30,Completed,Phone
501553,100944,2025-08-04 04:14:48,Completed,Web
501554,100468,2025-08-04 04:57:48,Completed,Mobile
501555,100141,2025-08-04 06:39:47,Completed,Web
501556,100454,2025-08-04 06:43:52,Shipped,Web
501557,100279,2025-08-04 17:28:28,Completed,Web
501558,100248,2025-08-04 18:54:04,Shipped,Web
501559,100822,2025-08-04 21:16:21,Completed,Web
501560,100287,2025-08-04 22:28:02,Completed,Web
501561,100731,2025-08-04 22:52:26,Processing,Web
501562,100612,2025-08-04 23:22:08,Completed,Web
501563,100651,2025-08-05 03:18:54,Completed,Mobile
501564,100632,2025-08-05 07:44:56,Completed,Mobile
501565,100451,2025-08-05 08:34:27,Completed,Web
501566,100489,2025-08-05 15:55:09,Completed,Phone
501567,100083,2025-08-05 21:22:07,Completed,Web
501568,100351,2025-08-05 21:37:41,Completed,Mobile
501569,100788,2025-08-05 22:40:23,Completed,Web
501570,100513,2025-08-06 00:30:33,Shipped,Web
501571,100827,2025-08-06 03:45:17,Shipped,Mobile
501572,100648,2025-08-06 07:57:49,Completed,Web
501573,100306,2025-08-06 08:55:35,Completed,Web
501574,100843,2025-08-06 10:36:50,Shipped,Web
501575,100600,2025-08-06 10:48:57,Cancelled,Web
501576,100064,2025-08-06 18:23:07,Completed,Web
501577,100284,2025-08-06 20:47:49,Completed,Phone
501578,100005,2025-08-06 21:13:33,Shipped,Web
501579,100742,2025-08-07 00:48:10,Shipped,Web
501580,100605,2025-08-07 01:09:38,Completed,Web
501581,100157,2025-08-07 08:34:16,Completed,Web
501582,100915,2025-08-07 09:31:23,Shipped,Web
501583,100450,2025-08-07 10:21:11,Shipped,Web
501584,100531,2025-08-07 17:19:55,Completed,Web
501585,100926,2025-08-07 19:36:05,Completed,Web
501586,100980,2025-08-07 22:42:34,Processing,Web
501587,100382,2025-08-08 03:11:41,Processing,Mobile
501588,100277,2025-08-08 05:44:41,Shipped,Web
501589,100075,2025-08-08 17:25:40,Completed,Mobile
501590,100093,2025-08-08 18:31:21,Completed,Web
501591,100666,2025-08-09 00:44:52,Processing,Mobile
501592,100900,2025-08-09 05:11:47,Completed,Mobile
501593,100903,2025-08-09 05:37:10,Completed,Web
501594,100172,2025-08-09 08:52:13,Completed,Mobile
501595,100810,2025-08-09 11:09:45,Completed,Web
501596,100325,2025-08-09 16:12:01,Completed,Web
501597,100526,2025-08-09 21:18:56,Completed,Web
501598,100519,2025-08-10 01:32:19,Shipped,Web
501599,100495,2025-08-10 01:40:54,Completed,Phone
501600,100224,2025-08-10 02:31:58,Completed,Web
501601,100986,2025-08-10 05:46:25,Completed,Web
501602,100760,2025-08-10 06:40:35,Processing,Mobile
501603,100015,2025-08-10 07:31:41,Completed,Web
501604,100825,2025-08-10 07:57:14,Completed,Mobile
501605,100812,2025-08-10 08:51:41,Completed,Web
501606,100548,2025-08-10 10:27:23,Completed,Mobile
501607,100780,2025-08-10 12:30:52,Shipped,Mobile
501608,100850,2025-08-10 16:47:33,Completed,Web
501609,100770,2025-08-10 18:31:49,Completed,Mobile
501610,100428,2025-08-10 19:10:24,Completed,Phone
501611,100840,2025-08-11 01:54:11,Processing,Web
501612,100134,2025-08-11 03:18:17,Completed,Phone
501613,100740,2025-08-11 05:47:11,Completed,Mobile
501614,100732,2025-08-11 09:12:09,Completed,Web
501615,100586,2025-08-11 10:25:26,Completed,Web
501616,100542,2025-08-11 12:59:42,Completed,Web
501617,100872,2025-08-11 14:37:39,Completed,Web
501618,100197,2025-08-12 00:11:43,Shipped,Mobile
501619,100654,2025-08-12 03:26:47,Completed,Phone
501620,100393,2025-08-12 06:44:48,Completed,Web
501621,100277,2025-08-12 07:16:42,Completed,Web
501622,100497,2025-08-12 08:40:47,Shipped,Web
501623,100002,2025-08-12 11:46:51,Completed,Web
501624,100183,2025-08-12 15:34:42,Completed,Mobile
501625,100628,2025-08-12 17:17:49,Shipped,Web
501626,100673,2025-08-12 22:30:11,Completed,Mobile
501627,100407,2025-08-12 23:44:23,Completed,Mobile
501628,100365,2025-08-13 13:27:21,Completed,Mobile
501629,100097,2025-08-13 15:18:52,Completed,Mobile
501630,100806,2025-08-13 15:21:18,Completed,Web
501631,100248,2025-08-13 16:31:04,Shipped,Mobile
501632,100961,2025-08-13 17:15:23,Completed,Web
501633,100101,2025-08-13 19:22:04,Processing,Web
501634,100661,2025-08-13 19:26:25,Completed,Web
501635,100346,2025-08-13 19:40:34,Completed,Web
501636,100286,2025-08-13 19:40:54,Completed,Web
501637,100764,2025-08-13 23:45:28,Completed,Web
501638,100509,2025-08-14 01:59:09,Completed,Web
501639,100423,2025-08-14 07:14:02,Completed,Web
501640,100091,2025-08-14 10:18:44,Completed,Mobile
501641,100870,2025-08-14 14:21:48,Completed,Web
501642,100937,2025-08-15 00:08:25,Completed,Web
501643,100920,2025-08-15 00:33:48,Completed,Web
501644,100062,2025-08-15 00:55:40,Completed,Web
501645,100487,2025-08-15 10:45:38,Completed,Web
501646,100239,2025-08-15 22:01:22,Processing,Mobile
501647,100605,2025-08-16 02:29:21,Completed,Web
501648,100981,2025-08-16 08:36:18,Shipped,Phone
501649,100420,2025-08-16 14:32:39,Processing,Web
501650,100074,2025-08-16 14:39:25,Completed,Web
501651,100840,2025-08-16 15:15:37,Completed,Web
501652,100982,2025-08-16 17:40:50,Completed,Web
501653,100435,2025-08-16 21:42:32,Completed,Web
501654,100296,2025-08-17 02:58:49,Completed,Web
501655,100004,2025-08-17 09:21:19,Completed,Web
501656,100043,2025-08-17 14:06:46,Completed,Web
501657,100087,2025-08-17 14:29:12,Completed,Mobile
501658,100687,2025-08-17 18:17:43,Shipped,Web
501659,100614,2025-08-17 20:22:34,Completed,Mobile
501660,100563,2025-08-17 22:40:57,Completed,Mobile
501661,100902,2025-08-17 23:21:18,Completed,Web
501662,100873,2025-08-18 06:17:45,Processing,Mobile
501663,100944,2025-08-18 09:17:45,Shipped,Web
501664,100502,2025-08-18 10:57:57,Completed,Web
501665,100072,2025-08-18 13:29:11,Completed,Mobile
501666,100165,2025-08-18 23:15:30,Shipped,Web
501667,100678,2025-08-19 01:34:53,Completed,Mobile
501668,100885,2025-08-19 01:55:42,Completed,Web
501669,100160,2025-08-19 02:07:14,Completed,Web
501670,100999,2025-08-19 02:57:52,Shipped,Mobile
501671,100632,2025-08-19 13:16:23,Completed,Mobile
501672,100635,2025-08-19 14:53:26,Shipped,Web
501673,100089,2025-08-19 16:28:28,Completed,Mobile
501674,100238,2025-08-19 20:02:36,Shipped,Web
501675,100316,2025-08-20 03:00:29,Completed,Mobile
501676,100322,2025-08-20 06:08:13,Processing,Mobile
501677,100483,2025-08-20 09:58:41,Completed,Web
501678,100358,2025-08-20 13:13:34,Completed,Web
501679,100836,2025-08-20 20:45:50,Completed,Mobile
501680,100339,2025-08-21 01:23:44,Completed,Mobile
501681,100880,2025-08-21 04:08:56,Shipped,Web
501682,100800,2025-08-21 05:18:29,Completed,Phone
501683,100585,2025-08-21 06:25:34,Completed,Web
501684,100515,2025-08-21 11:30:06,Completed,Web
501685,100951,2025-08-21 11:43:33,Completed,Phone
501686,100770,2025-08-21 11:44:47,Completed,Web
501687,100921,2025-08-21 11:49:00,Completed,Web
501688,100875,2025-08-21 13:08:59,Completed,Web
501689,100990,2025-08-21 17:12:24,Completed,Web
501690,100944,2025-08-21 19:23:53,Shipped,Web
501691,100604,2025-08-22 02:03:44,Cancelled,Web
501692,100144,2025-08-22 05:42:28,Completed,Web
501693,100959,2025-08-22 19:38:12,Shipped,Mobile
501694,100667,2025-08-23 02:47:37,Completed,Web
501695,100620,2025-08-23 03:04:32,Completed,Web
501696,100351,2025-08-23 04:37:22,Completed,Web
501697,100215,2025-08-23 05:28:12,Shipped,Mobile
501698,100298,2025-08-23 06:14:25,Processing,Web
501699,100275,2025-08-23 06:29:16,Completed,Mobile
501700,100815,2025-08-23 07:09:37,Completed,Web
501701,100596,2025-08-23 14:20:10,Completed,Web
501702,100421,2025-08-23 21:58:55,Processing,Mobile
501703,100730,2025-08-23 22:49:47,Shipped,Web
501704,100654,2025-08-24 01:23:50,Completed,Web
501705,100844,2025-08-24 04:17:58,Completed,Web
501706,100493,2025-08-24 14:14:43,Completed,Web
501707,100412,2025-08-24 17:04:17,Shipped,Web
501708,100029,2025-08-24 17:41:16,Completed,Web
501709,100981,2025-08-24 18:46:21,Completed,Phone
501710,100197,2025-08-24 19:12:22,Completed,Phone
501711,100955,2025-08-24 22:52:26,Completed,Web
501712,100669,2025-08-25 01:21:51,Completed,Web
501713,100114,2025-08-25 02:18:23,Processing,Phone
501714,100569,2025-08-25 04:02:12,Processing,Web
501715,100172,2025-08-25 04:43:37,Cancelled,Mobile
501716,100113,2025-08-25 07:23:48,Completed,Web
501717,100007,2025-08-25 12:21:15,Completed,Web
501718,100081,2025-08-25 18:17:56,Completed,Mobile
501719,100711,2025-08-25 18:40:56,Shipped,Web
501720,100353,2025-08-25 18:52:36,Completed,Phone
501721,100092,2025-08-25 23:46:23,Completed,Mobile
501722,100909,2025-08-26 01:33:25,Completed,Web
501723,100763,2025-08-26 03:25:18,Completed,Web
501724,100984,2025-08-26 06:36:38,Processing,Mobile
501725,100073,2025-08-26 08:22:49,Completed,Web
501726,100332,2025-08-26 13:27:55,Completed,Web
501727,100711,2025-08-26 21:42:03,Completed,Web
501728,100501,2025-08-26 21:42:51,Completed,Web
501729,100831,2025-08-26 22:54:09,Completed,Web
501730,100522,2025-08-27 02:19:41,Shipped,Mobile
501731,100551,2025-08-27 05:41:56,Shipped,Web
501732,100251,2025-08-27 16:16:12,Processing,Web
501733,100900,2025-08-27 21:26:43,Shipped,Web
501734,100460,2025-08-28 00:08:26,Completed,Phone
501735,100263,2025-08-28 03:46:59,Completed,Web
501736,100745,2025-08-28 12:45:11,Completed,Phone
501737,100986,2025-08-28 16:18:54,Completed,Mobile
501738,100372,2025-08-28 16:44:56,Shipped,Mobile
501739,100477,2025-08-28 17:48:43,Completed,Mobile
501740,100865,2025-08-28 22:15:38,Completed,Web
501741,100311,2025-08-28 22:42:50,Completed,Web
501742,100620,2025-08-28 22:46:02,Completed,Mobile
501743,100415,2025-08-29 04:26:59,Completed,Web
501744,100273,2025-08-29 11:32:10,Completed,Web
501745,100073,2025-08-29 11:52:41,Processing,Phone
501746,100122,2025-08-29 22:11:55,Completed,Mobile
501747,100055,2025-08-30 01:24:26,Completed,Web
501748,100618,2025-08-30 01:50:30,Completed,Mobile
501749,100548,2025-08-30 02:42:19,Shipped,Web
501750,100298,2025-08-30 05:58:48,Completed,Mobile
501751,100353,2025-08-30 08:39:56,Completed,Web
501752,100860,2025-08-30 11:50:45,Completed,Mobile
501753,100370,2025-08-30 13:05:27,Completed,Web
501754,100017,2025-08-30 18:02:02,Completed,Mobile
501755,100191,2025-08-31 01:37:06,Completed,Web
501756,100011,2025-08-31 05:01:13,Processing,Web
501757,100669,2025-08-31 08:11:23,Completed,Mobile
501758,100207,2025-08-31 12:36:17,Shipped,Mobile
501759,100561,2025-08-31 14:27:36,Completed,Web
501760,100537,2025-08-31 18:55:45,Completed,Web
501761,100797,2025-08-31 19:15:15,Processing,Web
501762,100097,2025-08-31 19:39:58,Completed,Web
501763,100591,2025-08-31 23:06:33,Processing,Web
501764,100135,2025-09-01 01:13:31,Completed,Mobile
501765,100282,2025-09-01 05:07:27,Cancelled,Mobile
501766,100743,2025-09-01 05:14:24,Completed,Mobile
501767,100164,2025-09-01 15:59:25,Completed,Web
501768,100898,2025-09-01 19:26:24,Completed,Web
501769,100560,2025-09-02 04:35:26,Completed,Web
501770,100238,2025-09-02 04:46:52,Completed,Web
501771,100960,2025-09-02 05:01:25,Completed,Web
501772,100284,2025-09-02 07:25:05,Completed,Mobile
501773,100285,2025-09-02 12:34:46,Completed,Web
501774,100028,2025-09-02 15:58:18,Completed,Phone
501775,100971,2025-09-02 20:55:34,Completed,Phone
501776,100476,2025-09-02 20:56:06,Completed,Web
501777,100497,2025-09-03 03:43:49,Completed,Web
501778,100286,2025-09-03 05:30:50,Completed,Web
501779,100202,2025-09-03 08:44:34,Processing,Phone
501780,100651,2025-09-03 11:11:38,Completed,Web
501781,100788,2025-09-03 14:43:59,Shipped,Mobile
501782,100003,2025-09-03 16:39:47,Completed,Mobile
501783,100511,2025-09-03 18:32:38,Completed,Web
501784,100395,2025-09-03 19:25:14,Completed,Mobile
501785,100022,2025-09-03 23:11:19,Shipped,Web
501786,100942,2025-09-04 00:46:32,Completed,Mobile
501787,100084,2025-09-04 07:35:07,Shipped,Web
501788,100984,2025-09-04 07:54:04,Completed,Web
501789,100170,2025-09-04 11:16:26,Completed,Web
501790,100445,2025-09-04 21:54:21,Completed,Web
501791,100180,2025-09-05 00:17:19,Completed,Mobile
501792,100291,2025-09-05 00:34:36,Completed,Web
501793,100787,2025-09-05 02:38:23,Shipped,Web
501794,100048,2025-09-05 05:33:54,Completed,Web
501795,100883,2025-09-05 08:09:57,Completed,Web
501796,100017,2025-09-05 09:08:17,Completed,Mobile
501797,100369,2025-09-05 09:56:03,Completed,Web
501798,100984,2025-09-05 11:13:35,Completed,Web
501799,100533,2025-09-05 11:14:36,Shipped,Web
501800,100422,2025-09-05 11:54:19,Shipped,Web
501801,100753,2025-09-05 15:49:10,Completed,Web
501802,100904,2025-09-05 18:12:10,Shipped,Mobile
501803,100683,2025-09-05 20:12:41,Completed,Mobile
501804,100754,2025-09-05 23:12:20,Completed,Mobile
501805,100875,2025-09-06 03:04:10,Completed,Web
501806,100426,2025-09-06 05:16:29,Processing,Mobile
501807,100152,2025-09-06 11:37:26,Shipped,Mobile
501808,100283,2025-09-06 23:15:30,Shipped,Web
501809,100157,2025-09-07 01:39:06,Completed,Web
501810,100705,2025-09-07 03:20:48,Completed,Web
501811,100202,2025-09-07 04:03:04,Cancelled,Phone
501812,100721,2025-09-07 04:16:50,Completed,Web
501813,100070,2025-09-07 05:07:10,Completed,Web
501814,100597,2025-09-07 11:33:36,Completed,Mobile
501815,100146,2025-09-08 00:57:26,Completed,Web
501816,100392,2025-09-08 01:28:59,Completed,Web
501817,100376,2025-09-08 09:43:29,Processing,Web
501818,100740,2025-09-08 10:28:15,Completed,Web
501819,100715,2025-09-08 11:04:34,Completed,Mobile
501820,100842,2025-09-08 11:36:57,Completed,Web
501821,100207,2025-09-08 13:31:06,Shipped,Web
501822,100359,2025-09-09 04:01:52,Completed,Mobile
501823,100431,2025-09-09 04:47:29,Completed,Mobile
501824,100270,2025-09-09 05:21:31,Completed,Mobile
501825,100104,2025-09-09 05:40:32,Completed,Web
501826,100900,2025-09-09 09:23:44,Completed,Mobile
501827,100110,2025-09-09 10:58:24,Completed,Web
501828,100502,2025-09-09 12:23:17,Shipped,Mobile
501829,100849,2025-09-09 15:47:14,Completed,Web
501830,100414,2025-09-09 18:48:47,Processing,Mobile
501831,100875,2025-09-09 19:22:48,Completed,Web
501832,100095,2025-09-09 22:05:22,Completed,Mobile
501833,100610,2025-09-10 03:32:00,Cancelled,Mobile
501834,100124,2025-09-10 04:15:01,Cancelled,Web
501835,100647,2025-09-10 05:13:04,Completed,Mobile
501836,100658,2025-09-10 08:53:13,Shipped,Phone
501837,100715,2025-09-10 11:11:53,Shipped,Web
501838,100794,2025-09-10 11:28:36,Shipped,Web
501839,100991,2025-09-10 12:33:04,Completed,Web
501840,100929,2025-09-10 18:28:04,Processing,Web
501841,100858,2025-09-10 23:31:11,Completed,Phone
501842,100940,2025-09-10 23:52:08,Completed,Mobile
501843,100289,2025-09-11 07:25:00,Completed,Web
501844,100858,2025-09-11 08:19:58,Processing,Web
501845,100588,2025-09-11 09:59:38,Shipped,Mobile
501846,100714,2025-09-11 10:45:17,Completed,Mobile
501847,100631,2025-09-12 05:05:28,Processing,Web
501848,100785,2025-09-12 07:45:17,Shipped,Web
501849,100207,2025-09-12 17:12:02,Completed,Web
501850,100081,2025-09-12 18:34:42,Completed,Mobile
501851,100453,2025-09-12 22:25:22,Completed,Phone
501852,100616,2025-09-12 23:21:45,Completed,Phone
501853,100193,2025-09-13 00:32:55,Completed,Phone
501854,100481,2025-09-13 00:44:36,Completed,Mobile
501855,100637,2025-09-13 02:07:19,Completed,Mobile
501856,100500,2025-09-13 02:20:34,Shipped,Web
501857,100878,2025-09-13 03:20:50,Completed,Web
501858,100475,2025-09-13 06:17:47,Cancelled,Mobile
501859,100303,2025-09-13 13:59:53,Completed,Web
501860,100692,2025-09-13 21:05:20,Completed,Mobile
501861,100666,2025-09-13 22:13:26,Shipped,Web
501862,100540,2025-09-14 03:07:43,Shipped,Mobile
501863,100863,2025-09-14 04:42:50,Completed,Web
501864,100849,2025-09-14 09:19:45,Completed,Web
501865,100981,2025-09-14 21:12:59,Completed,Mobile
501866,100452,2025-09-15 04:18:33,Shipped,Web
501867,100425,2025-09-15 05:13:39,Shipped,Web
501868,100108,2025-09-15 19:53:56,Completed,Web
501869,100661,2025-09-15 20:36:42,Shipped,Web
501870,100454,2025-09-15 22:03:23,Completed,Web
501871,100689,2025-09-16 00:05:41,Cancelled,Web
501872,100289,2025-09-16 00:53:40,Completed,Mobile
501873,100680,2025-09-16 04:55:55,Shipped,Mobile
501874,100365,2025-09-16 06:39:38,Completed,Web
501875,100127,2025-09-16 08:26:29,Completed,Web
501876,100005,2025-09-16 13:58:15,Completed,Web
501877,100929,2025-09-16 16:51:30,Completed,Mobile
501878,100908,2025-09-16 18:33:27,Processing,Web
501879,100219,2025-09-16 18:52:22,Completed,Web
501880,100149,2025-09-16 21:00:31,Completed,Web
501881,100750,2025-09-17 06:17:24,Shipped,Web
501882,100514,2025-09-17 07:54:14,Completed,Web
501883,100859,2025-09-17 13:32:04,Shipped,Web
501884,100519,2025-09-17 14:21:27,Completed,Mobile
501885,100203,2025-09-17 17:24:13,Completed,Web
501886,100006,2025-09-17 20:18:47,Shipped,Web
501887,100137,2025-09-17 22:36:07,Processing,Web
501888,100375,2025-09-18 01:43:32,Completed,Web
501889,100549,2025-09-18 06:29:36,Completed,Mobile
501890,100737,2025-09-18 12:32:46,Completed,Web
501891,100280,2025-09-18 13:03:11,Shipped,Web
501892,100774,2025-09-18 15:02:59,Shipped,Mobile
501893,100301,2025-09-18 16:22:06,Processing,Web
501894,100678,2025-09-18 18:57:46,Completed,Mobile
501895,100683,2025-09-18 20:14:06,Processing,Web
501896,100038,2025-09-19 03:08:49,Shipped,Web
501897,100376,2025-09-19 09:11:06,Completed,Mobile
501898,100128,2025-09-19 10:59:26,Completed,Mobile
501899,100524,2025-09-19 12:48:21,Completed,Mobile
501900,100009,2025-09-19 13:59:04,Completed,Web
501901,100338,2025-09-19 15:39:49,Completed,Web
501902,100212,2025-09-19 18:04:41,Completed,Mobile
501903,100447,2025-09-19 21:33:40,Shipped,Mobile
501904,100115,2025-09-20 04:06:58,Completed,Web
501905,100400,2025-09-20 13:46:15,Shipped,Web
501906,100420,2025-09-20 15:36:02,Completed,Web
501907,100157,2025-09-20 22:50:41,Shipped,Web
501908,100481,2025-09-21 02:20:50,Cancelled,Web
501909,100156,2025-09-21 03:31:56,Completed,Phone
501910,100664,2025-09-21 04:26:59,Completed,Web
501911,100416,2025-09-21 04:50:09,Completed,Web
501912,100399,2025-09-21 06:03:13,Shipped,Web
501913,100416,2025-09-21 07:49:42,Completed,Mobile
501914,100069,2025-09-21 11:49:35,Completed,Phone
501915,100265,2025-09-22 04:33:46,Completed,Web
501916,100909,2025-09-22 05:16:06,Completed,Mobile
501917,100515,2025-09-22 06:06:56,Completed,Phone
501918,100049,2025-09-22 07:56:57,Completed,Mobile
501919,100007,2025-09-22 09:11:45,Processing,Web
501920,100547,2025-09-22 12:54:17,Completed,Web
501921,100854,2025-09-22 16:55:13,Shipped,Web
501922,100184,2025-09-22 22:45:08,Completed,Web
501923,100524,2025-09-23 04:31:20,Shipped,Web
501924,100532,2025-09-23 08:22:47,Completed,Web
501925,100356,2025-09-23 09:42:40,Completed,Web
501926,100475,2025-09-23 17:32:56,Completed,Web
501927,100521,2025-09-23 23:07:35,Completed,Phone
501928,100993,2025-09-23 23:37:11,Completed,Mobile
501929,100980,2025-09-24 05:14:22,Completed,Web
501930,100987,2025-09-24 10:59:35,Completed,Web
501931,100122,2025-09-24 16:23:05,Completed,Web
501932,100172,2025-09-25 00:06:02,Completed,Web
501933,100926,2025-09-25 02:06:25,Processing,Web
501934,100317,2025-09-25 02:54:00,Shipped,Web
501935,100165,2025-09-25 05:41:34,Completed,Mobile
501936,100012,2025-09-25 07:17:23,Completed,Web
501937,100589,2025-09-25 09:21:30,Completed,Web
501938,100598,2025-09-25 18:39:35,Processing,Web
501939,100255,2025-09-26 01:44:10,Shipped,Mobile
501940,100397,2025-09-26 05:41:13,Completed,Mobile
501941,100578,2025-09-26 08:50:33,Completed,Phone
501942,100490,2025-09-26 20:55:31,Completed,Mobile
501943,100752,2025-09-26 21:05:42,Shipped,Web
501944,100916,2025-09-26 22:57:28,Shipped,Web
501945,100031,2025-09-26 23:20:42,Completed,Mobile
501946,100149,2025-09-26 23:27:32,Completed,Web
501947,100629,2025-09-27 04:02:23,Shipped,Web
501948,100481,2025-09-27 09:46:14,Completed,Web
501949,100760,2025-09-27 14:19:00,Completed,Phone
501950,100057,2025-09-27 16:58:35,Shipped,Web
501951,100198,2025-09-27 18:09:26,Completed,Web
501952,100787,2025-09-27 20:34:06,Completed,Web
501953,100026,2025-09-27 22:45:47,Shipped,Web
501954,100556,2025-09-28 02:13:09,Completed,Web
501955,100581,2025-09-28 02:33:40,Processing,Web
501956,100765,2025-09-28 07:26:47,Completed,Mobile
501957,100296,2025-09-28 07:40:55,Completed,Phone
501958,100818,2025-09-28 08:35:01,Shipped,Web
501959,100338,2025-09-28 16:06:56,Shipped,Web
501960,100035,2025-09-28 20:54:20,Shipped,Web
501961,100633,2025-09-29 01:14:42,Completed,Mobile
501962,100505,2025-09-29 06:33:45,Completed,Mobile
501963,100159,2025-09-29 11:36:21,Completed,Web
501964,100548,2025-09-29 15:12:13,Completed,Web
501965,100734,2025-09-29 16:20:27,Shipped,Web
501966,100813,2025-09-29 17:36:26,Completed,Web
501967,100785,2025-09-29 18:54:37,Completed,Web
501968,100208,2025-09-29 19:58:03,Completed,Web
501969,100057,2025-09-30 01:50:01,Shipped,Web
501970,100768,2025-09-30 03:46:29,Completed,Web
501971,100617,2025-09-30 05:07:43,Completed,Mobile
501972,100579,2025-09-30 09:20:12,Shipped,Web
501973,100392,2025-09-30 15:03:41,Shipped,Web
501974,100076,2025-09-30 16:08:45,Completed,Mobile
501975,100351,2025-09-30 16:46:22,Completed,Web
501976,100546,2025-09-30 21:33:18,Completed,Web
501977,100983,2025-10-01 00:28:45,Shipped,Web
501978,100427,2025-10-01 00:44:00,Shipped,Web
501979,100895,2025-10-01 01:34:39,Completed,Web
501980,100590,2025-10-01 03:18:19,Completed,Web
501981,100025,2025-10-01 04:03:56,Processing,Web
501982,100389,2025-10-01 11:24:24,Cancelled,Mobile
501983,100232,2025-10-01 13:17:04,Completed,Mobile
501984,100307,2025-10-01 21:25:12,Completed,Web
501985,100018,2025-10-02 02:01:58,Completed,Web
501986,100769,2025-10-02 03:13:33,Completed,Web
501987,100810,2025-10-02 03:23:16,Completed,Mobile
501988,100283,2025-10-02 05:06:06,Completed,Web
501989,100729,2025-10-02 14:11:15,Completed,Web
501990,100425,2025-10-02 14:56:02,Completed,Web
501991,100282,2025-10-02 15:14:44,Shipped,Mobile
501992,100533,2025-10-02 17:34:53,Completed,Web
501993,100382,2025-10-03 05:08:03,Completed,Mobile
501994,100022,2025-10-03 05:10:34,Completed,Web
501995,100065,2025-10-03 05:41:10,Shipped,Web
501996,100163,2025-10-03 08:24:24,Completed,Web
501997,100715,2025-10-03 10:27:52,Completed,Phone
501998,100306,2025-10-03 10:47:18,Completed,Web
501999,100851,2025-10-03 13:06:09,Completed,Web
502000,100673,2025-10-03 22:10:43,Completed,Web
502001,100115,2025-10-04 04:03:39,Completed,Web
502002,100097,2025-10-04 06:33:08,Completed,Web
502003,100554,2025-10-04 07:30:25,Processing,Web
502004,100079,2025-10-04 08:26:10,Completed,Web
502005,100187,2025-10-04 15:36:27,Completed,Web
502006,100913,2025-10-04 16:21:57,Completed,Web
502007,100306,2025-10-04 18:10:02,Completed,Web
502008,100381,2025-10-04 22:25:00,Completed,Web
502009,100828,2025-10-05 00:20:35,Completed,Web
502010,100470,2025-10-05 07:38:34,Completed,Web
502011,100140,2025-10-05 09:39:01,Completed,Web
502012,100808,2025-10-05 13:56:52,Completed,Web
502013,100738,2025-10-05 14:46:16,Completed,Web
502014,100275,2025-10-05 18:49:01,Processing,Mobile
502015,100366,2025-10-05 23:26:09,Completed,Web
502016,100115,2025-10-06 02:16:45,Completed,Web
502017,100035,2025-10-06 02:41:27,Shipped,Web
502018,100852,2025-10-06 11:10:06,Completed,Web
502019,100506,2025-10-07 01:47:29,Completed,Mobile
502020,100496,2025-10-07 02:21:12,Shipped,Web
502021,100051,2025-10-07 02:47:33,Completed,Mobile
502022,100222,2025-10-07 04:42:52,Completed,Mobile
502023,100666,2025-10-07 05:01:26,Processing,Web
502024,100086,2025-10-07 05:55:09,Completed,Web
502025,100235,2025-10-07 07:16:09,Cancelled,Web
502026,100420,2025-10-07 17:03:51,Completed,Web
502027,100106,2025-10-07 21:25:54,Completed,Web
502028,100419,2025-10-07 22:52:41,Shipped,Web
502029,100717,2025-10-07 23:26:57,Shipped,Web
502030,100119,2025-10-08 07:59:27,Completed,Phone
502031,100021,2025-10-08 14:00:56,Completed,Web
502032,100451,2025-10-08 14:55:24,Processing,Web
502033,100260,2025-10-08 20:15:34,Completed,Web
502034,100639,2025-10-08 20:19:24,Completed,Web
502035,100907,2025-10-09 02:07:49,Processing,Web
502036,100885,2025-10-09 03:04:34,Completed,Web
502037,100022,2025-10-09 05:45:29,Completed,Web
502038,100714,2025-10-09 08:11:52,Shipped,Mobile
502039,100157,2025-10-09 08:23:02,Completed,Phone
502040,100718,2025-10-09 08:45:43,Shipped,Mobile
502041,100607,2025-10-09 13:06:27,Completed,Mobile
502042,100939,2025-10-09 15:32:43,Processing,Web
502043,100901,2025-10-09 16:38:12,Completed,Web
502044,100219,2025-10-09 22:05:09,Completed,Mobile
502045,100420,2025-10-10 00:29:54,Completed,Mobile
502046,101000,2025-10-10 01:14:04,Completed,Web
502047,100671,2025-10-10 09:22:28,Shipped,Mobile
502048,100498,2025-10-10 09:42:49,Completed,Web
502049,100179,2025-10-11 05:44:35,Shipped,Web
502050,100364,2025-10-11 08:55:06,Completed,Mobile
502051,100206,2025-10-11 09:36:07,Completed,Web
502052,100717,2025-10-11 11:08:46,Completed,Web
502053,100284,2025-10-11 13:50:46,Processing,Web
502054,100456,2025-10-11 14:14:00,Completed,Web
502055,100150,2025-10-11 18:52:05,Completed,Web
502056,100020,2025-10-11 21:06:50,Completed,Web
502057,100061,2025-10-11 23:38:53,Completed,Web
502058,100106,2025-10-12 00:10:55,Completed,Web
502059,100100,2025-10-12 04:03:58,Completed,Web
502060,100132,2025-10-12 05:01:50,Completed,Web
502061,100635,2025-10-12 05:26:44,Processing,Web
502062,100117,2025-10-12 06:37:42,Completed,Web
502063,100014,2025-10-12 09:43:55,Shipped,Web
502064,100760,2025-10-12 11:12:37,Shipped,Web
502065,100812,2025-10-12 14:53:24,Completed,Web
502066,100333,2025-10-12 19:17:53,Shipped,Mobile
502067,100966,2025-10-12 22:40:37,Completed,Web
502068,100854,2025-10-13 20:21:35,Completed,Mobile
502069,100985,2025-10-13 21:37:27,Completed,Web
502070,100709,2025-10-14 01:52:26,Completed,Mobile
502071,100348,2025-10-14 10:24:34,Completed,Web
502072,100232,2025-10-14 14:41:31,Completed,Web
502073,100120,2025-10-14 17:33:05,Completed,Web
502074,100429,2025-10-14 17:37:53,Shipped,Web
502075,100360,2025-10-14 18:33:39,Completed,Web
502076,100947,2025-10-14 19:49:54,Cancelled,Web
502077,100184,2025-10-15 07:06:12,Completed,Web
502078,100548,2025-10-15 07:07:36,Completed,Web
502079,100439,2025-10-15 07:39:23,Completed,Web
502080,100223,2025-10-15 14:25:58,Completed,Web
502081,100430,2025-10-15 14:38:10,Completed,Web
502082,100577,2025-10-16 01:48:30,Completed,Mobile
502083,100823,2025-10-16 01:58:50,Completed,Web
502084,100811,2025-10-16 03:32:46,Completed,Web
502085,100726,2025-10-16 04:57:45,Completed,Web
502086,100073,2025-10-16 07:40:34,Completed,Web
502087,100451,2025-10-16 09:24:08,Completed,Phone
502088,100179,2025-10-16 09:54:37,Processing,Mobile
502089,100078,2025-10-16 14:55:43,Completed,Mobile
502090,100345,2025-10-16 20:23:18,Completed,Mobile
502091,100169,2025-10-16 21:33:44,Processing,Web
502092,100544,2025-10-16 23:26:54,Completed,Mobile
502093,100603,2025-10-17 03:05:40,Completed,Web
502094,100844,2025-10-17 05:15:50,Completed,Web
502095,100105,2025-10-17 10:19:02,Shipped,Web
502096,100119,2025-10-17 20:32:13,Completed,Mobile
502097,100424,2025-10-17 20:51:59,Shipped,Web
502098,100446,2025-10-18 03:09:07,Shipped,Web
502099,100804,2025-10-18 07:24:56,Completed,Web
502100,100519,2025-10-18 08:22:17,Completed,Web
502101,100867,2025-10-18 10:40:02,Completed,Phone
502102,100448,2025-10-18 10:48:47,Shipped,Web
502103,100327,2025-10-18 17:03:27,Completed,Web
502104,100669,2025-10-18 22:32:22,Completed,Mobile
502105,100914,2025-10-19 07:46:02,Completed,Mobile
502106,100832,2025-10-19 13:36:25,Processing,Web
502107,100957,2025-10-19 23:19:22,Completed,Mobile
502108,100535,2025-10-19 23:53:46,Completed,Web
502109,100799,2025-10-20 01:35:23,Completed,Web
502110,100163,2025-10-20 03:22:07,Processing,Web
502111,100121,2025-10-20 05:53:28,Completed,Web
502112,100908,2025-10-20 14:36:58,Completed,Mobile
502113,100476,2025-10-20 16:53:31,Completed,Phone
502114,100639,2025-10-21 04:25:39,Completed,Web
502115,100317,2025-10-21 15:14:07,Completed,Web
502116,101000,2025-10-21 17:00:17,Completed,Mobile
502117,100731,2025-10-21 22:42:34,Completed,Web
502118,100081,2025-10-21 23:20:27,Completed,Web
502119,100246,2025-10-22 00:14:39,Completed,Web
502120,100907,2025-10-22 09:14:59,Shipped,Mobile
502121,100868,2025-10-22 17:26:37,Completed,Mobile
502122,100670,2025-10-22 19:56:48,Completed,Web
502123,100563,2025-10-22 21:52:59,Processing,Web
502124,100112,2025-10-23 00:33:33,Completed,Web
502125,100270,2025-10-23 00:38:34,Shipped,Web
502126,100690,2025-10-23 07:50:31,Completed,Phone
502127,100157,2025-10-23 08:23:18,Completed,Phone
502128,100959,2025-10-23 15:07:44,Completed,Web
502129,100729,2025-10-23 16:56:00,Completed,Web
502130,100518,2025-10-23 18:11:10,Completed,Web
502131,100379,2025-10-23 23:09:20,Completed,Web
502132,100343,2025-10-24 01:02:44,Completed,Mobile
502133,100868,2025-10-24 01:05:37,Completed,Web
502134,100284,2025-10-24 02:31:24,Completed,Web
502135,100904,2025-10-24 05:53:33,Completed,Web
502136,100878,2025-10-24 06:59:16,Completed,Mobile
502137,100970,2025-10-24 10:28:47,Completed,Mobile
502138,100639,2025-10-24 12:34:54,Completed,Web
502139,100585,2025-10-24 12:59:57,Processing,Web
502140,100798,2025-10-24 13:00:35,Completed,Web
502141,100926,2025-10-24 13:19:33,Shipped,Web
502142,100005,2025-10-24 21:23:11,Completed,Phone
502143,100879,2025-10-25 09:49:22,Completed,Web
502144,100749,2025-10-25 12:08:15,Completed,Mobile
502145,100700,2025-10-25 15:06:36,Cancelled,Phone
502146,100417,2025-10-25 16:40:41,Completed,Mobile
502147,100589,2025-10-25 18:41:16,Completed,Mobile
502148,100641,2025-10-25 23:58:26,Cancelled,Mobile
502149,100735,2025-10-26 00:15:40,Completed,Phone
502150,100515,2025-10-26 02:40:49,Completed,Mobile
502151,100560,2025-10-26 03:43:58,Completed,Web
502152,100588,2025-10-26 04:34:31,Completed,Web
502153,100594,2025-10-26 07:22:02,Completed,Mobile
502154,100791,2025-10-26 08:02:51,Completed,Mobile
502155,100889,2025-10-26 08:37:40,Completed,Web
502156,100666,2025-10-26 10:20:40,Completed,Web
502157,100669,2025-10-26 11:42:44,Shipped,Web
502158,100530,2025-10-26 17:03:08,Completed,Web
502159,100801,2025-10-26 17:37:25,Completed,Web
502160,100323,2025-10-26 23:24:16,Completed,Mobile
502161,100326,2025-10-26 23:33:25,Shipped,Mobile
502162,100523,2025-10-27 00:57:13,Completed,Mobile
502163,100193,2025-10-27 05:42:14,Shipped,Web
502164,100913,2025-10-27 08:46:14,Shipped,Mobile
502165,100614,2025-10-27 09:33:24,Completed,Web
502166,100510,2025-10-27 13:47:02,Completed,Mobile
502167,100463,2025-10-27 22:02:48,Processing,Mobile
502168,100363,2025-10-27 23:55:07,Completed,Web
502169,100938,2025-10-28 05:40:38,Completed,Web
502170,100133,2025-10-28 12:34:51,Processing,Web
502171,100666,2025-10-28 14:03:45,Completed,Web
502172,100750,2025-10-28 21:55:19,Shipped,Web
502173,100491,2025-10-29 02:27:57,Completed,Web
502174,100163,2025-10-29 05:56:30,Shipped,Web
502175,100970,2025-10-29 08:33:09,Completed,Web
502176,100631,2025-10-29 13:56:07,Processing,Web
502177,100758,2025-10-29 17:30:14,Completed,Web
502178,100742,2025-10-29 20:58:39,Completed,Web
502179,100916,2025-10-30 03:21:10,Completed,Web
502180,100649,2025-10-30 03:37:29,Completed,Phone
502181,100819,2025-10-30 06:00:46,Completed,Web
502182,100739,2025-10-30 08:09:49,Shipped,Web
502183,100470,2025-10-30 09:04:46,Processing,Web
502184,100567,2025-10-30 12:24:40,Completed,Mobile
502185,101000,2025-10-30 13:28:43,Shipped,Mobile
502186,100602,2025-10-30 18:08:26,Completed,Web
502187,100278,2025-10-30 18:16:48,Processing,Web
502188,100534,2025-10-30 20:06:55,Completed,Web
502189,100443,2025-10-31 02:24:22,Completed,Web
502190,100768,2025-10-31 09:10:42,Shipped,Mobile
502191,100206,2025-10-31 10:28:11,Completed,Web
502192,100665,2025-10-31 11:39:40,Processing,Mobile
502193,100968,2025-10-31 13:26:16,Completed,Web
502194,100417,2025-10-31 15:21:40,Completed,Web
502195,100741,2025-10-31 17:48:07,Shipped,Web
502196,100206,2025-10-31 21:31:42,Shipped,Web
502197,100617,2025-10-31 22:34:08,Completed,Web
502198,100487,2025-11-01 06:50:54,Completed,Mobile
502199,100241,2025-11-01 07:42:03,Shipped,Web
502200,100833,2025-11-01 09:52:31,Completed,Web
502201,100864,2025-11-01 16:20:04,Completed,Mobile
502202,100306,2025-11-01 19:42:45,Completed,Mobile
502203,100377,2025-11-01 22:14:07,Processing,Web
502204,100315,2025-11-01 22:41:01,Completed,Web
502205,100485,2025-11-01 23:05:32,Completed,Web
502206,100294,2025-11-02 00:59:09,Processing,Web
502207,100589,2025-11-02 00:59:43,Shipped,Web
502208,100486,2025-11-02 01:09:19,Completed,Web
502209,100486,2025-11-02 04:37:20,Processing,Web
502210,100878,2025-11-02 05:42:26,Completed,Web
502211,100169,2025-11-02 08:06:07,Completed,Web
502212,100487,2025-11-02 10:17:37,Cancelled,Mobile
502213,100189,2025-11-02 10:17:43,Completed,Web
502214,100418,2025-11-02 13:23:59,Completed,Mobile
502215,100270,2025-11-02 15:31:17,Completed,Web
502216,100679,2025-11-02 17:07:51,Completed,Web
502217,100554,2025-11-02 18:03:48,Completed,Mobile
502218,100358,2025-11-02 21:39:26,Completed,Web
502219,100468,2025-11-02 23:00:46,Completed,Mobile
502220,100059,2025-11-03 05:47:39,Completed,Web
502221,100325,2025-11-03 11:13:46,Completed,Web
502222,100507,2025-11-04 00:58:29,Completed,Mobile
502223,100182,2025-11-04 01:31:31,Completed,Web
502224,100177,2025-11-04 03:53:34,Completed,Web
502225,100716,2025-11-04 04:51:57,Completed,Web
502226,100190,2025-11-04 14:03:07,Completed,Web
502227,100342,2025-11-04 14:12:26,Completed,Web
502228,100775,2025-11-04 18:36:50,Completed,Web
502229,100594,2025-11-05 04:04:01,Completed,Web
502230,100566,2025-11-05 07:40:15,Completed,Web
502231,100818,2025-11-05 07:59:12,Completed,Web
502232,100183,2025-11-05 08:15:10,Completed,Mobile
502233,100788,2025-11-05 08:57:02,Shipped,Mobile
502234,100025,2025-11-05 16:55:26,Processing,Web
502235,100889,2025-11-05 20:25:28,Shipped,Web
502236,100675,2025-11-05 20:27:25,Completed,Mobile
502237,100350,2025-11-05 21:44:16,Completed,Web
502238,100887,2025-11-05 22:27:48,Shipped,Web
502239,100014,2025-11-06 08:21:07,Completed,Phone
502240,100847,2025-11-06 09:19:41,Completed,Web
502241,100318,2025-11-06 10:11:09,Completed,Web
502242,100495,2025-11-07 03:53:43,Completed,Mobile
502243,100274,2025-11-07 04:57:15,Shipped,Web
502244,100897,2025-11-07 19:23:20,Cancelled,Web
502245,100609,2025-11-07 21:00:23,Processing,Mobile
502246,100077,2025-11-07 23:23:40,Shipped,Web
502247,100278,2025-11-08 01:16:50,Completed,Mobile
502248,100708,2025-11-08 01:20:43,Shipped,Web
502249,100498,2025-11-08 01:24:29,Completed,Web
502250,100951,2025-11-08 02:43:14,Completed,Web
502251,100944,2025-11-08 04:57:42,Processing,Web
502252,100814,2025-11-08 06:02:50,Completed,Mobile
502253,100079,2025-11-08 10:01:43,Completed,Web
502254,100356,2025-11-08 10:45:53,Completed,Web
502255,100218,2025-11-08 11:47:21,Completed,Web
502256,100077,2025-11-08 20:03:09,Cancelled,Web
502257,100014,2025-11-08 21:01:20,Completed,Mobile
502258,100967,2025-11-08 22:17:09,Completed,Web
502259,100696,2025-11-09 00:48:26,Processing,Web
502260,100871,2025-11-09 05:02:21,Cancelled,Web
502261,100812,2025-11-09 11:11:26,Completed,Web
502262,100033,2025-11-09 23:20:13,Completed,Mobile
502263,100614,2025-11-10 01:52:12,Completed,Mobile
502264,100031,2025-11-10 04:11:47,Completed,Web
502265,100403,2025-11-10 06:22:02,Completed,Web
502266,100031,2025-11-10 08:14:29,Completed,Mobile
502267,100860,2025-11-10 08:54:13,Completed,Web
502268,100839,2025-11-10 09:24:45,Completed,Web
502269,100225,2025-11-10 09:53:36,Cancelled,Phone
502270,100653,2025-11-10 10:40:47,Shipped,Web
502271,100515,2025-11-10 11:46:56,Completed,Web
502272,100093,2025-11-10 14:52:01,Cancelled,Web
502273,100789,2025-11-10 15:54:32,Shipped,Web
502274,100804,2025-11-10 19:41:46,Completed,Mobile
502275,100205,2025-11-10 21:55:52,Shipped,Web
502276,100532,2025-11-11 02:50:15,Completed,Phone
502277,100173,2025-11-11 03:47:36,Completed,Mobile
502278,100919,2025-11-11 04:02:38,Processing,Mobile
502279,100813,2025-11-11 05:36:41,Completed,Phone
502280,100994,2025-11-11 06:04:49,Completed,Web
502281,100056,2025-11-11 07:08:56,Completed,Web
502282,100986,2025-11-11 10:44:29,Completed,Web
502283,100423,2025-11-11 10:54:32,Completed,Web
502284,100327,2025-11-11 13:29:21,Shipped,Web
502285,100931,2025-11-11 14:34:52,Completed,Web
502286,100818,2025-11-11 20:41:36,Processing,Web
502287,100540,2025-11-12 07:05:30,Completed,Mobile
502288,100768,2025-11-12 08:15:27,Completed,Mobile
502289,100543,2025-11-12 11:30:33,Completed,Phone
502290,100279,2025-11-12 15:27:35,Completed,Web
502291,100944,2025-11-12 17:01:19,Completed,Web
502292,100934,2025-11-12 21:17:50,Cancelled,Web
502293,100666,2025-11-13 03:01:32,Processing,Web
502294,100881,2025-11-13 05:34:04,Shipped,Web
502295,100465,2025-11-13 12:03:20,Completed,Mobile
502296,100330,2025-11-13 13:16:08,Completed,Mobile
502297,100371,2025-11-13 14:53:02,Completed,Web
502298,100702,2025-11-13 19:19:26,Completed,Web
502299,100035,2025-11-13 23:24:00,Completed,Web
502300,100525,2025-11-14 06:55:43,Completed,Mobile
502301,100640,2025-11-14 09:06:38,Completed,Mobile
502302,100548,2025-11-14 10:52:23,Completed,Web
502303,100942,2025-11-14 13:00:23,Completed,Web
502304,100327,2025-11-14 20:29:43,Shipped,Web
502305,100877,2025-11-14 21:09:45,Completed,Mobile
502306,100331,2025-11-15 00:55:56,Shipped,Web
502307,100892,2025-11-15 03:15:07,Processing,Web
502308,100971,2025-11-15 06:16:49,Completed,Web
502309,100023,2025-11-15 09:52:23,Completed,Mobile
502310,100785,2025-11-15 18:22:58,Shipped,Web
502311,100609,2025-11-15 19:42:13,Completed,Web
502312,100937,2025-11-16 03:11:10,Completed,Web
502313,100134,2025-11-16 03:47:50,Completed,Phone
502314,100921,2025-11-16 03:56:32,Processing,Web
502315,100562,2025-11-16 04:44:51,Completed,Web
502316,100828,2025-11-16 08:49:25,Shipped,Web
502317,100185,2025-11-16 09:36:00,Completed,Web
502318,100620,2025-11-16 11:26:14,Completed,Web
502319,100673,2025-11-16 13:25:48,Completed,Web
502320,100511,2025-11-16 15:31:41,Completed,Phone
502321,100113,2025-11-16 15:46:22,Completed,Phone
502322,100855,2025-11-16 15:46:52,Completed,Phone
502323,100714,2025-11-17 01:52:12,Completed,Mobile
502324,100916,2025-11-17 02:46:31,Completed,Web
502325,100332,2025-11-17 07:14:21,Completed,Web
502326,100308,2025-11-17 11:20:32,Completed,Web
502327,100803,2025-11-17 15:34:33,Completed,Web
502328,100280,2025-11-18 18:14:11,Completed,Web
502329,100250,2025-11-18 19:17:57,Completed,Web
502330,100419,2025-11-18 23:16:11,Completed,Mobile
502331,100322,2025-11-19 01:59:05,Shipped,Web
502332,100292,2025-11-19 10:17:14,Shipped,Web
502333,100028,2025-11-19 13:25:36,Completed,Phone
502334,100374,2025-11-19 15:19:57,Completed,Web
502335,100992,2025-11-19 19:11:44,Completed,Web
502336,100547,2025-11-19 23:58:15,Cancelled,Web
502337,100545,2025-11-20 03:22:28,Shipped,Web
502338,100549,2025-11-20 03:28:41,Completed,Mobile
502339,100006,2025-11-20 16:00:47,Completed,Web
502340,100956,2025-11-20 18:30:31,Completed,Mobile
502341,100918,2025-11-20 22:28:37,Shipped,Web
502342,100507,2025-11-21 00:38:39,Completed,Web
502343,100229,2025-11-21 07:43:46,Shipped,Web
502344,100623,2025-11-21 08:04:39,Completed,Mobile
502345,100439,2025-11-21 09:25:02,Completed,Mobile
502346,100491,2025-11-21 17:38:14,Completed,Mobile
502347,100035,2025-11-22 05:51:11,Cancelled,Phone
502348,100470,2025-11-22 06:08:46,Completed,Web
502349,100621,2025-11-22 09:12:08,Completed,Mobile
502350,100758,2025-11-22 15:49:01,Completed,Phone
502351,100916,2025-11-22 22:03:25,Shipped,Web
502352,100781,2025-11-23 00:40:31,Completed,Web
502353,100934,2025-11-23 01:08:43,Completed,Web
502354,100904,2025-11-23 07:47:57,Completed,Web
502355,100235,2025-11-23 13:01:47,Completed,Web
502356,100540,2025-11-23 17:31:12,Completed,Web
502357,100506,2025-11-23 19:44:06,Completed,Mobile
502358,100063,2025-11-24 02:07:12,Cancelled,Web
502359,100041,2025-11-24 04:52:53,Shipped,Web
502360,100106,2025-11-24 05:00:50,Completed,Mobile
502361,100782,2025-11-24 15:38:05,Shipped,Web
502362,100002,2025-11-24 16:17:38,Completed,Web
502363,100666,2025-11-24 17:36:15,Completed,Web
502364,100744,2025-11-24 21:35:59,Completed,Web
502365,100428,2025-11-25 00:48:35,Completed,Web
502366,100151,2025-11-25 00:49:18,Completed,Web
502367,100100,2025-11-25 02:22:36,Completed,Web
502368,100540,2025-11-25 03:37:21,Shipped,Mobile
502369,100874,2025-11-25 08:30:30,Completed,Web
502370,100211,2025-11-25 13:42:26,Completed,Web
502371,100346,2025-11-25 19:43:15,Completed,Web
502372,100060,2025-11-25 20:18:03,Completed,Mobile
502373,100014,2025-11-25 23:26:55,Shipped,Web
502374,100148,2025-11-26 03:54:23,Completed,Web
502375,100086,2025-11-26 04:14:54,Cancelled,Web
502376,100779,2025-11-26 04:39:09,Completed,Phone
502377,100803,2025-11-26 05:28:06,Completed,Web
502378,100845,2025-11-26 10:13:44,Completed,Web
502379,100204,2025-11-26 11:16:42,Completed,Mobile
502380,100870,2025-11-26 12:23:37,Completed,Mobile
502381,100699,2025-11-26 16:08:18,Completed,Phone
502382,100424,2025-11-26 17:34:07,Completed,Web
502383,100189,2025-11-26 20:15:45,Completed,Web
502384,100163,2025-11-27 04:33:38,Completed,Web
502385,100685,2025-11-27 06:48:48,Completed,Web
502386,100289,2025-11-27 07:52:07,Shipped,Web
502387,100421,2025-11-27 09:59:14,Completed,Web
502388,100749,2025-11-27 11:20:58,Completed,Web
502389,100716,2025-11-27 15:20:47,Completed,Web
502390,100258,2025-11-27 18:49:04,Completed,Web
502391,100282,2025-11-28 07:42:31,Completed,Web
502392,100284,2025-11-28 09:09:05,Shipped,Web
502393,100003,2025-11-28 14:48:39,Completed,Web
502394,100273,2025-11-28 15:17:15,Completed,Web
502395,100096,2025-11-28 23:39:04,Completed,Web
502396,100033,2025-11-29 06:56:35,Completed,Web
502397,100913,2025-11-29 09:42:36,Shipped,Web
502398,100415,2025-11-29 18:45:03,Completed,Web
502399,100705,2025-11-29 23:04:25,Completed,Mobile
502400,100227,2025-11-30 04:12:21,Processing,Web
502401,100683,2025-12-01 00:22:43,Completed,Phone
502402,100754,2025-12-01 01:29:00,Completed,Mobile
502403,100136,2025-12-01 07:22:27,Completed,Mobile
502404,100660,2025-12-01 07:56:41,Completed,Web
502405,100505,2025-12-01 13:37:57,Completed,Web
502406,100882,2025-12-01 16:57:34,Completed,Phone
502407,100166,2025-12-01 18:04:32,Completed,Web
502408,100857,2025-12-01 23:11:15,Completed,Web
502409,100336,2025-12-02 02:58:30,Completed,Web
502410,100307,2025-12-02 03:49:04,Cancelled,Web
502411,100610,2025-12-02 06:20:33,Completed,Web
502412,100812,2025-12-02 08:50:39,Completed,Web
502413,100585,2025-12-02 09:05:13,Shipped,Mobile
502414,100534,2025-12-02 09:13:34,Processing,Web
502415,100854,2025-12-02 11:23:13,Shipped,Web
502416,100712,2025-12-02 13:11:36,Processing,Web
502417,100226,2025-12-02 15:55:07,Cancelled,Web
502418,100769,2025-12-02 16:17:46,Completed,Web
502419,100503,2025-12-02 19:08:14,Completed,Mobile
502420,100950,2025-12-02 19:52:30,Completed,Web
502421,100745,2025-12-02 22:03:19,Completed,Web
502422,100376,2025-12-02 22:03:41,Completed,Web
502423,100512,2025-12-02 22:33:34,Completed,Web
502424,100102,2025-12-03 02:55:36,Completed,Web
502425,100640,2025-12-03 03:12:37,Completed,Web
502426,100360,2025-12-03 06:58:30,Completed,Web
502427,100712,2025-12-03 10:02:31,Completed,Web
502428,100748,2025-12-03 12:38:05,Completed,Web
502429,100718,2025-12-03 12:45:20,Completed,Web
502430,100187,2025-12-03 14:10:33,Completed,Web
502431,100054,2025-12-03 18:44:28,Shipped,Web
502432,100145,2025-12-04 00:35:00,Completed,Phone
502433,100036,2025-12-04 01:11:34,Completed,Web
502434,100809,2025-12-04 01:41:24,Completed,Mobile
502435,100285,2025-12-04 04:19:33,Completed,Web
502436,100642,2025-12-04 05:21:36,Completed,Phone
502437,100062,2025-12-04 06:20:57,Processing,Web
502438,100494,2025-12-04 08:51:47,Completed,Web
502439,100672,2025-12-04 12:42:33,Completed,Web
502440,100045,2025-12-04 14:01:00,Completed,Mobile
502441,100573,2025-12-04 15:04:08,Completed,Phone
502442,100783,2025-12-04 15:18:10,Completed,Mobile
502443,100976,2025-12-04 18:15:10,Completed,Web
502444,100556,2025-12-04 22:27:45,Completed,Web
502445,100667,2025-12-05 00:03:46,Processing,Web
502446,100949,2025-12-05 01:09:54,Completed,Web
502447,100920,2025-12-05 01:40:48,Completed,Mobile
502448,100624,2025-12-05 11:41:57,Completed,Web
502449,100835,2025-12-05 23:22:34,Completed,Web
502450,100502,2025-12-06 00:07:39,Processing,Mobile
502451,100873,2025-12-06 02:03:33,Completed,Web
502452,100694,2025-12-06 03:25:16,Completed,Mobile
502453,100527,2025-12-06 09:26:46,Completed,Web
502454,100530,2025-12-06 13:20:26,Completed,Mobile
502455,100057,2025-12-06 14:06:47,Completed,Web
502456,100002,2025-12-06 14:46:58,Completed,Mobile
502457,100955,2025-12-06 15:18:23,Completed,Web
502458,100285,2025-12-06 22:36:21,Completed,Web
502459,100048,2025-12-07 00:02:21,Completed,Mobile
502460,100079,2025-12-07 09:25:57,Completed,Web
502461,100003,2025-12-07 10:27:18,Cancelled,Web
502462,100752,2025-12-07 11:59:11,Completed,Web
502463,100013,2025-12-07 16:10:06,Completed,Web
502464,100657,2025-12-07 20:26:16,Completed,Phone
502465,100735,2025-12-07 23:09:59,Shipped,Mobile
502466,100023,2025-12-08 01:14:16,Completed,Web
502467,100322,2025-12-08 03:04:37,Completed,Web
502468,100337,2025-12-08 03:53:50,Completed,Web
502469,100780,2025-12-08 11:26:28,Completed,Web
502470,100966,2025-12-08 20:36:48,Completed,Web
502471,100817,2025-12-08 21:17:55,Cancelled,Web
502472,100438,2025-12-08 21:38:03,Completed,Web
502473,100842,2025-12-08 21:54:12,Completed,Web
502474,100727,2025-12-09 01:20:49,Shipped,Web
502475,100133,2025-12-09 03:42:56,Completed,Web
502476,100880,2025-12-09 04:14:52,Completed,Mobile
502477,100665,2025-12-09 08:36:36,Completed,Web
502478,100815,2025-12-09 09:20:57,Cancelled,Web
502479,100348,2025-12-09 10:24:24,Shipped,Web
502480,100531,2025-12-09 21:54:20,Shipped,Phone
502481,100231,2025-12-10 03:11:40,Completed,Web
502482,100243,2025-12-10 04:03:01,Completed,Mobile
502483,100948,2025-12-10 06:10:08,Completed,Web
502484,100343,2025-12-10 07:50:53,Completed,Web
502485,100711,2025-12-10 12:22:17,Processing,Web
502486,100644,2025-12-10 15:40:50,Completed,Web
502487,100909,2025-12-10 16:07:56,Completed,Web
502488,100882,2025-12-10 21:10:51,Shipped,Web
502489,100912,2025-12-11 01:43:13,Completed,Web
502490,100498,2025-12-11 03:16:21,Completed,Web
502491,100150,2025-12-11 04:02:27,Completed,Mobile
502492,100024,2025-12-11 09:59:53,Completed,Web
502493,100713,2025-12-11 13:07:12,Shipped,Web
502494,100626,2025-12-11 13:30:20,Shipped,Web
502495,100465,2025-12-11 14:48:01,Completed,Web
502496,100895,2025-12-11 16:07:46,Shipped,Mobile
502497,100722,2025-12-11 17:14:05,Completed,Web
502498,100167,2025-12-11 17:14:40,Completed,Mobile
502499,100948,2025-12-11 23:27:53,Completed,Web
502500,100057,2025-12-12 04:57:26,Processing,Mobile
502501,100269,2025-12-12 07:37:59,Completed,Mobile
502502,100411,2025-12-12 08:27:30,Completed,Mobile
502503,100462,2025-12-12 09:47:55,Completed,Phone
502504,100518,2025-12-12 12:09:16,Shipped,Web
502505,100442,2025-12-12 14:38:11,Completed,Web
502506,100641,2025-12-12 19:06:53,Shipped,Web
502507,100157,2025-12-13 00:30:52,Completed,Mobile
502508,100895,2025-12-13 00:54:00,Completed,Web
502509,100806,2025-12-13 04:05:59,Completed,Web
502510,100437,2025-12-13 18:36:11,Completed,Web
502511,100258,2025-12-13 20:33:36,Completed,Web
502512,100093,2025-12-14 01:25:20,Completed,Web
502513,100813,2025-12-14 05:25:34,Cancelled,Mobile
502514,100596,2025-12-14 07:40:01,Completed,Web
502515,100574,2025-12-14 07:58:40,Completed,Mobile
502516,100950,2025-12-14 11:14:38,Processing,Mobile
502517,100852,2025-12-14 13:21:27,Completed,Web
502518,100566,2025-12-14 17:00:43,Completed,Web
502519,100867,2025-12-14 23:56:45,Completed,Mobile
502520,100314,2025-12-15 02:43:37,Completed,Mobile
502521,100741,2025-12-15 07:14:32,Processing,Phone
502522,100990,2025-12-15 12:09:01,Completed,Web
502523,100353,2025-12-15 13:57:20,Completed,Phone
502524,100910,2025-12-15 13:59:32,Processing,Mobile
502525,100685,2025-12-15 18:15:16,Completed,Web
502526,100209,2025-12-15 18:22:08,Completed,Mobile
502527,100113,2025-12-15 22:36:00,Completed,Web
502528,100463,2025-12-15 23:46:05,Completed,Mobile
502529,100923,2025-12-16 02:11:54,Completed,Web
502530,100986,2025-12-16 03:40:49,Completed,Web
502531,100221,2025-12-16 11:40:43,Shipped,Web
502532,100862,2025-12-16 12:21:13,Shipped,Mobile
502533,100660,2025-12-16 12:43:48,Completed,Web
502534,100865,2025-12-16 13:37:39,Completed,Web
502535,100781,2025-12-16 14:36:25,Completed,Web
502536,100472,2025-12-16 15:16:23,Completed,Web
502537,100731,2025-12-16 20:58:38,Shipped,Web
502538,100296,2025-12-16 22:33:25,Completed,Phone
502539,100631,2025-12-17 02:24:07,Completed,Phone
502540,100521,2025-12-17 04:56:25,Completed,Web
502541,100054,2025-12-17 04:59:01,Completed,Web
502542,100138,2025-12-17 09:51:30,Completed,Web
502543,100025,2025-12-17 10:10:39,Completed,Web
502544,100899,2025-12-17 12:47:39,Cancelled,Web
502545,100625,2025-12-17 15:45:53,Completed,Web
502546,100568,2025-12-17 21:38:18,Completed,Mobile
502547,100967,2025-12-18 00:34:10,Completed,Web
502548,100387,2025-12-18 06:33:41,Completed,Mobile
502549,100874,2025-12-18 06:39:52,Completed,Web
502550,100893,2025-12-18 09:21:20,Completed,Web
502551,100351,2025-12-18 09:21:57,Completed,Web
502552,100925,2025-12-18 11:39:21,Completed,Mobile
502553,100678,2025-12-18 12:30:26,Completed,Web
502554,100815,2025-12-19 08:09:29,Completed,Web
502555,100591,2025-12-19 11:53:53,Completed,Web
502556,100562,2025-12-19 13:51:13,Completed,Web
502557,100470,2025-12-19 16:11:36,Processing,Mobile
502558,100154,2025-12-19 19:20:58,Completed,Web
502559,100604,2025-12-19 20:07:56,Shipped,Web
502560,100219,2025-12-19 20:44:43,Shipped,Web
502561,100272,2025-12-19 21:39:03,Completed,Web
502562,100600,2025-12-19 22:02:38,Shipped,Web
502563,100826,2025-12-20 05:55:46,Processing,Web
502564,100150,2025-12-20 07:34:32,Shipped,Phone
502565,100457,2025-12-20 08:19:22,Completed,Web
502566,100267,2025-12-20 08:19:46,Completed,Phone
502567,100725,2025-12-20 16:35:04,Completed,Web
502568,100900,2025-12-20 17:51:04,Completed,Web
502569,100591,2025-12-20 18:23:41,Completed,Web
502570,100219,2025-12-20 19:56:26,Completed,Mobile
502571,100156,2025-12-21 01:53:36,Completed,Phone
502572,100233,2025-12-21 16:46:04,Completed,Web
502573,100180,2025-12-21 22:58:59,Completed,Mobile
502574,100165,2025-12-22 06:16:20,Completed,Phone
502575,100757,2025-12-22 10:26:51,Completed,Web
502576,100855,2025-12-22 13:07:16,Completed,Web
502577,100629,2025-12-22 14:16:22,Completed,Web
502578,100849,2025-12-22 14:26:47,Completed,Phone
502579,100724,2025-12-22 16:48:50,Completed,Web
502580,100821,2025-12-22 19:05:12,Completed,Mobile
502581,100438,2025-12-23 08:21:02,Completed,Mobile
502582,100570,2025-12-23 11:30:34,Completed,Mobile
502583,100042,2025-12-23 11:52:33,Completed,Mobile
502584,100156,2025-12-23 12:22:57,Completed,Web
502585,100756,2025-12-23 17:15:42,Completed,Mobile
502586,100266,2025-12-23 23:45:21,Completed,Web
502587,100766,2025-12-24 07:25:40,Completed,Web
502588,100303,2025-12-24 18:55:03,Completed,Mobile
502589,100534,2025-12-24 20:13:40,Completed,Web
502590,100613,2025-12-24 20:13:58,Completed,Web
502591,100184,2025-12-24 22:35:00,Completed,Phone
502592,100109,2025-12-25 01:36:40,Completed,Mobile
502593,100712,2025-12-25 20:21:40,Completed,Web
502594,100312,2025-12-25 21:04:23,Completed,Web
502595,100934,2025-12-25 22:48:15,Completed,Phone
502596,100829,2025-12-26 02:34:59,Completed,Web
502597,100535,2025-12-26 11:37:56,Completed,Phone
502598,100773,2025-12-26 14:17:48,Completed,Web
502599,100750,2025-12-26 20:11:51,Completed,Web
502600,100283,2025-12-26 21:12:14,Completed,Mobile
502601,100295,2025-12-26 23:38:25,Completed,Mobile
502602,100962,2025-12-27 10:26:06,Completed,Web
502603,100271,2025-12-27 14:27:12,Cancelled,Phone
502604,100486,2025-12-27 14:39:37,Completed,Web
502605,100458,2025-12-27 16:07:33,Completed,Web
502606,100730,2025-12-27 20:57:44,Completed,Mobile
502607,100343,2025-12-27 21:35:21,Shipped,Web
502608,100770,2025-12-27 23:38:23,Completed,Web
502609,100885,2025-12-28 00:32:20,Completed,Web
502610,100459,2025-12-28 01:43:19,Shipped,Web
502611,100387,2025-12-28 01:54:58,Completed,Web
502612,100708,2025-12-28 02:24:41,Completed,Web
502613,100283,2025-12-28 03:19:36,Completed,Mobile
502614,100233,2025-12-28 13:32:15,Completed,Web
502615,100514,2025-12-28 14:54:41,Completed,Mobile
502616,100166,2025-12-28 15:21:59,Processing,Web
502617,100505,2025-12-28 18:43:50,Completed,Mobile
502618,100788,2025-12-28 19:58:29,Shipped,Web
502619,100263,2025-12-29 03:36:14,Completed,Web
502620,100761,2025-12-29 04:51:55,Processing,Web
502621,100905,2025-12-29 05:00:25,Completed,Web
502622,100971,2025-12-29 05:47:53,Completed,Web
502623,100944,2025-12-29 05:50:14,Completed,Mobile
502624,100859,2025-12-29 10:38:09,Completed,Mobile
502625,100728,2025-12-29 22:07:28,Shipped,Web
502626,100339,2025-12-30 00:56:42,Completed,Web
502627,100329,2025-12-30 02:05:30,Completed,Web
502628,100966,2025-12-30 02:06:59,Completed,Web
502629,100872,2025-12-30 02:50:40,Completed,Web
502630,100673,2025-12-30 03:15:23,Shipped,Web
502631,100156,2025-12-30 14:28:03,Completed,Web
502632,100264,2025-12-30 18:42:55,Completed,Web
502633,100046,2025-12-30 21:37:50,Shipped,Mobile
502634,100363,2025-12-30 22:47:34,Completed,Web
502635,100658,2025-12-31 03:57:55,Processing,Phone
502636,100676,2025-12-31 07:54:33,Completed,Web
502637,100335,2025-12-31 11:43:03,Completed,Web
502638,100258,2025-12-31 16:29:02,Completed,Mobile
502639,100618,2025-12-31 20:31:36,Completed,Web
502640,100155,2026-01-01 02:07:11,Completed,Web
502641,100216,2026-01-01 03:10:51,Completed,Web
502642,100660,2026-01-01 04:28:11,Completed,Web
502643,100387,2026-01-01 13:02:12,Completed,Web
502644,100524,2026-01-01 15:08:37,Completed,Web
502645,100256,2026-01-01 16:34:05,Processing,Web
502646,100667,2026-01-01 21:31:52,Completed,Web
502647,100033,2026-01-01 21:48:40,Completed,Web
502648,100780,2026-01-01 22:28:57,Completed,Web
502649,100585,2026-01-01 23:32:09,Completed,Web
502650,100590,2026-01-02 03:21:09,Completed,Mobile
502651,100124,2026-01-02 09:29:10,Processing,Web
502652,100408,2026-01-02 10:46:05,Completed,Web
502653,100326,2026-01-02 20:28:00,Completed,Web
502654,100741,2026-01-02 21:02:29,Completed,Mobile
502655,100494,2026-01-03 05:11:05,Shipped,Web
502656,100116,2026-01-03 09:55:39,Completed,Mobile
502657,100832,2026-01-03 12:47:48,Completed,Web
502658,100581,2026-01-03 17:17:41,Completed,Web
502659,100236,2026-01-03 20:05:34,Completed,Mobile
502660,100678,2026-01-03 20:22:30,Completed,Web
502661,100703,2026-01-03 20:25:02,Completed,Web
502662,100431,2026-01-04 01:33:38,Shipped,Web
502663,100689,2026-01-04 02:24:18,Completed,Web
502664,100771,2026-01-04 07:13:12,Completed,Phone
502665,100558,2026-01-04 16:30:02,Completed,Mobile
502666,100062,2026-01-04 23:00:27,Shipped,Web
502667,100173,2026-01-05 03:41:40,Completed,Web
502668,100105,2026-01-05 07:55:27,Completed,Web
502669,100819,2026-01-05 11:35:04,Completed,Web
502670,100519,2026-01-05 12:36:53,Completed,Web
502671,100547,2026-01-05 13:03:06,Completed,Web
502672,100840,2026-01-05 13:38:36,Shipped,Web
502673,100368,2026-01-05 16:29:39,Processing,Web
502674,100825,2026-01-05 19:04:23,Completed,Web
502675,100240,2026-01-05 21:02:27,Completed,Mobile
502676,100727,2026-01-06 00:11:26,Completed,Web
502677,100763,2026-01-06 02:02:11,Shipped,Web
502678,100833,2026-01-06 07:00:40,Completed,Web
502679,100149,2026-01-06 12:31:02,Completed,Web
502680,100953,2026-01-06 17:37:21,Completed,Web
502681,100188,2026-01-06 21:39:23,Completed,Web
502682,100421,2026-01-06 22:00:25,Completed,Phone
502683,100282,2026-01-07 00:16:40,Shipped,Mobile
502684,100719,2026-01-07 00:59:38,Completed,Web
502685,100383,2026-01-07 01:23:59,Completed,Web
502686,100459,2026-01-07 03:12:33,Processing,Web
502687,100337,2026-01-07 04:42:45,Completed,Web
502688,100400,2026-01-07 04:47:15,Shipped,Phone
502689,100952,2026-01-07 09:44:34,Completed,Web
502690,100915,2026-01-07 11:47:06,Completed,Web
502691,100560,2026-01-07 20:05:33,Shipped,Web
502692,100978,2026-01-07 20:54:19,Completed,Web
502693,100918,2026-01-08 01:49:09,Completed,Mobile
502694,100777,2026-01-08 03:01:11,Completed,Web
502695,100886,2026-01-08 03:40:19,Completed,Mobile
502696,100170,2026-01-08 04:38:46,Processing,Mobile
502697,100085,2026-01-08 12:19:16,Completed,Mobile
502698,100089,2026-01-08 15:10:08,Completed,Web
502699,100707,2026-01-08 17:00:24,Completed,Web
502700,100841,2026-01-08 18:35:49,Completed,Mobile
502701,100470,2026-01-08 18:57:46,Completed,Web
502702,100445,2026-01-08 23:01:47,Shipped,Web
502703,100454,2026-01-09 00:06:47,Completed,Web
502704,100234,2026-01-09 01:00:10,Cancelled,Mobile
502705,100354,2026-01-09 04:46:49,Shipped,Phone
502706,100429,2026-01-09 07:54:31,Completed,Web
502707,100949,2026-01-09 09:23:37,Completed,Web
502708,100194,2026-01-09 11:37:30,Completed,Web
502709,100638,2026-01-09 14:54:50,Completed,Phone
502710,100649,2026-01-09 15:19:22,Shipped,Web
502711,100471,2026-01-09 15:28:16,Completed,Web
502712,100506,2026-01-09 17:56:24,Shipped,Web
502713,100127,2026-01-09 19:20:43,Completed,Web
502714,100779,2026-01-09 22:57:40,Completed,Web
502715,100707,2026-01-10 06:24:41,Completed,Web
502716,100409,2026-01-10 11:15:55,Completed,Mobile
502717,100367,2026-01-10 11:32:36,Completed,Mobile
502718,100742,2026-01-10 15:56:56,Completed,Web
502719,100373,2026-01-10 17:56:07,Completed,Phone
502720,100727,2026-01-10 19:16:17,Completed,Web
502721,100602,2026-01-10 21:17:38,Completed,Web
502722,100113,2026-01-10 22:41:34,Shipped,Web
502723,100284,2026-01-11 02:17:31,Completed,Mobile
502724,100294,2026-01-11 06:01:59,Completed,Web
502725,100729,2026-01-11 07:07:38,Processing,Web
502726,100875,2026-01-11 07:53:11,Completed,Mobile
502727,100752,2026-01-11 11:57:37,Shipped,Web
502728,100337,2026-01-11 13:44:43,Shipped,Web
502729,100909,2026-01-12 02:14:05,Completed,Web
502730,100380,2026-01-12 06:35:53,Completed,Web
502731,100695,2026-01-12 07:33:10,Completed,Web
502732,100904,2026-01-12 07:57:59,Shipped,Web
502733,100415,2026-01-12 12:54:10,Completed,Mobile
502734,100086,2026-01-12 14:21:48,Completed,Web
502735,100962,2026-01-12 14:30:57,Completed,Web
502736,100161,2026-01-12 15:54:01,Completed,Mobile
502737,100364,2026-01-12 21:03:04,Completed,Mobile
502738,100377,2026-01-13 06:02:12,Completed,Web
502739,100454,2026-01-13 11:57:06,Completed,Web
502740,100376,2026-01-13 17:07:36,Processing,Web
502741,100591,2026-01-14 04:01:30,Shipped,Web
502742,100783,2026-01-14 05:34:14,Completed,Phone
502743,100113,2026-01-14 06:38:42,Completed,Web
502744,100228,2026-01-14 09:02:14,Processing,Web
502745,100984,2026-01-14 20:10:45,Completed,Mobile
502746,100769,2026-01-14 20:24:44,Completed,Web
502747,100789,2026-01-14 21:35:03,Completed,Mobile
502748,100390,2026-01-14 22:02:24,Completed,Web
502749,100404,2026-01-14 22:39:43,Cancelled,Mobile
502750,100984,2026-01-15 03:33:33,Completed,Web
502751,100581,2026-01-15 05:37:45,Completed,Web
502752,100253,2026-01-15 06:41:22,Cancelled,Web
502753,100809,2026-01-15 09:28:14,Completed,Web
502754,100951,2026-01-15 09:52:31,Shipped,Web
502755,100904,2026-01-15 11:51:31,Processing,Mobile
502756,100933,2026-01-15 18:29:57,Completed,Web
502757,100565,2026-01-16 02:02:19,Processing,Web
502758,100083,2026-01-16 07:14:19,Completed,Mobile
502759,100232,2026-01-16 08:15:27,Shipped,Mobile
502760,100969,2026-01-16 08:20:40,Shipped,Mobile
502761,100721,2026-01-16 09:45:05,Completed,Web
502762,100625,2026-01-16 11:34:01,Completed,Mobile
502763,100579,2026-01-16 13:43:12,Completed,Web
502764,100726,2026-01-16 17:06:57,Completed,Web
502765,100088,2026-01-16 17:17:53,Completed,Web
502766,100045,2026-01-16 18:01:14,Completed,Web
502767,100136,2026-01-17 00:45:03,Completed,Mobile
502768,100334,2026-01-17 00:46:34,Completed,Web
502769,100443,2026-01-17 04:26:59,Cancelled,Web
502770,100217,2026-01-17 05:06:36,Completed,Mobile
502771,100388,2026-01-17 08:12:24,Completed,Mobile
502772,100386,2026-01-17 16:54:49,Completed,Web
502773,100258,2026-01-17 17:31:11,Completed,Web
502774,100442,2026-01-17 19:02:57,Completed,Phone
502775,100355,2026-01-17 23:51:36,Completed,Web
502776,100927,2026-01-18 05:17:10,Shipped,Web
502777,100643,2026-01-18 09:25:15,Completed,Phone
502778,100017,2026-01-18 16:58:10,Cancelled,Web
502779,100774,2026-01-18 18:26:56,Completed,Mobile
502780,100883,2026-01-19 01:07:03,Shipped,Web
502781,100325,2026-01-19 08:10:00,Completed,Web
502782,100555,2026-01-19 10:50:43,Completed,Web
502783,100559,2026-01-19 10:51:09,Completed,Web
502784,100103,2026-01-19 18:22:55,Completed,Mobile
502785,100224,2026-01-20 05:54:15,Completed,Web
502786,100106,2026-01-20 09:55:14,Completed,Web
502787,100703,2026-01-20 12:38:58,Completed,Web
502788,100434,2026-01-21 05:17:51,Completed,Web
502789,100534,2026-01-21 09:02:27,Processing,Mobile
502790,100055,2026-01-21 09:28:27,Completed,Web
502791,100865,2026-01-21 10:18:33,Completed,Web
502792,100077,2026-01-21 10:48:46,Completed,Phone
502793,100119,2026-01-21 12:39:28,Completed,Phone
502794,100462,2026-01-21 16:54:54,Completed,Mobile
502795,100756,2026-01-21 17:20:06,Processing,Web
502796,100736,2026-01-22 00:57:22,Cancelled,Phone
502797,100482,2026-01-22 03:21:43,Cancelled,Mobile
502798,100369,2026-01-22 05:20:45,Completed,Web
502799,100473,2026-01-22 07:16:06,Completed,Web
502800,100286,2026-01-22 12:51:55,Completed,Mobile
502801,100886,2026-01-22 21:35:26,Processing,Web
502802,100299,2026-01-22 22:54:39,Completed,Web
502803,100797,2026-01-22 23:33:54,Completed,Web
502804,100408,2026-01-23 01:30:01,Shipped,Mobile
502805,100837,2026-01-23 04:22:03,Completed,Web
502806,100616,2026-01-23 11:40:49,Processing,Mobile
502807,100690,2026-01-24 00:25:51,Cancelled,Web
502808,100078,2026-01-24 02:38:05,Completed,Phone
502809,100221,2026-01-24 03:16:32,Completed,Phone
502810,100978,2026-01-24 07:52:07,Completed,Mobile
502811,100587,2026-01-24 07:55:49,Completed,Web
502812,100623,2026-01-24 09:26:44,Shipped,Web
502813,100390,2026-01-24 10:26:49,Completed,Web
502814,100196,2026-01-24 15:19:23,Completed,Web
502815,100039,2026-01-24 17:30:56,Completed,Web
502816,100159,2026-01-24 18:03:16,Completed,Mobile
502817,100977,2026-01-24 18:23:17,Completed,Phone
502818,100083,2026-01-25 06:22:38,Shipped,Mobile
502819,100839,2026-01-25 17:24:24,Processing,Web
502820,100687,2026-01-25 17:46:36,Shipped,Web
502821,100187,2026-01-25 18:48:24,Completed,Phone
502822,100903,2026-01-25 20:33:39,Completed,Mobile
502823,100294,2026-01-26 00:56:30,Completed,Web
502824,100765,2026-01-26 04:12:35,Completed,Web
502825,100225,2026-01-26 04:56:51,Completed,Web
502826,100737,2026-01-26 08:01:32,Shipped,Web
502827,100474,2026-01-26 10:33:10,Processing,Mobile
502828,100467,2026-01-26 15:13:08,Completed,Web
502829,100865,2026-01-26 15:41:53,Completed,Web
502830,100591,2026-01-27 00:40:58,Completed,Web
502831,100458,2026-01-27 01:46:29,Shipped,Web
502832,100485,2026-01-27 05:04:08,Completed,Web
502833,100907,2026-01-27 05:15:49,Completed,Web
502834,100333,2026-01-27 05:58:51,Completed,Mobile
502835,100910,2026-01-27 06:23:26,Completed,Web
502836,100336,2026-01-27 11:30:55,Completed,Web
502837,100067,2026-01-27 14:21:25,Cancelled,Web
502838,100291,2026-01-27 17:41:18,Completed,Web
502839,100596,2026-01-28 04:46:07,Shipped,Web
502840,100202,2026-01-28 08:22:42,Shipped,Web
502841,100559,2026-01-28 10:01:38,Completed,Web
502842,100054,2026-01-28 10:30:02,Completed,Web
502843,100662,2026-01-28 13:07:55,Completed,Web
502844,100508,2026-01-28 16:47:34,Shipped,Phone
502845,100419,2026-01-28 16:58:18,Shipped,Mobile
502846,100784,2026-01-28 22:19:03,Completed,Web
502847,100892,2026-01-29 00:59:50,Completed,Web
502848,100937,2026-01-29 01:26:13,Completed,Mobile
502849,100428,2026-01-29 11:33:31,Completed,Mobile
502850,100108,2026-01-29 12:43:59,Completed,Web
502851,100105,2026-01-29 14:05:46,Completed,Web
502852,100351,2026-01-29 23:13:00,Completed,Web
502853,100935,2026-01-30 06:03:34,Shipped,Web
502854,100844,2026-01-30 07:24:58,Completed,Web
502855,100251,2026-01-30 12:13:23,Completed,Web
502856,100104,2026-01-30 15:25:51,Completed,Web
502857,100456,2026-01-30 15:41:33,Cancelled,Web
502858,100744,2026-01-30 17:17:10,Cancelled,Mobile
502859,100436,2026-01-30 23:24:53,Completed,Web
502860,100344,2026-01-31 00:29:44,Completed,Mobile
502861,100175,2026-01-31 05:10:00,Completed,Web
502862,100914,2026-01-31 06:15:37,Completed,Web
502863,100608,2026-01-31 07:25:08,Processing,Web
502864,100723,2026-01-31 08:15:02,Completed,Web
502865,100629,2026-01-31 08:29:30,Completed,Web
502866,100379,2026-01-31 10:25:43,Completed,Web
502867,100359,2026-01-31 12:59:36,Completed,Web
502868,100610,2026-01-31 14:29:10,Shipped,Mobile
502869,100297,2026-01-31 15:33:14,Completed,Mobile
502870,100785,2026-01-31 17:37:19,Completed,Web
502871,100826,2026-01-31 17:40:38,Processing,Web
502872,100463,2026-01-31 17:59:52,Completed,Mobile
502873,100748,2026-02-01 02:07:21,Cancelled,Phone
502874,100906,2026-02-01 03:16:46,Completed,Web
502875,100708,2026-02-01 03:52:28,Processing,Phone
502876,100288,2026-02-01 05:16:58,Shipped,Web
502877,100920,2026-02-01 10:35:38,Cancelled,Web
502878,100541,2026-02-01 11:19:35,Completed,Web
502879,100737,2026-02-01 17:09:51,Processing,Web
502880,100573,2026-02-01 18:48:55,Shipped,Web
502881,100100,2026-02-01 20:56:13,Processing,Mobile
502882,100024,2026-02-01 21:16:25,Shipped,Mobile
502883,100474,2026-02-02 00:07:31,Completed,Web
502884,100428,2026-02-02 05:34:07,Completed,Web
502885,100038,2026-02-02 06:10:12,Completed,Web
502886,100876,2026-02-02 07:02:27,Completed,Web
502887,100832,2026-02-02 09:04:19,Completed,Web
502888,100673,2026-02-02 21:26:34,Completed,Mobile
502889,100087,2026-02-02 21:58:11,Completed,Web
502890,100837,2026-02-03 01:34:14,Cancelled,Web
502891,100973,2026-02-03 06:35:33,Completed,Web
502892,100316,2026-02-03 18:42:08,Completed,Web
502893,100390,2026-02-03 20:27:46,Completed,Web
502894,100452,2026-02-03 21:48:12,Completed,Web
502895,100373,2026-02-03 23:25:22,Shipped,Web
502896,100852,2026-02-04 06:06:08,Completed,Mobile
502897,100058,2026-02-04 08:05:02,Shipped,Web
502898,100663,2026-02-04 13:06:07,Shipped,Phone
502899,100622,2026-02-04 14:15:34,Completed,Web
502900,100416,2026-02-04 17:34:53,Completed,Mobile
502901,100351,2026-02-04 18:02:06,Completed,Mobile
502902,100447,2026-02-04 20:03:50,Completed,Mobile
502903,100246,2026-02-04 21:53:04,Shipped,Web
502904,100466,2026-02-05 00:20:01,Completed,Web
502905,100627,2026-02-05 02:09:11,Completed,Mobile
502906,100400,2026-02-05 08:59:16,Processing,Phone
502907,100233,2026-02-05 09:47:03,Completed,Web
502908,100813,2026-02-05 11:40:03,Completed,Web
502909,100949,2026-02-05 16:13:59,Completed,Web
502910,100719,2026-02-05 16:31:11,Shipped,Web
502911,100157,2026-02-05 18:41:47,Completed,Web
502912,100123,2026-02-05 18:53:56,Shipped,Mobile
502913,100780,2026-02-05 21:56:34,Processing,Web
502914,100937,2026-02-05 23:48:35,Completed,Mobile
502915,100535,2026-02-06 02:45:16,Completed,Web
502916,100672,2026-02-06 10:28:15,Completed,Web
502917,100352,2026-02-06 14:19:48,Completed,Web
502918,100058,2026-02-06 15:29:22,Completed,Mobile
502919,100492,2026-02-06 16:33:30,Completed,Web
502920,100171,2026-02-06 21:58:56,Shipped,Web
502921,100080,2026-02-06 23:42:40,Completed,Web
502922,100495,2026-02-07 00:05:58,Completed,Web
502923,100138,2026-02-07 01:51:40,Completed,Web
502924,100510,2026-02-07 03:27:17,Completed,Web
502925,100774,2026-02-07 10:25:51,Cancelled,Web
502926,100549,2026-02-07 12:13:48,Processing,Web
502927,100653,2026-02-07 18:27:40,Shipped,Web
502928,100352,2026-02-08 00:19:00,Completed,Web
502929,100591,2026-02-08 02:31:36,Completed,Web
502930,100954,2026-02-08 02:34:34,Completed,Web
502931,100236,2026-02-08 06:49:27,Completed,Web
502932,100695,2026-02-08 22:08:37,Completed,Phone
502933,100098,2026-02-09 01:55:33,Completed,Web
502934,100344,2026-02-09 09:12:04,Shipped,Mobile
502935,100048,2026-02-09 11:59:19,Shipped,Web
502936,100398,2026-02-09 15:20:34,Completed,Web
502937,100981,2026-02-09 20:11:24,Completed,Web
502938,100656,2026-02-09 22:21:45,Shipped,Mobile
502939,100867,2026-02-10 00:24:38,Completed,Web
502940,100032,2026-02-10 00:54:58,Completed,Web
502941,100109,2026-02-10 01:33:24,Completed,Web
502942,100944,2026-02-10 03:54:52,Completed,Mobile
502943,100713,2026-02-10 04:05:33,Completed,Web
502944,100756,2026-02-10 05:54:12,Completed,Web
502945,100852,2026-02-10 08:09:44,Completed,Phone
502946,100892,2026-02-10 10:30:03,Shipped,Web
502947,100117,2026-02-10 12:20:23,Completed,Web
502948,100181,2026-02-10 14:24:29,Processing,Web
502949,100575,2026-02-11 01:18:39,Processing,Web
502950,100382,2026-02-11 02:43:36,Completed,Mobile
502951,100717,2026-02-11 06:33:39,Completed,Web
502952,100217,2026-02-11 08:21:24,Shipped,Web
502953,100296,2026-02-11 09:57:44,Shipped,Web
502954,100934,2026-02-11 12:52:14,Shipped,Mobile
502955,100202,2026-02-11 17:21:25,Completed,Web
502956,100572,2026-02-11 20:50:41,Completed,Web
502957,100746,2026-02-11 21:02:47,Completed,Phone
502958,100040,2026-02-12 02:34:32,Completed,Phone
502959,100613,2026-02-12 04:26:57,Shipped,Mobile
502960,100186,2026-02-12 13:27:32,Completed,Web
502961,100598,2026-02-12 15:50:07,Completed,Web
502962,100609,2026-02-12 20:10:15,Completed,Web
502963,100773,2026-02-12 22:21:03,Completed,Web
502964,100300,2026-02-12 23:20:01,Completed,Web
502965,100576,2026-02-13 00:13:24,Shipped,Mobile
502966,100908,2026-02-13 02:03:37,Processing,Web
502967,100173,2026-02-13 02:58:41,Completed,Mobile
502968,100944,2026-02-13 06:15:54,Completed,Mobile
502969,100484,2026-02-13 07:34:56,Completed,Web
502970,100381,2026-02-13 09:38:03,Processing,Web
502971,100479,2026-02-13 11:45:19,Processing,Mobile
502972,100265,2026-02-13 15:55:07,Completed,Web
502973,100760,2026-02-13 19:24:26,Cancelled,Phone
502974,100017,2026-02-13 23:29:41,Shipped,Web
502975,100048,2026-02-14 02:06:00,Completed,Mobile
502976,100519,2026-02-14 09:48:03,Processing,Web
502977,100181,2026-02-14 13:16:04,Completed,Phone
502978,100465,2026-02-14 13:27:50,Cancelled,Web
502979,100762,2026-02-14 15:41:03,Completed,Web
502980,100944,2026-02-14 16:32:05,Completed,Web
502981,100610,2026-02-14 17:43:20,Completed,Mobile
502982,100146,2026-02-14 20:27:57,Shipped,Web
502983,100276,2026-02-14 22:50:35,Completed,Web
502984,100007,2026-02-15 07:54:37,Completed,Web
502985,100248,2026-02-15 14:39:33,Shipped,Web
502986,100707,2026-02-15 15:16:16,Completed,Web
502987,100015,2026-02-15 15:31:38,Cancelled,Mobile
502988,100950,2026-02-15 23:34:32,Completed,Web
502989,100175,2026-02-16 05:57:50,Completed,Mobile
502990,100376,2026-02-16 08:08:51,Completed,Mobile
502991,100335,2026-02-16 08:14:21,Completed,Mobile
502992,100433,2026-02-16 14:32:43,Processing,Mobile
502993,100115,2026-02-16 15:29:59,Processing,Web
502994,100603,2026-02-16 18:40:18,Shipped,Web
502995,100425,2026-02-16 23:29:56,Shipped,Web
502996,100493,2026-02-17 01:33:08,Completed,Web
502997,100500,2026-02-17 04:57:59,Completed,Web
502998,100772,2026-02-17 11:26:55,Completed,Web
502999,100885,2026-02-17 16:46:25,Completed,Web
503000,100917,2026-02-17 16:57:17,Completed,Web
503001,100977,2026-02-17 17:44:11,Completed,Web
503002,100088,2026-02-17 22:08:50,Completed,Web
503003,100160,2026-02-18 01:37:11,Completed,Web
503004,100820,2026-02-18 03:03:33,Completed,Web
503005,100450,2026-02-18 18:27:21,Processing,Web
503006,100064,2026-02-18 23:00:17,Completed,Web
503007,100388,2026-02-18 23:36:10,Processing,Web
503008,100723,2026-02-18 23:41:32,Completed,Web
503009,100921,2026-02-19 00:16:11,Completed,Web
503010,100776,2026-02-19 01:01:17,Completed,Mobile
503011,100621,2026-02-19 05:15:25,Completed,Mobile
503012,100488,2026-02-19 06:18:00,Completed,Web
503013,100965,2026-02-19 06:36:07,Processing,Web
503014,100686,2026-02-19 09:35:21,Completed,Web
503015,100429,2026-02-19 11:11:15,Completed,Web
503016,100514,2026-02-19 14:09:59,Processing,Mobile
503017,100019,2026-02-20 03:51:47,Completed,Web
503018,100943,2026-02-20 12:23:31,Completed,Web
503019,100686,2026-02-20 13:17:27,Processing,Web
503020,100300,2026-02-20 14:27:55,Completed,Web
503021,100882,2026-02-20 14:41:25,Completed,Web
503022,100571,2026-02-20 18:53:42,Cancelled,Mobile
503023,100057,2026-02-20 20:09:33,Completed,Web
503024,100941,2026-02-20 21:58:30,Completed,Web
503025,100558,2026-02-21 00:05:59,Completed,Web
503026,100776,2026-02-21 00:33:12,Completed,Mobile
503027,100881,2026-02-21 00:33:16,Completed,Web
503028,100866,2026-02-21 01:41:05,Completed,Web
503029,100149,2026-02-21 07:24:10,Shipped,Mobile
503030,100758,2026-02-21 13:25:00,Completed,Phone
503031,100746,2026-02-21 16:10:59,Completed,Web
503032,100352,2026-02-21 17:24:21,Processing,Web
503033,100537,2026-02-21 17:56:03,Completed,Phone
503034,100546,2026-02-21 19:10:23,Processing,Web
503035,100582,2026-02-21 22:58:00,Completed,Web
503036,100199,2026-02-22 00:22:57,Shipped,Web
503037,100698,2026-02-22 03:09:37,Completed,Web
503038,100168,2026-02-22 07:37:02,Completed,Web
503039,100828,2026-02-22 09:36:18,Completed,Mobile
503040,100090,2026-02-22 09:44:13,Completed,Web
503041,100053,2026-02-22 15:55:30,Completed,Web
503042,100620,2026-02-22 17:33:32,Processing,Web
503043,100537,2026-02-22 18:20:00,Completed,Mobile
503044,100942,2026-02-22 18:38:34,Completed,Web
503045,100601,2026-02-23 00:33:00,Completed,Web
503046,100297,2026-02-23 01:45:25,Completed,Mobile
503047,100116,2026-02-23 02:16:06,Completed,Mobile
503048,100768,2026-02-23 02:44:39,Completed,Web
503049,100282,2026-02-23 02:50:44,Completed,Web
503050,100601,2026-02-23 05:45:28,Shipped,Web
503051,100646,2026-02-23 06:42:00,Completed,Web
503052,100148,2026-02-23 12:21:31,Completed,Mobile
503053,100656,2026-02-23 20:17:06,Completed,Mobile
503054,100719,2026-02-24 01:45:22,Completed,Mobile
503055,100099,2026-02-24 06:02:21,Completed,Web
503056,100961,2026-02-24 11:13:35,Completed,Web
503057,100307,2026-02-24 11:41:59,Completed,Web
503058,100110,2026-02-24 12:10:34,Completed,Web
503059,100745,2026-02-25 00:30:45,Completed,Web
503060,100527,2026-02-25 04:07:00,Cancelled,Mobile
503061,100861,2026-02-25 07:52:57,Completed,Web
503062,100671,2026-02-25 08:23:43,Completed,Web
503063,100266,2026-02-25 14:32:48,Completed,Web
503064,100653,2026-02-25 16:18:33,Completed,Web
503065,100489,2026-02-25 16:39:43,Completed,Phone
503066,100421,2026-02-25 17:16:47,Completed,Web
503067,100346,2026-02-25 18:45:41,Completed,Web
503068,100366,2026-02-26 03:55:59,Shipped,Mobile
503069,100337,2026-02-26 04:29:13,Completed,Web
503070,100905,2026-02-26 06:20:27,Completed,Web
503071,100777,2026-02-26 09:32:06,Completed,Web
503072,100017,2026-02-26 09:32:21,Completed,Web
503073,100011,2026-02-26 09:42:32,Completed,Web
503074,100778,2026-02-26 10:41:33,Shipped,Web
503075,100718,2026-02-26 11:24:28,Shipped,Web
503076,100770,2026-02-26 12:11:45,Cancelled,Web
503077,100634,2026-02-26 12:49:59,Completed,Web
503078,100236,2026-02-26 13:00:34,Shipped,Web
503079,100075,2026-02-26 16:56:08,Completed,Mobile
503080,100493,2026-02-26 21:50:30,Cancelled,Web
503081,100114,2026-02-27 00:23:31,Completed,Mobile
503082,100297,2026-02-27 03:45:52,Completed,Web
503083,100759,2026-02-27 05:57:51,Completed,Web
503084,100793,2026-02-27 09:20:21,Completed,Mobile
503085,100027,2026-02-27 15:07:19,Shipped,Mobile
503086,100387,2026-02-27 17:44:35,Completed,Web
503087,100678,2026-02-27 17:49:34,Completed,Mobile
503088,100942,2026-02-27 18:35:03,Processing,Web
503089,100871,2026-02-27 18:40:17,Processing,Web
503090,100489,2026-02-27 20:51:34,Completed,Web
503091,100377,2026-02-27 21:20:08,Completed,Mobile
503092,100606,2026-02-28 02:39:32,Completed,Web
503093,100747,2026-02-28 11:46:17,Completed,Web
503094,100307,2026-02-28 20:22:27,Processing,Web
503095,100775,2026-02-28 22:06:58,Completed,Web
503096,100912,2026-03-01 00:40:49,Completed,Web
503097,100341,2026-03-01 01:30:27,Processing,Web
503098,100681,2026-03-01 06:22:22,Cancelled,Mobile
503099,100229,2026-03-01 12:29:10,Shipped,Web
503100,100043,2026-03-01 16:47:23,Shipped,Web
503101,100455,2026-03-02 00:36:24,Shipped,Web
503102,100549,2026-03-02 08:06:10,Completed,Web
503103,100285,2026-03-02 10:19:06,Completed,Mobile
503104,100736,2026-03-02 18:32:17,Processing,Mobile
503105,100734,2026-03-02 19:16:47,Shipped,Web
503106,100095,2026-03-02 19:41:08,Completed,Mobile
503107,100619,2026-03-02 20:58:11,Completed,Phone
503108,100255,2026-03-03 00:36:31,Completed,Web
503109,100521,2026-03-03 05:14:28,Completed,Mobile
503110,100546,2026-03-03 10:10:01,Cancelled,Web
503111,100398,2026-03-03 10:14:41,Shipped,Web
503112,100641,2026-03-03 20:54:50,Completed,Mobile
503113,100170,2026-03-04 01:53:26,Shipped,Phone
503114,100485,2026-03-04 01:55:53,Completed,Mobile
503115,100669,2026-03-04 05:39:54,Completed,Mobile
503116,100594,2026-03-04 07:00:37,Completed,Phone
503117,100386,2026-03-04 07:39:14,Completed,Web
503118,100349,2026-03-04 13:52:35,Completed,Web
503119,100846,2026-03-04 14:45:27,Completed,Web
503120,100984,2026-03-04 22:30:45,Completed,Web
503121,100736,2026-03-05 00:45:44,Completed,Web
503122,100685,2026-03-05 07:23:48,Completed,Phone
503123,100943,2026-03-05 10:38:27,Completed,Web
503124,100537,2026-03-05 12:47:52,Cancelled,Web
503125,100734,2026-03-05 13:35:40,Completed,Web
503126,100136,2026-03-05 15:45:48,Shipped,Web
503127,100006,2026-03-05 16:42:29,Completed,Phone
503128,100162,2026-03-05 19:25:04,Shipped,Web
503129,100662,2026-03-05 21:13:00,Completed,Web
503130,100094,2026-03-06 00:20:55,Processing,Web
503131,100923,2026-03-06 00:25:18,Completed,Mobile
503132,100356,2026-03-06 00:44:36,Completed,Web
503133,100950,2026-03-06 02:32:00,Completed,Web
503134,100290,2026-03-06 05:10:54,Completed,Web
503135,100798,2026-03-06 06:14:59,Completed,Web
503136,100952,2026-03-06 09:28:06,Completed,Web
503137,100063,2026-03-06 12:22:50,Processing,Web
503138,100266,2026-03-06 15:29:23,Shipped,Web
503139,100966,2026-03-07 00:41:11,Processing,Mobile
503140,100933,2026-03-07 02:02:20,Shipped,Mobile
503141,100004,2026-03-07 06:53:55,Completed,Mobile
503142,100789,2026-03-07 09:10:55,Completed,Web
503143,100401,2026-03-07 09:40:39,Completed,Web
503144,101000,2026-03-07 13:57:49,Processing,Mobile
503145,100203,2026-03-07 14:47:53,Completed,Web
503146,100562,2026-03-08 07:35:59,Shipped,Web
503147,100566,2026-03-08 08:46:58,Completed,Web
503148,100148,2026-03-08 18:04:13,Completed,Web
503149,100300,2026-03-08 18:15:15,Completed,Mobile
503150,100263,2026-03-08 19:21:34,Completed,Web
503151,100599,2026-03-08 19:22:38,Completed,Mobile
503152,100633,2026-03-08 20:35:52,Processing,Web
503153,100173,2026-03-09 00:32:33,Completed,Web
503154,100816,2026-03-09 01:05:56,Completed,Web
503155,100998,2026-03-09 04:35:25,Completed,Web
503156,100134,2026-03-09 06:54:41,Completed,Web
503157,100208,2026-03-09 09:07:42,Processing,Web
503158,100598,2026-03-09 09:28:18,Completed,Web
503159,100927,2026-03-09 18:51:19,Completed,Web
503160,100803,2026-03-09 19:08:01,Shipped,Web
503161,100292,2026-03-09 23:42:47,Completed,Web
503162,100447,2026-03-10 09:13:21,Shipped,Web
503163,100162,2026-03-10 10:22:20,Completed,Web
503164,100078,2026-03-10 16:09:49,Processing,Web
503165,100725,2026-03-10 17:47:26,Completed,Web
503166,100719,2026-03-10 23:28:41,Processing,Web
503167,100190,2026-03-11 02:16:16,Completed,Web
503168,100976,2026-03-11 03:58:50,Completed,Web
503169,100720,2026-03-11 04:01:56,Completed,Web
503170,100626,2026-03-11 05:25:16,Shipped,Mobile
503171,100745,2026-03-11 05:45:43,Completed,Web
503172,100860,2026-03-11 11:19:29,Shipped,Web
503173,100767,2026-03-11 14:27:45,Completed,Web
503174,100743,2026-03-12 03:49:08,Completed,Phone
503175,100133,2026-03-12 05:42:36,Completed,Web
503176,100089,2026-03-12 06:11:54,Completed,Web
503177,100917,2026-03-12 15:07:44,Shipped,Web
503178,100462,2026-03-12 19:40:42,Processing,Web
503179,100160,2026-03-12 19:54:08,Completed,Web
503180,100400,2026-03-12 20:23:56,Shipped,Web
503181,100274,2026-03-13 06:58:04,Completed,Web
503182,100925,2026-03-13 08:14:01,Completed,Mobile
503183,100828,2026-03-13 11:03:04,Completed,Web
503184,100312,2026-03-13 11:20:49,Completed,Mobile
503185,100609,2026-03-13 13:53:15,Completed,Mobile
503186,100466,2026-03-13 17:25:15,Completed,Web
503187,100498,2026-03-13 18:35:46,Shipped,Web
503188,100898,2026-03-13 20:20:05,Completed,Web
503189,100210,2026-03-13 23:57:37,Completed,Web
503190,100910,2026-03-14 06:05:16,Completed,Web
503191,100960,2026-03-14 08:17:04,Completed,Web
503192,100205,2026-03-14 08:48:03,Shipped,Web
503193,100131,2026-03-14 12:35:56,Completed,Web
503194,100798,2026-03-14 14:10:01,Completed,Web
503195,100396,2026-03-15 00:37:00,Cancelled,Mobile
503196,100075,2026-03-15 00:48:02,Completed,Web
503197,100276,2026-03-15 02:42:01,Completed,Web
503198,100334,2026-03-15 07:57:55,Completed,Web
503199,100208,2026-03-15 12:14:41,Processing,Mobile
503200,100744,2026-03-15 13:20:15,Completed,Web
503201,100690,2026-03-15 16:32:01,Completed,Web
503202,100368,2026-03-15 21:22:57,Completed,Web
503203,100940,2026-03-15 21:42:35,Completed,Web
503204,100885,2026-03-16 01:33:19,Completed,Web
503205,100191,2026-03-16 03:01:46,Completed,Web
503206,100544,2026-03-16 07:11:37,Completed,Web
503207,100003,2026-03-16 08:03:06,Processing,Web
503208,100522,2026-03-16 10:57:31,Completed,Web
503209,100003,2026-03-16 11:26:00,Completed,Mobile
503210,100071,2026-03-16 14:18:34,Processing,Web
503211,100817,2026-03-16 17:16:12,Completed,Mobile
503212,100010,2026-03-16 20:22:29,Completed,Web
503213,100387,2026-03-17 00:36:51,Completed,Web
503214,100615,2026-03-17 04:17:56,Processing,Web
503215,100373,2026-03-17 06:46:30,Completed,Web
503216,100109,2026-03-17 11:00:12,Completed,Web
503217,100441,2026-03-17 12:06:02,Completed,Mobile
503218,100355,2026-03-17 12:17:44,Completed,Phone
503219,100602,2026-03-17 20:35:09,Completed,Mobile
503220,100321,2026-03-17 20:40:38,Completed,Mobile
503221,100621,2026-03-17 20:58:21,Processing,Mobile
503222,100870,2026-03-17 21:49:56,Completed,Web
503223,100624,2026-03-18 00:51:04,Shipped,Web
503224,100097,2026-03-18 04:58:08,Completed,Web
503225,100509,2026-03-18 06:03:22,Completed,Phone
503226,100748,2026-03-18 06:09:11,Completed,Mobile
503227,100286,2026-03-18 06:56:06,Completed,Web
503228,100903,2026-03-18 07:25:30,Cancelled,Web
503229,100736,2026-03-18 09:29:15,Completed,Phone
503230,100998,2026-03-18 11:17:16,Completed,Web
503231,100831,2026-03-18 15:10:16,Completed,Web
503232,100594,2026-03-18 20:31:35,Completed,Web
503233,100560,2026-03-19 02:10:01,Completed,Web
503234,100331,2026-03-19 14:40:05,Completed,Web
503235,100037,2026-03-19 14:41:39,Completed,Web
503236,100809,2026-03-19 18:01:23,Completed,Web
503237,100990,2026-03-19 19:03:16,Completed,Mobile
503238,100940,2026-03-19 23:59:24,Processing,Web
503239,100093,2026-03-20 01:28:08,Completed,Web
503240,100174,2026-03-20 04:46:42,Completed,Web
503241,100351,2026-03-20 08:53:40,Completed,Web
503242,100243,2026-03-20 15:51:47,Cancelled,Web
503243,100262,2026-03-20 18:01:42,Completed,Web
503244,100829,2026-03-20 18:16:55,Completed,Web
503245,100300,2026-03-21 01:51:53,Completed,Web
503246,100888,2026-03-21 07:46:06,Completed,Mobile
503247,100588,2026-03-21 11:19:40,Completed,Web
503248,100770,2026-03-21 11:57:34,Completed,Web
503249,100015,2026-03-21 12:56:12,Completed,Web
503250,100034,2026-03-21 18:19:44,Shipped,Web
503251,100141,2026-03-21 19:00:10,Completed,Mobile
503252,100696,2026-03-21 22:13:48,Completed,Web
503253,100529,2026-03-22 01:47:00,Completed,Web
503254,100973,2026-03-22 03:09:21,Completed,Web
503255,100217,2026-03-22 13:11:13,Completed,Web
503256,100597,2026-03-22 15:32:38,Completed,Web
503257,100126,2026-03-22 15:49:01,Completed,Web
503258,100989,2026-03-22 19:20:36,Completed,Web
503259,100600,2026-03-23 01:35:07,Completed,Web
503260,100716,2026-03-23 03:11:48,Completed,Web
503261,100017,2026-03-23 04:52:54,Shipped,Web
503262,100114,2026-03-23 15:39:16,Shipped,Mobile
503263,100829,2026-03-23 17:20:26,Completed,Web
503264,100213,2026-03-23 19:59:15,Completed,Phone
503265,100385,2026-03-23 21:03:58,Completed,Web
503266,100690,2026-03-23 21:58:35,Shipped,Web
503267,100058,2026-03-23 22:08:59,Completed,Web
503268,100717,2026-03-23 23:26:43,Completed,Web
503269,100557,2026-03-24 04:10:55,Completed,Mobile
503270,100656,2026-03-24 11:54:13,Completed,Mobile
503271,100229,2026-03-24 15:11:36,Completed,Mobile
503272,100506,2026-03-24 17:05:48,Completed,Web
503273,100316,2026-03-24 18:34:34,Completed,Mobile
503274,100905,2026-03-24 22:01:43,Completed,Web
503275,100800,2026-03-24 22:04:16,Completed,Web
503276,100818,2026-03-25 06:38:52,Processing,Web
503277,100426,2026-03-25 12:47:39,Shipped,Web
503278,100662,2026-03-25 15:20:09,Shipped,Web
503279,100442,2026-03-25 22:07:22,Shipped,Mobile
503280,100366,2026-03-26 00:38:43,Cancelled,Mobile
503281,100418,2026-03-26 14:18:29,Completed,Mobile
503282,100935,2026-03-26 18:15:46,Shipped,Web
503283,100213,2026-03-27 01:41:07,Shipped,Web
503284,100337,2026-03-27 03:53:04,Shipped,Web
503285,100628,2026-03-27 04:03:37,Completed,Web
503286,100745,2026-03-27 05:38:32,Shipped,Mobile
503287,100443,2026-03-27 09:45:16,Cancelled,Web
503288,100942,2026-03-27 11:09:11,Completed,Web
503289,100197,2026-03-27 18:50:05,Completed,Web
503290,100870,2026-03-27 21:22:07,Completed,Web
503291,100844,2026-03-27 22:29:42,Cancelled,Web
503292,100551,2026-03-27 23:40:16,Completed,Web
503293,100310,2026-03-28 00:43:32,Completed,Mobile
503294,100586,2026-03-28 02:50:20,Completed,Mobile
503295,100996,2026-03-28 04:05:48,Completed,Web
503296,100252,2026-03-28 05:04:01,Completed,Mobile
503297,100057,2026-03-28 06:57:18,Completed,Web
503298,100553,2026-03-28 08:24:13,Completed,Mobile
503299,100594,2026-03-28 09:05:15,Completed,Web
503300,100691,2026-03-28 12:29:42,Cancelled,Web
503301,100501,2026-03-28 14:31:16,Processing,Mobile
503302,100385,2026-03-28 15:35:07,Shipped,Mobile
503303,100132,2026-03-28 18:41:20,Completed,Web
503304,100098,2026-03-28 23:02:59,Processing,Web
503305,100088,2026-03-29 00:37:19,Completed,Web
503306,100861,2026-03-29 04:42:07,Completed,Mobile
503307,100797,2026-03-29 04:59:25,Shipped,Mobile
503308,100451,2026-03-29 16:51:49,Processing,Web
503309,100272,2026-03-29 20:03:00,Completed,Mobile
503310,100017,2026-03-30 03:59:02,Completed,Web
503311,100073,2026-03-30 04:46:51,Processing,Web
503312,100372,2026-03-30 05:22:33,Completed,Web
503313,100083,2026-03-30 06:57:19,Completed,Web
503314,100238,2026-03-30 17:15:14,Completed,Web
503315,100175,2026-03-30 19:34:13,Completed,Web
503316,100642,2026-03-30 22:39:53,Completed,Web
503317,100338,2026-03-30 23:22:09,Completed,Web
503318,100010,2026-03-31 03:28:52,Completed,Mobile
503319,100412,2026-03-31 09:45:22,Completed,Web
503320,100814,2026-03-31 12:27:30,Processing,Mobile
503321,100124,2026-03-31 14:32:39,Shipped,Web
503322,100591,2026-04-01 03:44:15,Completed,Phone
503323,100874,2026-04-01 05:05:08,Processing,Web
503324,100540,2026-04-01 06:16:19,Completed,Web
503325,100837,2026-04-01 09:49:35,Completed,Web
503326,100268,2026-04-01 11:19:06,Completed,Web
503327,100566,2026-04-01 11:29:15,Completed,Web
503328,100799,2026-04-01 12:08:01,Completed,Mobile
503329,100665,2026-04-01 12:51:44,Completed,Mobile
503330,100550,2026-04-02 04:20:24,Completed,Web
503331,100894,2026-04-02 08:31:15,Completed,Web
503332,100825,2026-04-02 11:22:35,Completed,Web
503333,100669,2026-04-02 21:37:41,Shipped,Web
503334,100878,2026-04-02 23:16:24,Processing,Web
503335,100661,2026-04-03 00:09:54,Completed,Mobile
503336,100133,2026-04-03 00:33:10,Shipped,Web
503337,100884,2026-04-03 01:17:11,Completed,Web
503338,100028,2026-04-03 05:19:59,Shipped,Web
503339,100145,2026-04-03 08:51:24,Completed,Web
503340,100321,2026-04-03 10:43:05,Completed,Web
503341,100042,2026-04-03 12:58:01,Shipped,Web
503342,100539,2026-04-03 15:23:40,Completed,Phone
503343,100341,2026-04-03 18:30:54,Shipped,Web
503344,100203,2026-04-03 20:46:44,Completed,Mobile
503345,100271,2026-04-03 20:58:06,Completed,Web
503346,100391,2026-04-03 22:02:54,Completed,Mobile
503347,100755,2026-04-04 00:03:55,Completed,Mobile
503348,100776,2026-04-04 03:21:34,Completed,Web
503349,100034,2026-04-04 06:45:31,Completed,Mobile
503350,100517,2026-04-04 18:19:10,Completed,Mobile
503351,100095,2026-04-04 19:28:02,Processing,Web
503352,100480,2026-04-04 19:50:07,Shipped,Web
503353,100611,2026-04-04 22:33:41,Cancelled,Web
503354,100645,2026-04-04 23:10:58,Processing,Web
503355,100745,2026-04-05 00:22:54,Completed,Web
503356,100512,2026-04-05 04:05:29,Completed,Mobile
503357,100020,2026-04-05 04:45:45,Completed,Web
503358,100758,2026-04-05 05:33:49,Completed,Web
503359,100975,2026-04-05 14:54:40,Completed,Web
503360,100591,2026-04-05 16:36:38,Completed,Mobile
503361,100819,2026-04-05 17:02:31,Completed,Web
503362,100160,2026-04-05 21:15:23,Completed,Web
503363,100578,2026-04-05 22:20:49,Completed,Mobile
503364,100087,2026-04-06 14:45:40,Completed,Web
503365,100686,2026-04-06 20:42:59,Cancelled,Mobile
503366,100473,2026-04-07 02:28:35,Completed,Web
503367,100653,2026-04-07 03:29:39,Completed,Mobile
503368,100535,2026-04-07 03:51:48,Completed,Mobile
503369,100550,2026-04-07 04:21:56,Completed,Web
503370,100399,2026-04-07 06:51:45,Completed,Web
503371,100842,2026-04-07 08:28:19,Shipped,Mobile
503372,100069,2026-04-07 10:19:47,Completed,Mobile
503373,100849,2026-04-07 10:52:19,Shipped,Mobile
503374,100545,2026-04-07 17:37:01,Cancelled,Web
503375,100021,2026-04-07 19:01:08,Completed,Web
503376,100776,2026-04-08 00:18:29,Shipped,Web
503377,100586,2026-04-08 01:12:21,Completed,Phone
503378,100865,2026-04-08 03:14:09,Completed,Web
503379,100429,2026-04-08 05:05:16,Shipped,Web
503380,100528,2026-04-08 07:39:02,Completed,Web
503381,100426,2026-04-08 10:19:38,Completed,Web
503382,100415,2026-04-08 14:56:46,Completed,Web
503383,100478,2026-04-09 04:56:55,Completed,Mobile
503384,100526,2026-04-09 07:11:06,Shipped,Phone
503385,100223,2026-04-09 08:18:56,Completed,Web
503386,100426,2026-04-09 11:08:40,Completed,Mobile
503387,100418,2026-04-09 13:56:59,Completed,Web
503388,100746,2026-04-09 18:18:59,Completed,Mobile
503389,100898,2026-04-10 05:17:48,Completed,Web
503390,100811,2026-04-10 06:38:32,Completed,Web
503391,100927,2026-04-10 15:40:25,Completed,Mobile
503392,100228,2026-04-10 16:20:51,Completed,Web
503393,100127,2026-04-10 19:34:15,Completed,Mobile
503394,100134,2026-04-10 20:22:17,Shipped,Web
503395,100296,2026-04-11 01:14:13,Completed,Mobile
503396,100860,2026-04-11 03:10:23,Processing,Phone
503397,100597,2026-04-11 05:27:43,Completed,Web
503398,100674,2026-04-11 08:59:25,Processing,Web
503399,100607,2026-04-11 16:35:00,Completed,Web
503400,100601,2026-04-11 17:31:53,Shipped,Web
503401,100012,2026-04-11 21:45:16,Completed,Phone
503402,100144,2026-04-11 22:55:19,Completed,Web
503403,100631,2026-04-12 06:59:38,Completed,Mobile
503404,100481,2026-04-12 09:28:04,Completed,Mobile
503405,100869,2026-04-12 16:08:51,Completed,Web
503406,100763,2026-04-12 17:14:15,Completed,Web
503407,100469,2026-04-12 17:45:22,Processing,Web
503408,100830,2026-04-12 17:57:32,Cancelled,Web
503409,100290,2026-04-12 21:20:23,Processing,Web
503410,100644,2026-04-12 23:56:05,Completed,Web
503411,100467,2026-04-13 01:23:17,Completed,Web
503412,100199,2026-04-13 12:03:53,Completed,Web
503413,100535,2026-04-13 12:37:50,Completed,Mobile
503414,100717,2026-04-13 14:22:42,Completed,Web
503415,100711,2026-04-13 15:04:12,Completed,Web
503416,100931,2026-04-14 02:09:52,Completed,Phone
503417,100747,2026-04-14 04:30:27,Completed,Web
503418,100778,2026-04-14 11:56:08,Completed,Mobile
503419,100536,2026-04-14 12:59:53,Completed,Mobile
503420,100124,2026-04-14 14:21:09,Completed,Web
503421,100486,2026-04-14 21:01:47,Completed,Web
503422,100446,2026-04-14 23:48:02,Completed,Web
503423,100363,2026-04-15 03:52:34,Completed,Phone
503424,100342,2026-04-15 04:22:00,Processing,Web
503425,100144,2026-04-15 08:18:01,Processing,Mobile
503426,100713,2026-04-15 13:02:33,Completed,Web
503427,100973,2026-04-15 13:39:47,Completed,Web
503428,100151,2026-04-15 15:02:32,Completed,Mobile
503429,100272,2026-04-15 15:10:47,Cancelled,Web
503430,100561,2026-04-15 20:28:50,Completed,Mobile
503431,100696,2026-04-15 22:12:27,Completed,Web
503432,100334,2026-04-16 10:37:30,Completed,Web
503433,100066,2026-04-16 11:34:56,Completed,Mobile
503434,100695,2026-04-16 12:55:59,Completed,Web
503435,100143,2026-04-16 15:53:14,Completed,Phone
503436,100413,2026-04-16 16:40:33,Processing,Mobile
503437,100459,2026-04-16 17:00:48,Completed,Web
503438,100450,2026-04-16 19:12:31,Completed,Web
503439,100094,2026-04-16 20:13:54,Completed,Mobile
503440,100094,2026-04-17 01:45:01,Shipped,Web
503441,100335,2026-04-17 02:32:41,Cancelled,Web
503442,100916,2026-04-17 04:39:12,Completed,Web
503443,100760,2026-04-17 05:31:02,Processing,Web
503444,100358,2026-04-17 07:25:19,Completed,Mobile
503445,100626,2026-04-17 09:07:30,Completed,Web
503446,100523,2026-04-17 10:08:39,Completed,Web
503447,100575,2026-04-17 11:38:38,Completed,Mobile
503448,100558,2026-04-17 13:29:26,Completed,Mobile
503449,100235,2026-04-17 17:00:55,Completed,Web
503450,100535,2026-04-18 06:29:01,Completed,Web
503451,100096,2026-04-18 06:49:52,Shipped,Web
503452,100710,2026-04-18 10:08:15,Completed,Mobile
503453,100459,2026-04-18 11:34:50,Completed,Web
503454,100791,2026-04-18 13:01:54,Completed,Mobile
503455,100133,2026-04-18 14:03:50,Completed,Mobile
503456,100211,2026-04-18 14:06:52,Shipped,Web
503457,100290,2026-04-18 19:42:32,Completed,Web
503458,100142,2026-04-19 01:59:24,Completed,Web
503459,100416,2026-04-19 02:38:49,Completed,Web
503460,100910,2026-04-19 02:54:13,Processing,Web
503461,100178,2026-04-19 03:30:48,Completed,Phone
503462,100836,2026-04-19 12:28:06,Completed,Web
503463,100602,2026-04-19 16:33:13,Completed,Web
503464,100488,2026-04-19 18:06:01,Completed,Web
503465,100876,2026-04-19 21:37:58,Completed,Web
503466,100311,2026-04-19 22:30:05,Completed,Web
503467,100105,2026-04-20 02:50:03,Completed,Web
503468,100901,2026-04-20 04:14:05,Completed,Web
503469,100136,2026-04-20 08:12:35,Completed,Web
503470,100394,2026-04-20 08:19:58,Completed,Web
503471,100966,2026-04-20 08:47:53,Completed,Web
503472,100523,2026-04-20 10:04:19,Cancelled,Mobile
503473,100014,2026-04-20 10:24:35,Completed,Web
503474,100076,2026-04-20 11:36:39,Completed,Web
503475,100945,2026-04-20 14:47:07,Completed,Web
503476,100019,2026-04-20 20:12:29,Completed,Mobile
503477,100712,2026-04-21 05:26:47,Completed,Web
503478,100147,2026-04-21 07:28:23,Shipped,Web
503479,100981,2026-04-21 09:01:48,Completed,Web
503480,100556,2026-04-21 13:30:32,Completed,Web
503481,100045,2026-04-21 15:02:43,Completed,Mobile
503482,100153,2026-04-21 18:53:05,Completed,Web
503483,100696,2026-04-21 22:33:51,Completed,Web
503484,100521,2026-04-22 00:28:02,Cancelled,Mobile
503485,100674,2026-04-22 02:52:35,Completed,Mobile
503486,100761,2026-04-22 04:31:06,Completed,Web
503487,100995,2026-04-22 07:31:00,Completed,Web
503488,100024,2026-04-22 08:13:36,Shipped,Web
503489,100506,2026-04-22 09:41:16,Completed,Mobile
503490,100588,2026-04-22 14:12:50,Shipped,Web
503491,100945,2026-04-22 14:27:07,Completed,Web
503492,100677,2026-04-23 01:38:36,Completed,Web
503493,100714,2026-04-23 08:16:17,Shipped,Web
503494,100396,2026-04-23 09:09:29,Completed,Web
503495,100710,2026-04-23 09:43:46,Completed,Web
503496,100662,2026-04-23 11:14:13,Completed,Mobile
503497,100122,2026-04-23 14:50:36,Processing,Phone
503498,100315,2026-04-23 19:44:46,Completed,Phone
503499,100903,2026-04-23 22:57:57,Completed,Web
503500,100878,2026-04-24 01:44:16,Completed,Web
503501,100448,2026-04-24 02:35:48,Completed,Web
503502,100157,2026-04-24 07:12:45,Shipped,Mobile
503503,100040,2026-04-24 07:38:12,Completed,Web
503504,100965,2026-04-24 10:33:10,Cancelled,Web
503505,100528,2026-04-24 15:33:02,Completed,Web
503506,100768,2026-04-24 18:20:02,Completed,Phone
503507,100420,2026-04-24 19:13:01,Completed,Web
503508,100322,2026-04-25 01:03:42,Completed,Mobile
503509,100055,2026-04-25 03:04:59,Completed,Mobile
503510,100869,2026-04-25 03:32:34,Completed,Web
503511,100294,2026-04-25 06:05:38,Completed,Mobile
503512,100405,2026-04-25 11:35:52,Completed,Web
503513,100293,2026-04-25 13:44:14,Shipped,Web
503514,100726,2026-04-25 14:44:47,Processing,Phone
503515,100860,2026-04-25 17:19:16,Cancelled,Web
503516,100985,2026-04-25 22:45:21,Shipped,Web
503517,100565,2026-04-26 01:45:58,Completed,Web
503518,100239,2026-04-26 03:06:21,Completed,Web
503519,100356,2026-04-26 12:00:41,Completed,Web
503520,100491,2026-04-26 16:35:32,Completed,Web
503521,100123,2026-04-26 17:42:44,Completed,Phone
503522,100159,2026-04-27 00:07:10,Completed,Web
503523,100470,2026-04-27 06:01:23,Completed,Mobile
503524,100325,2026-04-27 06:17:14,Completed,Web
503525,100344,2026-04-27 06:25:33,Cancelled,Web
503526,100598,2026-04-27 10:14:35,Completed,Web
503527,100468,2026-04-27 12:05:34,Processing,Web
503528,100413,2026-04-27 15:03:58,Shipped,Web
503529,100338,2026-04-27 20:43:08,Completed,Web
503530,100705,2026-04-27 21:26:50,Completed,Phone
503531,100510,2026-04-28 01:04:59,Completed,Phone
503532,100490,2026-04-28 01:39:24,Processing,Mobile
503533,100176,2026-04-28 04:03:42,Completed,Phone
503534,100587,2026-04-28 04:19:51,Completed,Web
503535,100970,2026-04-28 10:51:02,Completed,Mobile
503536,100364,2026-04-28 11:52:17,Completed,Web
503537,100037,2026-04-28 12:36:35,Shipped,Web
503538,100380,2026-04-28 14:19:59,Shipped,Web
503539,100178,2026-04-28 15:00:39,Completed,Web
503540,100736,2026-04-28 17:44:13,Processing,Web
503541,100151,2026-04-28 21:09:22,Cancelled,Mobile
503542,100462,2026-04-28 22:45:51,Completed,Web
503543,100004,2026-04-29 01:03:17,Completed,Web
503544,100368,2026-04-29 02:25:56,Completed,Web
503545,100956,2026-04-29 03:52:37,Cancelled,Web
503546,100066,2026-04-29 12:14:07,Completed,Web
503547,100257,2026-04-29 12:17:37,Completed,Mobile
503548,100223,2026-04-29 14:20:52,Completed,Web
503549,100811,2026-04-29 17:20:07,Shipped,Web
503550,100830,2026-04-29 21:25:12,Shipped,Web
503551,100166,2026-04-29 22:06:31,Completed,Mobile
503552,100919,2026-04-30 00:15:10,Cancelled,Web
503553,100719,2026-04-30 05:43:10,Completed,Phone
503554,100505,2026-04-30 07:09:18,Completed,Web
503555,100131,2026-04-30 07:21:45,Completed,Web
503556,100669,2026-04-30 07:40:32,Completed,Web
503557,100748,2026-04-30 08:40:24,Completed,Web
503558,100975,2026-04-30 08:50:16,Processing,Web
503559,100549,2026-04-30 13:28:44,Completed,Web
503560,100614,2026-04-30 13:49:28,Processing,Web
503561,100392,2026-04-30 15:36:52,Completed,Web
503562,100014,2026-05-01 00:08:40,Completed,Web
503563,100327,2026-05-01 04:15:08,Completed,Web
503564,100113,2026-05-01 08:47:21,Completed,Mobile
503565,100468,2026-05-01 13:52:02,Shipped,Web
503566,100674,2026-05-01 15:19:21,Completed,Web
503567,100434,2026-05-01 18:29:15,Completed,Web
503568,100741,2026-05-01 19:48:02,Processing,Web
503569,100629,2026-05-01 22:57:07,Completed,Web
503570,100489,2026-05-01 23:01:19,Completed,Web
503571,100250,2026-05-02 02:08:59,Completed,Web
503572,100080,2026-05-02 02:13:08,Completed,Web
503573,100962,2026-05-02 02:25:14,Shipped,Web
503574,100043,2026-05-02 05:10:42,Completed,Web
503575,100153,2026-05-02 06:18:10,Shipped,Web
503576,100777,2026-05-02 08:27:10,Completed,Mobile
503577,100441,2026-05-02 18:10:55,Completed,Web
503578,100823,2026-05-02 19:55:59,Shipped,Web
503579,100724,2026-05-02 20:24:54,Completed,Web
503580,100104,2026-05-03 02:10:25,Processing,Web
503581,100105,2026-05-03 08:10:55,Completed,Web
503582,100686,2026-05-03 11:48:04,Completed,Mobile
503583,100523,2026-05-03 18:30:24,Completed,Web
503584,100476,2026-05-03 18:30:26,Completed,Web
503585,100222,2026-05-03 21:03:11,Completed,Web
503586,100514,2026-05-03 22:54:34,Shipped,Web
503587,100877,2026-05-03 23:49:15,Processing,Mobile
503588,100870,2026-05-04 00:14:53,Completed,Mobile
503589,100230,2026-05-04 00:38:18,Completed,Web
503590,100197,2026-05-04 02:22:29,Completed,Web
503591,100129,2026-05-04 04:06:36,Completed,Web
503592,100433,2026-05-04 09:03:16,Completed,Web
503593,100702,2026-05-04 09:03:17,Completed,Web
503594,100718,2026-05-04 09:03:19,Cancelled,Web
503595,100700,2026-05-04 09:25:53,Completed,Web
503596,100810,2026-05-04 09:57:29,Completed,Web
503597,100814,2026-05-04 13:24:39,Completed,Web
503598,100115,2026-05-04 15:20:14,Completed,Web
503599,100259,2026-05-05 03:37:19,Completed,Phone
503600,100516,2026-05-05 06:43:07,Completed,Mobile
503601,100409,2026-05-05 11:16:31,Processing,Web
503602,100023,2026-05-05 12:22:45,Completed,Web
503603,100351,2026-05-05 13:59:12,Completed,Web
503604,100602,2026-05-05 14:31:17,Completed,Web
503605,100873,2026-05-05 15:40:52,Completed,Web
503606,100804,2026-05-05 17:36:34,Completed,Phone
503607,100994,2026-05-05 17:44:04,Shipped,Web
503608,100787,2026-05-05 20:21:08,Completed,Web
503609,100584,2026-05-06 01:02:03,Completed,Web
503610,100789,2026-05-06 16:02:57,Completed,Web
503611,100816,2026-05-06 18:24:47,Completed,Web
503612,100220,2026-05-06 22:11:30,Completed,Web
503613,100658,2026-05-06 22:44:47,Shipped,Mobile
503614,100659,2026-05-07 18:11:47,Completed,Web
503615,100312,2026-05-07 19:25:25,Shipped,Web
503616,100348,2026-05-07 21:59:10,Completed,Web
503617,100804,2026-05-08 02:40:38,Completed,Mobile
503618,100217,2026-05-08 03:50:46,Cancelled,Phone
503619,100055,2026-05-08 07:01:39,Shipped,Web
503620,100770,2026-05-08 08:28:28,Completed,Mobile
503621,100136,2026-05-08 09:20:10,Processing,Web
503622,100047,2026-05-08 14:46:51,Completed,Mobile
503623,100539,2026-05-08 19:31:31,Completed,Mobile
503624,100653,2026-05-08 22:49:31,Cancelled,Mobile
503625,100855,2026-05-09 00:53:30,Completed,Web
503626,100751,2026-05-09 14:18:00,Shipped,Mobile
503627,100947,2026-05-09 16:57:33,Completed,Web
503628,100833,2026-05-09 21:23:42,Completed,Mobile
503629,100813,2026-05-09 22:10:28,Completed,Web
503630,100360,2026-05-10 05:33:27,Completed,Mobile
503631,100772,2026-05-10 09:46:28,Completed,Web
503632,100368,2026-05-10 11:55:43,Completed,Web
503633,100441,2026-05-10 14:14:37,Completed,Mobile
503634,100820,2026-05-10 20:45:44,Completed,Web
503635,100091,2026-05-10 20:50:18,Cancelled,Web
503636,100654,2026-05-11 00:32:25,Completed,Mobile
503637,100317,2026-05-11 01:37:11,Completed,Mobile
503638,100573,2026-05-11 03:46:35,Completed,Web
503639,100415,2026-05-11 05:29:22,Completed,Web
503640,100010,2026-05-11 12:20:21,Completed,Mobile
503641,100943,2026-05-11 14:29:32,Completed,Mobile
503642,100214,2026-05-11 17:01:23,Completed,Web
503643,100874,2026-05-11 18:00:14,Completed,Web
503644,100738,2026-05-11 23:32:46,Completed,Web
503645,100019,2026-05-12 00:53:13,Completed,Mobile
503646,100878,2026-05-12 01:26:46,Completed,Web
503647,100963,2026-05-12 05:48:35,Completed,Web
503648,100950,2026-05-12 10:27:08,Shipped,Mobile
503649,100692,2026-05-12 15:17:57,Completed,Web
503650,100115,2026-05-12 17:37:29,Completed,Mobile
503651,100635,2026-05-12 19:24:51,Completed,Web
503652,100431,2026-05-12 21:34:25,Cancelled,Web
503653,100760,2026-05-12 23:20:29,Completed,Mobile
503654,100351,2026-05-13 07:37:15,Completed,Mobile
503655,100467,2026-05-13 12:01:51,Completed,Mobile
503656,100216,2026-05-13 19:01:54,Completed,Web
503657,100687,2026-05-13 23:38:51,Completed,Web
503658,100725,2026-05-14 00:12:42,Completed,Mobile
503659,100545,2026-05-14 02:14:29,Completed,Mobile
503660,100554,2026-05-14 02:30:03,Completed,Web
503661,100156,2026-05-14 02:39:53,Completed,Web
503662,100595,2026-05-14 03:39:59,Completed,Web
503663,100733,2026-05-14 06:36:05,Completed,Web
503664,100307,2026-05-14 06:47:14,Completed,Web
503665,100436,2026-05-14 09:25:01,Completed,Web
503666,100884,2026-05-14 12:55:22,Completed,Web
503667,100343,2026-05-14 15:27:05,Completed,Web
503668,100427,2026-05-15 00:53:06,Completed,Web
503669,100532,2026-05-15 04:35:45,Processing,Web
503670,100809,2026-05-15 06:19:45,Completed,Web
503671,100870,2026-05-15 06:34:22,Shipped,Web
503672,100779,2026-05-15 08:38:23,Cancelled,Web
503673,100017,2026-05-15 09:43:44,Completed,Mobile
503674,100087,2026-05-15 11:09:33,Processing,Web
503675,100396,2026-05-15 20:02:37,Completed,Web
503676,100299,2026-05-16 01:24:39,Completed,Mobile
503677,100053,2026-05-16 02:16:05,Completed,Mobile
503678,100414,2026-05-16 09:35:47,Completed,Web
503679,100361,2026-05-16 13:08:51,Completed,Web
503680,100495,2026-05-16 14:50:15,Completed,Phone
503681,100138,2026-05-16 16:34:24,Processing,Web
503682,100618,2026-05-16 18:21:26,Completed,Web
503683,100809,2026-05-16 23:29:31,Completed,Web
503684,100908,2026-05-17 09:09:24,Completed,Web
503685,100110,2026-05-17 11:01:33,Completed,Web
503686,100154,2026-05-17 11:01:58,Completed,Web
503687,100642,2026-05-17 15:59:16,Completed,Web
503688,100975,2026-05-17 18:59:12,Completed,Phone
503689,100310,2026-05-18 08:16:25,Completed,Web
503690,100585,2026-05-18 12:38:27,Completed,Web
503691,100871,2026-05-18 22:24:46,Completed,Web
503692,100614,2026-05-19 01:43:49,Completed,Web
503693,100455,2026-05-19 02:36:22,Completed,Web
503694,100915,2026-05-19 04:59:20,Processing,Mobile
503695,100186,2026-05-19 05:31:14,Completed,Web
503696,100278,2026-05-19 10:50:40,Shipped,Web
503697,100980,2026-05-19 14:07:07,Completed,Web
503698,100894,2026-05-19 16:04:37,Completed,Web
503699,100279,2026-05-20 01:33:17,Completed,Web
503700,100474,2026-05-20 01:52:15,Completed,Mobile
503701,100307,2026-05-20 05:15:35,Completed,Web
503702,100995,2026-05-20 14:17:56,Completed,Web
503703,100887,2026-05-20 17:01:23,Completed,Mobile
503704,100492,2026-05-20 17:42:39,Completed,Mobile
503705,100475,2026-05-20 21:05:59,Completed,Web
503706,100979,2026-05-21 01:32:03,Completed,Phone
503707,100715,2026-05-21 05:14:30,Completed,Web
503708,100912,2026-05-21 09:04:38,Completed,Mobile
503709,100822,2026-05-22 05:06:26,Completed,Web
503710,100416,2026-05-22 08:07:26,Completed,Web
503711,100947,2026-05-22 08:59:29,Completed,Web
503712,100278,2026-05-22 10:16:55,Completed,Phone
503713,100093,2026-05-22 10:52:58,Completed,Web
503714,100198,2026-05-22 11:09:13,Shipped,Mobile
503715,100081,2026-05-22 11:40:44,Cancelled,Web
503716,100316,2026-05-22 13:51:35,Completed,Mobile
503717,100980,2026-05-22 16:27:19,Completed,Web
503718,100735,2026-05-22 18:39:36,Shipped,Web
503719,100615,2026-05-22 21:39:08,Completed,Web
503720,100760,2026-05-23 00:42:33,Completed,Mobile
503721,100019,2026-05-23 01:35:26,Completed,Web
503722,100845,2026-05-23 02:27:15,Completed,Web
503723,100801,2026-05-23 05:47:49,Completed,Web
503724,100012,2026-05-23 09:06:54,Completed,Web
503725,100533,2026-05-23 12:47:57,Completed,Web
503726,100036,2026-05-23 16:05:44,Shipped,Mobile
503727,100371,2026-05-23 17:16:22,Cancelled,Web
503728,100360,2026-05-23 20:02:30,Shipped,Web
503729,100820,2026-05-23 23:38:04,Completed,Web
503730,100240,2026-05-24 00:04:46,Completed,Web
503731,100264,2026-05-24 02:19:06,Shipped,Mobile
503732,100157,2026-05-24 06:41:41,Completed,Web
503733,100362,2026-05-24 07:30:47,Completed,Web
503734,100937,2026-05-24 12:49:44,Completed,Phone
503735,100489,2026-05-24 13:16:40,Shipped,Web
503736,100239,2026-05-24 13:45:19,Completed,Web
503737,100266,2026-05-24 14:10:44,Processing,Web
503738,100230,2026-05-24 23:04:32,Shipped,Web
503739,100368,2026-05-25 06:08:46,Completed,Mobile
503740,100114,2026-05-25 07:14:07,Completed,Web
503741,100675,2026-05-25 08:49:42,Processing,Mobile
503742,100400,2026-05-25 09:13:52,Completed,Web
503743,100111,2026-05-25 18:12:26,Cancelled,Phone
503744,100865,2026-05-25 18:24:50,Completed,Web
503745,100373,2026-05-26 04:52:47,Completed,Web
503746,100205,2026-05-26 06:38:12,Completed,Web
503747,100319,2026-05-26 06:45:48,Completed,Web
503748,100760,2026-05-26 08:10:30,Completed,Web
503749,100908,2026-05-26 15:05:09,Completed,Web
503750,100675,2026-05-26 15:12:42,Shipped,Mobile
503751,100783,2026-05-26 19:38:53,Completed,Mobile
503752,100064,2026-05-27 05:32:14,Shipped,Web
503753,100910,2026-05-27 07:23:18,Completed,Mobile
503754,100098,2026-05-27 07:52:07,Completed,Mobile
503755,100385,2026-05-27 10:21:14,Completed,Web
503756,100476,2026-05-27 13:23:42,Completed,Web
503757,100347,2026-05-27 16:24:43,Completed,Mobile
503758,100888,2026-05-27 20:48:57,Completed,Web
503759,100907,2026-05-28 03:55:05,Completed,Mobile
503760,100439,2026-05-28 04:29:46,Completed,Web
503761,100808,2026-05-28 07:48:03,Processing,Web
503762,100448,2026-05-28 12:32:28,Processing,Mobile
503763,100103,2026-05-28 13:12:19,Completed,Mobile
503764,100107,2026-05-28 22:07:30,Completed,Mobile
503765,100814,2026-05-29 01:37:40,Completed,Web
503766,100648,2026-05-29 03:30:04,Cancelled,Web
503767,100656,2026-05-29 08:55:22,Completed,Mobile
503768,100599,2026-05-29 20:43:13,Cancelled,Web
503769,100672,2026-05-30 05:00:29,Completed,Mobile
503770,100658,2026-05-30 05:39:24,Completed,Phone
503771,100160,2026-05-30 09:34:31,Completed,Web
503772,100681,2026-05-30 09:42:51,Completed,Mobile
503773,100785,2026-05-30 16:35:22,Completed,Web
503774,100918,2026-05-30 17:53:08,Cancelled,Web
503775,100323,2026-05-30 17:57:27,Completed,Web
503776,100324,2026-05-31 01:58:07,Completed,Mobile
503777,100140,2026-05-31 04:22:29,Cancelled,Mobile
503778,100790,2026-05-31 06:10:47,Completed,Mobile
503779,100123,2026-05-31 06:19:48,Completed,Mobile
503780,100432,2026-05-31 08:04:22,Completed,Web
503781,100450,2026-05-31 10:12:59,Cancelled,Mobile
503782,100419,2026-05-31 12:19:08,Completed,Phone
503783,100481,2026-05-31 17:04:01,Completed,Web
503784,100947,2026-05-31 18:40:49,Completed,Mobile
503785,100005,2026-05-31 21:28:05,Processing,Web
503786,100887,2026-06-01 01:42:56,Completed,Web
503787,100268,2026-06-01 03:29:22,Completed,Web
503788,100011,2026-06-01 03:59:48,Completed,Mobile
503789,100481,2026-06-01 21:31:52,Completed,Phone
503790,100555,2026-06-01 22:19:15,Completed,Web
503791,100718,2026-06-01 22:28:53,Completed,Web
503792,100286,2026-06-02 00:09:28,Completed,Web
503793,100661,2026-06-02 08:56:44,Completed,Web
503794,100498,2026-06-02 09:22:20,Processing,Web
503795,100235,2026-06-02 11:26:25,Completed,Web
503796,100796,2026-06-02 14:48:50,Processing,Mobile
503797,100983,2026-06-02 19:42:23,Completed,Mobile
503798,100439,2026-06-02 21:35:43,Processing,Web
503799,100400,2026-06-02 22:48:40,Processing,Web
503800,100581,2026-06-02 22:49:14,Completed,Mobile
503801,100289,2026-06-02 22:57:33,Completed,Web
503802,100072,2026-06-02 22:59:18,Processing,Phone
503803,100625,2026-06-03 01:15:34,Completed,Web
503804,100134,2026-06-03 02:03:22,Shipped,Mobile
503805,100492,2026-06-03 08:51:34,Completed,Web
503806,100157,2026-06-03 11:15:06,Completed,Web
503807,100853,2026-06-03 13:31:51,Processing,Web
503808,100223,2026-06-03 13:41:08,Completed,Web
503809,100409,2026-06-03 14:02:45,Completed,Mobile
503810,100548,2026-06-03 20:50:47,Processing,Web
503811,100093,2026-06-03 22:18:01,Completed,Web
503812,100728,2026-06-03 23:26:51,Completed,Web
503813,100997,2026-06-04 18:08:27,Completed,Mobile
503814,100338,2026-06-04 18:37:57,Shipped,Web
503815,100886,2026-06-04 21:03:31,Completed,Web
503816,100458,2026-06-04 22:49:05,Completed,Web
503817,100809,2026-06-05 00:21:18,Completed,Mobile
503818,100916,2026-06-05 02:13:36,Completed,Web
503819,100282,2026-06-05 04:03:11,Completed,Web
503820,100179,2026-06-05 04:23:44,Completed,Mobile
503821,100645,2026-06-05 07:39:24,Completed,Mobile
503822,100195,2026-06-05 10:05:24,Completed,Web
503823,100116,2026-06-05 15:22:16,Completed,Web
503824,100313,2026-06-05 21:59:10,Processing,Web
503825,100057,2026-06-05 22:25:12,Completed,Web
503826,100821,2026-06-05 23:15:43,Shipped,Web
503827,100685,2026-06-06 00:56:18,Completed,Web
503828,100024,2026-06-06 03:32:15,Completed,Web
503829,100576,2026-06-06 04:53:54,Completed,Web
503830,100059,2026-06-06 13:17:37,Completed,Mobile
503831,100008,2026-06-06 14:35:40,Processing,Web
503832,100827,2026-06-06 16:12:40,Completed,Phone
503833,100377,2026-06-06 20:17:49,Completed,Web
503834,100615,2026-06-06 20:26:57,Cancelled,Mobile
503835,100470,2026-06-07 03:39:26,Shipped,Web
503836,100605,2026-06-07 08:05:44,Completed,Web
503837,100855,2026-06-07 08:11:11,Shipped,Web
503838,100241,2026-06-07 08:12:35,Completed,Web
503839,100654,2026-06-07 13:39:19,Completed,Web
503840,100473,2026-06-07 14:31:27,Completed,Web
503841,100565,2026-06-07 19:23:45,Completed,Web
503842,100393,2026-06-07 20:32:11,Completed,Web
503843,100912,2026-06-07 21:11:40,Completed,Web
503844,100866,2026-06-08 00:12:22,Completed,Web
503845,100288,2026-06-08 00:55:36,Completed,Web
503846,100800,2026-06-08 19:41:59,Shipped,Web
503847,100635,2026-06-09 04:14:38,Completed,Web
503848,100879,2026-06-09 05:55:50,Completed,Web
503849,100101,2026-06-09 07:55:54,Processing,Web
503850,100627,2026-06-09 19:56:29,Completed,Web
503851,100624,2026-06-09 20:20:37,Cancelled,Web
503852,100953,2026-06-09 22:46:21,Completed,Web
503853,100902,2026-06-10 02:56:11,Completed,Web
503854,100968,2026-06-10 08:19:00,Completed,Web
503855,100299,2026-06-10 09:20:44,Completed,Mobile
503856,100867,2026-06-10 15:02:15,Completed,Web
503857,100528,2026-06-10 16:08:01,Shipped,Web
503858,100718,2026-06-10 17:57:53,Completed,Web
503859,100552,2026-06-10 23:13:35,Shipped,Mobile
503860,100665,2026-06-11 02:19:01,Cancelled,Web
503861,100626,2026-06-11 05:10:06,Completed,Web
503862,100474,2026-06-11 05:28:50,Completed,Web
503863,100291,2026-06-11 05:47:26,Completed,Web
503864,101000,2026-06-11 06:24:52,Cancelled,Phone
503865,100299,2026-06-11 06:38:09,Completed,Mobile
503866,100413,2026-06-11 10:55:59,Completed,Phone
503867,100931,2026-06-11 19:25:53,Completed,Web
503868,100070,2026-06-11 21:12:14,Completed,Web
503869,100514,2026-06-11 22:40:19,Completed,Web
503870,100213,2026-06-12 01:25:45,Completed,Web
503871,100199,2026-06-12 02:46:38,Shipped,Phone
503872,100065,2026-06-12 05:03:59,Cancelled,Mobile
503873,100634,2026-06-12 19:23:14,Processing,Web
503874,100943,2026-06-13 00:12:14,Completed,Web
503875,100610,2026-06-13 07:08:47,Completed,Web
503876,100244,2026-06-13 07:36:47,Cancelled,Web
503877,100545,2026-06-13 07:45:20,Completed,Mobile
503878,100105,2026-06-13 09:38:14,Completed,Web
503879,100970,2026-06-13 16:48:16,Completed,Web
503880,100964,2026-06-13 18:37:18,Cancelled,Mobile
503881,100690,2026-06-13 23:24:07,Shipped,Web
503882,100477,2026-06-14 02:29:06,Completed,Mobile
503883,100743,2026-06-14 03:24:22,Completed,Mobile
503884,100102,2026-06-14 11:12:31,Completed,Web
503885,100824,2026-06-14 13:38:06,Completed,Web
503886,100969,2026-06-14 17:18:40,Completed,Web
503887,100069,2026-06-14 19:40:00,Completed,Web
503888,100990,2026-06-14 21:46:38,Completed,Web
503889,100340,2026-06-15 09:12:16,Completed,Mobile
503890,100245,2026-06-15 11:40:08,Completed,Mobile
503891,100081,2026-06-15 13:40:21,Completed,Web
503892,100113,2026-06-15 22:23:01,Completed,Web
503893,100432,2026-06-16 01:42:35,Completed,Web
503894,100015,2026-06-16 02:45:52,Completed,Web
503895,100890,2026-06-16 06:32:09,Shipped,Phone
503896,100052,2026-06-16 09:31:20,Completed,Mobile
503897,100686,2026-06-16 10:40:00,Completed,Mobile
503898,100870,2026-06-16 12:05:27,Completed,Web
503899,100903,2026-06-16 14:51:20,Completed,Web
503900,100374,2026-06-17 01:27:07,Shipped,Web
503901,100216,2026-06-17 03:56:35,Shipped,Mobile
503902,100079,2026-06-17 06:55:49,Completed,Mobile
503903,100325,2026-06-17 11:03:21,Shipped,Web
503904,100558,2026-06-17 13:11:26,Completed,Web
503905,100921,2026-06-17 15:27:40,Processing,Mobile
503906,100251,2026-06-17 17:59:11,Completed,Web
503907,100921,2026-06-17 22:46:41,Completed,Web
503908,100419,2026-06-18 00:10:27,Completed,Mobile
503909,100125,2026-06-18 02:45:03,Completed,Web
503910,100929,2026-06-18 02:54:23,Completed,Web
503911,100463,2026-06-18 09:17:13,Completed,Web
503912,100999,2026-06-18 11:49:39,Completed,Web
503913,100760,2026-06-18 12:29:49,Processing,Web
503914,100615,2026-06-18 13:15:32,Completed,Web
503915,100352,2026-06-18 13:17:22,Completed,Web
503916,100954,2026-06-18 13:39:24,Completed,Web
503917,100972,2026-06-18 15:49:02,Completed,Web
503918,100938,2026-06-18 17:51:06,Completed,Web
503919,100176,2026-06-18 18:04:18,Completed,Mobile
503920,100306,2026-06-18 19:19:25,Completed,Web
503921,100288,2026-06-18 22:57:24,Completed,Web
503922,100990,2026-06-19 00:47:54,Shipped,Web
503923,100570,2026-06-19 11:47:16,Processing,Mobile
503924,100382,2026-06-19 19:16:08,Processing,Web
503925,100289,2026-06-19 19:54:32,Completed,Web
503926,100556,2026-06-19 20:21:49,Completed,Web
503927,100819,2026-06-19 21:53:09,Completed,Web
503928,100098,2026-06-20 04:00:26,Completed,Web
503929,100601,2026-06-20 09:28:22,Completed,Mobile
503930,100703,2026-06-20 12:32:13,Completed,Web
503931,100480,2026-06-20 15:08:42,Completed,Phone
503932,100194,2026-06-20 17:34:03,Shipped,Web
503933,100187,2026-06-20 22:01:16,Completed,Web
503934,100216,2026-06-21 01:14:31,Completed,Web
503935,100570,2026-06-21 03:52:47,Completed,Web
503936,100859,2026-06-21 04:59:56,Completed,Web
503937,100891,2026-06-21 10:49:49,Processing,Mobile
503938,100804,2026-06-21 12:48:03,Cancelled,Phone
503939,100054,2026-06-21 14:00:52,Cancelled,Web
503940,100713,2026-06-21 14:18:25,Completed,Web
503941,100561,2026-06-21 16:57:13,Completed,Web
503942,100798,2026-06-22 03:46:48,Shipped,Web
503943,100034,2026-06-22 04:43:17,Completed,Web
503944,100719,2026-06-22 05:47:15,Completed,Web
503945,100483,2026-06-22 06:23:24,Shipped,Web
503946,100447,2026-06-22 08:11:21,Completed,Web
503947,100816,2026-06-22 14:55:33,Completed,Web
503948,100139,2026-06-23 00:57:19,Completed,Mobile
503949,100192,2026-06-23 03:29:36,Completed,Web
503950,100880,2026-06-23 15:42:09,Completed,Mobile
503951,100868,2026-06-23 16:33:57,Completed,Web
503952,100871,2026-06-23 19:28:17,Completed,Web
503953,100757,2026-06-23 19:51:37,Completed,Web
503954,100884,2026-06-23 23:12:48,Completed,Web
503955,100150,2026-06-24 13:26:14,Shipped,Web
503956,100580,2026-06-24 15:37:37,Completed,Web
503957,100086,2026-06-24 16:40:39,Completed,Web
503958,100135,2026-06-24 20:06:11,Completed,Web
503959,100340,2026-06-24 20:14:22,Processing,Web
503960,100413,2026-06-24 21:40:07,Shipped,Web
503961,100912,2026-06-24 23:55:02,Completed,Mobile
503962,100105,2026-06-25 04:53:53,Shipped,Web
503963,100712,2026-06-25 05:00:46,Completed,Web
503964,100792,2026-06-25 05:22:11,Completed,Web
503965,100778,2026-06-25 05:44:00,Shipped,Mobile
503966,100973,2026-06-25 09:40:37,Completed,Mobile
503967,100538,2026-06-25 11:00:14,Completed,Web
503968,100794,2026-06-25 12:49:25,Completed,Web
503969,100655,2026-06-25 17:28:47,Completed,Web
503970,100967,2026-06-25 23:16:21,Completed,Mobile
503971,100639,2026-06-26 02:40:27,Completed,Web
503972,100274,2026-06-26 04:15:03,Shipped,Mobile
503973,100804,2026-06-26 09:42:21,Completed,Web
503974,100854,2026-06-26 10:18:56,Processing,Web
503975,100340,2026-06-26 17:42:38,Completed,Web
503976,100986,2026-06-26 22:46:16,Cancelled,Mobile
503977,100043,2026-06-26 23:20:22,Completed,Mobile
503978,100848,2026-06-26 23:59:45,Shipped,Mobile
503979,100027,2026-06-27 00:38:22,Completed,Mobile
503980,100377,2026-06-27 01:37:41,Completed,Web
503981,100817,2026-06-27 03:22:38,Completed,Web
503982,100440,2026-06-27 06:32:27,Completed,Web
503983,100210,2026-06-27 15:34:07,Completed,Web
503984,100466,2026-06-28 00:55:08,Completed,Mobile
503985,100129,2026-06-28 03:39:44,Completed,Web
503986,100131,2026-06-28 09:35:57,Completed,Web
503987,100321,2026-06-28 12:37:46,Completed,Web
503988,100649,2026-06-28 17:10:51,Shipped,Web
503989,100381,2026-06-28 17:34:03,Processing,Mobile
503990,100364,2026-06-28 17:39:01,Completed,Mobile
503991,100493,2026-06-28 20:50:50,Completed,Web
503992,100758,2026-06-28 21:01:48,Completed,Mobile
503993,100168,2026-06-29 00:07:36,Completed,Mobile
503994,100060,2026-06-29 00:58:14,Completed,Web
503995,100691,2026-06-29 03:04:22,Processing,Mobile
503996,100453,2026-06-29 04:10:55,Completed,Web
503997,100915,2026-06-29 05:46:12,Completed,Mobile
503998,100015,2026-06-29 06:07:06,Processing,Web
503999,100772,2026-06-29 15:15:05,Completed,Web
504000,100284,2026-06-29 20:03:12,Completed,Web
