shipment_id,order_id,warehouse_id,carrier,shipped_timestamp,delivered_timestamp
700001,500001,2,USPS,2025-01-03 15:54:20,2025-01-06 16:54:20
700002,500002,3,USPS,2025-01-01 23:33:52,2025-01-04 19:33:52
700003,500003,1,USPS,2025-01-01 17:11:42,2025-01-04 08:11:42
700004,500005,3,UPS,2025-01-03 20:16:38,2025-01-08 17:16:38
700005,500006,2,UPS,2025-01-04 13:47:31,2025-01-05 12:47:31
700006,500007,4,FedEx,2025-01-04 02:54:45,2025-01-06 22:54:45
700007,500008,2,USPS,2025-01-04 16:53:02,2025-01-08 16:53:02
700008,500009,1,USPS,2025-01-04 13:37:28,2025-01-07 17:37:28
700009,500010,5,UPS,2025-01-04 02:07:44,2025-01-07 14:07:44
700010,500011,5,USPS,2025-01-02 16:06:12,2025-01-04 23:06:12
700011,500012,2,FedEx,2025-01-03 13:54:37,2025-01-04 12:54:37
700012,500013,5,UPS,2025-01-03 09:22:06,2025-01-05 08:22:06
700013,500014,1,UPS,2025-01-04 11:59:26,2025-01-06 18:59:26
700014,500015,3,FedEx,2025-01-03 07:53:41,2025-01-07 15:53:41
700015,500016,1,UPS,2025-01-04 09:04:13,2025-01-05 10:04:13
700016,500017,5,UPS,2025-01-05 12:35:23,2025-01-06 11:35:23
700017,500018,4,FedEx,2025-01-04 11:44:52,2025-01-05 05:44:52
700018,500019,3,FedEx,2025-01-06 01:14:08,2025-01-10 08:14:08
700019,500020,5,FedEx,2025-01-06 04:42:26,2025-01-08 06:42:26
700020,500022,2,UPS,2025-01-05 07:12:11,2025-01-08 19:12:11
700021,500024,1,USPS,2025-01-05 11:43:07,2025-01-07 03:43:07
700022,500025,2,USPS,2025-01-05 01:12:14,2025-01-06 20:12:14
700023,500026,5,UPS,2025-01-06 16:48:39,2025-01-08 10:48:39
700024,500027,4,FedEx,2025-01-06 16:00:41,2025-01-08 19:00:41
700025,500029,5,UPS,2025-01-07 04:58:45,2025-01-11 12:58:45
700026,500030,3,USPS,2025-01-05 17:03:36,2025-01-10 13:03:36
700027,500031,1,USPS,2025-01-05 07:51:21,2025-01-09 18:51:21
700028,500032,1,FedEx,2025-01-07 03:58:57,2025-01-10 01:58:57
700029,500033,2,FedEx,2025-01-06 10:25:53,2025-01-11 01:25:53
700030,500034,4,UPS,2025-01-06 14:23:14,2025-01-07 18:23:14
700031,500035,2,USPS,2025-01-08 05:25:16,2025-01-10 01:25:16
700032,500036,2,USPS,2025-01-07 14:50:49,2025-01-10 21:50:49
700033,500039,4,FedEx,2025-01-06 23:28:16,2025-01-10 19:28:16
700034,500040,5,UPS,2025-01-08 15:32:19,2025-01-09 16:32:19
700035,500041,1,FedEx,2025-01-07 15:15:05,2025-01-09 06:15:05
700036,500042,3,UPS,2025-01-08 04:22:39,2025-01-10 23:22:39
700037,500043,1,UPS,2025-01-07 00:13:17,2025-01-09 01:13:17
700038,500044,4,FedEx,2025-01-06 23:17:56,2025-01-09 19:17:56
700039,500045,5,UPS,2025-01-07 11:10:05,2025-01-11 05:10:05
700040,500046,1,USPS,2025-01-08 04:16:18,2025-01-11 10:16:18
700041,500047,4,USPS,2025-01-10 17:03:40,2025-01-11 12:03:40
700042,500048,1,USPS,2025-01-10 11:11:40,2025-01-14 18:11:40
700043,500049,3,USPS,2025-01-08 21:59:34,2025-01-10 03:59:34
700044,500051,5,USPS,2025-01-11 01:10:36,2025-01-12 01:10:36
700045,500052,5,UPS,2025-01-12 01:08:49,2025-01-16 14:08:49
700046,500053,5,UPS,2025-01-10 23:09:43,2025-01-15 22:09:43
700047,500054,4,FedEx,2025-01-10 12:32:15,2025-01-13 00:32:15
700048,500055,3,UPS,2025-01-10 02:45:58,2025-01-11 04:45:58
700049,500057,1,USPS,2025-01-10 09:26:27,2025-01-14 12:26:27
700050,500058,3,FedEx,2025-01-10 00:52:04,2025-01-13 05:52:04
700051,500059,2,UPS,2025-01-10 05:24:16,2025-01-12 08:24:16
700052,500060,2,USPS,2025-01-11 18:36:34,2025-01-15 11:36:34
700053,500061,4,USPS,2025-01-12 14:28:42,2025-01-17 12:28:42
700054,500062,5,USPS,2025-01-10 22:03:45,2025-01-12 08:03:45
700055,500063,1,FedEx,2025-01-12 00:04:21,2025-01-12 22:04:21
700056,500064,1,USPS,2025-01-12 21:35:33,2025-01-16 02:35:33
700057,500065,1,USPS,2025-01-11 03:54:15,2025-01-11 16:54:15
700058,500066,3,FedEx,2025-01-12 18:32:20,2025-01-13 20:32:20
700059,500067,1,UPS,2025-01-11 00:40:19,2025-01-14 08:40:19
700060,500068,2,UPS,2025-01-12 18:01:09,2025-01-14 05:01:09
700061,500069,3,FedEx,2025-01-13 18:58:39,2025-01-18 11:58:39
700062,500070,2,UPS,2025-01-13 07:22:32,2025-01-16 22:22:32
700063,500071,4,FedEx,2025-01-12 14:03:12,2025-01-15 15:03:12
700064,500072,3,FedEx,2025-01-12 04:46:42,2025-01-12 21:46:42
700065,500073,5,USPS,2025-01-13 23:51:13,2025-01-16 16:51:13
700066,500074,4,FedEx,2025-01-13 06:30:09,2025-01-14 18:30:09
700067,500075,1,UPS,2025-01-14 19:42:16,2025-01-17 20:42:16
700068,500076,4,UPS,2025-01-13 05:49:00,2025-01-14 02:49:00
700069,500077,3,FedEx,2025-01-13 11:45:13,2025-01-16 00:45:13
700070,500078,2,FedEx,2025-01-13 06:58:47,2025-01-16 20:58:47
700071,500079,3,USPS,2025-01-14 11:13:14,2025-01-15 07:13:14
700072,500081,2,FedEx,2025-01-14 18:44:38,2025-01-17 16:44:38
700073,500082,4,FedEx,2025-01-15 02:46:27,2025-01-18 01:46:27
700074,500084,3,USPS,2025-01-13 18:40:12,2025-01-15 14:40:12
700075,500085,2,UPS,2025-01-15 20:51:25,2025-01-18 21:51:25
700076,500086,1,USPS,2025-01-14 14:12:42,2025-01-16 02:12:42
700077,500087,1,UPS,2025-01-14 18:10:37,2025-01-17 18:10:37
700078,500088,1,FedEx,2025-01-15 14:27:49,2025-01-20 02:27:49
700079,500089,1,FedEx,2025-01-16 08:49:49,2025-01-17 22:49:49
700080,500091,4,UPS,2025-01-17 03:23:20,2025-01-18 00:23:20
700081,500092,4,UPS,2025-01-17 07:16:52,2025-01-20 04:16:52
700082,500093,2,FedEx,2025-01-15 03:54:21,2025-01-15 17:54:21
700083,500094,3,UPS,2025-01-15 20:19:13,2025-01-16 08:19:13
700084,500095,5,USPS,2025-01-15 23:24:38,2025-01-20 19:24:38
700085,500096,1,UPS,2025-01-16 08:28:00,2025-01-17 13:28:00
700086,500097,3,FedEx,2025-01-16 07:05:40,2025-01-20 03:05:40
700087,500098,3,USPS,2025-01-17 22:58:36,2025-01-22 18:58:36
700088,500099,2,USPS,2025-01-17 09:13:03,2025-01-20 15:13:03
700089,500100,4,UPS,2025-01-16 23:32:17,2025-01-18 15:32:17
700090,500101,4,FedEx,2025-01-17 19:41:52,2025-01-20 09:41:52
700091,500102,2,USPS,2025-01-15 18:51:39,2025-01-18 05:51:39
700092,500103,2,UPS,2025-01-18 03:01:56,2025-01-21 16:01:56
700093,500104,4,UPS,2025-01-16 05:00:07,2025-01-18 20:00:07
700094,500105,4,UPS,2025-01-18 00:01:05,2025-01-20 22:01:05
700095,500107,5,FedEx,2025-01-16 09:44:23,2025-01-18 19:44:23
700096,500108,2,UPS,2025-01-18 01:17:34,2025-01-22 07:17:34
700097,500109,3,USPS,2025-01-18 15:29:34,2025-01-21 19:29:34
700098,500110,3,FedEx,2025-01-18 20:56:21,2025-01-22 07:56:21
700099,500111,5,USPS,2025-01-17 15:38:52,2025-01-19 17:38:52
700100,500112,5,UPS,2025-01-18 00:42:43,2025-01-22 20:42:43
700101,500115,3,FedEx,2025-01-19 02:48:41,2025-01-19 22:48:41
700102,500116,2,USPS,2025-01-18 00:07:14,2025-01-22 09:07:14
700103,500117,4,UPS,2025-01-19 14:09:51,2025-01-20 21:09:51
700104,500118,4,FedEx,2025-01-20 02:56:14,2025-01-20 20:56:14
700105,500119,1,FedEx,2025-01-19 15:02:16,2025-01-23 07:02:16
700106,500120,1,USPS,2025-01-18 13:38:08,2025-01-20 22:38:08
700107,500121,3,USPS,2025-01-20 14:56:49,2025-01-23 19:56:49
700108,500123,3,UPS,2025-01-18 12:33:23,2025-01-20 06:33:23
700109,500124,3,USPS,2025-01-19 10:18:43,2025-01-21 00:18:43
700110,500125,2,UPS,2025-01-20 03:29:26,2025-01-20 22:29:26
700111,500126,3,UPS,2025-01-20 06:00:32,2025-01-21 23:00:32
700112,500127,4,UPS,2025-01-21 17:14:29,2025-01-23 14:14:29
700113,500128,4,USPS,2025-01-20 03:56:08,2025-01-23 05:56:08
700114,500129,1,UPS,2025-01-21 18:32:39,2025-01-24 04:32:39
700115,500130,4,FedEx,2025-01-21 07:42:26,2025-01-24 13:42:26
700116,500131,5,UPS,2025-01-22 10:03:44,2025-01-24 05:03:44
700117,500132,4,USPS,2025-01-21 03:00:26,2025-01-25 02:00:26
700118,500133,3,FedEx,2025-01-22 15:17:47,2025-01-26 02:17:47
700119,500134,5,FedEx,2025-01-21 02:39:41,2025-01-22 16:39:41
700120,500135,5,FedEx,2025-01-22 07:05:35,2025-01-24 21:05:35
700121,500136,1,USPS,2025-01-23 22:19:42,2025-01-26 05:19:42
700122,500137,4,FedEx,2025-01-22 16:16:29,2025-01-26 18:16:29
700123,500138,2,USPS,2025-01-22 15:50:16,2025-01-24 19:50:16
700124,500140,1,FedEx,2025-01-23 09:22:01,2025-01-27 03:22:01
700125,500141,3,FedEx,2025-01-23 21:29:21,2025-01-25 16:29:21
700126,500143,2,FedEx,2025-01-22 15:25:35,2025-01-25 18:25:35
700127,500144,3,UPS,2025-01-23 11:26:26,2025-01-24 17:26:26
700128,500145,3,USPS,2025-01-22 20:27:18,2025-01-27 16:27:18
700129,500147,3,FedEx,2025-01-24 07:55:13,2025-01-25 14:55:13
700130,500149,2,USPS,2025-01-24 07:55:43,2025-01-26 22:55:43
700131,500150,5,FedEx,2025-01-23 16:06:12,2025-01-27 12:06:12
700132,500151,2,UPS,2025-01-24 20:32:24,2025-01-28 09:32:24
700133,500152,4,FedEx,2025-01-25 10:49:49,2025-01-27 06:49:49
700134,500153,3,UPS,2025-01-24 11:12:30,2025-01-27 03:12:30
700135,500154,3,FedEx,2025-01-25 14:47:03,2025-01-30 08:47:03
700136,500155,3,FedEx,2025-01-23 13:04:22,2025-01-25 07:04:22
700137,500156,2,UPS,2025-01-23 15:39:22,2025-01-27 01:39:22
700138,500157,5,FedEx,2025-01-23 17:30:17,2025-01-25 16:30:17
700139,500158,4,USPS,2025-01-24 04:26:48,2025-01-28 01:26:48
700140,500159,3,FedEx,2025-01-25 08:46:14,2025-01-26 05:46:14
700141,500161,1,FedEx,2025-01-25 03:48:34,2025-01-26 07:48:34
700142,500162,5,FedEx,2025-01-25 12:45:48,2025-01-27 20:45:48
700143,500163,3,USPS,2025-01-25 03:20:40,2025-01-27 05:20:40
700144,500164,5,UPS,2025-01-25 08:36:58,2025-01-30 01:36:58
700145,500165,2,UPS,2025-01-24 20:47:02,2025-01-26 11:47:02
700146,500168,1,USPS,2025-01-27 03:08:28,2025-01-30 23:08:28
700147,500169,4,USPS,2025-01-25 17:41:03,2025-01-29 12:41:03
700148,500170,3,FedEx,2025-01-25 00:59:27,2025-01-28 14:59:27
700149,500172,5,FedEx,2025-01-26 16:56:49,2025-01-31 07:56:49
700150,500173,4,USPS,2025-01-25 23:34:06,2025-01-30 02:34:06
700151,500174,5,USPS,2025-01-25 13:47:55,2025-01-26 18:47:55
700152,500177,3,USPS,2025-01-25 21:12:44,2025-01-27 13:12:44
700153,500178,2,FedEx,2025-01-27 11:28:36,2025-01-30 14:28:36
700154,500179,5,UPS,2025-01-25 20:47:31,2025-01-28 23:47:31
700155,500181,5,UPS,2025-01-27 13:49:22,2025-01-30 13:49:22
700156,500182,3,USPS,2025-01-25 18:04:17,2025-01-30 11:04:17
700157,500183,5,FedEx,2025-01-26 17:16:59,2025-01-31 15:16:59
700158,500184,3,UPS,2025-01-28 04:12:51,2025-02-01 13:12:51
700159,500185,2,USPS,2025-01-28 05:30:54,2025-01-29 20:30:54
700160,500186,2,FedEx,2025-01-28 13:54:02,2025-01-29 07:54:02
700161,500187,5,FedEx,2025-01-27 04:54:48,2025-01-31 13:54:48
700162,500188,5,UPS,2025-01-27 07:39:43,2025-01-29 20:39:43
700163,500189,3,USPS,2025-01-29 01:58:21,2025-01-30 05:58:21
700164,500190,3,USPS,2025-01-28 20:00:53,2025-02-01 22:00:53
700165,500191,4,UPS,2025-01-29 09:06:44,2025-01-31 23:06:44
700166,500192,1,UPS,2025-01-28 01:15:24,2025-01-28 22:15:24
700167,500193,4,UPS,2025-01-30 17:00:22,2025-02-04 13:00:22
700168,500194,4,FedEx,2025-01-28 22:39:19,2025-01-29 14:39:19
700169,500195,4,FedEx,2025-01-30 06:31:36,2025-02-01 07:31:36
700170,500196,3,UPS,2025-01-30 22:17:43,2025-01-31 12:17:43
700171,500197,3,UPS,2025-01-28 21:24:11,2025-01-30 15:24:11
700172,500198,1,USPS,2025-01-29 09:24:54,2025-01-31 14:24:54
700173,500200,3,UPS,2025-01-29 09:53:02,2025-01-31 15:53:02
700174,500202,5,UPS,2025-01-30 11:40:15,2025-02-04 07:40:15
700175,500203,3,FedEx,2025-01-30 00:54:55,2025-01-31 02:54:55
700176,500204,3,USPS,2025-01-29 05:14:09,2025-02-02 05:14:09
700177,500205,2,FedEx,2025-01-29 00:14:25,2025-02-02 08:14:25
700178,500206,1,FedEx,2025-01-31 21:00:54,2025-02-05 18:00:54
700179,500207,2,FedEx,2025-01-31 20:07:25,2025-02-02 18:07:25
700180,500208,5,FedEx,2025-01-31 05:57:52,2025-02-01 18:57:52
700181,500209,4,USPS,2025-01-30 06:14:44,2025-01-31 03:14:44
700182,500210,4,UPS,2025-02-01 00:41:39,2025-02-04 04:41:39
700183,500211,5,UPS,2025-02-01 00:41:43,2025-02-05 14:41:43
700184,500213,3,FedEx,2025-01-31 10:42:06,2025-02-03 00:42:06
700185,500214,5,USPS,2025-02-01 07:23:32,2025-02-05 13:23:32
700186,500215,5,FedEx,2025-01-31 16:43:17,2025-02-04 15:43:17
700187,500216,3,FedEx,2025-01-30 15:26:56,2025-02-03 06:26:56
700188,500217,2,UPS,2025-01-30 17:07:58,2025-02-01 09:07:58
700189,500218,1,USPS,2025-02-01 12:23:12,2025-02-02 11:23:12
700190,500219,5,FedEx,2025-01-31 08:19:06,2025-02-03 06:19:06
700191,500220,2,FedEx,2025-02-02 07:17:18,2025-02-03 11:17:18
700192,500221,2,UPS,2025-01-30 22:33:09,2025-01-31 17:33:09
700193,500222,3,FedEx,2025-01-31 01:26:43,2025-02-04 07:26:43
700194,500224,5,FedEx,2025-02-02 07:25:23,2025-02-03 05:25:23
700195,500225,3,UPS,2025-02-02 03:57:13,2025-02-05 06:57:13
700196,500226,1,USPS,2025-02-03 05:42:58,2025-02-07 07:42:58
700197,500227,3,UPS,2025-02-01 08:20:23,2025-02-04 05:20:23
700198,500228,1,UPS,2025-02-02 16:14:12,2025-02-05 18:14:12
700199,500229,2,UPS,2025-02-03 03:51:00,2025-02-04 11:51:00
700200,500230,2,FedEx,2025-02-03 20:29:21,2025-02-05 13:29:21
700201,500231,2,FedEx,2025-02-02 09:44:53,2025-02-05 08:44:53
700202,500232,3,UPS,2025-02-02 09:54:38,2025-02-06 10:54:38
700203,500233,5,UPS,2025-02-02 18:19:31,2025-02-03 12:19:31
700204,500234,2,FedEx,2025-02-04 15:26:05,2025-02-07 22:26:05
700205,500235,2,FedEx,2025-02-02 03:20:19,2025-02-04 18:20:19
700206,500236,3,USPS,2025-02-04 19:08:36,2025-02-06 13:08:36
700207,500237,2,UPS,2025-02-02 19:07:03,2025-02-06 02:07:03
700208,500238,4,FedEx,2025-02-03 09:22:29,2025-02-06 15:22:29
700209,500239,1,UPS,2025-02-02 22:47:38,2025-02-07 14:47:38
700210,500240,5,UPS,2025-02-04 00:41:38,2025-02-04 18:41:38
700211,500241,2,FedEx,2025-02-03 17:22:36,2025-02-06 20:22:36
700212,500242,3,FedEx,2025-02-04 22:47:26,2025-02-06 06:47:26
700213,500243,2,FedEx,2025-02-05 00:27:06,2025-02-06 02:27:06
700214,500244,3,UPS,2025-02-03 11:28:06,2025-02-07 08:28:06
700215,500245,1,UPS,2025-02-05 15:32:58,2025-02-07 07:32:58
700216,500246,2,UPS,2025-02-05 05:39:53,2025-02-07 23:39:53
700217,500248,2,FedEx,2025-02-05 05:14:54,2025-02-08 07:14:54
700218,500249,4,USPS,2025-02-05 06:27:29,2025-02-07 05:27:29
700219,500250,2,FedEx,2025-02-05 01:58:54,2025-02-09 09:58:54
700220,500251,1,UPS,2025-02-04 23:02:15,2025-02-05 15:02:15
700221,500252,3,USPS,2025-02-06 09:04:54,2025-02-09 22:04:54
700222,500254,1,USPS,2025-02-07 04:03:19,2025-02-07 17:03:19
700223,500256,3,USPS,2025-02-05 04:26:19,2025-02-09 23:26:19
700224,500257,1,FedEx,2025-02-07 08:50:46,2025-02-09 19:50:46
700225,500258,3,UPS,2025-02-05 03:44:33,2025-02-08 10:44:33
700226,500259,5,UPS,2025-02-07 22:10:32,2025-02-09 13:10:32
700227,500260,1,UPS,2025-02-05 09:22:11,2025-02-07 12:22:11
700228,500261,3,FedEx,2025-02-07 00:08:34,2025-02-07 23:08:34
700229,500262,2,USPS,2025-02-07 07:13:46,2025-02-11 00:13:46
700230,500263,4,UPS,2025-02-07 19:20:54,2025-02-11 03:20:54
700231,500264,4,UPS,2025-02-08 02:14:52,2025-02-11 16:14:52
700232,500265,4,FedEx,2025-02-08 09:59:49,2025-02-09 05:59:49
700233,500266,2,UPS,2025-02-08 21:35:08,2025-02-13 05:35:08
700234,500268,2,USPS,2025-02-07 23:44:05,2025-02-10 11:44:05
700235,500269,1,FedEx,2025-02-06 10:34:27,2025-02-10 10:34:27
700236,500270,5,UPS,2025-02-07 00:08:38,2025-02-11 20:08:38
700237,500272,5,UPS,2025-02-08 04:31:00,2025-02-09 23:31:00
700238,500273,5,UPS,2025-02-09 12:59:41,2025-02-11 01:59:41
700239,500274,3,FedEx,2025-02-09 19:29:18,2025-02-11 13:29:18
700240,500275,2,USPS,2025-02-07 11:07:46,2025-02-10 18:07:46
700241,500276,4,UPS,2025-02-08 01:09:14,2025-02-10 17:09:14
700242,500279,4,USPS,2025-02-09 05:22:15,2025-02-10 12:22:15
700243,500280,5,USPS,2025-02-10 09:00:08,2025-02-12 14:00:08
700244,500281,4,USPS,2025-02-09 11:53:52,2025-02-10 14:53:52
700245,500282,4,USPS,2025-02-10 14:53:55,2025-02-12 21:53:55
700246,500283,4,FedEx,2025-02-08 21:56:10,2025-02-10 17:56:10
700247,500284,2,USPS,2025-02-09 00:40:42,2025-02-13 23:40:42
700248,500285,5,UPS,2025-02-08 22:58:07,2025-02-10 02:58:07
700249,500286,4,UPS,2025-02-11 01:49:39,2025-02-13 09:49:39
700250,500287,5,UPS,2025-02-09 18:32:21,2025-02-13 23:32:21
700251,500288,2,FedEx,2025-02-09 09:38:04,2025-02-12 11:38:04
700252,500289,4,FedEx,2025-02-11 06:56:41,2025-02-13 13:56:41
700253,500290,1,UPS,2025-02-10 04:48:15,2025-02-11 00:48:15
700254,500291,4,USPS,2025-02-09 13:03:15,2025-02-13 18:03:15
700255,500292,3,FedEx,2025-02-11 16:18:36,2025-02-13 05:18:36
700256,500293,3,FedEx,2025-02-10 05:02:51,2025-02-11 18:02:51
700257,500294,1,FedEx,2025-02-12 03:03:48,2025-02-14 05:03:48
700258,500295,2,USPS,2025-02-11 16:49:19,2025-02-12 19:49:19
700259,500296,5,UPS,2025-02-12 04:48:16,2025-02-13 17:48:16
700260,500297,5,UPS,2025-02-12 14:17:47,2025-02-15 05:17:47
700261,500298,4,FedEx,2025-02-10 23:16:43,2025-02-11 19:16:43
700262,500299,1,UPS,2025-02-13 00:19:35,2025-02-15 10:19:35
700263,500300,1,FedEx,2025-02-13 05:24:08,2025-02-17 13:24:08
700264,500302,5,UPS,2025-02-11 18:15:13,2025-02-12 19:15:13
700265,500303,3,FedEx,2025-02-11 23:05:42,2025-02-14 01:05:42
700266,500304,4,USPS,2025-02-13 08:17:03,2025-02-17 02:17:03
700267,500305,3,USPS,2025-02-13 03:23:47,2025-02-16 13:23:47
700268,500306,4,UPS,2025-02-13 09:43:53,2025-02-14 12:43:53
700269,500307,1,FedEx,2025-02-13 16:14:48,2025-02-15 00:14:48
700270,500308,4,FedEx,2025-02-14 16:12:21,2025-02-15 08:12:21
700271,500309,3,USPS,2025-02-13 09:29:08,2025-02-18 07:29:08
700272,500310,5,UPS,2025-02-15 15:09:59,2025-02-19 17:09:59
700273,500311,1,UPS,2025-02-14 20:44:08,2025-02-16 17:44:08
700274,500312,4,FedEx,2025-02-13 13:57:56,2025-02-14 23:57:56
700275,500313,5,UPS,2025-02-14 19:04:01,2025-02-19 04:04:01
700276,500314,1,UPS,2025-02-15 22:42:02,2025-02-19 11:42:02
700277,500317,5,FedEx,2025-02-14 18:03:32,2025-02-18 20:03:32
700278,500318,5,USPS,2025-02-14 10:49:49,2025-02-19 07:49:49
700279,500319,3,USPS,2025-02-16 03:24:46,2025-02-18 22:24:46
700280,500320,1,FedEx,2025-02-14 20:27:35,2025-02-17 00:27:35
700281,500321,4,FedEx,2025-02-16 15:17:54,2025-02-20 13:17:54
700282,500322,3,UPS,2025-02-15 17:48:47,2025-02-16 20:48:47
700283,500323,4,FedEx,2025-02-16 09:38:26,2025-02-16 22:38:26
700284,500324,4,USPS,2025-02-17 03:58:12,2025-02-18 23:58:12
700285,500325,5,UPS,2025-02-16 20:23:02,2025-02-18 06:23:02
700286,500326,1,UPS,2025-02-16 01:16:23,2025-02-19 17:16:23
700287,500327,5,UPS,2025-02-16 16:42:58,2025-02-18 11:42:58
700288,500329,2,UPS,2025-02-17 18:38:07,2025-02-19 20:38:07
700289,500330,4,FedEx,2025-02-17 19:12:13,2025-02-19 09:12:13
700290,500331,1,UPS,2025-02-16 19:26:36,2025-02-17 19:26:36
700291,500333,2,USPS,2025-02-17 22:52:55,2025-02-21 07:52:55
700292,500334,2,FedEx,2025-02-17 13:55:58,2025-02-20 11:55:58
700293,500336,1,FedEx,2025-02-16 07:22:31,2025-02-18 19:22:31
700294,500337,5,UPS,2025-02-18 03:32:19,2025-02-19 18:32:19
700295,500338,1,USPS,2025-02-18 13:59:55,2025-02-22 19:59:55
700296,500339,3,UPS,2025-02-17 03:11:51,2025-02-17 23:11:51
700297,500341,4,UPS,2025-02-18 20:12:37,2025-02-22 23:12:37
700298,500342,2,USPS,2025-02-18 00:54:54,2025-02-22 22:54:54
700299,500343,5,UPS,2025-02-18 19:34:27,2025-02-20 17:34:27
700300,500344,2,FedEx,2025-02-18 20:09:16,2025-02-20 05:09:16
700301,500345,2,FedEx,2025-02-18 01:49:06,2025-02-18 14:49:06
700302,500346,2,UPS,2025-02-18 00:26:09,2025-02-21 21:26:09
700303,500347,3,UPS,2025-02-19 07:28:50,2025-02-21 06:28:50
700304,500348,3,UPS,2025-02-18 08:05:55,2025-02-21 13:05:55
700305,500349,4,USPS,2025-02-18 03:19:22,2025-02-20 02:19:22
700306,500350,3,USPS,2025-02-18 10:57:38,2025-02-19 00:57:38
700307,500352,2,USPS,2025-02-18 14:50:17,2025-02-22 10:50:17
700308,500353,3,UPS,2025-02-20 11:13:07,2025-02-21 13:13:07
700309,500354,1,USPS,2025-02-20 18:35:08,2025-02-23 06:35:08
700310,500355,1,FedEx,2025-02-20 20:55:52,2025-02-22 19:55:52
700311,500356,3,FedEx,2025-02-19 17:54:03,2025-02-20 06:54:03
700312,500357,4,USPS,2025-02-21 01:21:34,2025-02-25 12:21:34
700313,500358,3,UPS,2025-02-21 08:03:33,2025-02-21 22:03:33
700314,500359,4,FedEx,2025-02-21 18:57:55,2025-02-24 01:57:55
700315,500360,1,UPS,2025-02-20 12:15:02,2025-02-22 05:15:02
700316,500361,2,FedEx,2025-02-20 11:00:28,2025-02-22 01:00:28
700317,500362,5,USPS,2025-02-20 04:20:13,2025-02-24 20:20:13
700318,500363,5,UPS,2025-02-20 20:10:59,2025-02-21 20:10:59
700319,500364,4,UPS,2025-02-22 05:39:18,2025-02-25 22:39:18
700320,500366,1,USPS,2025-02-22 21:18:27,2025-02-25 07:18:27
700321,500367,4,FedEx,2025-02-22 04:06:48,2025-02-26 22:06:48
700322,500368,2,USPS,2025-02-24 04:29:35,2025-02-27 00:29:35
700323,500369,3,FedEx,2025-02-21 23:14:47,2025-02-26 01:14:47
700324,500371,2,USPS,2025-02-23 13:37:22,2025-02-26 11:37:22
700325,500372,3,USPS,2025-02-24 15:57:57,2025-02-25 06:57:57
700326,500373,3,FedEx,2025-02-22 12:30:17,2025-02-24 14:30:17
700327,500374,3,USPS,2025-02-23 18:30:33,2025-02-27 16:30:33
700328,500375,1,UPS,2025-02-24 12:41:21,2025-02-25 17:41:21
700329,500376,4,FedEx,2025-02-22 15:53:12,2025-02-23 03:53:12
700330,500377,3,UPS,2025-02-23 04:33:39,2025-02-25 20:33:39
700331,500378,4,FedEx,2025-02-23 16:26:07,2025-02-26 10:26:07
700332,500379,4,USPS,2025-02-22 19:15:14,2025-02-24 18:15:14
700333,500380,1,UPS,2025-02-24 17:34:29,2025-02-27 02:34:29
700334,500381,3,USPS,2025-02-25 00:53:26,2025-02-27 22:53:26
700335,500382,3,USPS,2025-02-25 08:30:58,2025-03-01 19:30:58
700336,500383,3,FedEx,2025-02-25 13:33:59,2025-02-28 06:33:59
700337,500384,3,UPS,2025-02-23 20:10:06,2025-02-27 18:10:06
700338,500385,4,FedEx,2025-02-25 16:32:57,2025-02-27 15:32:57
700339,500386,5,UPS,2025-02-24 00:07:51,2025-02-25 20:07:51
700340,500387,4,UPS,2025-02-24 16:12:17,2025-03-01 07:12:17
700341,500388,5,UPS,2025-02-26 17:53:55,2025-02-27 09:53:55
700342,500389,3,USPS,2025-02-26 08:34:43,2025-02-28 05:34:43
700343,500390,4,FedEx,2025-02-25 03:39:33,2025-03-01 18:39:33
700344,500391,4,UPS,2025-02-25 22:02:32,2025-02-26 22:02:32
700345,500392,3,FedEx,2025-02-26 22:32:56,2025-02-28 02:32:56
700346,500393,2,USPS,2025-02-26 19:38:26,2025-03-03 11:38:26
700347,500394,5,USPS,2025-02-25 15:04:15,2025-02-28 07:04:15
700348,500395,5,USPS,2025-02-27 15:17:13,2025-03-02 19:17:13
700349,500396,2,FedEx,2025-02-26 08:58:12,2025-03-01 00:58:12
700350,500397,1,USPS,2025-02-28 03:03:16,2025-03-02 02:03:16
700351,500398,4,FedEx,2025-02-26 10:17:33,2025-03-03 07:17:33
700352,500399,2,FedEx,2025-02-28 04:50:01,2025-03-04 00:50:01
700353,500400,4,UPS,2025-02-28 19:54:32,2025-03-02 05:54:32
700354,500401,5,FedEx,2025-02-28 13:02:49,2025-03-04 10:02:49
700355,500402,2,FedEx,2025-02-27 21:56:56,2025-03-01 18:56:56
700356,500403,5,UPS,2025-02-28 05:54:37,2025-03-02 03:54:37
700357,500405,1,USPS,2025-03-01 06:41:25,2025-03-04 20:41:25
700358,500406,5,FedEx,2025-03-02 01:02:55,2025-03-05 20:02:55
700359,500407,4,USPS,2025-03-01 03:10:52,2025-03-02 19:10:52
700360,500408,1,USPS,2025-03-01 08:19:24,2025-03-05 01:19:24
700361,500409,5,USPS,2025-03-02 11:58:59,2025-03-05 06:58:59
700362,500410,1,FedEx,2025-02-28 14:19:42,2025-03-01 07:19:42
700363,500411,1,FedEx,2025-03-02 10:17:37,2025-03-03 17:17:37
700364,500412,1,USPS,2025-02-28 23:01:59,2025-03-02 01:01:59
700365,500413,2,USPS,2025-03-02 07:09:11,2025-03-03 17:09:11
700366,500414,5,FedEx,2025-03-02 20:11:22,2025-03-03 18:11:22
700367,500415,4,USPS,2025-03-02 17:48:55,2025-03-05 16:48:55
700368,500416,5,UPS,2025-03-01 02:54:32,2025-03-02 05:54:32
700369,500417,1,USPS,2025-03-03 05:24:05,2025-03-04 21:24:05
700370,500418,5,UPS,2025-03-03 04:34:17,2025-03-08 03:34:17
700371,500419,2,USPS,2025-03-01 20:54:50,2025-03-05 20:54:50
700372,500420,3,USPS,2025-03-02 18:04:02,2025-03-05 14:04:02
700373,500423,4,USPS,2025-03-04 09:15:33,2025-03-05 03:15:33
700374,500424,4,FedEx,2025-03-04 09:22:53,2025-03-08 00:22:53
700375,500425,2,USPS,2025-03-03 04:42:42,2025-03-07 22:42:42
700376,500426,2,FedEx,2025-03-04 02:27:59,2025-03-05 02:27:59
700377,500427,3,UPS,2025-03-03 03:52:34,2025-03-03 20:52:34
700378,500431,5,UPS,2025-03-05 08:52:02,2025-03-07 17:52:02
700379,500432,4,FedEx,2025-03-03 02:49:32,2025-03-04 09:49:32
700380,500433,4,UPS,2025-03-05 07:07:20,2025-03-09 20:07:20
700381,500434,3,FedEx,2025-03-03 09:12:39,2025-03-05 16:12:39
700382,500435,5,FedEx,2025-03-04 10:59:45,2025-03-06 12:59:45
700383,500437,3,USPS,2025-03-04 14:31:55,2025-03-05 13:31:55
700384,500438,1,USPS,2025-03-04 01:42:23,2025-03-04 20:42:23
700385,500439,5,UPS,2025-03-06 00:35:05,2025-03-10 02:35:05
700386,500440,5,FedEx,2025-03-05 18:01:38,2025-03-08 09:01:38
700387,500441,3,USPS,2025-03-07 06:39:57,2025-03-07 23:39:57
700388,500442,3,USPS,2025-03-05 07:26:23,2025-03-09 09:26:23
700389,500443,3,UPS,2025-03-05 07:52:00,2025-03-07 14:52:00
700390,500444,1,UPS,2025-03-07 11:15:41,2025-03-12 08:15:41
700391,500445,4,FedEx,2025-03-05 16:52:41,2025-03-08 04:52:41
700392,500446,5,USPS,2025-03-07 08:04:42,2025-03-11 10:04:42
700393,500447,4,UPS,2025-03-05 21:29:09,2025-03-09 22:29:09
700394,500448,1,FedEx,2025-03-06 02:37:31,2025-03-07 22:37:31
700395,500449,1,USPS,2025-03-06 10:29:48,2025-03-09 07:29:48
700396,500450,1,FedEx,2025-03-05 04:55:45,2025-03-06 04:55:45
700397,500452,4,UPS,2025-03-08 06:54:15,2025-03-10 16:54:15
700398,500453,1,USPS,2025-03-07 12:53:11,2025-03-10 09:53:11
700399,500454,3,FedEx,2025-03-06 09:11:06,2025-03-08 13:11:06
700400,500455,4,FedEx,2025-03-06 21:16:01,2025-03-09 14:16:01
700401,500456,5,FedEx,2025-03-07 08:24:58,2025-03-11 02:24:58
700402,500457,5,FedEx,2025-03-09 07:13:31,2025-03-13 14:13:31
700403,500458,1,FedEx,2025-03-07 14:55:40,2025-03-12 01:55:40
700404,500459,1,USPS,2025-03-07 16:56:49,2025-03-09 15:56:49
700405,500460,4,UPS,2025-03-08 04:20:35,2025-03-10 00:20:35
700406,500461,4,FedEx,2025-03-09 03:02:31,2025-03-11 03:02:31
700407,500462,2,USPS,2025-03-08 02:08:34,2025-03-11 09:08:34
700408,500464,1,UPS,2025-03-07 20:16:34,2025-03-09 22:16:34
700409,500465,4,UPS,2025-03-09 18:00:49,2025-03-10 19:00:49
700410,500466,1,USPS,2025-03-10 05:11:18,2025-03-13 00:11:18
700411,500467,3,USPS,2025-03-08 20:01:59,2025-03-09 09:01:59
700412,500468,4,FedEx,2025-03-09 23:59:13,2025-03-13 03:59:13
700413,500469,2,USPS,2025-03-08 21:19:36,2025-03-10 22:19:36
700414,500470,3,FedEx,2025-03-09 08:18:40,2025-03-09 22:18:40
700415,500471,3,UPS,2025-03-11 03:39:03,2025-03-15 10:39:03
700416,500472,5,FedEx,2025-03-10 06:14:58,2025-03-11 08:14:58
700417,500473,3,UPS,2025-03-10 02:50:59,2025-03-12 08:50:59
700418,500474,1,UPS,2025-03-12 14:01:18,2025-03-15 10:01:18
700419,500475,2,UPS,2025-03-12 04:11:01,2025-03-12 18:11:01
700420,500476,3,UPS,2025-03-11 02:31:10,2025-03-14 20:31:10
700421,500477,2,USPS,2025-03-12 07:40:04,2025-03-16 23:40:04
700422,500478,1,FedEx,2025-03-11 14:18:04,2025-03-12 17:18:04
700423,500479,3,UPS,2025-03-11 14:22:03,2025-03-14 23:22:03
700424,500480,2,UPS,2025-03-13 12:27:57,2025-03-14 20:27:57
700425,500481,3,USPS,2025-03-11 02:48:36,2025-03-13 17:48:36
700426,500482,3,UPS,2025-03-13 11:51:06,2025-03-15 17:51:06
700427,500483,5,UPS,2025-03-12 13:57:02,2025-03-17 03:57:02
700428,500484,2,USPS,2025-03-12 09:16:45,2025-03-13 20:16:45
700429,500485,5,USPS,2025-03-14 00:31:17,2025-03-14 12:31:17
700430,500487,5,UPS,2025-03-11 12:58:07,2025-03-12 22:58:07
700431,500488,1,UPS,2025-03-11 15:16:17,2025-03-15 23:16:17
700432,500489,2,FedEx,2025-03-13 07:36:55,2025-03-16 01:36:55
700433,500490,5,FedEx,2025-03-12 00:50:48,2025-03-14 02:50:48
700434,500491,5,UPS,2025-03-13 20:57:06,2025-03-16 08:57:06
700435,500492,2,UPS,2025-03-12 00:10:25,2025-03-14 03:10:25
700436,500493,1,UPS,2025-03-14 13:16:04,2025-03-17 11:16:04
700437,500494,4,USPS,2025-03-13 16:52:28,2025-03-17 13:52:28
700438,500495,5,UPS,2025-03-13 02:23:33,2025-03-14 04:23:33
700439,500496,2,UPS,2025-03-13 05:23:57,2025-03-15 18:23:57
700440,500497,2,UPS,2025-03-14 04:43:38,2025-03-18 19:43:38
700441,500498,1,USPS,2025-03-13 18:08:43,2025-03-17 04:08:43
700442,500499,5,FedEx,2025-03-15 05:13:20,2025-03-17 01:13:20
700443,500501,3,UPS,2025-03-13 03:46:35,2025-03-16 10:46:35
700444,500503,1,UPS,2025-03-13 13:44:30,2025-03-14 12:44:30
700445,500505,4,UPS,2025-03-14 14:58:27,2025-03-18 11:58:27
700446,500506,2,FedEx,2025-03-15 06:09:11,2025-03-18 16:09:11
700447,500507,2,FedEx,2025-03-14 17:59:25,2025-03-17 18:59:25
700448,500508,3,USPS,2025-03-15 06:07:32,2025-03-16 02:07:32
700449,500509,5,UPS,2025-03-14 13:21:38,2025-03-16 16:21:38
700450,500510,4,FedEx,2025-03-16 12:30:54,2025-03-20 14:30:54
700451,500511,5,FedEx,2025-03-14 15:15:07,2025-03-18 01:15:07
700452,500512,3,FedEx,2025-03-14 13:41:22,2025-03-17 04:41:22
700453,500513,1,USPS,2025-03-14 03:35:42,2025-03-15 06:35:42
700454,500514,2,UPS,2025-03-15 04:04:47,2025-03-17 22:04:47
700455,500515,4,FedEx,2025-03-16 05:49:17,2025-03-20 18:49:17
700456,500517,5,USPS,2025-03-14 13:22:25,2025-03-17 22:22:25
700457,500518,2,FedEx,2025-03-17 01:24:31,2025-03-20 17:24:31
700458,500519,2,USPS,2025-03-17 06:14:57,2025-03-21 04:14:57
700459,500520,3,UPS,2025-03-16 01:40:56,2025-03-20 16:40:56
700460,500521,5,USPS,2025-03-17 00:51:01,2025-03-21 03:51:01
700461,500522,4,FedEx,2025-03-17 06:22:56,2025-03-20 13:22:56
700462,500523,1,USPS,2025-03-16 03:47:29,2025-03-18 08:47:29
700463,500524,1,FedEx,2025-03-15 01:22:45,2025-03-16 06:22:45
700464,500525,3,UPS,2025-03-16 19:26:21,2025-03-17 18:26:21
700465,500526,4,FedEx,2025-03-17 06:26:18,2025-03-18 21:26:18
700466,500527,4,USPS,2025-03-17 05:09:50,2025-03-21 10:09:50
700467,500529,1,FedEx,2025-03-18 00:38:04,2025-03-20 10:38:04
700468,500530,2,FedEx,2025-03-17 13:39:09,2025-03-21 16:39:09
700469,500531,5,FedEx,2025-03-18 06:03:23,2025-03-21 05:03:23
700470,500532,3,UPS,2025-03-18 05:30:30,2025-03-22 19:30:30
700471,500533,1,USPS,2025-03-17 19:45:40,2025-03-21 07:45:40
700472,500534,5,UPS,2025-03-15 20:16:49,2025-03-19 12:16:49
700473,500535,5,USPS,2025-03-17 20:04:02,2025-03-22 17:04:02
700474,500537,2,USPS,2025-03-17 03:49:48,2025-03-20 03:49:48
700475,500538,2,FedEx,2025-03-17 18:10:26,2025-03-20 11:10:26
700476,500539,3,USPS,2025-03-17 19:15:02,2025-03-20 21:15:02
700477,500540,5,UPS,2025-03-17 19:24:27,2025-03-21 03:24:27
700478,500541,2,UPS,2025-03-16 07:33:10,2025-03-19 14:33:10
700479,500542,4,USPS,2025-03-16 12:46:19,2025-03-20 19:46:19
700480,500543,2,FedEx,2025-03-18 11:02:42,2025-03-21 02:02:42
700481,500544,5,UPS,2025-03-18 16:25:54,2025-03-22 02:25:54
700482,500545,3,FedEx,2025-03-17 03:23:34,2025-03-17 16:23:34
700483,500546,4,USPS,2025-03-19 11:15:06,2025-03-20 22:15:06
700484,500547,1,USPS,2025-03-19 04:29:35,2025-03-24 03:29:35
700485,500548,3,USPS,2025-03-19 00:44:35,2025-03-22 10:44:35
700486,500549,1,FedEx,2025-03-18 12:21:25,2025-03-21 12:21:25
700487,500550,1,USPS,2025-03-19 12:02:13,2025-03-23 17:02:13
700488,500551,1,FedEx,2025-03-18 13:49:27,2025-03-20 14:49:27
700489,500552,5,USPS,2025-03-18 23:16:05,2025-03-22 04:16:05
700490,500553,2,UPS,2025-03-19 09:25:04,2025-03-23 23:25:04
700491,500554,5,FedEx,2025-03-18 12:26:51,2025-03-22 20:26:51
700492,500555,4,UPS,2025-03-19 16:32:49,2025-03-24 00:32:49
700493,500556,3,UPS,2025-03-18 08:55:20,2025-03-20 09:55:20
700494,500557,2,FedEx,2025-03-20 07:31:27,2025-03-20 23:31:27
700495,500558,5,USPS,2025-03-19 07:11:07,2025-03-22 11:11:07
700496,500559,4,UPS,2025-03-19 02:39:56,2025-03-21 19:39:56
700497,500560,4,FedEx,2025-03-19 19:34:13,2025-03-22 07:34:13
700498,500561,2,USPS,2025-03-21 09:29:14,2025-03-24 01:29:14
700499,500562,4,FedEx,2025-03-19 14:32:25,2025-03-20 10:32:25
700500,500563,1,FedEx,2025-03-19 21:26:32,2025-03-20 14:26:32
700501,500564,4,USPS,2025-03-19 23:51:01,2025-03-24 07:51:01
700502,500565,3,UPS,2025-03-21 17:32:59,2025-03-22 06:32:59
700503,500566,1,FedEx,2025-03-20 09:59:24,2025-03-23 15:59:24
700504,500567,4,FedEx,2025-03-20 03:37:06,2025-03-21 19:37:06
700505,500568,5,UPS,2025-03-21 05:38:22,2025-03-22 14:38:22
700506,500569,5,FedEx,2025-03-20 21:40:28,2025-03-22 10:40:28
700507,500570,4,UPS,2025-03-21 20:18:56,2025-03-23 03:18:56
700508,500572,5,UPS,2025-03-21 14:57:48,2025-03-24 07:57:48
700509,500573,4,USPS,2025-03-22 13:29:59,2025-03-23 23:29:59
700510,500574,1,USPS,2025-03-21 08:24:40,2025-03-22 16:24:40
700511,500576,5,UPS,2025-03-22 03:49:14,2025-03-23 00:49:14
700512,500577,3,UPS,2025-03-24 11:39:32,2025-03-27 08:39:32
700513,500578,3,USPS,2025-03-22 02:09:25,2025-03-24 03:09:25
700514,500579,4,FedEx,2025-03-23 23:25:18,2025-03-26 12:25:18
700515,500581,4,UPS,2025-03-23 06:14:07,2025-03-25 23:14:07
700516,500583,2,USPS,2025-03-22 22:25:07,2025-03-24 13:25:07
700517,500584,4,FedEx,2025-03-24 01:58:33,2025-03-28 05:58:33
700518,500585,1,FedEx,2025-03-23 14:22:25,2025-03-24 09:22:25
700519,500586,4,FedEx,2025-03-25 04:31:46,2025-03-27 02:31:46
700520,500587,4,FedEx,2025-03-23 17:46:26,2025-03-24 15:46:26
700521,500588,1,USPS,2025-03-24 14:48:03,2025-03-29 02:48:03
700522,500589,3,USPS,2025-03-24 01:26:22,2025-03-27 05:26:22
700523,500590,4,UPS,2025-03-23 13:41:05,2025-03-27 19:41:05
700524,500591,1,UPS,2025-03-24 20:32:08,2025-03-27 12:32:08
700525,500592,5,FedEx,2025-03-25 03:59:40,2025-03-27 08:59:40
700526,500593,4,UPS,2025-03-25 11:31:11,2025-03-28 11:31:11
700527,500594,4,FedEx,2025-03-24 00:30:50,2025-03-24 20:30:50
700528,500595,5,UPS,2025-03-24 00:33:43,2025-03-26 19:33:43
700529,500596,1,UPS,2025-03-23 21:01:59,2025-03-24 20:01:59
700530,500597,3,FedEx,2025-03-26 08:11:20,2025-03-31 03:11:20
700531,500598,1,UPS,2025-03-26 08:16:17,2025-03-30 09:16:17
700532,500600,2,UPS,2025-03-25 14:20:54,2025-03-28 06:20:54
700533,500601,3,FedEx,2025-03-24 16:08:09,2025-03-25 16:08:09
700534,500602,3,USPS,2025-03-26 19:34:17,2025-03-27 10:34:17
700535,500603,5,FedEx,2025-03-24 15:59:59,2025-03-25 03:59:59
700536,500605,1,FedEx,2025-03-27 01:35:07,2025-03-29 22:35:07
700537,500606,1,FedEx,2025-03-25 04:25:16,2025-03-26 06:25:16
700538,500607,5,USPS,2025-03-25 20:55:55,2025-03-28 16:55:55
700539,500608,3,UPS,2025-03-25 22:22:58,2025-03-29 21:22:58
700540,500609,1,USPS,2025-03-25 12:32:00,2025-03-27 14:32:00
700541,500610,4,UPS,2025-03-26 09:51:53,2025-03-30 03:51:53
700542,500611,5,UPS,2025-03-25 19:07:32,2025-03-27 17:07:32
700543,500612,1,USPS,2025-03-27 17:43:22,2025-03-28 09:43:22
700544,500613,5,USPS,2025-03-26 13:52:35,2025-03-28 22:52:35
700545,500614,5,USPS,2025-03-29 16:28:25,2025-04-01 04:28:25
700546,500615,4,UPS,2025-03-27 21:22:13,2025-04-01 09:22:13
700547,500616,4,UPS,2025-03-29 17:44:49,2025-03-30 21:44:49
700548,500617,4,UPS,2025-03-28 20:56:40,2025-03-30 14:56:40
700549,500618,4,UPS,2025-03-28 12:20:08,2025-04-02 00:20:08
700550,500619,2,UPS,2025-03-28 07:13:06,2025-03-30 01:13:06
700551,500621,1,FedEx,2025-03-28 23:59:55,2025-03-31 11:59:55
700552,500622,3,USPS,2025-03-29 17:20:23,2025-04-03 16:20:23
700553,500623,2,UPS,2025-03-29 12:10:11,2025-04-02 20:10:11
700554,500624,1,USPS,2025-03-28 17:19:57,2025-04-01 02:19:57
700555,500625,5,UPS,2025-03-28 08:50:27,2025-03-28 20:50:27
700556,500626,1,UPS,2025-03-30 13:49:52,2025-04-02 02:49:52
700557,500627,2,FedEx,2025-03-30 16:51:30,2025-04-01 17:51:30
700558,500628,5,FedEx,2025-03-29 05:23:59,2025-04-01 15:23:59
700559,500630,5,USPS,2025-03-30 04:05:36,2025-04-02 22:05:36
700560,500631,4,UPS,2025-03-30 18:02:38,2025-04-01 18:02:38
700561,500632,1,UPS,2025-03-31 12:09:42,2025-04-04 07:09:42
700562,500633,1,UPS,2025-03-30 05:29:30,2025-03-31 10:29:30
700563,500634,3,FedEx,2025-03-31 06:00:58,2025-04-04 20:00:58
700564,500636,4,USPS,2025-04-01 08:54:10,2025-04-03 00:54:10
700565,500637,2,UPS,2025-04-01 05:58:44,2025-04-04 06:58:44
700566,500638,4,UPS,2025-03-30 08:41:30,2025-03-31 23:41:30
700567,500639,3,USPS,2025-04-01 20:13:28,2025-04-03 09:13:28
700568,500640,3,UPS,2025-03-30 15:09:08,2025-04-02 15:09:08
700569,500642,1,FedEx,2025-03-31 07:57:20,2025-04-02 11:57:20
700570,500643,3,USPS,2025-04-01 06:14:13,2025-04-03 20:14:13
700571,500644,3,FedEx,2025-04-02 18:05:22,2025-04-03 09:05:22
700572,500645,4,USPS,2025-04-02 18:08:03,2025-04-07 13:08:03
700573,500646,3,USPS,2025-04-03 01:30:24,2025-04-05 20:30:24
700574,500647,4,UPS,2025-04-01 18:49:00,2025-04-04 23:49:00
700575,500648,1,USPS,2025-04-01 09:46:33,2025-04-04 19:46:33
700576,500649,4,FedEx,2025-04-03 13:56:47,2025-04-05 10:56:47
700577,500650,1,USPS,2025-04-02 01:25:05,2025-04-05 17:25:05
700578,500651,4,FedEx,2025-04-01 09:25:09,2025-04-05 18:25:09
700579,500652,4,USPS,2025-04-03 06:50:26,2025-04-06 20:50:26
700580,500653,5,UPS,2025-04-01 10:26:03,2025-04-03 07:26:03
700581,500654,4,FedEx,2025-04-01 19:51:44,2025-04-03 23:51:44
700582,500655,2,UPS,2025-04-01 15:12:57,2025-04-05 10:12:57
700583,500656,3,FedEx,2025-04-03 14:20:42,2025-04-05 03:20:42
700584,500658,1,UPS,2025-04-02 23:29:57,2025-04-07 16:29:57
700585,500660,5,USPS,2025-04-04 09:29:53,2025-04-08 17:29:53
700586,500661,1,USPS,2025-04-03 11:29:52,2025-04-04 09:29:52
700587,500662,4,FedEx,2025-04-04 19:59:41,2025-04-06 18:59:41
700588,500663,2,USPS,2025-04-04 17:32:02,2025-04-06 20:32:02
700589,500664,2,USPS,2025-04-04 12:25:36,2025-04-06 14:25:36
700590,500665,2,UPS,2025-04-03 13:49:37,2025-04-04 20:49:37
700591,500666,3,USPS,2025-04-03 22:18:36,2025-04-04 12:18:36
700592,500667,4,USPS,2025-04-05 02:50:27,2025-04-06 23:50:27
700593,500668,2,UPS,2025-04-05 15:34:54,2025-04-06 15:34:54
700594,500669,2,UPS,2025-04-03 23:04:03,2025-04-05 23:04:03
700595,500670,5,UPS,2025-04-04 05:22:18,2025-04-05 02:22:18
700596,500671,5,FedEx,2025-04-06 11:03:56,2025-04-09 01:03:56
700597,500672,1,FedEx,2025-04-05 03:58:52,2025-04-09 11:58:52
700598,500673,1,UPS,2025-04-04 08:41:49,2025-04-06 09:41:49
700599,500674,4,USPS,2025-04-06 17:06:19,2025-04-10 09:06:19
700600,500676,5,UPS,2025-04-04 12:05:31,2025-04-09 04:05:31
700601,500677,2,UPS,2025-04-05 07:20:49,2025-04-07 17:20:49
700602,500678,1,UPS,2025-04-05 20:32:28,2025-04-09 13:32:28
700603,500679,5,UPS,2025-04-06 20:29:23,2025-04-09 06:29:23
700604,500680,2,FedEx,2025-04-06 11:01:19,2025-04-07 16:01:19
700605,500681,4,UPS,2025-04-05 09:13:50,2025-04-07 05:13:50
700606,500682,2,UPS,2025-04-05 08:27:10,2025-04-09 23:27:10
700607,500683,4,FedEx,2025-04-07 19:56:23,2025-04-10 09:56:23
700608,500684,3,USPS,2025-04-06 14:09:35,2025-04-11 04:09:35
700609,500685,1,USPS,2025-04-05 22:39:16,2025-04-07 23:39:16
700610,500686,3,USPS,2025-04-06 13:37:13,2025-04-08 20:37:13
700611,500687,5,FedEx,2025-04-07 14:59:59,2025-04-11 05:59:59
700612,500688,1,UPS,2025-04-07 10:38:33,2025-04-09 02:38:33
700613,500689,5,USPS,2025-04-07 13:11:37,2025-04-11 02:11:37
700614,500690,1,USPS,2025-04-08 14:20:33,2025-04-12 14:20:33
700615,500691,4,FedEx,2025-04-08 16:58:54,2025-04-12 04:58:54
700616,500692,5,FedEx,2025-04-07 21:30:09,2025-04-09 16:30:09
700617,500693,4,FedEx,2025-04-07 02:04:50,2025-04-09 21:04:50
700618,500694,2,USPS,2025-04-08 15:07:21,2025-04-11 20:07:21
700619,500695,4,USPS,2025-04-08 01:15:25,2025-04-09 18:15:25
700620,500697,1,FedEx,2025-04-09 12:50:48,2025-04-11 15:50:48
700621,500698,1,FedEx,2025-04-09 23:13:08,2025-04-11 07:13:08
700622,500699,1,USPS,2025-04-07 20:37:25,2025-04-11 10:37:25
700623,500700,5,UPS,2025-04-07 12:33:35,2025-04-09 02:33:35
700624,500701,2,UPS,2025-04-09 00:52:28,2025-04-10 05:52:28
700625,500702,4,FedEx,2025-04-09 23:07:15,2025-04-12 23:07:15
700626,500703,5,USPS,2025-04-09 05:44:51,2025-04-13 19:44:51
700627,500704,5,FedEx,2025-04-10 13:53:04,2025-04-15 06:53:04
700628,500705,3,FedEx,2025-04-09 20:37:15,2025-04-11 08:37:15
700629,500706,2,FedEx,2025-04-10 03:16:22,2025-04-13 10:16:22
700630,500707,2,FedEx,2025-04-10 20:04:16,2025-04-11 21:04:16
700631,500708,3,UPS,2025-04-10 19:34:37,2025-04-14 08:34:37
700632,500709,2,USPS,2025-04-09 19:50:11,2025-04-12 03:50:11
700633,500710,3,UPS,2025-04-09 02:10:40,2025-04-12 02:10:40
700634,500712,3,UPS,2025-04-09 18:05:02,2025-04-13 02:05:02
700635,500713,5,USPS,2025-04-10 16:27:33,2025-04-11 22:27:33
700636,500715,3,UPS,2025-04-10 00:32:19,2025-04-14 06:32:19
700637,500716,1,UPS,2025-04-10 07:28:31,2025-04-10 19:28:31
700638,500717,4,USPS,2025-04-10 13:09:37,2025-04-13 15:09:37
700639,500718,1,USPS,2025-04-10 22:34:22,2025-04-13 20:34:22
700640,500719,1,UPS,2025-04-11 05:11:13,2025-04-15 21:11:13
700641,500720,5,FedEx,2025-04-09 12:48:22,2025-04-11 21:48:22
700642,500722,1,UPS,2025-04-10 23:59:45,2025-04-13 15:59:45
700643,500723,4,FedEx,2025-04-12 21:08:03,2025-04-17 13:08:03
700644,500724,3,USPS,2025-04-11 08:47:09,2025-04-12 08:47:09
700645,500725,2,FedEx,2025-04-13 07:56:15,2025-04-15 03:56:15
700646,500726,4,FedEx,2025-04-11 18:42:01,2025-04-13 02:42:01
700647,500727,2,USPS,2025-04-13 09:18:48,2025-04-18 01:18:48
700648,500728,5,UPS,2025-04-11 06:40:39,2025-04-13 21:40:39
700649,500729,4,UPS,2025-04-13 15:14:38,2025-04-14 23:14:38
700650,500730,5,FedEx,2025-04-12 19:57:34,2025-04-17 17:57:34
700651,500731,5,USPS,2025-04-13 11:19:12,2025-04-14 19:19:12
700652,500732,5,USPS,2025-04-13 05:58:54,2025-04-17 05:58:54
700653,500733,5,FedEx,2025-04-14 10:24:39,2025-04-17 06:24:39
700654,500734,3,USPS,2025-04-14 03:46:26,2025-04-15 22:46:26
700655,500735,3,UPS,2025-04-12 08:24:56,2025-04-14 11:24:56
700656,500736,5,FedEx,2025-04-14 21:59:12,2025-04-19 06:59:12
700657,500738,2,UPS,2025-04-13 14:44:35,2025-04-18 11:44:35
700658,500739,4,USPS,2025-04-15 01:32:38,2025-04-16 13:32:38
700659,500740,5,UPS,2025-04-14 13:35:42,2025-04-18 00:35:42
700660,500741,5,FedEx,2025-04-14 03:25:46,2025-04-16 06:25:46
700661,500742,3,UPS,2025-04-15 01:27:59,2025-04-17 16:27:59
700662,500743,1,UPS,2025-04-13 13:46:58,2025-04-18 11:46:58
700663,500744,4,FedEx,2025-04-13 07:32:34,2025-04-14 07:32:34
700664,500745,3,FedEx,2025-04-15 02:54:05,2025-04-17 02:54:05
700665,500746,5,UPS,2025-04-14 15:49:35,2025-04-18 13:49:35
700666,500747,5,FedEx,2025-04-13 18:25:40,2025-04-14 19:25:40
700667,500749,1,UPS,2025-04-16 00:51:48,2025-04-19 04:51:48
700668,500750,2,FedEx,2025-04-14 17:38:00,2025-04-15 11:38:00
700669,500751,5,UPS,2025-04-15 02:19:31,2025-04-16 00:19:31
700670,500752,3,FedEx,2025-04-14 21:12:20,2025-04-16 21:12:20
700671,500754,5,FedEx,2025-04-17 00:13:51,2025-04-20 06:13:51
700672,500755,2,UPS,2025-04-15 06:40:25,2025-04-17 06:40:25
700673,500756,2,USPS,2025-04-15 21:19:59,2025-04-19 02:19:59
700674,500757,2,UPS,2025-04-17 10:00:57,2025-04-20 15:00:57
700675,500758,1,UPS,2025-04-15 11:56:04,2025-04-18 10:56:04
700676,500759,3,UPS,2025-04-16 06:04:22,2025-04-20 09:04:22
700677,500760,4,USPS,2025-04-17 11:32:53,2025-04-20 00:32:53
700678,500761,5,FedEx,2025-04-16 10:14:14,2025-04-21 00:14:14
700679,500762,5,UPS,2025-04-17 16:51:53,2025-04-21 22:51:53
700680,500763,4,UPS,2025-04-16 15:36:41,2025-04-17 19:36:41
700681,500764,3,USPS,2025-04-17 13:21:26,2025-04-21 11:21:26
700682,500765,2,FedEx,2025-04-18 15:06:00,2025-04-19 11:06:00
700683,500766,4,USPS,2025-04-17 03:33:52,2025-04-22 01:33:52
700684,500767,2,FedEx,2025-04-16 23:10:57,2025-04-20 15:10:57
700685,500768,5,UPS,2025-04-18 14:11:44,2025-04-23 02:11:44
700686,500770,3,UPS,2025-04-19 09:23:33,2025-04-23 01:23:33
700687,500772,3,FedEx,2025-04-18 14:22:09,2025-04-20 09:22:09
700688,500773,4,UPS,2025-04-17 18:26:39,2025-04-20 19:26:39
700689,500774,2,FedEx,2025-04-18 05:56:16,2025-04-22 23:56:16
700690,500776,2,USPS,2025-04-17 21:22:20,2025-04-21 19:22:20
700691,500777,5,FedEx,2025-04-17 11:32:47,2025-04-20 05:32:47
700692,500778,2,USPS,2025-04-17 16:33:51,2025-04-19 11:33:51
700693,500780,2,FedEx,2025-04-20 08:16:01,2025-04-22 16:16:01
700694,500781,2,USPS,2025-04-20 22:42:50,2025-04-23 17:42:50
700695,500783,4,USPS,2025-04-21 13:03:32,2025-04-26 07:03:32
700696,500784,1,FedEx,2025-04-20 08:20:53,2025-04-22 02:20:53
700697,500786,5,FedEx,2025-04-20 22:59:25,2025-04-24 16:59:25
700698,500787,2,FedEx,2025-04-21 08:08:48,2025-04-21 20:08:48
700699,500788,5,FedEx,2025-04-20 17:18:17,2025-04-24 09:18:17
700700,500789,3,USPS,2025-04-21 03:55:03,2025-04-23 14:55:03
700701,500791,5,UPS,2025-04-22 17:49:49,2025-04-23 12:49:49
700702,500792,3,USPS,2025-04-21 22:17:24,2025-04-22 23:17:24
700703,500793,2,UPS,2025-04-21 15:37:59,2025-04-24 22:37:59
700704,500794,5,FedEx,2025-04-20 10:31:10,2025-04-24 19:31:10
700705,500795,4,UPS,2025-04-21 22:33:01,2025-04-25 22:33:01
700706,500796,2,USPS,2025-04-22 15:42:35,2025-04-23 14:42:35
700707,500797,1,FedEx,2025-04-21 11:46:57,2025-04-22 02:46:57
700708,500798,2,UPS,2025-04-21 18:04:16,2025-04-23 14:04:16
700709,500799,5,UPS,2025-04-21 02:17:33,2025-04-23 23:17:33
700710,500800,5,FedEx,2025-04-21 02:16:30,2025-04-21 21:16:30
700711,500801,4,FedEx,2025-04-22 16:55:52,2025-04-24 05:55:52
700712,500802,5,FedEx,2025-04-21 23:17:13,2025-04-25 05:17:13
700713,500804,5,FedEx,2025-04-23 05:36:00,2025-04-26 06:36:00
700714,500805,2,USPS,2025-04-21 09:18:40,2025-04-23 05:18:40
700715,500806,4,FedEx,2025-04-24 09:05:32,2025-04-27 04:05:32
700716,500807,4,UPS,2025-04-24 18:10:22,2025-04-28 10:10:22
700717,500808,3,FedEx,2025-04-22 21:48:40,2025-04-27 19:48:40
700718,500809,3,UPS,2025-04-23 12:43:04,2025-04-28 00:43:04
700719,500810,2,USPS,2025-04-23 02:01:21,2025-04-25 14:01:21
700720,500811,5,FedEx,2025-04-23 07:25:45,2025-04-26 11:25:45
700721,500812,5,USPS,2025-04-23 20:52:05,2025-04-27 23:52:05
700722,500813,3,UPS,2025-04-25 22:38:13,2025-04-26 23:38:13
700723,500814,2,USPS,2025-04-26 06:01:11,2025-04-27 04:01:11
700724,500815,5,USPS,2025-04-25 06:32:40,2025-04-26 04:32:40
700725,500817,2,UPS,2025-04-24 09:44:27,2025-04-25 00:44:27
700726,500818,4,USPS,2025-04-25 23:53:54,2025-04-28 02:53:54
700727,500819,5,UPS,2025-04-25 10:09:46,2025-04-26 16:09:46
700728,500820,1,UPS,2025-04-27 14:11:34,2025-04-30 07:11:34
700729,500821,1,FedEx,2025-04-26 18:45:18,2025-04-29 23:45:18
700730,500822,3,FedEx,2025-04-27 01:50:12,2025-04-28 10:50:12
700731,500825,1,FedEx,2025-04-26 05:04:53,2025-04-30 16:04:53
700732,500826,4,FedEx,2025-04-27 21:08:50,2025-05-01 19:08:50
700733,500827,1,FedEx,2025-04-26 15:31:30,2025-04-30 05:31:30
700734,500828,3,UPS,2025-04-27 11:30:39,2025-05-01 07:30:39
700735,500829,3,UPS,2025-04-28 03:08:39,2025-05-01 18:08:39
700736,500830,5,USPS,2025-04-27 15:13:04,2025-05-02 04:13:04
700737,500831,4,FedEx,2025-04-26 06:11:51,2025-05-01 05:11:51
700738,500832,5,UPS,2025-04-28 09:29:08,2025-05-02 05:29:08
700739,500833,2,USPS,2025-04-26 11:58:15,2025-05-01 07:58:15
700740,500835,4,FedEx,2025-04-29 04:37:02,2025-05-03 12:37:02
700741,500836,5,UPS,2025-04-28 17:44:07,2025-05-01 10:44:07
700742,500837,5,UPS,2025-04-28 02:36:06,2025-05-02 09:36:06
700743,500838,5,USPS,2025-04-29 05:11:17,2025-04-29 21:11:17
700744,500839,2,USPS,2025-04-29 03:09:46,2025-05-03 15:09:46
700745,500840,3,UPS,2025-04-29 13:57:44,2025-04-30 20:57:44
700746,500841,5,USPS,2025-04-29 21:41:47,2025-05-02 06:41:47
700747,500842,3,UPS,2025-04-28 08:12:42,2025-05-01 23:12:42
700748,500843,3,UPS,2025-04-29 11:19:38,2025-04-30 06:19:38
700749,500844,4,UPS,2025-04-28 06:08:27,2025-05-02 21:08:27
700750,500845,1,UPS,2025-04-29 12:20:58,2025-05-01 11:20:58
700751,500846,5,USPS,2025-04-29 19:09:47,2025-05-02 04:09:47
700752,500848,4,UPS,2025-04-30 19:39:57,2025-05-04 10:39:57
700753,500849,3,FedEx,2025-04-28 22:40:33,2025-05-02 10:40:33
700754,500851,2,USPS,2025-04-29 13:08:15,2025-05-01 07:08:15
700755,500852,3,UPS,2025-04-29 14:40:46,2025-05-03 17:40:46
700756,500853,4,UPS,2025-04-29 08:20:41,2025-05-04 05:20:41
700757,500854,5,UPS,2025-04-30 06:50:41,2025-05-03 07:50:41
700758,500855,2,UPS,2025-05-01 03:12:21,2025-05-03 22:12:21
700759,500857,5,USPS,2025-05-02 00:12:03,2025-05-05 09:12:03
700760,500858,4,UPS,2025-04-29 16:08:13,2025-05-03 03:08:13
700761,500859,1,UPS,2025-05-02 04:22:47,2025-05-04 23:22:47
700762,500860,4,UPS,2025-04-30 02:13:41,2025-05-04 22:13:41
700763,500861,4,UPS,2025-04-30 16:23:50,2025-05-05 00:23:50
700764,500862,3,FedEx,2025-05-01 14:33:13,2025-05-03 08:33:13
700765,500863,4,UPS,2025-05-01 23:35:00,2025-05-05 04:35:00
700766,500864,4,USPS,2025-05-02 22:35:32,2025-05-07 12:35:32
700767,500865,2,FedEx,2025-05-02 07:41:53,2025-05-06 11:41:53
700768,500866,4,UPS,2025-05-01 16:31:32,2025-05-06 12:31:32
700769,500867,1,USPS,2025-05-02 18:42:49,2025-05-04 17:42:49
700770,500869,2,FedEx,2025-05-01 04:09:34,2025-05-06 02:09:34
700771,500870,4,FedEx,2025-05-01 15:28:06,2025-05-06 03:28:06
700772,500871,5,FedEx,2025-05-01 05:09:58,2025-05-05 00:09:58
700773,500872,4,USPS,2025-05-04 05:50:58,2025-05-07 17:50:58
700774,500874,2,UPS,2025-05-04 06:26:33,2025-05-06 05:26:33
700775,500875,5,USPS,2025-05-03 10:02:51,2025-05-05 02:02:51
700776,500876,2,USPS,2025-05-04 17:28:43,2025-05-09 11:28:43
700777,500877,5,FedEx,2025-05-03 00:55:50,2025-05-06 17:55:50
700778,500878,4,UPS,2025-05-04 17:17:07,2025-05-08 06:17:07
700779,500879,2,UPS,2025-05-05 13:10:45,2025-05-07 23:10:45
700780,500881,2,FedEx,2025-05-03 15:24:42,2025-05-07 14:24:42
700781,500882,5,FedEx,2025-05-05 03:18:34,2025-05-09 13:18:34
700782,500883,2,FedEx,2025-05-04 10:55:34,2025-05-09 04:55:34
700783,500884,2,FedEx,2025-05-04 10:17:10,2025-05-05 22:17:10
700784,500885,3,USPS,2025-05-04 21:25:03,2025-05-08 00:25:03
700785,500886,4,UPS,2025-05-04 08:26:50,2025-05-07 00:26:50
700786,500887,5,FedEx,2025-05-05 01:37:12,2025-05-07 21:37:12
700787,500888,2,UPS,2025-05-05 02:51:32,2025-05-07 07:51:32
700788,500889,5,FedEx,2025-05-06 18:41:37,2025-05-10 17:41:37
700789,500890,1,USPS,2025-05-06 08:10:21,2025-05-08 00:10:21
700790,500891,5,FedEx,2025-05-05 01:20:33,2025-05-07 04:20:33
700791,500892,4,USPS,2025-05-07 17:55:12,2025-05-08 19:55:12
700792,500893,3,UPS,2025-05-07 07:51:16,2025-05-09 12:51:16
700793,500894,5,FedEx,2025-05-05 06:21:15,2025-05-09 11:21:15
700794,500895,1,UPS,2025-05-06 15:07:45,2025-05-07 16:07:45
700795,500896,5,USPS,2025-05-05 12:37:20,2025-05-09 05:37:20
700796,500897,2,FedEx,2025-05-07 10:55:31,2025-05-09 10:55:31
700797,500900,3,UPS,2025-05-07 11:22:42,2025-05-09 09:22:42
700798,500901,3,UPS,2025-05-06 00:32:08,2025-05-08 07:32:08
700799,500902,1,UPS,2025-05-08 03:19:11,2025-05-11 09:19:11
700800,500903,1,FedEx,2025-05-08 23:31:12,2025-05-13 04:31:12
700801,500904,2,FedEx,2025-05-09 02:42:06,2025-05-13 18:42:06
700802,500905,2,FedEx,2025-05-06 19:01:26,2025-05-07 16:01:26
700803,500906,4,USPS,2025-05-08 16:59:14,2025-05-11 04:59:14
700804,500907,2,FedEx,2025-05-06 21:37:36,2025-05-07 09:37:36
700805,500908,4,FedEx,2025-05-08 12:46:53,2025-05-13 06:46:53
700806,500909,3,UPS,2025-05-07 23:44:20,2025-05-11 05:44:20
700807,500910,1,FedEx,2025-05-07 06:34:51,2025-05-08 09:34:51
700808,500911,4,USPS,2025-05-07 13:11:20,2025-05-12 04:11:20
700809,500912,3,FedEx,2025-05-07 09:13:14,2025-05-09 17:13:14
700810,500913,5,UPS,2025-05-08 03:00:26,2025-05-12 20:00:26
700811,500914,2,USPS,2025-05-07 14:52:43,2025-05-09 20:52:43
700812,500915,5,FedEx,2025-05-10 04:30:38,2025-05-12 07:30:38
700813,500916,1,UPS,2025-05-09 19:42:42,2025-05-13 17:42:42
700814,500917,2,FedEx,2025-05-10 06:09:22,2025-05-11 11:09:22
700815,500918,1,USPS,2025-05-10 17:53:57,2025-05-14 09:53:57
700816,500919,3,UPS,2025-05-09 11:51:26,2025-05-10 01:51:26
700817,500920,3,FedEx,2025-05-09 12:27:02,2025-05-12 00:27:02
700818,500921,5,UPS,2025-05-10 23:17:22,2025-05-14 20:17:22
700819,500922,3,UPS,2025-05-09 08:05:32,2025-05-10 17:05:32
700820,500923,5,UPS,2025-05-10 16:16:07,2025-05-12 22:16:07
700821,500924,4,USPS,2025-05-11 17:07:42,2025-05-13 08:07:42
700822,500925,3,UPS,2025-05-12 05:42:26,2025-05-12 17:42:26
700823,500926,4,USPS,2025-05-11 11:10:45,2025-05-13 03:10:45
700824,500927,3,FedEx,2025-05-11 12:18:36,2025-05-14 10:18:36
700825,500928,2,FedEx,2025-05-12 12:09:19,2025-05-15 08:09:19
700826,500929,4,USPS,2025-05-10 11:47:10,2025-05-11 11:47:10
700827,500930,4,UPS,2025-05-12 12:24:11,2025-05-16 14:24:11
700828,500931,3,UPS,2025-05-12 10:27:22,2025-05-16 00:27:22
700829,500932,1,FedEx,2025-05-13 06:06:57,2025-05-15 20:06:57
700830,500933,3,UPS,2025-05-13 16:47:41,2025-05-15 05:47:41
700831,500934,2,UPS,2025-05-12 06:04:54,2025-05-14 21:04:54
700832,500935,3,USPS,2025-05-11 09:02:48,2025-05-16 00:02:48
700833,500936,1,FedEx,2025-05-11 20:22:17,2025-05-14 07:22:17
700834,500937,1,USPS,2025-05-13 06:35:08,2025-05-14 22:35:08
700835,500938,4,FedEx,2025-05-13 21:25:13,2025-05-18 16:25:13
700836,500939,1,UPS,2025-05-13 00:24:26,2025-05-13 22:24:26
700837,500940,2,FedEx,2025-05-13 16:03:48,2025-05-14 12:03:48
700838,500941,3,UPS,2025-05-14 08:30:24,2025-05-18 20:30:24
700839,500942,1,UPS,2025-05-12 23:29:27,2025-05-14 08:29:27
700840,500943,3,USPS,2025-05-13 19:59:31,2025-05-15 09:59:31
700841,500944,3,FedEx,2025-05-13 00:38:13,2025-05-17 19:38:13
700842,500945,2,USPS,2025-05-12 22:37:14,2025-05-13 11:37:14
700843,500946,1,FedEx,2025-05-12 22:06:16,2025-05-15 16:06:16
700844,500947,4,FedEx,2025-05-13 18:06:02,2025-05-14 15:06:02
700845,500948,2,USPS,2025-05-12 21:16:06,2025-05-13 15:16:06
700846,500950,1,FedEx,2025-05-15 12:23:50,2025-05-18 08:23:50
700847,500951,5,UPS,2025-05-14 23:18:26,2025-05-19 00:18:26
700848,500952,5,USPS,2025-05-16 01:12:56,2025-05-17 01:12:56
700849,500953,5,UPS,2025-05-15 19:28:46,2025-05-17 16:28:46
700850,500954,3,USPS,2025-05-14 04:20:39,2025-05-15 07:20:39
700851,500955,5,FedEx,2025-05-15 00:08:53,2025-05-15 17:08:53
700852,500956,3,UPS,2025-05-15 00:37:19,2025-05-17 17:37:19
700853,500957,5,USPS,2025-05-14 21:03:23,2025-05-17 02:03:23
700854,500958,2,FedEx,2025-05-16 01:47:15,2025-05-17 19:47:15
700855,500959,3,FedEx,2025-05-15 10:23:30,2025-05-17 11:23:30
700856,500960,1,FedEx,2025-05-15 10:47:36,2025-05-18 18:47:36
700857,500961,4,FedEx,2025-05-15 09:27:38,2025-05-18 17:27:38
700858,500962,2,USPS,2025-05-15 04:44:20,2025-05-18 07:44:20
700859,500964,5,FedEx,2025-05-16 14:55:23,2025-05-18 07:55:23
700860,500965,2,UPS,2025-05-17 11:24:35,2025-05-21 02:24:35
700861,500966,1,UPS,2025-05-17 03:32:09,2025-05-21 14:32:09
700862,500967,5,USPS,2025-05-17 22:09:13,2025-05-21 13:09:13
700863,500969,3,UPS,2025-05-18 00:07:14,2025-05-19 08:07:14
700864,500970,5,FedEx,2025-05-17 17:09:49,2025-05-22 14:09:49
700865,500971,4,UPS,2025-05-15 20:59:12,2025-05-19 21:59:12
700866,500972,3,UPS,2025-05-18 06:59:14,2025-05-22 18:59:14
700867,500973,5,FedEx,2025-05-17 04:32:33,2025-05-20 13:32:33
700868,500974,3,FedEx,2025-05-17 05:50:27,2025-05-20 10:50:27
700869,500975,5,UPS,2025-05-17 10:56:27,2025-05-21 06:56:27
700870,500976,3,FedEx,2025-05-16 22:22:18,2025-05-17 13:22:18
700871,500978,2,USPS,2025-05-19 14:16:57,2025-05-22 20:16:57
700872,500979,1,FedEx,2025-05-17 07:58:38,2025-05-21 12:58:38
700873,500980,5,USPS,2025-05-18 23:02:17,2025-05-21 03:02:17
700874,500981,3,UPS,2025-05-17 07:53:14,2025-05-20 01:53:14
700875,500982,5,FedEx,2025-05-18 16:37:37,2025-05-21 00:37:37
700876,500983,4,FedEx,2025-05-20 03:44:03,2025-05-22 15:44:03
700877,500985,2,FedEx,2025-05-19 10:45:23,2025-05-22 01:45:23
700878,500986,3,USPS,2025-05-18 23:40:34,2025-05-21 22:40:34
700879,500987,4,USPS,2025-05-20 10:26:25,2025-05-21 20:26:25
700880,500988,3,FedEx,2025-05-19 02:31:56,2025-05-21 05:31:56
700881,500989,2,FedEx,2025-05-20 11:54:30,2025-05-22 09:54:30
700882,500990,4,UPS,2025-05-20 14:26:00,2025-05-21 21:26:00
700883,500991,1,UPS,2025-05-20 02:04:44,2025-05-24 11:04:44
700884,500992,4,UPS,2025-05-19 13:39:58,2025-05-23 18:39:58
700885,500993,5,USPS,2025-05-19 19:24:23,2025-05-23 02:24:23
700886,500994,5,USPS,2025-05-20 23:34:51,2025-05-23 23:34:51
700887,500996,4,USPS,2025-05-21 08:49:25,2025-05-24 01:49:25
700888,500997,3,USPS,2025-05-20 12:08:01,2025-05-22 15:08:01
700889,500998,5,USPS,2025-05-20 20:17:21,2025-05-23 12:17:21
700890,500999,4,UPS,2025-05-20 15:39:46,2025-05-21 16:39:46
700891,501000,5,USPS,2025-05-21 10:35:26,2025-05-24 06:35:26
700892,501001,5,UPS,2025-05-20 22:30:47,2025-05-24 13:30:47
700893,501002,2,USPS,2025-05-23 12:47:43,2025-05-28 10:47:43
700894,501003,4,UPS,2025-05-22 22:34:28,2025-05-27 10:34:28
700895,501004,4,FedEx,2025-05-22 00:05:12,2025-05-25 08:05:12
700896,501005,1,USPS,2025-05-22 11:07:07,2025-05-26 16:07:07
700897,501006,5,USPS,2025-05-23 02:28:39,2025-05-26 17:28:39
700898,501007,3,USPS,2025-05-24 00:13:19,2025-05-25 09:13:19
700899,501008,3,USPS,2025-05-23 04:33:44,2025-05-24 04:33:44
700900,501009,1,UPS,2025-05-23 01:26:50,2025-05-24 16:26:50
700901,501010,4,UPS,2025-05-22 13:40:41,2025-05-26 14:40:41
700902,501011,5,USPS,2025-05-24 17:51:41,2025-05-26 02:51:41
700903,501012,5,UPS,2025-05-22 12:15:58,2025-05-23 05:15:58
700904,501013,2,FedEx,2025-05-24 20:06:57,2025-05-28 02:06:57
700905,501014,1,UPS,2025-05-24 08:49:10,2025-05-25 00:49:10
700906,501017,4,FedEx,2025-05-22 11:32:46,2025-05-24 11:32:46
700907,501018,5,FedEx,2025-05-22 20:50:43,2025-05-24 23:50:43
700908,501019,4,UPS,2025-05-22 20:13:49,2025-05-27 07:13:49
700909,501020,3,UPS,2025-05-22 23:27:18,2025-05-24 02:27:18
700910,501021,5,UPS,2025-05-22 18:26:40,2025-05-26 05:26:40
700911,501022,3,FedEx,2025-05-23 03:52:00,2025-05-27 06:52:00
700912,501023,3,UPS,2025-05-23 00:03:13,2025-05-23 20:03:13
700913,501024,2,FedEx,2025-05-25 14:52:56,2025-05-27 11:52:56
700914,501025,4,UPS,2025-05-25 18:27:54,2025-05-27 16:27:54
700915,501026,2,FedEx,2025-05-24 17:59:06,2025-05-28 17:59:06
700916,501027,5,USPS,2025-05-23 12:40:41,2025-05-25 19:40:41
700917,501028,4,USPS,2025-05-24 19:06:47,2025-05-25 13:06:47
700918,501029,3,USPS,2025-05-25 18:31:47,2025-05-27 11:31:47
700919,501030,2,FedEx,2025-05-23 15:17:12,2025-05-24 10:17:12
700920,501031,2,FedEx,2025-05-26 06:32:12,2025-05-29 20:32:12
700921,501032,5,UPS,2025-05-26 03:06:02,2025-05-29 17:06:02
700922,501033,1,UPS,2025-05-25 22:41:14,2025-05-29 11:41:14
700923,501034,5,USPS,2025-05-26 00:06:03,2025-05-28 14:06:03
700924,501035,2,UPS,2025-05-25 00:46:54,2025-05-26 19:46:54
700925,501037,3,UPS,2025-05-25 18:00:56,2025-05-29 02:00:56
700926,501038,4,FedEx,2025-05-26 17:37:31,2025-05-30 16:37:31
700927,501039,2,USPS,2025-05-25 14:28:20,2025-05-30 11:28:20
700928,501040,5,USPS,2025-05-25 10:05:01,2025-05-30 05:05:01
700929,501041,2,FedEx,2025-05-27 09:46:24,2025-05-30 23:46:24
700930,501042,5,USPS,2025-05-25 20:24:44,2025-05-27 03:24:44
700931,501043,4,USPS,2025-05-27 21:43:38,2025-05-29 04:43:38
700932,501044,4,FedEx,2025-05-27 19:34:17,2025-06-01 14:34:17
700933,501045,3,USPS,2025-05-26 08:35:25,2025-05-29 11:35:25
700934,501046,5,FedEx,2025-05-28 02:13:32,2025-05-30 03:13:32
700935,501047,1,USPS,2025-05-26 20:13:04,2025-05-31 03:13:04
700936,501048,1,UPS,2025-05-28 17:11:59,2025-06-01 14:11:59
700937,501049,5,FedEx,2025-05-28 13:31:24,2025-05-29 06:31:24
700938,501050,5,UPS,2025-05-27 11:14:11,2025-05-30 20:14:11
700939,501051,5,UPS,2025-05-26 19:47:25,2025-05-30 02:47:25
700940,501052,4,USPS,2025-05-26 14:23:51,2025-05-27 08:23:51
700941,501053,5,FedEx,2025-05-28 15:35:11,2025-05-30 04:35:11
700942,501054,2,FedEx,2025-05-28 23:10:24,2025-05-29 23:10:24
700943,501055,5,FedEx,2025-05-27 14:09:57,2025-05-29 04:09:57
700944,501056,2,FedEx,2025-05-27 19:31:31,2025-05-30 00:31:31
700945,501057,1,USPS,2025-05-28 11:30:29,2025-05-30 01:30:29
700946,501058,1,FedEx,2025-05-30 01:37:25,2025-06-02 07:37:25
700947,501059,5,FedEx,2025-05-28 21:49:58,2025-06-01 09:49:58
700948,501060,1,USPS,2025-05-27 20:47:33,2025-05-31 09:47:33
700949,501061,1,FedEx,2025-05-27 23:11:38,2025-05-29 03:11:38
700950,501062,3,FedEx,2025-05-30 11:16:11,2025-06-03 15:16:11
700951,501063,3,UPS,2025-05-28 23:21:42,2025-05-31 08:21:42
700952,501064,2,FedEx,2025-05-28 22:43:44,2025-05-29 23:43:44
700953,501065,4,UPS,2025-05-29 17:40:19,2025-05-31 02:40:19
700954,501066,1,USPS,2025-05-28 14:43:12,2025-06-01 11:43:12
700955,501067,4,UPS,2025-05-31 01:53:26,2025-06-04 22:53:26
700956,501068,4,FedEx,2025-05-28 21:12:23,2025-06-02 02:12:23
700957,501069,4,UPS,2025-05-31 00:20:44,2025-06-02 22:20:44
700958,501070,2,UPS,2025-05-31 08:47:26,2025-06-02 00:47:26
700959,501072,1,UPS,2025-05-29 21:40:01,2025-06-03 01:40:01
700960,501073,4,FedEx,2025-05-30 00:44:42,2025-06-03 09:44:42
700961,501074,3,USPS,2025-05-29 22:30:09,2025-05-31 16:30:09
700962,501075,1,UPS,2025-05-31 20:09:31,2025-06-02 19:09:31
700963,501076,3,FedEx,2025-06-01 08:43:37,2025-06-03 10:43:37
700964,501077,2,FedEx,2025-06-01 06:01:11,2025-06-05 15:01:11
700965,501078,3,USPS,2025-06-01 08:47:36,2025-06-02 12:47:36
700966,501079,1,USPS,2025-05-30 20:40:08,2025-06-04 11:40:08
700967,501080,2,USPS,2025-05-31 23:58:33,2025-06-04 04:58:33
700968,501081,2,FedEx,2025-06-02 03:52:32,2025-06-05 07:52:32
700969,501082,2,FedEx,2025-06-01 21:57:24,2025-06-04 10:57:24
700970,501083,2,USPS,2025-05-31 17:33:33,2025-06-05 13:33:33
700971,501084,2,FedEx,2025-06-02 15:17:08,2025-06-05 06:17:08
700972,501085,2,FedEx,2025-06-02 16:12:07,2025-06-05 10:12:07
700973,501086,1,UPS,2025-06-01 22:18:22,2025-06-06 15:18:22
700974,501088,3,FedEx,2025-06-02 00:05:34,2025-06-06 18:05:34
700975,501089,4,UPS,2025-06-01 17:39:38,2025-06-03 09:39:38
700976,501090,5,FedEx,2025-06-03 02:31:02,2025-06-04 11:31:02
700977,501091,2,FedEx,2025-06-02 05:50:09,2025-06-04 19:50:09
700978,501092,2,UPS,2025-06-03 17:52:00,2025-06-08 00:52:00
700979,501093,2,UPS,2025-06-02 13:46:47,2025-06-04 11:46:47
700980,501094,3,USPS,2025-06-03 15:17:06,2025-06-07 01:17:06
700981,501096,3,USPS,2025-06-04 01:44:25,2025-06-06 13:44:25
700982,501097,5,UPS,2025-06-03 22:47:28,2025-06-07 19:47:28
700983,501098,5,FedEx,2025-06-04 20:02:20,2025-06-05 22:02:20
700984,501099,2,UPS,2025-06-04 01:56:25,2025-06-07 16:56:25
700985,501100,4,UPS,2025-06-05 02:20:21,2025-06-07 18:20:21
700986,501101,5,USPS,2025-06-05 14:38:45,2025-06-09 12:38:45
700987,501102,2,USPS,2025-06-06 01:46:56,2025-06-10 06:46:56
700988,501103,2,UPS,2025-06-03 15:08:18,2025-06-06 14:08:18
700989,501104,1,FedEx,2025-06-03 23:46:46,2025-06-08 16:46:46
700990,501105,3,UPS,2025-06-04 21:45:43,2025-06-08 10:45:43
700991,501106,3,UPS,2025-06-04 17:05:45,2025-06-08 03:05:45
700992,501107,4,USPS,2025-06-06 00:58:06,2025-06-08 09:58:06
700993,501108,2,UPS,2025-06-06 07:29:45,2025-06-10 05:29:45
700994,501109,2,UPS,2025-06-05 07:02:22,2025-06-10 06:02:22
700995,501110,5,FedEx,2025-06-05 19:52:30,2025-06-07 13:52:30
700996,501111,2,UPS,2025-06-05 02:57:49,2025-06-09 18:57:49
700997,501112,3,FedEx,2025-06-05 16:42:15,2025-06-06 16:42:15
700998,501113,1,USPS,2025-06-06 09:03:42,2025-06-07 10:03:42
700999,501114,5,FedEx,2025-06-06 14:55:46,2025-06-10 10:55:46
701000,501115,3,USPS,2025-06-05 23:15:34,2025-06-10 04:15:34
701001,501117,1,FedEx,2025-06-07 14:17:39,2025-06-10 21:17:39
701002,501118,2,USPS,2025-06-06 21:16:51,2025-06-09 13:16:51
701003,501119,5,FedEx,2025-06-07 04:46:05,2025-06-10 09:46:05
701004,501121,1,USPS,2025-06-07 22:00:59,2025-06-08 16:00:59
701005,501122,2,USPS,2025-06-06 05:16:42,2025-06-09 14:16:42
701006,501123,5,FedEx,2025-06-08 16:23:06,2025-06-10 04:23:06
701007,501124,4,FedEx,2025-06-07 14:47:44,2025-06-10 10:47:44
701008,501125,3,UPS,2025-06-08 19:46:17,2025-06-09 08:46:17
701009,501126,1,UPS,2025-06-09 01:37:26,2025-06-13 22:37:26
701010,501127,5,UPS,2025-06-09 00:18:05,2025-06-10 23:18:05
701011,501128,3,UPS,2025-06-07 04:32:00,2025-06-10 18:32:00
701012,501129,1,FedEx,2025-06-09 11:35:51,2025-06-11 11:35:51
701013,501130,3,UPS,2025-06-07 12:45:10,2025-06-11 22:45:10
701014,501131,1,FedEx,2025-06-09 03:44:12,2025-06-12 18:44:12
701015,501132,1,UPS,2025-06-08 18:45:40,2025-06-13 09:45:40
701016,501133,1,FedEx,2025-06-09 10:39:35,2025-06-14 05:39:35
701017,501134,4,USPS,2025-06-08 12:56:35,2025-06-10 08:56:35
701018,501135,4,FedEx,2025-06-08 06:30:27,2025-06-12 11:30:27
701019,501136,2,UPS,2025-06-10 05:10:50,2025-06-11 06:10:50
701020,501137,3,USPS,2025-06-07 23:08:05,2025-06-11 13:08:05
701021,501138,1,UPS,2025-06-10 19:05:26,2025-06-11 12:05:26
701022,501139,5,FedEx,2025-06-09 07:25:16,2025-06-10 15:25:16
701023,501140,4,UPS,2025-06-08 16:08:09,2025-06-13 08:08:09
701024,501141,5,FedEx,2025-06-08 10:15:46,2025-06-11 02:15:46
701025,501142,5,FedEx,2025-06-10 15:22:37,2025-06-11 04:22:37
701026,501143,4,USPS,2025-06-08 12:02:14,2025-06-10 19:02:14
701027,501144,5,FedEx,2025-06-10 03:02:27,2025-06-11 00:02:27
701028,501146,5,FedEx,2025-06-09 02:15:59,2025-06-12 20:15:59
701029,501147,1,FedEx,2025-06-08 19:04:34,2025-06-10 00:04:34
701030,501148,2,USPS,2025-06-09 08:52:05,2025-06-11 02:52:05
701031,501149,4,FedEx,2025-06-09 16:18:54,2025-06-14 15:18:54
701032,501150,3,UPS,2025-06-11 04:13:55,2025-06-13 08:13:55
701033,501151,4,USPS,2025-06-11 02:59:50,2025-06-14 06:59:50
701034,501153,1,FedEx,2025-06-12 16:40:24,2025-06-13 20:40:24
701035,501156,5,UPS,2025-06-12 15:48:36,2025-06-13 10:48:36
701036,501157,5,UPS,2025-06-12 23:06:40,2025-06-16 23:06:40
701037,501158,4,UPS,2025-06-12 01:06:56,2025-06-14 01:06:56
701038,501159,4,UPS,2025-06-11 17:00:54,2025-06-14 12:00:54
701039,501160,4,UPS,2025-06-11 14:29:21,2025-06-16 13:29:21
701040,501161,1,USPS,2025-06-13 08:44:09,2025-06-16 12:44:09
701041,501162,4,FedEx,2025-06-13 04:56:17,2025-06-16 08:56:17
701042,501163,1,UPS,2025-06-12 00:06:29,2025-06-12 17:06:29
701043,501164,3,FedEx,2025-06-11 13:26:39,2025-06-15 15:26:39
701044,501165,5,UPS,2025-06-13 14:19:28,2025-06-17 22:19:28
701045,501166,1,FedEx,2025-06-13 06:06:17,2025-06-16 21:06:17
701046,501167,2,FedEx,2025-06-13 05:57:20,2025-06-16 17:57:20
701047,501168,1,USPS,2025-06-13 22:03:17,2025-06-17 11:03:17
701048,501169,4,FedEx,2025-06-13 18:03:36,2025-06-15 09:03:36
701049,501170,1,UPS,2025-06-13 07:59:12,2025-06-16 14:59:12
701050,501171,4,FedEx,2025-06-13 04:07:07,2025-06-14 05:07:07
701051,501172,4,USPS,2025-06-12 03:46:31,2025-06-14 02:46:31
701052,501173,5,FedEx,2025-06-13 21:17:19,2025-06-18 04:17:19
701053,501174,2,FedEx,2025-06-12 14:34:55,2025-06-14 08:34:55
701054,501175,2,USPS,2025-06-15 02:35:38,2025-06-19 20:35:38
701055,501176,1,USPS,2025-06-12 20:49:29,2025-06-14 08:49:29
701056,501178,1,FedEx,2025-06-14 09:46:33,2025-06-18 17:46:33
701057,501179,2,UPS,2025-06-15 20:31:03,2025-06-18 11:31:03
701058,501180,1,UPS,2025-06-13 23:18:09,2025-06-15 03:18:09
701059,501181,3,FedEx,2025-06-14 01:41:43,2025-06-15 21:41:43
701060,501182,1,UPS,2025-06-15 01:04:00,2025-06-15 19:04:00
701061,501183,3,FedEx,2025-06-15 12:36:28,2025-06-16 01:36:28
701062,501185,5,UPS,2025-06-16 21:47:46,2025-06-17 18:47:46
701063,501186,3,FedEx,2025-06-15 05:59:05,2025-06-19 00:59:05
701064,501187,1,USPS,2025-06-16 19:35:39,2025-06-17 14:35:39
701065,501188,4,FedEx,2025-06-17 08:27:27,2025-06-19 18:27:27
701066,501189,3,UPS,2025-06-15 23:45:07,2025-06-16 12:45:07
701067,501190,2,UPS,2025-06-17 03:55:46,2025-06-18 02:55:46
701068,501191,4,UPS,2025-06-17 01:02:14,2025-06-18 09:02:14
701069,501192,5,USPS,2025-06-16 18:39:18,2025-06-20 20:39:18
701070,501193,1,UPS,2025-06-18 10:22:02,2025-06-23 09:22:02
701071,501194,5,FedEx,2025-06-16 01:54:07,2025-06-18 09:54:07
701072,501195,5,UPS,2025-06-17 10:59:23,2025-06-18 16:59:23
701073,501196,2,UPS,2025-06-16 23:40:17,2025-06-17 13:40:17
701074,501197,1,USPS,2025-06-16 22:04:52,2025-06-17 23:04:52
701075,501198,2,USPS,2025-06-19 08:07:12,2025-06-22 09:07:12
701076,501199,3,FedEx,2025-06-18 16:24:32,2025-06-21 21:24:32
701077,501200,3,UPS,2025-06-18 09:22:34,2025-06-19 12:22:34
701078,501201,3,USPS,2025-06-18 00:51:51,2025-06-19 11:51:51
701079,501202,5,USPS,2025-06-18 08:53:26,2025-06-19 21:53:26
701080,501203,3,UPS,2025-06-19 13:01:20,2025-06-21 23:01:20
701081,501204,1,FedEx,2025-06-17 17:09:01,2025-06-20 01:09:01
701082,501205,1,FedEx,2025-06-18 13:18:03,2025-06-21 10:18:03
701083,501206,2,FedEx,2025-06-20 02:27:03,2025-06-21 22:27:03
701084,501208,4,FedEx,2025-06-19 20:08:55,2025-06-22 19:08:55
701085,501209,1,USPS,2025-06-19 14:59:11,2025-06-23 10:59:11
701086,501210,3,UPS,2025-06-20 01:52:36,2025-06-21 18:52:36
701087,501211,5,FedEx,2025-06-19 11:31:17,2025-06-21 07:31:17
701088,501212,3,USPS,2025-06-18 14:46:37,2025-06-21 21:46:37
701089,501213,5,UPS,2025-06-21 05:50:45,2025-06-22 18:50:45
701090,501214,1,FedEx,2025-06-19 14:03:27,2025-06-23 04:03:27
701091,501215,5,FedEx,2025-06-20 13:07:06,2025-06-21 11:07:06
701092,501216,2,USPS,2025-06-19 08:56:50,2025-06-20 14:56:50
701093,501218,5,UPS,2025-06-19 17:45:33,2025-06-20 16:45:33
701094,501219,5,USPS,2025-06-19 18:37:20,2025-06-22 09:37:20
701095,501220,1,FedEx,2025-06-19 10:55:30,2025-06-23 09:55:30
701096,501221,5,UPS,2025-06-19 14:11:24,2025-06-23 16:11:24
701097,501222,5,UPS,2025-06-19 13:15:46,2025-06-24 01:15:46
701098,501223,2,USPS,2025-06-20 12:28:16,2025-06-22 06:28:16
701099,501225,3,UPS,2025-06-19 13:31:46,2025-06-23 18:31:46
701100,501226,2,UPS,2025-06-20 01:45:18,2025-06-20 18:45:18
701101,501227,2,USPS,2025-06-20 01:01:36,2025-06-22 15:01:36
701102,501228,2,USPS,2025-06-22 10:25:29,2025-06-27 06:25:29
701103,501229,5,UPS,2025-06-20 05:45:07,2025-06-22 19:45:07
701104,501230,4,FedEx,2025-06-21 23:50:34,2025-06-24 00:50:34
701105,501231,5,UPS,2025-06-20 16:00:06,2025-06-22 05:00:06
701106,501232,5,UPS,2025-06-21 15:08:54,2025-06-22 05:08:54
701107,501233,2,USPS,2025-06-22 12:33:10,2025-06-23 07:33:10
701108,501234,4,UPS,2025-06-21 13:39:14,2025-06-26 11:39:14
701109,501235,1,FedEx,2025-06-21 16:21:07,2025-06-26 13:21:07
701110,501236,5,UPS,2025-06-22 19:18:10,2025-06-25 04:18:10
701111,501237,5,USPS,2025-06-22 03:33:09,2025-06-23 11:33:09
701112,501238,1,FedEx,2025-06-23 10:04:53,2025-06-27 00:04:53
701113,501239,4,USPS,2025-06-22 05:00:50,2025-06-25 20:00:50
701114,501240,5,USPS,2025-06-21 22:06:52,2025-06-24 05:06:52
701115,501241,2,FedEx,2025-06-22 02:19:30,2025-06-23 00:19:30
701116,501242,1,UPS,2025-06-23 00:33:04,2025-06-25 00:33:04
701117,501243,1,UPS,2025-06-23 07:32:28,2025-06-24 16:32:28
701118,501244,4,FedEx,2025-06-23 06:44:48,2025-06-27 22:44:48
701119,501245,4,FedEx,2025-06-21 22:28:41,2025-06-26 21:28:41
701120,501246,3,UPS,2025-06-23 00:28:27,2025-06-26 22:28:27
701121,501247,5,USPS,2025-06-23 21:20:01,2025-06-25 04:20:01
701122,501248,1,USPS,2025-06-22 20:01:56,2025-06-23 16:01:56
701123,501249,4,UPS,2025-06-22 10:52:09,2025-06-23 18:52:09
701124,501250,1,FedEx,2025-06-22 18:18:33,2025-06-23 13:18:33
701125,501251,5,USPS,2025-06-22 15:08:48,2025-06-24 22:08:48
701126,501253,2,FedEx,2025-06-24 04:02:54,2025-06-24 17:02:54
701127,501254,4,UPS,2025-06-24 22:56:29,2025-06-26 09:56:29
701128,501255,5,FedEx,2025-06-23 02:20:12,2025-06-26 11:20:12
701129,501256,4,USPS,2025-06-23 07:18:51,2025-06-27 05:18:51
701130,501257,2,UPS,2025-06-23 04:48:28,2025-06-27 05:48:28
701131,501258,3,USPS,2025-06-26 10:46:37,2025-06-27 00:46:37
701132,501260,3,FedEx,2025-06-25 10:43:02,2025-06-28 03:43:02
701133,501261,2,UPS,2025-06-26 11:59:29,2025-06-27 16:59:29
701134,501262,1,FedEx,2025-06-26 19:54:04,2025-06-28 07:54:04
701135,501263,4,UPS,2025-06-26 11:00:24,2025-06-29 23:00:24
701136,501265,3,UPS,2025-06-25 10:34:01,2025-06-26 19:34:01
701137,501266,4,FedEx,2025-06-26 09:38:38,2025-06-29 23:38:38
701138,501267,3,USPS,2025-06-27 20:41:29,2025-07-01 12:41:29
701139,501268,3,USPS,2025-06-28 03:01:40,2025-06-30 19:01:40
701140,501270,5,FedEx,2025-06-28 08:51:30,2025-06-30 10:51:30
701141,501271,4,UPS,2025-06-26 21:58:04,2025-07-01 13:58:04
701142,501274,4,USPS,2025-06-28 02:20:42,2025-07-02 18:20:42
701143,501275,1,USPS,2025-06-29 04:29:04,2025-07-01 16:29:04
701144,501276,4,UPS,2025-06-27 05:21:37,2025-06-29 16:21:37
701145,501278,1,FedEx,2025-06-27 20:44:41,2025-07-01 01:44:41
701146,501279,5,FedEx,2025-06-27 18:19:48,2025-07-02 02:19:48
701147,501280,2,USPS,2025-06-29 14:47:35,2025-07-01 13:47:35
701148,501281,1,UPS,2025-06-28 02:55:40,2025-07-02 14:55:40
701149,501282,1,FedEx,2025-06-28 03:03:52,2025-07-01 20:03:52
701150,501283,4,FedEx,2025-06-30 00:06:10,2025-06-30 19:06:10
701151,501284,1,UPS,2025-06-27 19:53:12,2025-07-02 03:53:12
701152,501285,1,USPS,2025-06-28 04:16:35,2025-06-30 04:16:35
701153,501286,4,USPS,2025-06-28 21:10:32,2025-07-03 19:10:32
701154,501287,1,FedEx,2025-06-30 17:37:37,2025-07-02 22:37:37
701155,501288,3,USPS,2025-06-29 16:57:49,2025-07-04 02:57:49
701156,501289,2,FedEx,2025-07-01 12:33:47,2025-07-06 03:33:47
701157,501290,2,FedEx,2025-07-01 16:37:16,2025-07-04 00:37:16
701158,501291,1,UPS,2025-07-01 18:23:34,2025-07-06 04:23:34
701159,501293,1,USPS,2025-07-02 00:57:57,2025-07-03 22:57:57
701160,501294,3,USPS,2025-06-30 21:17:11,2025-07-01 12:17:11
701161,501295,5,UPS,2025-07-02 02:50:01,2025-07-04 04:50:01
701162,501296,2,USPS,2025-07-02 10:35:13,2025-07-05 13:35:13
701163,501297,1,FedEx,2025-07-02 17:44:42,2025-07-04 17:44:42
701164,501298,3,FedEx,2025-07-01 09:30:45,2025-07-03 19:30:45
701165,501299,3,UPS,2025-07-02 16:37:44,2025-07-03 23:37:44
701166,501300,4,FedEx,2025-06-30 18:46:29,2025-07-02 10:46:29
701167,501301,4,UPS,2025-07-03 16:01:28,2025-07-04 17:01:28
701168,501302,2,UPS,2025-07-04 00:10:15,2025-07-06 12:10:15
701169,501303,4,FedEx,2025-07-01 21:38:19,2025-07-05 20:38:19
701170,501304,1,USPS,2025-07-01 12:02:22,2025-07-02 20:02:22
701171,501305,2,FedEx,2025-07-03 04:12:53,2025-07-03 23:12:53
701172,501306,5,USPS,2025-07-03 01:38:17,2025-07-04 18:38:17
701173,501307,1,UPS,2025-07-03 07:54:50,2025-07-07 11:54:50
701174,501308,4,USPS,2025-07-04 16:11:59,2025-07-07 14:11:59
701175,501311,5,FedEx,2025-07-05 03:31:50,2025-07-08 08:31:50
701176,501312,1,UPS,2025-07-04 17:33:40,2025-07-05 19:33:40
701177,501313,3,UPS,2025-07-03 23:42:48,2025-07-08 05:42:48
701178,501314,1,FedEx,2025-07-05 02:25:12,2025-07-07 18:25:12
701179,501316,1,USPS,2025-07-06 18:33:50,2025-07-09 01:33:50
701180,501317,3,USPS,2025-07-05 08:34:00,2025-07-08 11:34:00
701181,501318,5,UPS,2025-07-06 04:50:02,2025-07-07 10:50:02
701182,501320,4,USPS,2025-07-04 17:50:44,2025-07-09 14:50:44
701183,501321,4,UPS,2025-07-05 21:14:43,2025-07-09 18:14:43
701184,501322,4,USPS,2025-07-06 09:51:46,2025-07-10 17:51:46
701185,501323,2,FedEx,2025-07-07 06:16:56,2025-07-12 02:16:56
701186,501324,4,UPS,2025-07-06 17:01:30,2025-07-09 13:01:30
701187,501325,5,FedEx,2025-07-07 09:40:47,2025-07-09 00:40:47
701188,501326,2,FedEx,2025-07-06 22:04:04,2025-07-09 23:04:04
701189,501327,2,UPS,2025-07-08 06:24:48,2025-07-12 01:24:48
701190,501328,2,FedEx,2025-07-08 07:21:05,2025-07-11 17:21:05
701191,501329,5,USPS,2025-07-07 02:38:06,2025-07-10 03:38:06
701192,501331,3,FedEx,2025-07-08 08:17:42,2025-07-12 22:17:42
701193,501332,1,UPS,2025-07-07 09:11:07,2025-07-12 07:11:07
701194,501333,5,USPS,2025-07-07 17:19:11,2025-07-10 15:19:11
701195,501334,2,USPS,2025-07-07 16:46:21,2025-07-08 21:46:21
701196,501336,4,USPS,2025-07-08 23:48:29,2025-07-09 23:48:29
701197,501337,5,UPS,2025-07-07 20:43:43,2025-07-09 02:43:43
701198,501338,5,UPS,2025-07-07 17:44:30,2025-07-09 12:44:30
701199,501340,5,UPS,2025-07-08 11:03:38,2025-07-12 00:03:38
701200,501341,5,FedEx,2025-07-08 12:47:23,2025-07-09 23:47:23
701201,501342,3,FedEx,2025-07-08 05:10:52,2025-07-10 20:10:52
701202,501344,1,UPS,2025-07-10 05:46:29,2025-07-12 15:46:29
701203,501345,2,UPS,2025-07-08 19:31:41,2025-07-12 10:31:41
701204,501346,4,FedEx,2025-07-09 21:12:53,2025-07-13 19:12:53
701205,501347,1,FedEx,2025-07-10 15:21:58,2025-07-14 10:21:58
701206,501348,4,FedEx,2025-07-10 15:47:20,2025-07-12 13:47:20
701207,501349,4,USPS,2025-07-11 01:26:18,2025-07-14 23:26:18
701208,501350,4,FedEx,2025-07-11 11:02:24,2025-07-12 05:02:24
701209,501351,1,UPS,2025-07-12 05:16:34,2025-07-13 03:16:34
701210,501352,4,FedEx,2025-07-12 18:58:23,2025-07-14 07:58:23
701211,501353,3,USPS,2025-07-11 21:39:30,2025-07-16 00:39:30
701212,501355,4,FedEx,2025-07-11 15:32:46,2025-07-13 00:32:46
701213,501356,1,USPS,2025-07-11 02:36:36,2025-07-13 21:36:36
701214,501357,4,FedEx,2025-07-12 03:35:50,2025-07-14 03:35:50
701215,501358,4,UPS,2025-07-12 06:43:27,2025-07-13 22:43:27
701216,501360,2,USPS,2025-07-12 17:26:12,2025-07-16 07:26:12
701217,501361,4,FedEx,2025-07-11 13:45:52,2025-07-15 14:45:52
701218,501363,4,UPS,2025-07-12 09:22:42,2025-07-15 08:22:42
701219,501364,5,USPS,2025-07-11 15:37:22,2025-07-12 22:37:22
701220,501365,1,FedEx,2025-07-11 19:30:04,2025-07-13 05:30:04
701221,501366,4,FedEx,2025-07-12 19:20:18,2025-07-14 03:20:18
701222,501369,3,FedEx,2025-07-13 20:06:20,2025-07-18 01:06:20
701223,501370,4,USPS,2025-07-13 10:02:45,2025-07-13 22:02:45
701224,501371,2,USPS,2025-07-13 14:16:58,2025-07-15 14:16:58
701225,501372,2,USPS,2025-07-14 10:24:43,2025-07-18 03:24:43
701226,501374,4,UPS,2025-07-13 13:41:50,2025-07-16 21:41:50
701227,501375,5,FedEx,2025-07-14 10:36:14,2025-07-15 04:36:14
701228,501376,2,USPS,2025-07-13 10:43:28,2025-07-17 23:43:28
701229,501377,1,FedEx,2025-07-13 20:22:43,2025-07-17 22:22:43
701230,501378,5,UPS,2025-07-14 10:35:31,2025-07-15 23:35:31
701231,501379,1,FedEx,2025-07-14 01:39:57,2025-07-16 23:39:57
701232,501380,4,USPS,2025-07-16 06:07:56,2025-07-21 02:07:56
701233,501381,3,UPS,2025-07-15 23:00:24,2025-07-19 19:00:24
701234,501383,3,FedEx,2025-07-14 23:59:36,2025-07-19 00:59:36
701235,501384,1,FedEx,2025-07-16 23:50:58,2025-07-20 17:50:58
701236,501385,5,USPS,2025-07-17 03:18:09,2025-07-18 11:18:09
701237,501386,2,FedEx,2025-07-15 03:58:17,2025-07-19 20:58:17
701238,501387,1,FedEx,2025-07-15 06:29:31,2025-07-18 17:29:31
701239,501388,5,USPS,2025-07-15 23:04:54,2025-07-18 19:04:54
701240,501389,1,USPS,2025-07-16 16:19:59,2025-07-20 01:19:59
701241,501390,3,USPS,2025-07-15 09:41:46,2025-07-17 13:41:46
701242,501391,3,UPS,2025-07-16 18:00:57,2025-07-17 15:00:57
701243,501392,2,USPS,2025-07-17 16:32:07,2025-07-19 19:32:07
701244,501393,4,USPS,2025-07-16 00:25:59,2025-07-16 13:25:59
701245,501394,3,USPS,2025-07-17 02:26:46,2025-07-21 02:26:46
701246,501395,3,USPS,2025-07-17 21:25:07,2025-07-20 12:25:07
701247,501396,3,USPS,2025-07-16 15:52:32,2025-07-21 03:52:32
701248,501397,3,USPS,2025-07-17 14:56:11,2025-07-18 16:56:11
701249,501398,5,FedEx,2025-07-16 20:41:27,2025-07-20 13:41:27
701250,501399,3,FedEx,2025-07-18 03:22:58,2025-07-18 20:22:58
701251,501400,1,UPS,2025-07-18 00:43:29,2025-07-22 00:43:29
701252,501401,2,USPS,2025-07-18 06:34:10,2025-07-20 08:34:10
701253,501402,4,FedEx,2025-07-18 03:52:16,2025-07-19 20:52:16
701254,501403,1,UPS,2025-07-16 23:52:25,2025-07-21 12:52:25
701255,501404,1,USPS,2025-07-16 08:04:53,2025-07-17 11:04:53
701256,501405,1,FedEx,2025-07-17 04:04:10,2025-07-18 12:04:10
701257,501406,4,UPS,2025-07-19 04:33:13,2025-07-20 00:33:13
701258,501408,1,UPS,2025-07-17 03:11:03,2025-07-20 07:11:03
701259,501409,5,FedEx,2025-07-17 04:45:49,2025-07-18 10:45:49
701260,501410,1,UPS,2025-07-18 07:38:22,2025-07-21 21:38:22
701261,501411,4,USPS,2025-07-20 05:55:41,2025-07-25 04:55:41
701262,501412,1,UPS,2025-07-18 22:38:27,2025-07-20 17:38:27
701263,501413,4,UPS,2025-07-20 01:24:20,2025-07-21 23:24:20
701264,501416,3,UPS,2025-07-18 07:55:32,2025-07-19 16:55:32
701265,501417,3,FedEx,2025-07-20 13:47:56,2025-07-24 12:47:56
701266,501418,1,UPS,2025-07-19 09:34:47,2025-07-22 16:34:47
701267,501419,1,USPS,2025-07-20 21:05:02,2025-07-22 03:05:02
701268,501420,5,FedEx,2025-07-19 00:17:22,2025-07-21 01:17:22
701269,501421,4,USPS,2025-07-19 06:18:09,2025-07-22 09:18:09
701270,501422,4,UPS,2025-07-19 07:18:21,2025-07-21 21:18:21
701271,501423,4,UPS,2025-07-19 18:44:04,2025-07-21 20:44:04
701272,501424,4,FedEx,2025-07-20 12:46:23,2025-07-22 18:46:23
701273,501425,2,FedEx,2025-07-21 00:30:18,2025-07-22 15:30:18
701274,501426,5,FedEx,2025-07-20 11:13:02,2025-07-25 07:13:02
701275,501427,1,UPS,2025-07-20 08:24:22,2025-07-23 14:24:22
701276,501428,2,UPS,2025-07-21 16:47:18,2025-07-22 08:47:18
701277,501429,5,FedEx,2025-07-21 00:07:24,2025-07-24 18:07:24
701278,501430,2,FedEx,2025-07-20 16:37:44,2025-07-22 06:37:44
701279,501431,2,FedEx,2025-07-20 23:56:43,2025-07-24 11:56:43
701280,501432,2,USPS,2025-07-20 11:28:12,2025-07-25 09:28:12
701281,501433,1,UPS,2025-07-20 20:11:18,2025-07-25 17:11:18
701282,501434,1,USPS,2025-07-22 15:22:28,2025-07-24 12:22:28
701283,501435,5,USPS,2025-07-21 15:19:57,2025-07-25 13:19:57
701284,501436,3,UPS,2025-07-20 11:17:56,2025-07-23 06:17:56
701285,501438,4,FedEx,2025-07-22 19:26:41,2025-07-23 15:26:41
701286,501439,2,UPS,2025-07-22 08:20:26,2025-07-24 00:20:26
701287,501440,2,UPS,2025-07-21 22:58:16,2025-07-25 12:58:16
701288,501441,5,UPS,2025-07-22 01:14:31,2025-07-25 23:14:31
701289,501443,5,UPS,2025-07-22 21:02:52,2025-07-27 06:02:52
701290,501444,5,UPS,2025-07-23 10:23:28,2025-07-27 23:23:28
701291,501445,2,FedEx,2025-07-22 12:54:08,2025-07-26 15:54:08
701292,501446,2,FedEx,2025-07-24 04:17:56,2025-07-25 12:17:56
701293,501447,2,USPS,2025-07-24 07:52:24,2025-07-29 01:52:24
701294,501448,5,UPS,2025-07-22 15:04:44,2025-07-27 01:04:44
701295,501449,5,USPS,2025-07-23 04:21:05,2025-07-26 07:21:05
701296,501450,4,USPS,2025-07-24 11:05:20,2025-07-28 09:05:20
701297,501451,2,FedEx,2025-07-23 06:31:00,2025-07-27 18:31:00
701298,501452,5,USPS,2025-07-23 01:49:41,2025-07-25 13:49:41
701299,501453,3,USPS,2025-07-24 14:23:47,2025-07-29 08:23:47
701300,501454,2,FedEx,2025-07-25 04:24:05,2025-07-28 10:24:05
701301,501455,4,UPS,2025-07-25 09:39:00,2025-07-27 11:39:00
701302,501457,1,UPS,2025-07-25 12:00:40,2025-07-29 00:00:40
701303,501459,1,USPS,2025-07-24 14:06:12,2025-07-28 18:06:12
701304,501460,2,FedEx,2025-07-23 19:05:35,2025-07-26 05:05:35
701305,501461,2,UPS,2025-07-24 12:13:51,2025-07-28 16:13:51
701306,501462,1,UPS,2025-07-26 12:50:52,2025-07-27 02:50:52
701307,501463,2,FedEx,2025-07-24 09:37:28,2025-07-25 22:37:28
701308,501465,5,USPS,2025-07-26 22:37:35,2025-07-29 10:37:35
701309,501466,4,UPS,2025-07-26 19:01:46,2025-07-27 21:01:46
701310,501467,1,UPS,2025-07-24 15:47:06,2025-07-27 21:47:06
701311,501468,3,FedEx,2025-07-27 04:50:42,2025-07-29 12:50:42
701312,501469,5,UPS,2025-07-26 09:10:27,2025-07-28 11:10:27
701313,501470,5,UPS,2025-07-26 05:43:26,2025-07-27 15:43:26
701314,501471,3,USPS,2025-07-25 21:33:42,2025-07-28 06:33:42
701315,501472,2,UPS,2025-07-27 11:28:30,2025-07-29 06:28:30
701316,501474,3,USPS,2025-07-26 08:41:17,2025-07-28 13:41:17
701317,501475,2,UPS,2025-07-26 12:58:42,2025-07-29 02:58:42
701318,501476,5,FedEx,2025-07-25 15:20:00,2025-07-27 19:20:00
701319,501477,5,FedEx,2025-07-26 00:03:56,2025-07-26 16:03:56
701320,501478,4,USPS,2025-07-27 01:23:11,2025-07-28 23:23:11
701321,501479,5,FedEx,2025-07-27 23:54:26,2025-07-30 14:54:26
701322,501480,2,FedEx,2025-07-26 23:25:01,2025-07-31 19:25:01
701323,501481,5,UPS,2025-07-26 15:20:24,2025-07-29 01:20:24
701324,501482,2,USPS,2025-07-26 14:03:54,2025-07-30 15:03:54
701325,501483,1,USPS,2025-07-28 00:35:46,2025-08-01 06:35:46
701326,501484,4,USPS,2025-07-27 10:30:56,2025-07-28 03:30:56
701327,501485,5,FedEx,2025-07-26 20:21:48,2025-07-30 23:21:48
701328,501486,5,UPS,2025-07-28 12:00:11,2025-08-01 10:00:11
701329,501487,5,FedEx,2025-07-28 16:18:25,2025-07-30 02:18:25
701330,501488,1,FedEx,2025-07-27 04:07:40,2025-07-28 09:07:40
701331,501489,2,UPS,2025-07-29 02:55:28,2025-08-01 21:55:28
701332,501490,5,UPS,2025-07-29 06:55:43,2025-07-31 13:55:43
701333,501491,5,UPS,2025-07-28 15:09:36,2025-08-01 03:09:36
701334,501492,5,UPS,2025-07-28 03:39:15,2025-07-30 21:39:15
701335,501493,2,USPS,2025-07-28 08:06:39,2025-08-02 01:06:39
701336,501494,5,FedEx,2025-07-28 04:33:35,2025-07-30 19:33:35
701337,501495,5,USPS,2025-07-28 02:30:35,2025-07-30 17:30:35
701338,501497,4,FedEx,2025-07-29 04:53:47,2025-07-31 09:53:47
701339,501498,4,FedEx,2025-07-29 02:56:28,2025-07-31 08:56:28
701340,501501,5,USPS,2025-07-29 07:18:47,2025-08-02 20:18:47
701341,501502,4,UPS,2025-07-30 01:46:30,2025-08-02 22:46:30
701342,501503,4,UPS,2025-07-31 09:32:28,2025-08-02 05:32:28
701343,501504,4,FedEx,2025-07-29 00:09:03,2025-08-02 16:09:03
701344,501505,1,UPS,2025-07-30 00:11:46,2025-07-31 21:11:46
701345,501506,3,FedEx,2025-07-30 10:09:40,2025-08-01 01:09:40
701346,501507,3,USPS,2025-07-29 13:42:39,2025-07-30 23:42:39
701347,501508,1,USPS,2025-07-30 21:15:07,2025-08-02 06:15:07
701348,501512,2,UPS,2025-07-30 16:28:58,2025-08-02 15:28:58
701349,501513,5,USPS,2025-07-31 16:37:51,2025-08-01 22:37:51
701350,501514,2,FedEx,2025-08-01 10:37:23,2025-08-06 03:37:23
701351,501515,5,USPS,2025-08-01 08:06:04,2025-08-02 20:06:04
701352,501516,4,USPS,2025-08-01 07:04:01,2025-08-04 18:04:01
701353,501517,4,FedEx,2025-07-31 14:51:53,2025-08-03 07:51:53
701354,501518,5,FedEx,2025-07-31 04:10:27,2025-07-31 19:10:27
701355,501519,2,FedEx,2025-07-30 14:23:33,2025-07-31 07:23:33
701356,501520,4,UPS,2025-08-02 06:33:25,2025-08-04 17:33:25
701357,501521,1,UPS,2025-07-31 22:11:55,2025-08-02 04:11:55
701358,501522,2,FedEx,2025-08-01 05:14:19,2025-08-02 15:14:19
701359,501523,4,UPS,2025-07-31 08:45:56,2025-07-31 21:45:56
701360,501526,3,UPS,2025-08-03 04:09:55,2025-08-04 02:09:55
701361,501527,5,USPS,2025-07-31 15:19:30,2025-08-02 23:19:30
701362,501528,3,FedEx,2025-08-02 02:27:37,2025-08-04 04:27:37
701363,501529,4,USPS,2025-08-02 09:57:11,2025-08-06 19:57:11
701364,501530,5,FedEx,2025-08-02 12:02:21,2025-08-04 11:02:21
701365,501531,3,FedEx,2025-08-01 12:55:54,2025-08-02 01:55:54
701366,501532,4,UPS,2025-08-02 12:13:20,2025-08-03 11:13:20
701367,501533,5,UPS,2025-08-02 15:02:25,2025-08-06 03:02:25
701368,501534,4,FedEx,2025-08-04 02:47:36,2025-08-05 09:47:36
701369,501536,5,UPS,2025-08-03 05:23:38,2025-08-04 04:23:38
701370,501537,3,FedEx,2025-08-04 08:47:13,2025-08-09 05:47:13
701371,501539,5,UPS,2025-08-02 17:59:37,2025-08-05 15:59:37
701372,501540,5,USPS,2025-08-04 15:21:41,2025-08-07 14:21:41
701373,501541,1,FedEx,2025-08-04 16:20:38,2025-08-08 14:20:38
701374,501542,2,FedEx,2025-08-03 04:50:38,2025-08-07 18:50:38
701375,501543,3,FedEx,2025-08-04 23:51:55,2025-08-09 21:51:55
701376,501544,5,FedEx,2025-08-03 15:28:41,2025-08-06 01:28:41
701377,501546,5,UPS,2025-08-03 12:10:21,2025-08-07 01:10:21
701378,501547,5,USPS,2025-08-05 03:30:48,2025-08-07 19:30:48
701379,501548,3,FedEx,2025-08-05 19:57:30,2025-08-10 06:57:30
701380,501549,3,FedEx,2025-08-04 03:13:02,2025-08-05 17:13:02
701381,501550,5,UPS,2025-08-04 17:26:53,2025-08-08 12:26:53
701382,501551,1,USPS,2025-08-04 12:10:35,2025-08-07 16:10:35
701383,501552,3,USPS,2025-08-06 22:17:30,2025-08-08 11:17:30
701384,501553,1,USPS,2025-08-04 22:14:48,2025-08-08 19:14:48
701385,501554,5,USPS,2025-08-06 08:57:48,2025-08-08 16:57:48
701386,501555,5,UPS,2025-08-06 02:39:47,2025-08-09 10:39:47
701387,501556,1,USPS,2025-08-07 05:43:52,2025-08-07 21:43:52
701388,501557,3,UPS,2025-08-05 07:28:28,2025-08-08 12:28:28
701389,501558,1,FedEx,2025-08-05 07:54:04,2025-08-06 16:54:04
701390,501559,4,USPS,2025-08-07 20:16:21,2025-08-11 22:16:21
701391,501560,3,USPS,2025-08-07 21:28:02,2025-08-08 09:28:02
701392,501562,5,FedEx,2025-08-06 08:22:08,2025-08-07 16:22:08
701393,501563,5,FedEx,2025-08-06 16:18:54,2025-08-07 05:18:54
701394,501564,2,UPS,2025-08-06 04:44:56,2025-08-10 03:44:56
701395,501565,2,UPS,2025-08-05 18:34:27,2025-08-10 14:34:27
701396,501566,4,FedEx,2025-08-06 22:55:09,2025-08-08 00:55:09
701397,501567,2,USPS,2025-08-08 19:22:07,2025-08-12 13:22:07
701398,501568,4,FedEx,2025-08-06 04:37:41,2025-08-08 19:37:41
701399,501569,4,USPS,2025-08-06 12:40:23,2025-08-07 17:40:23
701400,501570,2,FedEx,2025-08-07 23:30:33,2025-08-11 07:30:33
701401,501571,2,USPS,2025-08-07 00:45:17,2025-08-11 19:45:17
701402,501572,3,UPS,2025-08-07 09:57:49,2025-08-08 11:57:49
701403,501573,4,UPS,2025-08-07 04:55:35,2025-08-08 00:55:35
701404,501574,3,FedEx,2025-08-07 12:36:50,2025-08-09 18:36:50
701405,501576,4,FedEx,2025-08-08 18:23:07,2025-08-10 20:23:07
701406,501577,5,UPS,2025-08-08 18:47:49,2025-08-11 10:47:49
701407,501578,3,USPS,2025-08-08 20:13:33,2025-08-09 19:13:33
701408,501579,5,USPS,2025-08-08 04:48:10,2025-08-11 21:48:10
701409,501580,1,USPS,2025-08-09 14:09:38,2025-08-12 01:09:38
701410,501581,4,FedEx,2025-08-08 08:34:16,2025-08-11 06:34:16
701411,501582,1,UPS,2025-08-08 14:31:23,2025-08-10 20:31:23
701412,501583,4,FedEx,2025-08-07 17:21:11,2025-08-10 03:21:11
701413,501584,4,FedEx,2025-08-08 20:19:55,2025-08-12 02:19:55
701414,501585,3,UPS,2025-08-10 10:36:05,2025-08-11 21:36:05
701415,501588,2,USPS,2025-08-10 03:44:41,2025-08-14 08:44:41
701416,501589,1,UPS,2025-08-09 07:25:40,2025-08-13 04:25:40
701417,501590,4,USPS,2025-08-10 01:31:21,2025-08-14 11:31:21
701418,501592,3,FedEx,2025-08-10 13:11:47,2025-08-12 17:11:47
701419,501593,3,USPS,2025-08-12 02:37:10,2025-08-15 18:37:10
701420,501594,2,FedEx,2025-08-10 06:52:13,2025-08-12 08:52:13
701421,501595,2,FedEx,2025-08-11 04:09:45,2025-08-15 11:09:45
701422,501596,5,UPS,2025-08-10 20:12:01,2025-08-15 07:12:01
701423,501597,3,FedEx,2025-08-10 06:18:56,2025-08-11 07:18:56
701424,501598,2,UPS,2025-08-10 22:32:19,2025-08-15 04:32:19
701425,501599,1,UPS,2025-08-11 17:40:54,2025-08-13 13:40:54
701426,501600,5,UPS,2025-08-11 05:31:58,2025-08-11 18:31:58
701427,501601,3,USPS,2025-08-11 04:46:25,2025-08-12 05:46:25
701428,501603,2,FedEx,2025-08-10 12:31:41,2025-08-11 02:31:41
701429,501604,1,FedEx,2025-08-12 19:57:14,2025-08-13 20:57:14
701430,501605,5,FedEx,2025-08-10 22:51:41,2025-08-12 09:51:41
701431,501606,3,UPS,2025-08-12 07:27:23,2025-08-13 14:27:23
701432,501607,1,FedEx,2025-08-11 04:30:52,2025-08-14 04:30:52
701433,501608,3,FedEx,2025-08-12 09:47:33,2025-08-15 03:47:33
701434,501609,3,USPS,2025-08-10 23:31:49,2025-08-14 19:31:49
701435,501610,5,FedEx,2025-08-12 12:10:24,2025-08-15 15:10:24
701436,501612,2,USPS,2025-08-13 18:18:17,2025-08-16 15:18:17
701437,501613,5,USPS,2025-08-13 05:47:11,2025-08-17 13:47:11
701438,501614,4,FedEx,2025-08-12 06:12:09,2025-08-14 08:12:09
701439,501615,2,FedEx,2025-08-13 20:25:26,2025-08-16 21:25:26
701440,501616,3,FedEx,2025-08-13 20:59:42,2025-08-16 03:59:42
701441,501617,3,FedEx,2025-08-13 22:37:39,2025-08-18 08:37:39
701442,501618,5,UPS,2025-08-13 23:11:43,2025-08-15 15:11:43
701443,501619,4,FedEx,2025-08-12 11:26:47,2025-08-15 01:26:47
701444,501620,3,UPS,2025-08-13 06:44:48,2025-08-16 10:44:48
701445,501621,4,USPS,2025-08-12 12:16:42,2025-08-16 03:16:42
701446,501622,3,UPS,2025-08-13 07:40:47,2025-08-17 18:40:47
701447,501623,2,UPS,2025-08-14 14:46:51,2025-08-15 06:46:51
701448,501624,3,FedEx,2025-08-15 14:34:42,2025-08-16 14:34:42
701449,501625,1,UPS,2025-08-15 05:17:49,2025-08-17 09:17:49
701450,501626,4,USPS,2025-08-14 19:30:11,2025-08-16 15:30:11
701451,501627,4,USPS,2025-08-14 18:44:23,2025-08-17 08:44:23
701452,501628,4,USPS,2025-08-14 13:27:21,2025-08-16 05:27:21
701453,501629,5,USPS,2025-08-16 02:18:52,2025-08-18 18:18:52
701454,501630,2,UPS,2025-08-16 00:21:18,2025-08-19 03:21:18
701455,501631,3,FedEx,2025-08-13 22:31:04,2025-08-18 10:31:04
701456,501632,4,USPS,2025-08-15 19:15:23,2025-08-18 15:15:23
701457,501634,2,UPS,2025-08-14 17:26:25,2025-08-17 09:26:25
701458,501635,5,UPS,2025-08-13 23:40:34,2025-08-18 22:40:34
701459,501636,4,UPS,2025-08-14 11:40:54,2025-08-17 08:40:54
701460,501637,2,UPS,2025-08-15 06:45:28,2025-08-16 06:45:28
701461,501638,5,UPS,2025-08-14 16:59:09,2025-08-19 15:59:09
701462,501639,2,USPS,2025-08-16 16:14:02,2025-08-20 03:14:02
701463,501640,1,UPS,2025-08-15 01:18:44,2025-08-16 02:18:44
701464,501641,1,FedEx,2025-08-17 01:21:48,2025-08-20 14:21:48
701465,501642,2,USPS,2025-08-16 17:08:25,2025-08-19 23:08:25
701466,501643,2,FedEx,2025-08-16 09:33:48,2025-08-17 09:33:48
701467,501644,3,USPS,2025-08-16 11:55:40,2025-08-19 10:55:40
701468,501645,4,UPS,2025-08-16 05:45:38,2025-08-20 03:45:38
701469,501647,5,USPS,2025-08-18 18:29:21,2025-08-22 14:29:21
701470,501648,3,FedEx,2025-08-17 14:36:18,2025-08-22 11:36:18
701471,501650,5,UPS,2025-08-17 22:39:25,2025-08-19 11:39:25
701472,501651,5,FedEx,2025-08-17 19:15:37,2025-08-19 04:15:37
701473,501652,2,USPS,2025-08-18 21:40:50,2025-08-21 20:40:50
701474,501653,2,FedEx,2025-08-18 13:42:32,2025-08-21 19:42:32
701475,501654,4,USPS,2025-08-19 03:58:49,2025-08-20 05:58:49
701476,501655,3,USPS,2025-08-19 14:21:19,2025-08-23 19:21:19
701477,501656,2,USPS,2025-08-18 00:06:46,2025-08-20 05:06:46
701478,501657,5,USPS,2025-08-18 11:29:12,2025-08-21 06:29:12
701479,501658,2,FedEx,2025-08-20 11:17:43,2025-08-22 08:17:43
701480,501659,3,FedEx,2025-08-18 04:22:34,2025-08-19 09:22:34
701481,501660,5,FedEx,2025-08-18 17:40:57,2025-08-20 08:40:57
701482,501661,5,USPS,2025-08-19 05:21:18,2025-08-20 22:21:18
701483,501663,5,UPS,2025-08-19 05:17:45,2025-08-23 04:17:45
701484,501664,1,UPS,2025-08-19 16:57:57,2025-08-21 18:57:57
701485,501665,3,USPS,2025-08-19 01:29:11,2025-08-21 04:29:11
701486,501666,5,USPS,2025-08-20 05:15:30,2025-08-22 06:15:30
701487,501667,1,USPS,2025-08-21 22:34:53,2025-08-22 21:34:53
701488,501668,5,FedEx,2025-08-21 14:55:42,2025-08-22 23:55:42
701489,501669,1,USPS,2025-08-21 07:07:14,2025-08-25 10:07:14
701490,501670,5,UPS,2025-08-21 12:57:52,2025-08-25 20:57:52
701491,501671,1,UPS,2025-08-21 12:16:23,2025-08-23 23:16:23
701492,501672,4,USPS,2025-08-21 20:53:26,2025-08-23 20:53:26
701493,501673,2,UPS,2025-08-20 16:28:28,2025-08-23 06:28:28
701494,501674,5,USPS,2025-08-20 17:02:36,2025-08-24 04:02:36
701495,501675,3,USPS,2025-08-21 21:00:29,2025-08-22 20:00:29
701496,501677,2,FedEx,2025-08-20 21:58:41,2025-08-22 12:58:41
701497,501678,1,USPS,2025-08-22 21:13:34,2025-08-25 22:13:34
701498,501679,4,USPS,2025-08-23 06:45:50,2025-08-28 05:45:50
701499,501680,3,UPS,2025-08-21 20:23:44,2025-08-25 16:23:44
701500,501681,3,UPS,2025-08-21 09:08:56,2025-08-22 04:08:56
701501,501682,5,USPS,2025-08-22 03:18:29,2025-08-24 20:18:29
701502,501683,1,FedEx,2025-08-22 09:25:34,2025-08-23 06:25:34
701503,501684,1,FedEx,2025-08-22 22:30:06,2025-08-24 21:30:06
701504,501685,5,FedEx,2025-08-21 19:43:33,2025-08-25 21:43:33
701505,501686,2,UPS,2025-08-23 05:44:47,2025-08-26 22:44:47
701506,501687,5,FedEx,2025-08-21 22:49:00,2025-08-24 17:49:00
701507,501688,3,UPS,2025-08-23 18:08:59,2025-08-25 22:08:59
701508,501689,4,UPS,2025-08-22 15:12:24,2025-08-25 12:12:24
701509,501690,4,USPS,2025-08-22 12:23:53,2025-08-24 09:23:53
701510,501692,4,UPS,2025-08-24 11:42:28,2025-08-28 07:42:28
701511,501693,1,USPS,2025-08-24 21:38:12,2025-08-28 11:38:12
701512,501694,4,UPS,2025-08-23 08:47:37,2025-08-27 09:47:37
701513,501695,4,UPS,2025-08-25 18:04:32,2025-08-29 04:04:32
701514,501696,3,FedEx,2025-08-23 21:37:22,2025-08-27 22:37:22
701515,501697,5,UPS,2025-08-25 12:28:12,2025-08-28 11:28:12
701516,501699,2,UPS,2025-08-25 10:29:16,2025-08-26 12:29:16
701517,501700,5,FedEx,2025-08-24 17:09:37,2025-08-25 17:09:37
701518,501701,5,USPS,2025-08-23 18:20:10,2025-08-28 12:20:10
701519,501703,3,UPS,2025-08-26 09:49:47,2025-08-28 03:49:47
701520,501704,3,FedEx,2025-08-25 23:23:50,2025-08-28 05:23:50
701521,501705,2,UPS,2025-08-24 09:17:58,2025-08-27 22:17:58
701522,501706,4,USPS,2025-08-26 03:14:43,2025-08-30 06:14:43
701523,501707,2,FedEx,2025-08-25 13:04:17,2025-08-29 10:04:17
701524,501708,3,FedEx,2025-08-26 03:41:16,2025-08-31 01:41:16
701525,501709,3,USPS,2025-08-27 05:46:21,2025-08-27 18:46:21
701526,501710,4,UPS,2025-08-26 09:12:22,2025-08-28 00:12:22
701527,501711,5,FedEx,2025-08-26 15:52:26,2025-08-27 11:52:26
701528,501712,1,FedEx,2025-08-26 18:21:51,2025-08-27 22:21:51
701529,501716,1,UPS,2025-08-26 05:23:48,2025-08-28 20:23:48
701530,501717,4,USPS,2025-08-26 11:21:15,2025-08-30 23:21:15
701531,501718,1,UPS,2025-08-28 13:17:56,2025-08-31 01:17:56
701532,501719,2,UPS,2025-08-28 12:40:56,2025-08-31 04:40:56
701533,501720,4,FedEx,2025-08-27 10:52:36,2025-08-31 05:52:36
701534,501721,1,FedEx,2025-08-27 04:46:23,2025-08-30 21:46:23
701535,501722,5,USPS,2025-08-27 07:33:25,2025-08-30 06:33:25
701536,501723,3,UPS,2025-08-26 15:25:18,2025-08-30 05:25:18
701537,501725,1,FedEx,2025-08-26 22:22:49,2025-08-29 14:22:49
701538,501726,4,FedEx,2025-08-29 09:27:55,2025-08-30 05:27:55
701539,501727,2,UPS,2025-08-29 05:42:03,2025-08-30 11:42:03
701540,501728,2,UPS,2025-08-29 02:42:51,2025-08-30 17:42:51
701541,501729,4,UPS,2025-08-27 16:54:09,2025-08-31 13:54:09
701542,501730,2,FedEx,2025-08-28 16:19:41,2025-08-30 03:19:41
701543,501731,4,FedEx,2025-08-29 07:41:56,2025-08-30 15:41:56
701544,501733,3,FedEx,2025-08-30 18:26:43,2025-08-31 17:26:43
701545,501734,5,FedEx,2025-08-29 17:08:26,2025-09-01 07:08:26
701546,501735,1,FedEx,2025-08-30 00:46:59,2025-09-03 14:46:59
701547,501736,2,FedEx,2025-08-29 21:45:11,2025-09-02 21:45:11
701548,501737,2,UPS,2025-08-30 02:18:54,2025-09-01 22:18:54
701549,501738,5,UPS,2025-08-30 02:44:56,2025-09-02 21:44:56
701550,501739,5,FedEx,2025-08-30 08:48:43,2025-09-01 05:48:43
701551,501740,1,FedEx,2025-08-30 03:15:38,2025-08-31 17:15:38
701552,501741,5,UPS,2025-08-29 09:42:50,2025-09-02 23:42:50
701553,501742,3,FedEx,2025-08-29 10:46:02,2025-09-02 00:46:02
701554,501743,3,UPS,2025-08-29 21:26:59,2025-09-02 12:26:59
701555,501744,1,USPS,2025-08-31 11:32:10,2025-09-04 16:32:10
701556,501746,4,FedEx,2025-08-31 05:11:55,2025-08-31 23:11:55
701557,501747,2,FedEx,2025-08-31 18:24:26,2025-09-01 21:24:26
701558,501748,4,UPS,2025-08-31 15:50:30,2025-09-04 14:50:30
701559,501749,4,UPS,2025-09-01 02:42:19,2025-09-01 21:42:19
701560,501750,4,FedEx,2025-09-01 16:58:48,2025-09-06 02:58:48
701561,501751,5,UPS,2025-09-02 00:39:56,2025-09-05 02:39:56
701562,501752,3,USPS,2025-09-01 19:50:45,2025-09-02 09:50:45
701563,501753,3,USPS,2025-09-02 03:05:27,2025-09-04 11:05:27
701564,501754,4,UPS,2025-09-01 12:02:02,2025-09-04 10:02:02
701565,501755,4,UPS,2025-08-31 05:37:06,2025-09-05 02:37:06
701566,501757,4,UPS,2025-09-01 12:11:23,2025-09-02 02:11:23
701567,501758,3,UPS,2025-09-01 02:36:17,2025-09-05 10:36:17
701568,501759,2,USPS,2025-08-31 19:27:36,2025-09-01 15:27:36
701569,501760,1,UPS,2025-09-01 10:55:45,2025-09-04 15:55:45
701570,501762,4,UPS,2025-09-02 11:39:58,2025-09-03 17:39:58
701571,501764,4,USPS,2025-09-02 12:13:31,2025-09-05 03:13:31
701572,501766,4,USPS,2025-09-02 14:14:24,2025-09-03 07:14:24
701573,501767,2,USPS,2025-09-03 15:59:25,2025-09-06 04:59:25
701574,501768,3,UPS,2025-09-03 22:26:24,2025-09-07 00:26:24
701575,501769,3,USPS,2025-09-04 20:35:26,2025-09-09 14:35:26
701576,501770,2,FedEx,2025-09-03 22:46:52,2025-09-08 15:46:52
701577,501771,4,UPS,2025-09-02 23:01:25,2025-09-07 20:01:25
701578,501772,2,FedEx,2025-09-02 13:25:05,2025-09-04 02:25:05
701579,501773,2,USPS,2025-09-04 07:34:46,2025-09-06 14:34:46
701580,501774,2,FedEx,2025-09-05 03:58:18,2025-09-08 04:58:18
701581,501775,2,FedEx,2025-09-04 20:55:34,2025-09-06 01:55:34
701582,501776,4,USPS,2025-09-04 12:56:06,2025-09-06 03:56:06
701583,501777,5,FedEx,2025-09-05 12:43:49,2025-09-07 23:43:49
701584,501778,2,UPS,2025-09-05 08:30:50,2025-09-09 04:30:50
701585,501780,3,UPS,2025-09-05 16:11:38,2025-09-10 05:11:38
701586,501781,3,UPS,2025-09-04 05:43:59,2025-09-05 14:43:59
701587,501782,3,FedEx,2025-09-04 23:39:47,2025-09-09 16:39:47
701588,501783,4,USPS,2025-09-04 20:32:38,2025-09-06 09:32:38
701589,501784,4,USPS,2025-09-05 02:25:14,2025-09-09 04:25:14
701590,501785,4,FedEx,2025-09-06 22:11:19,2025-09-08 08:11:19
701591,501786,1,UPS,2025-09-06 15:46:32,2025-09-09 05:46:32
701592,501787,2,USPS,2025-09-07 00:35:07,2025-09-09 20:35:07
701593,501788,3,FedEx,2025-09-06 02:54:04,2025-09-09 20:54:04
701594,501789,5,USPS,2025-09-06 04:16:26,2025-09-08 21:16:26
701595,501790,4,UPS,2025-09-05 05:54:21,2025-09-07 15:54:21
701596,501791,3,UPS,2025-09-07 17:17:19,2025-09-12 10:17:19
701597,501792,4,UPS,2025-09-07 05:34:36,2025-09-10 06:34:36
701598,501793,3,USPS,2025-09-07 19:38:23,2025-09-08 21:38:23
701599,501794,1,FedEx,2025-09-08 03:33:54,2025-09-09 17:33:54
701600,501795,1,USPS,2025-09-05 23:09:57,2025-09-07 09:09:57
701601,501796,4,UPS,2025-09-07 12:08:17,2025-09-10 17:08:17
701602,501797,3,FedEx,2025-09-05 14:56:03,2025-09-09 13:56:03
701603,501798,2,UPS,2025-09-08 09:13:35,2025-09-10 19:13:35
701604,501799,2,FedEx,2025-09-05 23:14:36,2025-09-09 00:14:36
701605,501800,3,USPS,2025-09-06 02:54:19,2025-09-08 01:54:19
701606,501801,2,FedEx,2025-09-06 11:49:10,2025-09-09 04:49:10
701607,501802,5,USPS,2025-09-07 16:12:10,2025-09-11 11:12:10
701608,501803,5,USPS,2025-09-06 20:12:41,2025-09-10 14:12:41
701609,501804,4,FedEx,2025-09-06 18:12:20,2025-09-10 12:12:20
701610,501805,1,FedEx,2025-09-08 17:04:10,2025-09-11 17:04:10
701611,501807,5,UPS,2025-09-09 02:37:26,2025-09-12 02:37:26
701612,501808,4,USPS,2025-09-08 03:15:30,2025-09-11 18:15:30
701613,501809,3,UPS,2025-09-08 07:39:06,2025-09-11 05:39:06
701614,501810,4,UPS,2025-09-09 05:20:48,2025-09-11 19:20:48
701615,501812,2,FedEx,2025-09-09 08:16:50,2025-09-11 18:16:50
701616,501813,1,FedEx,2025-09-08 06:07:10,2025-09-12 05:07:10
701617,501814,2,UPS,2025-09-09 04:33:36,2025-09-13 23:33:36
701618,501815,3,FedEx,2025-09-10 05:57:26,2025-09-13 00:57:26
701619,501816,3,FedEx,2025-09-11 00:28:59,2025-09-13 13:28:59
701620,501818,2,FedEx,2025-09-11 03:28:15,2025-09-12 10:28:15
701621,501819,5,FedEx,2025-09-09 10:04:34,2025-09-13 20:04:34
701622,501820,4,USPS,2025-09-09 23:36:57,2025-09-11 10:36:57
701623,501821,4,UPS,2025-09-10 22:31:06,2025-09-11 18:31:06
701624,501822,5,UPS,2025-09-09 18:01:52,2025-09-14 15:01:52
701625,501823,3,FedEx,2025-09-10 07:47:29,2025-09-12 15:47:29
701626,501824,1,USPS,2025-09-11 23:21:31,2025-09-15 10:21:31
701627,501825,4,FedEx,2025-09-12 01:40:32,2025-09-16 23:40:32
701628,501826,3,UPS,2025-09-10 08:23:44,2025-09-11 03:23:44
701629,501827,2,USPS,2025-09-12 05:58:24,2025-09-13 19:58:24
701630,501828,2,USPS,2025-09-12 03:23:17,2025-09-13 21:23:17
701631,501829,2,UPS,2025-09-12 05:47:14,2025-09-14 19:47:14
701632,501831,5,FedEx,2025-09-11 17:22:48,2025-09-16 14:22:48
701633,501832,1,UPS,2025-09-12 18:05:22,2025-09-16 02:05:22
701634,501835,5,UPS,2025-09-11 08:13:04,2025-09-13 23:13:04
701635,501836,5,FedEx,2025-09-12 17:53:13,2025-09-17 16:53:13
701636,501837,2,USPS,2025-09-11 09:11:53,2025-09-15 23:11:53
701637,501838,2,USPS,2025-09-12 14:28:36,2025-09-14 02:28:36
701638,501839,5,FedEx,2025-09-11 20:33:04,2025-09-12 16:33:04
701639,501841,2,USPS,2025-09-11 11:31:11,2025-09-12 16:31:11
701640,501842,1,USPS,2025-09-11 20:52:08,2025-09-14 02:52:08
701641,501843,2,UPS,2025-09-12 12:25:00,2025-09-13 07:25:00
701642,501845,2,FedEx,2025-09-14 07:59:38,2025-09-15 11:59:38
701643,501846,5,UPS,2025-09-12 16:45:17,2025-09-16 01:45:17
701644,501848,1,USPS,2025-09-14 07:45:17,2025-09-18 18:45:17
701645,501849,5,FedEx,2025-09-14 22:12:02,2025-09-18 14:12:02
701646,501850,3,USPS,2025-09-13 23:34:42,2025-09-16 02:34:42
701647,501851,4,FedEx,2025-09-13 08:25:22,2025-09-14 13:25:22
701648,501852,4,USPS,2025-09-13 08:21:45,2025-09-16 23:21:45
701649,501853,3,FedEx,2025-09-15 13:32:55,2025-09-16 11:32:55
701650,501854,2,UPS,2025-09-15 00:44:36,2025-09-19 11:44:36
701651,501855,5,UPS,2025-09-14 10:07:19,2025-09-16 21:07:19
701652,501856,2,FedEx,2025-09-14 19:20:34,2025-09-17 16:20:34
701653,501857,5,USPS,2025-09-13 20:20:50,2025-09-17 04:20:50
701654,501859,5,UPS,2025-09-14 07:59:53,2025-09-17 09:59:53
701655,501860,5,FedEx,2025-09-16 02:05:20,2025-09-16 18:05:20
701656,501861,5,USPS,2025-09-16 06:13:26,2025-09-19 08:13:26
701657,501862,3,FedEx,2025-09-15 20:07:43,2025-09-16 11:07:43
701658,501863,3,UPS,2025-09-15 14:42:50,2025-09-16 09:42:50
701659,501864,2,UPS,2025-09-17 02:19:45,2025-09-20 14:19:45
701660,501865,5,UPS,2025-09-17 14:12:59,2025-09-21 06:12:59
701661,501866,2,UPS,2025-09-18 03:18:33,2025-09-22 08:18:33
701662,501867,2,UPS,2025-09-17 14:13:39,2025-09-21 10:13:39
701663,501868,4,FedEx,2025-09-17 23:53:56,2025-09-20 06:53:56
701664,501869,2,UPS,2025-09-16 05:36:42,2025-09-17 07:36:42
701665,501870,2,UPS,2025-09-16 23:03:23,2025-09-21 06:03:23
701666,501872,2,UPS,2025-09-17 06:53:40,2025-09-19 11:53:40
701667,501873,2,USPS,2025-09-17 00:55:55,2025-09-20 19:55:55
701668,501874,5,FedEx,2025-09-18 07:39:38,2025-09-23 01:39:38
701669,501875,1,USPS,2025-09-16 20:26:29,2025-09-17 21:26:29
701670,501876,4,FedEx,2025-09-17 01:58:15,2025-09-20 07:58:15
701671,501877,4,FedEx,2025-09-18 23:51:30,2025-09-19 12:51:30
701672,501879,3,UPS,2025-09-19 04:52:22,2025-09-21 05:52:22
701673,501880,2,FedEx,2025-09-17 13:00:31,2025-09-18 07:00:31
701674,501881,4,FedEx,2025-09-17 15:17:24,2025-09-19 22:17:24
701675,501882,1,UPS,2025-09-18 11:54:14,2025-09-21 11:54:14
701676,501883,1,FedEx,2025-09-20 12:32:04,2025-09-22 14:32:04
701677,501884,3,FedEx,2025-09-18 06:21:27,2025-09-22 11:21:27
701678,501885,2,UPS,2025-09-18 03:24:13,2025-09-22 21:24:13
701679,501886,2,UPS,2025-09-19 07:18:47,2025-09-24 00:18:47
701680,501888,5,FedEx,2025-09-20 08:43:32,2025-09-22 07:43:32
701681,501889,4,FedEx,2025-09-19 01:29:36,2025-09-20 05:29:36
701682,501890,4,USPS,2025-09-19 21:32:46,2025-09-24 08:32:46
701683,501891,3,UPS,2025-09-20 16:03:11,2025-09-23 04:03:11
701684,501892,5,FedEx,2025-09-20 06:02:59,2025-09-23 14:02:59
701685,501894,5,USPS,2025-09-19 12:57:46,2025-09-22 17:57:46
701686,501896,1,USPS,2025-09-19 19:08:49,2025-09-24 00:08:49
701687,501897,3,UPS,2025-09-21 04:11:06,2025-09-25 04:11:06
701688,501898,5,FedEx,2025-09-20 09:59:26,2025-09-23 22:59:26
701689,501899,4,FedEx,2025-09-21 21:48:21,2025-09-25 21:48:21
701690,501900,2,UPS,2025-09-21 08:59:04,2025-09-22 18:59:04
701691,501901,1,UPS,2025-09-21 20:39:49,2025-09-24 20:39:49
701692,501902,2,FedEx,2025-09-22 14:04:41,2025-09-23 11:04:41
701693,501903,3,UPS,2025-09-22 16:33:40,2025-09-27 13:33:40
701694,501904,1,UPS,2025-09-20 10:06:58,2025-09-25 07:06:58
701695,501905,1,USPS,2025-09-21 02:46:15,2025-09-21 21:46:15
701696,501906,5,UPS,2025-09-21 00:36:02,2025-09-21 20:36:02
701697,501907,1,UPS,2025-09-21 07:50:41,2025-09-22 10:50:41
701698,501909,2,USPS,2025-09-22 01:31:56,2025-09-26 00:31:56
701699,501910,5,FedEx,2025-09-23 12:26:59,2025-09-26 21:26:59
701700,501911,1,FedEx,2025-09-23 10:50:09,2025-09-24 02:50:09
701701,501912,2,FedEx,2025-09-21 19:03:13,2025-09-25 18:03:13
701702,501913,2,UPS,2025-09-22 02:49:42,2025-09-23 10:49:42
701703,501914,5,UPS,2025-09-22 15:49:35,2025-09-27 14:49:35
701704,501915,5,FedEx,2025-09-22 08:33:46,2025-09-27 06:33:46
701705,501916,2,UPS,2025-09-22 15:16:06,2025-09-25 14:16:06
701706,501917,4,USPS,2025-09-25 05:06:56,2025-09-29 05:06:56
701707,501918,5,USPS,2025-09-23 07:56:57,2025-09-27 13:56:57
701708,501920,1,USPS,2025-09-24 12:54:17,2025-09-26 22:54:17
701709,501921,4,FedEx,2025-09-23 18:55:13,2025-09-26 18:55:13
701710,501922,1,USPS,2025-09-23 13:45:08,2025-09-27 04:45:08
701711,501923,2,FedEx,2025-09-24 03:31:20,2025-09-25 09:31:20
701712,501924,1,UPS,2025-09-26 03:22:47,2025-09-26 17:22:47
701713,501925,5,USPS,2025-09-24 20:42:40,2025-09-27 00:42:40
701714,501926,1,USPS,2025-09-23 23:32:56,2025-09-26 21:32:56
701715,501927,2,FedEx,2025-09-24 13:07:35,2025-09-25 21:07:35
701716,501928,4,UPS,2025-09-26 13:37:11,2025-09-29 14:37:11
701717,501929,1,USPS,2025-09-25 03:14:22,2025-09-27 10:14:22
701718,501930,5,UPS,2025-09-25 07:59:35,2025-09-29 04:59:35
701719,501931,4,FedEx,2025-09-27 14:23:05,2025-09-30 20:23:05
701720,501932,1,FedEx,2025-09-27 13:06:02,2025-10-01 18:06:02
701721,501934,5,FedEx,2025-09-27 18:54:00,2025-10-01 09:54:00
701722,501935,4,UPS,2025-09-26 19:41:34,2025-09-30 03:41:34
701723,501936,5,UPS,2025-09-25 13:17:23,2025-09-26 20:17:23
701724,501937,2,FedEx,2025-09-28 07:21:30,2025-10-01 23:21:30
701725,501939,2,FedEx,2025-09-28 03:44:10,2025-10-02 20:44:10
701726,501940,3,FedEx,2025-09-28 01:41:13,2025-09-30 18:41:13
701727,501941,2,UPS,2025-09-28 10:50:33,2025-10-03 09:50:33
701728,501942,4,UPS,2025-09-28 04:55:31,2025-09-29 15:55:31
701729,501943,3,FedEx,2025-09-28 07:05:42,2025-09-29 12:05:42
701730,501944,2,UPS,2025-09-28 09:57:28,2025-10-01 05:57:28
701731,501945,3,USPS,2025-09-28 23:20:42,2025-10-01 04:20:42
701732,501946,1,USPS,2025-09-27 16:27:32,2025-09-29 10:27:32
701733,501947,2,FedEx,2025-09-29 18:02:23,2025-10-02 10:02:23
701734,501948,3,UPS,2025-09-27 22:46:14,2025-10-02 04:46:14
701735,501949,1,UPS,2025-09-29 16:19:00,2025-10-01 12:19:00
701736,501950,5,USPS,2025-09-30 03:58:35,2025-10-04 23:58:35
701737,501951,4,FedEx,2025-09-29 09:09:26,2025-10-04 08:09:26
701738,501952,2,FedEx,2025-09-29 20:34:06,2025-10-01 11:34:06
701739,501953,1,FedEx,2025-09-30 01:45:47,2025-10-03 02:45:47
701740,501954,4,UPS,2025-09-29 00:13:09,2025-10-02 12:13:09
701741,501956,2,USPS,2025-09-29 13:26:47,2025-10-04 05:26:47
701742,501957,4,UPS,2025-09-29 20:40:55,2025-10-04 03:40:55
701743,501958,5,USPS,2025-10-01 07:35:01,2025-10-05 22:35:01
701744,501959,3,USPS,2025-09-28 21:06:56,2025-10-01 13:06:56
701745,501960,2,UPS,2025-10-01 02:54:20,2025-10-03 09:54:20
701746,501961,2,UPS,2025-10-01 15:14:42,2025-10-03 23:14:42
701747,501962,4,USPS,2025-10-01 11:33:45,2025-10-05 08:33:45
701748,501963,5,UPS,2025-10-02 06:36:21,2025-10-04 02:36:21
701749,501964,3,UPS,2025-10-02 00:12:13,2025-10-02 18:12:13
701750,501965,3,USPS,2025-09-29 22:20:27,2025-09-30 16:20:27
701751,501966,3,FedEx,2025-09-30 15:36:26,2025-10-01 10:36:26
701752,501967,2,UPS,2025-09-30 10:54:37,2025-10-03 20:54:37
701753,501968,3,UPS,2025-09-30 19:58:03,2025-10-05 12:58:03
701754,501969,2,UPS,2025-10-01 16:50:01,2025-10-05 11:50:01
701755,501970,3,UPS,2025-09-30 09:46:29,2025-10-04 00:46:29
701756,501971,1,UPS,2025-10-02 08:07:43,2025-10-05 23:07:43
701757,501972,4,FedEx,2025-10-02 17:20:12,2025-10-04 23:20:12
701758,501973,4,USPS,2025-10-03 01:03:41,2025-10-03 20:03:41
701759,501974,2,FedEx,2025-10-01 02:08:45,2025-10-05 08:08:45
701760,501975,3,FedEx,2025-10-03 13:46:22,2025-10-05 09:46:22
701761,501976,4,UPS,2025-10-02 18:33:18,2025-10-03 08:33:18
701762,501977,3,USPS,2025-10-03 09:28:45,2025-10-06 15:28:45
701763,501978,3,USPS,2025-10-03 00:44:00,2025-10-07 22:44:00
701764,501979,1,FedEx,2025-10-02 13:34:39,2025-10-03 13:34:39
701765,501980,1,UPS,2025-10-02 20:18:19,2025-10-05 18:18:19
701766,501983,3,USPS,2025-10-03 11:17:04,2025-10-07 04:17:04
701767,501984,4,USPS,2025-10-04 05:25:12,2025-10-08 18:25:12
701768,501985,5,FedEx,2025-10-04 04:01:58,2025-10-07 03:01:58
701769,501986,3,UPS,2025-10-03 12:13:33,2025-10-05 15:13:33
701770,501987,1,USPS,2025-10-03 19:23:16,2025-10-08 17:23:16
701771,501988,1,FedEx,2025-10-03 15:06:06,2025-10-06 09:06:06
701772,501989,4,FedEx,2025-10-04 03:11:15,2025-10-07 02:11:15
701773,501990,5,FedEx,2025-10-04 21:56:02,2025-10-05 17:56:02
701774,501991,2,FedEx,2025-10-03 03:14:44,2025-10-06 17:14:44
701775,501992,4,FedEx,2025-10-02 21:34:53,2025-10-03 18:34:53
701776,501993,5,UPS,2025-10-04 09:08:03,2025-10-07 00:08:03
701777,501994,1,UPS,2025-10-03 10:10:34,2025-10-06 23:10:34
701778,501995,1,USPS,2025-10-05 12:41:10,2025-10-08 18:41:10
701779,501996,2,USPS,2025-10-04 09:24:24,2025-10-07 12:24:24
701780,501997,1,USPS,2025-10-03 23:27:52,2025-10-08 10:27:52
701781,501998,4,USPS,2025-10-05 09:47:18,2025-10-08 20:47:18
701782,501999,3,UPS,2025-10-05 04:06:09,2025-10-07 08:06:09
701783,502000,3,USPS,2025-10-04 19:10:43,2025-10-06 16:10:43
701784,502001,1,UPS,2025-10-07 03:03:39,2025-10-09 09:03:39
701785,502002,1,UPS,2025-10-06 20:33:08,2025-10-09 20:33:08
701786,502004,1,USPS,2025-10-04 22:26:10,2025-10-08 00:26:10
701787,502005,4,UPS,2025-10-05 20:36:27,2025-10-06 10:36:27
701788,502006,3,USPS,2025-10-07 04:21:57,2025-10-07 23:21:57
701789,502007,2,FedEx,2025-10-05 19:10:02,2025-10-09 03:10:02
701790,502008,2,FedEx,2025-10-07 10:25:00,2025-10-10 23:25:00
701791,502009,4,FedEx,2025-10-07 20:20:35,2025-10-08 17:20:35
701792,502010,3,USPS,2025-10-07 13:38:34,2025-10-11 23:38:34
701793,502011,4,FedEx,2025-10-05 22:39:01,2025-10-09 21:39:01
701794,502012,2,USPS,2025-10-08 11:56:52,2025-10-12 02:56:52
701795,502013,3,FedEx,2025-10-06 09:46:16,2025-10-10 16:46:16
701796,502015,2,USPS,2025-10-08 03:26:09,2025-10-12 19:26:09
701797,502016,4,USPS,2025-10-07 15:16:45,2025-10-09 07:16:45
701798,502017,2,UPS,2025-10-07 02:41:27,2025-10-09 07:41:27
701799,502018,2,USPS,2025-10-07 03:10:06,2025-10-09 17:10:06
701800,502019,4,USPS,2025-10-08 01:47:29,2025-10-11 04:47:29
701801,502020,4,FedEx,2025-10-08 01:21:12,2025-10-12 15:21:12
701802,502021,4,USPS,2025-10-07 22:47:33,2025-10-08 23:47:33
701803,502022,5,FedEx,2025-10-07 18:42:52,2025-10-10 00:42:52
701804,502024,2,UPS,2025-10-08 02:55:09,2025-10-10 09:55:09
701805,502026,1,UPS,2025-10-09 23:03:51,2025-10-11 17:03:51
701806,502027,5,FedEx,2025-10-09 11:25:54,2025-10-13 18:25:54
701807,502028,2,FedEx,2025-10-10 06:52:41,2025-10-13 16:52:41
701808,502029,2,FedEx,2025-10-08 14:26:57,2025-10-09 02:26:57
701809,502030,5,FedEx,2025-10-09 15:59:27,2025-10-11 03:59:27
701810,502031,3,USPS,2025-10-11 05:00:56,2025-10-13 07:00:56
701811,502033,3,FedEx,2025-10-11 11:15:34,2025-10-12 12:15:34
701812,502034,3,USPS,2025-10-09 21:19:24,2025-10-14 07:19:24
701813,502036,2,USPS,2025-10-10 03:04:34,2025-10-12 01:04:34
701814,502037,5,UPS,2025-10-10 03:45:29,2025-10-11 18:45:29
701815,502038,5,USPS,2025-10-11 16:11:52,2025-10-13 07:11:52
701816,502039,4,USPS,2025-10-11 01:23:02,2025-10-15 23:23:02
701817,502040,5,USPS,2025-10-09 19:45:43,2025-10-12 23:45:43
701818,502041,1,USPS,2025-10-10 06:06:27,2025-10-13 09:06:27
701819,502043,2,USPS,2025-10-10 23:38:12,2025-10-13 14:38:12
701820,502044,3,UPS,2025-10-12 03:05:09,2025-10-16 19:05:09
701821,502045,3,FedEx,2025-10-11 19:29:54,2025-10-16 02:29:54
701822,502046,3,FedEx,2025-10-10 20:14:04,2025-10-11 22:14:04
701823,502047,4,UPS,2025-10-13 06:22:28,2025-10-15 08:22:28
701824,502048,2,USPS,2025-10-10 23:42:49,2025-10-14 12:42:49
701825,502049,3,UPS,2025-10-13 01:44:35,2025-10-15 07:44:35
701826,502050,4,USPS,2025-10-12 00:55:06,2025-10-14 21:55:06
701827,502051,4,USPS,2025-10-12 06:36:07,2025-10-16 03:36:07
701828,502052,5,UPS,2025-10-14 04:08:46,2025-10-16 00:08:46
701829,502054,1,USPS,2025-10-11 18:14:00,2025-10-15 01:14:00
701830,502055,1,FedEx,2025-10-13 17:52:05,2025-10-14 10:52:05
701831,502056,4,UPS,2025-10-12 13:06:50,2025-10-14 17:06:50
701832,502057,3,FedEx,2025-10-13 13:38:53,2025-10-17 18:38:53
701833,502058,5,FedEx,2025-10-12 23:10:55,2025-10-14 18:10:55
701834,502059,5,USPS,2025-10-14 04:03:58,2025-10-17 06:03:58
701835,502060,3,UPS,2025-10-13 11:01:50,2025-10-18 03:01:50
701836,502062,2,FedEx,2025-10-14 03:37:42,2025-10-18 17:37:42
701837,502063,3,USPS,2025-10-14 14:43:55,2025-10-18 10:43:55
701838,502064,1,FedEx,2025-10-14 01:12:37,2025-10-16 20:12:37
701839,502065,3,UPS,2025-10-12 18:53:24,2025-10-17 06:53:24
701840,502066,4,FedEx,2025-10-14 02:17:53,2025-10-17 03:17:53
701841,502067,2,UPS,2025-10-15 08:40:37,2025-10-16 02:40:37
701842,502068,4,USPS,2025-10-15 18:21:35,2025-10-18 11:21:35
701843,502069,3,USPS,2025-10-14 18:37:27,2025-10-17 08:37:27
701844,502070,2,USPS,2025-10-14 23:52:26,2025-10-19 21:52:26
701845,502071,5,UPS,2025-10-15 11:24:34,2025-10-19 20:24:34
701846,502072,3,UPS,2025-10-14 23:41:31,2025-10-19 21:41:31
701847,502073,5,USPS,2025-10-15 12:33:05,2025-10-18 13:33:05
701848,502074,4,UPS,2025-10-17 09:37:53,2025-10-21 20:37:53
701849,502075,1,USPS,2025-10-15 09:33:39,2025-10-17 13:33:39
701850,502077,5,FedEx,2025-10-16 15:06:12,2025-10-17 11:06:12
701851,502078,4,UPS,2025-10-16 00:07:36,2025-10-20 18:07:36
701852,502079,5,UPS,2025-10-16 07:39:23,2025-10-19 22:39:23
701853,502080,4,UPS,2025-10-17 21:25:58,2025-10-22 17:25:58
701854,502081,4,UPS,2025-10-16 13:38:10,2025-10-18 17:38:10
701855,502082,2,UPS,2025-10-16 15:48:30,2025-10-18 19:48:30
701856,502083,2,FedEx,2025-10-18 10:58:50,2025-10-22 05:58:50
701857,502084,5,FedEx,2025-10-18 20:32:46,2025-10-21 01:32:46
701858,502085,1,FedEx,2025-10-18 05:57:45,2025-10-21 08:57:45
701859,502086,5,USPS,2025-10-18 23:40:34,2025-10-21 19:40:34
701860,502087,5,UPS,2025-10-18 21:24:08,2025-10-21 22:24:08
701861,502089,2,UPS,2025-10-16 21:55:43,2025-10-21 17:55:43
701862,502090,1,FedEx,2025-10-19 10:23:18,2025-10-22 08:23:18
701863,502092,2,UPS,2025-10-17 13:26:54,2025-10-20 23:26:54
701864,502093,4,UPS,2025-10-17 08:05:40,2025-10-18 17:05:40
701865,502094,1,FedEx,2025-10-19 06:15:50,2025-10-21 01:15:50
701866,502095,4,UPS,2025-10-19 21:19:02,2025-10-22 20:19:02
701867,502096,1,UPS,2025-10-19 23:32:13,2025-10-21 02:32:13
701868,502097,3,FedEx,2025-10-19 10:51:59,2025-10-24 00:51:59
701869,502098,1,FedEx,2025-10-18 11:09:07,2025-10-19 00:09:07
701870,502099,5,USPS,2025-10-18 14:24:56,2025-10-21 02:24:56
701871,502100,5,FedEx,2025-10-18 21:22:17,2025-10-19 13:22:17
701872,502101,3,UPS,2025-10-19 16:40:02,2025-10-21 10:40:02
701873,502102,5,USPS,2025-10-19 13:48:47,2025-10-23 00:48:47
701874,502103,5,FedEx,2025-10-18 21:03:27,2025-10-21 06:03:27
701875,502104,1,UPS,2025-10-20 21:32:22,2025-10-23 14:32:22
701876,502105,2,USPS,2025-10-20 01:46:02,2025-10-22 13:46:02
701877,502107,4,FedEx,2025-10-22 14:19:22,2025-10-24 22:19:22
701878,502108,4,UPS,2025-10-20 17:53:46,2025-10-21 18:53:46
701879,502109,1,FedEx,2025-10-20 22:35:23,2025-10-24 20:35:23
701880,502111,1,UPS,2025-10-21 10:53:28,2025-10-24 21:53:28
701881,502112,5,USPS,2025-10-22 03:36:58,2025-10-24 22:36:58
701882,502113,4,FedEx,2025-10-22 07:53:31,2025-10-26 04:53:31
701883,502114,1,USPS,2025-10-24 03:25:39,2025-10-24 22:25:39
701884,502115,1,UPS,2025-10-22 11:14:07,2025-10-24 04:14:07
701885,502116,1,UPS,2025-10-23 05:00:17,2025-10-23 23:00:17
701886,502117,4,UPS,2025-10-24 10:42:34,2025-10-29 07:42:34
701887,502118,3,USPS,2025-10-24 08:20:27,2025-10-28 17:20:27
701888,502119,2,USPS,2025-10-23 11:14:39,2025-10-27 17:14:39
701889,502120,4,USPS,2025-10-24 05:14:59,2025-10-27 05:14:59
701890,502121,5,UPS,2025-10-24 15:26:37,2025-10-26 20:26:37
701891,502122,3,FedEx,2025-10-25 11:56:48,2025-10-29 05:56:48
701892,502124,5,UPS,2025-10-25 23:33:33,2025-10-29 18:33:33
701893,502125,3,FedEx,2025-10-24 12:38:34,2025-10-27 16:38:34
701894,502126,1,UPS,2025-10-24 02:50:31,2025-10-27 18:50:31
701895,502127,4,FedEx,2025-10-26 07:23:18,2025-10-30 09:23:18
701896,502128,5,USPS,2025-10-25 16:07:44,2025-10-26 13:07:44
701897,502129,3,FedEx,2025-10-24 00:56:00,2025-10-26 08:56:00
701898,502130,2,FedEx,2025-10-25 11:11:10,2025-10-26 03:11:10
701899,502131,1,UPS,2025-10-24 12:09:20,2025-10-25 12:09:20
701900,502132,5,FedEx,2025-10-25 16:02:44,2025-10-27 03:02:44
701901,502133,4,USPS,2025-10-26 15:05:37,2025-10-30 12:05:37
701902,502134,3,USPS,2025-10-26 04:31:24,2025-10-28 11:31:24
701903,502135,2,UPS,2025-10-24 14:53:33,2025-10-26 18:53:33
701904,502136,1,USPS,2025-10-24 11:59:16,2025-10-26 19:59:16
701905,502137,4,UPS,2025-10-26 18:28:47,2025-10-31 17:28:47
701906,502138,3,UPS,2025-10-26 17:34:54,2025-10-30 17:34:54
701907,502140,5,FedEx,2025-10-26 14:00:35,2025-10-27 09:00:35
701908,502141,1,UPS,2025-10-25 06:19:33,2025-10-25 20:19:33
701909,502142,4,UPS,2025-10-27 08:23:11,2025-10-28 05:23:11
701910,502143,2,FedEx,2025-10-27 20:49:22,2025-11-01 16:49:22
701911,502144,1,UPS,2025-10-25 23:08:15,2025-10-27 15:08:15
701912,502146,5,FedEx,2025-10-28 05:40:41,2025-10-31 02:40:41
701913,502147,3,USPS,2025-10-26 16:41:16,2025-10-27 06:41:16
701914,502149,5,UPS,2025-10-27 21:15:40,2025-10-31 23:15:40
701915,502150,3,USPS,2025-10-27 09:40:49,2025-10-31 01:40:49
701916,502151,5,UPS,2025-10-26 14:43:58,2025-10-29 00:43:58
701917,502152,2,UPS,2025-10-28 08:34:31,2025-10-29 15:34:31
701918,502153,5,UPS,2025-10-27 03:22:02,2025-10-31 08:22:02
701919,502154,2,USPS,2025-10-28 06:02:51,2025-10-28 20:02:51
701920,502155,5,USPS,2025-10-28 07:37:40,2025-11-01 05:37:40
701921,502156,2,USPS,2025-10-27 02:20:40,2025-10-31 08:20:40
701922,502157,2,USPS,2025-10-29 05:42:44,2025-10-29 22:42:44
701923,502158,2,UPS,2025-10-27 03:03:08,2025-10-30 02:03:08
701924,502159,2,UPS,2025-10-28 16:37:25,2025-10-31 18:37:25
701925,502160,5,USPS,2025-10-29 13:24:16,2025-11-02 06:24:16
701926,502161,3,UPS,2025-10-27 18:33:25,2025-10-29 06:33:25
701927,502162,5,FedEx,2025-10-28 02:57:13,2025-11-01 21:57:13
701928,502163,5,USPS,2025-10-27 11:42:14,2025-10-31 16:42:14
701929,502164,5,USPS,2025-10-28 11:46:14,2025-11-01 04:46:14
701930,502165,3,UPS,2025-10-27 15:33:24,2025-10-29 08:33:24
701931,502166,5,UPS,2025-10-30 11:47:02,2025-11-03 01:47:02
701932,502168,3,USPS,2025-10-29 23:55:07,2025-10-30 19:55:07
701933,502169,3,FedEx,2025-10-30 23:40:38,2025-11-02 12:40:38
701934,502171,2,UPS,2025-10-30 15:03:45,2025-11-02 19:03:45
701935,502172,4,UPS,2025-10-31 20:55:19,2025-11-05 18:55:19
701936,502173,2,UPS,2025-10-31 08:27:57,2025-11-01 20:27:57
701937,502174,3,FedEx,2025-10-30 15:56:30,2025-11-02 21:56:30
701938,502175,4,FedEx,2025-10-30 03:33:09,2025-10-31 09:33:09
701939,502177,3,USPS,2025-10-30 05:30:14,2025-11-01 19:30:14
701940,502178,5,USPS,2025-11-01 09:58:39,2025-11-03 20:58:39
701941,502179,2,FedEx,2025-10-31 15:21:10,2025-11-01 21:21:10
701942,502180,4,USPS,2025-11-01 01:37:29,2025-11-03 08:37:29
701943,502181,1,FedEx,2025-10-30 18:00:46,2025-11-03 10:00:46
701944,502182,5,FedEx,2025-10-30 20:09:49,2025-11-02 04:09:49
701945,502184,3,UPS,2025-11-01 02:24:40,2025-11-01 19:24:40
701946,502185,1,FedEx,2025-10-31 16:28:43,2025-11-04 20:28:43
701947,502186,3,FedEx,2025-10-31 23:08:26,2025-11-05 02:08:26
701948,502188,3,UPS,2025-11-01 19:06:55,2025-11-03 20:06:55
701949,502189,1,USPS,2025-11-01 12:24:22,2025-11-04 12:24:22
701950,502190,2,USPS,2025-11-02 21:10:42,2025-11-03 12:10:42
701951,502191,2,FedEx,2025-11-01 05:28:11,2025-11-04 00:28:11
701952,502193,1,FedEx,2025-11-02 14:26:16,2025-11-04 12:26:16
701953,502194,5,USPS,2025-11-01 17:21:40,2025-11-04 09:21:40
701954,502195,4,FedEx,2025-11-01 16:48:07,2025-11-03 19:48:07
701955,502196,3,UPS,2025-11-02 00:31:42,2025-11-03 00:31:42
701956,502197,1,FedEx,2025-11-03 05:34:08,2025-11-05 13:34:08
701957,502198,4,USPS,2025-11-01 12:50:54,2025-11-04 02:50:54
701958,502199,1,FedEx,2025-11-02 22:42:03,2025-11-07 03:42:03
701959,502200,5,FedEx,2025-11-03 17:52:31,2025-11-08 05:52:31
701960,502201,1,UPS,2025-11-03 05:20:04,2025-11-06 23:20:04
701961,502202,1,USPS,2025-11-04 08:42:45,2025-11-08 15:42:45
701962,502204,2,FedEx,2025-11-04 12:41:01,2025-11-06 17:41:01
701963,502205,2,UPS,2025-11-02 09:05:32,2025-11-04 15:05:32
701964,502207,2,FedEx,2025-11-04 20:59:43,2025-11-06 08:59:43
701965,502208,1,UPS,2025-11-02 23:09:19,2025-11-07 11:09:19
701966,502210,2,FedEx,2025-11-02 17:42:26,2025-11-03 20:42:26
701967,502211,5,USPS,2025-11-03 17:06:07,2025-11-05 06:06:07
701968,502213,5,FedEx,2025-11-03 00:17:43,2025-11-07 23:17:43
701969,502214,2,FedEx,2025-11-05 11:23:59,2025-11-08 14:23:59
701970,502215,1,FedEx,2025-11-03 14:31:17,2025-11-06 05:31:17
701971,502216,1,FedEx,2025-11-04 05:07:51,2025-11-06 09:07:51
701972,502217,3,UPS,2025-11-05 10:03:48,2025-11-07 05:03:48
701973,502218,4,FedEx,2025-11-05 15:39:26,2025-11-06 17:39:26
701974,502219,1,UPS,2025-11-04 20:00:46,2025-11-09 10:00:46
701975,502220,1,USPS,2025-11-03 21:47:39,2025-11-06 16:47:39
701976,502221,5,FedEx,2025-11-06 01:13:46,2025-11-08 11:13:46
701977,502222,3,UPS,2025-11-05 12:58:29,2025-11-06 13:58:29
701978,502223,1,FedEx,2025-11-06 02:31:31,2025-11-08 13:31:31
701979,502224,2,UPS,2025-11-06 02:53:34,2025-11-09 00:53:34
701980,502225,4,FedEx,2025-11-06 07:51:57,2025-11-08 00:51:57
701981,502226,1,USPS,2025-11-05 09:03:07,2025-11-08 18:03:07
701982,502227,2,UPS,2025-11-07 13:12:26,2025-11-09 08:12:26
701983,502228,3,UPS,2025-11-07 10:36:50,2025-11-09 23:36:50
701984,502229,4,FedEx,2025-11-07 07:04:01,2025-11-07 23:04:01
701985,502230,1,FedEx,2025-11-06 08:40:15,2025-11-08 19:40:15
701986,502231,1,UPS,2025-11-07 01:59:12,2025-11-09 17:59:12
701987,502232,2,FedEx,2025-11-06 09:15:10,2025-11-10 07:15:10
701988,502233,2,FedEx,2025-11-06 14:57:02,2025-11-09 12:57:02
701989,502235,1,FedEx,2025-11-07 07:25:28,2025-11-11 22:25:28
701990,502236,4,USPS,2025-11-06 21:27:25,2025-11-10 13:27:25
701991,502237,1,UPS,2025-11-06 13:44:16,2025-11-10 16:44:16
701992,502238,4,USPS,2025-11-07 08:27:48,2025-11-08 10:27:48
701993,502239,4,UPS,2025-11-08 03:21:07,2025-11-09 12:21:07
701994,502240,2,FedEx,2025-11-07 20:19:41,2025-11-11 16:19:41
701995,502241,2,UPS,2025-11-09 07:11:09,2025-11-11 05:11:09
701996,502242,1,FedEx,2025-11-07 16:53:43,2025-11-11 13:53:43
701997,502243,3,USPS,2025-11-07 20:57:15,2025-11-08 14:57:15
701998,502246,4,UPS,2025-11-10 13:23:40,2025-11-15 08:23:40
701999,502247,4,USPS,2025-11-09 08:16:50,2025-11-11 12:16:50
702000,502248,3,USPS,2025-11-09 17:20:43,2025-11-13 04:20:43
702001,502249,3,UPS,2025-11-10 17:24:29,2025-11-13 06:24:29
702002,502250,1,UPS,2025-11-08 19:43:14,2025-11-13 16:43:14
702003,502252,1,UPS,2025-11-09 19:02:50,2025-11-14 00:02:50
702004,502253,2,FedEx,2025-11-09 04:01:43,2025-11-13 01:01:43
702005,502254,3,UPS,2025-11-09 20:45:53,2025-11-13 01:45:53
702006,502255,1,FedEx,2025-11-11 03:47:21,2025-11-15 15:47:21
702007,502257,3,UPS,2025-11-10 08:01:20,2025-11-14 19:01:20
702008,502258,3,USPS,2025-11-09 19:17:09,2025-11-11 11:17:09
702009,502261,5,UPS,2025-11-11 00:11:26,2025-11-13 01:11:26
702010,502262,3,UPS,2025-11-10 20:20:13,2025-11-15 02:20:13
702011,502263,5,USPS,2025-11-10 16:52:12,2025-11-14 10:52:12
702012,502264,1,FedEx,2025-11-12 02:11:47,2025-11-16 06:11:47
702013,502265,1,FedEx,2025-11-11 04:22:02,2025-11-13 21:22:02
702014,502266,2,USPS,2025-11-12 06:14:29,2025-11-16 18:14:29
702015,502267,3,FedEx,2025-11-12 07:54:13,2025-11-13 01:54:13
702016,502268,1,UPS,2025-11-11 12:24:45,2025-11-14 23:24:45
702017,502270,4,USPS,2025-11-12 20:40:47,2025-11-17 06:40:47
702018,502271,4,FedEx,2025-11-11 10:46:56,2025-11-14 14:46:56
702019,502273,1,UPS,2025-11-11 20:54:32,2025-11-13 17:54:32
702020,502274,4,USPS,2025-11-12 08:41:46,2025-11-14 14:41:46
702021,502275,1,FedEx,2025-11-11 10:55:52,2025-11-14 19:55:52
702022,502276,5,UPS,2025-11-13 01:50:15,2025-11-15 00:50:15
702023,502277,5,UPS,2025-11-12 04:47:36,2025-11-16 03:47:36
702024,502279,5,UPS,2025-11-13 13:36:41,2025-11-16 09:36:41
702025,502280,3,FedEx,2025-11-13 09:04:49,2025-11-14 12:04:49
702026,502281,2,UPS,2025-11-11 14:08:56,2025-11-16 00:08:56
702027,502282,4,FedEx,2025-11-13 20:44:29,2025-11-16 19:44:29
702028,502283,1,FedEx,2025-11-13 02:54:32,2025-11-13 21:54:32
702029,502284,5,FedEx,2025-11-11 17:29:21,2025-11-14 11:29:21
702030,502285,3,FedEx,2025-11-13 15:34:52,2025-11-16 08:34:52
702031,502287,5,USPS,2025-11-14 22:05:30,2025-11-17 17:05:30
702032,502288,5,USPS,2025-11-13 22:15:27,2025-11-15 19:15:27
702033,502289,2,FedEx,2025-11-15 00:30:33,2025-11-17 15:30:33
702034,502290,1,USPS,2025-11-15 12:27:35,2025-11-18 05:27:35
702035,502291,2,FedEx,2025-11-15 12:01:19,2025-11-16 12:01:19
702036,502294,1,UPS,2025-11-14 09:34:04,2025-11-19 00:34:04
702037,502295,1,FedEx,2025-11-15 22:03:20,2025-11-19 02:03:20
702038,502296,1,UPS,2025-11-15 11:16:08,2025-11-18 12:16:08
702039,502297,1,USPS,2025-11-15 05:53:02,2025-11-15 17:53:02
702040,502298,3,FedEx,2025-11-15 01:19:26,2025-11-16 01:19:26
702041,502299,3,UPS,2025-11-16 00:24:00,2025-11-20 07:24:00
702042,502300,3,FedEx,2025-11-14 16:55:43,2025-11-17 15:55:43
702043,502301,3,USPS,2025-11-15 23:06:38,2025-11-17 14:06:38
702044,502302,2,FedEx,2025-11-15 11:52:23,2025-11-18 00:52:23
702045,502303,4,FedEx,2025-11-16 04:00:23,2025-11-21 01:00:23
702046,502304,2,USPS,2025-11-16 22:29:43,2025-11-19 05:29:43
702047,502305,4,UPS,2025-11-15 03:09:45,2025-11-19 10:09:45
702048,502306,4,FedEx,2025-11-16 15:55:56,2025-11-19 11:55:56
702049,502308,3,FedEx,2025-11-16 00:16:49,2025-11-18 12:16:49
702050,502309,2,FedEx,2025-11-17 08:52:23,2025-11-19 06:52:23
702051,502310,2,USPS,2025-11-17 00:22:58,2025-11-20 16:22:58
702052,502311,4,UPS,2025-11-18 06:42:13,2025-11-20 15:42:13
702053,502312,1,USPS,2025-11-18 20:11:10,2025-11-23 07:11:10
702054,502313,3,UPS,2025-11-16 18:47:50,2025-11-20 18:47:50
702055,502315,5,UPS,2025-11-16 16:44:51,2025-11-19 04:44:51
702056,502316,2,UPS,2025-11-16 17:49:25,2025-11-19 05:49:25
702057,502317,5,FedEx,2025-11-17 23:36:00,2025-11-20 15:36:00
702058,502318,1,USPS,2025-11-17 00:26:14,2025-11-20 02:26:14
702059,502319,1,UPS,2025-11-18 16:25:48,2025-11-20 21:25:48
702060,502320,5,UPS,2025-11-18 15:31:41,2025-11-20 03:31:41
702061,502321,4,USPS,2025-11-17 12:46:22,2025-11-22 05:46:22
702062,502322,3,FedEx,2025-11-18 13:46:52,2025-11-19 21:46:52
702063,502323,2,USPS,2025-11-19 16:52:12,2025-11-22 13:52:12
702064,502324,3,USPS,2025-11-19 09:46:31,2025-11-20 10:46:31
702065,502325,2,USPS,2025-11-20 04:14:21,2025-11-24 23:14:21
702066,502326,3,UPS,2025-11-17 15:20:32,2025-11-20 17:20:32
702067,502327,5,USPS,2025-11-20 01:34:33,2025-11-20 18:34:33
702068,502328,1,USPS,2025-11-19 00:14:11,2025-11-21 11:14:11
702069,502329,4,UPS,2025-11-21 14:17:57,2025-11-25 14:17:57
702070,502330,4,USPS,2025-11-19 23:16:11,2025-11-24 13:16:11
702071,502331,5,UPS,2025-11-21 10:59:05,2025-11-22 09:59:05
702072,502332,3,UPS,2025-11-20 20:17:14,2025-11-24 09:17:14
702073,502333,3,UPS,2025-11-19 20:25:36,2025-11-22 14:25:36
702074,502334,1,UPS,2025-11-21 02:19:57,2025-11-22 23:19:57
702075,502335,3,USPS,2025-11-21 12:11:44,2025-11-23 03:11:44
702076,502337,5,FedEx,2025-11-21 21:22:28,2025-11-25 05:22:28
702077,502338,1,USPS,2025-11-22 17:28:41,2025-11-25 06:28:41
702078,502339,2,FedEx,2025-11-22 17:00:47,2025-11-23 19:00:47
702079,502340,3,USPS,2025-11-23 03:30:31,2025-11-27 04:30:31
702080,502341,2,FedEx,2025-11-22 17:28:37,2025-11-27 15:28:37
702081,502342,1,FedEx,2025-11-21 12:38:39,2025-11-25 18:38:39
702082,502343,5,UPS,2025-11-23 15:43:46,2025-11-28 06:43:46
702083,502344,3,USPS,2025-11-24 07:04:39,2025-11-27 08:04:39
702084,502345,5,FedEx,2025-11-22 09:25:02,2025-11-26 08:25:02
702085,502346,1,UPS,2025-11-23 13:38:14,2025-11-26 10:38:14
702086,502348,1,UPS,2025-11-24 05:08:46,2025-11-26 23:08:46
702087,502349,5,FedEx,2025-11-24 21:12:08,2025-11-26 10:12:08
702088,502350,5,USPS,2025-11-23 17:49:01,2025-11-27 06:49:01
702089,502351,4,FedEx,2025-11-24 13:03:25,2025-11-27 16:03:25
702090,502352,1,FedEx,2025-11-24 13:40:31,2025-11-29 05:40:31
702091,502353,1,USPS,2025-11-24 12:08:43,2025-11-29 09:08:43
702092,502354,2,FedEx,2025-11-25 02:47:57,2025-11-27 23:47:57
702093,502355,2,USPS,2025-11-25 05:01:47,2025-11-28 21:01:47
702094,502356,1,USPS,2025-11-26 04:31:12,2025-11-28 02:31:12
702095,502357,4,USPS,2025-11-25 22:44:06,2025-11-30 21:44:06
702096,502359,4,USPS,2025-11-27 03:52:53,2025-12-01 21:52:53
702097,502360,5,FedEx,2025-11-25 14:00:50,2025-11-29 05:00:50
702098,502361,3,FedEx,2025-11-25 10:38:05,2025-11-29 14:38:05
702099,502362,3,USPS,2025-11-26 17:17:38,2025-11-27 06:17:38
702100,502363,2,USPS,2025-11-27 03:36:15,2025-11-28 13:36:15
702101,502364,3,FedEx,2025-11-26 03:35:59,2025-11-30 18:35:59
702102,502365,4,FedEx,2025-11-27 03:48:35,2025-12-01 07:48:35
702103,502366,4,USPS,2025-11-27 14:49:18,2025-11-30 17:49:18
702104,502367,2,USPS,2025-11-27 23:22:36,2025-11-30 01:22:36
702105,502368,5,UPS,2025-11-27 19:37:21,2025-11-30 04:37:21
702106,502369,5,USPS,2025-11-28 06:30:30,2025-12-03 02:30:30
702107,502370,5,FedEx,2025-11-27 12:42:26,2025-11-28 03:42:26
702108,502371,1,USPS,2025-11-28 09:43:15,2025-11-30 04:43:15
702109,502372,4,USPS,2025-11-28 18:18:03,2025-12-01 21:18:03
702110,502373,5,UPS,2025-11-27 07:26:55,2025-12-01 15:26:55
702111,502374,3,USPS,2025-11-29 02:54:23,2025-12-02 14:54:23
702112,502376,5,FedEx,2025-11-27 13:39:09,2025-11-28 04:39:09
702113,502377,1,USPS,2025-11-27 22:28:06,2025-12-01 07:28:06
702114,502378,4,FedEx,2025-11-28 08:13:44,2025-11-30 10:13:44
702115,502379,4,UPS,2025-11-29 06:16:42,2025-11-30 05:16:42
702116,502380,3,USPS,2025-11-26 18:23:37,2025-11-28 10:23:37
702117,502381,3,FedEx,2025-11-29 10:08:18,2025-12-02 07:08:18
702118,502382,4,USPS,2025-11-27 11:34:07,2025-11-28 22:34:07
702119,502383,5,USPS,2025-11-28 17:15:45,2025-12-03 03:15:45
702120,502384,4,FedEx,2025-11-27 21:33:38,2025-12-02 01:33:38
702121,502385,2,UPS,2025-11-29 14:48:48,2025-12-04 03:48:48
702122,502386,5,USPS,2025-11-29 16:52:07,2025-12-03 06:52:07
702123,502387,3,USPS,2025-11-27 13:59:14,2025-11-28 05:59:14
702124,502388,5,FedEx,2025-11-28 20:20:58,2025-12-01 04:20:58
702125,502389,5,UPS,2025-11-27 23:20:47,2025-12-01 11:20:47
702126,502390,1,UPS,2025-11-29 00:49:04,2025-12-03 20:49:04
702127,502391,1,FedEx,2025-11-30 06:42:31,2025-12-01 22:42:31
702128,502392,2,FedEx,2025-11-29 19:09:05,2025-12-04 07:09:05
702129,502393,3,UPS,2025-11-30 00:48:39,2025-12-04 18:48:39
702130,502394,4,FedEx,2025-11-30 07:17:15,2025-12-04 06:17:15
702131,502395,4,FedEx,2025-11-29 20:39:04,2025-12-01 03:39:04
702132,502396,3,USPS,2025-11-29 20:56:35,2025-12-04 09:56:35
702133,502397,1,USPS,2025-11-30 14:42:36,2025-12-05 02:42:36
702134,502398,3,FedEx,2025-12-02 05:45:03,2025-12-03 09:45:03
702135,502399,4,FedEx,2025-12-01 18:04:25,2025-12-05 22:04:25
702136,502401,5,UPS,2025-12-01 21:22:43,2025-12-06 09:22:43
702137,502402,3,USPS,2025-12-02 13:29:00,2025-12-05 09:29:00
702138,502403,3,USPS,2025-12-03 06:22:27,2025-12-04 20:22:27
702139,502404,3,FedEx,2025-12-03 12:56:41,2025-12-05 00:56:41
702140,502405,1,FedEx,2025-12-01 17:37:57,2025-12-02 08:37:57
702141,502406,5,FedEx,2025-12-04 10:57:34,2025-12-08 08:57:34
702142,502407,4,UPS,2025-12-01 23:04:32,2025-12-06 22:04:32
702143,502408,1,UPS,2025-12-02 13:11:15,2025-12-05 02:11:15
702144,502409,1,UPS,2025-12-03 14:58:30,2025-12-04 06:58:30
702145,502411,5,FedEx,2025-12-05 03:20:33,2025-12-07 06:20:33
702146,502412,1,UPS,2025-12-04 07:50:39,2025-12-08 12:50:39
702147,502413,5,UPS,2025-12-04 03:05:13,2025-12-08 19:05:13
702148,502415,5,USPS,2025-12-04 13:23:13,2025-12-05 15:23:13
702149,502418,3,UPS,2025-12-04 14:17:46,2025-12-07 00:17:46
702150,502419,3,UPS,2025-12-03 09:08:14,2025-12-07 12:08:14
702151,502420,5,UPS,2025-12-05 16:52:30,2025-12-08 07:52:30
702152,502421,4,FedEx,2025-12-04 23:03:19,2025-12-07 23:03:19
702153,502422,3,UPS,2025-12-05 19:03:41,2025-12-09 17:03:41
702154,502423,1,USPS,2025-12-04 15:33:34,2025-12-07 11:33:34
702155,502424,4,USPS,2025-12-05 17:55:36,2025-12-10 10:55:36
702156,502425,3,UPS,2025-12-04 15:12:37,2025-12-06 12:12:37
702157,502426,4,USPS,2025-12-04 03:58:30,2025-12-08 12:58:30
702158,502427,4,UPS,2025-12-04 05:02:31,2025-12-04 22:02:31
702159,502428,4,FedEx,2025-12-05 19:38:05,2025-12-08 14:38:05
702160,502429,5,USPS,2025-12-05 11:45:20,2025-12-09 17:45:20
702161,502430,5,USPS,2025-12-04 01:10:33,2025-12-06 22:10:33
702162,502431,5,UPS,2025-12-06 07:44:28,2025-12-11 01:44:28
702163,502432,3,UPS,2025-12-06 07:35:00,2025-12-07 15:35:00
702164,502433,3,USPS,2025-12-06 01:11:34,2025-12-06 22:11:34
702165,502434,3,USPS,2025-12-05 05:41:24,2025-12-09 05:41:24
702166,502435,3,FedEx,2025-12-06 19:19:33,2025-12-10 13:19:33
702167,502436,4,FedEx,2025-12-06 23:21:36,2025-12-08 07:21:36
702168,502438,3,FedEx,2025-12-05 18:51:47,2025-12-10 16:51:47
702169,502439,5,UPS,2025-12-04 17:42:33,2025-12-08 14:42:33
702170,502440,2,FedEx,2025-12-07 02:01:00,2025-12-11 15:01:00
702171,502441,5,UPS,2025-12-06 21:04:08,2025-12-08 12:04:08
702172,502442,4,UPS,2025-12-07 12:18:10,2025-12-08 20:18:10
702173,502443,5,USPS,2025-12-05 23:15:10,2025-12-07 09:15:10
702174,502444,2,UPS,2025-12-07 05:27:45,2025-12-07 18:27:45
702175,502446,3,FedEx,2025-12-06 20:09:54,2025-12-10 23:09:54
702176,502447,5,FedEx,2025-12-06 22:40:48,2025-12-09 00:40:48
702177,502448,2,FedEx,2025-12-08 02:41:57,2025-12-12 13:41:57
702178,502449,3,UPS,2025-12-06 16:22:34,2025-12-07 15:22:34
702179,502451,4,FedEx,2025-12-08 09:03:33,2025-12-10 11:03:33
702180,502452,4,USPS,2025-12-07 18:25:16,2025-12-11 14:25:16
702181,502453,3,UPS,2025-12-08 12:26:46,2025-12-10 07:26:46
702182,502454,1,USPS,2025-12-09 10:20:26,2025-12-14 09:20:26
702183,502455,4,FedEx,2025-12-08 05:06:47,2025-12-13 03:06:47
702184,502456,3,USPS,2025-12-06 21:46:58,2025-12-11 20:46:58
702185,502457,5,FedEx,2025-12-08 09:18:23,2025-12-11 08:18:23
702186,502458,1,FedEx,2025-12-07 17:36:21,2025-12-11 12:36:21
702187,502459,5,FedEx,2025-12-08 08:02:21,2025-12-11 21:02:21
702188,502460,3,FedEx,2025-12-09 21:25:57,2025-12-10 09:25:57
702189,502462,3,FedEx,2025-12-08 12:59:11,2025-12-11 15:59:11
702190,502463,5,UPS,2025-12-08 09:10:06,2025-12-11 10:10:06
702191,502464,4,UPS,2025-12-09 16:26:16,2025-12-14 07:26:16
702192,502465,1,UPS,2025-12-10 03:09:59,2025-12-13 01:09:59
702193,502466,3,UPS,2025-12-09 13:14:16,2025-12-12 12:14:16
702194,502467,3,FedEx,2025-12-08 08:04:37,2025-12-12 21:04:37
702195,502468,4,UPS,2025-12-09 00:53:50,2025-12-10 21:53:50
702196,502469,5,USPS,2025-12-10 21:26:28,2025-12-13 18:26:28
702197,502470,5,UPS,2025-12-11 11:36:48,2025-12-14 21:36:48
702198,502472,4,UPS,2025-12-10 13:38:03,2025-12-11 19:38:03
702199,502473,3,USPS,2025-12-11 04:54:12,2025-12-12 08:54:12
702200,502474,2,FedEx,2025-12-09 05:20:49,2025-12-12 07:20:49
702201,502475,4,USPS,2025-12-11 17:42:56,2025-12-14 08:42:56
702202,502476,5,UPS,2025-12-10 18:14:52,2025-12-12 09:14:52
702203,502477,2,USPS,2025-12-12 07:36:36,2025-12-16 21:36:36
702204,502479,2,FedEx,2025-12-11 01:24:24,2025-12-14 13:24:24
702205,502480,1,FedEx,2025-12-11 14:54:20,2025-12-14 15:54:20
702206,502481,3,UPS,2025-12-11 05:11:40,2025-12-15 16:11:40
702207,502482,4,USPS,2025-12-12 12:03:01,2025-12-14 18:03:01
702208,502483,2,USPS,2025-12-12 14:10:08,2025-12-16 06:10:08
702209,502484,1,FedEx,2025-12-12 08:50:53,2025-12-14 11:50:53
702210,502486,2,USPS,2025-12-11 11:40:50,2025-12-13 01:40:50
702211,502487,5,UPS,2025-12-13 02:07:56,2025-12-15 20:07:56
702212,502488,3,USPS,2025-12-11 01:10:51,2025-12-14 09:10:51
702213,502489,2,USPS,2025-12-12 19:43:13,2025-12-17 18:43:13
702214,502490,1,USPS,2025-12-13 15:16:21,2025-12-16 00:16:21
702215,502491,3,USPS,2025-12-13 19:02:27,2025-12-18 01:02:27
702216,502492,3,USPS,2025-12-13 03:59:53,2025-12-15 00:59:53
702217,502493,4,UPS,2025-12-13 20:07:12,2025-12-18 00:07:12
702218,502494,4,FedEx,2025-12-11 18:30:20,2025-12-15 23:30:20
702219,502495,2,USPS,2025-12-11 20:48:01,2025-12-14 08:48:01
702220,502496,3,UPS,2025-12-13 20:07:46,2025-12-17 17:07:46
702221,502497,1,FedEx,2025-12-12 00:14:05,2025-12-16 16:14:05
702222,502498,4,USPS,2025-12-14 11:14:40,2025-12-15 02:14:40
702223,502499,5,FedEx,2025-12-14 19:27:53,2025-12-19 06:27:53
702224,502501,5,UPS,2025-12-14 10:37:59,2025-12-18 23:37:59
702225,502502,3,USPS,2025-12-12 18:27:30,2025-12-13 16:27:30
702226,502503,3,FedEx,2025-12-13 23:47:55,2025-12-17 13:47:55
702227,502504,3,FedEx,2025-12-13 16:09:16,2025-12-15 22:09:16
702228,502505,3,FedEx,2025-12-13 07:38:11,2025-12-17 05:38:11
702229,502506,5,UPS,2025-12-14 12:06:53,2025-12-16 04:06:53
702230,502507,4,UPS,2025-12-13 11:30:52,2025-12-14 04:30:52
702231,502508,3,UPS,2025-12-13 10:54:00,2025-12-15 21:54:00
702232,502509,5,UPS,2025-12-13 10:05:59,2025-12-14 17:05:59
702233,502510,3,UPS,2025-12-15 03:36:11,2025-12-18 23:36:11
702234,502511,4,FedEx,2025-12-15 21:33:36,2025-12-19 18:33:36
702235,502512,4,UPS,2025-12-16 20:25:20,2025-12-20 16:25:20
702236,502514,2,UPS,2025-12-15 23:40:01,2025-12-16 11:40:01
702237,502515,3,USPS,2025-12-14 19:58:40,2025-12-18 07:58:40
702238,502517,4,FedEx,2025-12-16 23:21:27,2025-12-20 01:21:27
702239,502518,5,USPS,2025-12-17 02:00:43,2025-12-18 09:00:43
702240,502519,3,USPS,2025-12-15 18:56:45,2025-12-16 13:56:45
702241,502520,5,FedEx,2025-12-16 23:43:37,2025-12-18 16:43:37
702242,502522,3,UPS,2025-12-16 12:09:01,2025-12-19 01:09:01
702243,502523,4,USPS,2025-12-16 07:57:20,2025-12-20 03:57:20
702244,502525,2,UPS,2025-12-17 20:15:16,2025-12-20 16:15:16
702245,502526,4,USPS,2025-12-17 09:22:08,2025-12-20 05:22:08
702246,502527,1,UPS,2025-12-18 01:36:00,2025-12-20 02:36:00
702247,502528,4,USPS,2025-12-17 09:46:05,2025-12-18 19:46:05
702248,502529,2,FedEx,2025-12-18 22:11:54,2025-12-22 14:11:54
702249,502530,5,USPS,2025-12-16 10:40:49,2025-12-21 07:40:49
702250,502531,2,FedEx,2025-12-18 04:40:43,2025-12-21 08:40:43
702251,502532,4,USPS,2025-12-18 22:21:13,2025-12-20 15:21:13
702252,502533,1,USPS,2025-12-18 15:43:48,2025-12-19 05:43:48
702253,502534,4,USPS,2025-12-19 04:37:39,2025-12-24 01:37:39
702254,502535,4,FedEx,2025-12-17 02:36:25,2025-12-21 10:36:25
702255,502536,2,USPS,2025-12-19 01:16:23,2025-12-23 16:16:23
702256,502537,4,FedEx,2025-12-18 01:58:38,2025-12-19 11:58:38
702257,502538,3,FedEx,2025-12-19 04:33:25,2025-12-20 10:33:25
702258,502539,3,FedEx,2025-12-18 00:24:07,2025-12-20 17:24:07
702259,502540,4,UPS,2025-12-19 15:56:25,2025-12-22 17:56:25
702260,502541,5,FedEx,2025-12-18 21:59:01,2025-12-23 04:59:01
702261,502542,2,USPS,2025-12-18 09:51:30,2025-12-19 07:51:30
702262,502543,4,USPS,2025-12-19 11:10:39,2025-12-22 04:10:39
702263,502545,5,UPS,2025-12-18 09:45:53,2025-12-22 11:45:53
702264,502546,3,USPS,2025-12-20 06:38:18,2025-12-22 04:38:18
702265,502547,3,USPS,2025-12-18 14:34:10,2025-12-19 03:34:10
702266,502548,1,USPS,2025-12-21 04:33:41,2025-12-25 03:33:41
702267,502549,2,USPS,2025-12-20 11:39:52,2025-12-21 12:39:52
702268,502550,2,FedEx,2025-12-20 00:21:20,2025-12-22 11:21:20
702269,502551,3,FedEx,2025-12-20 01:21:57,2025-12-20 19:21:57
702270,502552,1,FedEx,2025-12-21 01:39:21,2025-12-25 13:39:21
702271,502553,4,UPS,2025-12-21 08:30:26,2025-12-23 05:30:26
702272,502554,3,USPS,2025-12-22 03:09:29,2025-12-23 00:09:29
702273,502555,1,UPS,2025-12-20 13:53:53,2025-12-22 09:53:53
702274,502556,5,USPS,2025-12-21 19:51:13,2025-12-25 00:51:13
702275,502558,5,USPS,2025-12-21 16:20:58,2025-12-24 00:20:58
702276,502559,1,UPS,2025-12-22 10:07:56,2025-12-26 16:07:56
702277,502560,1,UPS,2025-12-22 07:44:43,2025-12-24 18:44:43
702278,502561,4,USPS,2025-12-20 21:39:03,2025-12-22 17:39:03
702279,502562,5,FedEx,2025-12-20 12:02:38,2025-12-21 18:02:38
702280,502564,4,USPS,2025-12-20 11:34:32,2025-12-23 08:34:32
702281,502565,2,FedEx,2025-12-20 23:19:22,2025-12-24 01:19:22
702282,502566,5,USPS,2025-12-20 13:19:46,2025-12-24 14:19:46
702283,502567,3,UPS,2025-12-22 06:35:04,2025-12-23 01:35:04
702284,502568,2,USPS,2025-12-22 23:51:04,2025-12-26 07:51:04
702285,502569,5,FedEx,2025-12-23 15:23:41,2025-12-25 10:23:41
702286,502570,5,UPS,2025-12-22 02:56:26,2025-12-27 00:56:26
702287,502571,1,FedEx,2025-12-21 16:53:36,2025-12-22 10:53:36
702288,502572,4,USPS,2025-12-22 19:46:04,2025-12-23 21:46:04
702289,502573,3,FedEx,2025-12-24 07:58:59,2025-12-27 13:58:59
702290,502574,5,UPS,2025-12-23 13:16:20,2025-12-25 18:16:20
702291,502575,3,UPS,2025-12-23 09:26:51,2025-12-28 07:26:51
702292,502576,2,USPS,2025-12-25 06:07:16,2025-12-27 23:07:16
702293,502577,1,UPS,2025-12-24 07:16:22,2025-12-28 03:16:22
702294,502578,1,USPS,2025-12-23 19:26:47,2025-12-28 14:26:47
702295,502579,3,UPS,2025-12-25 06:48:50,2025-12-28 22:48:50
702296,502580,2,USPS,2025-12-24 23:05:12,2025-12-29 05:05:12
702297,502581,4,FedEx,2025-12-24 03:21:02,2025-12-26 01:21:02
702298,502582,3,USPS,2025-12-26 09:30:34,2025-12-31 08:30:34
702299,502583,1,FedEx,2025-12-24 14:52:33,2025-12-29 06:52:33
702300,502584,4,FedEx,2025-12-25 00:22:57,2025-12-29 05:22:57
702301,502585,5,UPS,2025-12-24 14:15:42,2025-12-26 22:15:42
702302,502586,2,USPS,2025-12-25 17:45:21,2025-12-29 13:45:21
702303,502587,1,UPS,2025-12-26 12:25:40,2025-12-30 02:25:40
702304,502588,4,USPS,2025-12-25 08:55:03,2025-12-27 03:55:03
702305,502589,5,USPS,2025-12-27 14:13:40,2025-12-31 16:13:40
702306,502590,5,UPS,2025-12-27 05:13:58,2025-12-30 21:13:58
702307,502591,1,FedEx,2025-12-26 17:35:00,2025-12-29 17:35:00
702308,502592,4,FedEx,2025-12-26 14:36:40,2025-12-31 04:36:40
702309,502593,3,UPS,2025-12-26 04:21:40,2025-12-27 17:21:40
702310,502594,5,USPS,2025-12-26 10:04:23,2025-12-28 01:04:23
702311,502595,1,FedEx,2025-12-26 22:48:15,2025-12-31 18:48:15
702312,502596,3,FedEx,2025-12-26 15:34:59,2025-12-27 08:34:59
702313,502597,5,USPS,2025-12-27 17:37:56,2025-12-31 23:37:56
702314,502598,3,UPS,2025-12-26 19:17:48,2025-12-31 15:17:48
702315,502599,2,USPS,2025-12-27 01:11:51,2025-12-28 08:11:51
702316,502600,3,UPS,2025-12-27 04:12:14,2026-01-01 03:12:14
702317,502601,2,USPS,2025-12-29 18:38:25,2026-01-03 01:38:25
702318,502602,5,USPS,2025-12-27 16:26:06,2025-12-28 13:26:06
702319,502604,5,UPS,2025-12-30 01:39:37,2026-01-02 04:39:37
702320,502605,4,UPS,2025-12-29 21:07:33,2025-12-30 14:07:33
702321,502606,4,USPS,2025-12-28 10:57:44,2025-12-30 19:57:44
702322,502607,3,USPS,2025-12-29 17:35:21,2025-12-31 16:35:21
702323,502608,5,USPS,2025-12-30 00:38:23,2025-12-30 12:38:23
702324,502609,2,USPS,2025-12-28 04:32:20,2025-12-31 20:32:20
702325,502610,3,UPS,2025-12-30 12:43:19,2026-01-01 09:43:19
702326,502611,5,USPS,2025-12-29 04:54:58,2025-12-31 23:54:58
702327,502612,1,FedEx,2025-12-29 10:24:41,2025-12-30 23:24:41
702328,502613,5,USPS,2025-12-29 01:19:36,2025-12-30 16:19:36
702329,502614,4,USPS,2025-12-29 18:32:15,2025-12-30 17:32:15
702330,502615,1,FedEx,2025-12-29 21:54:41,2026-01-01 20:54:41
702331,502617,4,FedEx,2025-12-31 12:43:50,2026-01-03 07:43:50
702332,502618,4,USPS,2025-12-31 10:58:29,2026-01-02 18:58:29
702333,502619,3,FedEx,2025-12-31 19:36:14,2026-01-02 11:36:14
702334,502621,5,UPS,2025-12-31 20:00:25,2026-01-04 17:00:25
702335,502622,1,UPS,2025-12-30 20:47:53,2026-01-03 00:47:53
702336,502623,3,USPS,2025-12-31 13:50:14,2026-01-04 20:50:14
702337,502624,1,UPS,2025-12-30 13:38:09,2026-01-03 08:38:09
702338,502625,2,FedEx,2025-12-30 09:07:28,2026-01-03 22:07:28
702339,502626,3,USPS,2025-12-30 19:56:42,2026-01-02 22:56:42
702340,502627,2,FedEx,2025-12-30 12:05:30,2026-01-02 01:05:30
702341,502628,4,UPS,2026-01-01 02:06:59,2026-01-02 04:06:59
702342,502629,5,UPS,2025-12-30 21:50:40,2026-01-04 07:50:40
702343,502630,4,FedEx,2026-01-01 22:15:23,2026-01-05 23:15:23
702344,502631,1,USPS,2026-01-01 18:28:03,2026-01-05 10:28:03
702345,502632,2,UPS,2026-01-01 02:42:55,2026-01-02 12:42:55
702346,502633,2,USPS,2026-01-02 16:37:50,2026-01-04 19:37:50
702347,502634,4,UPS,2025-12-31 09:47:34,2026-01-03 16:47:34
702348,502636,4,FedEx,2026-01-03 05:54:33,2026-01-06 16:54:33
702349,502637,3,UPS,2026-01-01 04:43:03,2026-01-03 10:43:03
702350,502638,5,UPS,2026-01-01 22:29:02,2026-01-05 13:29:02
702351,502639,5,UPS,2026-01-03 13:31:36,2026-01-07 00:31:36
702352,502640,3,UPS,2026-01-01 17:07:11,2026-01-02 18:07:11
702353,502641,4,UPS,2026-01-03 09:10:51,2026-01-07 07:10:51
702354,502642,4,FedEx,2026-01-03 02:28:11,2026-01-06 08:28:11
702355,502643,5,FedEx,2026-01-04 04:02:12,2026-01-07 05:02:12
702356,502644,3,UPS,2026-01-02 01:08:37,2026-01-07 00:08:37
702357,502646,5,USPS,2026-01-03 05:31:52,2026-01-07 13:31:52
702358,502647,2,FedEx,2026-01-03 23:48:40,2026-01-08 10:48:40
702359,502648,4,UPS,2026-01-04 15:28:57,2026-01-08 22:28:57
702360,502649,4,FedEx,2026-01-03 10:32:09,2026-01-07 10:32:09
702361,502650,1,USPS,2026-01-03 23:21:09,2026-01-05 13:21:09
702362,502652,3,UPS,2026-01-03 04:46:05,2026-01-06 20:46:05
702363,502653,2,UPS,2026-01-04 07:28:00,2026-01-07 18:28:00
702364,502654,2,FedEx,2026-01-05 03:02:29,2026-01-07 21:02:29
702365,502655,1,UPS,2026-01-04 05:11:05,2026-01-08 10:11:05
702366,502656,1,USPS,2026-01-03 16:55:39,2026-01-08 07:55:39
702367,502657,1,UPS,2026-01-04 14:47:48,2026-01-06 13:47:48
702368,502658,4,FedEx,2026-01-05 12:17:41,2026-01-07 10:17:41
702369,502659,5,UPS,2026-01-04 19:05:34,2026-01-07 08:05:34
702370,502660,3,UPS,2026-01-04 15:22:30,2026-01-06 00:22:30
702371,502661,2,FedEx,2026-01-06 09:25:02,2026-01-09 22:25:02
702372,502662,2,UPS,2026-01-05 16:33:38,2026-01-08 12:33:38
702373,502663,2,USPS,2026-01-04 20:24:18,2026-01-08 01:24:18
702374,502664,1,FedEx,2026-01-07 05:13:12,2026-01-09 00:13:12
702375,502665,2,FedEx,2026-01-06 04:30:02,2026-01-08 06:30:02
702376,502666,5,FedEx,2026-01-06 22:00:27,2026-01-11 14:00:27
702377,502667,5,USPS,2026-01-07 06:41:40,2026-01-11 14:41:40
702378,502668,2,UPS,2026-01-06 09:55:27,2026-01-11 05:55:27
702379,502669,3,UPS,2026-01-07 05:35:04,2026-01-11 03:35:04
702380,502670,3,USPS,2026-01-07 22:36:53,2026-01-11 19:36:53
702381,502671,3,USPS,2026-01-08 01:03:06,2026-01-10 06:03:06
702382,502672,1,UPS,2026-01-08 11:38:36,2026-01-09 23:38:36
702383,502674,2,FedEx,2026-01-06 02:04:23,2026-01-10 03:04:23
702384,502675,1,USPS,2026-01-06 01:02:27,2026-01-10 03:02:27
702385,502676,1,USPS,2026-01-07 05:11:26,2026-01-10 04:11:26
702386,502677,2,UPS,2026-01-08 21:02:11,2026-01-11 20:02:11
702387,502678,3,UPS,2026-01-08 15:00:40,2026-01-11 08:00:40
702388,502679,4,UPS,2026-01-08 22:31:02,2026-01-10 06:31:02
702389,502680,5,FedEx,2026-01-09 08:37:21,2026-01-11 06:37:21
702390,502681,2,UPS,2026-01-07 20:39:23,2026-01-12 15:39:23
702391,502682,4,UPS,2026-01-08 08:00:25,2026-01-12 16:00:25
702392,502683,1,UPS,2026-01-07 23:16:40,2026-01-10 06:16:40
702393,502684,5,UPS,2026-01-07 13:59:38,2026-01-09 10:59:38
702394,502685,1,FedEx,2026-01-07 22:23:59,2026-01-12 17:23:59
702395,502687,4,USPS,2026-01-08 01:42:45,2026-01-09 17:42:45
702396,502688,2,FedEx,2026-01-09 05:47:15,2026-01-13 08:47:15
702397,502689,1,UPS,2026-01-07 20:44:34,2026-01-09 11:44:34
702398,502690,4,FedEx,2026-01-07 17:47:06,2026-01-11 05:47:06
702399,502691,4,FedEx,2026-01-09 20:05:33,2026-01-11 00:05:33
702400,502692,2,USPS,2026-01-08 04:54:19,2026-01-08 20:54:19
702401,502693,4,UPS,2026-01-08 10:49:09,2026-01-11 00:49:09
702402,502694,5,UPS,2026-01-11 01:01:11,2026-01-13 23:01:11
702403,502695,4,UPS,2026-01-09 04:40:19,2026-01-12 18:40:19
702404,502697,4,UPS,2026-01-09 20:19:16,2026-01-13 01:19:16
702405,502698,2,USPS,2026-01-09 14:10:08,2026-01-12 12:10:08
702406,502699,2,UPS,2026-01-09 07:00:24,2026-01-09 20:00:24
702407,502700,4,FedEx,2026-01-10 06:35:49,2026-01-14 22:35:49
702408,502701,2,USPS,2026-01-10 18:57:46,2026-01-13 16:57:46
702409,502702,5,UPS,2026-01-10 23:01:47,2026-01-14 23:01:47
702410,502703,1,UPS,2026-01-11 14:06:47,2026-01-13 00:06:47
702411,502705,5,UPS,2026-01-12 03:46:49,2026-01-13 07:46:49
702412,502706,2,USPS,2026-01-10 05:54:31,2026-01-12 12:54:31
702413,502707,4,UPS,2026-01-11 02:23:37,2026-01-13 23:23:37
702414,502708,2,USPS,2026-01-10 05:37:30,2026-01-10 17:37:30
702415,502709,3,UPS,2026-01-11 18:54:50,2026-01-13 05:54:50
702416,502710,1,FedEx,2026-01-11 14:19:22,2026-01-12 12:19:22
702417,502711,2,FedEx,2026-01-10 01:28:16,2026-01-11 20:28:16
702418,502712,4,USPS,2026-01-11 15:56:24,2026-01-15 22:56:24
702419,502713,3,UPS,2026-01-10 04:20:43,2026-01-12 15:20:43
702420,502714,5,FedEx,2026-01-11 13:57:40,2026-01-12 21:57:40
702421,502715,5,USPS,2026-01-12 14:24:41,2026-01-14 02:24:41
702422,502716,2,USPS,2026-01-10 21:15:55,2026-01-12 17:15:55
702423,502717,2,FedEx,2026-01-13 02:32:36,2026-01-16 00:32:36
702424,502718,5,UPS,2026-01-11 00:56:56,2026-01-12 22:56:56
702425,502719,4,USPS,2026-01-13 04:56:07,2026-01-17 17:56:07
702426,502720,2,FedEx,2026-01-11 14:16:17,2026-01-15 11:16:17
702427,502721,1,UPS,2026-01-13 10:17:38,2026-01-17 04:17:38
702428,502722,2,USPS,2026-01-11 20:41:34,2026-01-12 14:41:34
702429,502723,2,UPS,2026-01-13 14:17:31,2026-01-17 16:17:31
702430,502724,1,USPS,2026-01-12 13:01:59,2026-01-16 14:01:59
702431,502726,1,UPS,2026-01-13 01:53:11,2026-01-14 11:53:11
702432,502727,3,FedEx,2026-01-13 10:57:37,2026-01-15 20:57:37
702433,502728,3,FedEx,2026-01-13 05:44:43,2026-01-16 18:44:43
702434,502729,5,USPS,2026-01-14 11:14:05,2026-01-16 11:14:05
702435,502730,3,USPS,2026-01-14 20:35:53,2026-01-19 13:35:53
702436,502731,5,FedEx,2026-01-14 04:33:10,2026-01-18 02:33:10
702437,502732,1,UPS,2026-01-14 07:57:59,2026-01-18 11:57:59
702438,502733,5,FedEx,2026-01-12 19:54:10,2026-01-17 10:54:10
702439,502734,3,UPS,2026-01-13 00:21:48,2026-01-14 12:21:48
702440,502735,2,UPS,2026-01-13 08:30:57,2026-01-14 11:30:57
702441,502736,4,USPS,2026-01-13 06:54:01,2026-01-16 22:54:01
702442,502737,1,USPS,2026-01-15 11:03:04,2026-01-17 10:03:04
702443,502738,1,UPS,2026-01-14 09:02:12,2026-01-14 22:02:12
702444,502739,3,USPS,2026-01-15 08:57:06,2026-01-18 23:57:06
702445,502741,4,FedEx,2026-01-14 23:01:30,2026-01-18 13:01:30
702446,502742,2,USPS,2026-01-15 02:34:14,2026-01-19 08:34:14
702447,502743,2,FedEx,2026-01-15 08:38:42,2026-01-19 05:38:42
702448,502745,5,FedEx,2026-01-15 20:10:45,2026-01-20 08:10:45
702449,502746,2,FedEx,2026-01-17 17:24:44,2026-01-18 09:24:44
702450,502747,2,FedEx,2026-01-17 12:35:03,2026-01-18 01:35:03
702451,502748,1,FedEx,2026-01-17 11:02:24,2026-01-19 23:02:24
702452,502750,3,USPS,2026-01-16 15:33:33,2026-01-20 08:33:33
702453,502751,4,USPS,2026-01-16 21:37:45,2026-01-17 19:37:45
702454,502753,1,UPS,2026-01-16 23:28:14,2026-01-20 06:28:14
702455,502754,3,UPS,2026-01-16 08:52:31,2026-01-20 22:52:31
702456,502756,4,UPS,2026-01-16 02:29:57,2026-01-20 07:29:57
702457,502758,1,FedEx,2026-01-17 19:14:19,2026-01-21 02:14:19
702458,502759,1,FedEx,2026-01-17 21:15:27,2026-01-19 10:15:27
702459,502760,5,USPS,2026-01-18 04:20:40,2026-01-19 22:20:40
702460,502761,3,UPS,2026-01-18 11:45:05,2026-01-20 10:45:05
702461,502762,3,USPS,2026-01-16 21:34:01,2026-01-17 12:34:01
702462,502763,5,USPS,2026-01-17 10:43:12,2026-01-20 19:43:12
702463,502764,3,USPS,2026-01-17 19:06:57,2026-01-21 18:06:57
702464,502765,5,FedEx,2026-01-18 15:17:53,2026-01-21 14:17:53
702465,502766,1,FedEx,2026-01-18 07:01:14,2026-01-22 13:01:14
702466,502767,2,FedEx,2026-01-19 04:45:03,2026-01-21 17:45:03
702467,502768,3,FedEx,2026-01-17 18:46:34,2026-01-20 19:46:34
702468,502770,5,FedEx,2026-01-18 10:06:36,2026-01-21 12:06:36
702469,502771,3,FedEx,2026-01-18 03:12:24,2026-01-20 20:12:24
702470,502772,1,USPS,2026-01-18 17:54:49,2026-01-22 06:54:49
702471,502773,4,UPS,2026-01-18 11:31:11,2026-01-19 15:31:11
702472,502774,4,USPS,2026-01-20 04:02:57,2026-01-24 14:02:57
702473,502775,2,UPS,2026-01-19 23:51:36,2026-01-23 11:51:36
702474,502776,1,FedEx,2026-01-20 21:17:10,2026-01-24 11:17:10
702475,502777,5,USPS,2026-01-20 21:25:15,2026-01-25 12:25:15
702476,502779,5,USPS,2026-01-20 22:26:56,2026-01-23 02:26:56
702477,502780,5,USPS,2026-01-19 10:07:03,2026-01-23 14:07:03
702478,502781,5,UPS,2026-01-21 22:10:00,2026-01-25 06:10:00
702479,502782,2,USPS,2026-01-19 21:50:43,2026-01-20 15:50:43
702480,502783,2,UPS,2026-01-20 21:51:09,2026-01-22 09:51:09
702481,502784,4,FedEx,2026-01-19 23:22:55,2026-01-21 03:22:55
702482,502785,4,UPS,2026-01-23 01:54:15,2026-01-27 01:54:15
702483,502786,3,FedEx,2026-01-23 07:55:14,2026-01-25 22:55:14
702484,502787,4,FedEx,2026-01-21 14:38:58,2026-01-24 10:38:58
702485,502788,4,UPS,2026-01-22 04:17:51,2026-01-23 09:17:51
702486,502790,5,FedEx,2026-01-24 06:28:27,2026-01-27 18:28:27
702487,502791,1,FedEx,2026-01-22 02:18:33,2026-01-22 19:18:33
702488,502792,3,USPS,2026-01-21 22:48:46,2026-01-23 12:48:46
702489,502793,3,UPS,2026-01-23 11:39:28,2026-01-24 09:39:28
702490,502794,3,UPS,2026-01-23 09:54:54,2026-01-27 09:54:54
702491,502798,5,UPS,2026-01-24 04:20:45,2026-01-28 13:20:45
702492,502799,5,USPS,2026-01-22 22:16:06,2026-01-24 06:16:06
702493,502800,2,USPS,2026-01-25 05:51:55,2026-01-29 13:51:55
702494,502802,3,USPS,2026-01-23 21:54:39,2026-01-26 04:54:39
702495,502803,3,FedEx,2026-01-23 21:33:54,2026-01-27 15:33:54
702496,502804,3,UPS,2026-01-24 08:30:01,2026-01-28 22:30:01
702497,502805,1,USPS,2026-01-25 14:22:03,2026-01-26 13:22:03
702498,502808,2,UPS,2026-01-24 14:38:05,2026-01-27 22:38:05
702499,502809,2,USPS,2026-01-26 03:16:32,2026-01-30 04:16:32
702500,502810,1,USPS,2026-01-25 16:52:07,2026-01-30 00:52:07
702501,502811,1,USPS,2026-01-24 13:55:49,2026-01-29 11:55:49
702502,502812,2,FedEx,2026-01-24 23:26:44,2026-01-27 03:26:44
702503,502813,3,USPS,2026-01-27 02:26:49,2026-01-30 18:26:49
702504,502814,4,USPS,2026-01-24 21:19:23,2026-01-27 20:19:23
702505,502815,5,FedEx,2026-01-26 14:30:56,2026-01-27 10:30:56
702506,502816,3,UPS,2026-01-27 13:03:16,2026-01-28 12:03:16
702507,502817,4,FedEx,2026-01-26 13:23:17,2026-01-28 04:23:17
702508,502818,3,FedEx,2026-01-28 05:22:38,2026-01-31 10:22:38
702509,502820,2,USPS,2026-01-27 01:46:36,2026-01-30 14:46:36
702510,502821,5,FedEx,2026-01-26 11:48:24,2026-01-29 21:48:24
702511,502822,1,USPS,2026-01-26 22:33:39,2026-01-29 12:33:39
702512,502823,3,UPS,2026-01-27 09:56:30,2026-01-29 21:56:30
702513,502824,4,UPS,2026-01-26 20:12:35,2026-01-30 22:12:35
702514,502825,3,USPS,2026-01-28 11:56:51,2026-02-02 02:56:51
702515,502826,4,FedEx,2026-01-26 21:01:32,2026-01-31 02:01:32
702516,502828,4,USPS,2026-01-29 07:13:08,2026-01-30 19:13:08
702517,502829,2,UPS,2026-01-28 06:41:53,2026-01-31 09:41:53
702518,502830,4,USPS,2026-01-28 03:40:58,2026-01-30 00:40:58
702519,502831,2,FedEx,2026-01-28 03:46:29,2026-01-28 17:46:29
702520,502832,3,UPS,2026-01-28 07:04:08,2026-02-02 00:04:08
702521,502833,3,UPS,2026-01-28 04:15:49,2026-01-29 14:15:49
702522,502834,5,FedEx,2026-01-29 00:58:51,2026-01-30 14:58:51
702523,502835,1,FedEx,2026-01-28 19:23:26,2026-01-30 01:23:26
702524,502836,2,USPS,2026-01-29 15:30:55,2026-02-02 11:30:55
702525,502838,2,FedEx,2026-01-28 09:41:18,2026-01-31 23:41:18
702526,502839,5,USPS,2026-01-30 07:46:07,2026-01-31 16:46:07
702527,502840,1,FedEx,2026-01-28 23:22:42,2026-01-30 04:22:42
702528,502841,3,UPS,2026-01-28 23:01:38,2026-01-30 21:01:38
702529,502842,3,UPS,2026-01-28 23:30:02,2026-01-29 17:30:02
702530,502843,1,UPS,2026-01-30 18:07:55,2026-02-01 08:07:55
702531,502844,1,USPS,2026-01-30 01:47:34,2026-02-02 13:47:34
702532,502845,2,UPS,2026-01-31 13:58:18,2026-02-05 07:58:18
702533,502846,3,FedEx,2026-01-30 04:19:03,2026-01-31 02:19:03
702534,502847,5,USPS,2026-01-29 05:59:50,2026-02-02 08:59:50
702535,502848,1,FedEx,2026-01-29 08:26:13,2026-02-02 01:26:13
702536,502849,4,USPS,2026-01-31 19:33:31,2026-02-04 05:33:31
702537,502850,1,FedEx,2026-01-30 17:43:59,2026-02-01 12:43:59
702538,502851,2,UPS,2026-01-30 06:05:46,2026-02-01 07:05:46
702539,502852,3,USPS,2026-01-30 13:13:00,2026-02-03 06:13:00
702540,502853,3,UPS,2026-01-31 22:03:34,2026-02-02 23:03:34
702541,502854,3,USPS,2026-02-01 22:24:58,2026-02-03 21:24:58
702542,502855,4,UPS,2026-02-01 01:13:23,2026-02-01 20:13:23
702543,502856,1,USPS,2026-02-02 01:25:51,2026-02-04 16:25:51
702544,502859,3,UPS,2026-02-01 00:24:53,2026-02-03 02:24:53
702545,502860,3,USPS,2026-02-02 14:29:44,2026-02-04 10:29:44
702546,502861,2,UPS,2026-02-02 00:10:00,2026-02-03 04:10:00
702547,502862,2,USPS,2026-02-02 21:15:37,2026-02-04 17:15:37
702548,502864,1,UPS,2026-02-02 01:15:02,2026-02-06 06:15:02
702549,502865,3,USPS,2026-02-01 03:29:30,2026-02-03 21:29:30
702550,502866,3,UPS,2026-02-01 23:25:43,2026-02-05 07:25:43
702551,502867,2,UPS,2026-02-02 14:59:36,2026-02-05 00:59:36
702552,502868,1,FedEx,2026-02-01 01:29:10,2026-02-04 14:29:10
702553,502869,4,USPS,2026-02-03 14:33:14,2026-02-07 22:33:14
702554,502870,3,FedEx,2026-01-31 23:37:19,2026-02-02 09:37:19
702555,502872,1,USPS,2026-02-03 01:59:52,2026-02-04 22:59:52
702556,502874,2,UPS,2026-02-01 07:16:46,2026-02-02 04:16:46
702557,502876,3,USPS,2026-02-02 04:16:58,2026-02-05 06:16:58
702558,502878,2,FedEx,2026-02-04 08:19:35,2026-02-05 22:19:35
702559,502880,5,USPS,2026-02-04 17:48:55,2026-02-09 01:48:55
702560,502882,4,UPS,2026-02-03 06:16:25,2026-02-06 13:16:25
702561,502883,3,FedEx,2026-02-03 21:07:31,2026-02-05 21:07:31
702562,502884,5,USPS,2026-02-05 00:34:07,2026-02-08 01:34:07
702563,502885,4,UPS,2026-02-02 21:10:12,2026-02-05 08:10:12
702564,502886,2,UPS,2026-02-05 00:02:27,2026-02-09 15:02:27
702565,502887,3,USPS,2026-02-05 00:04:19,2026-02-09 21:04:19
702566,502888,5,USPS,2026-02-03 18:26:34,2026-02-05 04:26:34
702567,502889,2,USPS,2026-02-03 23:58:11,2026-02-05 01:58:11
702568,502891,4,FedEx,2026-02-05 23:35:33,2026-02-09 17:35:33
702569,502892,1,UPS,2026-02-04 14:42:08,2026-02-06 09:42:08
702570,502893,5,UPS,2026-02-05 19:27:46,2026-02-09 21:27:46
702571,502894,2,USPS,2026-02-05 08:48:12,2026-02-07 09:48:12
702572,502895,3,UPS,2026-02-05 19:25:22,2026-02-07 21:25:22
702573,502896,5,USPS,2026-02-06 10:06:08,2026-02-08 08:06:08
702574,502897,3,USPS,2026-02-05 05:05:02,2026-02-09 09:05:02
702575,502898,1,FedEx,2026-02-05 08:06:07,2026-02-10 06:06:07
702576,502899,5,UPS,2026-02-07 03:15:34,2026-02-11 17:15:34
702577,502900,2,UPS,2026-02-06 14:34:53,2026-02-09 00:34:53
702578,502901,4,FedEx,2026-02-06 04:02:06,2026-02-06 22:02:06
702579,502902,2,USPS,2026-02-06 08:03:50,2026-02-07 21:03:50
702580,502903,5,USPS,2026-02-05 08:53:04,2026-02-07 00:53:04
702581,502904,1,USPS,2026-02-07 01:20:01,2026-02-07 14:20:01
702582,502905,3,UPS,2026-02-06 19:09:11,2026-02-07 14:09:11
702583,502907,3,USPS,2026-02-07 02:47:03,2026-02-09 18:47:03
702584,502908,5,FedEx,2026-02-06 17:40:03,2026-02-11 05:40:03
702585,502909,3,UPS,2026-02-06 11:13:59,2026-02-08 01:13:59
702586,502910,2,FedEx,2026-02-08 13:31:11,2026-02-11 05:31:11
702587,502911,1,USPS,2026-02-06 12:41:47,2026-02-09 09:41:47
702588,502912,5,FedEx,2026-02-06 11:53:56,2026-02-07 18:53:56
702589,502914,5,FedEx,2026-02-06 23:48:35,2026-02-08 09:48:35
702590,502915,2,FedEx,2026-02-06 18:45:16,2026-02-10 03:45:16
702591,502916,1,FedEx,2026-02-07 23:28:15,2026-02-11 17:28:15
702592,502917,1,UPS,2026-02-07 20:19:48,2026-02-11 08:19:48
702593,502918,1,FedEx,2026-02-07 12:29:22,2026-02-08 02:29:22
702594,502919,3,FedEx,2026-02-08 13:33:30,2026-02-09 16:33:30
702595,502920,4,USPS,2026-02-08 08:58:56,2026-02-10 03:58:56
702596,502921,1,USPS,2026-02-08 18:42:40,2026-02-12 22:42:40
702597,502922,5,USPS,2026-02-08 13:05:58,2026-02-13 05:05:58
702598,502923,5,USPS,2026-02-09 14:51:40,2026-02-12 16:51:40
702599,502924,3,UPS,2026-02-09 01:27:17,2026-02-13 12:27:17
702600,502927,3,FedEx,2026-02-10 14:27:40,2026-02-13 01:27:40
702601,502928,2,FedEx,2026-02-08 14:19:00,2026-02-10 14:19:00
702602,502929,4,FedEx,2026-02-11 01:31:36,2026-02-13 09:31:36
702603,502930,5,UPS,2026-02-10 22:34:34,2026-02-13 22:34:34
702604,502931,5,UPS,2026-02-08 22:49:27,2026-02-13 18:49:27
702605,502932,3,USPS,2026-02-11 10:08:37,2026-02-14 00:08:37
702606,502933,3,USPS,2026-02-11 03:55:33,2026-02-15 15:55:33
702607,502934,5,USPS,2026-02-10 06:12:04,2026-02-11 11:12:04
702608,502935,1,UPS,2026-02-10 01:59:19,2026-02-11 23:59:19
702609,502936,2,UPS,2026-02-11 02:20:34,2026-02-13 01:20:34
702610,502937,4,UPS,2026-02-11 22:11:24,2026-02-15 17:11:24
702611,502938,5,USPS,2026-02-12 11:21:45,2026-02-16 06:21:45
702612,502939,3,UPS,2026-02-12 21:24:38,2026-02-15 17:24:38
702613,502940,5,UPS,2026-02-12 20:54:58,2026-02-14 01:54:58
702614,502941,2,UPS,2026-02-12 20:33:24,2026-02-13 21:33:24
702615,502942,2,FedEx,2026-02-11 05:54:52,2026-02-12 20:54:52
702616,502943,5,UPS,2026-02-12 13:05:33,2026-02-16 12:05:33
702617,502944,3,FedEx,2026-02-11 01:54:12,2026-02-15 11:54:12
702618,502945,4,FedEx,2026-02-11 02:09:44,2026-02-12 00:09:44
702619,502946,4,FedEx,2026-02-11 18:30:03,2026-02-15 21:30:03
702620,502947,1,FedEx,2026-02-11 19:20:23,2026-02-16 08:20:23
702621,502950,3,UPS,2026-02-13 02:43:36,2026-02-14 16:43:36
702622,502951,4,UPS,2026-02-11 20:33:39,2026-02-13 17:33:39
702623,502952,1,UPS,2026-02-11 16:21:24,2026-02-14 18:21:24
702624,502953,1,USPS,2026-02-12 11:57:44,2026-02-15 03:57:44
702625,502954,4,UPS,2026-02-13 12:52:14,2026-02-17 16:52:14
702626,502955,1,FedEx,2026-02-12 07:21:25,2026-02-15 23:21:25
702627,502956,1,FedEx,2026-02-12 09:50:41,2026-02-17 07:50:41
702628,502957,1,USPS,2026-02-13 21:02:47,2026-02-17 21:02:47
702629,502958,1,UPS,2026-02-13 21:34:32,2026-02-17 15:34:32
702630,502959,2,USPS,2026-02-13 06:26:57,2026-02-18 03:26:57
702631,502960,5,UPS,2026-02-14 05:27:32,2026-02-17 18:27:32
702632,502961,3,USPS,2026-02-14 09:50:07,2026-02-16 06:50:07
702633,502962,5,UPS,2026-02-13 21:10:15,2026-02-16 05:10:15
702634,502963,2,FedEx,2026-02-14 15:21:03,2026-02-15 18:21:03
702635,502964,2,FedEx,2026-02-13 17:20:01,2026-02-15 22:20:01
702636,502965,3,USPS,2026-02-13 17:13:24,2026-02-14 16:13:24
702637,502967,2,FedEx,2026-02-15 21:58:41,2026-02-19 11:58:41
702638,502968,1,FedEx,2026-02-14 03:15:54,2026-02-17 09:15:54
702639,502969,5,UPS,2026-02-13 19:34:56,2026-02-18 02:34:56
702640,502972,5,USPS,2026-02-16 02:55:07,2026-02-20 22:55:07
702641,502974,5,UPS,2026-02-15 00:29:41,2026-02-19 18:29:41
702642,502975,5,USPS,2026-02-15 22:06:00,2026-02-19 14:06:00
702643,502977,1,USPS,2026-02-17 09:16:04,2026-02-20 03:16:04
702644,502979,4,USPS,2026-02-16 22:41:03,2026-02-19 20:41:03
702645,502980,4,USPS,2026-02-16 06:32:05,2026-02-20 11:32:05
702646,502981,1,UPS,2026-02-16 15:43:20,2026-02-17 16:43:20
702647,502982,5,UPS,2026-02-16 13:27:57,2026-02-19 10:27:57
702648,502983,5,UPS,2026-02-17 12:50:35,2026-02-18 11:50:35
702649,502984,1,UPS,2026-02-16 21:54:37,2026-02-19 06:54:37
702650,502985,3,USPS,2026-02-16 19:39:33,2026-02-19 22:39:33
702651,502986,4,FedEx,2026-02-16 07:16:16,2026-02-18 14:16:16
702652,502988,3,FedEx,2026-02-16 16:34:32,2026-02-19 03:34:32
702653,502989,5,USPS,2026-02-17 21:57:50,2026-02-20 20:57:50
702654,502990,5,UPS,2026-02-18 23:08:51,2026-02-23 03:08:51
702655,502991,2,FedEx,2026-02-18 06:14:21,2026-02-19 15:14:21
702656,502994,4,UPS,2026-02-18 21:40:18,2026-02-21 13:40:18
702657,502995,1,FedEx,2026-02-19 10:29:56,2026-02-20 06:29:56
702658,502996,2,FedEx,2026-02-18 12:33:08,2026-02-19 16:33:08
702659,502997,2,UPS,2026-02-17 13:57:59,2026-02-19 13:57:59
702660,502998,1,USPS,2026-02-18 02:26:55,2026-02-19 07:26:55
702661,502999,5,UPS,2026-02-19 03:46:25,2026-02-20 02:46:25
702662,503000,3,UPS,2026-02-19 02:57:17,2026-02-23 09:57:17
702663,503001,3,FedEx,2026-02-18 07:44:11,2026-02-21 05:44:11
702664,503002,1,UPS,2026-02-20 19:08:50,2026-02-23 05:08:50
702665,503003,2,FedEx,2026-02-19 03:37:11,2026-02-22 21:37:11
702666,503004,3,FedEx,2026-02-20 12:03:33,2026-02-21 16:03:33
702667,503006,2,USPS,2026-02-21 00:00:17,2026-02-25 18:00:17
702668,503008,3,UPS,2026-02-20 09:41:32,2026-02-21 06:41:32
702669,503009,1,FedEx,2026-02-21 13:16:11,2026-02-24 02:16:11
702670,503010,4,FedEx,2026-02-21 09:01:17,2026-02-22 16:01:17
702671,503011,1,FedEx,2026-02-19 19:15:25,2026-02-22 11:15:25
702672,503012,2,UPS,2026-02-19 12:18:00,2026-02-22 01:18:00
702673,503014,5,USPS,2026-02-21 15:35:21,2026-02-22 22:35:21
702674,503015,3,USPS,2026-02-19 17:11:15,2026-02-22 15:11:15
702675,503017,3,FedEx,2026-02-21 13:51:47,2026-02-22 07:51:47
702676,503018,4,UPS,2026-02-23 00:23:31,2026-02-27 13:23:31
702677,503020,1,UPS,2026-02-22 14:27:55,2026-02-23 15:27:55
702678,503021,3,FedEx,2026-02-22 19:41:25,2026-02-24 03:41:25
702679,503023,3,UPS,2026-02-23 10:09:33,2026-02-24 05:09:33
702680,503024,3,UPS,2026-02-21 07:58:30,2026-02-24 16:58:30
702681,503025,4,FedEx,2026-02-22 18:05:59,2026-02-26 11:05:59
702682,503026,4,USPS,2026-02-23 07:33:12,2026-02-26 01:33:12
702683,503027,2,USPS,2026-02-22 03:33:16,2026-02-26 06:33:16
702684,503028,4,FedEx,2026-02-22 16:41:05,2026-02-24 14:41:05
702685,503029,5,FedEx,2026-02-21 13:24:10,2026-02-23 10:24:10
702686,503030,2,USPS,2026-02-23 01:25:00,2026-02-25 22:25:00
702687,503031,1,USPS,2026-02-23 09:10:59,2026-02-26 19:10:59
702688,503033,5,FedEx,2026-02-22 20:56:03,2026-02-25 18:56:03
702689,503035,4,FedEx,2026-02-24 13:58:00,2026-02-26 02:58:00
702690,503036,4,UPS,2026-02-23 15:22:57,2026-02-26 09:22:57
702691,503037,3,UPS,2026-02-24 00:09:37,2026-02-26 03:09:37
702692,503038,3,UPS,2026-02-23 14:37:02,2026-02-28 04:37:02
702693,503039,5,FedEx,2026-02-25 01:36:18,2026-02-28 14:36:18
702694,503040,5,FedEx,2026-02-25 01:44:13,2026-02-28 10:44:13
702695,503041,2,USPS,2026-02-24 20:55:30,2026-02-27 02:55:30
702696,503043,5,FedEx,2026-02-24 23:20:00,2026-03-01 01:20:00
702697,503044,1,UPS,2026-02-24 02:38:34,2026-02-26 21:38:34
702698,503045,3,FedEx,2026-02-23 14:33:00,2026-02-28 03:33:00
702699,503046,4,USPS,2026-02-25 13:45:25,2026-03-01 08:45:25
702700,503047,3,UPS,2026-02-25 17:16:06,2026-02-28 00:16:06
702701,503048,2,FedEx,2026-02-24 07:44:39,2026-02-27 16:44:39
702702,503049,2,UPS,2026-02-25 14:50:44,2026-02-27 19:50:44
702703,503050,5,UPS,2026-02-23 12:45:28,2026-02-26 04:45:28
702704,503051,3,FedEx,2026-02-24 10:42:00,2026-03-01 03:42:00
702705,503052,5,USPS,2026-02-25 08:21:31,2026-02-28 15:21:31
702706,503053,5,UPS,2026-02-26 07:17:06,2026-03-03 00:17:06
702707,503054,4,UPS,2026-02-24 05:45:22,2026-02-28 09:45:22
702708,503055,1,UPS,2026-02-24 20:02:21,2026-02-26 00:02:21
702709,503056,5,UPS,2026-02-27 04:13:35,2026-03-03 19:13:35
702710,503057,3,UPS,2026-02-25 03:41:59,2026-02-28 06:41:59
702711,503058,4,UPS,2026-02-25 20:10:34,2026-03-01 13:10:34
702712,503059,4,UPS,2026-02-27 09:30:45,2026-03-01 06:30:45
702713,503061,1,USPS,2026-02-26 21:52:57,2026-02-28 01:52:57
702714,503062,4,USPS,2026-02-26 21:23:43,2026-03-02 18:23:43
702715,503063,4,USPS,2026-02-28 10:32:48,2026-03-05 00:32:48
702716,503064,3,FedEx,2026-02-27 08:18:33,2026-02-28 20:18:33
702717,503065,3,UPS,2026-02-28 05:39:43,2026-03-04 23:39:43
702718,503066,4,USPS,2026-02-27 01:16:47,2026-02-27 17:16:47
702719,503067,2,FedEx,2026-02-26 09:45:41,2026-03-03 04:45:41
702720,503068,3,FedEx,2026-02-28 18:55:59,2026-03-02 13:55:59
702721,503069,5,FedEx,2026-02-27 05:29:13,2026-03-01 08:29:13
702722,503070,1,UPS,2026-02-28 07:20:27,2026-03-04 07:20:27
702723,503071,5,FedEx,2026-02-27 10:32:06,2026-02-28 23:32:06
702724,503072,3,USPS,2026-02-27 18:32:21,2026-03-03 03:32:21
702725,503073,5,USPS,2026-02-27 12:42:32,2026-03-02 02:42:32
702726,503074,5,UPS,2026-02-26 14:41:33,2026-02-27 07:41:33
702727,503075,3,USPS,2026-02-27 16:24:28,2026-03-04 10:24:28
702728,503077,1,FedEx,2026-02-28 18:49:59,2026-03-04 16:49:59
702729,503078,4,FedEx,2026-02-27 22:00:34,2026-03-02 06:00:34
702730,503079,3,UPS,2026-02-27 14:56:08,2026-03-03 20:56:08
702731,503081,4,USPS,2026-03-01 08:23:31,2026-03-05 00:23:31
702732,503082,4,UPS,2026-02-27 16:45:52,2026-03-02 15:45:52
702733,503083,1,UPS,2026-02-27 22:57:51,2026-03-01 12:57:51
702734,503084,2,USPS,2026-03-01 02:20:21,2026-03-03 00:20:21
702735,503085,1,FedEx,2026-03-01 01:07:19,2026-03-05 18:07:19
702736,503086,2,UPS,2026-02-28 08:44:35,2026-03-04 07:44:35
702737,503087,5,FedEx,2026-03-02 13:49:34,2026-03-04 10:49:34
702738,503090,1,FedEx,2026-02-28 12:51:34,2026-03-04 07:51:34
702739,503091,5,FedEx,2026-03-01 10:20:08,2026-03-03 00:20:08
702740,503092,2,UPS,2026-03-01 19:39:32,2026-03-03 15:39:32
702741,503093,4,USPS,2026-03-02 03:46:17,2026-03-06 18:46:17
702742,503095,1,FedEx,2026-03-01 15:06:58,2026-03-06 05:06:58
702743,503096,2,FedEx,2026-03-02 08:40:49,2026-03-04 12:40:49
702744,503099,3,FedEx,2026-03-02 20:29:10,2026-03-05 02:29:10
702745,503100,4,UPS,2026-03-03 16:47:23,2026-03-05 16:47:23
702746,503101,1,UPS,2026-03-03 08:36:24,2026-03-05 09:36:24
702747,503102,1,USPS,2026-03-02 12:06:10,2026-03-05 04:06:10
702748,503103,4,UPS,2026-03-04 04:19:06,2026-03-06 19:19:06
702749,503105,3,FedEx,2026-03-03 06:16:47,2026-03-03 19:16:47
702750,503106,4,FedEx,2026-03-03 11:41:08,2026-03-06 18:41:08
702751,503107,3,UPS,2026-03-04 04:58:11,2026-03-04 20:58:11
702752,503108,1,USPS,2026-03-05 14:36:31,2026-03-09 03:36:31
702753,503109,3,USPS,2026-03-04 14:14:28,2026-03-05 02:14:28
702754,503111,2,FedEx,2026-03-04 03:14:41,2026-03-06 08:14:41
702755,503112,2,USPS,2026-03-05 07:54:50,2026-03-09 17:54:50
702756,503113,1,USPS,2026-03-06 15:53:26,2026-03-10 23:53:26
702757,503114,2,UPS,2026-03-06 12:55:53,2026-03-10 08:55:53
702758,503115,1,USPS,2026-03-07 04:39:54,2026-03-10 22:39:54
702759,503116,1,UPS,2026-03-06 13:00:37,2026-03-11 11:00:37
702760,503117,3,FedEx,2026-03-05 04:39:14,2026-03-07 16:39:14
702761,503118,2,UPS,2026-03-06 08:52:35,2026-03-07 13:52:35
702762,503119,1,UPS,2026-03-06 13:45:27,2026-03-10 21:45:27
702763,503120,5,USPS,2026-03-05 07:30:45,2026-03-05 19:30:45
702764,503121,3,USPS,2026-03-06 12:45:44,2026-03-08 05:45:44
702765,503122,3,FedEx,2026-03-07 15:23:48,2026-03-09 14:23:48
702766,503123,5,USPS,2026-03-07 12:38:27,2026-03-09 13:38:27
702767,503125,1,USPS,2026-03-07 03:35:40,2026-03-07 19:35:40
702768,503126,4,FedEx,2026-03-07 05:45:48,2026-03-08 01:45:48
702769,503127,3,UPS,2026-03-08 12:42:29,2026-03-12 02:42:29
702770,503128,3,USPS,2026-03-06 12:25:04,2026-03-10 22:25:04
702771,503129,2,UPS,2026-03-07 16:13:00,2026-03-08 16:13:00
702772,503131,3,FedEx,2026-03-06 16:25:18,2026-03-07 14:25:18
702773,503132,4,UPS,2026-03-08 09:44:36,2026-03-09 08:44:36
702774,503133,2,FedEx,2026-03-07 23:32:00,2026-03-11 09:32:00
702775,503134,5,FedEx,2026-03-08 10:10:54,2026-03-09 04:10:54
702776,503135,5,USPS,2026-03-06 13:14:59,2026-03-10 08:14:59
702777,503136,2,USPS,2026-03-06 21:28:06,2026-03-11 12:28:06
702778,503138,1,FedEx,2026-03-09 06:29:23,2026-03-11 00:29:23
702779,503140,3,USPS,2026-03-08 04:02:20,2026-03-12 18:02:20
702780,503141,4,USPS,2026-03-08 23:53:55,2026-03-10 07:53:55
702781,503142,1,UPS,2026-03-08 20:10:55,2026-03-11 07:10:55
702782,503143,2,USPS,2026-03-10 03:40:39,2026-03-13 01:40:39
702783,503145,4,UPS,2026-03-09 11:47:53,2026-03-11 10:47:53
702784,503146,2,FedEx,2026-03-08 12:35:59,2026-03-09 11:35:59
702785,503147,5,UPS,2026-03-10 21:46:58,2026-03-15 09:46:58
702786,503148,5,USPS,2026-03-11 12:04:13,2026-03-16 03:04:13
702787,503149,2,USPS,2026-03-09 04:15:15,2026-03-10 04:15:15
702788,503150,1,UPS,2026-03-10 20:21:34,2026-03-11 19:21:34
702789,503151,1,FedEx,2026-03-09 12:22:38,2026-03-12 07:22:38
702790,503153,1,FedEx,2026-03-11 01:32:33,2026-03-14 04:32:33
702791,503154,5,USPS,2026-03-11 14:05:56,2026-03-12 20:05:56
702792,503155,1,FedEx,2026-03-10 20:35:25,2026-03-13 18:35:25
702793,503156,4,FedEx,2026-03-09 10:54:41,2026-03-09 23:54:41
702794,503158,3,USPS,2026-03-12 03:28:18,2026-03-16 16:28:18
702795,503159,2,UPS,2026-03-11 15:51:19,2026-03-13 06:51:19
702796,503160,5,USPS,2026-03-09 23:08:01,2026-03-11 12:08:01
702797,503161,2,FedEx,2026-03-10 17:42:47,2026-03-13 14:42:47
702798,503162,2,UPS,2026-03-10 18:13:21,2026-03-14 09:13:21
702799,503163,2,FedEx,2026-03-11 01:22:20,2026-03-13 09:22:20
702800,503165,2,FedEx,2026-03-11 22:47:26,2026-03-15 12:47:26
702801,503167,5,USPS,2026-03-11 16:16:16,2026-03-14 11:16:16
702802,503168,4,FedEx,2026-03-12 19:58:50,2026-03-16 03:58:50
702803,503169,2,FedEx,2026-03-12 00:01:56,2026-03-12 20:01:56
702804,503170,5,UPS,2026-03-12 04:25:16,2026-03-16 06:25:16
702805,503171,3,USPS,2026-03-11 16:45:43,2026-03-12 20:45:43
702806,503172,5,FedEx,2026-03-13 14:19:29,2026-03-17 08:19:29
702807,503173,1,USPS,2026-03-12 15:27:45,2026-03-14 19:27:45
702808,503174,5,FedEx,2026-03-14 16:49:08,2026-03-16 06:49:08
702809,503175,3,UPS,2026-03-14 11:42:36,2026-03-17 10:42:36
702810,503176,2,USPS,2026-03-14 14:11:54,2026-03-18 09:11:54
702811,503177,1,UPS,2026-03-14 22:07:44,2026-03-16 00:07:44
702812,503179,2,USPS,2026-03-14 16:54:08,2026-03-15 14:54:08
702813,503180,2,USPS,2026-03-15 06:23:56,2026-03-17 14:23:56
702814,503181,3,UPS,2026-03-15 03:58:04,2026-03-19 06:58:04
702815,503182,2,FedEx,2026-03-15 08:14:01,2026-03-19 22:14:01
702816,503183,5,UPS,2026-03-14 21:03:04,2026-03-18 22:03:04
702817,503184,5,UPS,2026-03-14 11:20:49,2026-03-17 06:20:49
702818,503185,1,USPS,2026-03-16 10:53:15,2026-03-21 05:53:15
702819,503186,2,USPS,2026-03-15 08:25:15,2026-03-16 03:25:15
702820,503187,3,FedEx,2026-03-16 06:35:46,2026-03-17 20:35:46
702821,503188,4,USPS,2026-03-14 11:20:05,2026-03-19 07:20:05
702822,503189,2,FedEx,2026-03-14 11:57:37,2026-03-18 04:57:37
702823,503190,3,USPS,2026-03-15 21:05:16,2026-03-20 03:05:16
702824,503191,5,UPS,2026-03-14 23:17:04,2026-03-16 08:17:04
702825,503192,4,FedEx,2026-03-15 08:48:03,2026-03-18 10:48:03
702826,503193,1,USPS,2026-03-14 22:35:56,2026-03-18 04:35:56
702827,503194,1,FedEx,2026-03-16 11:10:01,2026-03-17 10:10:01
702828,503196,2,FedEx,2026-03-17 04:48:02,2026-03-21 22:48:02
702829,503197,5,USPS,2026-03-16 05:42:01,2026-03-19 13:42:01
702830,503198,3,FedEx,2026-03-16 13:57:55,2026-03-20 17:57:55
702831,503200,3,USPS,2026-03-17 09:20:15,2026-03-18 10:20:15
702832,503201,2,USPS,2026-03-16 21:32:01,2026-03-19 12:32:01
702833,503202,4,FedEx,2026-03-18 04:22:57,2026-03-19 07:22:57
702834,503203,3,UPS,2026-03-16 03:42:35,2026-03-19 21:42:35
702835,503204,4,USPS,2026-03-16 19:33:19,2026-03-20 23:33:19
702836,503205,1,USPS,2026-03-16 18:01:46,2026-03-20 22:01:46
702837,503206,4,USPS,2026-03-18 08:11:37,2026-03-20 12:11:37
702838,503208,5,USPS,2026-03-19 04:57:31,2026-03-21 07:57:31
702839,503209,5,UPS,2026-03-17 14:26:00,2026-03-20 02:26:00
702840,503211,2,USPS,2026-03-19 16:16:12,2026-03-23 16:16:12
702841,503212,3,USPS,2026-03-17 01:22:29,2026-03-19 10:22:29
702842,503213,1,USPS,2026-03-19 04:36:51,2026-03-20 15:36:51
702843,503215,5,USPS,2026-03-19 07:46:30,2026-03-21 03:46:30
702844,503216,5,UPS,2026-03-19 11:00:12,2026-03-23 10:00:12
702845,503217,3,USPS,2026-03-19 21:06:02,2026-03-23 12:06:02
702846,503218,5,FedEx,2026-03-18 13:17:44,2026-03-21 19:17:44
702847,503219,2,FedEx,2026-03-19 17:35:09,2026-03-23 04:35:09
702848,503220,4,FedEx,2026-03-20 02:40:38,2026-03-24 11:40:38
702849,503222,2,UPS,2026-03-18 16:49:56,2026-03-19 09:49:56
702850,503223,4,UPS,2026-03-19 21:51:04,2026-03-22 19:51:04
702851,503224,5,UPS,2026-03-20 06:58:08,2026-03-23 07:58:08
702852,503225,5,UPS,2026-03-20 12:03:22,2026-03-23 06:03:22
702853,503226,1,USPS,2026-03-19 20:09:11,2026-03-23 23:09:11
702854,503227,1,USPS,2026-03-18 11:56:06,2026-03-19 21:56:06
702855,503229,2,UPS,2026-03-20 07:29:15,2026-03-24 14:29:15
702856,503230,1,UPS,2026-03-19 22:17:16,2026-03-22 23:17:16
702857,503231,2,FedEx,2026-03-19 07:10:16,2026-03-22 05:10:16
702858,503232,2,UPS,2026-03-21 15:31:35,2026-03-25 17:31:35
702859,503233,5,UPS,2026-03-21 19:10:01,2026-03-26 10:10:01
702860,503234,4,FedEx,2026-03-21 08:40:05,2026-03-26 02:40:05
702861,503235,1,USPS,2026-03-22 02:41:39,2026-03-24 11:41:39
702862,503236,1,FedEx,2026-03-20 03:01:23,2026-03-24 07:01:23
702863,503237,5,UPS,2026-03-22 13:03:16,2026-03-26 05:03:16
702864,503239,5,UPS,2026-03-22 11:28:08,2026-03-27 04:28:08
702865,503240,5,FedEx,2026-03-20 23:46:42,2026-03-25 13:46:42
702866,503241,2,UPS,2026-03-22 12:53:40,2026-03-26 18:53:40
702867,503243,5,UPS,2026-03-21 11:01:42,2026-03-22 10:01:42
702868,503244,3,FedEx,2026-03-22 06:16:55,2026-03-26 20:16:55
702869,503245,1,UPS,2026-03-23 19:51:53,2026-03-26 12:51:53
702870,503246,1,USPS,2026-03-22 19:46:06,2026-03-24 20:46:06
702871,503247,2,USPS,2026-03-24 03:19:40,2026-03-26 13:19:40
702872,503248,5,USPS,2026-03-22 17:57:34,2026-03-25 00:57:34
702873,503249,4,FedEx,2026-03-23 00:56:12,2026-03-27 06:56:12
702874,503250,4,USPS,2026-03-22 20:19:44,2026-03-26 00:19:44
702875,503251,3,USPS,2026-03-23 07:00:10,2026-03-28 01:00:10
702876,503252,5,FedEx,2026-03-22 02:13:48,2026-03-23 23:13:48
702877,503253,5,UPS,2026-03-23 10:47:00,2026-03-24 14:47:00
702878,503254,2,USPS,2026-03-23 03:09:21,2026-03-27 01:09:21
702879,503255,2,UPS,2026-03-23 02:11:13,2026-03-24 20:11:13
702880,503256,4,FedEx,2026-03-25 08:32:38,2026-03-29 23:32:38
702881,503257,3,UPS,2026-03-22 22:49:01,2026-03-27 08:49:01
702882,503258,1,FedEx,2026-03-24 04:20:36,2026-03-26 11:20:36
702883,503259,4,FedEx,2026-03-24 09:35:07,2026-03-29 07:35:07
702884,503260,4,UPS,2026-03-24 17:11:48,2026-03-28 02:11:48
702885,503261,4,USPS,2026-03-25 06:52:54,2026-03-28 00:52:54
702886,503262,4,FedEx,2026-03-25 08:39:16,2026-03-26 07:39:16
702887,503263,4,UPS,2026-03-25 21:20:26,2026-03-29 18:20:26
702888,503264,4,UPS,2026-03-24 00:59:15,2026-03-25 04:59:15
702889,503265,5,FedEx,2026-03-26 09:03:58,2026-03-29 01:03:58
702890,503266,5,FedEx,2026-03-26 12:58:35,2026-03-27 05:58:35
702891,503267,1,UPS,2026-03-24 06:08:59,2026-03-24 21:08:59
702892,503268,2,USPS,2026-03-25 17:26:43,2026-03-27 23:26:43
702893,503269,5,UPS,2026-03-25 07:10:55,2026-03-29 03:10:55
702894,503270,3,UPS,2026-03-25 09:54:13,2026-03-28 07:54:13
702895,503271,4,UPS,2026-03-27 00:11:36,2026-03-30 07:11:36
702896,503272,3,UPS,2026-03-25 12:05:48,2026-03-26 19:05:48
702897,503273,2,USPS,2026-03-25 03:34:34,2026-03-29 17:34:34
702898,503274,2,UPS,2026-03-27 05:01:43,2026-03-30 12:01:43
702899,503275,4,USPS,2026-03-27 15:04:16,2026-03-28 10:04:16
702900,503277,4,FedEx,2026-03-26 13:47:39,2026-03-30 00:47:39
702901,503278,3,USPS,2026-03-26 09:20:09,2026-03-30 08:20:09
702902,503279,4,UPS,2026-03-27 10:07:22,2026-03-28 21:07:22
702903,503281,1,FedEx,2026-03-26 18:18:29,2026-03-29 13:18:29
702904,503282,4,FedEx,2026-03-28 20:15:46,2026-03-31 13:15:46
702905,503283,5,USPS,2026-03-28 16:41:07,2026-04-01 13:41:07
702906,503284,2,FedEx,2026-03-29 05:53:04,2026-03-31 03:53:04
702907,503285,4,USPS,2026-03-27 22:03:37,2026-03-30 12:03:37
702908,503286,5,UPS,2026-03-28 02:38:32,2026-03-28 19:38:32
702909,503288,4,UPS,2026-03-27 17:09:11,2026-03-30 18:09:11
702910,503289,1,UPS,2026-03-28 15:50:05,2026-04-02 14:50:05
702911,503290,2,UPS,2026-03-28 01:22:07,2026-03-29 08:22:07
702912,503292,4,UPS,2026-03-29 09:40:16,2026-04-01 14:40:16
702913,503293,3,FedEx,2026-03-29 18:43:32,2026-03-31 14:43:32
702914,503294,5,USPS,2026-03-30 10:50:20,2026-04-03 05:50:20
702915,503295,1,USPS,2026-03-29 16:05:48,2026-03-31 10:05:48
702916,503296,2,UPS,2026-03-28 09:04:01,2026-04-02 06:04:01
702917,503297,2,FedEx,2026-03-29 23:57:18,2026-04-02 04:57:18
702918,503298,2,USPS,2026-03-31 05:24:13,2026-04-04 15:24:13
702919,503299,3,USPS,2026-03-29 17:05:15,2026-04-03 07:05:15
702920,503302,3,UPS,2026-03-29 06:35:07,2026-03-30 20:35:07
702921,503303,1,USPS,2026-03-30 03:41:20,2026-04-01 15:41:20
702922,503305,2,USPS,2026-03-30 09:37:19,2026-04-04 08:37:19
702923,503306,5,FedEx,2026-03-30 07:42:07,2026-03-31 20:42:07
702924,503307,3,USPS,2026-03-29 18:59:25,2026-04-03 08:59:25
702925,503309,4,USPS,2026-04-01 06:03:00,2026-04-05 07:03:00
702926,503310,1,USPS,2026-03-30 13:59:02,2026-04-03 21:59:02
702927,503312,3,FedEx,2026-04-01 17:22:33,2026-04-03 08:22:33
702928,503313,2,UPS,2026-03-31 02:57:19,2026-04-02 15:57:19
702929,503314,3,USPS,2026-04-02 08:15:14,2026-04-04 00:15:14
702930,503315,1,USPS,2026-03-31 20:34:13,2026-04-02 01:34:13
702931,503316,3,UPS,2026-04-02 18:39:53,2026-04-03 22:39:53
702932,503317,3,UPS,2026-03-31 18:22:09,2026-04-02 19:22:09
702933,503318,4,FedEx,2026-04-02 01:28:52,2026-04-04 12:28:52
702934,503319,1,FedEx,2026-04-03 01:45:22,2026-04-04 13:45:22
702935,503321,1,UPS,2026-04-02 03:32:39,2026-04-05 02:32:39
702936,503322,5,UPS,2026-04-01 12:44:15,2026-04-02 22:44:15
702937,503324,2,FedEx,2026-04-02 16:16:19,2026-04-05 21:16:19
702938,503325,4,USPS,2026-04-02 06:49:35,2026-04-03 07:49:35
702939,503326,4,USPS,2026-04-02 03:19:06,2026-04-04 01:19:06
702940,503327,3,UPS,2026-04-04 02:29:15,2026-04-06 05:29:15
702941,503328,2,FedEx,2026-04-03 23:08:01,2026-04-07 14:08:01
702942,503329,2,USPS,2026-04-03 01:51:44,2026-04-06 16:51:44
702943,503330,4,FedEx,2026-04-03 05:20:24,2026-04-05 19:20:24
702944,503331,1,UPS,2026-04-04 17:31:15,2026-04-05 15:31:15
702945,503332,1,UPS,2026-04-05 01:22:35,2026-04-09 09:22:35
702946,503333,1,USPS,2026-04-04 03:37:41,2026-04-07 17:37:41
702947,503335,4,FedEx,2026-04-04 05:09:54,2026-04-08 03:09:54
702948,503336,1,USPS,2026-04-04 17:33:10,2026-04-05 05:33:10
702949,503337,4,USPS,2026-04-03 21:17:11,2026-04-06 07:17:11
702950,503338,4,FedEx,2026-04-03 11:19:59,2026-04-06 11:19:59
702951,503339,2,FedEx,2026-04-05 04:51:24,2026-04-06 09:51:24
702952,503340,5,FedEx,2026-04-05 05:43:05,2026-04-09 12:43:05
702953,503341,1,UPS,2026-04-04 12:58:01,2026-04-06 22:58:01
702954,503342,4,FedEx,2026-04-06 04:23:40,2026-04-09 08:23:40
702955,503343,1,UPS,2026-04-05 04:30:54,2026-04-10 00:30:54
702956,503344,5,FedEx,2026-04-06 03:46:44,2026-04-10 23:46:44
702957,503345,2,UPS,2026-04-06 15:58:06,2026-04-10 04:58:06
702958,503346,1,UPS,2026-04-04 17:02:54,2026-04-08 17:02:54
702959,503347,3,FedEx,2026-04-04 23:03:55,2026-04-09 02:03:55
702960,503348,3,UPS,2026-04-05 02:21:34,2026-04-06 09:21:34
702961,503349,2,FedEx,2026-04-04 14:45:31,2026-04-08 21:45:31
702962,503350,5,FedEx,2026-04-07 10:19:10,2026-04-11 15:19:10
702963,503352,5,UPS,2026-04-07 02:50:07,2026-04-09 16:50:07
702964,503355,4,FedEx,2026-04-07 02:22:54,2026-04-07 17:22:54
702965,503356,4,UPS,2026-04-07 11:05:29,2026-04-08 19:05:29
702966,503357,2,USPS,2026-04-05 10:45:45,2026-04-07 03:45:45
702967,503358,1,UPS,2026-04-07 06:33:49,2026-04-09 19:33:49
702968,503359,5,UPS,2026-04-08 07:54:40,2026-04-09 15:54:40
702969,503360,3,FedEx,2026-04-06 21:36:38,2026-04-07 17:36:38
702970,503361,5,UPS,2026-04-08 08:02:31,2026-04-09 03:02:31
702971,503362,4,UPS,2026-04-07 03:15:23,2026-04-10 11:15:23
702972,503363,2,FedEx,2026-04-08 20:20:49,2026-04-10 22:20:49
702973,503364,3,UPS,2026-04-07 23:45:40,2026-04-09 23:45:40
702974,503366,2,FedEx,2026-04-08 15:28:35,2026-04-13 04:28:35
702975,503367,1,UPS,2026-04-09 06:29:39,2026-04-10 03:29:39
702976,503368,4,USPS,2026-04-08 08:51:48,2026-04-10 20:51:48
702977,503369,3,FedEx,2026-04-07 15:21:56,2026-04-12 06:21:56
702978,503370,2,UPS,2026-04-08 04:51:45,2026-04-12 03:51:45
702979,503371,2,FedEx,2026-04-09 19:28:19,2026-04-13 04:28:19
702980,503372,5,FedEx,2026-04-08 05:19:47,2026-04-11 02:19:47
702981,503373,1,USPS,2026-04-08 16:52:19,2026-04-09 13:52:19
702982,503375,2,FedEx,2026-04-09 15:01:08,2026-04-10 20:01:08
702983,503376,5,USPS,2026-04-08 18:18:29,2026-04-12 04:18:29
702984,503377,2,UPS,2026-04-10 02:12:21,2026-04-12 14:12:21
702985,503378,2,FedEx,2026-04-09 05:14:09,2026-04-12 22:14:09
702986,503379,1,FedEx,2026-04-10 07:05:16,2026-04-11 23:05:16
702987,503380,1,USPS,2026-04-08 20:39:02,2026-04-12 12:39:02
702988,503381,5,FedEx,2026-04-09 13:19:38,2026-04-13 11:19:38
702989,503382,5,USPS,2026-04-10 00:56:46,2026-04-11 01:56:46
702990,503383,3,FedEx,2026-04-11 05:56:55,2026-04-11 17:56:55
702991,503384,2,FedEx,2026-04-11 06:11:06,2026-04-13 07:11:06
702992,503385,2,FedEx,2026-04-09 12:18:56,2026-04-11 15:18:56
702993,503386,1,FedEx,2026-04-11 07:08:40,2026-04-14 01:08:40
702994,503387,5,USPS,2026-04-11 03:56:59,2026-04-15 05:56:59
702995,503388,1,FedEx,2026-04-11 01:18:59,2026-04-12 10:18:59
702996,503389,3,USPS,2026-04-11 06:17:48,2026-04-11 22:17:48
702997,503390,5,FedEx,2026-04-13 00:38:32,2026-04-17 19:38:32
702998,503391,3,FedEx,2026-04-11 01:40:25,2026-04-12 18:40:25
702999,503392,2,USPS,2026-04-13 08:20:51,2026-04-15 05:20:51
703000,503393,5,UPS,2026-04-11 11:34:15,2026-04-15 20:34:15
703001,503394,1,FedEx,2026-04-11 13:22:17,2026-04-12 16:22:17
703002,503395,1,USPS,2026-04-12 02:14:13,2026-04-13 18:14:13
703003,503397,1,UPS,2026-04-11 21:27:43,2026-04-12 16:27:43
703004,503399,2,FedEx,2026-04-12 02:35:00,2026-04-15 17:35:00
703005,503400,1,FedEx,2026-04-14 16:31:53,2026-04-18 09:31:53
703006,503401,4,FedEx,2026-04-12 22:45:16,2026-04-13 15:45:16
703007,503402,3,UPS,2026-04-13 09:55:19,2026-04-16 17:55:19
703008,503403,1,USPS,2026-04-13 21:59:38,2026-04-16 13:59:38
703009,503404,3,FedEx,2026-04-13 02:28:04,2026-04-15 17:28:04
703010,503405,3,FedEx,2026-04-12 20:08:51,2026-04-15 00:08:51
703011,503406,3,USPS,2026-04-14 15:14:15,2026-04-16 10:14:15
703012,503410,1,UPS,2026-04-15 07:56:05,2026-04-19 02:56:05
703013,503411,4,USPS,2026-04-13 21:23:17,2026-04-15 01:23:17
703014,503412,1,UPS,2026-04-16 11:03:53,2026-04-20 22:03:53
703015,503413,2,UPS,2026-04-15 03:37:50,2026-04-17 18:37:50
703016,503414,1,UPS,2026-04-15 11:22:42,2026-04-18 01:22:42
703017,503415,2,USPS,2026-04-14 12:04:12,2026-04-17 01:04:12
703018,503416,3,UPS,2026-04-15 04:09:52,2026-04-18 13:09:52
703019,503417,1,UPS,2026-04-14 22:30:27,2026-04-16 23:30:27
703020,503418,1,USPS,2026-04-16 12:56:08,2026-04-20 11:56:08
703021,503419,5,UPS,2026-04-16 21:59:53,2026-04-21 06:59:53
703022,503420,3,FedEx,2026-04-16 08:21:09,2026-04-21 04:21:09
703023,503421,1,UPS,2026-04-15 21:01:47,2026-04-19 06:01:47
703024,503422,2,UPS,2026-04-15 13:48:02,2026-04-16 13:48:02
703025,503423,3,USPS,2026-04-16 14:52:34,2026-04-20 16:52:34
703026,503426,1,UPS,2026-04-17 10:02:33,2026-04-21 18:02:33
703027,503427,5,USPS,2026-04-17 02:39:47,2026-04-20 06:39:47
703028,503428,5,UPS,2026-04-18 11:02:32,2026-04-20 14:02:32
703029,503430,4,FedEx,2026-04-17 21:28:50,2026-04-22 10:28:50
703030,503431,1,FedEx,2026-04-17 14:12:27,2026-04-19 04:12:27
703031,503432,1,USPS,2026-04-19 03:37:30,2026-04-21 14:37:30
703032,503433,2,UPS,2026-04-19 04:34:56,2026-04-24 03:34:56
703033,503434,2,USPS,2026-04-19 09:55:59,2026-04-21 22:55:59
703034,503435,5,FedEx,2026-04-16 19:53:14,2026-04-17 15:53:14
703035,503437,3,UPS,2026-04-17 05:00:48,2026-04-20 08:00:48
703036,503438,4,UPS,2026-04-18 08:12:31,2026-04-21 23:12:31
703037,503439,1,UPS,2026-04-17 15:13:54,2026-04-19 13:13:54
703038,503440,5,FedEx,2026-04-17 16:45:01,2026-04-18 11:45:01
703039,503442,3,FedEx,2026-04-18 10:39:12,2026-04-22 07:39:12
703040,503444,1,USPS,2026-04-17 15:25:19,2026-04-21 06:25:19
703041,503445,1,UPS,2026-04-19 00:07:30,2026-04-20 11:07:30
703042,503446,2,UPS,2026-04-18 05:08:39,2026-04-22 16:08:39
703043,503447,1,USPS,2026-04-20 08:38:38,2026-04-21 12:38:38
703044,503448,3,USPS,2026-04-18 04:29:26,2026-04-23 02:29:26
703045,503449,1,FedEx,2026-04-19 21:00:55,2026-04-23 12:00:55
703046,503450,2,FedEx,2026-04-18 14:29:01,2026-04-22 04:29:01
703047,503451,5,UPS,2026-04-20 03:49:52,2026-04-23 00:49:52
703048,503452,1,UPS,2026-04-21 05:08:15,2026-04-22 08:08:15
703049,503453,1,FedEx,2026-04-19 09:34:50,2026-04-22 13:34:50
703050,503454,3,USPS,2026-04-20 02:01:54,2026-04-21 12:01:54
703051,503455,5,UPS,2026-04-21 09:03:50,2026-04-23 23:03:50
703052,503456,2,FedEx,2026-04-19 11:06:52,2026-04-22 18:06:52
703053,503457,2,USPS,2026-04-19 14:42:32,2026-04-20 13:42:32
703054,503458,3,UPS,2026-04-19 19:59:24,2026-04-21 18:59:24
703055,503459,5,UPS,2026-04-21 14:38:49,2026-04-25 07:38:49
703056,503461,5,USPS,2026-04-19 15:30:48,2026-04-23 11:30:48
703057,503462,1,FedEx,2026-04-21 22:28:06,2026-04-23 09:28:06
703058,503463,2,FedEx,2026-04-21 11:33:13,2026-04-24 10:33:13
703059,503464,3,FedEx,2026-04-21 02:06:01,2026-04-24 01:06:01
703060,503465,4,UPS,2026-04-21 02:37:58,2026-04-23 01:37:58
703061,503466,1,UPS,2026-04-20 19:30:05,2026-04-21 23:30:05
703062,503467,5,FedEx,2026-04-22 19:50:03,2026-04-24 04:50:03
703063,503468,2,USPS,2026-04-21 23:14:05,2026-04-25 14:14:05
703064,503469,3,USPS,2026-04-21 18:12:35,2026-04-26 05:12:35
703065,503470,2,FedEx,2026-04-21 00:19:58,2026-04-22 19:19:58
703066,503471,3,UPS,2026-04-22 07:47:53,2026-04-23 16:47:53
703067,503473,3,UPS,2026-04-21 16:24:35,2026-04-23 17:24:35
703068,503474,1,FedEx,2026-04-22 00:36:39,2026-04-26 03:36:39
703069,503475,4,UPS,2026-04-23 00:47:07,2026-04-26 18:47:07
703070,503476,1,FedEx,2026-04-22 19:12:29,2026-04-23 20:12:29
703071,503477,5,UPS,2026-04-23 15:26:47,2026-04-27 06:26:47
703072,503478,5,UPS,2026-04-23 21:28:23,2026-04-26 17:28:23
703073,503479,5,FedEx,2026-04-22 00:01:48,2026-04-23 09:01:48
703074,503480,2,USPS,2026-04-22 07:30:32,2026-04-25 22:30:32
703075,503481,2,USPS,2026-04-21 20:02:43,2026-04-25 03:02:43
703076,503482,4,USPS,2026-04-23 20:53:05,2026-04-28 02:53:05
703077,503483,4,FedEx,2026-04-22 07:33:51,2026-04-26 03:33:51
703078,503485,1,UPS,2026-04-24 06:52:35,2026-04-25 04:52:35
703079,503486,1,UPS,2026-04-23 22:31:06,2026-04-24 15:31:06
703080,503487,1,FedEx,2026-04-22 19:31:00,2026-04-24 22:31:00
703081,503488,3,FedEx,2026-04-23 05:13:36,2026-04-24 14:13:36
703082,503489,2,UPS,2026-04-24 23:41:16,2026-04-26 14:41:16
703083,503490,1,FedEx,2026-04-23 11:12:50,2026-04-27 08:12:50
703084,503491,2,FedEx,2026-04-25 10:27:07,2026-04-29 14:27:07
703085,503492,4,FedEx,2026-04-23 14:38:36,2026-04-26 09:38:36
703086,503493,2,UPS,2026-04-26 01:16:17,2026-04-26 18:16:17
703087,503494,2,FedEx,2026-04-26 02:09:29,2026-04-27 01:09:29
703088,503495,3,USPS,2026-04-24 21:43:46,2026-04-29 12:43:46
703089,503496,2,USPS,2026-04-25 15:14:13,2026-04-27 06:14:13
703090,503498,5,UPS,2026-04-26 08:44:46,2026-04-30 00:44:46
703091,503499,3,UPS,2026-04-24 17:57:57,2026-04-25 15:57:57
703092,503500,1,UPS,2026-04-25 02:44:16,2026-04-26 00:44:16
703093,503501,3,UPS,2026-04-25 21:35:48,2026-04-28 07:35:48
703094,503502,1,USPS,2026-04-24 14:12:45,2026-04-25 19:12:45
703095,503503,5,UPS,2026-04-25 00:38:12,2026-04-27 12:38:12
703096,503505,5,FedEx,2026-04-24 23:33:02,2026-04-27 01:33:02
703097,503506,4,FedEx,2026-04-25 06:20:02,2026-04-27 05:20:02
703098,503507,1,USPS,2026-04-25 19:13:01,2026-04-26 16:13:01
703099,503508,5,FedEx,2026-04-26 11:03:42,2026-04-29 04:03:42
703100,503509,4,UPS,2026-04-27 19:04:59,2026-05-01 19:04:59
703101,503510,5,FedEx,2026-04-27 07:32:34,2026-04-29 11:32:34
703102,503511,3,USPS,2026-04-26 01:05:38,2026-04-27 06:05:38
703103,503512,4,FedEx,2026-04-26 07:35:52,2026-04-30 13:35:52
703104,503513,3,USPS,2026-04-28 09:44:14,2026-04-29 11:44:14
703105,503516,1,USPS,2026-04-26 02:45:21,2026-04-30 15:45:21
703106,503517,4,UPS,2026-04-26 06:45:58,2026-04-27 23:45:58
703107,503518,4,FedEx,2026-04-27 08:06:21,2026-04-29 20:06:21
703108,503519,3,USPS,2026-04-27 02:00:41,2026-05-01 13:00:41
703109,503520,4,USPS,2026-04-28 12:35:32,2026-05-03 05:35:32
703110,503521,1,UPS,2026-04-27 10:42:44,2026-04-28 21:42:44
703111,503522,3,USPS,2026-04-28 09:07:10,2026-05-02 21:07:10
703112,503523,1,USPS,2026-04-29 12:01:23,2026-05-03 12:01:23
703113,503524,3,USPS,2026-04-28 23:17:14,2026-05-02 17:17:14
703114,503526,4,UPS,2026-04-29 21:14:35,2026-05-04 12:14:35
703115,503528,4,FedEx,2026-04-28 16:03:58,2026-04-29 16:03:58
703116,503529,2,FedEx,2026-04-30 05:43:08,2026-05-02 13:43:08
703117,503530,4,FedEx,2026-04-30 02:26:50,2026-05-02 19:26:50
703118,503531,1,FedEx,2026-04-29 03:04:59,2026-05-03 23:04:59
703119,503533,5,FedEx,2026-04-30 06:03:42,2026-05-01 02:03:42
703120,503534,2,UPS,2026-05-01 03:19:51,2026-05-03 18:19:51
703121,503535,5,UPS,2026-04-29 10:51:02,2026-05-02 04:51:02
703122,503536,4,UPS,2026-04-28 18:52:17,2026-04-30 16:52:17
703123,503537,2,UPS,2026-04-29 03:36:35,2026-04-30 19:36:35
703124,503538,5,FedEx,2026-04-28 18:19:59,2026-05-02 17:19:59
703125,503539,2,UPS,2026-04-30 19:00:39,2026-05-05 12:00:39
703126,503542,5,FedEx,2026-04-29 23:45:51,2026-04-30 23:45:51
703127,503543,3,FedEx,2026-04-30 06:03:17,2026-05-03 19:03:17
703128,503544,1,UPS,2026-04-30 11:25:56,2026-05-03 08:25:56
703129,503546,5,FedEx,2026-04-30 13:14:07,2026-05-05 03:14:07
703130,503547,1,UPS,2026-04-30 19:17:37,2026-05-01 10:17:37
703131,503548,4,UPS,2026-04-30 12:20:52,2026-05-04 14:20:52
703132,503549,4,FedEx,2026-05-02 09:20:07,2026-05-07 04:20:07
703133,503550,5,USPS,2026-05-01 19:25:12,2026-05-02 11:25:12
703134,503551,5,USPS,2026-05-02 04:06:31,2026-05-03 02:06:31
703135,503553,1,FedEx,2026-05-01 20:43:10,2026-05-04 03:43:10
703136,503554,2,FedEx,2026-05-01 16:09:18,2026-05-05 17:09:18
703137,503555,4,FedEx,2026-05-01 12:21:45,2026-05-05 03:21:45
703138,503556,1,FedEx,2026-05-02 00:40:32,2026-05-05 00:40:32
703139,503557,1,UPS,2026-05-02 04:40:24,2026-05-06 07:40:24
703140,503559,5,FedEx,2026-05-02 12:28:44,2026-05-04 21:28:44
703141,503561,1,USPS,2026-05-01 19:36:52,2026-05-06 13:36:52
703142,503562,5,FedEx,2026-05-03 17:08:40,2026-05-08 15:08:40
703143,503563,3,UPS,2026-05-03 02:15:08,2026-05-04 20:15:08
703144,503564,3,USPS,2026-05-03 12:47:21,2026-05-06 00:47:21
703145,503565,1,UPS,2026-05-04 09:52:02,2026-05-06 15:52:02
703146,503566,5,FedEx,2026-05-03 02:19:21,2026-05-06 18:19:21
703147,503567,3,FedEx,2026-05-02 01:29:15,2026-05-04 17:29:15
703148,503569,2,USPS,2026-05-04 04:57:07,2026-05-07 04:57:07
703149,503570,3,UPS,2026-05-04 20:01:19,2026-05-07 20:01:19
703150,503571,3,USPS,2026-05-03 22:08:59,2026-05-06 19:08:59
703151,503572,3,UPS,2026-05-04 01:13:08,2026-05-05 03:13:08
703152,503573,1,FedEx,2026-05-04 05:25:14,2026-05-07 11:25:14
703153,503574,1,UPS,2026-05-02 11:10:42,2026-05-05 15:10:42
703154,503575,1,FedEx,2026-05-04 06:18:10,2026-05-08 08:18:10
703155,503576,4,USPS,2026-05-05 04:27:10,2026-05-08 17:27:10
703156,503577,4,UPS,2026-05-04 16:10:55,2026-05-05 11:10:55
703157,503578,3,UPS,2026-05-03 08:55:59,2026-05-04 07:55:59
703158,503579,2,USPS,2026-05-05 13:24:54,2026-05-06 15:24:54
703159,503581,5,USPS,2026-05-03 20:10:55,2026-05-06 16:10:55
703160,503582,1,UPS,2026-05-04 14:48:04,2026-05-07 14:48:04
703161,503583,5,USPS,2026-05-05 11:30:24,2026-05-10 10:30:24
703162,503584,3,USPS,2026-05-04 16:30:26,2026-05-07 00:30:26
703163,503585,2,UPS,2026-05-05 02:03:11,2026-05-06 18:03:11
703164,503586,4,UPS,2026-05-04 23:54:34,2026-05-06 23:54:34
703165,503588,2,USPS,2026-05-04 23:14:53,2026-05-08 18:14:53
703166,503589,5,USPS,2026-05-05 15:38:18,2026-05-08 14:38:18
703167,503590,2,FedEx,2026-05-04 09:22:29,2026-05-05 03:22:29
703168,503591,3,FedEx,2026-05-05 13:06:36,2026-05-06 19:06:36
703169,503592,2,USPS,2026-05-07 04:03:16,2026-05-11 00:03:16
703170,503593,1,UPS,2026-05-05 08:03:17,2026-05-10 05:03:17
703171,503595,2,UPS,2026-05-05 08:25:53,2026-05-08 18:25:53
703172,503596,3,FedEx,2026-05-06 09:57:29,2026-05-11 06:57:29
703173,503597,2,FedEx,2026-05-05 21:24:39,2026-05-06 23:24:39
703174,503598,1,FedEx,2026-05-05 08:20:14,2026-05-09 15:20:14
703175,503599,5,UPS,2026-05-08 01:37:19,2026-05-12 12:37:19
703176,503600,4,FedEx,2026-05-07 02:43:07,2026-05-09 10:43:07
703177,503602,2,USPS,2026-05-05 18:22:45,2026-05-06 19:22:45
703178,503603,1,FedEx,2026-05-06 02:59:12,2026-05-10 04:59:12
703179,503604,3,UPS,2026-05-05 18:31:17,2026-05-08 21:31:17
703180,503605,5,USPS,2026-05-07 03:40:52,2026-05-11 19:40:52
703181,503606,3,UPS,2026-05-07 21:36:34,2026-05-08 21:36:34
703182,503607,3,USPS,2026-05-08 07:44:04,2026-05-09 03:44:04
703183,503608,4,USPS,2026-05-07 09:21:08,2026-05-09 11:21:08
703184,503609,5,UPS,2026-05-06 21:02:03,2026-05-08 02:02:03
703185,503610,4,USPS,2026-05-07 04:02:57,2026-05-10 19:02:57
703186,503611,2,USPS,2026-05-09 16:24:47,2026-05-14 05:24:47
703187,503612,1,USPS,2026-05-08 12:11:30,2026-05-11 09:11:30
703188,503613,5,USPS,2026-05-09 11:44:47,2026-05-11 14:44:47
703189,503614,3,FedEx,2026-05-08 00:11:47,2026-05-12 05:11:47
703190,503615,3,UPS,2026-05-09 00:25:25,2026-05-11 04:25:25
703191,503616,2,FedEx,2026-05-10 08:59:10,2026-05-12 12:59:10
703192,503617,3,FedEx,2026-05-09 21:40:38,2026-05-12 17:40:38
703193,503619,4,FedEx,2026-05-09 17:01:39,2026-05-11 16:01:39
703194,503620,2,USPS,2026-05-09 01:28:28,2026-05-10 00:28:28
703195,503622,5,USPS,2026-05-11 05:46:51,2026-05-13 18:46:51
703196,503623,4,FedEx,2026-05-11 18:31:31,2026-05-12 16:31:31
703197,503625,5,USPS,2026-05-11 05:53:30,2026-05-12 07:53:30
703198,503626,2,UPS,2026-05-11 14:18:00,2026-05-16 00:18:00
703199,503627,4,USPS,2026-05-12 14:57:33,2026-05-13 21:57:33
703200,503628,4,FedEx,2026-05-10 13:23:42,2026-05-14 23:23:42
703201,503629,4,UPS,2026-05-12 05:10:28,2026-05-17 03:10:28
703202,503630,3,FedEx,2026-05-12 10:33:27,2026-05-12 23:33:27
703203,503631,4,UPS,2026-05-12 04:46:28,2026-05-14 19:46:28
703204,503632,3,FedEx,2026-05-11 04:55:43,2026-05-14 20:55:43
703205,503633,4,USPS,2026-05-11 16:14:37,2026-05-12 20:14:37
703206,503634,5,USPS,2026-05-13 15:45:44,2026-05-16 09:45:44
703207,503636,3,FedEx,2026-05-11 12:32:25,2026-05-13 21:32:25
703208,503637,2,FedEx,2026-05-13 05:37:11,2026-05-13 22:37:11
703209,503638,2,UPS,2026-05-12 22:46:35,2026-05-16 13:46:35
703210,503639,4,USPS,2026-05-11 12:29:22,2026-05-12 21:29:22
703211,503640,3,USPS,2026-05-13 14:20:21,2026-05-17 12:20:21
703212,503641,1,USPS,2026-05-14 08:29:32,2026-05-18 17:29:32
703213,503642,4,USPS,2026-05-12 06:01:23,2026-05-13 19:01:23
703214,503643,2,UPS,2026-05-14 16:00:14,2026-05-15 23:00:14
703215,503644,4,FedEx,2026-05-14 22:32:46,2026-05-16 16:32:46
703216,503645,2,UPS,2026-05-12 19:53:13,2026-05-14 05:53:13
703217,503646,3,FedEx,2026-05-12 05:26:46,2026-05-16 08:26:46
703218,503647,5,USPS,2026-05-12 09:48:35,2026-05-13 05:48:35
703219,503648,4,UPS,2026-05-14 16:27:08,2026-05-19 08:27:08
703220,503649,3,UPS,2026-05-13 17:17:57,2026-05-18 07:17:57
703221,503650,5,USPS,2026-05-14 00:37:29,2026-05-17 19:37:29
703222,503651,3,UPS,2026-05-15 17:24:51,2026-05-17 11:24:51
703223,503653,4,UPS,2026-05-15 21:20:29,2026-05-16 09:20:29
703224,503654,4,USPS,2026-05-13 14:37:15,2026-05-17 03:37:15
703225,503655,1,UPS,2026-05-15 15:01:51,2026-05-19 17:01:51
703226,503656,4,UPS,2026-05-15 13:01:54,2026-05-18 22:01:54
703227,503657,2,UPS,2026-05-16 04:38:51,2026-05-19 11:38:51
703228,503658,4,USPS,2026-05-16 05:12:42,2026-05-17 23:12:42
703229,503659,2,UPS,2026-05-16 17:14:29,2026-05-18 12:14:29
703230,503660,4,USPS,2026-05-14 21:30:03,2026-05-16 20:30:03
703231,503661,5,UPS,2026-05-14 08:39:53,2026-05-16 01:39:53
703232,503662,4,USPS,2026-05-16 06:39:59,2026-05-19 07:39:59
703233,503663,1,UPS,2026-05-16 22:36:05,2026-05-18 04:36:05
703234,503664,3,USPS,2026-05-15 09:47:14,2026-05-19 09:47:14
703235,503665,4,USPS,2026-05-14 16:25:01,2026-05-18 11:25:01
703236,503666,5,USPS,2026-05-16 01:55:22,2026-05-17 01:55:22
703237,503667,2,FedEx,2026-05-17 05:27:05,2026-05-19 08:27:05
703238,503668,1,FedEx,2026-05-16 05:53:06,2026-05-21 03:53:06
703239,503670,5,FedEx,2026-05-17 12:19:45,2026-05-21 03:19:45
703240,503671,3,FedEx,2026-05-16 02:34:22,2026-05-20 04:34:22
703241,503673,5,UPS,2026-05-17 23:43:44,2026-05-19 17:43:44
703242,503675,5,FedEx,2026-05-17 22:02:37,2026-05-19 02:02:37
703243,503676,2,UPS,2026-05-18 12:24:39,2026-05-22 21:24:39
703244,503677,1,USPS,2026-05-16 12:16:05,2026-05-17 23:16:05
703245,503678,4,USPS,2026-05-18 08:35:47,2026-05-20 07:35:47
703246,503679,2,FedEx,2026-05-19 12:08:51,2026-05-22 04:08:51
703247,503680,3,UPS,2026-05-17 08:50:15,2026-05-18 16:50:15
703248,503682,4,FedEx,2026-05-17 17:21:26,2026-05-21 13:21:26
703249,503683,2,UPS,2026-05-19 11:29:31,2026-05-22 15:29:31
703250,503684,1,FedEx,2026-05-19 08:09:24,2026-05-22 06:09:24
703251,503685,3,FedEx,2026-05-17 21:01:33,2026-05-19 02:01:33
703252,503686,2,USPS,2026-05-17 21:01:58,2026-05-18 10:01:58
703253,503687,4,FedEx,2026-05-18 04:59:16,2026-05-19 14:59:16
703254,503688,1,FedEx,2026-05-19 07:59:12,2026-05-21 16:59:12
703255,503689,1,USPS,2026-05-20 08:16:25,2026-05-22 15:16:25
703256,503690,4,USPS,2026-05-20 22:38:27,2026-05-24 12:38:27
703257,503691,2,USPS,2026-05-21 15:24:46,2026-05-23 17:24:46
703258,503692,1,UPS,2026-05-20 12:43:49,2026-05-22 18:43:49
703259,503693,2,USPS,2026-05-20 01:36:22,2026-05-23 02:36:22
703260,503695,1,USPS,2026-05-21 15:31:14,2026-05-22 17:31:14
703261,503696,4,FedEx,2026-05-21 09:50:40,2026-05-22 19:50:40
703262,503697,2,FedEx,2026-05-20 00:07:07,2026-05-23 12:07:07
703263,503698,2,UPS,2026-05-20 13:04:37,2026-05-23 21:04:37
703264,503699,1,FedEx,2026-05-20 13:33:17,2026-05-22 04:33:17
703265,503700,5,FedEx,2026-05-20 17:52:15,2026-05-22 01:52:15
703266,503701,2,UPS,2026-05-21 07:15:35,2026-05-22 08:15:35
703267,503702,4,UPS,2026-05-21 13:17:56,2026-05-24 15:17:56
703268,503703,4,UPS,2026-05-23 14:01:23,2026-05-25 21:01:23
703269,503704,2,UPS,2026-05-22 20:42:39,2026-05-26 11:42:39
703270,503705,1,USPS,2026-05-21 03:05:59,2026-05-23 00:05:59
703271,503706,3,FedEx,2026-05-23 09:32:03,2026-05-26 17:32:03
703272,503707,2,FedEx,2026-05-22 13:14:30,2026-05-24 22:14:30
703273,503708,1,FedEx,2026-05-22 12:04:38,2026-05-25 01:04:38
703274,503709,4,FedEx,2026-05-23 07:06:26,2026-05-25 20:06:26
703275,503710,5,USPS,2026-05-23 21:07:26,2026-05-26 23:07:26
703276,503711,1,USPS,2026-05-22 15:59:29,2026-05-25 05:59:29
703277,503712,2,UPS,2026-05-23 22:16:55,2026-05-24 13:16:55
703278,503713,1,UPS,2026-05-24 04:52:58,2026-05-27 21:52:58
703279,503714,5,UPS,2026-05-22 22:09:13,2026-05-26 22:09:13
703280,503716,1,UPS,2026-05-24 03:51:35,2026-05-24 22:51:35
703281,503717,5,USPS,2026-05-24 02:27:19,2026-05-27 22:27:19
703282,503718,5,UPS,2026-05-25 01:39:36,2026-05-28 22:39:36
703283,503719,1,FedEx,2026-05-25 15:39:08,2026-05-27 21:39:08
703284,503720,5,FedEx,2026-05-24 01:42:33,2026-05-26 11:42:33
703285,503721,3,UPS,2026-05-25 05:35:26,2026-05-26 09:35:26
703286,503722,5,USPS,2026-05-25 14:27:15,2026-05-27 17:27:15
703287,503723,4,UPS,2026-05-23 17:47:49,2026-05-27 14:47:49
703288,503724,3,UPS,2026-05-25 15:06:54,2026-05-29 08:06:54
703289,503725,4,UPS,2026-05-24 01:47:57,2026-05-27 05:47:57
703290,503726,4,USPS,2026-05-24 18:05:44,2026-05-28 09:05:44
703291,503728,5,USPS,2026-05-24 23:02:30,2026-05-27 11:02:30
703292,503729,3,UPS,2026-05-24 23:38:04,2026-05-29 11:38:04
703293,503730,2,FedEx,2026-05-25 05:04:46,2026-05-28 23:04:46
703294,503731,3,UPS,2026-05-24 17:19:06,2026-05-25 06:19:06
703295,503732,1,USPS,2026-05-25 00:41:41,2026-05-28 02:41:41
703296,503733,3,FedEx,2026-05-24 22:30:47,2026-05-29 03:30:47
703297,503734,4,UPS,2026-05-26 19:49:44,2026-05-31 12:49:44
703298,503735,5,USPS,2026-05-26 13:16:40,2026-05-30 13:16:40
703299,503736,1,FedEx,2026-05-25 18:45:19,2026-05-28 15:45:19
703300,503738,3,USPS,2026-05-25 10:04:32,2026-05-29 19:04:32
703301,503739,2,UPS,2026-05-26 05:08:46,2026-05-27 16:08:46
703302,503740,5,USPS,2026-05-25 18:14:07,2026-05-26 12:14:07
703303,503742,4,FedEx,2026-05-26 14:13:52,2026-05-30 18:13:52
703304,503744,1,UPS,2026-05-27 22:24:50,2026-05-31 04:24:50
703305,503745,2,FedEx,2026-05-27 17:52:47,2026-05-29 21:52:47
703306,503746,4,UPS,2026-05-27 22:38:12,2026-05-31 20:38:12
703307,503747,4,USPS,2026-05-28 07:45:48,2026-06-02 04:45:48
703308,503748,2,USPS,2026-05-27 10:10:30,2026-05-29 02:10:30
703309,503749,5,USPS,2026-05-27 17:05:09,2026-06-01 11:05:09
703310,503750,2,FedEx,2026-05-28 02:12:42,2026-06-01 05:12:42
703311,503751,1,USPS,2026-05-28 05:38:53,2026-05-30 05:38:53
703312,503752,4,UPS,2026-05-29 10:32:14,2026-06-01 01:32:14
703313,503753,4,USPS,2026-05-29 06:23:18,2026-05-30 15:23:18
703314,503754,4,FedEx,2026-05-28 13:52:07,2026-06-01 17:52:07
703315,503755,5,FedEx,2026-05-27 23:21:14,2026-05-30 20:21:14
703316,503756,1,USPS,2026-05-27 18:23:42,2026-05-31 15:23:42
703317,503757,5,UPS,2026-05-28 08:24:43,2026-05-30 22:24:43
703318,503758,2,USPS,2026-05-28 00:48:57,2026-05-30 22:48:57
703319,503759,2,USPS,2026-05-29 09:55:05,2026-06-03 01:55:05
703320,503760,4,USPS,2026-05-30 01:29:46,2026-05-31 03:29:46
703321,503763,5,UPS,2026-05-29 02:12:19,2026-05-29 21:12:19
703322,503764,5,FedEx,2026-05-29 05:07:30,2026-06-02 13:07:30
703323,503765,4,FedEx,2026-05-31 09:37:40,2026-06-02 20:37:40
703324,503767,2,USPS,2026-05-30 14:55:22,2026-06-02 14:55:22
703325,503769,3,USPS,2026-06-02 02:00:29,2026-06-05 13:00:29
703326,503770,2,FedEx,2026-05-31 22:39:24,2026-06-04 14:39:24
703327,503771,3,FedEx,2026-05-31 03:34:31,2026-06-04 22:34:31
703328,503772,1,USPS,2026-05-30 19:42:51,2026-05-31 15:42:51
703329,503773,3,UPS,2026-06-01 19:35:22,2026-06-06 10:35:22
703330,503775,5,USPS,2026-06-01 22:57:27,2026-06-03 04:57:27
703331,503776,3,UPS,2026-06-02 22:58:07,2026-06-04 18:58:07
703332,503778,1,UPS,2026-05-31 21:10:47,2026-06-02 16:10:47
703333,503779,5,FedEx,2026-05-31 18:19:48,2026-06-02 04:19:48
703334,503780,2,USPS,2026-06-01 02:04:22,2026-06-05 10:04:22
703335,503782,5,UPS,2026-06-01 05:19:08,2026-06-01 21:19:08
703336,503783,1,USPS,2026-06-03 16:04:01,2026-06-04 06:04:01
703337,503784,3,UPS,2026-06-01 19:40:49,2026-06-06 00:40:49
703338,503786,4,FedEx,2026-06-02 05:42:56,2026-06-07 00:42:56
703339,503787,2,UPS,2026-06-01 11:29:22,2026-06-02 10:29:22
703340,503788,3,UPS,2026-06-03 12:59:48,2026-06-08 06:59:48
703341,503789,4,USPS,2026-06-03 02:31:52,2026-06-06 12:31:52
703342,503790,1,UPS,2026-06-03 04:19:15,2026-06-04 08:19:15
703343,503791,4,UPS,2026-06-04 04:28:53,2026-06-05 22:28:53
703344,503792,3,FedEx,2026-06-03 03:09:28,2026-06-04 06:09:28
703345,503793,3,USPS,2026-06-04 14:56:44,2026-06-07 07:56:44
703346,503795,2,UPS,2026-06-04 12:26:25,2026-06-08 03:26:25
703347,503797,4,UPS,2026-06-05 10:42:23,2026-06-08 01:42:23
703348,503800,1,UPS,2026-06-05 14:49:14,2026-06-08 11:49:14
703349,503801,2,UPS,2026-06-03 15:57:33,2026-06-04 15:57:33
703350,503803,4,USPS,2026-06-03 08:15:34,2026-06-04 01:15:34
703351,503804,4,FedEx,2026-06-03 13:03:22,2026-06-04 14:03:22
703352,503805,4,UPS,2026-06-04 19:51:34,2026-06-05 12:51:34
703353,503806,3,USPS,2026-06-06 03:15:06,2026-06-10 17:15:06
703354,503808,4,UPS,2026-06-05 17:41:08,2026-06-07 10:41:08
703355,503809,2,USPS,2026-06-04 12:02:45,2026-06-08 18:02:45
703356,503811,4,USPS,2026-06-05 03:18:01,2026-06-06 23:18:01
703357,503812,4,USPS,2026-06-04 19:26:51,2026-06-09 16:26:51
703358,503813,3,FedEx,2026-06-05 20:08:27,2026-06-08 12:08:27
703359,503814,3,UPS,2026-06-05 23:37:57,2026-06-09 23:37:57
703360,503815,5,FedEx,2026-06-05 18:03:31,2026-06-09 03:03:31
703361,503816,1,USPS,2026-06-05 02:49:05,2026-06-08 06:49:05
703362,503817,4,FedEx,2026-06-06 05:21:18,2026-06-07 21:21:18
703363,503818,2,UPS,2026-06-06 12:13:36,2026-06-09 06:13:36
703364,503819,4,UPS,2026-06-05 12:03:11,2026-06-08 03:03:11
703365,503820,1,UPS,2026-06-07 20:23:44,2026-06-08 19:23:44
703366,503821,4,FedEx,2026-06-08 01:39:24,2026-06-11 21:39:24
703367,503822,4,USPS,2026-06-05 23:05:24,2026-06-06 17:05:24
703368,503823,4,FedEx,2026-06-06 18:22:16,2026-06-10 02:22:16
703369,503825,5,UPS,2026-06-06 21:25:12,2026-06-07 09:25:12
703370,503826,3,USPS,2026-06-06 06:15:43,2026-06-09 15:15:43
703371,503827,1,UPS,2026-06-08 16:56:18,2026-06-10 07:56:18
703372,503828,5,FedEx,2026-06-06 20:32:15,2026-06-10 22:32:15
703373,503829,4,USPS,2026-06-06 17:53:54,2026-06-10 02:53:54
703374,503830,4,FedEx,2026-06-08 15:17:37,2026-06-11 22:17:37
703375,503832,3,FedEx,2026-06-07 09:12:40,2026-06-10 12:12:40
703376,503833,5,UPS,2026-06-08 21:17:49,2026-06-11 01:17:49
703377,503835,5,USPS,2026-06-08 06:39:26,2026-06-08 21:39:26
703378,503836,5,USPS,2026-06-09 18:05:44,2026-06-14 06:05:44
703379,503837,1,UPS,2026-06-07 12:11:11,2026-06-11 08:11:11
703380,503838,1,USPS,2026-06-08 12:12:35,2026-06-10 18:12:35
703381,503839,2,FedEx,2026-06-08 08:39:19,2026-06-11 10:39:19
703382,503840,2,USPS,2026-06-07 23:31:27,2026-06-11 16:31:27
703383,503841,3,FedEx,2026-06-08 17:23:45,2026-06-11 12:23:45
703384,503842,2,UPS,2026-06-10 03:32:11,2026-06-13 18:32:11
703385,503843,2,FedEx,2026-06-08 11:11:40,2026-06-10 08:11:40
703386,503844,2,UPS,2026-06-09 03:12:22,2026-06-11 10:12:22
703387,503845,5,USPS,2026-06-08 05:55:36,2026-06-10 23:55:36
703388,503846,5,UPS,2026-06-11 17:41:59,2026-06-12 11:41:59
703389,503847,4,FedEx,2026-06-10 09:14:38,2026-06-13 09:14:38
703390,503848,4,FedEx,2026-06-10 20:55:50,2026-06-12 03:55:50
703391,503850,5,FedEx,2026-06-11 00:56:29,2026-06-13 20:56:29
703392,503852,4,USPS,2026-06-11 05:46:21,2026-06-13 15:46:21
703393,503853,4,FedEx,2026-06-10 21:56:11,2026-06-13 02:56:11
703394,503854,3,FedEx,2026-06-11 16:19:00,2026-06-12 10:19:00
703395,503855,4,UPS,2026-06-11 13:20:44,2026-06-14 04:20:44
703396,503856,3,UPS,2026-06-11 21:02:15,2026-06-14 15:02:15
703397,503857,5,USPS,2026-06-12 00:08:01,2026-06-13 16:08:01
703398,503858,4,FedEx,2026-06-12 05:57:53,2026-06-15 05:57:53
703399,503859,3,USPS,2026-06-13 00:13:35,2026-06-15 05:13:35
703400,503861,4,USPS,2026-06-11 22:10:06,2026-06-15 13:10:06
703401,503862,1,FedEx,2026-06-13 07:28:50,2026-06-16 20:28:50
703402,503863,1,UPS,2026-06-11 21:47:26,2026-06-16 02:47:26
703403,503865,2,FedEx,2026-06-11 16:38:09,2026-06-12 15:38:09
703404,503866,4,USPS,2026-06-11 19:55:59,2026-06-13 22:55:59
703405,503867,3,USPS,2026-06-12 11:25:53,2026-06-13 17:25:53
703406,503868,5,UPS,2026-06-14 13:12:14,2026-06-16 22:12:14
703407,503869,5,USPS,2026-06-14 05:40:19,2026-06-16 01:40:19
703408,503870,1,UPS,2026-06-13 02:25:45,2026-06-17 09:25:45
703409,503871,3,FedEx,2026-06-14 12:46:38,2026-06-18 16:46:38
703410,503874,1,USPS,2026-06-15 00:12:14,2026-06-19 22:12:14
703411,503875,5,USPS,2026-06-15 02:08:47,2026-06-18 15:08:47
703412,503877,1,USPS,2026-06-15 18:45:20,2026-06-18 02:45:20
703413,503878,2,FedEx,2026-06-14 15:38:14,2026-06-19 02:38:14
703414,503879,1,UPS,2026-06-14 05:48:16,2026-06-15 06:48:16
703415,503881,3,UPS,2026-06-16 04:24:07,2026-06-20 23:24:07
703416,503882,2,FedEx,2026-06-14 11:29:06,2026-06-18 01:29:06
703417,503883,1,FedEx,2026-06-15 18:24:22,2026-06-17 13:24:22
703418,503884,4,UPS,2026-06-15 11:12:31,2026-06-16 14:12:31
703419,503885,3,USPS,2026-06-16 06:38:06,2026-06-17 23:38:06
703420,503886,2,UPS,2026-06-16 06:18:40,2026-06-20 05:18:40
703421,503887,3,FedEx,2026-06-17 17:40:00,2026-06-19 16:40:00
703422,503888,1,USPS,2026-06-15 07:46:38,2026-06-18 15:46:38
703423,503889,2,UPS,2026-06-18 01:12:16,2026-06-20 02:12:16
703424,503890,1,UPS,2026-06-18 01:40:08,2026-06-20 03:40:08
703425,503891,5,FedEx,2026-06-18 06:40:21,2026-06-22 23:40:21
703426,503892,1,UPS,2026-06-16 03:23:01,2026-06-20 23:23:01
703427,503893,1,USPS,2026-06-17 19:42:35,2026-06-19 19:42:35
703428,503894,1,USPS,2026-06-18 16:45:52,2026-06-20 07:45:52
703429,503895,1,USPS,2026-06-18 18:32:09,2026-06-20 17:32:09
703430,503896,1,USPS,2026-06-17 21:31:20,2026-06-18 14:31:20
703431,503897,4,UPS,2026-06-19 06:40:00,2026-06-22 16:40:00
703432,503898,5,UPS,2026-06-17 05:05:27,2026-06-18 19:05:27
703433,503899,3,UPS,2026-06-17 08:51:20,2026-06-18 20:51:20
703434,503900,5,USPS,2026-06-18 01:27:07,2026-06-19 07:27:07
703435,503901,4,UPS,2026-06-18 17:56:35,2026-06-20 10:56:35
703436,503902,5,FedEx,2026-06-19 20:55:49,2026-06-21 17:55:49
703437,503903,3,USPS,2026-06-18 01:03:21,2026-06-22 01:03:21
703438,503904,4,UPS,2026-06-19 04:11:26,2026-06-23 00:11:26
703439,503906,2,FedEx,2026-06-19 04:59:11,2026-06-23 06:59:11
703440,503907,2,UPS,2026-06-18 16:46:41,2026-06-22 05:46:41
703441,503908,3,USPS,2026-06-19 10:10:27,2026-06-21 16:10:27
703442,503909,2,FedEx,2026-06-18 13:45:03,2026-06-23 05:45:03
703443,503910,1,USPS,2026-06-20 05:54:23,2026-06-22 00:54:23
703444,503911,2,USPS,2026-06-20 22:17:13,2026-06-24 05:17:13
703445,503912,4,USPS,2026-06-21 09:49:39,2026-06-24 17:49:39
703446,503914,5,UPS,2026-06-21 08:15:32,2026-06-25 10:15:32
703447,503915,2,FedEx,2026-06-20 08:17:22,2026-06-23 21:17:22
703448,503916,1,UPS,2026-06-21 07:39:24,2026-06-22 10:39:24
703449,503917,2,FedEx,2026-06-20 16:49:02,2026-06-22 18:49:02
703450,503918,1,UPS,2026-06-21 00:51:06,2026-06-25 13:51:06
703451,503919,2,USPS,2026-06-19 11:04:18,2026-06-23 10:04:18
703452,503920,1,FedEx,2026-06-19 06:19:25,2026-06-22 22:19:25
703453,503921,2,USPS,2026-06-20 06:57:24,2026-06-24 15:57:24
703454,503922,3,UPS,2026-06-21 03:47:54,2026-06-24 14:47:54
703455,503925,1,USPS,2026-06-20 11:54:32,2026-06-25 00:54:32
703456,503926,5,USPS,2026-06-22 18:21:49,2026-06-25 12:21:49
703457,503927,1,UPS,2026-06-20 20:53:09,2026-06-22 02:53:09
703458,503928,1,USPS,2026-06-20 15:00:26,2026-06-22 17:00:26
703459,503929,4,FedEx,2026-06-23 02:28:22,2026-06-24 01:28:22
703460,503930,5,USPS,2026-06-21 05:32:13,2026-06-21 23:32:13
703461,503931,4,UPS,2026-06-22 13:08:42,2026-06-24 20:08:42
703462,503932,5,USPS,2026-06-23 09:34:03,2026-06-27 21:34:03
703463,503933,2,FedEx,2026-06-23 20:01:16,2026-06-27 18:01:16
703464,503934,5,FedEx,2026-06-22 01:14:31,2026-06-23 19:14:31
703465,503935,3,USPS,2026-06-21 21:52:47,2026-06-23 03:52:47
703466,503936,3,FedEx,2026-06-23 09:59:56,2026-06-24 17:59:56
703467,503940,3,UPS,2026-06-22 03:18:25,2026-06-25 23:18:25
703468,503941,3,UPS,2026-06-22 02:57:13,2026-06-25 11:57:13
703469,503942,5,FedEx,2026-06-22 21:46:48,2026-06-25 08:46:48
703470,503943,3,UPS,2026-06-24 14:43:17,2026-06-25 21:43:17
703471,503944,4,UPS,2026-06-23 04:47:15,2026-06-23 16:47:15
703472,503945,5,UPS,2026-06-23 14:23:24,2026-06-28 11:23:24
703473,503946,1,FedEx,2026-06-23 04:11:21,2026-06-25 01:11:21
703474,503947,2,UPS,2026-06-25 05:55:33,2026-06-26 09:55:33
703475,503948,2,USPS,2026-06-24 03:57:19,2026-06-28 02:57:19
703476,503949,2,FedEx,2026-06-25 16:29:36,2026-06-27 03:29:36
703477,503950,5,FedEx,2026-06-25 10:42:09,2026-06-27 15:42:09
703478,503951,1,FedEx,2026-06-25 16:33:57,2026-06-27 21:33:57
703479,503952,4,UPS,2026-06-24 13:28:17,2026-06-28 00:28:17
703480,503953,4,FedEx,2026-06-25 03:51:37,2026-06-28 10:51:37
703481,503954,5,FedEx,2026-06-25 16:12:48,2026-06-30 05:12:48
703482,503955,3,USPS,2026-06-24 20:26:14,2026-06-28 19:26:14
703483,503956,3,FedEx,2026-06-26 02:37:37,2026-06-29 14:37:37
703484,503957,1,UPS,2026-06-25 20:40:39,2026-06-30 08:40:39
703485,503958,4,USPS,2026-06-25 02:06:11,2026-06-26 15:06:11
703486,503960,5,UPS,2026-06-26 17:40:07,2026-06-28 05:40:07
703487,503961,2,USPS,2026-06-26 08:55:02,2026-06-27 20:55:02
703488,503962,4,FedEx,2026-06-27 06:53:53,2026-07-01 02:53:53
703489,503963,4,UPS,2026-06-27 17:00:46,2026-06-29 10:00:46
703490,503964,4,UPS,2026-06-26 03:22:11,2026-06-30 23:22:11
703491,503965,2,UPS,2026-06-27 00:44:00,2026-06-27 22:44:00
703492,503966,2,USPS,2026-06-26 05:40:37,2026-06-28 03:40:37
703493,503967,4,UPS,2026-06-26 07:00:14,2026-06-29 20:00:14
703494,503968,2,USPS,2026-06-26 08:49:25,2026-06-29 00:49:25
703495,503969,2,UPS,2026-06-26 20:28:47,2026-06-29 14:28:47
703496,503970,2,UPS,2026-06-26 12:16:21,2026-06-30 08:16:21
703497,503971,4,USPS,2026-06-27 05:40:27,2026-06-28 04:40:27
703498,503972,5,USPS,2026-06-27 22:15:03,2026-07-02 06:15:03
703499,503973,5,UPS,2026-06-27 05:42:21,2026-06-27 22:42:21
703500,503975,2,USPS,2026-06-29 00:42:38,2026-07-02 19:42:38
703501,503977,5,UPS,2026-06-29 21:20:22,2026-07-04 02:20:22
703502,503978,5,UPS,2026-06-29 15:59:45,2026-07-04 06:59:45
703503,503979,4,FedEx,2026-06-29 06:38:22,2026-06-30 06:38:22
703504,503980,5,UPS,2026-06-27 19:37:41,2026-07-01 00:37:41
703505,503981,2,UPS,2026-06-28 01:22:38,2026-06-29 20:22:38
703506,503982,4,UPS,2026-06-28 06:32:27,2026-06-30 09:32:27
703507,503983,3,FedEx,2026-06-28 21:34:07,2026-07-02 09:34:07
703508,503984,5,UPS,2026-06-28 04:55:08,2026-07-01 23:55:08
703509,503985,3,UPS,2026-06-30 10:39:44,2026-07-03 18:39:44
703510,503986,5,USPS,2026-06-29 16:35:57,2026-07-01 21:35:57
703511,503987,5,FedEx,2026-06-29 02:37:46,2026-07-02 21:37:46
703512,503988,5,FedEx,2026-06-28 23:10:51,2026-07-02 04:10:51
703513,503990,5,UPS,2026-06-29 02:39:01,2026-06-29 17:39:01
703514,503991,1,UPS,2026-06-30 16:50:50,2026-07-02 05:50:50
703515,503992,3,FedEx,2026-07-01 04:01:48,2026-07-03 03:01:48
703516,503993,3,USPS,2026-06-30 10:07:36,2026-07-03 07:07:36
703517,503994,5,USPS,2026-07-01 05:58:14,2026-07-04 10:58:14
703518,503996,5,USPS,2026-06-30 05:10:55,2026-07-05 03:10:55
703519,503997,2,UPS,2026-06-30 12:46:12,2026-07-02 05:46:12
703520,503999,5,UPS,2026-07-02 10:15:05,2026-07-04 17:15:05
703521,504000,5,FedEx,2026-07-01 08:03:12,2026-07-01 22:03:12
