appointment_id,work_order_id,scheduled_start,appointment_status
1,400001,2025-01-02 01:49:47,Scheduled
2,400002,2025-01-05 07:29:48,Cancelled
3,400003,2025-01-04 02:17:32,Scheduled
4,400004,2025-01-05 04:33:28,Scheduled
5,400005,2025-01-05 16:58:28,Scheduled
6,400006,2025-01-06 01:07:12,Scheduled
7,400007,2025-01-06 20:10:09,Scheduled
8,400008,2025-01-03 17:18:10,Scheduled
9,400009,2025-01-05 09:37:20,Scheduled
10,400010,2025-01-04 16:20:16,Scheduled
11,400011,2025-01-04 03:34:45,Scheduled
12,400012,2025-01-03 12:09:32,Scheduled
13,400013,2025-01-09 03:19:05,Scheduled
14,400014,2025-01-09 04:18:49,Scheduled
15,400015,2025-01-07 21:20:36,Scheduled
16,400016,2025-01-06 23:32:28,Scheduled
17,400017,2025-01-06 16:44:28,Scheduled
18,400018,2025-01-05 08:10:26,Scheduled
19,400019,2025-01-10 03:18:19,Scheduled
20,400020,2025-01-06 03:49:52,Scheduled
21,400021,2025-01-06 23:54:14,Scheduled
22,400022,2025-01-05 21:32:19,Scheduled
23,400023,2025-01-05 06:08:17,Scheduled
24,400024,2025-01-10 12:18:11,Scheduled
25,400025,2025-01-09 13:41:23,Scheduled
26,400026,2025-01-10 20:54:42,Scheduled
27,400027,2025-01-08 09:16:38,Scheduled
28,400028,2025-01-10 06:58:01,Scheduled
29,400029,2025-01-08 08:08:09,Scheduled
30,400030,2025-01-07 16:20:23,Scheduled
31,400031,2025-01-09 23:29:51,Scheduled
32,400032,2025-01-08 23:47:28,Scheduled
33,400033,2025-01-09 08:09:08,Scheduled
34,400034,2025-01-08 02:42:12,Scheduled
35,400035,2025-01-11 22:04:22,Cancelled
36,400036,2025-01-11 07:29:53,Cancelled
37,400037,2025-01-11 06:30:46,Scheduled
38,400038,2025-01-10 10:07:29,Scheduled
39,400039,2025-01-09 07:59:48,Cancelled
40,400040,2025-01-09 15:59:08,Scheduled
41,400041,2025-01-12 19:51:36,Scheduled
42,400042,2025-01-08 05:56:27,Scheduled
43,400043,2025-01-09 22:20:01,Scheduled
44,400044,2025-01-07 21:57:07,Scheduled
45,400045,2025-01-11 17:06:06,Scheduled
46,400046,2025-01-12 00:03:40,Scheduled
47,400047,2025-01-12 03:18:24,Cancelled
48,400048,2025-01-12 10:43:06,Scheduled
49,400049,2025-01-11 03:56:51,Scheduled
50,400050,2025-01-09 00:05:49,Scheduled
51,400051,2025-01-09 00:59:40,Scheduled
52,400052,2025-01-14 06:22:36,Scheduled
53,400053,2025-01-13 10:04:53,Scheduled
54,400054,2025-01-10 01:12:07,Scheduled
55,400055,2025-01-11 10:49:51,Scheduled
56,400056,2025-01-15 02:08:44,Scheduled
57,400057,2025-01-12 13:57:06,Scheduled
58,400058,2025-01-13 10:35:43,Scheduled
59,400059,2025-01-13 07:53:57,Scheduled
60,400060,2025-01-14 02:41:58,Scheduled
61,400061,2025-01-13 13:05:54,Scheduled
62,400062,2025-01-12 20:09:57,Scheduled
63,400063,2025-01-13 01:35:41,Cancelled
64,400064,2025-01-11 18:14:24,Scheduled
65,400065,2025-01-15 08:19:17,Cancelled
66,400066,2025-01-16 02:26:21,Scheduled
67,400067,2025-01-11 14:49:31,Scheduled
68,400068,2025-01-14 15:22:26,Scheduled
69,400069,2025-01-13 19:58:48,Scheduled
70,400070,2025-01-13 11:46:10,Scheduled
71,400071,2025-01-16 06:00:50,Scheduled
72,400072,2025-01-13 20:10:57,Scheduled
73,400073,2025-01-14 14:45:59,Scheduled
74,400074,2025-01-12 14:23:44,Scheduled
75,400075,2025-01-14 06:55:24,Scheduled
76,400076,2025-01-13 02:00:38,Scheduled
77,400077,2025-01-13 16:32:04,Scheduled
78,400078,2025-01-17 02:52:28,Scheduled
79,400079,2025-01-16 00:41:16,Scheduled
80,400080,2025-01-15 19:20:30,Scheduled
81,400081,2025-01-13 05:24:53,Cancelled
82,400082,2025-01-15 23:27:52,Scheduled
83,400083,2025-01-18 00:50:21,Scheduled
84,400084,2025-01-16 10:48:21,Scheduled
85,400085,2025-01-15 01:51:20,Scheduled
86,400086,2025-01-18 07:06:04,Scheduled
87,400087,2025-01-16 04:51:10,Scheduled
88,400088,2025-01-19 00:50:07,Scheduled
89,400089,2025-01-17 14:58:53,Scheduled
90,400090,2025-01-17 05:46:35,Scheduled
91,400091,2025-01-18 00:33:51,Scheduled
92,400092,2025-01-17 19:42:59,Scheduled
93,400093,2025-01-16 05:40:52,Scheduled
94,400094,2025-01-16 03:25:36,Scheduled
95,400095,2025-01-18 05:25:51,Scheduled
96,400096,2025-01-20 03:10:17,Scheduled
97,400097,2025-01-18 13:59:12,Scheduled
98,400098,2025-01-19 18:22:12,Cancelled
99,400099,2025-01-19 11:20:48,Scheduled
100,400100,2025-01-19 03:18:24,Scheduled
101,400101,2025-01-17 11:34:43,Cancelled
102,400102,2025-01-17 07:54:22,Cancelled
103,400103,2025-01-17 06:59:06,Scheduled
104,400104,2025-01-19 18:35:34,Scheduled
105,400105,2025-01-17 22:07:28,Scheduled
106,400106,2025-01-16 23:46:10,Scheduled
107,400107,2025-01-19 12:17:43,Scheduled
108,400108,2025-01-20 07:56:24,Scheduled
109,400109,2025-01-20 04:23:02,Scheduled
110,400110,2025-01-21 16:57:14,Scheduled
111,400111,2025-01-18 07:30:26,Scheduled
112,400112,2025-01-17 19:10:48,Scheduled
113,400113,2025-01-22 04:10:38,Scheduled
114,400114,2025-01-19 08:15:17,Scheduled
115,400115,2025-01-21 06:57:30,Scheduled
116,400116,2025-01-17 17:34:23,Scheduled
117,400117,2025-01-22 04:25:15,Scheduled
118,400118,2025-01-20 08:36:23,Scheduled
119,400119,2025-01-19 06:09:15,Scheduled
120,400120,2025-01-21 16:29:03,Scheduled
121,400121,2025-01-18 01:09:50,Scheduled
122,400122,2025-01-22 05:05:33,Scheduled
123,400123,2025-01-21 22:02:40,Scheduled
124,400124,2025-01-23 13:39:25,Scheduled
125,400125,2025-01-23 03:01:57,Scheduled
126,400126,2025-01-23 01:12:50,Scheduled
127,400127,2025-01-19 17:46:22,Scheduled
128,400128,2025-01-23 08:47:11,Scheduled
129,400129,2025-01-19 06:54:09,Scheduled
130,400130,2025-01-20 20:45:13,Scheduled
131,400131,2025-01-25 04:48:20,Scheduled
132,400132,2025-01-21 10:13:34,Scheduled
133,400133,2025-01-20 01:53:17,Scheduled
134,400134,2025-01-25 06:16:50,Scheduled
135,400135,2025-01-20 04:30:06,Scheduled
136,400136,2025-01-25 14:56:17,Scheduled
137,400137,2025-01-25 18:13:29,Scheduled
138,400138,2025-01-24 11:41:07,Scheduled
139,400139,2025-01-24 21:48:53,Scheduled
140,400140,2025-01-20 18:39:42,Scheduled
141,400141,2025-01-22 10:51:06,Scheduled
142,400142,2025-01-21 04:39:36,Scheduled
143,400143,2025-01-24 19:42:32,Scheduled
144,400144,2025-01-22 21:07:14,Scheduled
145,400145,2025-01-23 22:00:34,Scheduled
146,400146,2025-01-24 15:03:11,Scheduled
147,400147,2025-01-23 09:12:13,Scheduled
148,400148,2025-01-22 02:15:48,Scheduled
149,400149,2025-01-21 11:34:44,Scheduled
150,400150,2025-01-24 08:44:44,Scheduled
151,400151,2025-01-23 23:24:16,Scheduled
152,400152,2025-01-24 22:31:19,Scheduled
153,400153,2025-01-26 11:20:04,Scheduled
154,400154,2025-01-22 17:20:08,Scheduled
155,400155,2025-01-23 01:44:39,Scheduled
156,400156,2025-01-27 18:28:48,Scheduled
157,400157,2025-01-26 02:21:53,Scheduled
158,400158,2025-01-27 07:20:23,Scheduled
159,400159,2025-01-27 15:44:03,Scheduled
160,400160,2025-01-25 21:21:05,Scheduled
161,400161,2025-01-25 18:39:33,Cancelled
162,400162,2025-01-26 23:44:49,Scheduled
163,400163,2025-01-24 05:57:05,Scheduled
164,400164,2025-01-28 16:15:14,Scheduled
165,400165,2025-01-26 13:46:07,Scheduled
166,400166,2025-01-27 06:44:19,Scheduled
167,400167,2025-01-28 08:59:17,Scheduled
168,400168,2025-01-27 13:15:43,Scheduled
169,400169,2025-01-26 06:33:29,Cancelled
170,400170,2025-01-28 07:09:11,Scheduled
171,400171,2025-01-27 08:41:56,Scheduled
172,400172,2025-01-29 02:48:20,Scheduled
173,400173,2025-01-25 11:35:45,Scheduled
174,400174,2025-01-29 22:38:34,Scheduled
175,400175,2025-01-26 01:50:14,Scheduled
176,400176,2025-01-30 02:17:01,Scheduled
177,400177,2025-01-24 21:33:17,Scheduled
178,400178,2025-01-30 01:41:16,Scheduled
179,400179,2025-01-28 02:19:36,Scheduled
180,400180,2025-01-27 02:31:45,Scheduled
181,400181,2025-01-27 18:25:08,Scheduled
182,400182,2025-01-26 19:34:32,Scheduled
183,400183,2025-01-30 10:18:30,Scheduled
184,400184,2025-01-29 03:55:21,Scheduled
185,400185,2025-01-26 18:39:51,Scheduled
186,400186,2025-01-27 11:24:14,Scheduled
187,400187,2025-01-31 09:48:28,Scheduled
188,400188,2025-01-28 21:09:54,Scheduled
189,400189,2025-01-29 16:10:23,Scheduled
190,400190,2025-01-28 09:05:45,Scheduled
191,400191,2025-01-30 13:31:02,Scheduled
192,400192,2025-01-27 17:22:08,Scheduled
193,400193,2025-01-28 18:52:02,Scheduled
194,400194,2025-01-30 18:04:49,Scheduled
195,400195,2025-01-29 09:10:52,Scheduled
196,400196,2025-01-31 01:07:30,Scheduled
197,400197,2025-01-30 01:05:41,Scheduled
198,400198,2025-01-28 17:55:17,Scheduled
199,400199,2025-02-02 15:21:38,Scheduled
200,400200,2025-01-28 05:48:56,Scheduled
201,400201,2025-02-01 13:47:45,Scheduled
202,400202,2025-01-31 11:37:22,Scheduled
203,400203,2025-02-01 21:58:20,Scheduled
204,400204,2025-01-28 14:20:50,Scheduled
205,400205,2025-01-29 05:57:59,Scheduled
206,400206,2025-02-03 00:00:34,Scheduled
207,400207,2025-02-01 00:38:36,Scheduled
208,400208,2025-02-02 21:56:56,Scheduled
209,400209,2025-02-03 18:50:05,Scheduled
210,400210,2025-01-29 17:46:58,Scheduled
211,400211,2025-02-02 01:51:07,Scheduled
212,400212,2025-02-01 11:01:31,Scheduled
213,400213,2025-01-30 17:37:43,Scheduled
214,400214,2025-01-30 23:09:13,Scheduled
215,400215,2025-02-03 01:08:29,Scheduled
216,400216,2025-01-31 06:31:34,Scheduled
217,400217,2025-01-31 04:09:41,Scheduled
218,400218,2025-01-30 17:30:10,Scheduled
219,400219,2025-02-04 17:47:08,Scheduled
220,400220,2025-02-03 13:06:17,Scheduled
221,400221,2025-02-04 18:56:34,Scheduled
222,400222,2025-01-31 01:50:24,Scheduled
223,400223,2025-02-04 21:44:15,Scheduled
224,400224,2025-02-03 08:00:54,Scheduled
225,400225,2025-02-03 22:35:47,Scheduled
226,400226,2025-02-03 08:46:58,Scheduled
227,400227,2025-02-01 13:42:42,Scheduled
228,400228,2025-02-02 09:29:30,Scheduled
229,400229,2025-02-06 07:30:39,Scheduled
230,400230,2025-02-04 09:26:07,Scheduled
231,400231,2025-02-02 23:31:31,Scheduled
232,400232,2025-02-01 07:54:02,Scheduled
233,400233,2025-02-05 10:56:36,Scheduled
234,400234,2025-02-06 13:06:30,Scheduled
235,400235,2025-02-05 13:13:49,Scheduled
236,400236,2025-02-02 19:24:29,Scheduled
237,400237,2025-02-05 06:29:20,Scheduled
238,400238,2025-02-05 18:30:43,Scheduled
239,400239,2025-02-02 18:28:58,Scheduled
240,400240,2025-02-06 03:38:45,Scheduled
241,400241,2025-02-05 23:01:26,Scheduled
242,400242,2025-02-06 19:45:46,Scheduled
243,400243,2025-02-04 15:29:52,Scheduled
244,400244,2025-02-07 03:10:55,Scheduled
245,400245,2025-02-03 03:44:22,Scheduled
246,400246,2025-02-07 16:29:28,Scheduled
247,400247,2025-02-07 01:20:15,Scheduled
248,400248,2025-02-05 00:46:17,Scheduled
249,400249,2025-02-05 08:19:01,Scheduled
250,400250,2025-02-05 01:13:32,Cancelled
251,400251,2025-02-09 18:31:40,Scheduled
252,400252,2025-02-05 17:55:15,Scheduled
253,400253,2025-02-08 18:11:36,Scheduled
254,400254,2025-02-04 20:00:46,Scheduled
255,400255,2025-02-08 15:47:59,Scheduled
256,400256,2025-02-07 21:45:43,Scheduled
257,400257,2025-02-05 19:50:31,Scheduled
258,400258,2025-02-05 16:06:22,Scheduled
259,400259,2025-02-10 12:30:55,Scheduled
260,400260,2025-02-08 06:00:16,Scheduled
261,400261,2025-02-08 21:32:41,Scheduled
262,400262,2025-02-10 17:35:46,Scheduled
263,400263,2025-02-07 20:37:31,Scheduled
264,400264,2025-02-09 10:13:26,Scheduled
265,400265,2025-02-08 21:29:07,Scheduled
266,400266,2025-02-06 08:37:45,Scheduled
267,400267,2025-02-11 02:30:31,Scheduled
268,400268,2025-02-07 18:59:49,Scheduled
269,400269,2025-02-08 11:33:32,Scheduled
270,400270,2025-02-08 17:51:10,Scheduled
271,400271,2025-02-12 04:32:58,Scheduled
272,400272,2025-02-11 02:50:54,Scheduled
273,400273,2025-02-12 01:45:07,Scheduled
274,400274,2025-02-08 14:33:36,Scheduled
275,400275,2025-02-08 07:47:47,Scheduled
276,400276,2025-02-08 01:44:18,Scheduled
277,400277,2025-02-13 09:24:40,Scheduled
278,400278,2025-02-08 09:28:59,Scheduled
279,400279,2025-02-11 16:46:47,Scheduled
280,400280,2025-02-11 17:20:03,Scheduled
281,400281,2025-02-11 15:58:31,Scheduled
282,400282,2025-02-09 07:26:27,Scheduled
283,400283,2025-02-09 11:41:38,Cancelled
284,400284,2025-02-09 18:16:17,Scheduled
285,400285,2025-02-12 13:48:10,Scheduled
286,400286,2025-02-12 02:05:26,Scheduled
287,400287,2025-02-13 02:31:59,Scheduled
288,400288,2025-02-11 03:14:55,Scheduled
289,400289,2025-02-13 01:21:51,Scheduled
290,400290,2025-02-13 06:10:22,Scheduled
291,400291,2025-02-13 14:52:33,Scheduled
292,400292,2025-02-09 22:41:59,Scheduled
293,400293,2025-02-15 08:21:58,Scheduled
294,400294,2025-02-10 20:09:12,Scheduled
295,400295,2025-02-13 20:07:19,Scheduled
296,400296,2025-02-14 20:25:43,Scheduled
297,400297,2025-02-10 15:59:59,Scheduled
298,400298,2025-02-11 12:14:42,Scheduled
299,400299,2025-02-10 10:20:50,Scheduled
300,400300,2025-02-12 04:15:53,Scheduled
301,400301,2025-02-12 07:42:37,Scheduled
302,400302,2025-02-12 21:00:21,Scheduled
303,400303,2025-02-14 07:27:50,Scheduled
304,400304,2025-02-15 14:47:29,Scheduled
305,400305,2025-02-14 07:12:15,Scheduled
306,400306,2025-02-13 19:30:39,Scheduled
307,400307,2025-02-12 08:30:42,Scheduled
308,400308,2025-02-13 02:41:40,Scheduled
309,400309,2025-02-18 03:59:53,Scheduled
310,400310,2025-02-17 07:02:31,Cancelled
311,400311,2025-02-16 01:45:46,Scheduled
312,400312,2025-02-15 04:03:58,Scheduled
313,400313,2025-02-15 01:44:30,Scheduled
314,400314,2025-02-14 18:14:19,Scheduled
315,400315,2025-02-15 16:31:54,Cancelled
316,400316,2025-02-18 10:17:27,Scheduled
317,400317,2025-02-15 06:24:50,Scheduled
318,400318,2025-02-18 03:30:28,Scheduled
319,400319,2025-02-18 01:26:28,Scheduled
320,400320,2025-02-15 21:27:38,Cancelled
321,400321,2025-02-14 17:48:58,Scheduled
322,400322,2025-02-17 11:02:39,Scheduled
323,400323,2025-02-16 01:12:12,Scheduled
324,400324,2025-02-17 09:35:42,Scheduled
325,400325,2025-02-16 22:44:55,Scheduled
326,400326,2025-02-18 13:18:57,Scheduled
327,400327,2025-02-15 20:20:17,Scheduled
328,400328,2025-02-20 13:32:08,Scheduled
329,400329,2025-02-21 15:08:32,Scheduled
330,400330,2025-02-19 04:55:19,Scheduled
331,400331,2025-02-21 16:31:14,Scheduled
332,400332,2025-02-20 15:44:25,Scheduled
333,400333,2025-02-19 12:32:40,Scheduled
334,400334,2025-02-17 03:24:44,Scheduled
335,400335,2025-02-21 23:08:06,Scheduled
336,400336,2025-02-22 23:09:56,Scheduled
337,400337,2025-02-22 01:21:04,Scheduled
338,400338,2025-02-20 18:39:41,Scheduled
339,400339,2025-02-23 06:14:26,Scheduled
340,400340,2025-02-19 16:39:07,Cancelled
341,400341,2025-02-18 08:59:59,Scheduled
342,400342,2025-02-21 23:55:46,Scheduled
343,400343,2025-02-19 11:05:03,Scheduled
344,400344,2025-02-22 18:16:46,Scheduled
345,400345,2025-02-21 02:27:40,Scheduled
346,400346,2025-02-22 15:29:44,Scheduled
347,400347,2025-02-19 05:32:21,Scheduled
348,400348,2025-02-21 20:01:31,Scheduled
349,400349,2025-02-21 19:36:00,Scheduled
350,400350,2025-02-19 03:17:07,Scheduled
351,400351,2025-02-20 19:55:34,Scheduled
352,400352,2025-02-23 23:29:09,Scheduled
353,400353,2025-02-23 07:49:49,Scheduled
354,400354,2025-02-24 17:30:26,Scheduled
355,400355,2025-02-22 16:40:54,Cancelled
356,400356,2025-02-19 13:04:46,Scheduled
357,400357,2025-02-22 08:39:45,Scheduled
358,400358,2025-02-24 20:14:45,Scheduled
359,400359,2025-02-22 19:27:02,Scheduled
360,400360,2025-02-21 17:39:53,Scheduled
361,400361,2025-02-24 18:31:03,Scheduled
362,400362,2025-02-23 10:36:02,Scheduled
363,400363,2025-02-22 10:09:23,Scheduled
364,400364,2025-02-23 09:36:57,Scheduled
365,400365,2025-02-22 12:17:50,Scheduled
366,400366,2025-02-25 19:43:26,Scheduled
367,400367,2025-02-23 22:59:37,Scheduled
368,400368,2025-02-26 05:49:24,Scheduled
369,400369,2025-02-22 08:46:00,Scheduled
370,400370,2025-02-25 07:21:17,Scheduled
371,400371,2025-02-25 00:31:39,Scheduled
372,400372,2025-02-23 03:55:23,Scheduled
373,400373,2025-02-27 01:47:37,Scheduled
374,400374,2025-02-27 09:32:10,Scheduled
375,400375,2025-02-23 17:20:51,Scheduled
376,400376,2025-02-24 19:54:20,Scheduled
377,400377,2025-02-23 12:59:48,Scheduled
378,400378,2025-02-23 15:35:34,Scheduled
379,400379,2025-02-26 09:15:13,Scheduled
380,400380,2025-02-23 22:56:46,Scheduled
381,400381,2025-02-23 06:26:53,Scheduled
382,400382,2025-02-24 07:24:27,Scheduled
383,400383,2025-02-27 05:51:34,Scheduled
384,400384,2025-02-28 09:12:19,Scheduled
385,400385,2025-02-28 19:03:21,Scheduled
386,400386,2025-02-24 15:31:08,Scheduled
387,400387,2025-02-27 11:18:36,Scheduled
388,400388,2025-02-28 07:33:25,Scheduled
389,400389,2025-02-26 03:57:04,Scheduled
390,400390,2025-02-25 18:01:20,Scheduled
391,400391,2025-02-26 09:14:57,Scheduled
392,400392,2025-02-24 15:20:37,Scheduled
393,400393,2025-02-27 12:40:43,Scheduled
394,400394,2025-02-25 23:14:25,Scheduled
395,400395,2025-03-02 04:49:59,Scheduled
396,400396,2025-02-26 03:04:45,Scheduled
397,400397,2025-02-27 20:19:27,Scheduled
398,400398,2025-02-28 06:06:04,Scheduled
399,400399,2025-02-25 12:15:43,Cancelled
400,400400,2025-02-27 00:40:31,Scheduled
401,400401,2025-02-26 12:47:11,Scheduled
402,400402,2025-02-28 14:23:11,Scheduled
403,400403,2025-03-01 01:13:02,Scheduled
404,400404,2025-02-28 00:19:44,Scheduled
405,400405,2025-02-28 11:02:11,Scheduled
406,400406,2025-02-27 03:09:29,Scheduled
407,400407,2025-03-01 07:59:07,Scheduled
408,400408,2025-02-27 10:23:47,Scheduled
409,400409,2025-02-27 17:43:29,Scheduled
410,400410,2025-02-26 22:09:38,Scheduled
411,400411,2025-03-03 02:07:20,Scheduled
412,400412,2025-03-04 02:07:57,Scheduled
413,400413,2025-03-01 06:34:32,Scheduled
414,400414,2025-02-28 03:39:34,Scheduled
415,400415,2025-02-27 00:05:31,Cancelled
416,400416,2025-02-27 23:10:29,Scheduled
417,400417,2025-03-01 14:58:41,Cancelled
418,400418,2025-02-27 01:52:38,Scheduled
419,400419,2025-03-02 12:12:23,Scheduled
420,400420,2025-02-28 15:48:19,Scheduled
421,400421,2025-03-02 13:09:07,Scheduled
422,400422,2025-03-05 02:49:44,Scheduled
423,400423,2025-03-01 04:50:07,Scheduled
424,400424,2025-02-28 04:52:54,Scheduled
425,400425,2025-03-01 00:17:07,Scheduled
426,400426,2025-02-28 17:39:37,Scheduled
427,400427,2025-03-01 00:25:28,Scheduled
428,400428,2025-02-28 20:34:10,Scheduled
429,400429,2025-03-01 20:39:23,Scheduled
430,400430,2025-03-04 16:47:14,Scheduled
431,400431,2025-03-04 17:22:48,Cancelled
432,400432,2025-03-01 16:03:49,Scheduled
433,400433,2025-03-03 19:27:05,Scheduled
434,400434,2025-03-04 06:47:33,Scheduled
435,400435,2025-03-04 19:06:31,Scheduled
436,400436,2025-03-05 15:17:02,Scheduled
437,400437,2025-03-05 15:45:37,Scheduled
438,400438,2025-03-02 04:03:28,Scheduled
439,400439,2025-03-02 22:55:39,Scheduled
440,400440,2025-03-02 03:33:06,Scheduled
441,400441,2025-03-05 12:39:32,Scheduled
442,400442,2025-03-01 09:10:03,Scheduled
443,400443,2025-03-04 09:46:59,Scheduled
444,400444,2025-03-06 06:31:01,Scheduled
445,400445,2025-03-05 16:28:16,Scheduled
446,400446,2025-03-04 08:31:56,Scheduled
447,400447,2025-03-07 03:14:27,Scheduled
448,400448,2025-03-03 08:01:11,Scheduled
449,400449,2025-03-04 14:09:20,Scheduled
450,400450,2025-03-08 02:28:26,Scheduled
451,400451,2025-03-06 06:24:34,Scheduled
452,400452,2025-03-09 04:01:05,Scheduled
453,400453,2025-03-07 05:05:07,Scheduled
454,400454,2025-03-03 22:35:25,Scheduled
455,400455,2025-03-03 15:12:48,Scheduled
456,400456,2025-03-05 07:57:31,Scheduled
457,400457,2025-03-06 02:20:29,Scheduled
458,400458,2025-03-07 06:18:20,Scheduled
459,400459,2025-03-09 17:25:10,Scheduled
460,400460,2025-03-06 11:34:58,Scheduled
461,400461,2025-03-05 12:59:55,Scheduled
462,400462,2025-03-05 13:55:08,Scheduled
463,400463,2025-03-07 14:17:41,Scheduled
464,400464,2025-03-09 05:28:59,Scheduled
465,400465,2025-03-06 00:49:03,Scheduled
466,400466,2025-03-08 16:43:18,Scheduled
467,400467,2025-03-07 21:07:10,Scheduled
468,400468,2025-03-07 01:46:41,Scheduled
469,400469,2025-03-06 13:41:32,Scheduled
470,400470,2025-03-07 16:45:54,Scheduled
471,400471,2025-03-07 02:14:38,Scheduled
472,400472,2025-03-06 08:32:27,Scheduled
473,400473,2025-03-06 11:42:53,Scheduled
474,400474,2025-03-06 13:38:03,Scheduled
475,400475,2025-03-06 15:34:20,Scheduled
476,400476,2025-03-08 22:13:05,Scheduled
477,400477,2025-03-09 20:59:20,Scheduled
478,400478,2025-03-07 18:52:59,Scheduled
479,400479,2025-03-07 05:25:45,Scheduled
480,400480,2025-03-08 21:00:25,Scheduled
481,400481,2025-03-12 01:40:03,Scheduled
482,400482,2025-03-10 11:52:48,Scheduled
483,400483,2025-03-12 03:11:38,Scheduled
484,400484,2025-03-11 14:51:50,Scheduled
485,400485,2025-03-07 14:08:33,Scheduled
486,400486,2025-03-09 14:08:29,Scheduled
487,400487,2025-03-11 03:04:55,Scheduled
488,400488,2025-03-09 18:42:35,Scheduled
489,400489,2025-03-11 23:51:37,Cancelled
490,400490,2025-03-12 08:39:28,Scheduled
491,400491,2025-03-13 19:13:59,Scheduled
492,400492,2025-03-10 20:34:35,Scheduled
493,400493,2025-03-09 06:07:15,Scheduled
494,400494,2025-03-09 18:47:22,Scheduled
495,400495,2025-03-12 00:39:20,Scheduled
496,400496,2025-03-10 12:25:32,Scheduled
497,400497,2025-03-12 09:22:10,Scheduled
498,400498,2025-03-12 09:25:00,Scheduled
499,400499,2025-03-14 20:07:10,Scheduled
500,400500,2025-03-11 05:02:35,Scheduled
501,400501,2025-03-10 11:21:01,Scheduled
502,400502,2025-03-11 22:33:00,Scheduled
503,400503,2025-03-14 00:13:51,Scheduled
504,400504,2025-03-14 12:43:39,Scheduled
505,400505,2025-03-13 19:55:22,Scheduled
506,400506,2025-03-12 02:50:50,Scheduled
507,400507,2025-03-15 12:49:56,Scheduled
508,400508,2025-03-11 13:59:24,Scheduled
509,400509,2025-03-11 15:02:06,Scheduled
510,400510,2025-03-16 21:26:34,Cancelled
511,400511,2025-03-17 06:49:58,Scheduled
512,400512,2025-03-16 13:53:25,Scheduled
513,400513,2025-03-13 01:23:48,Scheduled
514,400514,2025-03-17 08:12:57,Scheduled
515,400515,2025-03-13 01:13:45,Scheduled
516,400516,2025-03-15 05:43:38,Scheduled
517,400517,2025-03-13 01:48:04,Cancelled
518,400518,2025-03-12 11:10:31,Scheduled
519,400519,2025-03-16 02:37:37,Scheduled
520,400520,2025-03-17 11:32:03,Scheduled
521,400521,2025-03-14 12:17:54,Scheduled
522,400522,2025-03-18 13:30:41,Scheduled
523,400523,2025-03-13 11:42:27,Scheduled
524,400524,2025-03-15 08:47:48,Scheduled
525,400525,2025-03-18 19:50:31,Scheduled
526,400526,2025-03-17 14:02:49,Scheduled
527,400527,2025-03-16 12:02:08,Scheduled
528,400528,2025-03-18 10:29:15,Scheduled
529,400529,2025-03-18 21:55:10,Scheduled
530,400530,2025-03-15 11:18:37,Scheduled
531,400531,2025-03-19 06:07:53,Scheduled
532,400532,2025-03-14 02:48:22,Scheduled
533,400533,2025-03-15 00:52:58,Scheduled
534,400534,2025-03-17 15:54:18,Scheduled
535,400535,2025-03-18 07:21:17,Scheduled
536,400536,2025-03-18 12:12:17,Scheduled
537,400537,2025-03-15 22:03:36,Scheduled
538,400538,2025-03-18 14:54:53,Scheduled
539,400539,2025-03-18 20:47:03,Scheduled
540,400540,2025-03-17 10:13:14,Scheduled
541,400541,2025-03-18 16:30:32,Scheduled
542,400542,2025-03-19 23:38:36,Scheduled
543,400543,2025-03-20 05:26:06,Scheduled
544,400544,2025-03-17 22:43:14,Scheduled
545,400545,2025-03-19 14:18:03,Scheduled
546,400546,2025-03-19 17:18:48,Scheduled
547,400547,2025-03-21 12:36:37,Scheduled
548,400548,2025-03-21 10:42:44,Scheduled
549,400549,2025-03-20 01:21:14,Scheduled
550,400550,2025-03-19 12:46:42,Scheduled
551,400551,2025-03-19 16:09:03,Scheduled
552,400552,2025-03-22 00:21:33,Scheduled
553,400553,2025-03-18 05:47:44,Scheduled
554,400554,2025-03-21 09:30:31,Scheduled
555,400555,2025-03-17 23:20:32,Scheduled
556,400556,2025-03-21 23:53:24,Scheduled
557,400557,2025-03-20 20:28:02,Scheduled
558,400558,2025-03-18 02:04:09,Scheduled
559,400559,2025-03-22 15:01:41,Scheduled
560,400560,2025-03-18 12:37:07,Scheduled
561,400561,2025-03-18 08:25:23,Scheduled
562,400562,2025-03-19 23:30:03,Scheduled
563,400563,2025-03-19 07:35:41,Scheduled
564,400564,2025-03-18 19:15:54,Scheduled
565,400565,2025-03-18 16:49:07,Scheduled
566,400566,2025-03-22 17:11:42,Scheduled
567,400567,2025-03-19 13:05:31,Scheduled
568,400568,2025-03-23 14:47:56,Scheduled
569,400569,2025-03-24 03:24:02,Scheduled
570,400570,2025-03-19 22:43:43,Scheduled
571,400571,2025-03-20 04:17:14,Scheduled
572,400572,2025-03-20 23:01:10,Scheduled
573,400573,2025-03-19 13:47:54,Scheduled
574,400574,2025-03-20 05:14:56,Scheduled
575,400575,2025-03-23 08:09:40,Cancelled
576,400576,2025-03-24 05:53:01,Scheduled
577,400577,2025-03-23 01:43:31,Scheduled
578,400578,2025-03-22 13:13:49,Scheduled
579,400579,2025-03-25 15:13:37,Scheduled
580,400580,2025-03-25 01:54:07,Cancelled
581,400581,2025-03-25 07:35:24,Scheduled
582,400582,2025-03-23 19:15:28,Scheduled
583,400583,2025-03-22 11:24:21,Scheduled
584,400584,2025-03-26 11:40:57,Scheduled
585,400585,2025-03-21 11:10:03,Scheduled
586,400586,2025-03-25 20:03:00,Scheduled
587,400587,2025-03-23 11:57:20,Scheduled
588,400588,2025-03-22 01:03:52,Scheduled
589,400589,2025-03-25 01:57:19,Scheduled
590,400590,2025-03-22 14:31:56,Scheduled
591,400591,2025-03-24 11:11:46,Scheduled
592,400592,2025-03-25 04:58:19,Scheduled
593,400593,2025-03-26 12:44:58,Scheduled
594,400594,2025-03-23 23:23:15,Scheduled
595,400595,2025-03-27 21:32:16,Scheduled
596,400596,2025-03-27 09:34:50,Scheduled
597,400597,2025-03-24 20:56:40,Scheduled
598,400598,2025-03-28 02:15:40,Scheduled
599,400599,2025-03-24 08:44:09,Scheduled
600,400600,2025-03-26 04:41:28,Scheduled
601,400601,2025-03-26 15:05:06,Scheduled
602,400602,2025-03-26 13:00:22,Scheduled
603,400603,2025-03-29 20:27:51,Scheduled
604,400604,2025-03-26 15:07:22,Scheduled
605,400605,2025-03-29 23:09:52,Scheduled
606,400606,2025-03-30 11:34:23,Scheduled
607,400607,2025-03-30 00:50:11,Scheduled
608,400608,2025-03-25 17:43:45,Scheduled
609,400609,2025-03-27 15:57:04,Scheduled
610,400610,2025-03-28 21:56:55,Scheduled
611,400611,2025-03-25 22:21:26,Scheduled
612,400612,2025-03-25 23:25:30,Scheduled
613,400613,2025-03-28 19:29:57,Scheduled
614,400614,2025-03-27 20:54:07,Cancelled
615,400615,2025-03-27 23:11:49,Scheduled
616,400616,2025-03-27 16:40:22,Scheduled
617,400617,2025-03-26 22:05:15,Scheduled
618,400618,2025-03-29 16:08:51,Scheduled
619,400619,2025-03-29 03:21:44,Scheduled
620,400620,2025-03-27 14:55:53,Scheduled
621,400621,2025-04-01 13:41:27,Scheduled
622,400622,2025-04-01 01:09:53,Scheduled
623,400623,2025-04-01 15:33:05,Scheduled
624,400624,2025-03-27 15:15:01,Scheduled
625,400625,2025-03-29 17:26:20,Scheduled
626,400626,2025-03-29 09:07:34,Scheduled
627,400627,2025-03-29 19:57:56,Scheduled
628,400628,2025-03-31 15:17:38,Scheduled
629,400629,2025-04-01 00:17:30,Cancelled
630,400630,2025-04-03 03:41:43,Scheduled
631,400631,2025-04-02 17:57:00,Scheduled
632,400632,2025-03-31 22:40:43,Scheduled
633,400633,2025-03-30 18:24:32,Cancelled
634,400634,2025-04-02 11:13:07,Scheduled
635,400635,2025-04-01 04:58:20,Scheduled
636,400636,2025-03-29 01:45:11,Scheduled
637,400637,2025-03-30 17:11:50,Scheduled
638,400638,2025-04-03 19:11:12,Scheduled
639,400639,2025-04-01 20:42:10,Scheduled
640,400640,2025-04-03 18:26:34,Scheduled
641,400641,2025-04-03 11:42:30,Scheduled
642,400642,2025-04-01 12:39:08,Scheduled
643,400643,2025-03-30 04:27:56,Scheduled
644,400644,2025-04-03 09:04:46,Scheduled
645,400645,2025-04-01 05:34:49,Scheduled
646,400646,2025-04-02 12:35:58,Scheduled
647,400647,2025-04-03 04:35:12,Scheduled
648,400648,2025-03-31 06:35:51,Scheduled
649,400649,2025-04-03 03:57:12,Cancelled
650,400650,2025-04-02 23:20:13,Scheduled
651,400651,2025-03-30 21:00:09,Scheduled
652,400652,2025-04-04 09:37:11,Scheduled
653,400653,2025-03-30 05:59:04,Scheduled
654,400654,2025-04-01 19:50:30,Scheduled
655,400655,2025-04-04 03:57:44,Scheduled
656,400656,2025-03-30 15:26:12,Scheduled
657,400657,2025-04-01 06:45:45,Cancelled
658,400658,2025-04-04 21:11:23,Scheduled
659,400659,2025-04-04 14:27:44,Scheduled
660,400660,2025-04-04 20:17:27,Scheduled
661,400661,2025-04-02 10:59:45,Scheduled
662,400662,2025-04-02 17:35:21,Scheduled
663,400663,2025-04-02 19:33:21,Scheduled
664,400664,2025-04-01 19:59:11,Scheduled
665,400665,2025-04-03 18:13:49,Scheduled
666,400666,2025-04-05 07:40:44,Scheduled
667,400667,2025-04-03 22:08:00,Scheduled
668,400668,2025-04-04 03:37:32,Scheduled
669,400669,2025-04-05 07:07:53,Scheduled
670,400670,2025-04-05 12:55:34,Scheduled
671,400671,2025-04-03 23:31:39,Scheduled
672,400672,2025-04-04 09:01:06,Scheduled
673,400673,2025-04-04 12:36:02,Scheduled
674,400674,2025-04-06 02:50:48,Scheduled
675,400675,2025-04-05 16:01:25,Scheduled
676,400676,2025-04-07 05:44:12,Scheduled
677,400677,2025-04-02 19:35:23,Scheduled
678,400678,2025-04-04 18:25:47,Scheduled
679,400679,2025-04-08 04:09:30,Scheduled
680,400680,2025-04-08 11:44:40,Scheduled
681,400681,2025-04-04 00:08:52,Scheduled
682,400682,2025-04-08 21:19:02,Scheduled
683,400683,2025-04-07 07:40:30,Scheduled
684,400684,2025-04-09 10:27:42,Scheduled
685,400685,2025-04-08 15:13:27,Scheduled
686,400686,2025-04-10 01:03:20,Scheduled
687,400687,2025-04-06 04:42:07,Scheduled
688,400688,2025-04-09 22:30:35,Scheduled
689,400689,2025-04-04 21:29:01,Scheduled
690,400690,2025-04-07 05:17:09,Scheduled
691,400691,2025-04-08 15:28:32,Scheduled
692,400692,2025-04-09 12:15:34,Scheduled
693,400693,2025-04-10 03:54:37,Scheduled
694,400694,2025-04-09 08:17:24,Scheduled
695,400695,2025-04-07 23:06:21,Scheduled
696,400696,2025-04-06 16:16:56,Scheduled
697,400697,2025-04-08 15:50:22,Scheduled
698,400698,2025-04-10 07:52:20,Scheduled
699,400699,2025-04-07 20:03:15,Scheduled
700,400700,2025-04-11 16:30:27,Scheduled
701,400701,2025-04-08 12:08:57,Scheduled
702,400702,2025-04-08 16:59:34,Scheduled
703,400703,2025-04-10 21:14:43,Scheduled
704,400704,2025-04-12 01:20:26,Scheduled
705,400705,2025-04-11 17:48:51,Scheduled
706,400706,2025-04-11 23:02:14,Scheduled
707,400707,2025-04-11 23:46:40,Scheduled
708,400708,2025-04-11 05:59:07,Scheduled
709,400709,2025-04-10 23:34:28,Scheduled
710,400710,2025-04-12 15:05:07,Scheduled
711,400711,2025-04-11 19:16:24,Scheduled
712,400712,2025-04-11 21:19:03,Scheduled
713,400713,2025-04-13 14:02:21,Scheduled
714,400714,2025-04-08 23:53:26,Scheduled
715,400715,2025-04-10 09:08:55,Scheduled
716,400716,2025-04-12 13:15:48,Scheduled
717,400717,2025-04-12 17:14:08,Scheduled
718,400718,2025-04-13 08:29:44,Scheduled
719,400719,2025-04-12 10:54:02,Scheduled
720,400720,2025-04-09 12:38:18,Scheduled
721,400721,2025-04-10 00:38:53,Scheduled
722,400722,2025-04-11 06:57:20,Scheduled
723,400723,2025-04-10 01:15:48,Scheduled
724,400724,2025-04-13 16:48:09,Scheduled
725,400725,2025-04-12 09:59:11,Scheduled
726,400726,2025-04-13 20:07:16,Scheduled
727,400727,2025-04-15 02:06:40,Scheduled
728,400728,2025-04-13 06:31:33,Scheduled
729,400729,2025-04-12 14:38:01,Scheduled
730,400730,2025-04-11 16:51:22,Scheduled
731,400731,2025-04-16 08:32:56,Scheduled
732,400732,2025-04-13 04:27:03,Scheduled
733,400733,2025-04-16 05:55:25,Scheduled
734,400734,2025-04-12 00:15:35,Scheduled
735,400735,2025-04-11 19:42:21,Scheduled
736,400736,2025-04-13 09:57:34,Scheduled
737,400737,2025-04-14 02:03:45,Scheduled
738,400738,2025-04-16 03:37:23,Scheduled
739,400739,2025-04-11 23:30:25,Scheduled
740,400740,2025-04-17 02:10:27,Scheduled
741,400741,2025-04-12 04:57:44,Scheduled
742,400742,2025-04-15 12:23:18,Scheduled
743,400743,2025-04-14 23:22:50,Scheduled
744,400744,2025-04-17 04:53:12,Scheduled
745,400745,2025-04-15 01:34:10,Scheduled
746,400746,2025-04-17 14:37:01,Scheduled
747,400747,2025-04-13 21:15:46,Scheduled
748,400748,2025-04-14 09:35:50,Scheduled
749,400749,2025-04-14 08:59:59,Scheduled
750,400750,2025-04-17 23:13:26,Scheduled
751,400751,2025-04-18 07:42:07,Scheduled
752,400752,2025-04-18 21:50:59,Scheduled
753,400753,2025-04-14 22:58:59,Scheduled
754,400754,2025-04-13 21:20:39,Scheduled
755,400755,2025-04-14 00:35:22,Scheduled
756,400756,2025-04-17 19:05:46,Scheduled
757,400757,2025-04-18 00:16:13,Scheduled
758,400758,2025-04-18 04:05:53,Scheduled
759,400759,2025-04-16 23:55:23,Scheduled
760,400760,2025-04-14 02:23:13,Scheduled
761,400761,2025-04-15 12:38:12,Scheduled
762,400762,2025-04-16 23:55:33,Scheduled
763,400763,2025-04-17 11:20:15,Scheduled
764,400764,2025-04-17 19:25:09,Scheduled
765,400765,2025-04-17 09:39:00,Scheduled
766,400766,2025-04-19 02:16:57,Scheduled
767,400767,2025-04-15 17:38:33,Scheduled
768,400768,2025-04-20 04:46:54,Scheduled
769,400769,2025-04-15 01:26:56,Scheduled
770,400770,2025-04-19 03:18:10,Scheduled
771,400771,2025-04-20 00:16:37,Scheduled
772,400772,2025-04-17 08:59:28,Scheduled
773,400773,2025-04-16 23:01:55,Scheduled
774,400774,2025-04-21 05:12:37,Scheduled
775,400775,2025-04-20 05:30:46,Scheduled
776,400776,2025-04-17 04:40:34,Cancelled
777,400777,2025-04-18 23:48:27,Scheduled
778,400778,2025-04-17 02:11:04,Scheduled
779,400779,2025-04-20 07:10:04,Cancelled
780,400780,2025-04-21 16:31:48,Scheduled
781,400781,2025-04-20 11:22:19,Scheduled
782,400782,2025-04-22 12:45:34,Scheduled
783,400783,2025-04-20 11:58:44,Scheduled
784,400784,2025-04-17 18:37:06,Scheduled
785,400785,2025-04-22 01:48:20,Scheduled
786,400786,2025-04-21 04:04:13,Scheduled
787,400787,2025-04-18 15:45:58,Scheduled
788,400788,2025-04-22 10:05:41,Cancelled
789,400789,2025-04-18 06:30:00,Scheduled
790,400790,2025-04-22 01:32:42,Scheduled
791,400791,2025-04-20 06:26:25,Scheduled
792,400792,2025-04-17 20:53:05,Scheduled
793,400793,2025-04-23 04:39:45,Scheduled
794,400794,2025-04-17 22:40:14,Scheduled
795,400795,2025-04-23 18:07:46,Scheduled
796,400796,2025-04-20 19:31:36,Scheduled
797,400797,2025-04-21 21:23:28,Scheduled
798,400798,2025-04-20 14:42:15,Scheduled
799,400799,2025-04-21 21:04:04,Scheduled
800,400800,2025-04-20 12:00:09,Scheduled
801,400801,2025-04-22 03:52:02,Scheduled
802,400802,2025-04-24 08:22:37,Scheduled
803,400803,2025-04-22 05:51:48,Scheduled
804,400804,2025-04-23 17:52:14,Cancelled
805,400805,2025-04-24 17:03:37,Scheduled
806,400806,2025-04-20 01:27:06,Scheduled
807,400807,2025-04-22 05:43:16,Scheduled
808,400808,2025-04-23 15:00:55,Scheduled
809,400809,2025-04-23 10:04:36,Scheduled
810,400810,2025-04-25 03:29:20,Scheduled
811,400811,2025-04-22 18:22:05,Scheduled
812,400812,2025-04-25 19:44:04,Scheduled
813,400813,2025-04-25 20:54:29,Scheduled
814,400814,2025-04-21 21:43:47,Scheduled
815,400815,2025-04-22 00:50:54,Scheduled
816,400816,2025-04-21 12:34:10,Scheduled
817,400817,2025-04-25 00:51:07,Scheduled
818,400818,2025-04-21 20:34:38,Scheduled
819,400819,2025-04-22 08:58:21,Scheduled
820,400820,2025-04-26 03:07:01,Scheduled
821,400821,2025-04-24 10:34:52,Scheduled
822,400822,2025-04-26 23:00:33,Scheduled
823,400823,2025-04-25 07:17:01,Scheduled
824,400824,2025-04-24 09:46:38,Scheduled
825,400825,2025-04-23 13:34:52,Scheduled
826,400826,2025-04-24 08:07:26,Scheduled
827,400827,2025-04-23 08:46:08,Scheduled
828,400828,2025-04-23 15:38:00,Scheduled
829,400829,2025-04-23 04:47:36,Scheduled
830,400830,2025-04-22 22:39:30,Scheduled
831,400831,2025-04-28 06:21:27,Scheduled
832,400832,2025-04-27 19:56:27,Scheduled
833,400833,2025-04-26 00:00:42,Scheduled
834,400834,2025-04-29 09:24:28,Scheduled
835,400835,2025-04-26 01:06:31,Scheduled
836,400836,2025-04-26 00:38:58,Scheduled
837,400837,2025-04-30 02:07:17,Scheduled
838,400838,2025-04-29 17:42:45,Scheduled
839,400839,2025-04-25 16:13:25,Scheduled
840,400840,2025-04-29 01:39:00,Scheduled
841,400841,2025-04-27 18:55:03,Scheduled
842,400842,2025-04-24 22:41:21,Scheduled
843,400843,2025-04-24 17:03:08,Scheduled
844,400844,2025-04-24 20:31:06,Scheduled
845,400845,2025-04-27 21:30:18,Scheduled
846,400846,2025-04-29 16:53:10,Cancelled
847,400847,2025-04-29 11:09:01,Scheduled
848,400848,2025-04-28 19:23:28,Scheduled
849,400849,2025-04-28 15:55:16,Scheduled
850,400850,2025-05-01 06:08:43,Scheduled
851,400851,2025-04-30 07:30:55,Scheduled
852,400852,2025-04-27 22:37:04,Scheduled
853,400853,2025-04-26 11:06:27,Scheduled
854,400854,2025-04-27 22:22:45,Scheduled
855,400855,2025-04-28 14:29:26,Scheduled
856,400856,2025-04-26 19:56:15,Scheduled
857,400857,2025-04-29 00:15:22,Scheduled
858,400858,2025-05-01 18:21:09,Scheduled
859,400859,2025-04-30 14:10:01,Cancelled
860,400860,2025-04-29 10:35:54,Scheduled
861,400861,2025-05-02 00:32:10,Scheduled
862,400862,2025-04-28 23:59:10,Scheduled
863,400863,2025-04-28 00:34:29,Scheduled
864,400864,2025-04-29 10:05:17,Scheduled
865,400865,2025-05-03 02:06:01,Scheduled
866,400866,2025-05-01 08:26:00,Scheduled
867,400867,2025-05-02 01:49:17,Scheduled
868,400868,2025-05-02 07:52:38,Scheduled
869,400869,2025-05-04 02:05:46,Scheduled
870,400870,2025-05-04 21:01:08,Scheduled
871,400871,2025-05-05 11:44:24,Scheduled
872,400872,2025-05-04 10:51:29,Scheduled
873,400873,2025-05-02 11:46:24,Scheduled
874,400874,2025-04-30 23:04:21,Scheduled
875,400875,2025-05-02 16:23:51,Scheduled
876,400876,2025-05-01 16:54:37,Scheduled
877,400877,2025-05-03 11:10:55,Scheduled
878,400878,2025-05-03 10:15:11,Scheduled
879,400879,2025-05-06 02:10:18,Scheduled
880,400880,2025-05-03 03:01:09,Scheduled
881,400881,2025-05-05 03:35:14,Scheduled
882,400882,2025-05-05 20:26:37,Scheduled
883,400883,2025-05-05 19:53:15,Scheduled
884,400884,2025-05-03 23:59:52,Scheduled
885,400885,2025-05-08 07:56:21,Scheduled
886,400886,2025-05-07 17:18:44,Scheduled
887,400887,2025-05-07 20:16:31,Scheduled
888,400888,2025-05-07 07:15:32,Scheduled
889,400889,2025-05-05 19:29:27,Scheduled
890,400890,2025-05-05 02:29:01,Scheduled
891,400891,2025-05-08 13:27:00,Scheduled
892,400892,2025-05-07 04:26:40,Scheduled
893,400893,2025-05-05 00:24:49,Scheduled
894,400894,2025-05-08 21:42:58,Scheduled
895,400895,2025-05-04 07:37:16,Scheduled
896,400896,2025-05-05 06:58:11,Scheduled
897,400897,2025-05-06 09:33:31,Cancelled
898,400898,2025-05-04 23:02:02,Scheduled
899,400899,2025-05-03 21:51:40,Scheduled
900,400900,2025-05-08 00:51:22,Scheduled
901,400901,2025-05-04 05:14:33,Scheduled
902,400902,2025-05-09 05:39:38,Scheduled
903,400903,2025-05-04 23:06:42,Scheduled
904,400904,2025-05-05 21:34:13,Scheduled
905,400905,2025-05-06 19:41:38,Scheduled
906,400906,2025-05-09 05:40:03,Scheduled
907,400907,2025-05-10 06:53:58,Scheduled
908,400908,2025-05-08 02:21:36,Scheduled
909,400909,2025-05-08 14:26:17,Scheduled
910,400910,2025-05-09 03:31:03,Scheduled
911,400911,2025-05-09 13:22:21,Scheduled
912,400912,2025-05-05 11:35:11,Scheduled
913,400913,2025-05-05 15:36:29,Scheduled
914,400914,2025-05-09 16:42:33,Scheduled
915,400915,2025-05-10 13:45:03,Scheduled
916,400916,2025-05-09 08:27:30,Scheduled
917,400917,2025-05-07 02:55:57,Scheduled
918,400918,2025-05-09 11:59:13,Scheduled
919,400919,2025-05-10 22:27:40,Scheduled
920,400920,2025-05-07 00:45:59,Scheduled
921,400921,2025-05-08 19:33:19,Scheduled
922,400922,2025-05-10 19:50:01,Scheduled
923,400923,2025-05-08 08:38:29,Scheduled
924,400924,2025-05-12 04:26:26,Scheduled
925,400925,2025-05-11 21:38:02,Scheduled
926,400926,2025-05-08 00:31:11,Scheduled
927,400927,2025-05-12 02:26:48,Scheduled
928,400928,2025-05-12 23:50:39,Scheduled
929,400929,2025-05-10 15:36:17,Scheduled
930,400930,2025-05-12 06:59:41,Scheduled
931,400931,2025-05-11 02:06:58,Scheduled
932,400932,2025-05-07 22:42:24,Scheduled
933,400933,2025-05-12 05:38:04,Scheduled
934,400934,2025-05-08 04:25:37,Scheduled
935,400935,2025-05-10 09:06:03,Scheduled
936,400936,2025-05-13 01:32:07,Scheduled
937,400937,2025-05-13 06:59:50,Scheduled
938,400938,2025-05-11 20:22:07,Cancelled
939,400939,2025-05-08 20:22:35,Scheduled
940,400940,2025-05-09 22:20:04,Scheduled
941,400941,2025-05-10 13:09:33,Scheduled
942,400942,2025-05-09 13:12:51,Scheduled
943,400943,2025-05-10 00:42:19,Scheduled
944,400944,2025-05-09 22:11:28,Scheduled
945,400945,2025-05-10 15:54:09,Scheduled
946,400946,2025-05-13 17:37:03,Scheduled
947,400947,2025-05-13 02:06:55,Scheduled
948,400948,2025-05-14 02:25:18,Scheduled
949,400949,2025-05-13 07:22:33,Scheduled
950,400950,2025-05-13 06:52:29,Scheduled
951,400951,2025-05-13 11:43:19,Scheduled
952,400952,2025-05-13 03:24:15,Scheduled
953,400953,2025-05-15 21:01:49,Scheduled
954,400954,2025-05-16 03:13:02,Scheduled
955,400955,2025-05-15 16:36:15,Scheduled
956,400956,2025-05-14 05:19:48,Scheduled
957,400957,2025-05-16 09:58:19,Scheduled
958,400958,2025-05-11 06:04:50,Scheduled
959,400959,2025-05-12 01:21:46,Scheduled
960,400960,2025-05-16 05:33:37,Scheduled
961,400961,2025-05-12 22:57:10,Scheduled
962,400962,2025-05-17 07:45:43,Cancelled
963,400963,2025-05-14 12:30:26,Scheduled
964,400964,2025-05-13 12:17:58,Scheduled
965,400965,2025-05-16 05:00:22,Scheduled
966,400966,2025-05-18 07:07:52,Scheduled
967,400967,2025-05-17 21:02:43,Scheduled
968,400968,2025-05-16 14:33:53,Scheduled
969,400969,2025-05-16 00:01:14,Scheduled
970,400970,2025-05-17 20:46:31,Scheduled
971,400971,2025-05-15 05:41:43,Scheduled
972,400972,2025-05-17 12:34:50,Scheduled
973,400973,2025-05-15 23:14:35,Scheduled
974,400974,2025-05-15 15:07:45,Scheduled
975,400975,2025-05-17 17:28:24,Scheduled
976,400976,2025-05-18 02:07:02,Scheduled
977,400977,2025-05-19 02:05:41,Scheduled
978,400978,2025-05-21 06:46:58,Scheduled
979,400979,2025-05-16 17:56:05,Scheduled
980,400980,2025-05-20 00:47:50,Scheduled
981,400981,2025-05-19 18:28:26,Scheduled
982,400982,2025-05-18 11:08:31,Scheduled
983,400983,2025-05-17 11:53:16,Scheduled
984,400984,2025-05-19 22:00:34,Scheduled
985,400985,2025-05-18 20:18:43,Scheduled
986,400986,2025-05-19 23:37:34,Scheduled
987,400987,2025-05-21 19:48:51,Scheduled
988,400988,2025-05-17 22:41:03,Scheduled
989,400989,2025-05-17 22:27:42,Scheduled
990,400990,2025-05-21 22:52:25,Scheduled
991,400991,2025-05-20 06:16:18,Scheduled
992,400992,2025-05-20 00:08:18,Scheduled
993,400993,2025-05-23 20:27:37,Scheduled
994,400994,2025-05-19 19:34:39,Scheduled
995,400995,2025-05-20 07:15:44,Scheduled
996,400996,2025-05-24 15:22:02,Scheduled
997,400997,2025-05-21 11:07:35,Scheduled
998,400998,2025-05-19 07:19:41,Scheduled
999,400999,2025-05-20 17:52:14,Cancelled
1000,401000,2025-05-22 02:00:33,Scheduled
1001,401001,2025-05-22 23:50:24,Scheduled
1002,401002,2025-05-20 05:33:41,Scheduled
1003,401003,2025-05-22 00:38:19,Scheduled
1004,401004,2025-05-25 01:48:53,Scheduled
1005,401005,2025-05-21 08:41:32,Scheduled
1006,401006,2025-05-23 05:49:40,Scheduled
1007,401007,2025-05-25 12:09:54,Scheduled
1008,401008,2025-05-21 14:27:19,Scheduled
1009,401009,2025-05-22 11:11:39,Scheduled
1010,401010,2025-05-24 01:42:27,Scheduled
1011,401011,2025-05-26 21:13:42,Scheduled
1012,401012,2025-05-26 07:10:54,Scheduled
1013,401013,2025-05-27 09:45:55,Scheduled
1014,401014,2025-05-22 08:33:43,Scheduled
1015,401015,2025-05-27 09:36:49,Scheduled
1016,401016,2025-05-24 13:33:49,Scheduled
1017,401017,2025-05-25 09:57:33,Scheduled
1018,401018,2025-05-27 00:41:20,Scheduled
1019,401019,2025-05-28 09:40:20,Scheduled
1020,401020,2025-05-24 21:22:03,Scheduled
1021,401021,2025-05-27 21:08:46,Scheduled
1022,401022,2025-05-24 20:05:24,Cancelled
1023,401023,2025-05-27 01:17:16,Scheduled
1024,401024,2025-05-29 20:26:41,Cancelled
1025,401025,2025-05-24 11:49:22,Scheduled
1026,401026,2025-05-28 04:32:29,Scheduled
1027,401027,2025-05-30 02:49:39,Scheduled
1028,401028,2025-05-24 19:15:20,Scheduled
1029,401029,2025-05-26 22:51:25,Scheduled
1030,401030,2025-05-30 04:43:43,Scheduled
1031,401031,2025-05-30 04:22:05,Scheduled
1032,401032,2025-05-27 03:50:55,Scheduled
1033,401033,2025-05-26 07:53:57,Scheduled
1034,401034,2025-05-29 18:12:11,Scheduled
1035,401035,2025-05-31 08:29:52,Scheduled
1036,401036,2025-05-26 01:45:27,Scheduled
1037,401037,2025-05-27 07:19:11,Scheduled
1038,401038,2025-05-30 04:00:33,Scheduled
1039,401039,2025-05-29 05:17:56,Scheduled
1040,401040,2025-05-28 15:25:32,Scheduled
1041,401041,2025-05-30 01:01:33,Scheduled
1042,401042,2025-05-28 07:59:48,Scheduled
1043,401043,2025-05-31 23:45:31,Scheduled
1044,401044,2025-05-28 21:26:52,Scheduled
1045,401045,2025-05-31 19:34:20,Scheduled
1046,401046,2025-05-28 12:59:29,Scheduled
1047,401047,2025-05-30 06:58:52,Scheduled
1048,401048,2025-06-02 03:21:58,Cancelled
1049,401049,2025-05-31 10:43:48,Scheduled
1050,401050,2025-06-01 17:49:07,Scheduled
1051,401051,2025-05-30 12:59:26,Scheduled
1052,401052,2025-05-29 18:53:32,Scheduled
1053,401053,2025-05-30 20:01:41,Scheduled
1054,401054,2025-05-30 15:05:21,Scheduled
1055,401055,2025-05-28 15:08:13,Scheduled
1056,401056,2025-05-29 12:39:48,Scheduled
1057,401057,2025-06-02 02:11:12,Scheduled
1058,401058,2025-05-30 00:19:49,Scheduled
1059,401059,2025-05-29 22:57:47,Scheduled
1060,401060,2025-05-30 18:30:47,Scheduled
1061,401061,2025-05-30 02:22:36,Scheduled
1062,401062,2025-06-01 11:42:19,Scheduled
1063,401063,2025-06-01 08:41:38,Scheduled
1064,401064,2025-05-31 05:25:39,Scheduled
1065,401065,2025-06-01 21:30:07,Scheduled
1066,401066,2025-05-31 02:27:10,Scheduled
1067,401067,2025-05-30 20:57:32,Scheduled
1068,401068,2025-06-04 06:13:29,Scheduled
1069,401069,2025-06-02 16:55:25,Scheduled
1070,401070,2025-06-04 18:50:10,Scheduled
1071,401071,2025-06-01 04:06:05,Scheduled
1072,401072,2025-05-31 04:41:28,Scheduled
1073,401073,2025-06-04 00:36:44,Scheduled
1074,401074,2025-06-03 13:04:02,Scheduled
1075,401075,2025-06-04 03:10:42,Scheduled
1076,401076,2025-06-04 12:25:01,Scheduled
1077,401077,2025-06-03 11:14:46,Scheduled
1078,401078,2025-06-03 23:24:24,Scheduled
1079,401079,2025-05-31 13:52:30,Scheduled
1080,401080,2025-06-06 01:46:07,Cancelled
1081,401081,2025-06-05 09:34:59,Scheduled
1082,401082,2025-06-05 10:34:23,Scheduled
1083,401083,2025-06-02 10:02:30,Scheduled
1084,401084,2025-06-04 00:30:15,Scheduled
1085,401085,2025-06-04 04:57:10,Scheduled
1086,401086,2025-06-04 13:56:29,Scheduled
1087,401087,2025-06-02 18:40:42,Scheduled
1088,401088,2025-06-07 02:42:09,Scheduled
1089,401089,2025-06-08 02:21:47,Scheduled
1090,401090,2025-06-05 00:31:23,Cancelled
1091,401091,2025-06-07 12:27:09,Scheduled
1092,401092,2025-06-08 07:53:10,Scheduled
1093,401093,2025-06-05 19:52:56,Scheduled
1094,401094,2025-06-08 11:55:23,Scheduled
1095,401095,2025-06-08 17:35:39,Scheduled
1096,401096,2025-06-05 13:36:50,Scheduled
1097,401097,2025-06-06 22:48:29,Cancelled
1098,401098,2025-06-09 07:49:14,Scheduled
1099,401099,2025-06-04 19:52:38,Scheduled
1100,401100,2025-06-07 03:43:32,Scheduled
1101,401101,2025-06-09 11:24:28,Scheduled
1102,401102,2025-06-08 06:56:28,Scheduled
1103,401103,2025-06-06 14:01:39,Scheduled
1104,401104,2025-06-05 14:38:47,Scheduled
1105,401105,2025-06-09 01:38:57,Scheduled
1106,401106,2025-06-08 04:45:15,Scheduled
1107,401107,2025-06-06 11:20:45,Scheduled
1108,401108,2025-06-07 21:23:42,Scheduled
1109,401109,2025-06-06 13:51:32,Scheduled
1110,401110,2025-06-04 20:12:56,Scheduled
1111,401111,2025-06-06 12:34:54,Cancelled
1112,401112,2025-06-10 09:32:11,Scheduled
1113,401113,2025-06-07 10:22:57,Scheduled
1114,401114,2025-06-10 00:27:26,Scheduled
1115,401115,2025-06-09 11:30:52,Scheduled
1116,401116,2025-06-11 18:54:25,Scheduled
1117,401117,2025-06-09 13:15:57,Scheduled
1118,401118,2025-06-12 20:55:02,Scheduled
1119,401119,2025-06-09 17:07:08,Scheduled
1120,401120,2025-06-11 09:44:44,Scheduled
1121,401121,2025-06-11 03:28:53,Scheduled
1122,401122,2025-06-11 07:16:15,Scheduled
1123,401123,2025-06-12 15:18:28,Scheduled
1124,401124,2025-06-12 16:29:37,Scheduled
1125,401125,2025-06-12 14:46:47,Scheduled
1126,401126,2025-06-09 07:57:45,Scheduled
1127,401127,2025-06-09 05:13:22,Scheduled
1128,401128,2025-06-08 23:51:07,Scheduled
1129,401129,2025-06-11 10:55:07,Scheduled
1130,401130,2025-06-10 11:00:12,Scheduled
1131,401131,2025-06-08 21:26:24,Scheduled
1132,401132,2025-06-11 22:27:41,Scheduled
1133,401133,2025-06-11 16:30:31,Scheduled
1134,401134,2025-06-10 08:22:16,Scheduled
1135,401135,2025-06-10 10:13:17,Scheduled
1136,401136,2025-06-09 09:19:54,Scheduled
1137,401137,2025-06-09 08:56:10,Scheduled
1138,401138,2025-06-10 20:52:47,Scheduled
1139,401139,2025-06-13 17:42:19,Scheduled
1140,401140,2025-06-11 15:58:51,Scheduled
1141,401141,2025-06-11 14:03:57,Scheduled
1142,401142,2025-06-14 19:32:04,Scheduled
1143,401143,2025-06-15 15:50:04,Scheduled
1144,401144,2025-06-10 12:05:20,Scheduled
1145,401145,2025-06-15 11:14:04,Scheduled
1146,401146,2025-06-14 16:29:11,Scheduled
1147,401147,2025-06-11 23:57:37,Cancelled
1148,401148,2025-06-15 10:15:54,Scheduled
1149,401149,2025-06-12 19:22:21,Scheduled
1150,401150,2025-06-13 19:00:50,Scheduled
1151,401151,2025-06-14 19:27:11,Scheduled
1152,401152,2025-06-13 10:04:21,Cancelled
1153,401153,2025-06-18 01:05:14,Scheduled
1154,401154,2025-06-14 00:10:47,Scheduled
1155,401155,2025-06-14 18:06:08,Scheduled
1156,401156,2025-06-14 11:06:47,Scheduled
1157,401157,2025-06-16 05:33:44,Scheduled
1158,401158,2025-06-15 16:22:04,Scheduled
1159,401159,2025-06-15 18:20:13,Scheduled
1160,401160,2025-06-17 04:54:48,Scheduled
1161,401161,2025-06-17 21:47:42,Scheduled
1162,401162,2025-06-18 21:53:37,Scheduled
1163,401163,2025-06-18 02:10:52,Cancelled
1164,401164,2025-06-17 02:27:40,Scheduled
1165,401165,2025-06-19 08:48:10,Scheduled
1166,401166,2025-06-14 04:49:54,Scheduled
1167,401167,2025-06-16 14:02:46,Scheduled
1168,401168,2025-06-15 17:19:23,Scheduled
1169,401169,2025-06-15 19:42:16,Scheduled
1170,401170,2025-06-19 04:21:16,Scheduled
1171,401171,2025-06-17 11:05:00,Scheduled
1172,401172,2025-06-20 06:31:16,Scheduled
1173,401173,2025-06-19 00:19:19,Cancelled
1174,401174,2025-06-20 09:45:04,Scheduled
1175,401175,2025-06-20 13:15:17,Scheduled
1176,401176,2025-06-18 11:51:22,Scheduled
1177,401177,2025-06-15 15:45:15,Scheduled
1178,401178,2025-06-20 21:48:11,Scheduled
1179,401179,2025-06-16 06:08:30,Scheduled
1180,401180,2025-06-17 21:22:49,Scheduled
1181,401181,2025-06-16 01:05:42,Scheduled
1182,401182,2025-06-18 13:22:35,Scheduled
1183,401183,2025-06-20 08:51:16,Scheduled
1184,401184,2025-06-22 03:20:33,Scheduled
1185,401185,2025-06-21 14:15:39,Scheduled
1186,401186,2025-06-18 14:21:29,Scheduled
1187,401187,2025-06-20 15:24:31,Scheduled
1188,401188,2025-06-19 16:56:42,Scheduled
1189,401189,2025-06-21 00:07:18,Scheduled
1190,401190,2025-06-18 00:38:23,Scheduled
1191,401191,2025-06-17 11:34:06,Scheduled
1192,401192,2025-06-19 16:13:28,Scheduled
1193,401193,2025-06-21 18:37:25,Scheduled
1194,401194,2025-06-18 20:29:30,Scheduled
1195,401195,2025-06-22 23:17:17,Scheduled
1196,401196,2025-06-22 03:51:43,Scheduled
1197,401197,2025-06-18 00:13:31,Scheduled
1198,401198,2025-06-18 04:05:02,Scheduled
1199,401199,2025-06-21 07:32:14,Scheduled
1200,401200,2025-06-20 04:06:21,Scheduled
1201,401201,2025-06-19 22:33:25,Scheduled
1202,401202,2025-06-22 15:51:48,Scheduled
1203,401203,2025-06-20 15:26:32,Scheduled
1204,401204,2025-06-20 02:43:53,Scheduled
1205,401205,2025-06-22 18:41:14,Scheduled
1206,401206,2025-06-21 16:41:49,Scheduled
1207,401207,2025-06-24 04:49:33,Scheduled
1208,401208,2025-06-19 21:03:44,Scheduled
1209,401209,2025-06-25 05:35:04,Scheduled
1210,401210,2025-06-22 12:48:15,Scheduled
1211,401211,2025-06-25 11:37:32,Scheduled
1212,401212,2025-06-22 18:51:42,Scheduled
1213,401213,2025-06-20 18:39:38,Scheduled
1214,401214,2025-06-25 09:19:19,Scheduled
1215,401215,2025-06-24 20:11:05,Scheduled
1216,401216,2025-06-22 20:49:04,Scheduled
1217,401217,2025-06-21 15:06:40,Scheduled
1218,401218,2025-06-21 04:14:39,Scheduled
1219,401219,2025-06-22 17:06:12,Scheduled
1220,401220,2025-06-24 09:19:57,Scheduled
1221,401221,2025-06-24 20:38:03,Scheduled
1222,401222,2025-06-22 17:40:47,Scheduled
1223,401223,2025-06-25 13:59:22,Scheduled
1224,401224,2025-06-21 23:58:25,Scheduled
1225,401225,2025-06-22 18:52:23,Scheduled
1226,401226,2025-06-27 10:21:59,Scheduled
1227,401227,2025-06-25 14:01:05,Scheduled
1228,401228,2025-06-21 23:35:53,Scheduled
1229,401229,2025-06-27 06:20:15,Scheduled
1230,401230,2025-06-24 23:22:44,Scheduled
1231,401231,2025-06-24 12:47:32,Scheduled
1232,401232,2025-06-27 11:57:35,Scheduled
1233,401233,2025-06-26 14:40:28,Scheduled
1234,401234,2025-06-27 20:48:23,Scheduled
1235,401235,2025-06-22 19:04:44,Scheduled
1236,401236,2025-06-27 07:04:58,Scheduled
1237,401237,2025-06-26 20:28:21,Scheduled
1238,401238,2025-06-25 11:41:07,Scheduled
1239,401239,2025-06-27 04:41:41,Scheduled
1240,401240,2025-06-24 23:09:13,Scheduled
1241,401241,2025-06-25 11:27:58,Scheduled
1242,401242,2025-06-29 00:48:04,Scheduled
1243,401243,2025-06-24 18:20:16,Scheduled
1244,401244,2025-06-27 12:05:10,Scheduled
1245,401245,2025-06-25 10:29:02,Scheduled
1246,401246,2025-06-28 04:12:41,Scheduled
1247,401247,2025-06-27 02:02:20,Scheduled
1248,401248,2025-06-28 09:50:52,Scheduled
1249,401249,2025-06-29 22:41:21,Cancelled
1250,401250,2025-06-26 06:09:30,Scheduled
1251,401251,2025-06-28 05:12:15,Scheduled
1252,401252,2025-07-01 03:19:41,Scheduled
1253,401253,2025-06-27 11:01:06,Scheduled
1254,401254,2025-06-27 16:18:24,Scheduled
1255,401255,2025-06-29 17:09:07,Scheduled
1256,401256,2025-06-28 22:18:02,Scheduled
1257,401257,2025-06-30 08:49:22,Scheduled
1258,401258,2025-06-26 01:15:53,Cancelled
1259,401259,2025-06-27 15:22:55,Scheduled
1260,401260,2025-06-26 19:52:56,Scheduled
1261,401261,2025-06-27 17:08:28,Scheduled
1262,401262,2025-06-27 01:19:50,Scheduled
1263,401263,2025-06-30 18:47:42,Scheduled
1264,401264,2025-06-28 23:55:17,Scheduled
1265,401265,2025-07-01 11:50:11,Scheduled
1266,401266,2025-06-30 18:39:15,Scheduled
1267,401267,2025-06-28 10:56:08,Scheduled
1268,401268,2025-07-01 09:28:22,Scheduled
1269,401269,2025-07-02 19:22:38,Scheduled
1270,401270,2025-06-29 16:57:43,Scheduled
1271,401271,2025-07-03 00:39:53,Scheduled
1272,401272,2025-07-01 03:17:18,Scheduled
1273,401273,2025-06-29 00:20:42,Scheduled
1274,401274,2025-07-01 15:52:06,Scheduled
1275,401275,2025-06-29 18:53:36,Cancelled
1276,401276,2025-06-30 09:57:08,Scheduled
1277,401277,2025-06-28 22:41:29,Scheduled
1278,401278,2025-06-28 13:31:20,Scheduled
1279,401279,2025-07-01 04:56:33,Scheduled
1280,401280,2025-07-02 18:27:15,Cancelled
1281,401281,2025-06-30 14:08:41,Scheduled
1282,401282,2025-06-30 02:18:50,Scheduled
1283,401283,2025-06-30 03:24:23,Scheduled
1284,401284,2025-07-05 04:53:24,Cancelled
1285,401285,2025-07-03 11:58:02,Scheduled
1286,401286,2025-07-05 12:37:43,Scheduled
1287,401287,2025-07-01 21:32:08,Scheduled
1288,401288,2025-06-30 20:11:58,Scheduled
1289,401289,2025-07-03 12:14:43,Scheduled
1290,401290,2025-07-06 21:23:57,Scheduled
1291,401291,2025-07-01 12:22:00,Scheduled
1292,401292,2025-07-06 05:35:27,Scheduled
1293,401293,2025-07-06 01:44:48,Scheduled
1294,401294,2025-07-03 17:15:02,Scheduled
1295,401295,2025-07-07 14:18:06,Cancelled
1296,401296,2025-07-02 19:33:00,Scheduled
1297,401297,2025-07-03 19:00:25,Scheduled
1298,401298,2025-07-04 06:26:25,Scheduled
1299,401299,2025-07-03 23:26:33,Scheduled
1300,401300,2025-07-03 18:54:59,Scheduled
1301,401301,2025-07-08 03:04:58,Scheduled
1302,401302,2025-07-07 15:29:00,Scheduled
1303,401303,2025-07-04 10:43:03,Scheduled
1304,401304,2025-07-05 04:53:38,Scheduled
1305,401305,2025-07-08 10:37:27,Scheduled
1306,401306,2025-07-06 12:26:09,Scheduled
1307,401307,2025-07-04 11:52:13,Scheduled
1308,401308,2025-07-04 23:04:44,Scheduled
1309,401309,2025-07-06 09:11:31,Scheduled
1310,401310,2025-07-08 21:35:37,Scheduled
1311,401311,2025-07-04 21:16:03,Scheduled
1312,401312,2025-07-06 06:37:54,Scheduled
1313,401313,2025-07-09 10:44:54,Scheduled
1314,401314,2025-07-10 06:40:04,Scheduled
1315,401315,2025-07-06 19:47:49,Scheduled
1316,401316,2025-07-09 09:00:36,Scheduled
1317,401317,2025-07-09 15:06:34,Scheduled
1318,401318,2025-07-05 12:24:31,Scheduled
1319,401319,2025-07-07 05:35:31,Scheduled
1320,401320,2025-07-09 14:06:56,Scheduled
1321,401321,2025-07-10 05:16:58,Cancelled
1322,401322,2025-07-07 00:44:49,Scheduled
1323,401323,2025-07-06 12:47:51,Scheduled
1324,401324,2025-07-07 23:05:13,Scheduled
1325,401325,2025-07-07 13:32:17,Scheduled
1326,401326,2025-07-08 20:55:14,Scheduled
1327,401327,2025-07-06 04:22:41,Scheduled
1328,401328,2025-07-10 16:23:49,Scheduled
1329,401329,2025-07-11 14:57:53,Scheduled
1330,401330,2025-07-08 20:58:30,Scheduled
1331,401331,2025-07-08 15:54:50,Cancelled
1332,401332,2025-07-10 13:55:50,Scheduled
1333,401333,2025-07-10 03:25:09,Scheduled
1334,401334,2025-07-11 08:18:08,Scheduled
1335,401335,2025-07-08 21:39:07,Scheduled
1336,401336,2025-07-08 14:05:22,Scheduled
1337,401337,2025-07-12 03:25:18,Scheduled
1338,401338,2025-07-10 16:25:30,Scheduled
1339,401339,2025-07-12 23:45:29,Scheduled
1340,401340,2025-07-11 11:31:07,Scheduled
1341,401341,2025-07-11 08:02:36,Scheduled
1342,401342,2025-07-10 20:03:11,Cancelled
1343,401343,2025-07-13 00:37:42,Scheduled
1344,401344,2025-07-12 22:19:40,Scheduled
1345,401345,2025-07-10 13:25:08,Scheduled
1346,401346,2025-07-11 12:01:01,Scheduled
1347,401347,2025-07-14 02:44:10,Scheduled
1348,401348,2025-07-09 20:25:59,Scheduled
1349,401349,2025-07-13 18:46:37,Scheduled
1350,401350,2025-07-08 19:04:05,Scheduled
1351,401351,2025-07-12 13:06:46,Scheduled
1352,401352,2025-07-09 12:15:40,Scheduled
1353,401353,2025-07-09 08:19:15,Scheduled
1354,401354,2025-07-13 14:13:19,Scheduled
1355,401355,2025-07-14 02:24:20,Scheduled
1356,401356,2025-07-13 00:45:16,Scheduled
1357,401357,2025-07-12 14:05:47,Scheduled
1358,401358,2025-07-13 02:47:36,Scheduled
1359,401359,2025-07-16 01:35:08,Scheduled
1360,401360,2025-07-12 06:34:16,Scheduled
1361,401361,2025-07-13 15:27:09,Scheduled
1362,401362,2025-07-10 18:51:10,Scheduled
1363,401363,2025-07-16 01:56:29,Scheduled
1364,401364,2025-07-12 07:15:22,Scheduled
1365,401365,2025-07-12 10:26:22,Scheduled
1366,401366,2025-07-11 08:49:51,Scheduled
1367,401367,2025-07-15 00:37:39,Scheduled
1368,401368,2025-07-12 12:19:40,Scheduled
1369,401369,2025-07-16 19:27:07,Scheduled
1370,401370,2025-07-16 01:53:46,Scheduled
1371,401371,2025-07-11 19:50:11,Scheduled
1372,401372,2025-07-13 22:46:01,Scheduled
1373,401373,2025-07-12 22:57:22,Scheduled
1374,401374,2025-07-16 10:47:57,Scheduled
1375,401375,2025-07-15 17:26:35,Scheduled
1376,401376,2025-07-14 00:01:08,Scheduled
1377,401377,2025-07-16 20:08:55,Scheduled
1378,401378,2025-07-14 13:12:37,Scheduled
1379,401379,2025-07-14 20:54:42,Scheduled
1380,401380,2025-07-12 19:00:36,Scheduled
1381,401381,2025-07-15 08:04:47,Scheduled
1382,401382,2025-07-17 07:11:25,Scheduled
1383,401383,2025-07-15 18:34:51,Scheduled
1384,401384,2025-07-12 18:55:22,Scheduled
1385,401385,2025-07-14 17:55:54,Scheduled
1386,401386,2025-07-15 19:23:08,Scheduled
1387,401387,2025-07-17 09:03:33,Scheduled
1388,401388,2025-07-16 04:56:06,Scheduled
1389,401389,2025-07-19 22:51:06,Scheduled
1390,401390,2025-07-17 20:13:59,Scheduled
1391,401391,2025-07-20 08:39:46,Scheduled
1392,401392,2025-07-18 04:56:43,Scheduled
1393,401393,2025-07-18 00:43:42,Scheduled
1394,401394,2025-07-17 10:22:33,Scheduled
1395,401395,2025-07-18 09:27:32,Scheduled
1396,401396,2025-07-18 21:00:23,Scheduled
1397,401397,2025-07-16 01:39:54,Scheduled
1398,401398,2025-07-15 15:11:14,Cancelled
1399,401399,2025-07-21 07:32:46,Scheduled
1400,401400,2025-07-19 21:13:00,Scheduled
1401,401401,2025-07-19 06:37:27,Scheduled
1402,401402,2025-07-18 17:20:13,Scheduled
1403,401403,2025-07-18 19:09:11,Scheduled
1404,401404,2025-07-18 04:21:59,Scheduled
1405,401405,2025-07-20 06:28:45,Scheduled
1406,401406,2025-07-18 05:35:46,Scheduled
1407,401407,2025-07-19 23:42:53,Scheduled
1408,401408,2025-07-19 06:58:24,Scheduled
1409,401409,2025-07-18 05:58:24,Scheduled
1410,401410,2025-07-20 23:04:39,Scheduled
1411,401411,2025-07-18 02:08:58,Scheduled
1412,401412,2025-07-19 10:29:24,Scheduled
1413,401413,2025-07-21 17:14:16,Scheduled
1414,401414,2025-07-20 14:39:09,Scheduled
1415,401415,2025-07-20 02:29:18,Scheduled
1416,401416,2025-07-19 11:35:36,Scheduled
1417,401417,2025-07-19 14:40:58,Scheduled
1418,401418,2025-07-22 01:25:15,Scheduled
1419,401419,2025-07-22 22:35:42,Scheduled
1420,401420,2025-07-23 21:31:39,Scheduled
1421,401421,2025-07-21 22:33:36,Scheduled
1422,401422,2025-07-21 23:35:24,Scheduled
1423,401423,2025-07-21 07:17:10,Scheduled
1424,401424,2025-07-24 02:12:06,Cancelled
1425,401425,2025-07-24 20:53:41,Scheduled
1426,401426,2025-07-24 11:08:52,Scheduled
1427,401427,2025-07-21 19:26:09,Scheduled
1428,401428,2025-07-23 19:48:33,Scheduled
1429,401429,2025-07-22 14:24:23,Scheduled
1430,401430,2025-07-27 07:04:28,Cancelled
1431,401431,2025-07-24 10:28:18,Scheduled
1432,401432,2025-07-23 04:02:13,Scheduled
1433,401433,2025-07-22 05:57:45,Scheduled
1434,401434,2025-07-24 11:45:10,Scheduled
1435,401435,2025-07-22 23:23:38,Scheduled
1436,401436,2025-07-26 13:51:48,Scheduled
1437,401437,2025-07-23 20:08:01,Cancelled
1438,401438,2025-07-25 20:35:09,Scheduled
1439,401439,2025-07-27 14:16:32,Scheduled
1440,401440,2025-07-24 16:57:34,Scheduled
1441,401441,2025-07-26 17:14:35,Scheduled
1442,401442,2025-07-27 00:34:46,Scheduled
1443,401443,2025-07-29 04:04:02,Scheduled
1444,401444,2025-07-27 12:46:01,Scheduled
1445,401445,2025-07-26 02:01:21,Cancelled
1446,401446,2025-07-24 01:49:47,Scheduled
1447,401447,2025-07-27 22:33:15,Scheduled
1448,401448,2025-07-27 08:08:17,Scheduled
1449,401449,2025-07-26 14:33:21,Scheduled
1450,401450,2025-07-28 19:19:24,Scheduled
1451,401451,2025-07-25 15:52:00,Scheduled
1452,401452,2025-07-29 18:28:30,Scheduled
1453,401453,2025-07-26 13:45:55,Scheduled
1454,401454,2025-07-24 21:10:33,Scheduled
1455,401455,2025-07-25 01:11:04,Scheduled
1456,401456,2025-07-28 01:18:24,Scheduled
1457,401457,2025-07-29 16:09:38,Scheduled
1458,401458,2025-07-28 06:15:28,Scheduled
1459,401459,2025-07-29 08:49:32,Scheduled
1460,401460,2025-07-28 06:36:41,Scheduled
1461,401461,2025-07-25 16:02:23,Scheduled
1462,401462,2025-07-28 01:05:03,Scheduled
1463,401463,2025-07-28 04:43:12,Scheduled
1464,401464,2025-07-28 06:21:24,Scheduled
1465,401465,2025-07-26 15:42:21,Scheduled
1466,401466,2025-07-28 03:37:43,Scheduled
1467,401467,2025-07-30 04:41:40,Scheduled
1468,401468,2025-07-28 16:25:15,Cancelled
1469,401469,2025-07-31 08:55:19,Scheduled
1470,401470,2025-07-28 16:38:08,Scheduled
1471,401471,2025-07-30 02:43:29,Cancelled
1472,401472,2025-07-29 03:06:32,Scheduled
1473,401473,2025-07-29 05:58:43,Scheduled
1474,401474,2025-07-31 11:45:57,Scheduled
1475,401475,2025-07-31 00:00:18,Scheduled
1476,401476,2025-07-31 00:09:03,Scheduled
1477,401477,2025-07-26 12:15:27,Scheduled
1478,401478,2025-07-30 02:18:03,Scheduled
1479,401479,2025-07-26 14:12:58,Scheduled
1480,401480,2025-07-28 04:24:58,Scheduled
1481,401481,2025-08-01 13:31:05,Scheduled
1482,401482,2025-07-29 01:40:33,Scheduled
1483,401483,2025-07-30 09:39:19,Cancelled
1484,401484,2025-07-27 16:15:16,Scheduled
1485,401485,2025-07-27 09:47:32,Scheduled
1486,401486,2025-07-31 20:24:17,Scheduled
1487,401487,2025-08-01 07:27:58,Scheduled
1488,401488,2025-07-28 05:52:32,Scheduled
1489,401489,2025-07-29 23:25:07,Scheduled
1490,401490,2025-07-28 07:37:15,Scheduled
1491,401491,2025-08-01 04:56:34,Scheduled
1492,401492,2025-08-02 15:20:52,Scheduled
1493,401493,2025-07-31 10:10:08,Scheduled
1494,401494,2025-08-01 13:22:33,Scheduled
1495,401495,2025-07-29 21:48:58,Scheduled
1496,401496,2025-07-30 23:25:47,Scheduled
1497,401497,2025-08-01 20:07:00,Scheduled
1498,401498,2025-07-30 12:01:17,Scheduled
1499,401499,2025-07-31 00:56:20,Scheduled
1500,401500,2025-08-02 19:15:42,Scheduled
1501,401501,2025-07-31 11:15:04,Scheduled
1502,401502,2025-07-29 16:24:57,Scheduled
1503,401503,2025-08-01 18:48:05,Scheduled
1504,401504,2025-07-30 23:08:50,Scheduled
1505,401505,2025-08-02 09:41:08,Scheduled
1506,401506,2025-08-01 14:40:06,Scheduled
1507,401507,2025-07-31 08:52:21,Scheduled
1508,401508,2025-08-04 07:58:04,Scheduled
1509,401509,2025-07-31 07:19:18,Scheduled
1510,401510,2025-08-02 06:36:16,Scheduled
1511,401511,2025-07-30 17:03:37,Scheduled
1512,401512,2025-08-03 22:09:58,Scheduled
1513,401513,2025-08-03 22:40:03,Scheduled
1514,401514,2025-07-30 10:15:22,Scheduled
1515,401515,2025-08-03 18:06:05,Scheduled
1516,401516,2025-08-02 18:41:07,Cancelled
1517,401517,2025-08-05 08:07:48,Scheduled
1518,401518,2025-07-31 05:38:36,Scheduled
1519,401519,2025-08-04 09:50:19,Scheduled
1520,401520,2025-08-02 17:38:27,Scheduled
1521,401521,2025-08-02 11:49:07,Scheduled
1522,401522,2025-08-02 00:09:54,Scheduled
1523,401523,2025-07-31 08:08:41,Scheduled
1524,401524,2025-08-02 15:45:15,Scheduled
1525,401525,2025-08-02 03:19:51,Scheduled
1526,401526,2025-08-06 01:27:06,Scheduled
1527,401527,2025-08-04 04:50:32,Scheduled
1528,401528,2025-08-06 14:37:46,Scheduled
1529,401529,2025-08-06 04:51:56,Scheduled
1530,401530,2025-08-07 02:59:01,Scheduled
1531,401531,2025-08-05 07:05:10,Scheduled
1532,401532,2025-08-01 20:26:20,Cancelled
1533,401533,2025-08-07 04:25:08,Scheduled
1534,401534,2025-08-04 05:51:33,Scheduled
1535,401535,2025-08-03 19:39:40,Scheduled
1536,401536,2025-08-05 02:22:49,Scheduled
1537,401537,2025-08-07 16:11:16,Scheduled
1538,401538,2025-08-03 16:32:34,Scheduled
1539,401539,2025-08-06 19:16:25,Scheduled
1540,401540,2025-08-04 07:21:55,Scheduled
1541,401541,2025-08-03 20:36:59,Scheduled
1542,401542,2025-08-05 20:23:33,Scheduled
1543,401543,2025-08-05 18:19:26,Scheduled
1544,401544,2025-08-07 19:42:26,Scheduled
1545,401545,2025-08-08 11:02:15,Scheduled
1546,401546,2025-08-08 17:59:01,Scheduled
1547,401547,2025-08-07 11:17:20,Scheduled
1548,401548,2025-08-06 03:43:28,Scheduled
1549,401549,2025-08-06 01:33:45,Scheduled
1550,401550,2025-08-07 19:36:56,Scheduled
1551,401551,2025-08-07 16:12:47,Scheduled
1552,401552,2025-08-07 21:22:19,Scheduled
1553,401553,2025-08-09 00:31:28,Scheduled
1554,401554,2025-08-05 15:18:27,Scheduled
1555,401555,2025-08-04 09:28:51,Scheduled
1556,401556,2025-08-08 09:57:05,Scheduled
1557,401557,2025-08-07 02:19:00,Scheduled
1558,401558,2025-08-05 04:51:30,Scheduled
1559,401559,2025-08-09 14:46:37,Scheduled
1560,401560,2025-08-10 01:16:06,Scheduled
1561,401561,2025-08-06 21:34:30,Scheduled
1562,401562,2025-08-05 10:39:24,Scheduled
1563,401563,2025-08-07 12:04:20,Scheduled
1564,401564,2025-08-06 18:43:45,Scheduled
1565,401565,2025-08-07 23:54:12,Cancelled
1566,401566,2025-08-08 09:12:09,Scheduled
1567,401567,2025-08-07 20:14:30,Scheduled
1568,401568,2025-08-06 00:22:30,Scheduled
1569,401569,2025-08-08 19:09:05,Scheduled
1570,401570,2025-08-09 18:21:09,Scheduled
1571,401571,2025-08-05 11:14:29,Scheduled
1572,401572,2025-08-08 16:02:18,Scheduled
1573,401573,2025-08-11 04:11:12,Scheduled
1574,401574,2025-08-07 23:58:54,Scheduled
1575,401575,2025-08-09 09:50:51,Scheduled
1576,401576,2025-08-06 05:54:04,Scheduled
1577,401577,2025-08-08 06:57:47,Scheduled
1578,401578,2025-08-07 22:17:46,Scheduled
1579,401579,2025-08-08 11:20:26,Scheduled
1580,401580,2025-08-06 22:44:31,Scheduled
1581,401581,2025-08-08 14:45:42,Scheduled
1582,401582,2025-08-11 09:21:10,Scheduled
1583,401583,2025-08-07 10:50:33,Scheduled
1584,401584,2025-08-07 01:27:58,Scheduled
1585,401585,2025-08-09 13:04:24,Scheduled
1586,401586,2025-08-09 05:59:19,Scheduled
1587,401587,2025-08-12 21:51:59,Scheduled
1588,401588,2025-08-10 08:48:18,Scheduled
1589,401589,2025-08-10 19:05:32,Scheduled
1590,401590,2025-08-10 09:40:23,Scheduled
1591,401591,2025-08-12 01:56:45,Scheduled
1592,401592,2025-08-10 10:43:12,Scheduled
1593,401593,2025-08-11 21:55:03,Scheduled
1594,401594,2025-08-13 18:19:05,Scheduled
1595,401595,2025-08-08 06:08:55,Scheduled
1596,401596,2025-08-12 06:24:03,Scheduled
1597,401597,2025-08-11 12:49:46,Scheduled
1598,401598,2025-08-11 19:04:28,Scheduled
1599,401599,2025-08-13 12:39:43,Scheduled
1600,401600,2025-08-08 20:16:55,Cancelled
1601,401601,2025-08-11 21:09:11,Scheduled
1602,401602,2025-08-08 16:39:12,Scheduled
1603,401603,2025-08-12 19:31:44,Scheduled
1604,401604,2025-08-12 17:50:56,Scheduled
1605,401605,2025-08-10 05:56:29,Cancelled
1606,401606,2025-08-13 01:44:33,Scheduled
1607,401607,2025-08-09 17:49:38,Scheduled
1608,401608,2025-08-13 22:01:46,Scheduled
1609,401609,2025-08-13 09:43:16,Scheduled
1610,401610,2025-08-12 13:03:44,Scheduled
1611,401611,2025-08-13 21:25:09,Scheduled
1612,401612,2025-08-10 11:36:30,Scheduled
1613,401613,2025-08-12 03:07:17,Scheduled
1614,401614,2025-08-10 07:13:08,Scheduled
1615,401615,2025-08-12 14:21:13,Scheduled
1616,401616,2025-08-11 06:54:28,Scheduled
1617,401617,2025-08-12 09:28:17,Scheduled
1618,401618,2025-08-11 07:17:51,Scheduled
1619,401619,2025-08-11 16:45:18,Scheduled
1620,401620,2025-08-16 03:01:26,Scheduled
1621,401621,2025-08-14 06:13:04,Scheduled
1622,401622,2025-08-15 09:35:00,Scheduled
1623,401623,2025-08-14 09:11:10,Scheduled
1624,401624,2025-08-12 11:51:40,Scheduled
1625,401625,2025-08-14 05:04:49,Scheduled
1626,401626,2025-08-11 11:06:14,Scheduled
1627,401627,2025-08-12 09:15:08,Scheduled
1628,401628,2025-08-16 00:21:17,Scheduled
1629,401629,2025-08-13 15:52:13,Scheduled
1630,401630,2025-08-13 20:56:55,Scheduled
1631,401631,2025-08-12 17:59:47,Scheduled
1632,401632,2025-08-18 03:13:06,Scheduled
1633,401633,2025-08-15 01:10:00,Scheduled
1634,401634,2025-08-17 16:43:42,Scheduled
1635,401635,2025-08-13 10:06:47,Scheduled
1636,401636,2025-08-18 16:21:16,Scheduled
1637,401637,2025-08-18 04:56:47,Scheduled
1638,401638,2025-08-15 22:18:54,Scheduled
1639,401639,2025-08-17 08:19:30,Scheduled
1640,401640,2025-08-13 13:15:54,Scheduled
1641,401641,2025-08-15 01:53:36,Scheduled
1642,401642,2025-08-18 00:52:57,Scheduled
1643,401643,2025-08-18 14:12:55,Scheduled
1644,401644,2025-08-18 07:18:50,Scheduled
1645,401645,2025-08-19 10:17:42,Scheduled
1646,401646,2025-08-17 14:38:07,Scheduled
1647,401647,2025-08-19 13:42:27,Scheduled
1648,401648,2025-08-19 05:48:31,Scheduled
1649,401649,2025-08-20 23:00:49,Scheduled
1650,401650,2025-08-16 04:15:38,Scheduled
1651,401651,2025-08-17 19:34:02,Scheduled
1652,401652,2025-08-16 20:25:19,Scheduled
1653,401653,2025-08-20 05:22:56,Scheduled
1654,401654,2025-08-18 03:47:13,Scheduled
1655,401655,2025-08-16 05:09:35,Scheduled
1656,401656,2025-08-17 00:53:58,Scheduled
1657,401657,2025-08-18 16:06:16,Scheduled
1658,401658,2025-08-21 17:22:35,Scheduled
1659,401659,2025-08-20 06:47:57,Scheduled
1660,401660,2025-08-17 22:12:05,Scheduled
1661,401661,2025-08-18 00:30:45,Scheduled
1662,401662,2025-08-19 19:39:08,Scheduled
1663,401663,2025-08-20 02:45:25,Scheduled
1664,401664,2025-08-18 13:07:32,Scheduled
1665,401665,2025-08-19 11:18:28,Scheduled
1666,401666,2025-08-23 00:43:36,Scheduled
1667,401667,2025-08-17 12:10:30,Scheduled
1668,401668,2025-08-19 04:32:04,Scheduled
1669,401669,2025-08-19 01:42:46,Scheduled
1670,401670,2025-08-23 03:20:42,Scheduled
1671,401671,2025-08-17 20:36:15,Scheduled
1672,401672,2025-08-19 19:02:47,Scheduled
1673,401673,2025-08-22 18:32:54,Scheduled
1674,401674,2025-08-22 04:11:06,Scheduled
1675,401675,2025-08-22 22:48:55,Scheduled
1676,401676,2025-08-19 12:08:03,Scheduled
1677,401677,2025-08-20 13:03:05,Scheduled
1678,401678,2025-08-20 21:00:33,Scheduled
1679,401679,2025-08-23 07:05:23,Scheduled
1680,401680,2025-08-20 20:14:13,Scheduled
1681,401681,2025-08-19 14:39:46,Scheduled
1682,401682,2025-08-24 09:08:20,Scheduled
1683,401683,2025-08-24 12:53:36,Scheduled
1684,401684,2025-08-25 01:28:52,Cancelled
1685,401685,2025-08-20 07:52:04,Scheduled
1686,401686,2025-08-25 12:14:41,Scheduled
1687,401687,2025-08-25 09:31:21,Scheduled
1688,401688,2025-08-20 21:17:40,Scheduled
1689,401689,2025-08-24 08:34:20,Scheduled
1690,401690,2025-08-25 23:51:47,Scheduled
1691,401691,2025-08-22 02:45:41,Scheduled
1692,401692,2025-08-25 19:34:34,Scheduled
1693,401693,2025-08-24 12:48:59,Cancelled
1694,401694,2025-08-20 23:34:57,Scheduled
1695,401695,2025-08-21 09:42:48,Scheduled
1696,401696,2025-08-23 21:57:08,Scheduled
1697,401697,2025-08-22 20:53:21,Scheduled
1698,401698,2025-08-26 06:31:19,Cancelled
1699,401699,2025-08-26 09:18:43,Cancelled
1700,401700,2025-08-24 14:51:54,Scheduled
1701,401701,2025-08-22 04:19:47,Scheduled
1702,401702,2025-08-24 11:26:58,Scheduled
1703,401703,2025-08-27 19:33:39,Scheduled
1704,401704,2025-08-25 00:35:27,Scheduled
1705,401705,2025-08-26 22:43:01,Scheduled
1706,401706,2025-08-24 14:27:39,Scheduled
1707,401707,2025-08-24 21:30:10,Scheduled
1708,401708,2025-08-25 23:59:48,Scheduled
1709,401709,2025-08-26 01:28:00,Scheduled
1710,401710,2025-08-28 06:49:38,Scheduled
1711,401711,2025-08-28 01:42:05,Cancelled
1712,401712,2025-08-29 10:26:25,Cancelled
1713,401713,2025-08-29 12:07:50,Scheduled
1714,401714,2025-08-29 04:47:52,Scheduled
1715,401715,2025-08-28 02:12:48,Scheduled
1716,401716,2025-08-24 22:16:17,Scheduled
1717,401717,2025-08-25 04:51:01,Scheduled
1718,401718,2025-08-24 20:56:32,Cancelled
1719,401719,2025-08-28 01:12:05,Scheduled
1720,401720,2025-08-30 07:26:34,Scheduled
1721,401721,2025-08-26 19:02:17,Scheduled
1722,401722,2025-08-28 13:48:37,Scheduled
1723,401723,2025-08-26 19:35:16,Scheduled
1724,401724,2025-08-25 10:40:30,Scheduled
1725,401725,2025-08-26 02:15:59,Scheduled
1726,401726,2025-08-31 01:25:09,Scheduled
1727,401727,2025-08-31 06:42:07,Scheduled
1728,401728,2025-08-30 11:03:11,Scheduled
1729,401729,2025-08-29 13:38:44,Scheduled
1730,401730,2025-08-29 21:40:13,Scheduled
1731,401731,2025-08-31 15:04:56,Scheduled
1732,401732,2025-08-29 04:19:18,Scheduled
1733,401733,2025-09-01 04:17:28,Cancelled
1734,401734,2025-08-30 07:03:51,Scheduled
1735,401735,2025-08-29 08:05:04,Scheduled
1736,401736,2025-08-28 03:15:00,Scheduled
1737,401737,2025-08-31 12:27:21,Scheduled
1738,401738,2025-08-28 00:21:00,Scheduled
1739,401739,2025-09-01 18:39:15,Scheduled
1740,401740,2025-09-01 22:53:44,Scheduled
1741,401741,2025-08-28 21:04:45,Scheduled
1742,401742,2025-09-01 07:00:08,Scheduled
1743,401743,2025-09-01 21:00:28,Scheduled
1744,401744,2025-09-01 00:27:39,Cancelled
1745,401745,2025-08-30 20:20:45,Scheduled
1746,401746,2025-08-31 03:49:12,Scheduled
1747,401747,2025-08-31 11:28:07,Scheduled
1748,401748,2025-08-28 23:23:32,Scheduled
1749,401749,2025-08-28 20:12:02,Scheduled
1750,401750,2025-08-29 17:08:06,Scheduled
1751,401751,2025-09-02 10:17:41,Scheduled
1752,401752,2025-09-03 10:55:01,Scheduled
1753,401753,2025-09-01 04:22:36,Scheduled
1754,401754,2025-08-29 06:47:27,Scheduled
1755,401755,2025-08-30 23:09:08,Scheduled
1756,401756,2025-09-01 06:23:08,Scheduled
1757,401757,2025-08-30 03:53:18,Scheduled
1758,401758,2025-09-01 23:53:35,Scheduled
1759,401759,2025-09-02 09:38:23,Scheduled
1760,401760,2025-09-01 00:48:16,Scheduled
1761,401761,2025-09-02 02:42:34,Scheduled
1762,401762,2025-09-03 13:13:07,Scheduled
1763,401763,2025-09-03 14:34:47,Cancelled
1764,401764,2025-09-01 01:31:33,Scheduled
1765,401765,2025-08-31 14:29:52,Scheduled
1766,401766,2025-09-05 01:26:42,Scheduled
1767,401767,2025-09-04 19:20:35,Scheduled
1768,401768,2025-09-05 18:30:11,Scheduled
1769,401769,2025-09-03 23:45:17,Scheduled
1770,401770,2025-09-02 21:07:48,Scheduled
1771,401771,2025-09-05 18:10:16,Scheduled
1772,401772,2025-09-04 19:14:08,Scheduled
1773,401773,2025-09-04 22:28:00,Scheduled
1774,401774,2025-09-05 23:07:32,Scheduled
1775,401775,2025-09-02 20:01:38,Scheduled
1776,401776,2025-09-06 15:08:19,Scheduled
1777,401777,2025-09-06 09:47:48,Scheduled
1778,401778,2025-09-02 00:49:59,Scheduled
1779,401779,2025-09-01 16:04:37,Scheduled
1780,401780,2025-09-05 10:24:33,Scheduled
1781,401781,2025-09-06 14:58:11,Scheduled
1782,401782,2025-09-03 04:40:22,Scheduled
1783,401783,2025-09-07 02:50:24,Scheduled
1784,401784,2025-09-07 23:07:59,Scheduled
1785,401785,2025-09-06 19:37:17,Cancelled
1786,401786,2025-09-02 22:53:33,Cancelled
1787,401787,2025-09-08 00:41:50,Scheduled
1788,401788,2025-09-07 05:03:18,Scheduled
1789,401789,2025-09-07 14:03:55,Scheduled
1790,401790,2025-09-03 06:42:10,Scheduled
1791,401791,2025-09-05 15:01:19,Scheduled
1792,401792,2025-09-07 02:20:59,Cancelled
1793,401793,2025-09-05 14:24:59,Scheduled
1794,401794,2025-09-04 04:12:12,Scheduled
1795,401795,2025-09-06 02:05:48,Scheduled
1796,401796,2025-09-07 10:21:32,Scheduled
1797,401797,2025-09-09 17:19:58,Scheduled
1798,401798,2025-09-07 17:54:44,Scheduled
1799,401799,2025-09-06 06:59:55,Scheduled
1800,401800,2025-09-09 18:20:10,Scheduled
1801,401801,2025-09-06 12:56:13,Scheduled
1802,401802,2025-09-05 13:27:38,Scheduled
1803,401803,2025-09-07 15:18:19,Cancelled
1804,401804,2025-09-06 17:36:58,Scheduled
1805,401805,2025-09-11 02:44:44,Scheduled
1806,401806,2025-09-09 00:08:38,Scheduled
1807,401807,2025-09-10 07:19:55,Scheduled
1808,401808,2025-09-10 15:00:56,Scheduled
1809,401809,2025-09-09 20:27:39,Scheduled
1810,401810,2025-09-09 05:34:08,Scheduled
1811,401811,2025-09-08 04:06:48,Scheduled
1812,401812,2025-09-07 16:27:58,Scheduled
1813,401813,2025-09-11 21:04:57,Scheduled
1814,401814,2025-09-11 13:52:11,Scheduled
1815,401815,2025-09-06 13:32:47,Scheduled
1816,401816,2025-09-11 12:31:43,Scheduled
1817,401817,2025-09-11 03:17:36,Scheduled
1818,401818,2025-09-09 16:57:15,Scheduled
1819,401819,2025-09-08 19:14:35,Scheduled
1820,401820,2025-09-07 19:09:32,Scheduled
1821,401821,2025-09-09 22:04:34,Cancelled
1822,401822,2025-09-09 11:59:49,Scheduled
1823,401823,2025-09-11 08:37:54,Scheduled
1824,401824,2025-09-13 01:47:05,Scheduled
1825,401825,2025-09-11 09:43:40,Cancelled
1826,401826,2025-09-11 09:30:47,Scheduled
1827,401827,2025-09-11 04:39:54,Scheduled
1828,401828,2025-09-09 21:55:11,Scheduled
1829,401829,2025-09-12 01:22:49,Scheduled
1830,401830,2025-09-13 10:15:48,Scheduled
1831,401831,2025-09-13 12:01:37,Scheduled
1832,401832,2025-09-10 00:39:30,Scheduled
1833,401833,2025-09-12 22:08:06,Scheduled
1834,401834,2025-09-11 17:23:18,Scheduled
1835,401835,2025-09-11 12:02:13,Scheduled
1836,401836,2025-09-11 05:05:49,Scheduled
1837,401837,2025-09-13 17:05:54,Scheduled
1838,401838,2025-09-14 09:28:15,Scheduled
1839,401839,2025-09-12 14:31:44,Scheduled
1840,401840,2025-09-15 22:49:53,Scheduled
1841,401841,2025-09-12 20:54:09,Scheduled
1842,401842,2025-09-11 21:06:36,Scheduled
1843,401843,2025-09-11 20:07:53,Scheduled
1844,401844,2025-09-16 16:21:21,Scheduled
1845,401845,2025-09-12 06:34:33,Scheduled
1846,401846,2025-09-15 19:54:35,Cancelled
1847,401847,2025-09-15 07:45:48,Scheduled
1848,401848,2025-09-14 18:03:11,Scheduled
1849,401849,2025-09-14 20:34:49,Scheduled
1850,401850,2025-09-14 03:15:24,Scheduled
1851,401851,2025-09-15 20:40:12,Scheduled
1852,401852,2025-09-11 21:16:30,Scheduled
1853,401853,2025-09-17 05:46:27,Scheduled
1854,401854,2025-09-14 20:10:28,Scheduled
1855,401855,2025-09-12 19:55:16,Scheduled
1856,401856,2025-09-15 18:20:39,Scheduled
1857,401857,2025-09-17 07:30:43,Scheduled
1858,401858,2025-09-13 16:51:54,Scheduled
1859,401859,2025-09-14 21:02:29,Scheduled
1860,401860,2025-09-16 20:00:07,Scheduled
1861,401861,2025-09-13 21:51:08,Scheduled
1862,401862,2025-09-17 12:35:34,Scheduled
1863,401863,2025-09-12 11:56:54,Scheduled
1864,401864,2025-09-16 10:45:39,Scheduled
1865,401865,2025-09-13 16:05:19,Scheduled
1866,401866,2025-09-17 03:42:20,Scheduled
1867,401867,2025-09-14 17:48:36,Scheduled
1868,401868,2025-09-18 07:05:43,Scheduled
1869,401869,2025-09-13 13:34:19,Scheduled
1870,401870,2025-09-17 13:34:48,Scheduled
1871,401871,2025-09-18 13:40:31,Scheduled
1872,401872,2025-09-18 02:48:36,Scheduled
1873,401873,2025-09-18 09:58:25,Scheduled
1874,401874,2025-09-14 13:27:30,Scheduled
1875,401875,2025-09-19 04:09:56,Scheduled
1876,401876,2025-09-16 23:57:55,Scheduled
1877,401877,2025-09-17 15:44:27,Scheduled
1878,401878,2025-09-18 13:14:45,Cancelled
1879,401879,2025-09-19 06:11:19,Scheduled
1880,401880,2025-09-15 16:47:47,Scheduled
1881,401881,2025-09-20 04:41:37,Scheduled
1882,401882,2025-09-18 16:53:16,Scheduled
1883,401883,2025-09-16 16:47:32,Scheduled
1884,401884,2025-09-16 14:27:14,Scheduled
1885,401885,2025-09-17 22:11:46,Scheduled
1886,401886,2025-09-17 21:02:40,Scheduled
1887,401887,2025-09-19 14:03:40,Scheduled
1888,401888,2025-09-19 02:05:54,Scheduled
1889,401889,2025-09-21 21:28:16,Scheduled
1890,401890,2025-09-17 23:27:59,Scheduled
1891,401891,2025-09-20 13:17:28,Scheduled
1892,401892,2025-09-17 01:25:02,Scheduled
1893,401893,2025-09-22 13:32:53,Scheduled
1894,401894,2025-09-21 11:02:55,Scheduled
1895,401895,2025-09-22 14:57:41,Scheduled
1896,401896,2025-09-19 21:11:27,Scheduled
1897,401897,2025-09-21 21:35:03,Scheduled
1898,401898,2025-09-18 10:56:24,Scheduled
1899,401899,2025-09-17 22:50:23,Scheduled
1900,401900,2025-09-20 02:06:13,Scheduled
1901,401901,2025-09-22 09:19:46,Scheduled
1902,401902,2025-09-18 11:39:47,Scheduled
1903,401903,2025-09-19 13:56:25,Scheduled
1904,401904,2025-09-23 00:36:31,Scheduled
1905,401905,2025-09-20 19:48:09,Scheduled
1906,401906,2025-09-24 01:18:59,Scheduled
1907,401907,2025-09-21 18:49:19,Scheduled
1908,401908,2025-09-21 08:29:13,Scheduled
1909,401909,2025-09-20 14:48:25,Scheduled
1910,401910,2025-09-21 22:25:33,Scheduled
1911,401911,2025-09-24 12:59:37,Cancelled
1912,401912,2025-09-22 18:29:43,Scheduled
1913,401913,2025-09-24 01:05:46,Scheduled
1914,401914,2025-09-25 16:22:50,Scheduled
1915,401915,2025-09-25 21:16:38,Scheduled
1916,401916,2025-09-23 00:38:48,Scheduled
1917,401917,2025-09-23 13:43:13,Scheduled
1918,401918,2025-09-20 23:49:44,Scheduled
1919,401919,2025-09-23 02:33:15,Scheduled
1920,401920,2025-09-21 15:34:38,Scheduled
1921,401921,2025-09-26 04:41:27,Cancelled
1922,401922,2025-09-23 08:55:10,Scheduled
1923,401923,2025-09-23 19:19:11,Scheduled
1924,401924,2025-09-24 16:50:24,Scheduled
1925,401925,2025-09-26 10:49:14,Scheduled
1926,401926,2025-09-22 08:51:32,Cancelled
1927,401927,2025-09-27 14:12:46,Scheduled
1928,401928,2025-09-22 21:54:01,Scheduled
1929,401929,2025-09-23 06:35:54,Scheduled
1930,401930,2025-09-24 07:12:02,Scheduled
1931,401931,2025-09-27 11:55:04,Scheduled
1932,401932,2025-09-26 04:32:02,Scheduled
1933,401933,2025-09-24 22:22:51,Scheduled
1934,401934,2025-09-27 20:45:21,Cancelled
1935,401935,2025-09-27 08:18:19,Scheduled
1936,401936,2025-09-23 16:46:24,Scheduled
1937,401937,2025-09-24 01:05:07,Cancelled
1938,401938,2025-09-28 04:54:17,Scheduled
1939,401939,2025-09-23 16:10:58,Scheduled
1940,401940,2025-09-24 04:14:19,Scheduled
1941,401941,2025-09-29 01:01:05,Scheduled
1942,401942,2025-09-25 05:41:56,Scheduled
1943,401943,2025-09-25 09:29:25,Scheduled
1944,401944,2025-09-27 10:51:14,Scheduled
1945,401945,2025-09-26 18:33:31,Scheduled
1946,401946,2025-09-26 04:56:39,Scheduled
1947,401947,2025-09-26 03:24:23,Scheduled
1948,401948,2025-09-28 11:05:10,Scheduled
1949,401949,2025-09-28 11:19:32,Scheduled
1950,401950,2025-09-27 15:02:30,Scheduled
1951,401951,2025-09-30 15:11:22,Scheduled
1952,401952,2025-09-27 23:22:48,Scheduled
1953,401953,2025-09-28 15:55:18,Scheduled
1954,401954,2025-09-26 20:18:52,Scheduled
1955,401955,2025-09-26 03:29:47,Scheduled
1956,401956,2025-09-27 06:35:21,Cancelled
1957,401957,2025-09-25 17:38:53,Scheduled
1958,401958,2025-09-25 11:40:30,Scheduled
1959,401959,2025-10-01 08:02:03,Scheduled
1960,401960,2025-09-28 06:15:34,Scheduled
1961,401961,2025-09-28 19:39:21,Scheduled
1962,401962,2025-09-27 02:19:46,Scheduled
1963,401963,2025-09-26 18:52:14,Scheduled
1964,401964,2025-09-27 17:54:19,Scheduled
1965,401965,2025-10-01 11:06:02,Scheduled
1966,401966,2025-10-01 20:39:34,Scheduled
1967,401967,2025-09-28 01:55:02,Scheduled
1968,401968,2025-09-27 01:27:30,Scheduled
1969,401969,2025-09-28 07:56:08,Scheduled
1970,401970,2025-09-26 16:49:30,Scheduled
1971,401971,2025-09-28 09:03:11,Scheduled
1972,401972,2025-09-27 03:14:53,Scheduled
1973,401973,2025-09-28 15:12:36,Cancelled
1974,401974,2025-09-30 11:08:29,Scheduled
1975,401975,2025-10-02 11:35:00,Scheduled
1976,401976,2025-09-29 18:53:06,Scheduled
1977,401977,2025-09-29 07:44:23,Scheduled
1978,401978,2025-09-28 11:07:38,Scheduled
1979,401979,2025-10-02 16:28:46,Scheduled
1980,401980,2025-09-30 08:45:16,Scheduled
1981,401981,2025-09-29 22:34:14,Scheduled
1982,401982,2025-10-03 08:13:03,Scheduled
1983,401983,2025-09-30 22:46:41,Scheduled
1984,401984,2025-10-04 14:45:53,Scheduled
1985,401985,2025-10-03 09:01:27,Scheduled
1986,401986,2025-10-02 07:16:36,Scheduled
1987,401987,2025-10-03 00:42:02,Scheduled
1988,401988,2025-10-04 07:26:09,Scheduled
1989,401989,2025-10-02 10:16:45,Scheduled
1990,401990,2025-09-30 20:38:09,Scheduled
1991,401991,2025-10-03 17:32:25,Scheduled
1992,401992,2025-10-04 14:09:04,Scheduled
1993,401993,2025-10-06 06:22:47,Scheduled
1994,401994,2025-10-05 20:37:38,Scheduled
1995,401995,2025-10-06 18:24:04,Scheduled
1996,401996,2025-10-05 07:29:10,Scheduled
1997,401997,2025-10-03 14:41:55,Scheduled
1998,401998,2025-10-06 19:09:56,Scheduled
1999,401999,2025-10-01 05:20:56,Scheduled
2000,402000,2025-10-04 22:05:11,Scheduled
2001,402001,2025-10-06 03:20:18,Cancelled
2002,402002,2025-10-02 19:17:18,Scheduled
2003,402003,2025-10-05 10:53:02,Scheduled
2004,402004,2025-10-06 22:08:21,Scheduled
2005,402005,2025-10-06 16:42:54,Scheduled
2006,402006,2025-10-07 18:44:20,Scheduled
2007,402007,2025-10-06 10:55:29,Scheduled
2008,402008,2025-10-03 16:47:21,Scheduled
2009,402009,2025-10-08 11:56:56,Scheduled
2010,402010,2025-10-05 05:51:35,Scheduled
2011,402011,2025-10-05 08:30:41,Scheduled
2012,402012,2025-10-08 02:31:22,Scheduled
2013,402013,2025-10-07 21:44:16,Scheduled
2014,402014,2025-10-08 21:18:07,Scheduled
2015,402015,2025-10-05 16:52:29,Scheduled
2016,402016,2025-10-05 23:07:54,Scheduled
2017,402017,2025-10-09 01:11:08,Scheduled
2018,402018,2025-10-04 21:53:08,Scheduled
2019,402019,2025-10-05 09:45:52,Scheduled
2020,402020,2025-10-07 16:51:20,Scheduled
2021,402021,2025-10-08 10:42:18,Scheduled
2022,402022,2025-10-09 00:02:33,Scheduled
2023,402023,2025-10-06 21:16:59,Cancelled
2024,402024,2025-10-07 11:45:28,Scheduled
2025,402025,2025-10-06 05:08:31,Scheduled
2026,402026,2025-10-09 15:05:33,Scheduled
2027,402027,2025-10-10 14:45:16,Scheduled
2028,402028,2025-10-05 12:03:44,Scheduled
2029,402029,2025-10-07 09:00:55,Scheduled
2030,402030,2025-10-07 16:30:40,Scheduled
2031,402031,2025-10-09 09:54:08,Scheduled
2032,402032,2025-10-08 03:15:55,Scheduled
2033,402033,2025-10-08 23:25:59,Scheduled
2034,402034,2025-10-06 10:31:34,Scheduled
2035,402035,2025-10-06 18:07:48,Scheduled
2036,402036,2025-10-08 23:36:59,Scheduled
2037,402037,2025-10-09 18:01:28,Scheduled
2038,402038,2025-10-10 05:16:49,Cancelled
2039,402039,2025-10-06 14:46:10,Scheduled
2040,402040,2025-10-09 22:04:56,Scheduled
2041,402041,2025-10-07 19:01:40,Scheduled
2042,402042,2025-10-07 08:48:25,Scheduled
2043,402043,2025-10-11 06:17:55,Scheduled
2044,402044,2025-10-10 00:25:48,Scheduled
2045,402045,2025-10-11 23:01:34,Scheduled
2046,402046,2025-10-09 19:48:23,Scheduled
2047,402047,2025-10-08 13:22:08,Scheduled
2048,402048,2025-10-12 16:59:39,Cancelled
2049,402049,2025-10-08 15:12:32,Scheduled
2050,402050,2025-10-09 18:35:41,Scheduled
2051,402051,2025-10-08 08:34:49,Scheduled
2052,402052,2025-10-07 22:25:07,Scheduled
2053,402053,2025-10-09 12:07:35,Scheduled
2054,402054,2025-10-13 09:50:56,Scheduled
2055,402055,2025-10-10 15:26:52,Scheduled
2056,402056,2025-10-13 14:56:16,Scheduled
2057,402057,2025-10-11 16:10:28,Scheduled
2058,402058,2025-10-09 07:56:17,Scheduled
2059,402059,2025-10-09 20:13:00,Scheduled
2060,402060,2025-10-09 16:33:03,Scheduled
2061,402061,2025-10-13 09:38:17,Scheduled
2062,402062,2025-10-11 03:08:32,Scheduled
2063,402063,2025-10-13 04:03:55,Scheduled
2064,402064,2025-10-10 22:08:21,Scheduled
2065,402065,2025-10-10 16:28:12,Scheduled
2066,402066,2025-10-11 08:24:32,Scheduled
2067,402067,2025-10-15 03:17:47,Scheduled
2068,402068,2025-10-12 19:49:43,Scheduled
2069,402069,2025-10-10 07:39:56,Scheduled
2070,402070,2025-10-11 23:26:32,Scheduled
2071,402071,2025-10-11 21:48:05,Scheduled
2072,402072,2025-10-15 11:28:15,Scheduled
2073,402073,2025-10-15 17:59:11,Scheduled
2074,402074,2025-10-14 09:40:45,Scheduled
2075,402075,2025-10-12 05:11:57,Scheduled
2076,402076,2025-10-15 05:58:20,Scheduled
2077,402077,2025-10-16 04:41:18,Scheduled
2078,402078,2025-10-11 15:30:59,Scheduled
2079,402079,2025-10-16 05:46:35,Scheduled
2080,402080,2025-10-16 06:49:41,Scheduled
2081,402081,2025-10-17 08:35:52,Scheduled
2082,402082,2025-10-17 01:37:39,Scheduled
2083,402083,2025-10-15 19:46:15,Cancelled
2084,402084,2025-10-13 16:36:45,Scheduled
2085,402085,2025-10-16 05:58:29,Scheduled
2086,402086,2025-10-16 23:30:41,Scheduled
2087,402087,2025-10-14 13:42:51,Scheduled
2088,402088,2025-10-16 07:09:41,Cancelled
2089,402089,2025-10-15 15:33:52,Scheduled
2090,402090,2025-10-13 03:32:59,Scheduled
2091,402091,2025-10-14 06:25:51,Scheduled
2092,402092,2025-10-14 23:49:53,Scheduled
2093,402093,2025-10-17 22:59:04,Scheduled
2094,402094,2025-10-13 05:58:45,Scheduled
2095,402095,2025-10-18 11:29:56,Scheduled
2096,402096,2025-10-14 10:29:12,Scheduled
2097,402097,2025-10-17 12:55:21,Scheduled
2098,402098,2025-10-13 10:48:59,Scheduled
2099,402099,2025-10-13 14:29:44,Scheduled
2100,402100,2025-10-17 10:57:42,Scheduled
2101,402101,2025-10-14 03:42:42,Scheduled
2102,402102,2025-10-16 18:59:51,Scheduled
2103,402103,2025-10-18 17:16:49,Scheduled
2104,402104,2025-10-17 16:05:36,Scheduled
2105,402105,2025-10-18 16:14:01,Scheduled
2106,402106,2025-10-18 23:30:47,Cancelled
2107,402107,2025-10-16 18:39:06,Scheduled
2108,402108,2025-10-17 22:57:38,Scheduled
2109,402109,2025-10-19 10:26:37,Scheduled
2110,402110,2025-10-18 23:35:58,Scheduled
2111,402111,2025-10-15 23:24:33,Scheduled
2112,402112,2025-10-19 19:32:57,Scheduled
2113,402113,2025-10-17 14:53:29,Cancelled
2114,402114,2025-10-18 03:46:43,Scheduled
2115,402115,2025-10-18 18:17:24,Scheduled
2116,402116,2025-10-18 00:44:21,Scheduled
2117,402117,2025-10-20 13:06:02,Cancelled
2118,402118,2025-10-18 02:14:13,Scheduled
2119,402119,2025-10-17 13:48:31,Scheduled
2120,402120,2025-10-17 20:23:43,Scheduled
2121,402121,2025-10-21 19:09:41,Scheduled
2122,402122,2025-10-18 08:05:48,Scheduled
2123,402123,2025-10-18 22:24:28,Scheduled
2124,402124,2025-10-19 13:06:45,Scheduled
2125,402125,2025-10-17 07:48:58,Scheduled
2126,402126,2025-10-16 21:00:53,Scheduled
2127,402127,2025-10-17 03:27:45,Scheduled
2128,402128,2025-10-22 15:11:19,Scheduled
2129,402129,2025-10-20 11:03:17,Scheduled
2130,402130,2025-10-18 09:43:11,Scheduled
2131,402131,2025-10-21 23:45:41,Scheduled
2132,402132,2025-10-20 21:10:02,Scheduled
2133,402133,2025-10-18 11:42:53,Scheduled
2134,402134,2025-10-21 22:19:22,Scheduled
2135,402135,2025-10-23 04:56:10,Scheduled
2136,402136,2025-10-21 08:27:35,Scheduled
2137,402137,2025-10-18 14:45:19,Scheduled
2138,402138,2025-10-23 20:09:36,Scheduled
2139,402139,2025-10-22 22:46:13,Scheduled
2140,402140,2025-10-23 11:56:04,Scheduled
2141,402141,2025-10-22 12:02:34,Scheduled
2142,402142,2025-10-23 23:23:44,Scheduled
2143,402143,2025-10-25 01:50:34,Scheduled
2144,402144,2025-10-21 10:35:33,Scheduled
2145,402145,2025-10-24 07:42:38,Scheduled
2146,402146,2025-10-22 20:42:37,Scheduled
2147,402147,2025-10-22 12:40:20,Scheduled
2148,402148,2025-10-23 07:29:33,Scheduled
2149,402149,2025-10-26 04:07:02,Scheduled
2150,402150,2025-10-23 04:08:29,Cancelled
2151,402151,2025-10-23 23:36:01,Scheduled
2152,402152,2025-10-22 14:56:38,Scheduled
2153,402153,2025-10-25 10:29:12,Scheduled
2154,402154,2025-10-22 22:04:06,Scheduled
2155,402155,2025-10-25 08:46:39,Scheduled
2156,402156,2025-10-25 17:02:46,Scheduled
2157,402157,2025-10-26 21:59:47,Scheduled
2158,402158,2025-10-22 04:24:41,Scheduled
2159,402159,2025-10-22 23:24:18,Cancelled
2160,402160,2025-10-23 04:40:52,Scheduled
2161,402161,2025-10-24 09:59:05,Scheduled
2162,402162,2025-10-27 04:37:15,Scheduled
2163,402163,2025-10-24 15:53:55,Scheduled
2164,402164,2025-10-25 10:13:53,Scheduled
2165,402165,2025-10-23 13:52:55,Scheduled
2166,402166,2025-10-23 04:57:13,Scheduled
2167,402167,2025-10-23 06:00:36,Scheduled
2168,402168,2025-10-27 20:11:12,Scheduled
2169,402169,2025-10-28 04:02:09,Scheduled
2170,402170,2025-10-23 21:11:52,Scheduled
2171,402171,2025-10-27 11:05:38,Scheduled
2172,402172,2025-10-27 14:31:44,Scheduled
2173,402173,2025-10-23 23:49:57,Scheduled
2174,402174,2025-10-24 18:16:23,Scheduled
2175,402175,2025-10-27 15:32:31,Scheduled
2176,402176,2025-10-24 16:22:31,Scheduled
2177,402177,2025-10-27 10:39:21,Scheduled
2178,402178,2025-10-29 08:43:22,Scheduled
2179,402179,2025-10-25 02:47:41,Scheduled
2180,402180,2025-10-26 10:56:22,Scheduled
2181,402181,2025-10-29 05:58:09,Scheduled
2182,402182,2025-10-25 03:45:14,Scheduled
2183,402183,2025-10-27 13:18:02,Scheduled
2184,402184,2025-10-25 16:52:30,Scheduled
2185,402185,2025-10-30 02:23:00,Scheduled
2186,402186,2025-10-25 09:48:05,Scheduled
2187,402187,2025-10-26 04:24:11,Scheduled
2188,402188,2025-10-25 13:43:02,Scheduled
2189,402189,2025-10-27 09:14:09,Scheduled
2190,402190,2025-10-29 22:32:31,Scheduled
2191,402191,2025-10-28 04:02:49,Cancelled
2192,402192,2025-10-30 10:57:45,Scheduled
2193,402193,2025-10-30 09:51:07,Scheduled
2194,402194,2025-10-30 17:07:32,Scheduled
2195,402195,2025-10-28 10:34:34,Scheduled
2196,402196,2025-10-27 09:49:54,Cancelled
2197,402197,2025-10-29 19:25:14,Scheduled
2198,402198,2025-10-27 03:45:52,Scheduled
2199,402199,2025-10-30 09:56:18,Scheduled
2200,402200,2025-10-28 03:56:47,Scheduled
2201,402201,2025-10-30 00:14:03,Scheduled
2202,402202,2025-10-29 00:11:50,Scheduled
2203,402203,2025-10-31 12:14:28,Scheduled
2204,402204,2025-10-31 14:10:43,Scheduled
2205,402205,2025-11-02 06:46:41,Scheduled
2206,402206,2025-11-02 04:50:23,Scheduled
2207,402207,2025-10-30 15:42:30,Scheduled
2208,402208,2025-10-31 22:09:00,Scheduled
2209,402209,2025-10-28 04:54:05,Scheduled
2210,402210,2025-10-28 12:56:45,Scheduled
2211,402211,2025-10-30 02:05:41,Scheduled
2212,402212,2025-10-30 15:52:14,Scheduled
2213,402213,2025-10-31 05:23:49,Scheduled
2214,402214,2025-11-02 12:26:29,Scheduled
2215,402215,2025-10-30 12:41:54,Scheduled
2216,402216,2025-11-02 15:15:07,Scheduled
2217,402217,2025-11-02 19:52:06,Scheduled
2218,402218,2025-10-30 12:11:50,Scheduled
2219,402219,2025-10-29 15:13:17,Scheduled
2220,402220,2025-10-29 07:49:50,Scheduled
2221,402221,2025-10-31 18:24:43,Scheduled
2222,402222,2025-11-02 03:19:37,Cancelled
2223,402223,2025-11-01 18:22:21,Scheduled
2224,402224,2025-10-30 11:41:59,Cancelled
2225,402225,2025-11-01 03:55:30,Scheduled
2226,402226,2025-11-03 11:38:33,Scheduled
2227,402227,2025-11-01 02:09:47,Cancelled
2228,402228,2025-11-01 17:34:47,Scheduled
2229,402229,2025-11-01 14:03:45,Scheduled
2230,402230,2025-11-01 13:05:38,Scheduled
2231,402231,2025-10-31 14:31:33,Scheduled
2232,402232,2025-10-31 16:17:59,Scheduled
2233,402233,2025-11-04 10:38:19,Scheduled
2234,402234,2025-11-01 05:41:15,Scheduled
2235,402235,2025-10-31 21:17:31,Cancelled
2236,402236,2025-11-03 23:15:14,Scheduled
2237,402237,2025-11-06 07:16:18,Scheduled
2238,402238,2025-11-05 15:16:29,Scheduled
2239,402239,2025-11-04 16:24:40,Scheduled
2240,402240,2025-11-02 16:08:10,Scheduled
2241,402241,2025-11-02 06:38:14,Scheduled
2242,402242,2025-11-04 14:48:01,Scheduled
2243,402243,2025-11-01 09:50:35,Scheduled
2244,402244,2025-11-02 02:39:24,Scheduled
2245,402245,2025-11-01 08:14:03,Scheduled
2246,402246,2025-11-05 16:32:58,Scheduled
2247,402247,2025-11-03 20:17:40,Scheduled
2248,402248,2025-11-05 06:28:45,Scheduled
2249,402249,2025-11-03 05:17:14,Scheduled
2250,402250,2025-11-05 11:37:23,Scheduled
2251,402251,2025-11-05 20:15:17,Scheduled
2252,402252,2025-11-03 05:35:09,Scheduled
2253,402253,2025-11-02 11:35:33,Scheduled
2254,402254,2025-11-07 01:31:51,Scheduled
2255,402255,2025-11-03 00:10:21,Scheduled
2256,402256,2025-11-04 23:02:28,Scheduled
2257,402257,2025-11-07 14:50:20,Scheduled
2258,402258,2025-11-08 16:09:41,Scheduled
2259,402259,2025-11-09 00:21:27,Scheduled
2260,402260,2025-11-05 18:49:44,Scheduled
2261,402261,2025-11-06 23:09:08,Scheduled
2262,402262,2025-11-05 02:56:29,Scheduled
2263,402263,2025-11-05 13:03:40,Scheduled
2264,402264,2025-11-04 10:01:28,Scheduled
2265,402265,2025-11-06 05:07:00,Scheduled
2266,402266,2025-11-05 06:30:51,Scheduled
2267,402267,2025-11-05 20:48:18,Scheduled
2268,402268,2025-11-08 02:12:25,Scheduled
2269,402269,2025-11-06 22:49:01,Scheduled
2270,402270,2025-11-10 00:18:27,Scheduled
2271,402271,2025-11-08 08:03:00,Scheduled
2272,402272,2025-11-06 03:25:06,Scheduled
2273,402273,2025-11-04 23:35:51,Scheduled
2274,402274,2025-11-06 20:58:53,Scheduled
2275,402275,2025-11-05 06:24:24,Scheduled
2276,402276,2025-11-07 15:34:24,Scheduled
2277,402277,2025-11-09 13:22:05,Scheduled
2278,402278,2025-11-09 19:00:14,Scheduled
2279,402279,2025-11-08 20:37:25,Scheduled
2280,402280,2025-11-07 21:01:40,Scheduled
2281,402281,2025-11-06 23:55:48,Scheduled
2282,402282,2025-11-06 04:35:12,Scheduled
2283,402283,2025-11-10 11:17:25,Scheduled
2284,402284,2025-11-10 01:00:50,Scheduled
2285,402285,2025-11-06 09:31:08,Scheduled
2286,402286,2025-11-07 03:31:58,Cancelled
2287,402287,2025-11-12 09:25:18,Scheduled
2288,402288,2025-11-07 02:46:39,Scheduled
2289,402289,2025-11-10 21:22:27,Scheduled
2290,402290,2025-11-11 09:52:09,Scheduled
2291,402291,2025-11-09 04:42:35,Scheduled
2292,402292,2025-11-07 23:50:54,Scheduled
2293,402293,2025-11-08 03:59:19,Scheduled
2294,402294,2025-11-13 18:36:32,Scheduled
2295,402295,2025-11-08 21:07:42,Cancelled
2296,402296,2025-11-09 18:26:09,Scheduled
2297,402297,2025-11-10 12:12:52,Scheduled
2298,402298,2025-11-13 09:25:26,Scheduled
2299,402299,2025-11-11 04:24:14,Scheduled
2300,402300,2025-11-13 20:46:39,Scheduled
2301,402301,2025-11-11 00:19:41,Scheduled
2302,402302,2025-11-13 15:13:37,Scheduled
2303,402303,2025-11-11 08:34:14,Scheduled
2304,402304,2025-11-09 08:59:53,Scheduled
2305,402305,2025-11-09 19:08:07,Scheduled
2306,402306,2025-11-10 18:31:27,Scheduled
2307,402307,2025-11-13 18:20:20,Scheduled
2308,402308,2025-11-11 04:47:16,Scheduled
2309,402309,2025-11-11 04:04:19,Scheduled
2310,402310,2025-11-12 07:04:53,Scheduled
2311,402311,2025-11-10 18:47:31,Scheduled
2312,402312,2025-11-11 02:01:41,Scheduled
2313,402313,2025-11-13 17:48:30,Scheduled
2314,402314,2025-11-15 17:14:17,Scheduled
2315,402315,2025-11-15 00:24:42,Scheduled
2316,402316,2025-11-14 09:43:45,Scheduled
2317,402317,2025-11-16 07:19:33,Scheduled
2318,402318,2025-11-14 13:43:03,Scheduled
2319,402319,2025-11-11 18:11:32,Scheduled
2320,402320,2025-11-12 17:16:39,Scheduled
2321,402321,2025-11-15 18:21:20,Scheduled
2322,402322,2025-11-12 12:43:02,Scheduled
2323,402323,2025-11-15 10:00:36,Cancelled
2324,402324,2025-11-13 12:16:13,Scheduled
2325,402325,2025-11-14 19:54:33,Scheduled
2326,402326,2025-11-12 09:47:12,Scheduled
2327,402327,2025-11-14 00:06:50,Scheduled
2328,402328,2025-11-15 20:55:18,Scheduled
2329,402329,2025-11-14 17:49:19,Scheduled
2330,402330,2025-11-16 10:04:07,Scheduled
2331,402331,2025-11-16 17:02:46,Scheduled
2332,402332,2025-11-16 12:08:26,Scheduled
2333,402333,2025-11-14 06:32:29,Scheduled
2334,402334,2025-11-15 20:21:31,Scheduled
2335,402335,2025-11-14 02:03:59,Scheduled
2336,402336,2025-11-18 06:38:17,Scheduled
2337,402337,2025-11-14 21:09:57,Scheduled
2338,402338,2025-11-18 00:03:04,Scheduled
2339,402339,2025-11-16 10:39:36,Scheduled
2340,402340,2025-11-17 20:33:28,Scheduled
2341,402341,2025-11-17 23:41:38,Scheduled
2342,402342,2025-11-17 20:37:02,Scheduled
2343,402343,2025-11-17 06:33:24,Scheduled
2344,402344,2025-11-18 16:49:19,Scheduled
2345,402345,2025-11-18 00:34:09,Scheduled
2346,402346,2025-11-15 04:39:50,Scheduled
2347,402347,2025-11-18 04:03:14,Scheduled
2348,402348,2025-11-16 13:36:09,Scheduled
2349,402349,2025-11-18 21:05:57,Cancelled
2350,402350,2025-11-19 19:50:55,Scheduled
2351,402351,2025-11-21 00:42:36,Scheduled
2352,402352,2025-11-21 04:18:05,Scheduled
2353,402353,2025-11-22 00:42:58,Scheduled
2354,402354,2025-11-17 11:29:30,Scheduled
2355,402355,2025-11-16 19:44:13,Scheduled
2356,402356,2025-11-20 10:34:58,Scheduled
2357,402357,2025-11-21 07:44:53,Scheduled
2358,402358,2025-11-21 17:57:13,Scheduled
2359,402359,2025-11-22 02:38:21,Cancelled
2360,402360,2025-11-20 12:44:46,Scheduled
2361,402361,2025-11-22 17:57:22,Scheduled
2362,402362,2025-11-19 20:08:59,Scheduled
2363,402363,2025-11-21 00:19:45,Scheduled
2364,402364,2025-11-19 15:38:23,Scheduled
2365,402365,2025-11-18 09:40:34,Scheduled
2366,402366,2025-11-23 06:50:50,Scheduled
2367,402367,2025-11-19 19:09:38,Scheduled
2368,402368,2025-11-22 22:23:03,Scheduled
2369,402369,2025-11-19 19:39:21,Scheduled
2370,402370,2025-11-21 03:01:45,Scheduled
2371,402371,2025-11-21 14:43:33,Cancelled
2372,402372,2025-11-23 17:56:54,Scheduled
2373,402373,2025-11-19 06:17:49,Scheduled
2374,402374,2025-11-21 15:39:56,Scheduled
2375,402375,2025-11-25 01:33:19,Scheduled
2376,402376,2025-11-19 13:10:09,Scheduled
2377,402377,2025-11-23 02:13:59,Scheduled
2378,402378,2025-11-24 22:24:54,Scheduled
2379,402379,2025-11-22 06:03:27,Scheduled
2380,402380,2025-11-25 10:21:16,Scheduled
2381,402381,2025-11-24 13:15:56,Cancelled
2382,402382,2025-11-22 02:42:16,Scheduled
2383,402383,2025-11-25 12:54:07,Scheduled
2384,402384,2025-11-24 21:36:52,Scheduled
2385,402385,2025-11-22 05:51:45,Scheduled
2386,402386,2025-11-24 20:34:37,Scheduled
2387,402387,2025-11-22 15:44:33,Scheduled
2388,402388,2025-11-26 04:15:29,Scheduled
2389,402389,2025-11-24 23:21:15,Scheduled
2390,402390,2025-11-22 21:09:41,Scheduled
2391,402391,2025-11-24 03:21:49,Scheduled
2392,402392,2025-11-23 19:01:12,Scheduled
2393,402393,2025-11-27 04:46:28,Scheduled
2394,402394,2025-11-28 04:54:57,Scheduled
2395,402395,2025-11-23 09:13:21,Scheduled
2396,402396,2025-11-27 04:31:04,Scheduled
2397,402397,2025-11-22 22:06:47,Scheduled
2398,402398,2025-11-28 03:09:08,Scheduled
2399,402399,2025-11-24 03:40:33,Scheduled
2400,402400,2025-11-28 06:55:37,Scheduled
2401,402401,2025-11-28 03:32:40,Scheduled
2402,402402,2025-11-23 23:26:27,Scheduled
2403,402403,2025-11-27 18:43:17,Cancelled
2404,402404,2025-11-26 18:18:43,Scheduled
2405,402405,2025-11-29 00:35:32,Scheduled
2406,402406,2025-11-26 00:04:13,Scheduled
2407,402407,2025-11-28 11:21:44,Scheduled
2408,402408,2025-11-24 16:59:40,Scheduled
2409,402409,2025-11-29 00:06:07,Scheduled
2410,402410,2025-11-26 19:12:55,Scheduled
2411,402411,2025-11-27 09:52:25,Scheduled
2412,402412,2025-11-30 04:10:55,Scheduled
2413,402413,2025-11-29 07:49:51,Scheduled
2414,402414,2025-11-28 13:54:17,Scheduled
2415,402415,2025-11-28 19:31:49,Scheduled
2416,402416,2025-11-27 09:03:15,Scheduled
2417,402417,2025-11-27 12:33:09,Scheduled
2418,402418,2025-11-29 22:43:06,Scheduled
2419,402419,2025-11-29 12:51:14,Scheduled
2420,402420,2025-11-25 14:02:26,Scheduled
2421,402421,2025-11-27 05:09:38,Scheduled
2422,402422,2025-11-26 06:50:56,Scheduled
2423,402423,2025-11-27 17:36:19,Scheduled
2424,402424,2025-11-26 14:54:55,Scheduled
2425,402425,2025-12-01 14:01:46,Scheduled
2426,402426,2025-11-29 04:32:35,Scheduled
2427,402427,2025-11-28 11:28:41,Scheduled
2428,402428,2025-12-02 22:46:56,Scheduled
2429,402429,2025-11-30 15:33:27,Scheduled
2430,402430,2025-12-01 07:30:51,Scheduled
2431,402431,2025-11-28 22:03:24,Scheduled
2432,402432,2025-11-29 20:46:42,Scheduled
2433,402433,2025-11-29 21:28:12,Scheduled
2434,402434,2025-11-28 18:59:06,Cancelled
2435,402435,2025-12-04 03:42:18,Scheduled
2436,402436,2025-12-03 03:08:53,Scheduled
2437,402437,2025-12-02 20:50:58,Scheduled
2438,402438,2025-11-30 11:47:38,Scheduled
2439,402439,2025-12-03 18:43:01,Scheduled
2440,402440,2025-12-01 13:06:41,Scheduled
2441,402441,2025-12-02 07:14:46,Scheduled
2442,402442,2025-11-29 22:18:59,Scheduled
2443,402443,2025-11-29 19:22:56,Scheduled
2444,402444,2025-12-03 20:57:06,Scheduled
2445,402445,2025-12-04 20:32:36,Scheduled
2446,402446,2025-12-04 22:58:57,Scheduled
2447,402447,2025-12-01 06:33:34,Scheduled
2448,402448,2025-12-05 14:30:35,Scheduled
2449,402449,2025-12-02 09:01:49,Scheduled
2450,402450,2025-12-05 23:14:58,Scheduled
2451,402451,2025-12-01 18:36:10,Scheduled
2452,402452,2025-12-05 18:30:02,Scheduled
2453,402453,2025-12-06 13:31:45,Scheduled
2454,402454,2025-12-02 10:57:20,Scheduled
2455,402455,2025-12-01 02:00:31,Cancelled
2456,402456,2025-12-04 03:13:52,Scheduled
2457,402457,2025-12-04 06:15:55,Scheduled
2458,402458,2025-12-01 19:16:22,Scheduled
2459,402459,2025-12-02 10:32:37,Cancelled
2460,402460,2025-12-03 03:56:17,Scheduled
2461,402461,2025-12-04 11:00:09,Scheduled
2462,402462,2025-12-02 22:31:30,Scheduled
2463,402463,2025-12-05 17:03:29,Scheduled
2464,402464,2025-12-07 07:51:51,Scheduled
2465,402465,2025-12-04 05:42:34,Scheduled
2466,402466,2025-12-02 19:28:01,Scheduled
2467,402467,2025-12-05 04:49:09,Scheduled
2468,402468,2025-12-07 02:09:52,Scheduled
2469,402469,2025-12-05 04:52:50,Scheduled
2470,402470,2025-12-07 01:00:26,Scheduled
2471,402471,2025-12-09 07:24:21,Scheduled
2472,402472,2025-12-06 02:57:10,Cancelled
2473,402473,2025-12-07 00:45:21,Scheduled
2474,402474,2025-12-07 07:22:57,Scheduled
2475,402475,2025-12-07 19:59:51,Cancelled
2476,402476,2025-12-04 07:22:41,Scheduled
2477,402477,2025-12-08 20:20:02,Scheduled
2478,402478,2025-12-07 10:33:05,Scheduled
2479,402479,2025-12-07 16:35:04,Scheduled
2480,402480,2025-12-05 21:40:26,Scheduled
2481,402481,2025-12-08 04:48:28,Scheduled
2482,402482,2025-12-08 01:45:52,Scheduled
2483,402483,2025-12-07 17:04:51,Scheduled
2484,402484,2025-12-05 16:27:28,Scheduled
2485,402485,2025-12-09 18:52:13,Scheduled
2486,402486,2025-12-10 09:26:37,Scheduled
2487,402487,2025-12-09 17:49:22,Scheduled
2488,402488,2025-12-07 04:22:04,Scheduled
2489,402489,2025-12-06 07:41:35,Scheduled
2490,402490,2025-12-12 00:28:05,Scheduled
2491,402491,2025-12-11 22:56:48,Scheduled
2492,402492,2025-12-10 18:08:55,Scheduled
2493,402493,2025-12-10 04:41:27,Scheduled
2494,402494,2025-12-09 00:38:25,Scheduled
2495,402495,2025-12-10 16:16:56,Scheduled
2496,402496,2025-12-09 20:26:03,Scheduled
2497,402497,2025-12-09 17:52:56,Cancelled
2498,402498,2025-12-11 03:06:38,Scheduled
2499,402499,2025-12-12 01:46:38,Scheduled
2500,402500,2025-12-11 12:18:42,Scheduled
2501,402501,2025-12-08 23:46:23,Scheduled
2502,402502,2025-12-10 00:25:23,Scheduled
2503,402503,2025-12-10 23:11:00,Scheduled
2504,402504,2025-12-11 03:14:54,Scheduled
2505,402505,2025-12-12 13:05:22,Scheduled
2506,402506,2025-12-09 08:29:08,Scheduled
2507,402507,2025-12-11 05:47:21,Scheduled
2508,402508,2025-12-11 00:01:27,Scheduled
2509,402509,2025-12-11 11:43:13,Scheduled
2510,402510,2025-12-12 02:08:15,Scheduled
2511,402511,2025-12-10 07:16:59,Scheduled
2512,402512,2025-12-12 21:23:09,Scheduled
2513,402513,2025-12-10 05:45:07,Scheduled
2514,402514,2025-12-08 21:49:06,Scheduled
2515,402515,2025-12-09 07:19:28,Cancelled
2516,402516,2025-12-11 01:32:09,Scheduled
2517,402517,2025-12-09 13:01:11,Scheduled
2518,402518,2025-12-09 22:08:00,Scheduled
2519,402519,2025-12-14 08:07:35,Cancelled
2520,402520,2025-12-13 10:13:30,Cancelled
2521,402521,2025-12-14 21:53:14,Scheduled
2522,402522,2025-12-14 21:16:53,Scheduled
2523,402523,2025-12-15 17:31:15,Scheduled
2524,402524,2025-12-13 23:29:28,Scheduled
2525,402525,2025-12-12 14:52:10,Scheduled
2526,402526,2025-12-16 06:26:46,Scheduled
2527,402527,2025-12-11 19:13:24,Scheduled
2528,402528,2025-12-14 22:54:14,Scheduled
2529,402529,2025-12-13 18:13:34,Scheduled
2530,402530,2025-12-12 11:46:09,Scheduled
2531,402531,2025-12-13 09:54:52,Cancelled
2532,402532,2025-12-14 13:44:38,Scheduled
2533,402533,2025-12-13 12:24:21,Scheduled
2534,402534,2025-12-17 13:09:09,Scheduled
2535,402535,2025-12-15 07:18:22,Scheduled
2536,402536,2025-12-15 20:38:20,Scheduled
2537,402537,2025-12-15 12:39:15,Scheduled
2538,402538,2025-12-14 08:02:57,Scheduled
2539,402539,2025-12-12 16:15:25,Scheduled
2540,402540,2025-12-13 12:40:04,Scheduled
2541,402541,2025-12-12 07:59:21,Scheduled
2542,402542,2025-12-13 08:21:54,Scheduled
2543,402543,2025-12-18 09:14:51,Scheduled
2544,402544,2025-12-16 11:19:42,Scheduled
2545,402545,2025-12-15 07:33:13,Scheduled
2546,402546,2025-12-18 02:13:08,Scheduled
2547,402547,2025-12-18 07:24:02,Scheduled
2548,402548,2025-12-14 17:44:47,Scheduled
2549,402549,2025-12-17 07:30:13,Scheduled
2550,402550,2025-12-17 12:44:55,Scheduled
2551,402551,2025-12-15 20:10:09,Scheduled
2552,402552,2025-12-15 04:11:17,Scheduled
2553,402553,2025-12-14 23:03:46,Scheduled
2554,402554,2025-12-18 01:06:56,Scheduled
2555,402555,2025-12-15 01:59:53,Scheduled
2556,402556,2025-12-19 17:26:31,Scheduled
2557,402557,2025-12-14 11:38:07,Scheduled
2558,402558,2025-12-17 04:42:42,Scheduled
2559,402559,2025-12-16 20:39:09,Scheduled
2560,402560,2025-12-17 22:41:20,Scheduled
2561,402561,2025-12-15 16:01:06,Scheduled
2562,402562,2025-12-17 20:42:17,Scheduled
2563,402563,2025-12-20 12:33:23,Scheduled
2564,402564,2025-12-16 14:55:46,Scheduled
2565,402565,2025-12-17 20:47:18,Scheduled
2566,402566,2025-12-16 20:02:34,Scheduled
2567,402567,2025-12-19 12:15:10,Scheduled
2568,402568,2025-12-17 11:45:23,Scheduled
2569,402569,2025-12-19 10:03:23,Scheduled
2570,402570,2025-12-16 20:23:47,Scheduled
2571,402571,2025-12-17 06:33:16,Scheduled
2572,402572,2025-12-21 05:28:03,Scheduled
2573,402573,2025-12-17 22:24:25,Scheduled
2574,402574,2025-12-16 19:18:37,Scheduled
2575,402575,2025-12-18 06:53:05,Scheduled
2576,402576,2025-12-17 20:15:35,Scheduled
2577,402577,2025-12-19 18:09:42,Scheduled
2578,402578,2025-12-21 21:42:51,Scheduled
2579,402579,2025-12-19 23:52:16,Scheduled
2580,402580,2025-12-18 03:45:38,Cancelled
2581,402581,2025-12-19 21:58:02,Scheduled
2582,402582,2025-12-20 07:58:22,Scheduled
2583,402583,2025-12-22 01:45:06,Scheduled
2584,402584,2025-12-21 16:41:40,Scheduled
2585,402585,2025-12-21 05:59:28,Scheduled
2586,402586,2025-12-21 07:21:58,Scheduled
2587,402587,2025-12-18 16:26:40,Scheduled
2588,402588,2025-12-20 02:32:29,Scheduled
2589,402589,2025-12-22 21:29:23,Scheduled
2590,402590,2025-12-21 22:00:32,Scheduled
2591,402591,2025-12-18 10:28:34,Scheduled
2592,402592,2025-12-23 06:49:41,Scheduled
2593,402593,2025-12-22 02:31:54,Scheduled
2594,402594,2025-12-23 08:06:46,Scheduled
2595,402595,2025-12-22 23:03:15,Scheduled
2596,402596,2025-12-24 09:05:12,Scheduled
2597,402597,2025-12-24 17:12:49,Scheduled
2598,402598,2025-12-21 21:24:57,Scheduled
2599,402599,2025-12-20 00:58:09,Scheduled
2600,402600,2025-12-23 21:06:45,Scheduled
2601,402601,2025-12-23 20:56:50,Scheduled
2602,402602,2025-12-23 23:05:55,Scheduled
2603,402603,2025-12-24 08:30:47,Scheduled
2604,402604,2025-12-20 17:32:00,Scheduled
2605,402605,2025-12-23 22:01:31,Scheduled
2606,402606,2025-12-24 06:18:51,Scheduled
2607,402607,2025-12-25 06:06:21,Scheduled
2608,402608,2025-12-24 20:25:11,Scheduled
2609,402609,2025-12-21 13:06:07,Scheduled
2610,402610,2025-12-23 10:47:31,Scheduled
2611,402611,2025-12-20 09:50:38,Scheduled
2612,402612,2025-12-25 15:53:39,Scheduled
2613,402613,2025-12-24 03:52:56,Scheduled
2614,402614,2025-12-24 01:20:18,Scheduled
2615,402615,2025-12-23 17:44:32,Scheduled
2616,402616,2025-12-22 22:03:39,Cancelled
2617,402617,2025-12-25 21:21:33,Scheduled
2618,402618,2025-12-26 10:06:55,Scheduled
2619,402619,2025-12-24 01:51:46,Scheduled
2620,402620,2025-12-27 10:23:34,Scheduled
2621,402621,2025-12-21 22:13:06,Scheduled
2622,402622,2025-12-27 12:24:58,Scheduled
2623,402623,2025-12-27 02:33:28,Scheduled
2624,402624,2025-12-24 04:07:51,Scheduled
2625,402625,2025-12-28 11:43:07,Scheduled
2626,402626,2025-12-26 12:58:56,Scheduled
2627,402627,2025-12-28 05:06:24,Scheduled
2628,402628,2025-12-24 14:42:48,Scheduled
2629,402629,2025-12-25 22:48:57,Scheduled
2630,402630,2025-12-27 13:33:27,Scheduled
2631,402631,2025-12-27 10:32:36,Scheduled
2632,402632,2025-12-23 14:53:29,Scheduled
2633,402633,2025-12-26 13:46:50,Scheduled
2634,402634,2025-12-29 15:23:25,Scheduled
2635,402635,2025-12-26 15:13:00,Scheduled
2636,402636,2025-12-26 03:35:25,Scheduled
2637,402637,2025-12-24 06:36:42,Cancelled
2638,402638,2025-12-24 17:50:06,Scheduled
2639,402639,2025-12-30 04:22:40,Scheduled
2640,402640,2025-12-29 13:36:10,Scheduled
2641,402641,2025-12-27 03:02:23,Scheduled
2642,402642,2025-12-28 15:48:16,Scheduled
2643,402643,2025-12-30 10:26:24,Scheduled
2644,402644,2025-12-30 08:58:43,Scheduled
2645,402645,2025-12-29 18:13:46,Scheduled
2646,402646,2025-12-29 15:51:45,Scheduled
2647,402647,2025-12-27 16:31:16,Scheduled
2648,402648,2025-12-25 18:12:19,Scheduled
2649,402649,2025-12-25 20:25:58,Scheduled
2650,402650,2025-12-27 22:09:39,Scheduled
2651,402651,2025-12-30 09:55:14,Scheduled
2652,402652,2025-12-31 06:03:18,Scheduled
2653,402653,2025-12-30 04:32:12,Scheduled
2654,402654,2025-12-27 18:20:25,Scheduled
2655,402655,2025-12-28 05:10:42,Scheduled
2656,402656,2025-12-30 18:38:41,Scheduled
2657,402657,2025-12-26 19:15:49,Scheduled
2658,402658,2025-12-28 12:54:39,Scheduled
2659,402659,2025-12-30 09:15:58,Scheduled
2660,402660,2025-12-29 11:09:02,Scheduled
2661,402661,2025-12-27 23:43:52,Scheduled
2662,402662,2025-12-26 18:10:38,Scheduled
2663,402663,2025-12-27 13:44:41,Scheduled
2664,402664,2025-12-31 04:19:58,Scheduled
2665,402665,2025-12-30 12:00:17,Scheduled
2666,402666,2025-12-31 09:39:36,Cancelled
2667,402667,2026-01-01 00:54:49,Scheduled
2668,402668,2025-12-27 20:25:59,Scheduled
2669,402669,2025-12-30 20:34:02,Scheduled
2670,402670,2025-12-27 18:59:00,Scheduled
2671,402671,2025-12-30 14:01:24,Scheduled
2672,402672,2025-12-27 17:56:52,Scheduled
2673,402673,2025-12-27 17:57:59,Scheduled
2674,402674,2026-01-02 00:57:07,Scheduled
2675,402675,2026-01-01 20:33:29,Scheduled
2676,402676,2025-12-30 11:48:46,Scheduled
2677,402677,2026-01-01 16:22:22,Scheduled
2678,402678,2025-12-30 17:14:33,Cancelled
2679,402679,2026-01-03 11:19:17,Scheduled
2680,402680,2025-12-31 14:45:05,Scheduled
2681,402681,2025-12-31 02:54:51,Scheduled
2682,402682,2025-12-29 11:08:51,Scheduled
2683,402683,2026-01-02 06:15:30,Scheduled
2684,402684,2025-12-29 20:30:36,Scheduled
2685,402685,2026-01-03 22:06:28,Scheduled
2686,402686,2025-12-30 14:09:42,Scheduled
2687,402687,2026-01-03 05:26:50,Scheduled
2688,402688,2026-01-01 19:25:19,Scheduled
2689,402689,2025-12-31 23:43:20,Scheduled
2690,402690,2026-01-03 04:56:17,Scheduled
2691,402691,2025-12-31 05:44:26,Scheduled
2692,402692,2025-12-30 23:35:23,Scheduled
2693,402693,2026-01-01 04:43:28,Scheduled
2694,402694,2026-01-03 09:24:24,Cancelled
2695,402695,2026-01-05 12:14:08,Scheduled
2696,402696,2026-01-04 22:17:06,Scheduled
2697,402697,2026-01-01 21:20:29,Scheduled
2698,402698,2026-01-01 02:53:26,Scheduled
2699,402699,2026-01-02 06:44:40,Scheduled
2700,402700,2026-01-04 12:57:18,Scheduled
2701,402701,2026-01-01 22:40:58,Scheduled
2702,402702,2026-01-03 18:20:40,Scheduled
2703,402703,2026-01-03 12:40:03,Scheduled
2704,402704,2026-01-06 10:30:55,Scheduled
2705,402705,2026-01-06 23:17:02,Scheduled
2706,402706,2026-01-01 17:15:30,Scheduled
2707,402707,2026-01-06 12:31:43,Cancelled
2708,402708,2026-01-04 17:09:12,Scheduled
2709,402709,2026-01-01 15:04:22,Scheduled
2710,402710,2026-01-06 16:22:54,Scheduled
2711,402711,2026-01-01 23:22:03,Scheduled
2712,402712,2026-01-07 11:00:18,Scheduled
2713,402713,2026-01-03 09:29:20,Scheduled
2714,402714,2026-01-02 18:33:11,Scheduled
2715,402715,2026-01-05 04:55:39,Scheduled
2716,402716,2026-01-02 08:46:17,Scheduled
2717,402717,2026-01-02 16:18:51,Scheduled
2718,402718,2026-01-06 21:46:48,Scheduled
2719,402719,2026-01-03 21:28:35,Scheduled
2720,402720,2026-01-08 07:21:17,Scheduled
2721,402721,2026-01-04 05:50:45,Scheduled
2722,402722,2026-01-05 21:01:29,Scheduled
2723,402723,2026-01-02 22:45:11,Scheduled
2724,402724,2026-01-06 15:26:45,Scheduled
2725,402725,2026-01-08 00:57:13,Scheduled
2726,402726,2026-01-07 10:42:48,Scheduled
2727,402727,2026-01-03 16:31:58,Scheduled
2728,402728,2026-01-03 06:16:34,Scheduled
2729,402729,2026-01-07 06:55:08,Scheduled
2730,402730,2026-01-08 23:34:55,Scheduled
2731,402731,2026-01-08 05:25:33,Scheduled
2732,402732,2026-01-04 00:45:12,Scheduled
2733,402733,2026-01-06 19:45:24,Cancelled
2734,402734,2026-01-08 12:30:46,Scheduled
2735,402735,2026-01-06 03:34:50,Scheduled
2736,402736,2026-01-06 21:50:41,Scheduled
2737,402737,2026-01-04 19:30:42,Scheduled
2738,402738,2026-01-06 01:37:11,Scheduled
2739,402739,2026-01-07 10:39:49,Scheduled
2740,402740,2026-01-08 08:12:28,Scheduled
2741,402741,2026-01-04 04:02:33,Scheduled
2742,402742,2026-01-08 09:18:11,Scheduled
2743,402743,2026-01-09 17:14:12,Scheduled
2744,402744,2026-01-06 19:47:18,Scheduled
2745,402745,2026-01-07 15:45:04,Scheduled
2746,402746,2026-01-05 12:21:54,Scheduled
2747,402747,2026-01-09 16:32:59,Cancelled
2748,402748,2026-01-09 02:34:35,Scheduled
2749,402749,2026-01-06 16:20:44,Scheduled
2750,402750,2026-01-10 20:39:54,Scheduled
2751,402751,2026-01-10 04:43:08,Scheduled
2752,402752,2026-01-10 23:05:40,Cancelled
2753,402753,2026-01-09 18:19:33,Scheduled
2754,402754,2026-01-06 01:04:32,Scheduled
2755,402755,2026-01-12 03:47:09,Scheduled
2756,402756,2026-01-07 18:07:54,Scheduled
2757,402757,2026-01-09 03:22:51,Scheduled
2758,402758,2026-01-11 09:46:45,Scheduled
2759,402759,2026-01-10 22:41:05,Scheduled
2760,402760,2026-01-11 14:46:06,Scheduled
2761,402761,2026-01-09 07:47:42,Scheduled
2762,402762,2026-01-08 23:15:08,Scheduled
2763,402763,2026-01-12 11:49:40,Scheduled
2764,402764,2026-01-07 20:48:09,Scheduled
2765,402765,2026-01-11 19:04:40,Scheduled
2766,402766,2026-01-08 12:09:55,Scheduled
2767,402767,2026-01-13 21:48:13,Scheduled
2768,402768,2026-01-09 07:46:45,Scheduled
2769,402769,2026-01-09 10:44:09,Scheduled
2770,402770,2026-01-09 00:30:30,Scheduled
2771,402771,2026-01-09 05:37:01,Scheduled
2772,402772,2026-01-12 14:12:48,Scheduled
2773,402773,2026-01-10 19:45:35,Scheduled
2774,402774,2026-01-13 09:01:03,Scheduled
2775,402775,2026-01-12 04:04:47,Scheduled
2776,402776,2026-01-09 12:29:31,Scheduled
2777,402777,2026-01-11 18:06:02,Scheduled
2778,402778,2026-01-13 11:27:11,Scheduled
2779,402779,2026-01-14 15:54:42,Scheduled
2780,402780,2026-01-11 06:14:51,Scheduled
2781,402781,2026-01-10 07:29:15,Cancelled
2782,402782,2026-01-14 21:41:20,Scheduled
2783,402783,2026-01-11 07:06:36,Scheduled
2784,402784,2026-01-12 22:42:10,Scheduled
2785,402785,2026-01-12 12:00:22,Scheduled
2786,402786,2026-01-14 14:19:13,Scheduled
2787,402787,2026-01-12 06:42:17,Scheduled
2788,402788,2026-01-14 00:26:13,Scheduled
2789,402789,2026-01-17 00:53:37,Scheduled
2790,402790,2026-01-14 21:40:19,Scheduled
2791,402791,2026-01-16 01:32:35,Scheduled
2792,402792,2026-01-13 14:01:01,Scheduled
2793,402793,2026-01-13 17:05:12,Scheduled
2794,402794,2026-01-15 21:41:55,Scheduled
2795,402795,2026-01-12 13:13:38,Scheduled
2796,402796,2026-01-17 19:06:49,Scheduled
2797,402797,2026-01-15 16:45:12,Scheduled
2798,402798,2026-01-14 14:54:40,Scheduled
2799,402799,2026-01-12 14:11:30,Scheduled
2800,402800,2026-01-16 09:00:11,Scheduled
2801,402801,2026-01-13 10:26:02,Scheduled
2802,402802,2026-01-14 16:44:42,Scheduled
2803,402803,2026-01-13 08:06:57,Scheduled
2804,402804,2026-01-18 20:26:07,Scheduled
2805,402805,2026-01-14 02:50:50,Scheduled
2806,402806,2026-01-16 21:54:26,Scheduled
2807,402807,2026-01-18 04:44:48,Scheduled
2808,402808,2026-01-18 15:49:53,Scheduled
2809,402809,2026-01-18 07:28:21,Scheduled
2810,402810,2026-01-15 03:16:58,Scheduled
2811,402811,2026-01-16 04:42:41,Scheduled
2812,402812,2026-01-19 10:13:08,Scheduled
2813,402813,2026-01-15 16:42:14,Scheduled
2814,402814,2026-01-16 06:37:17,Scheduled
2815,402815,2026-01-16 06:04:45,Scheduled
2816,402816,2026-01-16 02:11:23,Scheduled
2817,402817,2026-01-18 09:56:00,Scheduled
2818,402818,2026-01-20 08:48:23,Scheduled
2819,402819,2026-01-21 09:45:21,Scheduled
2820,402820,2026-01-20 09:47:22,Scheduled
2821,402821,2026-01-20 00:53:09,Scheduled
2822,402822,2026-01-20 12:47:32,Scheduled
2823,402823,2026-01-18 12:20:08,Scheduled
2824,402824,2026-01-18 00:33:06,Scheduled
2825,402825,2026-01-20 14:07:20,Scheduled
2826,402826,2026-01-19 06:55:18,Scheduled
2827,402827,2026-01-21 22:29:17,Scheduled
2828,402828,2026-01-19 17:02:39,Scheduled
2829,402829,2026-01-20 12:52:48,Scheduled
2830,402830,2026-01-22 17:00:06,Scheduled
2831,402831,2026-01-20 15:16:20,Cancelled
2832,402832,2026-01-22 07:57:49,Scheduled
2833,402833,2026-01-20 16:20:34,Scheduled
2834,402834,2026-01-22 06:13:47,Scheduled
2835,402835,2026-01-21 05:58:47,Cancelled
2836,402836,2026-01-22 06:06:07,Scheduled
2837,402837,2026-01-22 08:12:21,Scheduled
2838,402838,2026-01-25 04:06:00,Scheduled
2839,402839,2026-01-24 19:02:14,Cancelled
2840,402840,2026-01-22 20:24:35,Scheduled
2841,402841,2026-01-24 11:54:39,Scheduled
2842,402842,2026-01-25 18:25:32,Scheduled
2843,402843,2026-01-23 05:03:31,Scheduled
2844,402844,2026-01-23 17:30:45,Scheduled
2845,402845,2026-01-23 02:10:20,Cancelled
2846,402846,2026-01-24 14:17:33,Scheduled
2847,402847,2026-01-28 11:54:05,Scheduled
2848,402848,2026-01-28 18:16:10,Scheduled
2849,402849,2026-01-27 03:42:47,Cancelled
2850,402850,2026-01-23 18:46:40,Scheduled
2851,402851,2026-01-28 07:31:17,Scheduled
2852,402852,2026-01-26 14:21:52,Scheduled
2853,402853,2026-01-27 11:48:38,Scheduled
2854,402854,2026-01-27 08:41:34,Scheduled
2855,402855,2026-01-24 23:50:36,Scheduled
2856,402856,2026-01-25 16:26:40,Scheduled
2857,402857,2026-01-25 08:54:12,Scheduled
2858,402858,2026-01-27 12:39:18,Scheduled
2859,402859,2026-01-24 22:06:40,Cancelled
2860,402860,2026-01-29 03:59:05,Scheduled
2861,402861,2026-01-25 19:00:21,Scheduled
2862,402862,2026-01-27 21:45:54,Scheduled
2863,402863,2026-01-29 02:55:12,Scheduled
2864,402864,2026-01-27 16:44:04,Scheduled
2865,402865,2026-01-25 19:40:58,Scheduled
2866,402866,2026-01-26 09:11:04,Scheduled
2867,402867,2026-01-30 22:42:24,Scheduled
2868,402868,2026-01-29 14:00:17,Scheduled
2869,402869,2026-01-30 05:18:03,Scheduled
2870,402870,2026-01-26 17:23:37,Scheduled
2871,402871,2026-01-29 03:05:07,Scheduled
2872,402872,2026-01-28 05:45:01,Scheduled
2873,402873,2026-01-26 12:11:59,Scheduled
2874,402874,2026-01-29 15:56:03,Scheduled
2875,402875,2026-01-28 06:11:48,Scheduled
2876,402876,2026-01-28 05:12:35,Scheduled
2877,402877,2026-01-27 10:16:29,Scheduled
2878,402878,2026-01-30 16:16:52,Scheduled
2879,402879,2026-01-30 21:58:51,Scheduled
2880,402880,2026-01-29 23:20:50,Scheduled
2881,402881,2026-01-29 20:36:36,Scheduled
2882,402882,2026-01-31 16:43:15,Scheduled
2883,402883,2026-01-28 00:19:06,Scheduled
2884,402884,2026-01-30 12:12:48,Scheduled
2885,402885,2026-01-31 19:13:33,Scheduled
2886,402886,2026-02-01 15:32:34,Scheduled
2887,402887,2026-02-03 04:50:35,Scheduled
2888,402888,2026-02-03 16:00:44,Scheduled
2889,402889,2026-02-01 19:29:20,Scheduled
2890,402890,2026-01-29 19:46:16,Scheduled
2891,402891,2026-02-03 14:27:31,Scheduled
2892,402892,2026-02-04 00:48:12,Scheduled
2893,402893,2026-01-30 15:21:11,Scheduled
2894,402894,2026-02-01 16:22:26,Scheduled
2895,402895,2026-01-30 06:01:52,Scheduled
2896,402896,2026-01-30 00:56:24,Scheduled
2897,402897,2026-02-01 07:15:36,Scheduled
2898,402898,2026-02-05 11:08:31,Cancelled
2899,402899,2026-02-02 07:42:55,Scheduled
2900,402900,2026-02-02 20:02:18,Scheduled
2901,402901,2026-02-05 11:24:22,Scheduled
2902,402902,2026-02-05 12:31:32,Scheduled
2903,402903,2026-02-03 18:44:18,Scheduled
2904,402904,2026-02-03 08:54:01,Scheduled
2905,402905,2026-02-02 09:14:16,Scheduled
2906,402906,2026-02-02 17:21:02,Scheduled
2907,402907,2026-02-02 11:03:41,Scheduled
2908,402908,2026-02-03 07:13:51,Scheduled
2909,402909,2026-02-03 03:42:24,Scheduled
2910,402910,2026-02-03 09:12:48,Scheduled
2911,402911,2026-02-01 08:51:37,Scheduled
2912,402912,2026-02-02 23:47:14,Cancelled
2913,402913,2026-02-04 14:06:53,Scheduled
2914,402914,2026-02-04 18:33:48,Scheduled
2915,402915,2026-02-06 05:02:22,Scheduled
2916,402916,2026-02-03 07:21:38,Scheduled
2917,402917,2026-02-01 11:11:40,Scheduled
2918,402918,2026-02-07 09:49:19,Scheduled
2919,402919,2026-02-02 14:16:24,Scheduled
2920,402920,2026-02-04 15:12:37,Scheduled
2921,402921,2026-02-07 18:19:08,Scheduled
2922,402922,2026-02-05 02:54:06,Scheduled
2923,402923,2026-02-07 06:46:47,Scheduled
2924,402924,2026-02-07 17:26:42,Scheduled
2925,402925,2026-02-07 09:38:30,Cancelled
2926,402926,2026-02-03 17:11:30,Scheduled
2927,402927,2026-02-06 12:48:03,Scheduled
2928,402928,2026-02-02 23:46:15,Scheduled
2929,402929,2026-02-08 00:09:48,Scheduled
2930,402930,2026-02-03 04:24:11,Scheduled
2931,402931,2026-02-05 23:46:04,Scheduled
2932,402932,2026-02-07 16:41:04,Scheduled
2933,402933,2026-02-04 21:01:09,Scheduled
2934,402934,2026-02-07 04:14:04,Scheduled
2935,402935,2026-02-04 04:42:20,Scheduled
2936,402936,2026-02-08 16:54:35,Scheduled
2937,402937,2026-02-08 11:49:41,Scheduled
2938,402938,2026-02-09 11:04:01,Cancelled
2939,402939,2026-02-04 00:30:26,Scheduled
2940,402940,2026-02-07 21:45:56,Scheduled
2941,402941,2026-02-06 21:43:15,Scheduled
2942,402942,2026-02-10 01:15:14,Scheduled
2943,402943,2026-02-05 07:10:56,Scheduled
2944,402944,2026-02-06 17:37:49,Scheduled
2945,402945,2026-02-09 01:58:19,Scheduled
2946,402946,2026-02-09 23:35:26,Scheduled
2947,402947,2026-02-09 02:29:49,Scheduled
2948,402948,2026-02-09 14:07:34,Scheduled
2949,402949,2026-02-07 01:09:43,Scheduled
2950,402950,2026-02-05 07:36:21,Scheduled
2951,402951,2026-02-07 12:05:22,Scheduled
2952,402952,2026-02-06 03:18:29,Scheduled
2953,402953,2026-02-08 02:21:01,Scheduled
2954,402954,2026-02-05 12:01:27,Scheduled
2955,402955,2026-02-08 08:38:47,Scheduled
2956,402956,2026-02-10 17:19:03,Scheduled
2957,402957,2026-02-11 06:25:06,Scheduled
2958,402958,2026-02-07 03:14:35,Scheduled
2959,402959,2026-02-08 13:22:45,Scheduled
2960,402960,2026-02-10 13:40:28,Scheduled
2961,402961,2026-02-09 04:16:58,Scheduled
2962,402962,2026-02-07 08:47:43,Scheduled
2963,402963,2026-02-09 19:36:50,Scheduled
2964,402964,2026-02-07 11:12:57,Scheduled
2965,402965,2026-02-07 13:11:43,Scheduled
2966,402966,2026-02-07 23:09:00,Scheduled
2967,402967,2026-02-11 14:01:17,Scheduled
2968,402968,2026-02-09 02:43:59,Scheduled
2969,402969,2026-02-11 18:15:08,Scheduled
2970,402970,2026-02-10 10:14:08,Scheduled
2971,402971,2026-02-13 04:50:29,Scheduled
2972,402972,2026-02-13 23:05:23,Scheduled
2973,402973,2026-02-13 16:01:52,Scheduled
2974,402974,2026-02-13 20:24:04,Scheduled
2975,402975,2026-02-09 05:30:21,Scheduled
2976,402976,2026-02-13 19:41:47,Scheduled
2977,402977,2026-02-11 22:56:24,Scheduled
2978,402978,2026-02-13 14:54:15,Cancelled
2979,402979,2026-02-13 04:01:57,Scheduled
2980,402980,2026-02-13 20:11:48,Scheduled
2981,402981,2026-02-14 11:46:20,Scheduled
2982,402982,2026-02-13 07:58:48,Scheduled
2983,402983,2026-02-13 11:44:57,Scheduled
2984,402984,2026-02-14 05:25:50,Scheduled
2985,402985,2026-02-11 00:19:02,Scheduled
2986,402986,2026-02-10 14:16:15,Scheduled
2987,402987,2026-02-13 04:17:38,Scheduled
2988,402988,2026-02-13 17:21:21,Scheduled
2989,402989,2026-02-14 20:33:40,Scheduled
2990,402990,2026-02-13 03:24:49,Scheduled
2991,402991,2026-02-11 23:48:20,Scheduled
2992,402992,2026-02-13 04:13:57,Scheduled
2993,402993,2026-02-11 20:53:09,Scheduled
2994,402994,2026-02-15 05:45:28,Scheduled
2995,402995,2026-02-13 03:38:19,Scheduled
2996,402996,2026-02-16 17:10:17,Scheduled
2997,402997,2026-02-15 08:52:15,Scheduled
2998,402998,2026-02-16 07:47:46,Scheduled
2999,402999,2026-02-16 09:20:42,Scheduled
3000,403000,2026-02-14 10:30:35,Scheduled
3001,403001,2026-02-14 10:49:52,Scheduled
3002,403002,2026-02-13 04:55:04,Scheduled
3003,403003,2026-02-16 02:00:15,Scheduled
3004,403004,2026-02-17 00:03:28,Scheduled
3005,403005,2026-02-12 14:28:18,Scheduled
3006,403006,2026-02-13 23:30:11,Cancelled
3007,403007,2026-02-15 18:12:30,Scheduled
3008,403008,2026-02-15 00:03:35,Scheduled
3009,403009,2026-02-16 15:03:31,Scheduled
3010,403010,2026-02-17 02:16:00,Scheduled
3011,403011,2026-02-13 12:16:17,Scheduled
3012,403012,2026-02-13 10:23:59,Scheduled
3013,403013,2026-02-17 21:22:06,Scheduled
3014,403014,2026-02-16 19:42:39,Scheduled
3015,403015,2026-02-15 09:26:53,Scheduled
3016,403016,2026-02-13 12:24:39,Scheduled
3017,403017,2026-02-14 09:29:40,Scheduled
3018,403018,2026-02-17 20:22:29,Scheduled
3019,403019,2026-02-18 10:16:56,Scheduled
3020,403020,2026-02-15 02:33:06,Scheduled
3021,403021,2026-02-16 06:16:17,Scheduled
3022,403022,2026-02-17 13:29:40,Scheduled
3023,403023,2026-02-16 02:55:50,Scheduled
3024,403024,2026-02-19 09:41:33,Scheduled
3025,403025,2026-02-16 04:15:51,Scheduled
3026,403026,2026-02-17 14:49:10,Scheduled
3027,403027,2026-02-16 20:15:33,Scheduled
3028,403028,2026-02-18 21:26:45,Scheduled
3029,403029,2026-02-17 09:38:49,Scheduled
3030,403030,2026-02-16 18:39:03,Scheduled
3031,403031,2026-02-14 23:00:52,Scheduled
3032,403032,2026-02-20 05:22:50,Cancelled
3033,403033,2026-02-18 05:25:49,Scheduled
3034,403034,2026-02-18 19:00:13,Scheduled
3035,403035,2026-02-17 02:09:35,Scheduled
3036,403036,2026-02-17 14:34:01,Scheduled
3037,403037,2026-02-17 06:06:08,Cancelled
3038,403038,2026-02-17 04:44:38,Scheduled
3039,403039,2026-02-20 12:03:48,Scheduled
3040,403040,2026-02-18 10:37:45,Scheduled
3041,403041,2026-02-17 08:43:50,Scheduled
3042,403042,2026-02-15 23:45:38,Scheduled
3043,403043,2026-02-16 16:34:28,Scheduled
3044,403044,2026-02-18 14:26:56,Scheduled
3045,403045,2026-02-17 10:42:12,Scheduled
3046,403046,2026-02-20 13:35:29,Scheduled
3047,403047,2026-02-17 23:35:53,Scheduled
3048,403048,2026-02-22 16:37:45,Scheduled
3049,403049,2026-02-18 13:14:25,Scheduled
3050,403050,2026-02-22 01:05:53,Scheduled
3051,403051,2026-02-20 14:57:08,Scheduled
3052,403052,2026-02-18 07:02:20,Scheduled
3053,403053,2026-02-22 15:50:55,Scheduled
3054,403054,2026-02-22 22:25:30,Scheduled
3055,403055,2026-02-19 19:53:24,Scheduled
3056,403056,2026-02-20 21:08:46,Scheduled
3057,403057,2026-02-19 04:07:20,Scheduled
3058,403058,2026-02-19 20:57:29,Scheduled
3059,403059,2026-02-21 04:05:36,Scheduled
3060,403060,2026-02-23 23:23:09,Scheduled
3061,403061,2026-02-18 19:35:23,Scheduled
3062,403062,2026-02-23 03:55:31,Scheduled
3063,403063,2026-02-23 06:23:14,Scheduled
3064,403064,2026-02-23 06:18:25,Scheduled
3065,403065,2026-02-23 15:04:55,Scheduled
3066,403066,2026-02-25 07:22:43,Scheduled
3067,403067,2026-02-22 19:16:58,Scheduled
3068,403068,2026-02-23 11:19:19,Scheduled
3069,403069,2026-02-21 00:29:56,Scheduled
3070,403070,2026-02-23 09:30:05,Scheduled
3071,403071,2026-02-21 01:36:21,Scheduled
3072,403072,2026-02-22 13:29:40,Scheduled
3073,403073,2026-02-24 17:54:10,Scheduled
3074,403074,2026-02-24 10:13:34,Scheduled
3075,403075,2026-02-24 20:44:49,Scheduled
3076,403076,2026-02-21 13:07:15,Scheduled
3077,403077,2026-02-23 00:58:17,Scheduled
3078,403078,2026-02-25 20:53:49,Scheduled
3079,403079,2026-02-21 23:59:18,Scheduled
3080,403080,2026-02-23 01:07:50,Scheduled
3081,403081,2026-02-26 15:44:59,Scheduled
3082,403082,2026-02-26 07:18:19,Scheduled
3083,403083,2026-02-23 17:50:20,Scheduled
3084,403084,2026-02-22 02:07:40,Scheduled
3085,403085,2026-02-26 18:12:47,Cancelled
3086,403086,2026-02-25 03:49:23,Cancelled
3087,403087,2026-02-22 19:34:38,Scheduled
3088,403088,2026-02-27 18:51:44,Scheduled
3089,403089,2026-02-25 15:15:38,Scheduled
3090,403090,2026-02-24 16:24:18,Scheduled
3091,403091,2026-02-23 20:32:55,Scheduled
3092,403092,2026-02-28 07:24:16,Scheduled
3093,403093,2026-02-26 18:24:34,Scheduled
3094,403094,2026-02-23 20:24:52,Cancelled
3095,403095,2026-02-25 04:42:19,Cancelled
3096,403096,2026-02-25 16:28:14,Scheduled
3097,403097,2026-02-27 01:54:50,Scheduled
3098,403098,2026-02-24 11:17:48,Scheduled
3099,403099,2026-02-25 15:35:59,Scheduled
3100,403100,2026-02-28 17:16:17,Scheduled
3101,403101,2026-02-28 19:44:29,Scheduled
3102,403102,2026-03-02 00:37:57,Scheduled
3103,403103,2026-02-25 14:29:53,Scheduled
3104,403104,2026-02-24 23:56:52,Scheduled
3105,403105,2026-02-27 12:14:06,Scheduled
3106,403106,2026-03-02 13:03:46,Scheduled
3107,403107,2026-03-02 05:14:15,Scheduled
3108,403108,2026-02-26 01:09:31,Scheduled
3109,403109,2026-02-25 10:28:46,Cancelled
3110,403110,2026-02-26 14:10:56,Scheduled
3111,403111,2026-03-03 01:39:32,Scheduled
3112,403112,2026-02-26 02:24:08,Scheduled
3113,403113,2026-02-27 00:06:12,Scheduled
3114,403114,2026-02-26 03:46:55,Scheduled
3115,403115,2026-02-26 23:36:51,Scheduled
3116,403116,2026-03-03 08:39:13,Scheduled
3117,403117,2026-03-04 02:16:35,Scheduled
3118,403118,2026-02-28 07:02:39,Scheduled
3119,403119,2026-03-03 19:07:27,Scheduled
3120,403120,2026-03-01 12:15:05,Scheduled
3121,403121,2026-03-04 19:23:24,Scheduled
3122,403122,2026-03-01 04:18:42,Scheduled
3123,403123,2026-02-28 09:08:06,Scheduled
3124,403124,2026-03-03 21:21:58,Scheduled
3125,403125,2026-03-03 20:11:15,Scheduled
3126,403126,2026-03-01 19:26:14,Scheduled
3127,403127,2026-03-01 02:05:48,Scheduled
3128,403128,2026-03-01 01:18:31,Scheduled
3129,403129,2026-03-01 18:25:27,Scheduled
3130,403130,2026-03-02 07:06:24,Scheduled
3131,403131,2026-03-03 03:27:18,Scheduled
3132,403132,2026-03-04 06:27:47,Scheduled
3133,403133,2026-03-05 02:49:30,Scheduled
3134,403134,2026-03-08 00:13:53,Scheduled
3135,403135,2026-03-05 16:54:32,Scheduled
3136,403136,2026-03-03 17:24:38,Scheduled
3137,403137,2026-03-05 19:53:33,Scheduled
3138,403138,2026-03-06 20:35:03,Scheduled
3139,403139,2026-03-03 07:13:06,Cancelled
3140,403140,2026-03-08 16:53:57,Scheduled
3141,403141,2026-03-06 00:15:43,Scheduled
3142,403142,2026-03-08 02:27:22,Scheduled
3143,403143,2026-03-09 09:01:49,Scheduled
3144,403144,2026-03-08 18:12:00,Scheduled
3145,403145,2026-03-08 01:37:26,Cancelled
3146,403146,2026-03-07 15:12:13,Scheduled
3147,403147,2026-03-05 12:37:31,Scheduled
3148,403148,2026-03-06 16:58:31,Scheduled
3149,403149,2026-03-07 15:34:57,Cancelled
3150,403150,2026-03-07 21:09:05,Scheduled
3151,403151,2026-03-04 13:30:23,Scheduled
3152,403152,2026-03-05 19:38:34,Scheduled
3153,403153,2026-03-08 08:53:26,Scheduled
3154,403154,2026-03-06 02:20:21,Scheduled
3155,403155,2026-03-07 15:45:45,Scheduled
3156,403156,2026-03-10 12:10:29,Scheduled
3157,403157,2026-03-06 22:16:28,Cancelled
3158,403158,2026-03-10 19:07:08,Scheduled
3159,403159,2026-03-09 13:26:36,Scheduled
3160,403160,2026-03-09 22:55:28,Scheduled
3161,403161,2026-03-08 06:44:39,Scheduled
3162,403162,2026-03-06 18:58:16,Scheduled
3163,403163,2026-03-09 12:49:47,Scheduled
3164,403164,2026-03-10 18:05:46,Scheduled
3165,403165,2026-03-11 02:44:37,Scheduled
3166,403166,2026-03-07 04:15:01,Scheduled
3167,403167,2026-03-07 18:12:35,Scheduled
3168,403168,2026-03-10 22:33:27,Scheduled
3169,403169,2026-03-09 14:05:10,Scheduled
3170,403170,2026-03-09 02:48:15,Scheduled
3171,403171,2026-03-07 22:43:11,Scheduled
3172,403172,2026-03-10 08:51:19,Scheduled
3173,403173,2026-03-11 09:34:34,Scheduled
3174,403174,2026-03-08 18:19:19,Scheduled
3175,403175,2026-03-08 07:29:45,Scheduled
3176,403176,2026-03-09 14:06:18,Scheduled
3177,403177,2026-03-10 16:56:58,Scheduled
3178,403178,2026-03-13 04:15:57,Scheduled
3179,403179,2026-03-10 11:30:43,Scheduled
3180,403180,2026-03-07 18:02:11,Scheduled
3181,403181,2026-03-09 00:32:28,Scheduled
3182,403182,2026-03-08 18:52:28,Scheduled
3183,403183,2026-03-12 10:45:12,Scheduled
3184,403184,2026-03-12 14:44:28,Scheduled
3185,403185,2026-03-10 07:52:56,Scheduled
3186,403186,2026-03-13 08:02:18,Scheduled
3187,403187,2026-03-11 16:57:35,Scheduled
3188,403188,2026-03-09 14:51:01,Scheduled
3189,403189,2026-03-12 15:47:09,Scheduled
3190,403190,2026-03-12 09:42:05,Scheduled
3191,403191,2026-03-12 13:52:41,Scheduled
3192,403192,2026-03-14 17:03:24,Scheduled
3193,403193,2026-03-13 10:56:10,Scheduled
3194,403194,2026-03-15 02:51:02,Scheduled
3195,403195,2026-03-10 04:27:17,Cancelled
3196,403196,2026-03-10 14:02:25,Scheduled
3197,403197,2026-03-14 02:57:16,Scheduled
3198,403198,2026-03-09 19:34:04,Scheduled
3199,403199,2026-03-10 05:49:24,Scheduled
3200,403200,2026-03-14 02:20:40,Scheduled
3201,403201,2026-03-10 06:15:49,Scheduled
3202,403202,2026-03-14 18:59:46,Scheduled
3203,403203,2026-03-14 11:59:18,Scheduled
3204,403204,2026-03-13 18:04:10,Scheduled
3205,403205,2026-03-13 08:23:45,Scheduled
3206,403206,2026-03-15 00:16:41,Scheduled
3207,403207,2026-03-11 00:44:13,Scheduled
3208,403208,2026-03-15 16:30:59,Scheduled
3209,403209,2026-03-11 20:43:14,Scheduled
3210,403210,2026-03-16 18:52:35,Scheduled
3211,403211,2026-03-16 13:24:16,Scheduled
3212,403212,2026-03-15 09:26:50,Scheduled
3213,403213,2026-03-16 19:56:00,Scheduled
3214,403214,2026-03-14 02:43:10,Scheduled
3215,403215,2026-03-14 00:06:03,Scheduled
3216,403216,2026-03-14 02:19:16,Scheduled
3217,403217,2026-03-14 21:14:39,Scheduled
3218,403218,2026-03-13 10:12:25,Scheduled
3219,403219,2026-03-16 11:22:19,Scheduled
3220,403220,2026-03-16 15:18:21,Scheduled
3221,403221,2026-03-16 05:03:40,Scheduled
3222,403222,2026-03-13 15:43:29,Scheduled
3223,403223,2026-03-16 17:36:16,Scheduled
3224,403224,2026-03-16 18:35:54,Scheduled
3225,403225,2026-03-17 07:48:07,Scheduled
3226,403226,2026-03-18 06:18:04,Scheduled
3227,403227,2026-03-15 20:45:49,Scheduled
3228,403228,2026-03-14 20:19:27,Scheduled
3229,403229,2026-03-20 04:27:09,Scheduled
3230,403230,2026-03-19 04:54:22,Scheduled
3231,403231,2026-03-15 15:28:09,Scheduled
3232,403232,2026-03-17 13:05:07,Scheduled
3233,403233,2026-03-14 22:49:47,Scheduled
3234,403234,2026-03-20 01:38:27,Scheduled
3235,403235,2026-03-15 07:37:18,Scheduled
3236,403236,2026-03-16 04:34:38,Scheduled
3237,403237,2026-03-19 12:35:29,Scheduled
3238,403238,2026-03-18 17:37:17,Scheduled
3239,403239,2026-03-21 18:11:43,Scheduled
3240,403240,2026-03-16 06:06:32,Scheduled
3241,403241,2026-03-19 17:20:51,Scheduled
3242,403242,2026-03-19 03:28:59,Scheduled
3243,403243,2026-03-18 21:00:04,Scheduled
3244,403244,2026-03-22 09:42:49,Scheduled
3245,403245,2026-03-22 05:48:12,Scheduled
3246,403246,2026-03-21 09:41:19,Scheduled
3247,403247,2026-03-19 02:33:57,Scheduled
3248,403248,2026-03-19 18:37:50,Scheduled
3249,403249,2026-03-17 07:02:57,Scheduled
3250,403250,2026-03-22 16:25:34,Scheduled
3251,403251,2026-03-19 14:10:25,Scheduled
3252,403252,2026-03-21 21:00:07,Scheduled
3253,403253,2026-03-19 06:39:44,Scheduled
3254,403254,2026-03-19 18:33:56,Scheduled
3255,403255,2026-03-22 16:10:10,Scheduled
3256,403256,2026-03-20 20:35:25,Scheduled
3257,403257,2026-03-18 06:17:10,Scheduled
3258,403258,2026-03-22 00:09:39,Scheduled
3259,403259,2026-03-20 21:22:07,Scheduled
3260,403260,2026-03-19 19:45:19,Scheduled
3261,403261,2026-03-23 11:14:35,Scheduled
3262,403262,2026-03-20 22:46:34,Scheduled
3263,403263,2026-03-23 15:09:04,Scheduled
3264,403264,2026-03-19 19:51:08,Scheduled
3265,403265,2026-03-25 10:43:40,Scheduled
3266,403266,2026-03-21 05:07:57,Scheduled
3267,403267,2026-03-26 03:34:52,Scheduled
3268,403268,2026-03-22 02:42:13,Scheduled
3269,403269,2026-03-21 00:07:17,Scheduled
3270,403270,2026-03-25 20:16:01,Scheduled
3271,403271,2026-03-23 03:26:18,Scheduled
3272,403272,2026-03-25 12:59:54,Scheduled
3273,403273,2026-03-24 02:39:16,Scheduled
3274,403274,2026-03-23 21:52:13,Scheduled
3275,403275,2026-03-24 13:32:28,Scheduled
3276,403276,2026-03-27 03:33:35,Scheduled
3277,403277,2026-03-24 17:38:50,Scheduled
3278,403278,2026-03-29 18:14:33,Scheduled
3279,403279,2026-03-26 20:59:52,Scheduled
3280,403280,2026-03-28 11:27:25,Scheduled
3281,403281,2026-03-26 11:00:56,Scheduled
3282,403282,2026-03-27 20:17:01,Cancelled
3283,403283,2026-03-26 06:24:08,Scheduled
3284,403284,2026-03-25 03:09:44,Scheduled
3285,403285,2026-03-27 16:37:34,Scheduled
3286,403286,2026-03-29 06:28:03,Scheduled
3287,403287,2026-03-29 07:51:03,Scheduled
3288,403288,2026-03-28 00:14:10,Scheduled
3289,403289,2026-03-27 02:34:45,Scheduled
3290,403290,2026-03-25 19:45:10,Scheduled
3291,403291,2026-03-27 04:21:19,Scheduled
3292,403292,2026-03-31 12:39:28,Scheduled
3293,403293,2026-03-28 16:13:52,Scheduled
3294,403294,2026-03-29 13:13:29,Scheduled
3295,403295,2026-03-29 11:50:59,Scheduled
3296,403296,2026-03-29 03:19:34,Scheduled
3297,403297,2026-04-01 03:21:37,Scheduled
3298,403298,2026-03-30 05:04:08,Scheduled
3299,403299,2026-03-30 06:10:54,Scheduled
3300,403300,2026-03-31 06:23:05,Scheduled
3301,403301,2026-03-27 17:57:29,Scheduled
3302,403302,2026-03-27 19:10:50,Scheduled
3303,403303,2026-03-29 17:24:26,Scheduled
3304,403304,2026-04-01 10:30:07,Scheduled
3305,403305,2026-03-31 16:13:48,Cancelled
3306,403306,2026-04-02 08:16:38,Scheduled
3307,403307,2026-03-28 21:46:32,Scheduled
3308,403308,2026-04-01 22:33:32,Scheduled
3309,403309,2026-03-29 02:17:30,Scheduled
3310,403310,2026-03-28 22:00:31,Scheduled
3311,403311,2026-03-31 22:14:19,Scheduled
3312,403312,2026-04-01 11:49:21,Scheduled
3313,403313,2026-04-02 08:20:50,Scheduled
3314,403314,2026-03-31 08:06:20,Scheduled
3315,403315,2026-03-31 01:40:58,Scheduled
3316,403316,2026-03-30 08:22:55,Scheduled
3317,403317,2026-04-02 08:42:10,Scheduled
3318,403318,2026-04-02 00:46:27,Scheduled
3319,403319,2026-03-29 14:34:36,Scheduled
3320,403320,2026-03-29 20:25:30,Scheduled
3321,403321,2026-03-29 09:16:14,Scheduled
3322,403322,2026-03-30 19:45:01,Scheduled
3323,403323,2026-04-03 16:41:23,Cancelled
3324,403324,2026-04-03 18:22:15,Scheduled
3325,403325,2026-04-02 08:22:17,Scheduled
3326,403326,2026-04-02 07:09:55,Cancelled
3327,403327,2026-04-04 12:33:20,Scheduled
3328,403328,2026-04-03 21:58:54,Scheduled
3329,403329,2026-04-02 23:57:01,Scheduled
3330,403330,2026-04-04 06:09:31,Scheduled
3331,403331,2026-04-01 07:55:50,Scheduled
3332,403332,2026-04-03 03:05:00,Scheduled
3333,403333,2026-04-05 02:31:16,Scheduled
3334,403334,2026-04-03 02:42:36,Scheduled
3335,403335,2026-04-03 00:52:36,Scheduled
3336,403336,2026-04-03 20:24:43,Scheduled
3337,403337,2026-04-03 22:26:35,Scheduled
3338,403338,2026-04-04 06:19:30,Scheduled
3339,403339,2026-04-04 07:33:50,Scheduled
3340,403340,2026-04-04 18:57:11,Scheduled
3341,403341,2026-04-02 19:29:19,Scheduled
3342,403342,2026-04-05 06:59:38,Scheduled
3343,403343,2026-04-05 07:31:57,Scheduled
3344,403344,2026-04-06 16:15:05,Scheduled
3345,403345,2026-04-07 01:21:34,Scheduled
3346,403346,2026-04-05 12:06:51,Scheduled
3347,403347,2026-04-08 12:17:19,Scheduled
3348,403348,2026-04-08 06:01:42,Scheduled
3349,403349,2026-04-03 18:58:11,Cancelled
3350,403350,2026-04-06 05:47:16,Scheduled
3351,403351,2026-04-09 05:01:19,Scheduled
3352,403352,2026-04-09 08:43:31,Scheduled
3353,403353,2026-04-06 23:27:24,Cancelled
3354,403354,2026-04-06 15:49:10,Scheduled
3355,403355,2026-04-08 05:46:50,Scheduled
3356,403356,2026-04-04 18:05:51,Scheduled
3357,403357,2026-04-06 02:54:02,Scheduled
3358,403358,2026-04-04 15:10:51,Scheduled
3359,403359,2026-04-05 07:22:50,Scheduled
3360,403360,2026-04-06 19:36:06,Scheduled
3361,403361,2026-04-08 20:12:28,Cancelled
3362,403362,2026-04-07 16:43:10,Cancelled
3363,403363,2026-04-07 23:17:34,Scheduled
3364,403364,2026-04-05 22:21:28,Scheduled
3365,403365,2026-04-08 03:56:37,Scheduled
3366,403366,2026-04-06 13:31:58,Scheduled
3367,403367,2026-04-08 06:49:02,Scheduled
3368,403368,2026-04-07 13:11:45,Scheduled
3369,403369,2026-04-07 13:46:46,Scheduled
3370,403370,2026-04-07 13:18:51,Scheduled
3371,403371,2026-04-11 07:34:40,Scheduled
3372,403372,2026-04-09 14:48:53,Scheduled
3373,403373,2026-04-11 06:48:16,Scheduled
3374,403374,2026-04-07 14:29:16,Scheduled
3375,403375,2026-04-10 10:14:32,Scheduled
3376,403376,2026-04-12 22:12:53,Scheduled
3377,403377,2026-04-11 16:03:34,Scheduled
3378,403378,2026-04-11 05:15:54,Scheduled
3379,403379,2026-04-12 08:09:54,Cancelled
3380,403380,2026-04-12 12:14:52,Scheduled
3381,403381,2026-04-10 11:33:28,Scheduled
3382,403382,2026-04-08 12:43:49,Scheduled
3383,403383,2026-04-08 11:08:42,Scheduled
3384,403384,2026-04-12 05:22:38,Scheduled
3385,403385,2026-04-10 00:04:01,Scheduled
3386,403386,2026-04-07 23:37:29,Scheduled
3387,403387,2026-04-11 21:50:23,Scheduled
3388,403388,2026-04-11 07:56:36,Scheduled
3389,403389,2026-04-10 06:16:24,Scheduled
3390,403390,2026-04-10 09:56:40,Scheduled
3391,403391,2026-04-11 07:32:27,Scheduled
3392,403392,2026-04-13 14:03:30,Scheduled
3393,403393,2026-04-10 07:30:46,Scheduled
3394,403394,2026-04-13 15:55:48,Scheduled
3395,403395,2026-04-15 02:32:23,Scheduled
3396,403396,2026-04-11 07:21:29,Scheduled
3397,403397,2026-04-10 19:27:24,Scheduled
3398,403398,2026-04-13 00:38:21,Scheduled
3399,403399,2026-04-09 14:30:33,Scheduled
3400,403400,2026-04-10 17:25:41,Scheduled
3401,403401,2026-04-13 02:40:57,Scheduled
3402,403402,2026-04-13 13:28:00,Scheduled
3403,403403,2026-04-13 09:05:04,Scheduled
3404,403404,2026-04-11 09:29:10,Scheduled
3405,403405,2026-04-10 23:40:41,Scheduled
3406,403406,2026-04-15 01:18:52,Scheduled
3407,403407,2026-04-13 20:18:29,Scheduled
3408,403408,2026-04-16 01:42:48,Scheduled
3409,403409,2026-04-11 01:55:58,Scheduled
3410,403410,2026-04-10 22:37:04,Scheduled
3411,403411,2026-04-16 09:40:39,Scheduled
3412,403412,2026-04-12 02:41:27,Scheduled
3413,403413,2026-04-16 05:04:37,Scheduled
3414,403414,2026-04-13 00:10:49,Scheduled
3415,403415,2026-04-16 15:26:43,Scheduled
3416,403416,2026-04-13 12:07:14,Scheduled
3417,403417,2026-04-12 13:37:30,Scheduled
3418,403418,2026-04-12 23:15:18,Scheduled
3419,403419,2026-04-17 19:10:33,Scheduled
3420,403420,2026-04-17 07:30:37,Scheduled
3421,403421,2026-04-15 16:11:38,Scheduled
3422,403422,2026-04-15 00:40:33,Scheduled
3423,403423,2026-04-12 22:39:50,Scheduled
3424,403424,2026-04-13 13:42:49,Scheduled
3425,403425,2026-04-15 11:52:09,Scheduled
3426,403426,2026-04-18 18:06:30,Scheduled
3427,403427,2026-04-18 06:40:58,Scheduled
3428,403428,2026-04-15 08:00:24,Scheduled
3429,403429,2026-04-18 03:39:35,Scheduled
3430,403430,2026-04-14 16:06:23,Scheduled
3431,403431,2026-04-14 11:11:46,Scheduled
3432,403432,2026-04-14 03:37:02,Scheduled
3433,403433,2026-04-14 08:28:49,Scheduled
3434,403434,2026-04-16 11:36:56,Scheduled
3435,403435,2026-04-18 07:27:11,Scheduled
3436,403436,2026-04-17 21:28:41,Cancelled
3437,403437,2026-04-16 03:13:52,Scheduled
3438,403438,2026-04-17 10:10:29,Scheduled
3439,403439,2026-04-17 15:14:48,Scheduled
3440,403440,2026-04-16 01:15:41,Scheduled
3441,403441,2026-04-17 07:16:32,Scheduled
3442,403442,2026-04-17 03:24:19,Cancelled
3443,403443,2026-04-20 02:49:42,Scheduled
3444,403444,2026-04-18 04:31:30,Scheduled
3445,403445,2026-04-19 21:45:40,Scheduled
3446,403446,2026-04-18 01:46:13,Scheduled
3447,403447,2026-04-17 18:00:45,Cancelled
3448,403448,2026-04-20 12:30:12,Scheduled
3449,403449,2026-04-21 08:29:24,Scheduled
3450,403450,2026-04-21 16:16:53,Scheduled
3451,403451,2026-04-18 11:51:30,Scheduled
3452,403452,2026-04-22 08:10:21,Scheduled
3453,403453,2026-04-19 20:10:01,Scheduled
3454,403454,2026-04-20 22:13:47,Scheduled
3455,403455,2026-04-21 00:50:13,Scheduled
3456,403456,2026-04-19 05:50:57,Scheduled
3457,403457,2026-04-19 21:24:21,Scheduled
3458,403458,2026-04-22 07:04:10,Scheduled
3459,403459,2026-04-17 08:59:27,Scheduled
3460,403460,2026-04-20 17:16:23,Scheduled
3461,403461,2026-04-21 08:28:45,Scheduled
3462,403462,2026-04-20 20:56:37,Scheduled
3463,403463,2026-04-21 14:29:38,Scheduled
3464,403464,2026-04-22 06:52:48,Scheduled
3465,403465,2026-04-20 06:02:55,Scheduled
3466,403466,2026-04-24 06:16:15,Scheduled
3467,403467,2026-04-22 01:23:47,Scheduled
3468,403468,2026-04-24 04:49:54,Scheduled
3469,403469,2026-04-20 18:58:09,Scheduled
3470,403470,2026-04-23 06:15:46,Scheduled
3471,403471,2026-04-24 18:31:28,Scheduled
3472,403472,2026-04-24 05:59:52,Scheduled
3473,403473,2026-04-20 09:29:34,Scheduled
3474,403474,2026-04-22 05:31:49,Scheduled
3475,403475,2026-04-20 06:50:16,Scheduled
3476,403476,2026-04-22 05:41:01,Scheduled
3477,403477,2026-04-23 03:38:04,Scheduled
3478,403478,2026-04-20 10:42:52,Scheduled
3479,403479,2026-04-22 17:22:54,Scheduled
3480,403480,2026-04-23 20:27:31,Scheduled
3481,403481,2026-04-25 04:56:26,Scheduled
3482,403482,2026-04-22 09:35:07,Scheduled
3483,403483,2026-04-26 06:43:55,Scheduled
3484,403484,2026-04-21 11:17:04,Cancelled
3485,403485,2026-04-22 12:57:27,Scheduled
3486,403486,2026-04-27 00:01:14,Scheduled
3487,403487,2026-04-23 20:07:29,Scheduled
3488,403488,2026-04-24 02:14:29,Scheduled
3489,403489,2026-04-24 02:05:49,Cancelled
3490,403490,2026-04-22 10:49:17,Scheduled
3491,403491,2026-04-22 07:01:57,Scheduled
3492,403492,2026-04-24 07:12:52,Scheduled
3493,403493,2026-04-25 04:46:59,Scheduled
3494,403494,2026-04-23 13:09:40,Cancelled
3495,403495,2026-04-24 20:37:33,Scheduled
3496,403496,2026-04-27 22:07:31,Scheduled
3497,403497,2026-04-24 18:24:51,Scheduled
3498,403498,2026-04-24 14:14:40,Scheduled
3499,403499,2026-04-25 03:03:14,Scheduled
3500,403500,2026-04-24 00:26:56,Cancelled
3501,403501,2026-04-28 02:01:46,Scheduled
3502,403502,2026-04-24 08:14:09,Scheduled
3503,403503,2026-04-27 21:42:16,Scheduled
3504,403504,2026-04-26 21:50:21,Scheduled
3505,403505,2026-04-26 16:25:39,Scheduled
3506,403506,2026-04-25 02:09:23,Scheduled
3507,403507,2026-04-28 08:29:27,Scheduled
3508,403508,2026-04-25 13:10:31,Scheduled
3509,403509,2026-04-28 06:24:04,Scheduled
3510,403510,2026-04-24 17:55:10,Scheduled
3511,403511,2026-04-29 11:53:36,Scheduled
3512,403512,2026-04-24 02:54:45,Cancelled
3513,403513,2026-04-27 08:08:45,Scheduled
3514,403514,2026-04-28 10:47:54,Scheduled
3515,403515,2026-04-28 01:20:52,Scheduled
3516,403516,2026-04-29 09:31:29,Scheduled
3517,403517,2026-04-30 06:01:01,Scheduled
3518,403518,2026-04-29 13:14:48,Scheduled
3519,403519,2026-04-29 08:19:10,Scheduled
3520,403520,2026-04-28 19:21:21,Scheduled
3521,403521,2026-04-29 14:24:08,Scheduled
3522,403522,2026-04-28 14:11:53,Scheduled
3523,403523,2026-04-30 02:26:00,Scheduled
3524,403524,2026-04-26 20:59:02,Scheduled
3525,403525,2026-04-27 07:44:08,Scheduled
3526,403526,2026-04-26 18:55:12,Scheduled
3527,403527,2026-04-29 15:25:08,Scheduled
3528,403528,2026-04-29 05:41:11,Scheduled
3529,403529,2026-04-28 22:11:15,Scheduled
3530,403530,2026-04-27 21:23:06,Scheduled
3531,403531,2026-04-30 01:02:35,Scheduled
3532,403532,2026-04-29 21:34:36,Scheduled
3533,403533,2026-05-03 10:16:05,Scheduled
3534,403534,2026-05-01 10:55:28,Scheduled
3535,403535,2026-04-28 15:12:51,Scheduled
3536,403536,2026-04-29 09:10:08,Scheduled
3537,403537,2026-04-29 07:46:04,Scheduled
3538,403538,2026-05-02 16:32:54,Cancelled
3539,403539,2026-05-04 06:34:17,Cancelled
3540,403540,2026-05-03 09:45:44,Scheduled
3541,403541,2026-04-29 20:15:01,Scheduled
3542,403542,2026-05-03 06:11:13,Scheduled
3543,403543,2026-05-05 01:50:37,Scheduled
3544,403544,2026-05-03 21:17:38,Scheduled
3545,403545,2026-05-03 20:53:11,Scheduled
3546,403546,2026-04-30 16:02:38,Scheduled
3547,403547,2026-05-03 11:42:31,Scheduled
3548,403548,2026-05-05 05:35:02,Scheduled
3549,403549,2026-05-04 12:46:56,Cancelled
3550,403550,2026-05-06 19:55:05,Scheduled
3551,403551,2026-05-02 08:58:37,Scheduled
3552,403552,2026-05-02 09:03:26,Scheduled
3553,403553,2026-05-06 16:37:18,Scheduled
3554,403554,2026-05-07 01:45:48,Scheduled
3555,403555,2026-05-05 18:23:32,Scheduled
3556,403556,2026-05-02 06:27:46,Scheduled
3557,403557,2026-05-02 05:31:21,Scheduled
3558,403558,2026-05-03 09:31:06,Scheduled
3559,403559,2026-05-06 08:52:30,Scheduled
3560,403560,2026-05-04 22:28:23,Scheduled
3561,403561,2026-05-07 19:45:24,Scheduled
3562,403562,2026-05-05 06:01:06,Cancelled
3563,403563,2026-05-05 16:06:06,Scheduled
3564,403564,2026-05-04 15:01:14,Scheduled
3565,403565,2026-05-03 10:16:50,Scheduled
3566,403566,2026-05-08 03:23:04,Scheduled
3567,403567,2026-05-04 04:51:23,Scheduled
3568,403568,2026-05-07 10:07:53,Scheduled
3569,403569,2026-05-09 11:05:55,Scheduled
3570,403570,2026-05-04 22:48:07,Scheduled
3571,403571,2026-05-09 20:18:32,Scheduled
3572,403572,2026-05-09 21:16:04,Scheduled
3573,403573,2026-05-07 01:28:46,Scheduled
3574,403574,2026-05-10 05:57:43,Scheduled
3575,403575,2026-05-07 16:06:19,Scheduled
3576,403576,2026-05-06 19:59:08,Scheduled
3577,403577,2026-05-06 23:06:24,Scheduled
3578,403578,2026-05-05 17:11:45,Scheduled
3579,403579,2026-05-05 21:57:24,Scheduled
3580,403580,2026-05-07 12:11:22,Scheduled
3581,403581,2026-05-05 11:21:03,Scheduled
3582,403582,2026-05-08 12:12:39,Scheduled
3583,403583,2026-05-10 15:08:58,Scheduled
3584,403584,2026-05-06 00:15:42,Scheduled
3585,403585,2026-05-10 09:14:26,Scheduled
3586,403586,2026-05-08 23:54:27,Scheduled
3587,403587,2026-05-07 13:15:41,Scheduled
3588,403588,2026-05-10 11:49:12,Scheduled
3589,403589,2026-05-06 15:23:58,Scheduled
3590,403590,2026-05-11 01:36:30,Scheduled
3591,403591,2026-05-06 20:43:57,Cancelled
3592,403592,2026-05-10 03:13:16,Scheduled
3593,403593,2026-05-09 01:37:17,Scheduled
3594,403594,2026-05-09 19:13:43,Scheduled
3595,403595,2026-05-12 18:07:22,Scheduled
3596,403596,2026-05-11 10:48:48,Scheduled
3597,403597,2026-05-10 09:34:17,Scheduled
3598,403598,2026-05-07 16:38:43,Scheduled
3599,403599,2026-05-09 07:12:40,Scheduled
3600,403600,2026-05-09 00:47:55,Scheduled
3601,403601,2026-05-11 01:09:08,Scheduled
3602,403602,2026-05-08 23:27:49,Scheduled
3603,403603,2026-05-12 13:04:55,Scheduled
3604,403604,2026-05-13 15:05:15,Scheduled
3605,403605,2026-05-11 23:25:12,Scheduled
3606,403606,2026-05-09 02:27:59,Scheduled
3607,403607,2026-05-11 02:29:39,Scheduled
3608,403608,2026-05-11 17:09:45,Scheduled
3609,403609,2026-05-10 16:21:48,Scheduled
3610,403610,2026-05-13 19:55:34,Scheduled
3611,403611,2026-05-12 00:55:04,Scheduled
3612,403612,2026-05-14 02:50:37,Scheduled
3613,403613,2026-05-10 22:01:57,Scheduled
3614,403614,2026-05-10 04:30:57,Scheduled
3615,403615,2026-05-13 20:54:54,Scheduled
3616,403616,2026-05-15 04:16:37,Scheduled
3617,403617,2026-05-13 18:42:02,Scheduled
3618,403618,2026-05-13 20:39:14,Scheduled
3619,403619,2026-05-15 13:58:11,Scheduled
3620,403620,2026-05-14 20:12:11,Scheduled
3621,403621,2026-05-15 01:26:45,Scheduled
3622,403622,2026-05-15 14:02:31,Scheduled
3623,403623,2026-05-16 00:44:01,Scheduled
3624,403624,2026-05-15 02:40:27,Scheduled
3625,403625,2026-05-16 11:20:12,Scheduled
3626,403626,2026-05-14 02:55:46,Scheduled
3627,403627,2026-05-14 13:45:41,Scheduled
3628,403628,2026-05-13 09:24:21,Scheduled
3629,403629,2026-05-13 05:24:22,Cancelled
3630,403630,2026-05-14 17:27:47,Scheduled
3631,403631,2026-05-12 08:28:40,Scheduled
3632,403632,2026-05-17 12:46:23,Scheduled
3633,403633,2026-05-13 19:08:14,Scheduled
3634,403634,2026-05-15 22:24:35,Scheduled
3635,403635,2026-05-14 15:27:19,Scheduled
3636,403636,2026-05-15 12:49:44,Scheduled
3637,403637,2026-05-13 13:52:27,Scheduled
3638,403638,2026-05-13 08:00:24,Scheduled
3639,403639,2026-05-15 10:36:51,Scheduled
3640,403640,2026-05-14 02:43:28,Cancelled
3641,403641,2026-05-18 06:35:24,Scheduled
3642,403642,2026-05-16 22:47:14,Scheduled
3643,403643,2026-05-17 14:21:37,Cancelled
3644,403644,2026-05-16 16:04:36,Scheduled
3645,403645,2026-05-18 05:19:47,Scheduled
3646,403646,2026-05-17 17:08:14,Cancelled
3647,403647,2026-05-17 08:29:45,Scheduled
3648,403648,2026-05-18 06:20:51,Scheduled
3649,403649,2026-05-14 20:34:34,Scheduled
3650,403650,2026-05-19 03:38:22,Scheduled
3651,403651,2026-05-15 17:37:27,Scheduled
3652,403652,2026-05-17 07:32:47,Scheduled
3653,403653,2026-05-21 07:29:31,Scheduled
3654,403654,2026-05-16 04:09:48,Cancelled
3655,403655,2026-05-20 20:46:33,Scheduled
3656,403656,2026-05-18 17:09:13,Scheduled
3657,403657,2026-05-21 13:13:33,Scheduled
3658,403658,2026-05-21 15:38:22,Scheduled
3659,403659,2026-05-21 02:32:10,Scheduled
3660,403660,2026-05-16 22:03:20,Scheduled
3661,403661,2026-05-17 16:29:36,Scheduled
3662,403662,2026-05-21 02:34:22,Scheduled
3663,403663,2026-05-18 01:20:38,Scheduled
3664,403664,2026-05-19 22:36:39,Scheduled
3665,403665,2026-05-18 20:42:13,Scheduled
3666,403666,2026-05-20 23:24:55,Scheduled
3667,403667,2026-05-22 00:45:03,Scheduled
3668,403668,2026-05-18 17:56:06,Scheduled
3669,403669,2026-05-17 17:48:51,Scheduled
3670,403670,2026-05-19 02:19:10,Scheduled
3671,403671,2026-05-23 02:30:37,Scheduled
3672,403672,2026-05-19 07:23:04,Scheduled
3673,403673,2026-05-19 12:05:48,Scheduled
3674,403674,2026-05-23 13:18:50,Scheduled
3675,403675,2026-05-20 21:03:45,Scheduled
3676,403676,2026-05-21 18:38:31,Scheduled
3677,403677,2026-05-18 18:47:18,Scheduled
3678,403678,2026-05-22 08:20:07,Scheduled
3679,403679,2026-05-20 14:55:14,Scheduled
3680,403680,2026-05-19 14:09:53,Scheduled
3681,403681,2026-05-23 01:18:48,Scheduled
3682,403682,2026-05-21 08:31:55,Scheduled
3683,403683,2026-05-21 20:24:24,Scheduled
3684,403684,2026-05-21 04:33:16,Scheduled
3685,403685,2026-05-19 19:46:33,Scheduled
3686,403686,2026-05-20 06:44:26,Cancelled
3687,403687,2026-05-24 09:36:47,Scheduled
3688,403688,2026-05-20 14:17:01,Scheduled
3689,403689,2026-05-21 13:20:32,Scheduled
3690,403690,2026-05-20 23:42:41,Scheduled
3691,403691,2026-05-22 02:28:21,Scheduled
3692,403692,2026-05-24 16:22:37,Scheduled
3693,403693,2026-05-24 20:41:01,Scheduled
3694,403694,2026-05-25 15:23:43,Scheduled
3695,403695,2026-05-21 08:04:40,Scheduled
3696,403696,2026-05-24 04:35:42,Scheduled
3697,403697,2026-05-22 17:07:56,Scheduled
3698,403698,2026-05-23 00:41:01,Scheduled
3699,403699,2026-05-23 12:41:27,Scheduled
3700,403700,2026-05-22 08:02:09,Scheduled
3701,403701,2026-05-21 08:18:01,Scheduled
3702,403702,2026-05-20 16:50:47,Scheduled
3703,403703,2026-05-22 19:31:34,Cancelled
3704,403704,2026-05-22 03:17:53,Scheduled
3705,403705,2026-05-25 18:59:52,Scheduled
3706,403706,2026-05-26 09:34:29,Scheduled
3707,403707,2026-05-23 13:31:33,Scheduled
3708,403708,2026-05-23 13:51:46,Scheduled
3709,403709,2026-05-22 23:38:45,Scheduled
3710,403710,2026-05-23 10:00:38,Scheduled
3711,403711,2026-05-23 14:52:48,Scheduled
3712,403712,2026-05-24 20:22:47,Scheduled
3713,403713,2026-05-25 10:41:38,Scheduled
3714,403714,2026-05-25 07:22:55,Scheduled
3715,403715,2026-05-27 22:09:07,Scheduled
3716,403716,2026-05-23 10:47:31,Scheduled
3717,403717,2026-05-28 19:17:30,Scheduled
3718,403718,2026-05-23 14:13:00,Scheduled
3719,403719,2026-05-28 14:07:24,Scheduled
3720,403720,2026-05-24 11:57:59,Scheduled
3721,403721,2026-05-29 03:22:59,Scheduled
3722,403722,2026-05-24 11:44:17,Scheduled
3723,403723,2026-05-28 11:10:26,Scheduled
3724,403724,2026-05-27 21:41:44,Scheduled
3725,403725,2026-05-29 13:45:47,Scheduled
3726,403726,2026-05-29 22:54:52,Scheduled
3727,403727,2026-05-28 15:23:34,Scheduled
3728,403728,2026-05-30 03:06:15,Scheduled
3729,403729,2026-05-25 11:41:21,Cancelled
3730,403730,2026-05-30 05:59:55,Scheduled
3731,403731,2026-05-30 01:28:04,Scheduled
3732,403732,2026-05-29 16:27:02,Scheduled
3733,403733,2026-05-29 19:02:35,Scheduled
3734,403734,2026-05-27 23:14:56,Scheduled
3735,403735,2026-05-25 21:59:00,Scheduled
3736,403736,2026-05-26 20:26:04,Scheduled
3737,403737,2026-05-31 03:04:16,Scheduled
3738,403738,2026-05-30 03:49:47,Scheduled
3739,403739,2026-05-27 18:49:07,Scheduled
3740,403740,2026-05-26 07:10:54,Scheduled
3741,403741,2026-05-27 09:54:39,Scheduled
3742,403742,2026-05-31 15:05:07,Scheduled
3743,403743,2026-05-26 21:04:50,Scheduled
3744,403744,2026-06-01 11:20:23,Scheduled
3745,403745,2026-05-28 13:22:39,Scheduled
3746,403746,2026-05-26 21:54:16,Scheduled
3747,403747,2026-05-30 07:13:20,Scheduled
3748,403748,2026-06-01 02:56:37,Scheduled
3749,403749,2026-05-30 16:39:38,Scheduled
3750,403750,2026-06-01 12:19:55,Scheduled
3751,403751,2026-05-28 22:44:16,Scheduled
3752,403752,2026-06-01 12:27:14,Scheduled
3753,403753,2026-05-28 06:17:19,Scheduled
3754,403754,2026-06-01 02:51:18,Scheduled
3755,403755,2026-05-30 00:32:22,Scheduled
3756,403756,2026-05-31 07:30:45,Scheduled
3757,403757,2026-05-31 22:55:57,Scheduled
3758,403758,2026-06-03 06:33:55,Scheduled
3759,403759,2026-05-29 01:45:04,Scheduled
3760,403760,2026-06-02 07:12:52,Scheduled
3761,403761,2026-05-31 23:01:46,Scheduled
3762,403762,2026-06-02 12:33:35,Scheduled
3763,403763,2026-05-30 12:35:28,Scheduled
3764,403764,2026-05-30 16:33:48,Scheduled
3765,403765,2026-06-02 05:42:19,Scheduled
3766,403766,2026-06-04 00:27:20,Scheduled
3767,403767,2026-06-03 23:10:33,Scheduled
3768,403768,2026-06-03 08:05:55,Scheduled
3769,403769,2026-06-04 04:57:58,Scheduled
3770,403770,2026-06-04 05:39:37,Scheduled
3771,403771,2026-05-31 11:25:36,Scheduled
3772,403772,2026-05-30 22:07:31,Scheduled
3773,403773,2026-06-01 20:46:08,Scheduled
3774,403774,2026-05-31 14:32:28,Scheduled
3775,403775,2026-05-31 02:43:35,Scheduled
3776,403776,2026-06-04 04:20:12,Scheduled
3777,403777,2026-06-01 22:02:21,Scheduled
3778,403778,2026-06-04 18:51:50,Cancelled
3779,403779,2026-06-05 23:54:02,Scheduled
3780,403780,2026-06-05 21:57:18,Scheduled
3781,403781,2026-06-06 01:09:30,Scheduled
3782,403782,2026-06-01 23:27:18,Scheduled
3783,403783,2026-06-05 02:29:04,Scheduled
3784,403784,2026-06-02 03:05:37,Scheduled
3785,403785,2026-06-02 03:56:48,Scheduled
3786,403786,2026-06-05 20:54:39,Scheduled
3787,403787,2026-06-03 19:12:24,Scheduled
3788,403788,2026-06-03 00:51:55,Scheduled
3789,403789,2026-06-03 15:48:02,Scheduled
3790,403790,2026-06-03 10:31:49,Scheduled
3791,403791,2026-06-05 06:40:48,Scheduled
3792,403792,2026-06-06 04:15:41,Scheduled
3793,403793,2026-06-03 06:16:25,Scheduled
3794,403794,2026-06-02 21:35:05,Scheduled
3795,403795,2026-06-02 07:38:51,Scheduled
3796,403796,2026-06-03 08:30:08,Scheduled
3797,403797,2026-06-02 23:59:23,Scheduled
3798,403798,2026-06-04 14:22:47,Scheduled
3799,403799,2026-06-08 14:08:39,Scheduled
3800,403800,2026-06-05 06:24:21,Scheduled
3801,403801,2026-06-04 17:17:04,Scheduled
3802,403802,2026-06-08 00:33:20,Scheduled
3803,403803,2026-06-06 10:27:37,Scheduled
3804,403804,2026-06-07 03:42:07,Scheduled
3805,403805,2026-06-06 10:03:03,Scheduled
3806,403806,2026-06-05 14:30:40,Scheduled
3807,403807,2026-06-04 09:56:25,Scheduled
3808,403808,2026-06-08 16:18:31,Scheduled
3809,403809,2026-06-09 11:45:51,Scheduled
3810,403810,2026-06-07 06:13:37,Scheduled
3811,403811,2026-06-06 04:44:07,Scheduled
3812,403812,2026-06-09 14:24:19,Scheduled
3813,403813,2026-06-09 09:29:59,Scheduled
3814,403814,2026-06-05 00:54:50,Scheduled
3815,403815,2026-06-09 14:15:45,Scheduled
3816,403816,2026-06-08 09:20:45,Scheduled
3817,403817,2026-06-08 06:30:42,Scheduled
3818,403818,2026-06-08 14:54:30,Scheduled
3819,403819,2026-06-06 16:25:01,Scheduled
3820,403820,2026-06-05 21:50:51,Scheduled
3821,403821,2026-06-07 15:11:01,Scheduled
3822,403822,2026-06-06 09:57:23,Scheduled
3823,403823,2026-06-06 11:58:46,Scheduled
3824,403824,2026-06-06 06:57:27,Scheduled
3825,403825,2026-06-09 12:33:58,Scheduled
3826,403826,2026-06-12 00:40:17,Scheduled
3827,403827,2026-06-09 16:32:42,Scheduled
3828,403828,2026-06-10 18:32:07,Scheduled
3829,403829,2026-06-12 04:34:02,Scheduled
3830,403830,2026-06-12 12:22:35,Scheduled
3831,403831,2026-06-10 15:04:54,Scheduled
3832,403832,2026-06-12 01:20:57,Scheduled
3833,403833,2026-06-10 19:23:02,Scheduled
3834,403834,2026-06-10 07:02:05,Scheduled
3835,403835,2026-06-10 23:26:34,Scheduled
3836,403836,2026-06-08 21:43:52,Scheduled
3837,403837,2026-06-12 10:59:07,Scheduled
3838,403838,2026-06-09 14:18:41,Scheduled
3839,403839,2026-06-11 20:33:44,Scheduled
3840,403840,2026-06-09 19:53:33,Scheduled
3841,403841,2026-06-09 04:28:36,Scheduled
3842,403842,2026-06-10 23:25:16,Cancelled
3843,403843,2026-06-14 11:23:17,Scheduled
3844,403844,2026-06-10 00:35:21,Scheduled
3845,403845,2026-06-10 07:04:02,Scheduled
3846,403846,2026-06-11 17:05:38,Scheduled
3847,403847,2026-06-10 20:39:18,Scheduled
3848,403848,2026-06-14 23:40:00,Scheduled
3849,403849,2026-06-15 19:08:46,Scheduled
3850,403850,2026-06-15 08:34:29,Scheduled
3851,403851,2026-06-15 00:43:22,Scheduled
3852,403852,2026-06-10 10:58:58,Scheduled
3853,403853,2026-06-11 05:36:17,Scheduled
3854,403854,2026-06-10 20:44:27,Scheduled
3855,403855,2026-06-15 18:30:57,Scheduled
3856,403856,2026-06-15 17:56:27,Scheduled
3857,403857,2026-06-12 02:14:49,Scheduled
3858,403858,2026-06-16 13:54:53,Scheduled
3859,403859,2026-06-16 13:14:06,Scheduled
3860,403860,2026-06-13 06:35:14,Scheduled
3861,403861,2026-06-12 13:25:06,Scheduled
3862,403862,2026-06-11 23:14:47,Scheduled
3863,403863,2026-06-15 15:06:52,Scheduled
3864,403864,2026-06-17 01:46:22,Scheduled
3865,403865,2026-06-13 19:48:57,Scheduled
3866,403866,2026-06-16 18:24:41,Scheduled
3867,403867,2026-06-15 15:33:16,Scheduled
3868,403868,2026-06-16 21:19:04,Scheduled
3869,403869,2026-06-17 09:48:31,Scheduled
3870,403870,2026-06-18 07:59:11,Scheduled
3871,403871,2026-06-14 22:42:11,Scheduled
3872,403872,2026-06-13 15:42:00,Scheduled
3873,403873,2026-06-16 08:16:04,Scheduled
3874,403874,2026-06-18 04:37:41,Scheduled
3875,403875,2026-06-13 14:43:35,Scheduled
3876,403876,2026-06-15 10:44:31,Scheduled
3877,403877,2026-06-14 12:20:32,Scheduled
3878,403878,2026-06-18 21:00:58,Scheduled
3879,403879,2026-06-17 09:01:23,Scheduled
3880,403880,2026-06-15 10:23:45,Scheduled
3881,403881,2026-06-19 15:01:04,Scheduled
3882,403882,2026-06-19 15:59:18,Scheduled
3883,403883,2026-06-18 00:47:50,Scheduled
3884,403884,2026-06-17 02:35:24,Scheduled
3885,403885,2026-06-14 20:56:41,Scheduled
3886,403886,2026-06-19 04:44:41,Scheduled
3887,403887,2026-06-19 07:36:10,Scheduled
3888,403888,2026-06-20 00:00:33,Scheduled
3889,403889,2026-06-15 08:35:50,Scheduled
3890,403890,2026-06-14 19:10:55,Scheduled
3891,403891,2026-06-16 11:46:55,Scheduled
3892,403892,2026-06-19 15:52:51,Scheduled
3893,403893,2026-06-19 02:55:29,Scheduled
3894,403894,2026-06-17 13:12:01,Scheduled
3895,403895,2026-06-21 06:27:50,Scheduled
3896,403896,2026-06-19 06:57:01,Scheduled
3897,403897,2026-06-21 06:10:03,Scheduled
3898,403898,2026-06-16 19:55:50,Scheduled
3899,403899,2026-06-20 02:11:14,Scheduled
3900,403900,2026-06-22 00:52:08,Scheduled
3901,403901,2026-06-21 09:25:02,Cancelled
3902,403902,2026-06-18 07:15:12,Scheduled
3903,403903,2026-06-22 03:09:48,Scheduled
3904,403904,2026-06-18 18:10:13,Scheduled
3905,403905,2026-06-18 04:04:01,Scheduled
3906,403906,2026-06-22 06:52:11,Scheduled
3907,403907,2026-06-17 09:40:32,Scheduled
3908,403908,2026-06-21 00:21:31,Scheduled
3909,403909,2026-06-23 00:33:51,Scheduled
3910,403910,2026-06-18 12:53:23,Scheduled
3911,403911,2026-06-20 12:15:49,Cancelled
3912,403912,2026-06-18 17:44:20,Scheduled
3913,403913,2026-06-19 09:05:25,Scheduled
3914,403914,2026-06-22 06:07:03,Scheduled
3915,403915,2026-06-17 17:42:17,Cancelled
3916,403916,2026-06-19 05:22:42,Scheduled
3917,403917,2026-06-19 23:18:03,Scheduled
3918,403918,2026-06-21 19:34:48,Scheduled
3919,403919,2026-06-19 20:31:54,Scheduled
3920,403920,2026-06-22 09:13:26,Scheduled
3921,403921,2026-06-22 17:54:07,Scheduled
3922,403922,2026-06-20 16:39:51,Cancelled
3923,403923,2026-06-20 21:49:32,Scheduled
3924,403924,2026-06-22 00:11:03,Scheduled
3925,403925,2026-06-23 03:43:14,Scheduled
3926,403926,2026-06-20 21:01:58,Scheduled
3927,403927,2026-06-23 12:16:01,Scheduled
3928,403928,2026-06-21 06:46:13,Scheduled
3929,403929,2026-06-24 00:52:18,Scheduled
3930,403930,2026-06-24 14:45:01,Scheduled
3931,403931,2026-06-20 22:15:40,Scheduled
3932,403932,2026-06-25 22:39:05,Scheduled
3933,403933,2026-06-25 12:44:46,Scheduled
3934,403934,2026-06-23 07:23:07,Scheduled
3935,403935,2026-06-22 18:33:37,Scheduled
3936,403936,2026-06-25 21:35:15,Scheduled
3937,403937,2026-06-25 13:51:47,Scheduled
3938,403938,2026-06-24 09:04:29,Scheduled
3939,403939,2026-06-25 08:11:30,Scheduled
3940,403940,2026-06-22 23:34:08,Cancelled
3941,403941,2026-06-26 17:49:48,Scheduled
3942,403942,2026-06-25 04:38:17,Scheduled
3943,403943,2026-06-24 18:14:55,Scheduled
3944,403944,2026-06-24 23:19:58,Scheduled
3945,403945,2026-06-25 05:14:15,Scheduled
3946,403946,2026-06-28 07:33:12,Scheduled
3947,403947,2026-06-26 19:42:39,Scheduled
3948,403948,2026-06-26 12:00:29,Scheduled
3949,403949,2026-06-28 19:20:53,Cancelled
3950,403950,2026-06-28 18:26:06,Scheduled
3951,403951,2026-06-29 00:44:09,Scheduled
3952,403952,2026-06-26 15:48:55,Scheduled
3953,403953,2026-06-24 07:46:14,Scheduled
3954,403954,2026-06-25 23:59:52,Scheduled
3955,403955,2026-06-29 06:54:46,Scheduled
3956,403956,2026-06-26 17:03:23,Scheduled
3957,403957,2026-06-29 15:41:45,Scheduled
3958,403958,2026-06-27 21:54:19,Scheduled
3959,403959,2026-06-27 16:11:01,Scheduled
3960,403960,2026-06-30 00:38:20,Scheduled
3961,403961,2026-06-30 12:40:53,Scheduled
3962,403962,2026-06-27 21:37:16,Scheduled
3963,403963,2026-06-30 15:23:23,Scheduled
3964,403964,2026-06-28 07:20:12,Scheduled
3965,403965,2026-06-26 02:31:30,Scheduled
3966,403966,2026-06-29 15:39:52,Scheduled
3967,403967,2026-06-27 21:22:02,Scheduled
3968,403968,2026-06-28 19:44:39,Scheduled
3969,403969,2026-06-28 02:51:12,Scheduled
3970,403970,2026-06-27 01:43:29,Scheduled
3971,403971,2026-06-30 10:11:56,Scheduled
3972,403972,2026-06-27 23:03:55,Scheduled
3973,403973,2026-06-29 16:52:58,Scheduled
3974,403974,2026-06-28 15:18:24,Scheduled
3975,403975,2026-07-01 02:44:30,Scheduled
3976,403976,2026-06-29 23:42:00,Scheduled
3977,403977,2026-07-01 04:59:46,Scheduled
3978,403978,2026-06-29 04:21:39,Scheduled
3979,403979,2026-07-01 03:11:54,Scheduled
3980,403980,2026-06-28 16:29:53,Scheduled
3981,403981,2026-07-01 05:38:21,Scheduled
3982,403982,2026-07-02 20:57:37,Scheduled
3983,403983,2026-06-30 14:06:09,Scheduled
3984,403984,2026-06-29 14:53:07,Scheduled
3985,403985,2026-06-28 01:50:24,Scheduled
3986,403986,2026-06-30 23:24:34,Scheduled
3987,403987,2026-07-01 09:27:09,Scheduled
3988,403988,2026-07-04 14:22:20,Scheduled
3989,403989,2026-07-02 07:25:06,Scheduled
3990,403990,2026-07-02 18:25:58,Scheduled
3991,403991,2026-07-04 11:25:37,Scheduled
3992,403992,2026-07-01 09:02:17,Scheduled
3993,403993,2026-07-02 02:38:57,Scheduled
3994,403994,2026-06-30 22:20:05,Scheduled
3995,403995,2026-07-02 00:50:08,Scheduled
3996,403996,2026-07-03 16:39:38,Scheduled
3997,403997,2026-07-02 08:04:46,Scheduled
3998,403998,2026-07-03 01:06:21,Scheduled
3999,403999,2026-06-30 15:10:15,Scheduled
4000,404000,2026-07-01 10:11:59,Cancelled
