customer_id,customer_name,phone,email,state,customer_since
200001,Jared Smith,404-609-6551,qdunlap@example.org,NC,2019-07-26
200002,Kyle Cook,601-261-8613,perezsamuel@example.org,NC,2019-09-15
200003,Brett Khan,084-256-4639,jonathan16@example.org,NC,2019-06-16
200004,Karen Patel,967-426-5826,jillianschwartz@example.com,SC,2019-06-26
200005,Kevin Brady,439-684-1407,kcopeland@example.org,NC,2019-04-11
200006,Charles Hunter,606-106-2554,monica06@example.net,NC,2020-09-30
200007,Jason Adams,173-273-0885,nbowman@example.com,NC,2024-03-25
200008,Gerald Velasquez,007-704-7302,jackiefaulkner@example.org,NC,2023-09-16
200009,Christine Williams,809-430-5942,oquinn@example.net,NC,2024-05-22
200010,William Gill,340-157-3984,karen18@example.com,NC,2020-12-28
200011,Kimberly York,780-453-8725,delacruzdavid@example.net,NC,2021-09-21
200012,Richard Gallegos,062-473-1143,paul73@example.org,TN,2025-02-25
200013,Nicholas Flores,769-966-1861,deborahford@example.net,GA,2021-05-08
200014,Darlene Gonzalez,867-124-4333,sellersshelley@example.net,SC,2018-07-19
200015,Mrs. Cynthia Green,653-397-9805,copelandbrent@example.org,NC,2022-02-23
200016,Christina Williams,153-661-2994,bondtravis@example.org,NC,2018-05-10
200017,Jim Smith,007-759-1684,maureensalazar@example.org,NC,2023-10-04
200018,Mrs. Kayla Burch,588-347-4353,gonzalezjeremy@example.org,NC,2020-11-12
200019,Stacy Potts,696-300-4463,rodriguezronald@example.net,NC,2025-10-08
200020,Kristen Carroll,045-686-6847,ksmith@example.net,NC,2023-05-20
200021,Todd Mcdonald,198-376-8668,bcarter@example.com,NC,2023-05-28
200022,Chelsea Miller,426-001-1212,wjohnson@example.net,GA,2019-04-27
200023,Veronica Patterson,098-156-2681,regina79@example.net,NC,2019-03-09
200024,Jason Hooper,299-306-2697,frank37@example.net,NC,2021-03-18
200025,Jason Benson,182-358-3443,lawrenceconley@example.net,NC,2020-03-12
200026,John Clark,605-585-6692,johnhoward@example.com,FL,2019-10-21
200027,Anne Taylor,733-391-4872,wilsonsean@example.com,VA,2025-04-03
200028,Peter Mcguire,164-331-7094,adkinskelly@example.net,NC,2021-12-23
200029,Jessica Rodriguez,650-180-7979,phines@example.org,NC,2021-01-16
200030,Nicole Owens,096-437-4182,fluna@example.org,FL,2018-12-27
200031,Julie Warren,505-238-9762,samuel99@example.com,GA,2018-04-26
200032,Jasmine Fox,099-066-1914,douglas33@example.net,NC,2020-11-29
200033,Dr. Thomas Diaz,898-533-7720,woodlinda@example.org,TN,2025-01-17
200034,Jacob Rodriguez,971-222-8005,butlerscott@example.com,SC,2024-05-05
200035,Kevin Cox,334-983-3979,browndavid@example.com,NC,2021-02-06
200036,Brittany Mckee,859-324-3790,perryhannah@example.com,NC,2021-02-19
200037,Alexis Torres,387-814-9590,yross@example.org,NC,2018-03-01
200038,Stacey Richards,330-446-6719,danielaguirre@example.com,VA,2022-03-25
200039,Joseph Johnson,791-251-8495,westangela@example.org,NC,2023-04-20
200040,David Soto,766-651-8246,hallchristopher@example.com,SC,2024-10-01
200041,Bryce Burns,204-483-4685,deborah34@example.org,NC,2021-11-12
200042,Danielle Moody,245-202-4402,danielle19@example.net,SC,2023-10-25
200043,Jonathan Smith,185-160-8014,ikline@example.org,NC,2021-02-06
200044,Courtney Meadows,389-157-2847,wilkinsonjacob@example.org,NC,2021-09-04
200045,Jennifer Smith,742-531-1346,james89@example.com,VA,2019-06-03
200046,Tyler Webb,698-048-1368,crystalgilbert@example.org,NC,2021-05-20
200047,Susan Baker,398-294-8127,robertmccarthy@example.org,SC,2022-10-28
200048,Kimberly Andrews,017-544-3159,nfox@example.net,NC,2024-06-24
200049,Jeffery Petty,808-841-0649,vanessagordon@example.org,VA,2018-11-28
200050,Katie Russell,651-751-2590,weverett@example.net,NC,2024-12-25
200051,Jeremy Lowe,648-946-3836,davidtaylor@example.com,NC,2022-08-21
200052,Nicole Shaffer,296-514-8487,pamelaross@example.net,NC,2023-10-04
200053,Paul Vargas,327-894-7312,dparker@example.net,SC,2022-07-26
200054,Richard Rollins,783-765-5421,michelle95@example.com,VA,2019-05-27
200055,Destiny Davis,855-918-3754,kelly80@example.net,NC,2023-06-07
200056,Colleen Tran,140-810-8700,laura90@example.net,NC,2020-07-13
200057,Sheila Moore,858-232-7471,jennifer29@example.net,NC,2025-06-19
200058,Lee Moore,109-702-2392,johnny10@example.com,NC,2018-08-17
200059,David Washington,380-618-3948,mathewskelly@example.com,SC,2019-03-04
200060,Danielle Garcia,807-573-0336,lharmon@example.com,VA,2020-12-31
200061,Carolyn Adams,072-042-8124,holly77@example.org,TN,2025-01-24
200062,Yvonne Smith,881-049-7960,bakerjo@example.com,TN,2021-01-18
200063,Megan Cantrell,823-277-6616,miranda92@example.com,NC,2024-10-28
200064,Emily Ferguson,535-818-6802,acampos@example.com,VA,2022-10-21
200065,Michelle Tucker,164-219-8532,gonzalezkimberly@example.net,TN,2022-05-30
200066,Samantha Santos,362-777-6548,nicholasbradley@example.com,NC,2021-07-03
200067,Sheila Barnes,005-994-3654,pharrison@example.org,SC,2021-09-20
200068,Charles Arnold,802-529-7560,ejackson@example.org,TN,2021-12-05
200069,Robert Kennedy,147-151-7642,gregorykrueger@example.org,NC,2023-05-28
200070,James Lucas,625-790-8462,mercadojulian@example.com,VA,2020-08-10
200071,Melissa Davis,446-567-3777,elizabethdean@example.net,GA,2021-03-11
200072,Lisa Hines,414-818-4164,diana46@example.net,SC,2021-01-08
200073,Tina Arnold,519-664-8390,zmckay@example.net,FL,2018-03-02
200074,Tina Duncan,407-434-2023,nrobbins@example.org,VA,2024-06-04
200075,Michelle Tanner,802-230-1728,srocha@example.com,TN,2022-06-11
200076,Debbie Mitchell,366-638-1515,tracy67@example.com,SC,2019-04-10
200077,Mason Barton,453-865-9955,ygonzalez@example.com,TN,2022-10-12
200078,Jamie Serrano,648-180-6993,wallermichelle@example.org,SC,2024-08-11
200079,Ashley Vazquez,779-513-7675,juanespinoza@example.net,VA,2025-08-17
200080,Amanda Floyd MD,780-700-7984,jacob50@example.net,NC,2025-07-14
200081,Angela Gibbs,881-681-5768,castillorandy@example.org,SC,2023-07-17
200082,Catherine West,595-673-4781,dylanadams@example.net,NC,2021-02-23
200083,Leah Cox,880-027-3342,rdonovan@example.org,NC,2023-11-03
200084,Vincent Smith,406-847-8339,stephanieforbes@example.com,FL,2020-09-30
200085,Marissa Flores,767-816-5708,jeanne89@example.net,NC,2018-09-25
200086,John Juarez,523-380-9000,daniel61@example.com,NC,2020-09-26
200087,Christopher Gould,043-737-9699,sandersangela@example.com,NC,2019-07-05
200088,Justin Rosales,940-787-6428,kimberly87@example.org,VA,2024-08-18
200089,Luis Davis,854-402-1408,ronald40@example.net,NC,2021-07-22
200090,Samuel Franklin,481-836-5379,tabitha37@example.net,VA,2023-07-27
200091,Eric Olsen,632-701-4764,lwright@example.org,NC,2024-07-01
200092,Jessica Blake,937-529-3884,jrichards@example.org,TN,2025-02-28
200093,Mark Scott,370-510-6153,gonzalezscott@example.com,SC,2018-11-30
200094,Summer Rodriguez,436-807-6528,maldonadodaniel@example.org,NC,2024-06-11
200095,Kyle Johnson,510-525-3682,timothymartinez@example.net,SC,2022-09-20
200096,Brian Moore,019-429-6193,elizabeth37@example.net,NC,2020-09-25
200097,Kathleen Elliott,258-900-5924,angelavelasquez@example.org,NC,2025-01-10
200098,Erica Patton MD,636-140-8632,singhjessica@example.com,SC,2018-03-30
200099,Cristian Jackson MD,030-474-7197,ojohnson@example.com,SC,2019-12-31
200100,Jeremy Conley,954-442-7963,matthew80@example.net,SC,2018-09-12
200101,Benjamin Hall,888-956-1650,laurenwalker@example.org,NC,2022-02-17
200102,Jason Shea,152-666-3604,daniellejuarez@example.com,VA,2024-02-22
200103,Alex Lawrence,979-953-9828,meganmartin@example.org,NC,2023-12-26
200104,Michelle Mckinney,732-901-4683,wburke@example.org,SC,2021-07-04
200105,Lisa Johnson,082-634-6080,livingstondeborah@example.com,VA,2019-07-27
200106,Terri Levy,940-741-1465,kelly45@example.org,NC,2021-11-10
200107,Jeffrey Rogers,243-381-2240,blankenshipstacy@example.com,VA,2020-06-15
200108,Katelyn Gardner,865-677-4598,barnesmason@example.org,SC,2020-12-09
200109,Breanna Nguyen,513-286-4304,brandon17@example.net,NC,2022-10-07
200110,Dominic Gibson,639-328-0241,lynnwallace@example.net,SC,2021-08-16
200111,Chad Francis,354-883-0131,crawfordwilliam@example.org,SC,2023-08-14
200112,Vanessa White,384-837-8764,gwendolynstephens@example.net,NC,2018-12-07
200113,Tammy Soto,848-931-7711,blackvictoria@example.com,SC,2018-04-16
200114,Tonya Higgins,967-790-4344,josephmelissa@example.net,SC,2022-04-21
200115,Lisa Clark,510-737-7245,rick00@example.net,NC,2025-10-17
200116,John Joseph DDS,029-249-4350,oscarestrada@example.net,NC,2020-08-22
200117,Elizabeth Davis,150-659-9617,crystal27@example.org,NC,2018-09-09
200118,Mark Harrison,667-276-9054,tcarroll@example.org,FL,2018-04-03
200119,Kelly Graves,613-874-6287,oholder@example.com,SC,2019-04-19
200120,Lisa Velazquez,364-415-1939,stonedonna@example.net,SC,2022-03-23
200121,David Jones,582-878-7928,laura49@example.com,NC,2021-05-03
200122,Emily Swanson,609-209-4146,buckstephanie@example.net,TN,2019-10-30
200123,Savannah Young,930-056-3470,debbie96@example.net,SC,2018-03-30
200124,Dr. Bryan Weiss,113-618-8631,gentryjeffrey@example.com,VA,2025-06-20
200125,Amanda Jackson,296-163-3688,gturner@example.org,SC,2024-05-26
200126,Michael Martinez,256-240-4756,robinsonjennifer@example.org,SC,2024-08-16
200127,Paul Kelly,293-949-5150,jessicabooth@example.org,NC,2023-09-24
200128,Courtney Parks,225-541-0741,yjohnson@example.net,NC,2025-08-11
200129,Henry Blake,055-470-6195,cummingsryan@example.org,GA,2023-01-11
200130,Marcus Thomas,193-562-6438,yphillips@example.com,NC,2021-11-11
200131,Darrell Jefferson,242-780-3813,brookeward@example.net,VA,2023-07-21
200132,Stephen Pierce,965-638-0148,joshuali@example.net,NC,2022-01-15
200133,Taylor Small,900-680-6000,diane12@example.net,NC,2018-09-12
200134,Carolyn Green,504-902-3311,melaniemcclain@example.com,GA,2023-09-23
200135,Melissa Pineda,065-049-0383,charles91@example.org,NC,2023-03-22
200136,Colleen Alvarado,489-119-3244,matthew43@example.net,NC,2020-03-04
200137,Ronald James,347-034-4870,amills@example.com,NC,2025-12-16
200138,Sean Hampton,147-298-8630,melissamendez@example.com,SC,2022-12-03
200139,Jim Levy,645-052-7238,adam97@example.com,GA,2021-07-03
200140,Alyssa Archer,909-011-0046,jmoreno@example.org,NC,2023-01-15
200141,Brandon Guerra,035-396-5441,rthomas@example.org,VA,2018-06-07
200142,Craig Russell,996-394-6066,gparker@example.net,NC,2021-09-11
200143,Erica Arias,386-065-5903,trevor93@example.org,SC,2023-05-13
200144,Rodney Mason,152-579-4141,larrylynn@example.net,VA,2021-11-22
200145,Cassandra Ferguson,131-193-1878,robert07@example.com,NC,2025-10-01
200146,Angela Martinez,827-474-9909,whitesarah@example.com,TN,2022-08-29
200147,Justin Lawrence,641-127-5515,johnmelton@example.org,TN,2020-10-26
200148,Eric Harding,015-932-0454,christina72@example.net,VA,2019-06-02
200149,Michael Bennett,432-204-9081,martinezjacob@example.com,NC,2019-01-12
200150,Erica Arias,231-738-5876,malikmcgee@example.com,NC,2025-10-02
200151,Erin Solomon,533-981-1089,jonathon81@example.com,GA,2020-07-09
200152,Sarah Baldwin,590-988-6902,brianlewis@example.com,SC,2024-12-18
200153,Tracy Martin,330-988-6470,shawdonna@example.org,TN,2020-12-30
200154,Laura Booker,292-339-1134,singhalexis@example.net,GA,2020-06-11
200155,Stephanie Morgan,074-511-6248,ikrause@example.net,NC,2018-02-21
200156,John Serrano,107-081-7557,richardsdana@example.net,NC,2020-03-30
200157,Jennifer Baker,614-779-3426,umcdonald@example.com,NC,2023-10-23
200158,Misty Matthews,426-340-7552,fbeltran@example.net,NC,2023-12-31
200159,Jeffrey Thompson,972-658-4220,janetchapman@example.net,NC,2024-05-18
200160,Phillip Walls,892-483-1810,shieldssteven@example.net,NC,2018-09-07
200161,Elizabeth Williams,922-918-8541,paula84@example.org,VA,2019-08-19
200162,Lynn Noble,871-789-4274,dennisjordan@example.com,SC,2018-05-02
200163,Seth Saunders,642-035-8178,danielgreen@example.net,VA,2021-01-14
200164,Michael Berry,676-209-4046,alisongoodwin@example.org,SC,2018-12-30
200165,Christina Klein,410-297-6999,chapmancaleb@example.com,NC,2018-08-10
200166,Laura Hansen,322-965-6309,rachael79@example.net,NC,2025-05-13
200167,Stephanie Harmon,819-831-8492,kellypotts@example.net,NC,2022-08-19
200168,Mario Oneill,955-908-3889,brian87@example.net,TN,2025-10-16
200169,Nicole Roach,239-330-3731,david94@example.com,SC,2018-06-17
200170,Andrew Johnson,924-121-0598,matthew62@example.com,NC,2024-06-16
200171,Rebecca Crane,647-057-1784,josephedwards@example.org,NC,2021-07-11
200172,James Yu,106-391-6738,stokesscott@example.com,TN,2023-05-16
200173,Samantha Thompson,735-996-2487,xrosario@example.org,NC,2020-03-17
200174,Robert Griffin,291-572-8009,ryan12@example.net,FL,2024-09-26
200175,Stephanie Barber,688-496-3703,kathryn75@example.com,SC,2024-06-29
200176,Michael Huang,301-405-3274,john95@example.com,FL,2019-07-30
200177,Vincent Mitchell,630-117-9598,raymond70@example.org,TN,2022-04-27
200178,Cindy Dodson,024-192-5930,james37@example.com,NC,2024-09-11
200179,Sarah Cross,937-409-9742,jaredhunter@example.org,GA,2021-12-20
200180,Cody Jones,110-907-8939,rachel22@example.net,NC,2020-04-14
200181,Dr. Robert Nguyen DVM,035-007-6781,ebowers@example.com,SC,2022-04-18
200182,Kristen Cross,736-944-1348,paultimothy@example.org,NC,2020-07-22
200183,Lori Allison,224-770-5290,lindsayweiss@example.org,NC,2024-07-10
200184,Stacey Mcgee,986-797-0806,philip66@example.net,VA,2020-06-14
200185,Destiny Anderson,499-197-1721,jeffrey30@example.net,VA,2024-03-02
200186,Grace Smith,056-034-2082,julieallen@example.com,VA,2023-09-15
200187,Kimberly Martinez,532-691-7031,aaronweiss@example.com,SC,2019-10-05
200188,Joseph Gomez,382-295-3925,iburch@example.org,SC,2023-08-15
200189,Frederick Chan,597-361-1078,lisabecker@example.org,NC,2018-03-03
200190,William Kim,577-095-2631,joel58@example.com,SC,2021-08-23
200191,Brian Johnson,801-539-3080,eugenepatel@example.com,NC,2020-01-05
200192,Dustin Combs,321-140-8495,jfriedman@example.org,GA,2024-06-30
200193,April Brown,456-795-3176,jholland@example.com,NC,2019-07-20
200194,Isaac Hartman,636-081-2064,jenniferdiaz@example.com,FL,2018-10-23
200195,Carl Hall,513-413-1658,christophervega@example.net,NC,2024-06-24
200196,Tim Sutton,466-581-1673,tristan81@example.com,NC,2023-11-07
200197,Steven Lambert,262-583-7656,shogan@example.com,NC,2018-10-15
200198,Ashley Perez,110-634-9762,kelly42@example.com,NC,2024-09-16
200199,Richard Hill,041-358-7693,brian14@example.com,VA,2018-08-01
200200,George Espinoza,686-476-8853,hfischer@example.net,VA,2019-04-16
200201,Cassandra Andrade,309-259-1420,allenallison@example.com,SC,2019-06-03
200202,Susan Carter,656-054-6004,uscott@example.com,GA,2020-01-18
200203,Christina Nguyen,693-557-0051,cabrerakristin@example.org,NC,2021-03-13
200204,Tyler Donaldson,122-759-5475,ramosrobert@example.org,NC,2020-04-12
200205,Amanda Holder,774-927-7076,mcguiretravis@example.net,SC,2020-07-23
200206,Monique Torres,232-892-2545,danielle81@example.org,TN,2025-04-24
200207,Kelly Casey DDS,024-200-1152,andreajohnston@example.com,NC,2019-12-23
200208,Hannah Lang,524-164-3106,paul33@example.com,NC,2024-08-30
200209,Teresa Lyons,255-047-6477,melissamontoya@example.org,NC,2018-01-03
200210,Daniel Hall,417-713-1237,mitchellmadeline@example.net,FL,2025-01-08
200211,Elizabeth Bates,505-151-5542,davisjames@example.org,NC,2022-12-29
200212,Casey Marquez,541-615-1306,edwingarcia@example.com,VA,2019-03-31
200213,Tara Roberson,765-425-4552,thomas25@example.com,FL,2023-10-02
200214,Wanda Nguyen,725-898-0204,roy64@example.net,NC,2024-03-08
200215,Nicolas Dean,464-533-8822,carlamack@example.com,SC,2018-02-26
200216,Dawn Franklin,251-676-3582,susan60@example.org,GA,2023-07-26
200217,Dr. Joel Mcdonald DDS,112-806-6620,uestes@example.net,NC,2022-04-04
200218,Mark Bowman,428-835-5925,xwilliamson@example.net,GA,2024-05-20
200219,Mary Shaw,621-431-4650,pamela51@example.net,VA,2018-10-12
200220,Joanne Nguyen,695-064-6238,wwallace@example.net,GA,2021-11-24
200221,Dr. Amy Harris,522-327-9804,hilledward@example.com,VA,2025-06-19
200222,Jasmine Watson,160-350-6413,woodsbrent@example.net,NC,2024-02-27
200223,Christopher Carlson,158-457-3937,santiagojimmy@example.com,VA,2025-03-16
200224,Erin Kirk,544-723-5163,lorigarcia@example.com,NC,2018-06-16
200225,Mary Farmer,515-929-1246,paulaburton@example.org,NC,2022-12-05
200226,Timothy Allen,426-488-9059,scottpham@example.com,NC,2021-11-08
200227,Jerome Williams,024-389-4684,lewispaul@example.com,FL,2025-12-29
200228,Monica Lewis MD,515-758-9580,caleb83@example.net,NC,2020-02-24
200229,Samantha Herman,587-450-6440,khancrystal@example.com,GA,2018-12-05
200230,Mr. Matthew Butler,102-425-1449,harold71@example.org,GA,2021-09-28
200231,Thomas Bailey,220-966-5939,barnessarah@example.com,GA,2025-02-07
200232,Robert Tucker,638-839-2321,loribird@example.net,VA,2018-11-26
200233,Scott Huerta,031-784-7163,westamanda@example.net,NC,2023-07-16
200234,Brady Lopez,920-806-9578,laura93@example.net,NC,2023-01-06
200235,Jesus Turner,111-685-8897,austin50@example.net,VA,2021-02-24
200236,Rita Randall,735-292-9307,orosales@example.org,NC,2024-04-25
200237,Courtney Long,820-809-2406,sheri79@example.net,SC,2019-08-20
200238,Nancy Wallace,381-449-5325,ravenfrazier@example.net,SC,2020-03-29
200239,Elizabeth Thomas,442-183-9082,hunter45@example.org,VA,2019-05-31
200240,Mark Gregory,058-929-4426,davidcollins@example.org,NC,2025-02-21
200241,Mark Owens,569-473-5325,umiller@example.com,VA,2024-04-27
200242,Sean Brown,959-068-5128,pearsonchristopher@example.org,NC,2018-05-19
200243,Cindy Lewis,570-361-6321,qmills@example.net,FL,2018-02-23
200244,Joseph Jones,833-110-6115,ronald10@example.com,NC,2020-07-03
200245,Paula Grant,875-575-9957,kanecatherine@example.org,NC,2020-02-05
200246,Cindy Garcia,148-854-7397,dwayne97@example.org,NC,2021-05-27
200247,Stephanie Marquez,912-818-6917,michaelcooper@example.net,FL,2021-10-08
200248,James Lopez,993-556-7522,smithjames@example.net,NC,2025-03-26
200249,Nancy Savage,063-516-9074,davidandrews@example.net,SC,2024-10-05
200250,Emily Richmond,952-805-6911,mvalencia@example.net,SC,2024-03-09
200251,Robin Gomez,681-953-4671,jon98@example.org,VA,2021-08-20
200252,Jonathan Taylor,046-914-3885,shelbysimon@example.org,VA,2023-07-31
200253,Bianca Bradley,381-406-3899,emma23@example.org,NC,2020-02-14
200254,Angela Scott,796-631-7846,xmercer@example.net,NC,2025-01-15
200255,Christine Hernandez,818-667-7764,warnerkimberly@example.net,FL,2024-01-17
200256,Brooke Hanson,501-371-8090,clarkdean@example.net,NC,2022-05-03
200257,Jacqueline Wilson,234-109-7464,petersonchristian@example.org,NC,2019-12-26
200258,John Cook,136-494-1201,rebeccapalmer@example.org,GA,2019-02-03
200259,Judy Smith,689-778-3948,fbarnes@example.org,SC,2023-05-28
200260,Shannon Bradshaw,770-490-1490,evan51@example.org,NC,2018-11-14
200261,Mark Roth,850-064-7412,stonerichard@example.net,NC,2025-07-26
200262,Beverly Hamilton,820-226-6349,mccartychristopher@example.org,NC,2022-07-09
200263,Donald Garcia,445-980-7840,longbenjamin@example.net,NC,2023-10-20
200264,Kristen Russell,782-635-5856,urobinson@example.org,FL,2025-06-07
200265,Katrina Hernandez,211-392-7624,katherinepotts@example.org,SC,2025-11-19
200266,Carl Erickson,834-866-9677,rnorris@example.net,NC,2025-04-02
200267,Annette Jones,659-943-4796,ericortega@example.net,NC,2023-06-05
200268,Cynthia Martin,254-027-1343,jessicawilliams@example.org,NC,2018-03-15
200269,Ethan Maldonado,039-607-7672,ericaolson@example.net,NC,2025-05-29
200270,Annette Sloan,941-268-0952,kerri55@example.com,FL,2024-04-06
200271,Rachel Warren,768-514-5414,parkernatalie@example.com,NC,2022-03-20
200272,Douglas Galvan,226-319-5386,amanda63@example.com,TN,2021-07-05
200273,Michael Stokes,884-201-9153,mhurley@example.org,NC,2020-05-22
200274,Nicole Mckinney,900-709-2343,tjones@example.net,TN,2018-07-18
200275,Paula Nelson,421-414-2657,jacobdominguez@example.org,SC,2024-05-17
200276,Lauren Moon,009-438-6637,michael54@example.com,NC,2021-09-10
200277,Richard Patton,445-110-5894,torresdiana@example.com,NC,2022-06-20
200278,Michael Nelson,981-393-1632,mariarobbins@example.org,NC,2022-09-21
200279,Angela Farley,644-062-7410,tnunez@example.com,SC,2024-05-14
200280,Charles Heath MD,819-844-7777,eric23@example.net,NC,2022-01-27
200281,Eddie Curtis,194-984-1486,conradstacy@example.com,NC,2022-08-25
200282,Cynthia Brown,217-396-3133,miahoover@example.net,NC,2021-04-20
200283,Robert Frey,970-778-5945,ivancarter@example.net,VA,2018-04-30
200284,Andrew Williams,765-812-3233,ashleypatterson@example.com,NC,2024-10-18
200285,Rachel Bradford,235-416-6333,tracey07@example.net,VA,2021-10-21
200286,Morgan Gibson,055-408-2534,yberry@example.com,NC,2021-01-05
200287,Mark Smith,222-853-1395,thompsonalexis@example.org,GA,2025-02-24
200288,Melissa Hicks,283-110-2769,dennis94@example.org,TN,2020-02-03
200289,Angela Morgan,637-720-4907,josephmarshall@example.net,TN,2018-02-03
200290,Jeremy Holland,847-937-1781,gcallahan@example.net,GA,2018-07-23
200291,Brian Ford,974-567-1585,watersrebekah@example.com,NC,2020-07-04
200292,Victoria Brown,768-549-1931,jameshill@example.net,VA,2022-06-15
200293,Ethan Joyce,945-928-9310,zyoung@example.org,NC,2019-08-09
200294,Crystal Conway,180-168-4401,ronaldwilson@example.com,NC,2022-12-12
200295,Mason Larson,252-628-6837,andrewcarney@example.org,NC,2019-01-29
200296,Juan Acosta,267-052-6397,robert60@example.org,NC,2023-08-04
200297,Angela Williams,473-908-2571,jesus33@example.com,SC,2018-08-11
200298,Amy Pugh,415-246-1048,leonard95@example.net,NC,2024-01-06
200299,Kathryn Dickson,326-307-8058,coxkristi@example.org,GA,2023-10-01
200300,John Lawson,199-895-7073,zsosa@example.net,SC,2025-11-03
200301,Raymond Wong,263-855-9907,matthew66@example.net,SC,2021-07-23
200302,Keith Vazquez Jr.,062-137-9773,amandaanderson@example.net,NC,2022-07-27
200303,Maxwell Griffin,253-029-0919,sanchezrebecca@example.net,NC,2025-03-27
200304,Vicki Harris,224-985-2249,yharrison@example.net,NC,2023-05-17
200305,Sarah Dunn,424-718-9955,moorejoseph@example.com,NC,2020-01-17
200306,James Gibson,654-878-2083,ninahill@example.net,GA,2020-08-15
200307,Laura Gonzalez,092-271-6799,samuel05@example.net,NC,2024-04-06
200308,Brian Walker,558-521-2458,april94@example.org,GA,2019-04-19
200309,Darlene Boyd,819-476-4161,randy28@example.net,NC,2019-08-09
200310,Christopher Small,675-161-6098,jmartinez@example.com,FL,2022-10-09
200311,Christine Gonzalez,296-889-9792,keithsmith@example.org,NC,2025-01-15
200312,Steve Singh,279-689-2228,yjoyce@example.org,NC,2025-12-25
200313,Loretta Romero,956-734-9934,jeffgonzales@example.org,NC,2025-04-12
200314,Donald Obrien,707-861-7661,hurstjeffrey@example.com,NC,2019-04-01
200315,Steven Brown,175-144-3326,gabrielmartinez@example.net,SC,2019-01-30
200316,Roy Davis,047-886-6715,hughesemily@example.net,FL,2023-09-12
200317,Benjamin Martinez,844-481-1544,rmorales@example.org,SC,2018-10-21
200318,Stephanie Brown,963-290-5414,hardyjennifer@example.org,NC,2019-05-24
200319,Perry Thomas,275-941-7549,jason85@example.com,TN,2021-02-16
200320,Cynthia Cooper,177-271-7514,vblake@example.com,SC,2022-11-16
200321,Janice Dean,605-008-5407,meghan53@example.com,FL,2018-07-19
200322,Curtis Hood,362-573-0638,nicholas15@example.net,NC,2025-06-16
200323,Rachel White,286-759-9126,ericanderson@example.net,NC,2019-05-10
200324,James Campos PhD,509-796-4483,tanyarush@example.net,VA,2021-11-25
200325,James Jackson,907-872-2934,rachel98@example.net,NC,2025-06-25
200326,Joseph Abbott,307-305-7100,johnpowell@example.net,NC,2023-07-12
200327,Kelly Williamson,245-187-7672,kennethmiller@example.com,NC,2021-12-07
200328,Barbara Hays,358-952-6187,matthew47@example.net,NC,2019-05-27
200329,Joshua Graham,909-999-0453,brandon07@example.com,SC,2024-05-10
200330,Jennifer Collier,686-358-7744,umurphy@example.net,NC,2022-10-10
200331,Katelyn Frazier,795-154-7327,chadwang@example.org,VA,2023-07-14
200332,Mary Grimes,734-797-8062,asmith@example.net,NC,2021-04-13
200333,Molly Armstrong,527-374-9466,gonzalezjason@example.com,NC,2020-08-14
200334,Scott Graham,676-790-3360,daviskelsey@example.net,FL,2024-08-13
200335,Joy Diaz,051-472-5869,patrick49@example.org,VA,2025-08-04
200336,Robin Bowman,647-578-7875,jessica06@example.org,NC,2022-01-26
200337,Stephanie Cook,018-344-9080,qcasey@example.com,FL,2022-02-19
200338,Stephen Jenkins,300-844-5712,pmontes@example.com,SC,2018-08-14
200339,Robin Johnson,010-165-0095,pcox@example.com,SC,2023-11-19
200340,Patricia Sanders,636-223-7921,haynesrachel@example.org,NC,2022-01-05
200341,John Reyes,598-911-6470,jessica95@example.org,FL,2020-01-26
200342,William Chavez,565-445-7565,kellywhite@example.com,NC,2020-06-29
200343,Adam Schneider,674-046-5193,hector19@example.org,TN,2024-06-17
200344,Kristen Burke,149-073-5288,mbrown@example.org,GA,2018-03-08
200345,Eric Hernandez,791-197-7151,jessica32@example.org,VA,2021-09-07
200346,Tonya Sanchez,280-548-2755,andrevargas@example.org,SC,2024-08-07
200347,Brian Walker,397-892-9464,mark88@example.net,NC,2022-01-11
200348,David Callahan,240-875-9524,fcameron@example.com,NC,2019-10-06
200349,Ashley Mann,970-538-6040,hartjoshua@example.org,GA,2021-03-15
200350,Tracy Wolf,916-336-9900,jamie81@example.com,SC,2021-10-07
200351,Amy Gibson,034-326-3943,kennethmejia@example.com,NC,2018-12-31
200352,Brian Hill,289-927-9517,rossrebecca@example.org,GA,2023-04-14
200353,Seth Saunders,030-010-4517,timothy39@example.org,VA,2018-08-10
200354,Cynthia Hernandez MD,570-902-5604,smithnatalie@example.com,FL,2024-10-29
200355,Joy Hunt,070-919-0591,nstuart@example.net,SC,2022-10-12
200356,Luke Hurst,290-277-9801,lewisjoshua@example.net,NC,2019-12-05
200357,Laura Edwards,825-871-6975,josephholder@example.org,NC,2020-01-26
200358,Rebecca Barnes,851-136-1438,devans@example.org,NC,2025-12-20
200359,Sandra Taylor,270-177-6711,andersonjohn@example.net,NC,2023-06-22
200360,Kelly Molina,675-276-9114,scottcheyenne@example.org,GA,2019-07-28
200361,Elizabeth Smith,086-946-7624,melissa32@example.net,NC,2022-02-20
200362,Megan Scott,151-327-8841,singletonpatricia@example.org,SC,2022-09-02
200363,Olivia Joseph,765-090-5120,sanderscalvin@example.com,NC,2019-05-31
200364,Jody Patel,990-899-2285,benjaminbrenda@example.com,SC,2020-06-21
200365,Paul Wiggins,075-118-9489,xclements@example.org,SC,2024-05-10
200366,Adam Allen,359-874-6072,natalierodriguez@example.net,TN,2023-04-02
200367,Emily Marsh,048-249-4964,tiffanywilson@example.com,NC,2018-01-14
200368,Chloe Wood,414-240-0453,brownjessica@example.com,SC,2025-10-15
200369,Briana White,925-706-4829,haroldperez@example.net,NC,2022-01-09
200370,Shelby Bishop,635-007-5922,ecastro@example.org,FL,2019-07-31
200371,Frank Patel,825-263-5449,gateselizabeth@example.net,SC,2023-09-24
200372,Jacob Harris,206-568-4467,tarahatfield@example.com,VA,2019-12-04
200373,James Coleman,623-881-9360,renee62@example.com,NC,2024-10-21
200374,Kimberly Davis,106-959-0758,ronald82@example.net,VA,2018-03-14
200375,Terry Gallegos,293-723-6460,rmccoy@example.com,TN,2021-07-09
200376,Spencer Patterson,033-841-5316,yhamilton@example.com,VA,2018-09-09
200377,Lisa Jenkins,773-816-6887,robert11@example.net,NC,2024-04-30
200378,Emily Carpenter,680-601-1023,ianbrewer@example.net,GA,2022-11-29
200379,Mariah Dixon,209-594-1672,andrewhubbard@example.com,NC,2019-02-07
200380,Brendan Dominguez,005-148-4145,katelyn39@example.org,NC,2024-03-01
200381,Jessica Cross,330-890-8196,christian34@example.org,NC,2019-12-07
200382,Lauren Moses,397-356-3266,tony44@example.com,NC,2020-03-14
200383,Thomas Cooper,696-154-4655,briggsryan@example.org,FL,2024-05-26
200384,Joanne Mitchell,783-342-5999,kenneth21@example.net,SC,2018-10-19
200385,Beth Goodman,362-767-2041,bmurphy@example.org,NC,2019-03-10
200386,Matthew Phillips Jr.,919-022-5892,sparksjeffrey@example.net,VA,2025-08-16
200387,Hannah Clark,212-955-0322,davidmoore@example.com,TN,2022-05-24
200388,David Harris,064-039-1836,samantha34@example.org,GA,2018-11-15
200389,Lisa Thomas,960-778-0903,ramirezhannah@example.org,SC,2025-09-06
200390,Emily Clark,872-239-4940,qbrooks@example.org,NC,2020-01-31
200391,Austin Kent,313-460-2636,thompsonbrandon@example.net,FL,2020-03-20
200392,Nichole Morris,207-769-5603,shane18@example.com,GA,2020-03-15
200393,Jennifer Glenn,869-484-3913,vleon@example.org,NC,2019-09-24
200394,James Miller,502-321-6010,nathandixon@example.org,FL,2024-01-27
200395,Mark Martin,267-571-7199,richardcook@example.net,NC,2024-12-10
200396,David Jackson,000-610-8472,zwoods@example.org,NC,2024-09-15
200397,Erica Owens,872-690-8557,boydgerald@example.net,VA,2021-02-18
200398,Marcus Diaz,375-113-2388,wallvanessa@example.org,VA,2024-08-11
200399,Steven Galloway,094-635-9716,rachel21@example.com,SC,2023-12-14
200400,Vincent Kemp,211-813-7509,carrillocharles@example.org,GA,2018-02-26
200401,Leslie Moreno,119-409-8628,adamserik@example.org,NC,2023-07-29
200402,Willie Novak,254-929-0751,uzuniga@example.com,VA,2020-08-06
200403,James Garcia,596-065-7593,daniel04@example.com,VA,2023-10-25
200404,John Acosta,022-062-2405,fowlerjeffrey@example.org,TN,2020-06-06
200405,Mark Rubio,887-748-7481,bridgesamy@example.com,NC,2019-12-09
200406,Amy Bryan,279-146-4895,joannrivas@example.org,NC,2019-01-08
200407,Johnny Flores,105-894-4298,ejones@example.org,NC,2020-07-18
200408,Michael Mullins,835-025-3567,alexandrafisher@example.org,NC,2018-02-14
200409,Jack Johnson,633-316-2636,lauraryan@example.net,NC,2020-11-24
200410,Karen Johnson,605-801-3242,kristin02@example.net,NC,2019-08-10
200411,Drew Matthews,369-751-5909,curtisregina@example.org,FL,2025-06-12
200412,Laura Martinez,995-233-0072,jeffrey13@example.net,NC,2020-03-22
200413,Katrina Kennedy,045-013-4337,cole12@example.com,VA,2024-11-11
200414,Alexander Harris,321-468-6156,iatkinson@example.com,SC,2018-05-22
200415,Jeremy Brown,801-411-1040,thompsontimothy@example.net,TN,2018-01-27
200416,David Ramirez,131-989-1404,ghall@example.org,TN,2022-07-13
200417,Rodney Sullivan,172-013-1380,ojimenez@example.org,VA,2019-01-02
200418,Kathryn Rios,542-685-7304,lauraroberts@example.org,NC,2024-05-09
200419,Kelsey Crawford,908-648-5536,swhite@example.org,SC,2020-10-08
200420,David Cox,908-589-3543,oscar40@example.org,NC,2019-07-23
200421,Karen Wood,202-557-8043,alantaylor@example.com,SC,2022-08-03
200422,Patricia Mullen,984-826-9818,xdiaz@example.com,NC,2023-08-29
200423,Anthony Douglas,126-724-3429,hannah30@example.com,SC,2019-04-13
200424,Darryl Bryant,190-160-1356,jacob54@example.com,NC,2025-08-10
200425,Patrick Clark,179-933-7966,fernandezbrian@example.org,TN,2024-07-18
200426,Ernest Frazier,678-896-4702,kanewendy@example.org,GA,2025-11-03
200427,David Hines,341-105-2540,nicole67@example.net,NC,2022-11-02
200428,Jamie Fry,010-728-8672,hollygamble@example.org,NC,2019-02-08
200429,Jeffrey Ford,391-092-5665,perezamanda@example.com,SC,2024-10-14
200430,Steven Juarez,945-285-5298,juankirby@example.com,NC,2023-02-26
200431,Bobby Green,202-049-2294,faulknerclayton@example.org,VA,2024-08-13
200432,Shane Phelps,145-322-6998,andrestokes@example.net,NC,2018-02-11
200433,Tammy Sanchez,404-809-3521,gnguyen@example.org,SC,2022-03-09
200434,Stephanie Christensen,809-181-5814,heather73@example.net,NC,2024-10-10
200435,Albert Fernandez,611-185-3675,hgaines@example.org,VA,2025-02-18
200436,Kathryn Higgins,528-633-7699,lisasmith@example.org,NC,2018-08-05
200437,Ana Cox,513-657-9081,chadgray@example.net,TN,2018-06-24
200438,Ronald Williams,783-623-7249,donaldwhite@example.org,VA,2023-05-11
200439,Marc Morris,968-689-2725,bensonbradley@example.com,NC,2021-07-22
200440,Matthew Hardin,104-812-6862,ogonzalez@example.net,NC,2018-07-07
200441,Jeffrey Davidson,993-610-4848,wrightann@example.net,NC,2019-08-23
200442,Matthew Sanders,580-284-3942,nicholasgarcia@example.org,NC,2021-02-14
200443,Jose Fitzgerald,734-529-9148,jhall@example.net,FL,2025-09-30
200444,Renee Gross,585-445-8611,kwolfe@example.net,NC,2024-01-29
200445,Anthony Gutierrez,875-856-3441,wilsonsydney@example.net,SC,2022-06-07
200446,Courtney Davis,933-802-5707,jessicacollins@example.org,GA,2021-12-28
200447,Justin Hamilton,625-380-6383,kcallahan@example.com,GA,2023-01-09
200448,Paula Jenkins,263-624-8604,clarkmichele@example.net,NC,2021-01-03
200449,Mr. Phillip Gray,531-053-2821,sophialopez@example.com,NC,2023-08-01
200450,Rebecca Adams,510-140-5405,janet83@example.org,NC,2024-07-23
200451,Amy Gray,395-191-0648,ferrellshawna@example.com,FL,2023-07-04
200452,Rita Warner,805-686-2001,umyers@example.org,SC,2025-03-21
200453,Robert Dougherty,338-194-3379,brittney25@example.com,NC,2025-07-02
200454,George Hall,846-193-4554,laneautumn@example.org,TN,2023-11-28
200455,Stephanie Ramirez,249-642-2302,wallacestephanie@example.org,TN,2022-03-08
200456,Emily Jones,952-723-4717,jamesgilmore@example.net,NC,2022-05-09
200457,Jeffrey Contreras,801-826-9039,cjohnson@example.com,VA,2018-02-13
200458,Jasmine Cooper,050-949-3789,nielsennicholas@example.com,TN,2019-05-06
200459,Erin Holt,455-032-2308,ellisdorothy@example.net,NC,2022-05-25
200460,Melissa Cummings,924-319-1287,brendaallen@example.org,FL,2018-06-22
200461,Paul Rubio,707-745-6204,dgarza@example.com,NC,2018-09-15
200462,Alexander Webb,698-471-3740,donald21@example.net,NC,2021-10-28
200463,Susan Hayes,799-007-2208,christinahayes@example.net,VA,2025-04-08
200464,Michael Oconnor,383-749-0816,brandonnavarro@example.net,SC,2019-08-03
200465,Nicholas Harmon,733-924-3521,martinsherry@example.net,VA,2018-04-25
200466,Mr. Steven Campbell,963-239-4142,ycosta@example.net,NC,2020-06-21
200467,John Moore,799-102-6284,tammy37@example.net,NC,2019-03-20
200468,Ann Dixon,236-867-2726,harringtonhannah@example.com,NC,2023-04-27
200469,Stephen Roberson,875-482-4878,barneskatherine@example.com,GA,2019-06-01
200470,Jacob Rojas,634-987-7661,aperry@example.org,NC,2020-08-07
200471,Angel Mccarty,631-941-7932,karen44@example.net,FL,2025-01-29
200472,Robert Cunningham,453-323-4151,carolynpark@example.org,VA,2025-05-29
200473,Ashley Garcia,374-946-0859,woodjames@example.com,NC,2022-12-14
200474,Julie Martinez,129-577-9546,andrewreed@example.net,NC,2018-07-20
200475,Madison Gonzalez,016-909-6945,smithdonald@example.org,NC,2018-04-05
200476,Bryan Mills,402-614-9482,jacksonbrandy@example.com,NC,2025-12-07
200477,Anthony Allen,155-727-0108,carlaowen@example.com,NC,2025-08-04
200478,Rhonda Craig,584-916-3389,tracy94@example.org,SC,2018-11-15
200479,Dennis George,901-618-4979,rodriguezjose@example.com,SC,2025-04-11
200480,Jon Chavez,079-531-3396,brownsherry@example.com,GA,2018-12-16
200481,Melissa Francis,304-725-8611,dawsonsharon@example.net,NC,2023-09-03
200482,Robert Merritt,973-786-8690,clarksean@example.com,GA,2022-01-25
200483,William Mccormick,898-084-3639,marcus23@example.org,FL,2020-05-20
200484,Mr. John Skinner DVM,408-627-0229,ghamilton@example.com,NC,2024-01-05
200485,Charles Dorsey,063-443-0590,casey78@example.net,NC,2022-09-06
200486,James Townsend,826-201-1012,jasminebanks@example.org,NC,2022-07-19
200487,James Porter,116-862-9096,jessica55@example.net,SC,2021-01-14
200488,Phillip Haynes,044-304-2793,smithlauren@example.net,GA,2023-02-11
200489,Angelica Martin,695-769-9404,mooreshane@example.net,TN,2024-10-21
200490,Nicole Torres,717-839-5549,crawfordshannon@example.net,FL,2024-12-11
200491,Crystal Lane,215-580-6578,amandasmith@example.org,VA,2020-03-31
200492,Natalie Miller,843-430-9662,jsoto@example.org,NC,2021-04-13
200493,Katherine Washington,904-739-2837,maureen64@example.com,TN,2024-09-22
200494,Tara Williams,985-472-9340,williamsapril@example.org,SC,2022-09-13
200495,Michelle Brown,017-995-7290,lesternicole@example.com,NC,2025-06-05
200496,Erin Crawford DDS,977-558-8369,williamscatherine@example.com,VA,2021-04-18
200497,Victor Fisher,746-347-1634,john18@example.org,NC,2022-06-02
200498,Jonathan Wong,595-446-8605,james23@example.com,NC,2025-03-25
200499,Kathleen King,143-920-7894,jessicasalazar@example.com,NC,2020-07-05
200500,Steven Cisneros,992-464-3044,erinramos@example.net,NC,2022-02-08
200501,Kyle Moore,927-770-7680,matthewgill@example.com,NC,2024-11-20
200502,Christopher Silva,451-754-3622,smithcolleen@example.com,VA,2021-01-17
200503,James Wilson,712-054-4289,cfoster@example.net,NC,2023-02-18
200504,Alison Dougherty,135-811-4276,danielblair@example.org,SC,2019-10-04
200505,Erin Bradley,272-986-1938,kylieroberts@example.com,NC,2022-08-04
200506,Mark Swanson,692-600-6626,susan53@example.net,TN,2022-10-21
200507,Sean Bowman,577-603-8088,teresa46@example.org,NC,2024-01-24
200508,Troy Wise,539-310-4375,andrew66@example.org,TN,2019-06-19
200509,Dustin Osborne,536-613-1826,laraethan@example.net,NC,2020-12-18
200510,Lisa Thomas,749-398-5734,qballard@example.org,NC,2024-01-25
200511,Nicole Spence,578-655-3906,juarezdennis@example.org,GA,2025-02-21
200512,Tara Love,693-157-8941,johnsonalicia@example.net,NC,2022-08-04
200513,Sarah Miller,596-493-7226,randalllogan@example.org,NC,2020-11-09
200514,Laura Greer,105-572-9894,mitchellsmith@example.net,TN,2020-04-16
200515,Heather Rivas,284-588-8309,cmeyer@example.net,FL,2025-07-13
200516,Rebecca Clements,696-716-1631,padilladonald@example.org,FL,2021-03-18
200517,Kaitlyn Rodriguez,376-990-0954,melissajackson@example.com,GA,2021-11-19
200518,Manuel Rodriguez,042-708-5431,lisa00@example.net,TN,2018-04-18
200519,Margaret Bowman,773-474-8666,zsmith@example.com,VA,2023-12-02
200520,Jennifer Combs,692-211-8359,xramirez@example.com,TN,2021-10-12
200521,Sean Torres,745-031-3029,wanglauren@example.org,NC,2024-04-26
200522,Kara Cooper,390-045-6725,amber65@example.org,SC,2020-03-13
200523,John Anderson,991-950-8996,martha17@example.com,SC,2021-10-26
200524,Lisa Martinez,763-257-4760,richard54@example.com,GA,2024-07-09
200525,Lisa Jackson,470-774-9246,ashley35@example.org,SC,2023-01-21
200526,Jonathan Conner,572-387-5193,mark31@example.com,NC,2020-07-17
200527,Riley Vance,156-032-3850,tammy79@example.org,NC,2018-09-12
200528,Sarah Ali,069-051-5095,paul32@example.com,GA,2019-03-01
200529,Jamie Moore,521-787-8867,millerroberto@example.net,NC,2023-05-14
200530,Tiffany Jenkins,032-335-4446,lbradley@example.net,NC,2024-11-26
200531,Julie Green,205-323-7425,ilara@example.org,VA,2018-11-03
200532,Shelia Smith DDS,528-705-3958,nataliemedina@example.org,TN,2018-07-19
200533,James Cherry,592-962-2215,ataylor@example.net,NC,2020-08-04
200534,Terri Johnson,295-232-2586,kblack@example.com,GA,2021-12-20
200535,Michael Smith,638-651-5054,jessica06@example.com,SC,2019-06-19
200536,Gregory Greer,874-169-0627,nowens@example.org,SC,2018-12-24
200537,Mark Levine,655-716-5358,shelby93@example.net,NC,2019-04-24
200538,Jerry Reese,777-981-3559,udiaz@example.net,GA,2019-06-16
200539,Kelsey Wood,948-012-7810,kgreen@example.com,GA,2022-01-07
200540,Christopher Ryan,648-262-9657,danielweber@example.org,FL,2021-10-23
200541,Mikayla Phillips,742-810-5821,taylorchristopher@example.net,NC,2018-01-25
200542,Nichole Terry MD,412-868-0897,grocha@example.com,NC,2025-09-03
200543,Michael Cooper,018-883-9685,phayes@example.com,NC,2025-09-21
200544,Julie Cook,937-923-0615,abigailcarr@example.org,VA,2018-09-15
200545,Michael Smith,860-774-2267,stevenjones@example.com,SC,2020-10-12
200546,Shelley Lewis,607-634-8111,deanna45@example.com,NC,2024-06-30
200547,Cristina Wheeler MD,802-127-0809,nicole99@example.net,VA,2023-03-28
200548,Rachel Gordon,981-187-4784,corey06@example.com,NC,2019-06-24
200549,Erin Moore,043-057-4180,jared32@example.com,FL,2018-01-04
200550,Anita Estrada,352-387-7698,wrightdanielle@example.com,SC,2018-07-06
200551,Cindy Bishop,285-090-3993,lindseygarza@example.net,VA,2022-09-12
200552,Ronald Cooper,628-030-8542,amydaniels@example.net,FL,2018-09-29
200553,Stephanie Torres,146-441-3500,craigrobles@example.net,GA,2022-07-14
200554,Brittany Taylor,855-131-1575,robertburns@example.org,NC,2023-01-29
200555,Karen Garcia,371-262-1599,clayton25@example.org,VA,2021-01-15
200556,Matthew Schultz,008-246-0980,beth90@example.net,NC,2023-02-07
200557,Michelle Perez,874-915-9945,robertkim@example.org,NC,2025-04-10
200558,Kathleen Brown,766-902-9128,fwilson@example.org,NC,2019-01-23
200559,Katherine Jones,042-683-5614,elizabethsmith@example.org,VA,2021-08-14
200560,Julie Maxwell,827-146-1135,heatherflores@example.com,NC,2018-09-22
200561,Christopher Mathis DDS,053-331-2690,tthornton@example.com,NC,2018-08-18
200562,William Williams,917-337-1212,brownmeredith@example.net,NC,2025-05-14
200563,Gregory Jones,667-261-4716,trodriguez@example.com,FL,2025-10-13
200564,Alexandra Parker,708-680-8028,monicaanderson@example.com,NC,2019-08-15
200565,Matthew Long,251-985-9877,nbryant@example.org,NC,2023-08-29
200566,Cheryl Hall,636-869-7030,lauren49@example.org,SC,2020-02-24
200567,Theresa Carter,210-846-4565,garciajames@example.net,NC,2018-02-19
200568,Erin Robinson,997-504-7646,austincollins@example.net,GA,2022-10-25
200569,Melissa Weber,504-245-2297,riveracharles@example.net,NC,2018-09-02
200570,William Brooks,539-999-2811,jeff94@example.com,NC,2024-08-23
200571,Lindsey Russell,984-226-4849,kevinrobertson@example.org,NC,2019-06-28
200572,Martha Duran,497-352-4081,pamela09@example.com,NC,2025-12-08
200573,Daniel Miller,900-537-1269,william59@example.com,SC,2020-09-02
200574,Michael Anderson,073-592-7916,masonjanet@example.com,SC,2020-09-06
200575,Thomas Scott,703-759-0711,sarahfrancis@example.org,NC,2024-05-26
200576,Maria Reed,532-164-8366,glennflynn@example.org,NC,2020-04-11
200577,Brian Smith,121-428-5307,jacksonjorge@example.net,NC,2018-04-06
200578,Ian Richardson,484-704-4949,qfernandez@example.com,FL,2024-12-08
200579,Brian Harper,699-063-2813,osoto@example.org,TN,2025-04-30
200580,Mr. Kirk Taylor,477-243-7827,yanderson@example.org,SC,2019-07-21
200581,Eric Davis,307-565-9940,taylormaureen@example.net,NC,2019-03-31
200582,Amber Jackson,134-853-7135,edward65@example.org,SC,2018-05-26
200583,Thomas Wilkins,762-686-7025,martinhayes@example.org,NC,2018-09-14
200584,Thomas Pineda,345-989-1660,montgomeryadriana@example.org,SC,2022-09-30
200585,Carolyn Wood,858-799-3489,gilmoremario@example.com,SC,2022-03-25
200586,Brenda Daugherty,515-017-1799,danielle49@example.org,NC,2020-02-08
200587,Cristian Stevenson,469-511-3321,vsanford@example.net,NC,2025-03-20
200588,Ronald Wilkins,504-805-7243,barramy@example.org,NC,2022-08-10
200589,James Martinez,705-917-5271,bryan94@example.net,NC,2024-08-25
200590,Michael Mcgee,943-404-2489,isabel26@example.com,FL,2018-07-06
200591,Ricky Gonzalez,778-048-3715,molly08@example.net,NC,2023-07-15
200592,Kelly Marshall,727-848-7571,wliu@example.net,NC,2024-03-06
200593,Lindsay Tucker,881-853-6119,gabrielarowe@example.org,NC,2022-06-10
200594,Robert Santos,017-032-2857,dixonjason@example.org,NC,2020-10-03
200595,Omar Harvey,860-730-4541,mercadocrystal@example.net,NC,2020-02-06
200596,Matthew Bauer,697-725-5970,frederickmark@example.net,GA,2018-11-28
200597,William Lee,278-382-2924,petersensarah@example.com,GA,2023-09-11
200598,Eric Mcguire,247-520-1028,davidhogan@example.net,FL,2024-09-26
200599,Daniel Wolfe,219-513-5766,bfrost@example.net,FL,2022-12-10
200600,Hayley Duarte,227-869-9733,breanna06@example.net,NC,2020-09-02
200601,Gloria Young,439-306-5911,sydneycook@example.com,FL,2024-10-14
200602,Amanda White,344-575-0369,martinezbrittany@example.org,VA,2023-09-25
200603,Julie Taylor,360-900-1251,katherine97@example.com,NC,2018-08-10
200604,Jennifer Henderson,897-166-2835,brewerlaura@example.net,NC,2020-02-15
200605,Joseph Ayala,448-906-6828,matthewharrell@example.com,GA,2019-02-11
200606,Kevin Jackson,184-809-5479,vkelly@example.com,NC,2024-07-20
200607,Gilbert Clements,595-415-9944,nancyhopkins@example.net,NC,2020-03-05
200608,Zachary Taylor,147-593-9266,sarahkoch@example.com,SC,2019-12-27
200609,Nicholas Martinez,293-725-8520,michael65@example.net,VA,2021-03-31
200610,Susan Kelly,477-729-7973,adamsbrent@example.com,NC,2020-03-28
200611,Robin Vega,349-285-9258,ojones@example.org,NC,2023-05-03
200612,Laura Roth,675-943-8266,afisher@example.com,NC,2022-05-21
200613,Christine Banks,552-565-3563,austinsharon@example.com,TN,2024-05-04
200614,Donna Ortiz,395-703-9235,thomas61@example.com,GA,2019-01-02
200615,Jesus Brock,426-029-0249,dianeelliott@example.com,VA,2024-07-25
200616,Ashley Baldwin,025-162-0961,bowensarah@example.com,TN,2025-04-14
200617,Jennifer Washington,502-429-0455,ramosryan@example.net,VA,2023-10-18
200618,Joshua Richmond,140-023-2141,morrisonmichelle@example.com,NC,2024-07-04
200619,Christine Martin,927-216-2165,cannonjeffrey@example.com,NC,2023-11-10
200620,David Mathews,052-023-3549,hillbenjamin@example.com,VA,2022-05-14
200621,Michael Bruce,705-991-7333,morrowwilliam@example.net,NC,2018-08-11
200622,Jordan Villa,654-581-5648,kendragomez@example.com,NC,2021-12-01
200623,Leslie Brewer,408-846-3510,uwalker@example.net,SC,2019-12-13
200624,Isaac Neal,926-611-6861,andres42@example.org,SC,2018-05-24
200625,Sharon Mcdonald,913-261-6905,jamesmorris@example.net,NC,2018-01-23
200626,Tony Valentine,445-768-3756,gregoryfischer@example.net,NC,2020-08-06
200627,Victoria Preston,482-781-8765,nicolehoward@example.net,NC,2022-04-22
200628,Todd Mercado,307-944-9905,ronald12@example.net,FL,2019-09-26
200629,Christine Wood,096-033-6535,mryan@example.net,NC,2018-10-11
200630,Nicole Myers,917-898-3594,clewis@example.org,NC,2023-08-31
200631,Robert Payne,106-979-1121,dakota95@example.org,NC,2019-08-12
200632,Marcus Rodriguez,513-487-0965,kelly95@example.org,TN,2023-03-16
200633,Victoria Hester,985-719-1983,olsonbenjamin@example.org,TN,2024-05-11
200634,Jordan Jackson,307-000-5248,edward29@example.com,SC,2025-04-06
200635,Ellen Morgan,308-596-7648,powellrobert@example.net,NC,2024-08-01
200636,Victoria Turner,563-262-2080,xdavis@example.com,NC,2022-06-29
200637,Joseph Jones,273-632-7264,smithsharon@example.org,VA,2023-08-11
200638,Jennifer Richardson,553-060-1651,stokeswesley@example.net,NC,2022-05-29
200639,Monica Dickerson,537-813-9207,kevinchan@example.net,NC,2018-05-21
200640,Tracey Warren,566-329-8281,davidwhite@example.net,NC,2022-12-17
200641,Katherine Martinez,570-477-2691,ijackson@example.net,NC,2023-08-16
200642,Kelly Scott,966-583-8945,mjordan@example.org,GA,2022-12-30
200643,Tanya Faulkner,518-127-5203,hallmargaret@example.com,FL,2018-10-06
200644,Gina Jenkins,743-753-7603,sarah36@example.com,TN,2018-11-15
200645,Jessica Miller,359-287-5193,sophiaweiss@example.com,VA,2021-01-30
200646,Catherine Vang,859-039-1025,whunter@example.com,NC,2024-06-09
200647,Frederick Fowler,925-382-1972,ogeorge@example.net,NC,2023-04-20
200648,Peter Koch,459-558-4070,jharvey@example.com,GA,2019-01-07
200649,Julia Garza,343-470-0137,ncervantes@example.org,NC,2023-09-25
200650,Kevin Clark,984-517-2100,stephanielopez@example.org,SC,2018-09-03
200651,Kenneth Barker DDS,910-019-5672,carolchoi@example.com,NC,2023-09-28
200652,David Fisher,788-362-6704,michelleaustin@example.net,NC,2023-04-26
200653,Brian Beasley,975-088-6185,simpsonmorgan@example.com,VA,2025-08-18
200654,Nathan Kennedy,817-233-2249,nchavez@example.com,GA,2025-06-11
200655,Diane Morgan,358-699-5806,williamjohnson@example.org,NC,2018-10-30
200656,Phillip Tucker,180-335-1323,tatedebra@example.net,FL,2018-08-11
200657,Daniel Baker,613-979-9629,katherinejohnson@example.org,TN,2020-05-28
200658,Breanna White,761-619-7019,zacharyhale@example.com,NC,2018-03-11
200659,Christopher Young,565-579-7013,xwolfe@example.com,NC,2025-02-13
200660,William Myers,793-722-1873,michaelhaas@example.com,NC,2018-12-30
200661,Christine Clark,321-067-2947,matthew00@example.com,SC,2024-08-19
200662,Scott Peterson,534-920-0692,melaniedecker@example.net,NC,2018-02-22
200663,David Watson,143-551-0892,william68@example.net,NC,2024-04-17
200664,Rose Reynolds,300-797-1167,davidbray@example.org,NC,2022-01-19
200665,Grace Warren,179-368-2631,cfleming@example.org,NC,2021-05-27
200666,Charles Obrien,855-199-9164,katherineperez@example.com,FL,2023-12-24
200667,Julia Mclaughlin,261-146-2497,jjohnston@example.net,VA,2018-09-10
200668,David Singh,613-648-6638,christopher70@example.org,VA,2025-06-25
200669,Sarah Campbell,911-769-9268,tsandoval@example.com,TN,2020-01-26
200670,Wanda Campos,751-726-9884,nicholas41@example.org,TN,2024-12-04
200671,David Ballard,671-060-4971,morganbrian@example.com,NC,2019-06-04
200672,Donald Hall,955-068-6515,hernandezrebecca@example.com,SC,2021-03-22
200673,Amy Hudson,692-420-1167,perkinsangela@example.net,NC,2022-09-17
200674,Robin Moore,734-779-7246,rkrueger@example.org,NC,2023-01-17
200675,Cheryl Bishop,875-418-3400,whitetravis@example.com,NC,2018-11-04
200676,Lisa Bell,675-167-2353,thomasdylan@example.org,NC,2019-02-17
200677,Antonio Greer,864-562-0613,davidhernandez@example.com,NC,2023-12-12
200678,Tyler Boyle,659-979-3838,obryant@example.net,VA,2019-11-26
200679,Joseph Miller,902-428-1867,ryanpowell@example.org,NC,2019-07-25
200680,Mr. Scott Contreras,813-997-8965,michael16@example.com,NC,2021-08-07
200681,Ethan Taylor,755-264-4643,richardsondaniel@example.com,NC,2023-07-28
200682,Stephanie Day,019-411-6354,jessicataylor@example.org,NC,2021-09-27
200683,Tristan Cook,555-608-4984,robinwalter@example.com,NC,2020-01-26
200684,Gabriella Rodriguez,206-670-8256,saunderskatie@example.net,VA,2022-02-27
200685,Nancy Robinson,569-201-9557,cnixon@example.com,NC,2022-09-20
200686,Autumn Collins,546-522-1561,wrightjavier@example.org,SC,2022-01-28
200687,Ryan Young,080-403-0518,suttonmichael@example.org,FL,2020-10-29
200688,Jacob Cook,392-553-4064,brooksbrandon@example.com,NC,2021-05-22
200689,John Williams,077-084-9421,cervantesdaniel@example.org,NC,2018-03-18
200690,Kathryn Harris,983-545-6273,robin81@example.org,NC,2024-02-28
200691,Ashley Knight,294-140-5142,nking@example.org,FL,2025-06-09
200692,Kathy Harvey,779-181-9731,jfuller@example.org,SC,2024-03-26
200693,Jeffrey Thompson,979-046-7220,camposmichelle@example.net,NC,2023-03-20
200694,Jason Newman,136-633-9460,tiffanykim@example.com,NC,2021-06-27
200695,Andrew Franco,025-404-3046,reedlisa@example.org,SC,2022-12-19
200696,Michael Bishop,783-320-6240,elizabeth77@example.com,NC,2024-06-04
200697,Douglas Thomas,627-061-6766,franciscorobbins@example.org,SC,2021-03-22
200698,Sandra Robinson,587-505-0359,joshua18@example.com,NC,2023-06-08
200699,Cory Parker,219-050-3268,katherinehernandez@example.org,NC,2025-11-04
200700,Brian Acosta,090-957-4377,shahmichael@example.com,TN,2018-12-23
200701,Lisa Bailey,781-265-4994,pkim@example.net,NC,2022-04-02
200702,Claudia Cunningham,188-542-8877,davidmartin@example.com,NC,2023-06-19
200703,Cristian Johns,601-942-2990,christopher76@example.com,NC,2024-12-24
200704,Nicole Barber,454-006-5461,broberts@example.com,VA,2022-09-26
200705,Mark Gibson,169-514-2011,garzaelizabeth@example.com,NC,2019-12-29
200706,Anita Santos,380-478-8829,fowlerstephen@example.org,NC,2019-08-17
200707,James Johnson,815-646-9476,tmclean@example.com,NC,2021-04-03
200708,Jessica Miller,167-339-8036,laurenbrown@example.com,VA,2022-12-27
200709,Kristen Jones,905-172-8704,deannaliu@example.com,SC,2022-09-28
200710,Clifford Alvarez,992-307-4712,jessekim@example.com,SC,2025-03-01
200711,Joseph Lawrence,228-883-3531,lconley@example.com,SC,2020-09-02
200712,Alicia Moody,413-227-3923,harrisscott@example.net,FL,2022-10-07
200713,Ashley Lewis,206-589-7704,wwilliams@example.com,GA,2023-11-26
200714,John Lyons,813-915-4524,amandawilson@example.net,NC,2022-08-12
200715,Kevin Hudson,592-810-9672,hernandezryan@example.net,NC,2025-07-12
200716,Samantha Price,092-475-2011,morganzachary@example.net,NC,2024-05-16
200717,Maria Lawson,649-324-6548,vanessasmith@example.com,VA,2018-01-03
200718,Alison West,671-938-3492,velliott@example.org,SC,2022-08-18
200719,Alejandro Mitchell,712-884-5327,katrina58@example.com,NC,2018-08-13
200720,Christopher Ramirez,755-624-4636,anna20@example.org,NC,2024-06-04
200721,Nicole Galloway,095-733-6072,larsonpeter@example.org,NC,2024-07-26
200722,Matthew Salas,908-545-8524,fjohnson@example.org,VA,2018-05-04
200723,James Gill,129-022-3352,zking@example.org,SC,2025-05-08
200724,Lauren Rodriguez,620-725-7216,zavalajennifer@example.net,SC,2019-06-14
200725,Angela Hayes,067-236-0568,melindawright@example.com,TN,2024-07-18
200726,Victoria Carson,610-660-5567,jamesdavis@example.net,FL,2025-04-29
200727,Julie Mcdonald,495-318-7949,timothy33@example.org,GA,2023-05-08
200728,Michelle Banks,951-179-2995,patelfrank@example.net,NC,2018-11-03
200729,Dana Smith,851-901-0925,kimberlyvaldez@example.com,SC,2023-01-26
200730,Miranda Thomas,278-887-8753,simmonstimothy@example.com,VA,2024-07-11
200731,Sonya Norton,377-186-5862,ralvarado@example.com,GA,2022-05-24
200732,Whitney Strong,566-637-7694,cookkathy@example.net,SC,2025-03-20
200733,Donna Hughes,494-122-4463,arnoldrobin@example.org,GA,2023-09-03
200734,Adriana Dixon,761-919-6709,ilittle@example.com,NC,2024-07-27
200735,Erika Best,735-472-5017,wdelacruz@example.com,FL,2019-01-07
200736,Jill Olson,857-863-7600,mariaperry@example.net,NC,2020-02-07
200737,Nathan James,887-749-6836,kelseymaxwell@example.net,NC,2019-08-14
200738,Marie Sims,078-964-8724,ricardogarza@example.com,TN,2022-04-04
200739,John Evans,962-136-8194,huangjaime@example.com,NC,2019-09-27
200740,Anthony Kim,666-587-4539,johntaylor@example.net,VA,2018-12-29
200741,Kenneth Quinn,076-292-2824,floresdiana@example.net,NC,2023-01-04
200742,Samuel Carter,641-274-8878,stewartgregory@example.net,NC,2023-04-21
200743,Kristin Welch,802-952-4696,brownnicole@example.org,GA,2020-11-26
200744,Johnny Crawford,889-517-0273,michaelhansen@example.com,GA,2023-07-20
200745,Dale Evans DVM,871-392-1422,uhensley@example.com,VA,2021-11-30
200746,Michael Miller,605-624-5661,jodyturner@example.net,VA,2019-03-03
200747,David Chapman,827-575-7455,amber56@example.com,VA,2022-08-31
200748,Anna Davis,729-905-3536,william88@example.net,SC,2024-02-08
200749,Maureen Cherry,598-822-0874,millerkeith@example.net,NC,2025-08-18
200750,Emily Cruz,468-136-9414,jillian98@example.org,FL,2021-10-26
200751,Charles Campbell,195-222-0559,christine91@example.net,VA,2024-12-07
200752,William Thomas,340-523-9029,ashleymiller@example.com,NC,2023-07-16
200753,Heather Monroe,474-431-2316,erinreese@example.com,TN,2023-04-05
200754,Emily Rogers,217-898-0699,perezbrenda@example.com,NC,2020-08-20
200755,Miguel Le,792-947-0245,robinsonluke@example.net,VA,2019-07-20
200756,Mark Boyle,083-871-1415,qchan@example.net,NC,2021-09-23
200757,David Ruiz,693-084-4826,laurieking@example.com,NC,2018-10-23
200758,Cindy Jones,045-248-6885,hdecker@example.org,NC,2019-03-17
200759,Stephen Byrd,036-789-7216,johnmartinez@example.org,NC,2021-04-29
200760,Alisha Zuniga,089-298-3065,wadedonald@example.com,NC,2019-07-10
200761,Alexandra Kim,915-678-6993,cperry@example.com,FL,2018-12-09
200762,Brian Clarke,735-912-1716,ericleon@example.com,TN,2023-03-11
200763,Holly Hamilton,494-835-2350,vvasquez@example.com,NC,2023-08-16
200764,Matthew Hall,212-334-8290,ali@example.org,GA,2023-04-21
200765,Brandy Wade,184-291-1124,liumorgan@example.org,NC,2020-05-25
200766,Christopher Barrett,576-684-5606,justinsmith@example.net,NC,2020-12-12
200767,Luke Turner,067-506-5750,bgarcia@example.net,SC,2023-01-14
200768,Joanna Sherman,377-445-1385,rmeyer@example.org,GA,2021-06-03
200769,Daniel Bishop,776-749-5703,jamesstevens@example.org,GA,2020-06-02
200770,Dana Graham,540-268-8849,rhardy@example.org,NC,2019-02-22
200771,Jeffery Moreno,587-520-7757,jameswade@example.org,TN,2021-06-13
200772,Roy Perez,799-189-8353,alison66@example.com,GA,2020-09-01
200773,Susan Phillips,498-551-8521,john68@example.net,NC,2025-02-05
200774,Megan Hall,699-155-6767,yanderson@example.com,NC,2020-04-06
200775,David Dunn Jr.,600-645-8016,adean@example.org,NC,2018-12-27
200776,Melissa White,743-441-6422,zduarte@example.org,SC,2020-12-02
200777,James Marshall,928-491-0222,uholmes@example.org,GA,2025-05-31
200778,Tracy Morales,263-531-6721,robertstuart@example.org,NC,2022-01-07
200779,Vicki Williams,970-215-2864,wilkinsonsamantha@example.org,NC,2025-01-15
200780,Susan Jones,017-825-9073,tamara53@example.net,FL,2025-05-06
200781,Matthew Smith,575-800-7075,andrew17@example.org,NC,2024-02-04
200782,Cynthia Ball,453-849-5536,sheila93@example.org,NC,2018-01-21
200783,John Ortega,468-628-8244,kathleentran@example.org,NC,2018-06-29
200784,Charles Arnold,108-575-9222,ukim@example.net,TN,2025-03-19
200785,James Cole,179-097-7987,jasmine03@example.org,SC,2023-11-09
200786,Casey Jordan,359-799-0122,gherrera@example.org,NC,2021-10-02
200787,Tiffany Davis,926-137-7608,rpugh@example.net,NC,2021-03-03
200788,Laura Larsen,260-299-4133,troyromero@example.org,GA,2023-12-27
200789,Deanna Martin,300-421-8304,reyesjohn@example.net,NC,2018-05-23
200790,Erik Walters,016-856-9731,kylesmith@example.net,NC,2020-02-14
200791,Brooke Lester,579-045-4706,debbiewilson@example.net,VA,2025-01-08
200792,Mark Ward,398-945-8493,alexander42@example.org,VA,2021-10-28
200793,Michael Lane,860-447-3227,clarencereed@example.com,VA,2021-03-05
200794,Jason Burke,837-229-6466,iperez@example.net,VA,2022-06-12
200795,Matthew Morrison,749-045-5133,vickicobb@example.org,NC,2022-04-04
200796,Shannon Hickman,171-279-3342,alicewheeler@example.net,NC,2022-03-18
200797,Laurie Moore,081-083-0168,kimberly89@example.net,FL,2022-11-20
200798,Joanna Taylor,356-120-0429,dthompson@example.net,NC,2022-06-27
200799,Joshua Cooper,687-311-6444,aflores@example.org,GA,2018-09-30
200800,Anthony Martinez,991-830-1680,lambertjames@example.org,FL,2019-01-02
200801,Laura Wright,976-856-7969,murphywilliam@example.org,VA,2023-01-02
200802,Megan Robertson,652-215-6452,hoovershawn@example.com,NC,2022-09-25
200803,Cody Nielsen,770-513-2539,matthew25@example.com,SC,2025-10-24
200804,Robert Phillips,296-836-8608,robintrevino@example.net,SC,2020-05-09
200805,Tina Moore,281-704-3526,lopezcameron@example.net,NC,2025-11-30
200806,David Nelson Jr.,965-409-4533,dereknorris@example.org,NC,2022-10-23
200807,Mary Romero,064-658-4786,nicholas30@example.org,SC,2019-12-17
200808,Jason Rodriguez,305-352-8209,nweber@example.com,NC,2022-12-06
200809,Rachel Powell,213-257-3608,tcoleman@example.org,NC,2020-06-07
200810,Mark Brown,347-957-2678,prodriguez@example.net,NC,2024-05-12
200811,Krystal Riddle,512-144-5175,kathleen97@example.com,TN,2019-11-14
200812,Virginia Fletcher,017-909-4111,vroberts@example.org,NC,2019-12-01
200813,Felicia Robinson,688-132-3072,arthurmcdonald@example.com,SC,2019-02-13
200814,Veronica Williams,760-293-5370,stevenponce@example.net,NC,2018-10-04
200815,Shawn Perez,297-472-5574,andrewhill@example.org,NC,2025-07-30
200816,Elizabeth Scott,463-074-6773,debra29@example.net,SC,2020-09-02
200817,Natalie Alvarado,624-958-5739,spearsscott@example.net,TN,2021-05-22
200818,Ann Smith,219-809-8496,yobrien@example.net,VA,2019-05-17
200819,Daniel Powell,045-283-4975,qproctor@example.org,NC,2024-05-12
200820,Whitney Nixon,464-475-6547,laura18@example.com,TN,2020-01-13
200821,Kara Soto,805-607-8644,ooconnell@example.com,NC,2020-02-06
200822,Brenda Pena,555-601-7581,wrightsarah@example.com,NC,2022-02-18
200823,Daniel Herman,083-866-6728,ruth55@example.org,NC,2024-07-15
200824,William Phillips,771-844-9683,tracydawson@example.org,NC,2021-04-12
200825,David Peterson,031-347-1110,bmartin@example.net,NC,2024-10-20
200826,Philip Saunders,208-802-5481,tjohnson@example.com,SC,2021-09-21
200827,Steven Lee DVM,644-379-9255,vanessa07@example.com,VA,2024-01-09
200828,Matthew Mora,725-722-4788,davidbass@example.org,NC,2024-11-10
200829,Courtney Hickman,759-024-4092,angelablackwell@example.org,VA,2025-07-19
200830,Matthew Perez,737-573-6960,allison90@example.org,VA,2022-07-20
200831,Ashley Thomas,404-631-7333,andrea79@example.org,NC,2024-12-17
200832,Jacqueline Johnson,113-491-7826,mariomiller@example.org,NC,2022-07-30
200833,Kaitlyn Morgan,974-876-8592,myersnathaniel@example.com,NC,2021-01-22
200834,Shannon Garcia,004-801-8126,michael50@example.com,NC,2025-06-09
200835,Brendan Johnson,296-241-7726,bbrown@example.com,NC,2024-07-19
200836,James Morrison,809-466-1927,greenkelsey@example.com,TN,2023-01-20
200837,Stephanie Smith,997-714-9193,brittany33@example.org,NC,2020-04-30
200838,Daniel Campbell,150-694-4178,aallen@example.org,GA,2024-05-02
200839,Hailey Murphy,845-493-1491,rwilson@example.org,SC,2023-09-01
200840,Jamie Elliott,026-391-9989,dmejia@example.com,SC,2023-03-17
200841,John Smith,339-663-1212,summerlambert@example.com,GA,2024-06-03
200842,Tracy Allen,996-223-7585,beasleyerica@example.org,NC,2024-04-05
200843,Jessica Wiggins,239-142-2521,danderson@example.net,GA,2024-02-09
200844,Colleen Allison,347-162-2473,gonzalezdaniel@example.org,VA,2024-11-20
200845,Karen Lee,937-819-5641,richardssharon@example.net,NC,2020-03-11
200846,Gregory Anderson,829-655-4283,joel69@example.org,NC,2022-05-18
200847,Nicole Brown,748-150-1808,heather59@example.org,NC,2021-07-28
200848,Gregory Burns,828-770-8912,smorris@example.net,NC,2025-03-18
200849,Gina Rivera,070-420-5587,donna25@example.com,GA,2024-10-21
200850,Caitlyn Williams,170-652-1192,ypatel@example.org,NC,2023-04-22
200851,Natalie Clark,356-329-8068,hansenrobert@example.net,SC,2019-12-30
200852,Amber Ross,806-267-3590,rsmith@example.org,NC,2019-02-22
200853,Jacqueline Santiago,538-194-6196,krausetammy@example.com,SC,2018-07-20
200854,Nicholas Richards,783-161-7960,johngray@example.com,NC,2025-06-24
200855,Jorge Lee,878-784-5460,christopher74@example.net,NC,2018-05-09
200856,Benjamin Allen PhD,545-798-6355,colleenbecker@example.net,NC,2020-06-08
200857,Andrew Barrett,311-840-4347,brownrebecca@example.net,NC,2022-07-06
200858,Leslie Smith,896-283-2175,iwest@example.com,NC,2025-02-03
200859,Holly Kaiser,565-593-3859,allen32@example.org,NC,2018-08-18
200860,David Mendoza,735-441-9611,akeith@example.net,NC,2021-05-15
200861,Jamie James,169-227-9976,uklein@example.org,SC,2023-12-19
200862,Kaitlin Castro,392-472-5136,lanemary@example.com,NC,2018-11-02
200863,Devin Fisher,434-398-5000,whernandez@example.com,SC,2019-01-22
200864,Bethany Carney,450-323-7053,stewartamy@example.net,NC,2022-06-04
200865,Daniel Richards PhD,461-711-6822,davisjonathan@example.com,VA,2022-10-30
200866,Jeremy Sanchez,708-327-0411,poliver@example.com,SC,2022-07-14
200867,Kelly Roman,730-323-7845,davidconner@example.net,NC,2022-11-24
200868,Stacy Cummings,477-388-6463,taylorbradley@example.com,TN,2023-01-09
200869,Matthew Sawyer,606-157-0081,anthonysmith@example.com,NC,2020-02-21
200870,Richard Strickland,238-330-6508,lucas96@example.org,GA,2023-10-05
200871,Joshua Mccoy,803-186-4521,alewis@example.org,SC,2022-03-29
200872,Anthony Baker,230-351-3177,susan29@example.com,NC,2019-08-30
200873,Angela Ross,641-470-8121,lewisjesus@example.net,SC,2018-06-11
200874,Jeff Hurley,854-568-2272,brandonvalentine@example.net,SC,2023-12-09
200875,Roger Gray,315-278-9854,rochachristina@example.org,VA,2019-09-30
200876,Jacqueline Reid,321-127-0680,wtucker@example.net,TN,2022-09-16
200877,Joshua Aguilar,102-346-9187,mcooper@example.com,SC,2024-03-30
200878,Elizabeth Lewis,818-797-9568,jennifersmith@example.net,NC,2018-08-25
200879,Mrs. Julie Gibson,806-483-7142,christopher13@example.net,NC,2025-04-27
200880,Tracie Moran,271-249-4061,douglasalexander@example.com,NC,2021-06-30
200881,Allison Underwood,574-806-9760,cookbreanna@example.net,FL,2020-01-04
200882,Ryan Bird,890-496-9694,kimberlygarcia@example.org,NC,2021-11-01
200883,Pamela Cooper,474-423-3826,dicksonbrandy@example.com,NC,2023-08-29
200884,Albert Rodriguez,191-589-4020,joshuafreeman@example.net,VA,2023-11-11
200885,Tonya Becker,606-395-9143,gyoung@example.com,TN,2023-04-05
200886,Jennifer Aguirre,640-285-5897,peterdawson@example.net,NC,2019-11-20
200887,David Robinson,741-629-2346,madelinestafford@example.org,GA,2018-05-03
200888,Michael Ellis,305-272-8347,pricestephen@example.org,NC,2024-04-22
200889,Jeffrey Patterson,346-967-4652,debbienguyen@example.org,NC,2019-08-03
200890,Samuel Green,306-602-6090,comptontyler@example.org,NC,2018-12-30
200891,Alexis Weaver,906-150-8478,jaime67@example.net,NC,2019-06-06
200892,Christopher Becker,252-416-2661,emily62@example.net,NC,2023-07-25
200893,Thomas Chambers,190-701-2762,qwatson@example.net,GA,2023-08-01
200894,Tyler Rodriguez DVM,361-610-4592,santiagoanthony@example.net,NC,2021-07-29
200895,Brandon Clark,195-220-7164,amber88@example.net,NC,2025-02-02
200896,Christopher Johnston,367-018-9015,bdavis@example.com,NC,2019-04-01
200897,Christopher White,655-543-7989,heidiwilliams@example.org,NC,2022-11-27
200898,Heather Moore,182-897-4668,juliejohnson@example.com,NC,2022-07-05
200899,Christina Brady,081-821-3652,qgeorge@example.com,SC,2018-01-17
200900,Amber Ortega,250-798-8991,ablackburn@example.net,NC,2024-04-22
200901,Andrew Morrison,059-779-6013,douglascarol@example.org,NC,2019-07-09
200902,Michael Golden,771-065-9573,diane40@example.net,NC,2025-08-15
200903,Cindy Lewis,959-469-7415,pauljason@example.com,NC,2025-05-23
200904,William Brooks,045-348-2364,jasminethomas@example.com,NC,2025-08-20
200905,Brianna Vasquez,537-513-3426,michaelwalker@example.com,GA,2019-10-14
200906,Mrs. Elizabeth Moore,122-476-1339,lspencer@example.net,NC,2023-10-09
200907,Brian Parks,199-976-4291,jball@example.com,SC,2023-11-13
200908,Damon Smith,910-914-1623,masontodd@example.com,TN,2025-06-13
200909,Erin Clark,802-430-5577,martinezkelly@example.org,TN,2019-07-11
200910,Matthew Nguyen,317-411-8768,angelagomez@example.net,NC,2023-09-24
200911,Andrew Smith MD,464-431-8434,reidkeith@example.net,NC,2024-11-04
200912,Jose Fisher,757-724-3777,hoffmanbrenda@example.com,VA,2018-07-24
200913,Dana Mckenzie,780-122-5299,williamesparza@example.com,GA,2022-02-18
200914,Kelly Miller,613-555-8981,sally82@example.com,VA,2023-02-08
200915,Tina Mcconnell,031-853-1724,scottmack@example.net,NC,2025-06-09
200916,Gregory Graves,763-535-3136,bennettkenneth@example.org,TN,2022-01-18
200917,Nicole Black,505-382-9549,michaelhiggins@example.org,NC,2022-12-06
200918,Joyce Collier,179-621-1699,jamie71@example.com,NC,2018-07-24
200919,Brad Russell,961-890-3314,jennifer41@example.org,NC,2021-01-07
200920,Felicia Adams,298-493-7701,lindsay66@example.net,FL,2020-02-01
200921,Robert Perez,038-097-0146,andrea80@example.org,NC,2025-11-30
200922,Arthur Dean,567-221-9086,simmonselizabeth@example.net,SC,2021-08-08
200923,Christine Barrera,636-136-6958,nicholas25@example.com,NC,2020-03-30
200924,Ryan Chavez,247-992-6309,amandafisher@example.net,NC,2021-04-28
200925,Shannon Diaz,224-858-8076,denise81@example.org,TN,2020-08-20
200926,April Flores,468-753-5037,qparker@example.com,NC,2025-06-20
200927,Megan Gomez,593-103-5146,annaduran@example.com,NC,2018-10-20
200928,Karen Estrada,599-408-5524,alicia59@example.org,VA,2022-04-18
200929,Kendra Jones,183-507-9085,henrymartin@example.net,NC,2024-02-26
200930,Virginia Norton,424-550-5428,davidmorrison@example.org,NC,2024-03-22
200931,Angela Wilson,842-128-3160,michaelwebb@example.org,NC,2023-01-08
200932,Raymond Giles,963-869-0021,crystalhahn@example.org,NC,2020-01-22
200933,Valerie Baldwin,314-208-2552,ykemp@example.org,NC,2022-07-01
200934,John Lee,195-270-5866,bbrooks@example.net,NC,2018-04-11
200935,Candace Wyatt,134-769-0373,michael78@example.com,GA,2022-01-02
200936,Tricia Parker,647-628-7518,aaron06@example.net,NC,2025-11-13
200937,Aaron Ellis,876-469-5357,michael95@example.com,SC,2025-07-27
200938,Todd Miles,609-496-2686,lopezbrian@example.com,NC,2022-04-05
200939,Amanda Baldwin MD,420-036-2528,llarson@example.net,NC,2023-03-31
200940,Kristopher Harris,557-441-7814,roger58@example.net,FL,2020-05-28
200941,Jill Stokes,639-254-7170,sgarcia@example.net,NC,2019-12-17
200942,Melissa Smith,833-321-6940,wfrye@example.com,VA,2025-09-25
200943,Amy Castro,703-657-3370,parkjessica@example.net,TN,2024-10-27
200944,Jeffery Terrell,655-156-3259,michelle63@example.net,SC,2023-07-28
200945,Denise Ryan,077-367-0412,adamssean@example.com,SC,2022-04-04
200946,Diana Hansen,515-174-8519,rperez@example.com,NC,2025-01-14
200947,Lisa Brown,297-393-3545,dennis98@example.com,SC,2018-08-03
200948,Autumn Anderson,766-678-8060,woodstephanie@example.org,NC,2024-08-11
200949,Todd Williams,478-435-7394,colebenjamin@example.org,TN,2021-12-20
200950,John Vasquez,480-110-4137,mpitts@example.com,TN,2020-10-23
200951,Mark Jackson,105-599-3043,hugheswilliam@example.com,SC,2021-05-13
200952,Heather Frye,444-773-2149,austinwilliam@example.net,NC,2022-03-26
200953,Elizabeth Hicks,287-065-0603,qwallace@example.org,NC,2025-09-16
200954,Lauren Cook,612-295-9925,jeanprice@example.net,SC,2021-09-28
200955,Gabriel Cabrera,150-328-4022,andreawilliams@example.com,NC,2020-05-06
200956,Michael Moyer,699-251-5101,dcharles@example.org,NC,2019-11-28
200957,Richard Scott,205-189-9422,gabriel55@example.net,NC,2021-01-30
200958,Emily Wolf,064-026-1020,dillon43@example.com,VA,2022-12-14
200959,Stephen Harvey,242-105-9615,charles07@example.org,VA,2020-02-17
200960,Michael Black,276-886-6550,buckleyphilip@example.com,VA,2018-06-14
200961,Colin Bell,039-864-6677,ostewart@example.net,NC,2021-02-08
200962,Stephanie Turner,627-445-7235,contreraschristopher@example.net,GA,2018-08-01
200963,Todd Garner,728-261-9130,javierwells@example.com,NC,2019-01-10
200964,Kimberly Nguyen,653-133-7266,william57@example.com,NC,2025-06-06
200965,Chris Durham,932-751-0056,laura50@example.com,NC,2020-08-10
200966,Angela Miller,524-732-7661,conleytracy@example.org,NC,2018-04-17
200967,Nathan Shepherd,351-962-0977,jose81@example.net,SC,2025-05-08
200968,Christopher Gonzalez,278-425-4789,rbridges@example.org,NC,2020-09-23
200969,Peter Walker,122-043-0955,alyssawagner@example.org,FL,2019-06-17
200970,Mrs. Nicole Gutierrez MD,156-769-9062,kristen38@example.org,NC,2025-02-28
200971,Shari Peck,319-494-7966,christopher80@example.com,NC,2018-01-04
200972,Kevin Sutton,540-442-6109,pricenancy@example.org,NC,2022-11-04
200973,Dr. Dale Torres,665-942-2783,bdecker@example.com,NC,2025-11-25
200974,Brittany Butler,378-162-6909,bwillis@example.com,NC,2021-04-07
200975,Sarah Murphy,550-704-0428,joanne48@example.com,NC,2019-11-24
200976,Brittney Hayes,463-650-3671,gonzalezjesus@example.com,SC,2018-04-11
200977,Christopher Charles,823-506-8140,xhouston@example.com,GA,2020-05-06
200978,Elizabeth Franklin,442-892-0511,jennifer01@example.org,GA,2022-12-02
200979,Tonya Brown,944-805-4980,lovekimberly@example.net,GA,2019-12-18
200980,Colin Sullivan,657-359-0523,christopher51@example.com,NC,2020-01-18
200981,Brittany Brown,329-787-4605,robert13@example.org,NC,2024-04-06
200982,Adrienne Barry,227-386-8281,martinjason@example.net,GA,2021-07-16
200983,Shannon Robinson,508-358-4545,georgecollins@example.net,NC,2024-11-19
200984,Laura Johnson,580-412-3914,tylerhernandez@example.com,FL,2022-08-21
200985,Lawrence Drake,332-417-1054,jessica01@example.net,NC,2021-06-18
200986,Daniel Daniels,784-228-1446,sharon10@example.com,NC,2019-01-17
200987,Karla Dawson,460-512-4790,renee74@example.org,VA,2018-08-11
200988,Jeffrey Johnson,031-922-5796,kara28@example.net,GA,2022-08-27
200989,Sharon Garcia,688-030-4139,michaeljones@example.org,VA,2024-10-03
200990,Kelly Hayden,239-490-4365,patriciayoung@example.com,NC,2023-01-12
200991,Michelle Bridges,525-072-4660,dgarcia@example.net,SC,2023-01-06
200992,Rebecca Watkins,499-920-4560,sarah54@example.org,SC,2019-06-01
200993,Kaitlyn Roberts,555-817-2446,amyscott@example.net,SC,2020-07-17
200994,Anna Anderson,754-644-6270,lisa12@example.com,VA,2024-02-15
200995,Jared Harrington,721-173-5636,meganrivas@example.org,SC,2020-01-20
200996,Robert Clements,503-107-3061,anna76@example.com,SC,2024-02-11
200997,Billy Vance,082-971-4609,traciholmes@example.org,SC,2019-02-23
200998,Kimberly Walsh,631-100-0770,smartinez@example.com,NC,2021-03-10
200999,Cassandra Walsh,912-650-5076,agregory@example.net,GA,2024-10-13
201000,Cristian Rhodes,167-941-0360,jasonjohnson@example.net,SC,2023-10-20
201001,Tiffany Stephens,076-396-8429,scottthomas@example.net,NC,2024-11-21
201002,Timothy Griffin,835-602-9208,blairpaul@example.com,NC,2020-03-24
201003,Carla Harris,614-347-2444,johnburke@example.org,VA,2025-11-08
201004,Sheila Ball MD,537-647-1768,melanie46@example.com,SC,2023-09-15
201005,Paige Moore,134-119-5335,njordan@example.net,TN,2019-05-30
201006,Charles Ray,598-745-6573,kenneth46@example.com,NC,2025-01-04
201007,Ashley Weaver,845-768-8552,justinrivas@example.com,NC,2024-08-21
201008,Nicholas Maddox,709-190-8153,tmontoya@example.com,GA,2024-10-19
201009,Dr. Allen Hansen IV,645-972-4220,dawn19@example.com,NC,2018-08-30
201010,Cynthia Velasquez,054-740-7089,robertgarcia@example.net,GA,2020-10-23
201011,Brittany Reilly,262-174-8266,joshuaharris@example.net,SC,2023-12-12
201012,Lee Hammond,991-096-7605,walkerwillie@example.org,GA,2018-02-24
201013,Brad English,608-042-8047,dawnclark@example.net,NC,2025-07-20
201014,Brian Cruz,386-655-5757,dan27@example.net,VA,2021-02-26
201015,Eric Reid,396-080-5149,hartmanshari@example.net,SC,2020-01-20
201016,Richard York MD,186-198-9350,annarocha@example.org,SC,2019-07-23
201017,Christopher Bernard MD,304-966-9552,bradley65@example.org,NC,2025-02-24
201018,Jennifer Patterson,969-568-7244,sburnett@example.com,TN,2023-12-18
201019,Matthew Larsen,046-234-3200,kelly96@example.net,GA,2020-06-10
201020,Amber Richards,790-940-3401,tammy26@example.net,NC,2021-05-30
201021,Shelley Watson,142-232-7961,owilliams@example.org,FL,2024-07-26
201022,Anthony Daniel,082-969-2129,fergusonsusan@example.com,VA,2021-08-06
201023,Nancy Daniels,534-598-0589,kbrooks@example.com,SC,2022-03-24
201024,Bryan White,535-351-1539,thomas24@example.net,SC,2021-01-23
201025,Anthony Mcdonald,834-649-4048,lroberts@example.net,NC,2025-01-17
201026,Melanie Bender,495-601-7437,hcole@example.com,VA,2022-02-26
201027,Antonio Fox,065-977-5093,philip72@example.org,NC,2025-12-27
201028,Sandra Williams,458-354-3880,frances65@example.com,NC,2019-07-19
201029,Jennifer Kline,345-212-3543,beckerbrian@example.org,NC,2018-07-25
201030,Jessica Lewis,225-821-9520,mmullen@example.net,GA,2021-05-13
201031,Tiffany Whitehead,698-203-0150,kyle51@example.com,NC,2020-01-09
201032,Joseph Bennett,703-305-6215,rodriguezchristopher@example.net,FL,2023-11-20
201033,Sherri Garner,437-254-8429,gary89@example.net,FL,2024-06-14
201034,Scott Hawkins,424-532-5231,brian82@example.org,NC,2018-07-24
201035,Adam Figueroa,630-521-2802,robertbaker@example.net,NC,2021-01-23
201036,Robert Anderson II,190-400-2822,coxashley@example.com,VA,2025-11-10
201037,Tracy Klein,530-999-4155,laura27@example.com,GA,2021-09-05
201038,Roy Warren,591-006-5661,icohen@example.net,NC,2023-08-20
201039,Jordan Pratt,140-381-5868,brett87@example.net,TN,2018-02-03
201040,Christopher Kane,948-410-3994,jordanjose@example.org,NC,2021-12-12
201041,Rebecca Perez,224-397-8135,stephanieroberts@example.net,FL,2024-11-12
201042,Cody Garcia,472-503-6666,michaelmartinez@example.org,SC,2018-10-20
201043,Mary Daniels,168-349-8136,sballard@example.net,NC,2022-01-10
201044,Jacob Patel,965-002-0699,melissamanning@example.com,NC,2018-03-05
201045,Michael Curtis,449-329-8568,robinsonerika@example.org,SC,2019-09-14
201046,Walter Oliver,116-121-7865,jeremy84@example.com,NC,2021-01-08
201047,Martin Fernandez,399-763-1312,snowandre@example.com,NC,2023-08-17
201048,Roger Hanson,819-325-3448,patriciachen@example.com,VA,2024-11-28
201049,Dean Logan,438-545-8108,fking@example.net,TN,2019-03-25
201050,Pamela Henry,683-732-0033,matthewmaxwell@example.net,FL,2023-03-06
201051,Victoria Wilson,787-801-9918,kjohnson@example.org,NC,2022-05-28
201052,Lisa Tyler,316-340-4371,mross@example.net,NC,2023-02-24
201053,Eric Long,932-309-9644,gonzaleskenneth@example.com,SC,2022-08-14
201054,Janice Klein,899-031-7909,donnabates@example.org,TN,2022-11-18
201055,Victoria Price,448-594-7301,jared80@example.net,NC,2020-12-09
201056,Cody Williams,670-473-8679,mikeadams@example.net,NC,2018-06-06
201057,Scott Gallagher,345-614-3026,julia38@example.org,NC,2020-08-07
201058,Eric Osborn,500-274-5654,caitlinramirez@example.net,VA,2022-02-16
201059,Dalton Pugh,021-918-3645,michael21@example.net,SC,2024-04-11
201060,Cynthia Smith,022-709-2347,brett22@example.com,NC,2022-07-27
201061,Allison Mcgrath,337-828-1081,rhondaharrell@example.net,SC,2025-05-04
201062,Mary Contreras,161-692-0485,davisjustin@example.com,NC,2021-05-10
201063,Kelly Yang,010-674-6892,lucasmathew@example.com,NC,2018-02-12
201064,Wendy Martin,574-799-2034,yhanson@example.org,GA,2018-03-26
201065,Loretta Chang,417-399-2511,dhansen@example.net,NC,2021-06-03
201066,Mr. Hunter Roberts,694-279-2701,staciefox@example.com,SC,2025-07-14
201067,Francisco Bautista,831-441-5278,hdavis@example.com,TN,2018-10-24
201068,Denise White,107-624-0972,hcaldwell@example.com,NC,2025-12-06
201069,Willie Jones,044-850-7789,margaretpatrick@example.org,FL,2023-01-22
201070,Philip Green,841-066-4527,travisclark@example.com,TN,2023-04-10
201071,Ariana Luna,430-083-0305,kwaters@example.net,TN,2020-07-22
201072,Justin Gutierrez,667-878-1814,jgonzalez@example.com,NC,2022-06-16
201073,Eric Sullivan,082-522-6906,qrowe@example.org,VA,2023-10-17
201074,Morgan Robinson,727-758-7278,rhonda03@example.net,VA,2019-07-20
201075,Stephen Stewart,497-221-3089,karimarsh@example.net,NC,2022-03-10
201076,Mark Gill,849-031-9047,brownchristopher@example.net,TN,2019-12-01
201077,Frank Hahn,815-128-2815,cookcindy@example.com,NC,2020-11-07
201078,Matthew Cole,037-766-7449,lisamartin@example.org,NC,2022-07-12
201079,Annette Mason,910-850-4486,joseph54@example.com,SC,2025-12-11
201080,Anthony Russell,716-988-2118,jasonkelly@example.org,TN,2024-11-16
201081,Sheila Wells,947-015-1470,knighttimothy@example.net,SC,2020-07-23
201082,Wendy Levine,056-674-5385,taylorkevin@example.org,SC,2019-05-27
201083,Logan Mueller,946-881-0650,nancywalker@example.net,TN,2019-09-27
201084,Shawn Eaton,732-508-8868,ejenkins@example.com,NC,2025-09-12
201085,William Watson,640-063-1815,donaldsonlaurie@example.net,VA,2023-11-07
201086,Amy Martinez,350-776-7147,leah57@example.com,FL,2019-01-17
201087,Robert Haynes,867-614-1480,emilycasey@example.org,NC,2020-06-06
201088,Dylan Newman,340-355-0633,lnash@example.net,NC,2019-03-16
201089,Miguel Brock,018-090-2080,zharrell@example.org,NC,2023-08-15
201090,Sandra Robinson,206-104-5187,solismary@example.org,VA,2022-07-03
201091,Michelle Kirby,475-618-4327,xgeorge@example.net,VA,2021-09-01
201092,Stephanie Anderson,730-282-7479,troy56@example.net,NC,2023-09-29
201093,Jacob Morris,087-557-9769,joshuahardy@example.net,NC,2024-01-13
201094,Denise Weber,884-060-1318,jonwilkerson@example.com,VA,2023-10-10
201095,Robert Owens,342-218-6973,jessica38@example.net,NC,2025-12-15
201096,Megan Freeman,544-526-0470,andradelawrence@example.net,VA,2025-11-15
201097,Lisa Flowers,280-321-4387,ljones@example.org,FL,2018-10-12
201098,Paige Taylor,219-208-1917,ronald48@example.com,NC,2025-11-11
201099,Erica Shelton,186-485-2492,emata@example.com,SC,2023-09-24
201100,Terry Fisher,097-992-9045,vmorrison@example.net,VA,2021-07-15
201101,John Sloan,525-935-9319,teresa60@example.org,GA,2019-08-24
201102,Mr. Michael Sanchez,367-993-4988,david06@example.org,NC,2022-02-19
201103,Gregory Baldwin,369-545-0357,snichols@example.com,SC,2019-12-16
201104,Aaron Coleman,591-838-7358,joshuadavis@example.net,NC,2018-05-01
201105,Kevin Allen,148-612-1081,andrew43@example.com,NC,2018-04-22
201106,Sharon Hobbs,340-992-9559,vangjessica@example.net,NC,2023-01-15
201107,Nicole Mack,862-163-8561,medinastuart@example.org,SC,2018-01-21
201108,Olivia Wilson,978-262-3534,morrisonevan@example.net,NC,2021-08-31
201109,Ashley Johnson,297-364-5619,tammiesmith@example.com,SC,2018-04-14
201110,Sarah Riggs,500-247-8809,jenniferreyes@example.net,FL,2022-04-25
201111,Paul Carroll,018-602-0706,guerrasara@example.com,VA,2018-11-08
201112,John Schultz,265-206-7794,hardinlaurie@example.com,NC,2024-05-24
201113,Brian Sherman,054-791-9404,jessicapark@example.org,NC,2025-05-18
201114,Sarah Bolton,136-697-6186,rmolina@example.net,NC,2022-09-02
201115,Steve Lewis,668-886-0786,rmills@example.net,VA,2022-04-08
201116,Willie King,146-543-9723,angelkelly@example.com,VA,2021-03-05
201117,Brandon Fuller,380-800-7368,warnerjulie@example.com,GA,2023-06-29
201118,David Baldwin,150-847-2811,harrisonryan@example.org,VA,2024-09-20
201119,Jo Smith,352-115-4580,xosborn@example.org,GA,2025-07-11
201120,James Ross,544-012-8479,dsimmons@example.net,GA,2019-05-24
201121,Anna Stout,030-532-7038,tammycasey@example.org,VA,2019-06-09
201122,David Jones DDS,447-855-1092,alyssamoreno@example.org,NC,2018-05-12
201123,David Obrien,418-772-0953,cle@example.net,NC,2025-05-22
201124,Matthew Miranda,414-701-7251,dbender@example.org,NC,2020-10-03
201125,Ebony Diaz,417-254-5042,milleramy@example.net,GA,2022-02-13
201126,Tamara Green,763-255-9223,brownchristine@example.com,FL,2025-04-21
201127,David Williams,393-619-5157,nicholeerickson@example.net,FL,2018-09-01
201128,Anna Clark,926-506-2553,carremily@example.net,GA,2018-02-15
201129,Kelly Young,958-629-4528,jacobwallace@example.net,TN,2023-02-06
201130,Benjamin Flores,283-313-1788,csmith@example.org,NC,2025-06-15
201131,Dawn Rodriguez,179-323-9721,yjones@example.com,NC,2025-02-24
201132,Amanda Patton,388-306-8108,roger34@example.com,NC,2019-07-07
201133,Keith Odonnell,409-563-4557,annataylor@example.org,NC,2021-05-27
201134,Michael Smith,240-058-8274,roger33@example.net,NC,2025-09-20
201135,Jeremiah Russell,648-735-8857,crystaljohnson@example.net,NC,2022-04-03
201136,Jennifer Guzman,923-635-8191,melissaknight@example.org,NC,2021-11-05
201137,Casey Maxwell,190-400-1169,dannymunoz@example.net,TN,2023-06-28
201138,Joshua Weiss,437-614-0922,david69@example.org,FL,2019-11-12
201139,Rebekah Rice,702-871-3235,qtaylor@example.com,SC,2024-01-05
201140,Elizabeth Howard,994-760-2424,jimenezalexis@example.net,NC,2020-01-23
201141,Janet Sanchez,127-328-8120,charlotte40@example.org,NC,2022-04-03
201142,Patrick Wilkins,284-307-9420,jeremyhooper@example.com,NC,2021-11-21
201143,Selena Farmer,294-002-8085,taylor97@example.net,NC,2025-02-10
201144,James Nichols Jr.,575-242-5540,marshallkathryn@example.org,SC,2018-04-03
201145,Luis Harvey,911-472-9948,mark10@example.net,NC,2022-04-06
201146,Dawn Smith,346-046-9041,johnnyshelton@example.org,SC,2019-04-17
201147,Tammy James,371-858-7947,amandasimmons@example.net,NC,2025-06-19
201148,Andre Taylor,941-367-5399,denise58@example.com,NC,2019-04-01
201149,Mary Cantrell,693-486-8970,alishabyrd@example.org,TN,2018-07-12
201150,Courtney Bowen,965-759-2099,adam66@example.org,VA,2020-11-04
201151,Harold Woodard,313-207-0436,anthony97@example.com,NC,2021-05-19
201152,Kristine Pearson,745-399-2277,wrighttimothy@example.org,NC,2023-08-30
201153,Kylie Shaw,733-865-2144,williamhardy@example.com,NC,2021-04-24
201154,Brenda Bell,472-427-7190,ruizmark@example.net,VA,2023-10-31
201155,Misty Huang,535-079-0212,bryceortiz@example.net,NC,2021-12-28
201156,Kathryn Sanchez,022-634-4733,lisa98@example.org,NC,2019-12-08
201157,Sean Austin,025-695-3312,jaylewis@example.org,NC,2025-12-05
201158,Mercedes Norman,957-454-2016,hbautista@example.com,TN,2018-06-15
201159,Brian Castro,375-417-4032,amandapatterson@example.org,NC,2021-10-17
201160,Anna Lynn,555-941-1383,lmoran@example.com,NC,2022-10-24
201161,Logan Myers,732-161-7940,leewesley@example.com,VA,2025-04-26
201162,Omar Smith,129-127-3192,orobinson@example.com,NC,2018-12-11
201163,Jade Carter MD,188-857-6678,meredith76@example.org,GA,2022-04-01
201164,Timothy Frye,644-215-7486,dallen@example.com,NC,2024-04-18
201165,Robert Bennett,706-741-9767,mackenzieperez@example.com,NC,2025-07-23
201166,David Armstrong,686-066-0500,sharon30@example.net,TN,2019-10-27
201167,John Sandoval,153-786-5605,roylowe@example.net,NC,2025-03-12
201168,Jeanette Mann,201-515-8529,hbishop@example.net,SC,2021-10-11
201169,Brandon Holloway,924-938-6297,nicole93@example.com,NC,2022-04-13
201170,Kenneth Thomas,166-352-5449,mthompson@example.org,NC,2021-12-23
201171,Craig Blair,170-333-2068,fernandeznoah@example.com,SC,2019-12-28
201172,Tammy Carter,176-791-6335,vwolf@example.net,SC,2024-10-09
201173,Shawn Taylor,088-629-7432,alyssabaker@example.org,SC,2020-03-15
201174,Kristen Barnett,619-252-8821,nharper@example.com,GA,2023-07-19
201175,Alexandria Chen,545-602-4465,carrielee@example.net,VA,2023-01-24
201176,Jesse Solomon,466-085-7012,katherinedonovan@example.com,SC,2025-01-31
201177,Melvin Mclaughlin,028-577-8113,jessicasmith@example.com,GA,2019-06-02
201178,Erica Anderson,993-849-0764,austinjackson@example.com,GA,2020-12-27
201179,Angela Torres,463-279-9790,edward43@example.org,VA,2022-02-08
201180,Alyssa Lopez,238-095-5800,ebarker@example.net,NC,2023-11-30
201181,Catherine Wallace,323-723-2110,karenlyons@example.com,NC,2020-03-06
201182,Derek Finley,654-932-8043,tsmith@example.com,GA,2020-02-02
201183,Jonathan Kaufman,828-471-3135,verickson@example.com,GA,2024-11-06
201184,Barry Church,603-053-3676,marissalong@example.com,NC,2023-10-12
201185,Keith Harris,491-150-8341,brian19@example.net,TN,2024-09-28
201186,Ronald Nielsen,192-482-5728,kburgess@example.com,VA,2021-01-31
201187,Benjamin Smith,526-422-7036,wilsonashley@example.org,NC,2024-11-29
201188,Alison Williams,520-091-5116,ograham@example.com,FL,2024-07-15
201189,Lori Adkins,440-532-3729,williammorton@example.com,NC,2020-07-12
201190,Michael Freeman,696-196-9624,sandyrose@example.com,NC,2025-08-25
201191,Joseph Morris,670-439-5640,bernard36@example.net,SC,2025-03-13
201192,Bradley Brown,437-640-3804,melvinlang@example.net,NC,2020-10-22
201193,Dr. Kristin Harrison MD,707-861-6898,diana16@example.net,SC,2021-04-09
201194,Pamela Edwards,408-448-5871,frankhenderson@example.com,NC,2025-06-13
201195,Melissa Murillo,254-490-5994,rebeccaturner@example.com,SC,2018-08-12
201196,Elizabeth Juarez,557-356-9817,donna10@example.net,SC,2024-12-18
201197,Clayton Thompson,961-241-3418,rosecrawford@example.org,TN,2025-05-29
201198,Luis Lester,137-967-1991,ggarcia@example.com,SC,2023-01-31
201199,Paul Anderson,110-647-6820,fgordon@example.net,NC,2024-10-27
201200,Lisa Wilkerson,335-630-2938,obaker@example.net,SC,2022-05-14
201201,Stephanie Collier,857-147-0161,natashariley@example.net,SC,2024-12-16
201202,Steven Cruz,530-836-6890,dayconnor@example.org,TN,2023-07-06
201203,Monica Brewer,357-857-7101,hunttracy@example.org,GA,2020-11-02
201204,Linda Lane,873-543-7618,colleenwright@example.net,GA,2021-05-27
201205,Kyle Kelly,150-549-9622,chambersmegan@example.com,SC,2018-12-06
201206,Patricia Mathis,779-310-0720,perezrichard@example.com,NC,2022-01-11
201207,Maria Ortiz,962-744-4820,leejeffrey@example.net,NC,2023-05-02
201208,Peggy Ball,407-979-0376,alicia34@example.org,VA,2020-08-11
201209,Heidi Moody,269-322-3383,crichmond@example.com,FL,2018-07-12
201210,Jacob Jones,207-875-0064,tylermarshall@example.com,SC,2024-10-01
201211,Alexander Clay,249-455-1448,tgonzalez@example.net,NC,2023-06-23
201212,Daniel Gomez,650-229-5639,jamesellis@example.com,NC,2019-03-31
201213,Andrew Bryan,215-991-8221,zgould@example.org,GA,2025-01-23
201214,Joshua Hall,643-109-4547,gregory09@example.com,SC,2021-03-01
201215,Kevin Cox,372-302-8438,patricksean@example.org,NC,2019-03-20
201216,Rebecca Lee,509-057-8043,ryan43@example.org,TN,2021-12-14
201217,Jeff Faulkner,456-270-8582,robleskristina@example.net,SC,2023-05-26
201218,Isaac Marshall,152-299-4668,fraziermichele@example.com,GA,2018-01-11
201219,Mr. Christopher Kennedy,745-639-0712,alyssahunter@example.net,NC,2020-11-24
201220,Mathew Christensen,668-635-7006,jeremy03@example.org,GA,2025-06-02
201221,Dawn Franco,510-420-9256,randy31@example.net,GA,2019-11-20
201222,Natalie Escobar,445-536-4233,stephen36@example.com,GA,2021-01-27
201223,Ronald Harris,433-961-0073,oabbott@example.org,NC,2024-03-13
201224,John Fleming,761-554-1070,pachecowesley@example.com,NC,2024-03-11
201225,Megan Keller,053-154-5617,shannonalvarez@example.net,NC,2024-11-15
201226,Robert Davis,098-795-9136,ballalexander@example.org,VA,2025-03-12
201227,John Brooks,521-984-9070,allenkelly@example.com,NC,2023-03-24
201228,Mrs. Lori Vargas MD,009-738-6088,rfoster@example.org,NC,2019-11-26
201229,Rodney Chang,793-084-6868,gutierrezjeffrey@example.com,NC,2022-05-12
201230,Amy Torres,413-870-3416,shane39@example.com,VA,2025-12-14
201231,Laura Williamson,201-415-0838,ramirezronnie@example.org,VA,2018-06-26
201232,Lori King,205-644-4298,elizabeth15@example.org,TN,2023-11-08
201233,Christopher Frost,396-982-2482,rmorris@example.net,NC,2018-01-18
201234,Sarah Hall,419-797-2591,jesuswong@example.net,NC,2021-01-18
201235,Wendy Bennett,076-494-0811,orrerik@example.net,NC,2018-06-23
201236,Kristin Aguilar,042-389-1400,pgarcia@example.com,NC,2022-08-17
201237,Ruben Gregory,217-375-9534,sharon12@example.com,SC,2023-02-07
201238,Cesar Warner,708-250-1935,wardmonica@example.org,NC,2022-09-12
201239,William Gray,157-299-5868,terrykevin@example.org,SC,2024-07-31
201240,Matthew Fletcher,452-906-4147,danameyer@example.org,TN,2024-01-24
201241,Frank Stone,357-095-7395,amandaporter@example.com,NC,2019-09-12
201242,Michael Reynolds,058-336-3574,xnelson@example.org,NC,2020-08-20
201243,Miss Laura Cook,140-187-5417,joseph90@example.com,VA,2018-06-04
201244,Brandon Freeman,207-591-8772,fullerann@example.net,FL,2020-06-04
201245,Christian Bowen,052-654-7267,rachel48@example.com,VA,2023-05-21
201246,Joseph Wilkinson,815-815-4645,ikirk@example.com,NC,2018-01-01
201247,Vanessa Thompson,654-993-2919,brookskimberly@example.com,NC,2020-05-02
201248,Heidi Davis,545-470-5352,joshua22@example.org,NC,2023-08-17
201249,Heather Knox,940-160-3556,devinsimmons@example.com,TN,2025-02-10
201250,Amy Walters,656-646-3333,henryjennifer@example.org,NC,2020-10-27
201251,Robert Wallace,867-413-5855,pattyarmstrong@example.net,NC,2018-10-20
201252,Matthew Deleon,045-887-9180,millerjessica@example.org,SC,2023-11-04
201253,Carrie Torres,151-239-5909,noahhumphrey@example.com,SC,2023-08-31
201254,Cassie Fernandez,802-737-6502,pmcgee@example.org,VA,2024-03-27
201255,Sara Lee,519-878-7400,alisonhayes@example.org,NC,2025-03-24
201256,Charles Payne,568-504-5410,zjones@example.net,FL,2020-03-25
201257,Amy Rogers,543-085-2080,dennisrobertson@example.com,SC,2023-03-16
201258,Tiffany Carter,767-015-3765,christine76@example.net,NC,2024-01-19
201259,Michelle Jones,793-667-0391,brownmartin@example.net,NC,2025-07-27
201260,Charles Thompson,861-088-4115,vdudley@example.org,VA,2022-07-21
201261,Amanda Wright,438-759-5412,clarklisa@example.com,GA,2023-06-06
201262,Cynthia Estrada,802-436-7147,tmorales@example.net,VA,2019-03-26
201263,Dawn Smith,722-210-9128,thenderson@example.net,NC,2025-08-12
201264,Peggy Stanley,048-338-0626,gentryjennifer@example.com,NC,2024-06-16
201265,Caroline Huber,357-553-1355,uwoodward@example.net,VA,2020-11-07
201266,Charles Palmer,342-074-1317,rogersmichelle@example.com,NC,2018-03-15
201267,Derrick King,926-118-9132,taylor75@example.org,NC,2018-12-20
201268,Kenneth Butler,648-415-5707,sromero@example.net,NC,2019-05-19
201269,James Ortiz,470-762-4674,sjensen@example.net,NC,2023-04-23
201270,Michael Hernandez,749-738-0567,odaniels@example.net,SC,2023-06-03
201271,Kimberly Young,556-861-7869,etucker@example.org,TN,2025-03-02
201272,John Anderson,680-419-5226,fjohnston@example.net,SC,2022-07-07
201273,Dawn Ford,281-804-5735,adam58@example.org,NC,2019-12-22
201274,Tracy Romero,506-574-0375,carlosreed@example.net,VA,2018-02-05
201275,Jason Guerra,098-920-7187,fmoore@example.com,GA,2019-08-05
201276,Maria Hess,268-826-9676,carolyngreen@example.net,NC,2022-01-22
201277,Christopher King,723-691-6687,fball@example.com,VA,2025-09-26
201278,Kelly Harris,614-609-7877,craigvanessa@example.net,NC,2019-12-03
201279,Timothy Graham,913-484-4077,julie63@example.net,NC,2023-01-09
201280,Justin Norris,999-398-9687,lewismark@example.com,GA,2025-01-01
201281,Alexandra Cook,473-050-9146,mariadavid@example.net,FL,2025-09-17
201282,Laurie Butler,647-173-6979,qwhite@example.org,TN,2024-01-21
201283,Victor Stephenson,596-447-9299,nicholas49@example.net,NC,2020-03-16
201284,James Moore,386-547-4794,ronaldclark@example.net,FL,2025-10-17
201285,Dr. Kelli Haney,533-421-1129,gentrymaxwell@example.org,VA,2022-09-22
201286,Meghan Johnson,488-075-1324,lauraperkins@example.net,VA,2020-03-26
201287,Matthew White,065-944-5784,aduran@example.net,NC,2018-01-08
201288,Anita Wiggins,310-450-3478,randy34@example.com,GA,2025-05-27
201289,Charles Long,821-263-3593,oevans@example.org,NC,2020-06-13
201290,Brady Perez,123-131-8530,angela00@example.net,GA,2019-12-19
201291,Susan Burke,631-849-2346,marygolden@example.com,NC,2023-02-06
201292,Mckenzie Ward,261-837-4846,mfigueroa@example.com,NC,2022-11-16
201293,William Shields,461-163-7620,kimberly89@example.org,NC,2019-02-10
201294,Paul Campbell,290-879-5612,zproctor@example.com,NC,2023-06-15
201295,Jeremy Turner,325-697-2738,ashley06@example.org,SC,2025-07-25
201296,Katie Graham,718-805-0421,frank02@example.net,FL,2022-12-14
201297,Phillip Wilkinson,941-087-7914,olivia36@example.org,VA,2022-08-20
201298,John Ibarra,575-795-8497,ortizeric@example.org,GA,2020-07-31
201299,Robert Gonzalez,474-831-4541,cmueller@example.org,NC,2019-11-27
201300,Erin Randolph,525-184-9255,martin93@example.com,FL,2024-11-30
201301,Alan Scott,363-745-8118,hessmark@example.com,NC,2021-07-29
201302,Brittany Miller,908-404-7831,tdonovan@example.org,SC,2022-04-21
201303,Erica Sanchez,606-066-4173,tduncan@example.com,NC,2018-05-17
201304,Christina Williams,851-008-0493,kellypalmer@example.com,NC,2024-10-24
201305,Lori Lopez,674-834-5229,ihart@example.org,GA,2018-06-30
201306,Shawn Wright,145-502-4358,josephgraves@example.org,NC,2022-10-19
201307,Dawn Sanchez,466-666-0947,nicolesingleton@example.com,SC,2024-11-21
201308,Randy Tyler,168-290-8236,jillrodriguez@example.org,NC,2022-08-30
201309,Catherine Pierce,601-662-9305,rebeccajohnson@example.com,NC,2020-08-30
201310,Frank Martin,074-235-2454,morenogabriel@example.org,NC,2023-06-28
201311,Theresa Thomas,767-766-7888,wmueller@example.net,NC,2024-02-21
201312,Kathleen Mcdonald,002-625-3378,dennishall@example.com,TN,2024-05-18
201313,Jordan Rodriguez,214-350-7215,vangjeffrey@example.net,NC,2025-02-09
201314,Rachel Anthony,203-475-3395,gina13@example.org,NC,2018-03-07
201315,Paula Palmer,711-201-1616,mclaughlinthomas@example.com,NC,2019-04-03
201316,Elaine Murray,471-424-2411,willismichelle@example.com,NC,2020-11-15
201317,Cathy Clark,291-367-0113,tracy57@example.com,NC,2020-07-30
201318,Jeremiah Clayton,329-255-6568,joshuadennis@example.com,SC,2025-02-11
201319,Ryan Brown,089-383-6630,cherylfoley@example.net,NC,2025-10-20
201320,Oscar Alexander,703-921-1169,hharris@example.net,NC,2022-08-19
201321,Barbara Payne,618-135-8677,uguzman@example.com,SC,2024-01-20
201322,David Greene,631-573-1939,keyrose@example.net,NC,2022-12-25
201323,Terri Stevens,803-720-3100,maldonadokevin@example.com,NC,2019-11-06
201324,Michelle Koch,013-863-7646,morganluke@example.net,NC,2018-08-07
201325,Beth Turner,029-929-1217,qbrown@example.com,NC,2025-09-04
201326,Courtney Obrien,530-035-4566,qestrada@example.com,TN,2022-02-24
201327,Randy Bowen,969-647-8732,lisatyler@example.org,TN,2021-11-16
201328,Jeffrey Cooper,893-508-6017,lorrainewalter@example.org,GA,2020-07-10
201329,Gloria Ruiz,321-285-9315,wendywebb@example.com,NC,2020-06-04
201330,Elizabeth Zimmerman,050-269-6754,humphreysusan@example.com,NC,2019-12-22
201331,Brittany Wright,551-516-8674,katherine57@example.org,SC,2019-10-13
201332,Douglas James,142-727-9863,zharrington@example.org,GA,2022-03-17
201333,Ms. Brenda Foster,862-732-0404,joshuadeleon@example.net,NC,2025-01-20
201334,Mark Bridges,390-454-8433,bhansen@example.org,TN,2025-06-23
201335,Aaron Frederick,665-484-7216,madeline83@example.com,GA,2019-08-07
201336,James Dorsey,319-276-8450,arnoldmatthew@example.org,SC,2023-07-17
201337,Joseph Patel,397-197-0628,williecollins@example.net,TN,2022-09-09
201338,Steven Richardson,435-055-6871,bblack@example.com,VA,2018-06-29
201339,Dennis Smith,897-146-9457,shelby27@example.net,NC,2020-11-01
201340,Nicholas Jensen,797-634-4840,audrey32@example.com,SC,2025-05-29
201341,Christopher Wright,762-192-5304,fisherbrenda@example.net,NC,2022-03-04
201342,Alejandra Gross DDS,317-118-4208,cookmargaret@example.net,VA,2025-10-08
201343,Andrew Hughes,191-858-7701,williamanderson@example.org,NC,2019-05-04
201344,Meagan Hunt,619-232-0203,tcooper@example.net,NC,2019-11-07
201345,Julie Miller,780-737-5477,jonesdana@example.net,SC,2023-11-10
201346,Tyler King,451-487-9882,amiles@example.net,FL,2020-01-17
201347,Amanda Swanson,149-006-4285,sean35@example.com,VA,2019-10-27
201348,Michael Smith,483-316-1001,amandaneal@example.net,SC,2021-09-30
201349,Jonathan Nichols,838-307-2268,justin75@example.net,GA,2025-11-03
201350,Ashley Hernandez,533-741-8112,amandayoung@example.org,NC,2019-05-04
201351,Alicia Guerrero,776-471-9702,michellegreen@example.net,VA,2021-12-25
201352,Gregory White,178-062-8198,elizabethchen@example.com,GA,2024-01-07
201353,Christopher Young,932-950-4248,seanhunt@example.com,TN,2024-02-27
201354,Patrick Humphrey,872-852-3158,georgeshaw@example.net,TN,2023-10-18
201355,Andrew Brewer,234-547-4096,williamsjulie@example.net,NC,2024-06-20
201356,Douglas Delgado,872-142-8323,vmills@example.com,SC,2025-05-23
201357,Shannon Anderson,570-217-1710,meghanaguirre@example.org,VA,2023-02-22
201358,Joseph Hooper,431-927-7628,churchjason@example.com,NC,2019-08-07
201359,Michael Adams,241-441-2006,cookashley@example.org,FL,2021-07-08
201360,Ellen Powell,492-774-4884,sophia49@example.net,SC,2018-06-04
201361,Katherine Evans,544-760-1344,maryserrano@example.net,GA,2023-11-02
201362,Kathryn Washington,000-261-7693,whaas@example.net,NC,2019-06-27
201363,Casey Gibson,078-929-0883,alexandramartinez@example.com,VA,2022-01-19
201364,Kelsey Smith,494-100-7859,kaiserjean@example.com,NC,2025-10-11
201365,Harold Garcia,609-658-5411,morenoscott@example.net,SC,2025-07-09
201366,Melanie Robertson,039-559-3697,nturner@example.net,SC,2019-09-03
201367,James Willis,694-449-8682,patrick89@example.net,SC,2022-04-08
201368,Tracy Ramirez,520-639-9621,kristinaterry@example.org,SC,2018-11-06
201369,Christina Edwards,027-474-2461,qrodriguez@example.org,NC,2020-04-05
201370,John Caldwell,585-135-8876,clevine@example.com,SC,2022-12-11
201371,Aaron Gonzales,765-355-1285,timothy15@example.net,NC,2018-06-14
201372,Mary Oliver,569-286-2269,ortegazachary@example.net,FL,2021-08-24
201373,Charles Walton,537-326-1264,joselittle@example.org,GA,2021-04-27
201374,Sydney Lee,111-262-0237,austinadam@example.net,SC,2018-07-29
201375,Diana Sutton,058-102-5025,xbradley@example.net,TN,2022-07-13
201376,Morgan Davis,554-486-3103,kathleennash@example.com,VA,2024-10-07
201377,Glenda Porter,415-877-8488,michaelwatson@example.org,NC,2019-10-16
201378,Jason Wolf,246-976-0371,abautista@example.com,SC,2021-12-23
201379,Adriana Jones,527-066-6602,nlong@example.com,SC,2019-07-07
201380,Bradley Ross,302-282-0965,lopezlori@example.com,NC,2024-09-12
201381,Brenda Edwards,544-074-3247,michelle20@example.com,SC,2025-06-06
201382,Tracie Jones,078-068-3135,moorekevin@example.org,NC,2022-10-30
201383,Adam Bush,243-587-1946,paustin@example.net,NC,2025-02-14
201384,Robin Owens,892-260-4149,garynguyen@example.com,NC,2024-03-06
201385,Deanna Brown,295-748-8725,codyshaw@example.net,NC,2023-01-01
201386,Rhonda Henderson,083-489-4888,alyssalarson@example.com,SC,2024-10-05
201387,Jason Moreno,063-981-2927,cblair@example.com,VA,2021-11-19
201388,Nicole Morton,776-873-0431,sydneyking@example.org,SC,2024-01-04
201389,Luis Hamilton,033-918-6759,mark65@example.com,GA,2018-03-17
201390,Meredith Kelly,599-054-7180,christina18@example.org,NC,2020-05-06
201391,Melanie Hoffman,761-666-1807,carl46@example.com,NC,2023-09-27
201392,Kyle Rhodes,572-612-2160,ginawilliams@example.com,NC,2023-07-11
201393,Cameron Valencia,751-237-4162,christinesimpson@example.org,GA,2024-11-19
201394,Ernest Williams,444-982-9061,kevin95@example.com,GA,2021-04-28
201395,Ann Soto,015-587-0050,smithshannon@example.org,SC,2020-01-23
201396,Timothy Rowe,761-856-7085,jennifer93@example.org,NC,2023-12-29
201397,Jacob Wolfe,447-486-4008,rrussell@example.org,VA,2018-01-10
201398,Jason Johnston,970-612-2286,sabrinaclark@example.net,NC,2024-11-26
201399,Shaun Thompson,216-155-4563,jorichardson@example.net,VA,2018-08-29
201400,Lindsay Matthews,636-331-9960,dawsonanthony@example.com,GA,2019-05-02
201401,Cory Carrillo,350-814-4296,isaacolsen@example.org,SC,2022-01-24
201402,Julia Warner,577-162-6006,jerry55@example.org,NC,2020-03-12
201403,Stephanie Gutierrez,065-910-9538,jason39@example.com,VA,2018-07-09
201404,Scott Walker,431-869-7533,johnny37@example.org,NC,2020-03-19
201405,Chloe Martinez,123-093-3467,bassbenjamin@example.net,NC,2025-04-25
201406,Aaron Stanley,106-639-3899,hevans@example.org,GA,2023-10-20
201407,Devin Atkins,068-446-5283,markberry@example.org,SC,2024-09-25
201408,Carolyn Walker,343-249-1227,gquinn@example.com,SC,2024-02-04
201409,Mary Grant,806-153-5456,lmorgan@example.org,NC,2022-11-15
201410,Brian Garcia,705-839-0627,rodney88@example.com,NC,2024-03-10
201411,Debbie Wood,056-209-6752,erinjones@example.net,NC,2025-07-02
201412,Paul Johnson MD,458-904-7806,ywillis@example.net,VA,2024-07-26
201413,Jason Martinez,445-034-7964,mharris@example.org,VA,2019-06-15
201414,Robert Lynch,126-283-1886,santosnicholas@example.com,SC,2021-04-11
201415,Melissa Walker,989-599-2890,tracy07@example.org,FL,2025-09-26
201416,Edward Pierce,021-950-6988,davilajonathan@example.org,SC,2018-09-02
201417,David Garcia,587-236-2056,john70@example.com,VA,2019-01-05
201418,Mary Smith MD,454-584-5483,yward@example.com,VA,2024-01-20
201419,Tiffany Preston,253-732-0590,hopkinsdrew@example.net,NC,2024-03-02
201420,Ashley Mills,146-222-5135,billy16@example.org,NC,2023-09-10
201421,Paul Green,760-955-0939,williamhernandez@example.com,NC,2019-03-12
201422,Brian Hawkins,244-034-9646,wilsondustin@example.net,NC,2018-03-26
201423,Justin Mack,474-628-6994,bennettcharles@example.net,NC,2023-03-30
201424,Gina Brown,756-395-7309,roberthoffman@example.net,TN,2019-12-27
201425,Michelle Carlson,849-916-6204,anichols@example.net,NC,2023-07-28
201426,Amanda Gordon,547-761-5574,aguilarangel@example.org,NC,2020-11-11
201427,Lindsay Chan,241-222-0314,stephanie26@example.com,NC,2024-11-14
201428,Nicole Campbell,388-122-0535,samuelmoore@example.net,NC,2021-02-20
201429,Alan Rice,073-572-6263,bguzman@example.net,NC,2023-08-02
201430,Karen Walker,455-886-4015,ashleyhill@example.com,TN,2019-09-12
201431,Amy Garcia,743-769-5774,hannahmorales@example.com,NC,2025-08-14
201432,Christina Wood,219-225-1442,joseph72@example.com,TN,2025-07-22
201433,Jamie Cortez,143-192-5327,roymaldonado@example.com,VA,2019-07-28
201434,Jason Roberts,967-848-6484,carlosmorgan@example.org,NC,2023-04-17
201435,Mary Mendez,463-988-8466,owilliams@example.net,FL,2023-01-11
201436,James Dawson,295-339-3542,brian23@example.net,SC,2025-07-22
201437,Maria Brown,252-625-9694,wbarton@example.net,NC,2018-09-23
201438,Rachel Chavez,295-579-4922,cramirez@example.org,NC,2023-06-17
201439,Jonathan Smith,988-142-6310,whitealexis@example.net,NC,2020-01-24
201440,Brian White,062-579-7930,webbsean@example.org,VA,2024-01-09
201441,Michael Schmidt,765-805-8553,brooksderek@example.net,TN,2018-08-08
201442,Mark Jones,030-491-4545,youngmartin@example.net,SC,2024-01-20
201443,Steven Mercado,983-862-8644,jorgeruiz@example.com,TN,2019-07-01
201444,John Moore,194-937-0856,annabrown@example.com,GA,2018-12-23
201445,Jeffrey Berry,628-402-1874,burkenicholas@example.com,SC,2024-07-23
201446,Vickie Brown,419-958-3745,david97@example.org,VA,2024-08-04
201447,Richard Scott,506-155-7656,christianlee@example.com,TN,2023-08-02
201448,Kim Rodriguez,784-825-7199,westgregory@example.com,TN,2023-06-23
201449,Maria Huffman,701-347-4943,david45@example.org,NC,2022-05-22
201450,Pamela Velez,185-265-0308,zimmermanandrew@example.com,TN,2022-10-21
201451,Russell Barker,615-576-1015,reedjamie@example.net,NC,2018-12-06
201452,Kim Warren,539-495-4180,dukealan@example.org,GA,2025-09-07
201453,Lisa Taylor,164-328-4882,gateszachary@example.org,VA,2022-02-02
201454,Ashley Guerrero,236-785-3172,reginald04@example.net,SC,2021-12-04
201455,Sarah Jackson,795-524-6240,wlong@example.org,NC,2021-04-17
201456,Lucas Kaufman,052-695-1882,karen62@example.net,FL,2023-06-05
201457,Sean Richmond,864-200-7260,margaretmurphy@example.com,GA,2023-01-01
201458,Laura Frazier,310-261-1772,thompsonandrew@example.org,SC,2025-08-20
201459,Jack Miller,788-716-2411,thomas15@example.com,NC,2019-06-09
201460,Tina Foster,358-110-7331,carol46@example.org,SC,2025-07-04
201461,Carolyn Washington,510-989-7344,cooperpaul@example.net,TN,2019-05-13
201462,Mrs. Andrea Munoz,025-085-2973,tammyfrank@example.net,GA,2020-08-24
201463,Kristin Reed,860-081-1469,hawkinscarol@example.net,VA,2023-03-19
201464,Nicholas Williams,822-671-6417,dale42@example.net,NC,2024-10-28
201465,Tamara Silva,136-044-8637,travis08@example.com,NC,2023-04-05
201466,Ashley King,633-891-7017,tylerfisher@example.com,SC,2025-07-28
201467,Jeanette Sloan,966-345-0840,joshuascott@example.org,NC,2018-03-16
201468,Mark Williams,192-085-2586,christopherjohnson@example.org,FL,2019-07-06
201469,Christopher Powell,785-059-6102,douglas17@example.org,NC,2022-08-16
201470,Jason Bernard,415-927-0136,wfernandez@example.org,GA,2023-02-13
201471,Melissa Harris,601-333-8218,maryponce@example.net,TN,2023-02-19
201472,Lauren Collins,051-573-3624,william56@example.net,TN,2024-09-13
201473,Jennifer Nguyen,694-505-6020,lpeterson@example.org,NC,2025-08-05
201474,Kirk Willis,003-215-5973,oadkins@example.org,NC,2023-09-05
201475,Belinda Nguyen,337-785-2290,phillip68@example.net,SC,2021-07-21
201476,Joseph Doyle,730-281-7996,william89@example.com,SC,2018-06-09
201477,Kelly Jordan,786-441-7464,johncontreras@example.org,NC,2025-05-30
201478,John Cooper,997-876-4280,dennisgray@example.net,VA,2023-09-12
201479,Barbara Acevedo,681-683-9823,andrew98@example.org,NC,2021-11-25
201480,Eric Wright,029-408-0488,pauldavis@example.net,NC,2025-08-28
201481,Samuel Hopkins,622-420-3574,dhanson@example.com,NC,2018-04-18
201482,Timothy Williams,020-495-4809,patrick39@example.com,SC,2023-08-28
201483,Margaret Wood,654-167-6055,pstokes@example.org,VA,2025-02-20
201484,Melissa Kim,098-027-1579,normanchristine@example.net,NC,2025-11-17
201485,Jonathan Mccormick,726-489-3239,timothycruz@example.org,NC,2023-05-14
201486,Chelsea Jimenez,305-233-8066,pclay@example.org,NC,2020-08-08
201487,Jeffrey Wright,371-034-9964,flee@example.com,FL,2025-03-25
201488,Ronald Hinton,238-762-4172,maria15@example.net,NC,2018-10-24
201489,Laura Garcia,807-479-5219,jaybarker@example.net,SC,2018-10-15
201490,Larry Butler,001-627-8404,katrinagarcia@example.com,TN,2018-08-24
201491,Carolyn Foster,395-766-3012,leonardrivera@example.org,GA,2025-02-09
201492,Haley Oconnell,407-856-2176,steven44@example.net,NC,2025-03-11
201493,Monica Williamson,553-875-1460,cainkimberly@example.com,VA,2024-08-12
201494,Latasha Mathews,769-978-2279,blankenshipcarolyn@example.com,SC,2025-10-02
201495,Kimberly Adams,603-490-5691,apeterson@example.com,NC,2025-12-05
201496,Kenneth Huber,993-234-9416,leontheresa@example.org,VA,2023-06-15
201497,Daniel James,874-648-4895,michael35@example.org,NC,2022-03-04
201498,Kenneth Moyer,080-021-5621,obrienthomas@example.net,SC,2018-07-17
201499,Michael Lane,864-535-6214,lesliebanks@example.org,NC,2021-03-10
201500,Gerald Walker,833-987-7118,emilyramirez@example.net,VA,2019-11-04
