invoice_id,work_order_id,invoice_date,labor_amount,parts_amount,invoice_total
600001,400001,2025-01-10,604.48,826.87,1431.35
600002,400003,2025-01-15,845.46,794.25,1639.71
600003,400004,2025-01-02,103.09,1134.63,1237.72
600004,400006,2025-01-03,624.35,943.78,1568.13
600005,400007,2025-01-07,467.86,19.04,486.9
600006,400008,2025-01-14,622.49,1084.08,1706.57
600007,400010,2025-01-14,692.89,979.75,1672.64
600008,400011,2025-01-06,170.1,1046.58,1216.68
600009,400012,2025-01-11,706.18,596.08,1302.26
600010,400013,2025-01-08,744.49,188.47,932.96
600011,400014,2025-01-11,377.89,708.32,1086.21
600012,400015,2025-01-13,288.11,227.07,515.18
600013,400016,2025-01-13,444.25,894.62,1338.87
600014,400017,2025-01-06,446.74,1001.41,1448.15
600015,400019,2025-01-15,133.51,827.78,961.29
600016,400021,2025-01-08,254.9,793.21,1048.11
600017,400022,2025-01-09,121.7,96.69,218.39
600018,400023,2025-01-10,586.42,106.1,692.52
600019,400024,2025-01-18,483.96,790.15,1274.11
600020,400026,2025-01-19,235.01,414.14,649.15
600021,400028,2025-01-08,498.3,864.92,1363.22
600022,400029,2025-01-06,101.5,554.41,655.91
600023,400030,2025-01-14,446.93,725.63,1172.56
600024,400031,2025-01-08,152.04,213.02,365.06
600025,400033,2025-01-18,641.22,1092.43,1733.65
600026,400034,2025-01-12,814.65,165.33,979.98
600027,400037,2025-01-09,275.62,390.57,666.19
600028,400040,2025-01-11,548.36,72.11,620.47
600029,400041,2025-01-10,302.06,927.0,1229.06
600030,400042,2025-01-18,798.07,938.2,1736.27
600031,400043,2025-01-14,419.71,1111.37,1531.08
600032,400044,2025-01-15,159.21,991.03,1150.24
600033,400045,2025-01-16,411.61,925.58,1337.19
600034,400046,2025-01-08,668.1,83.84,751.94
600035,400048,2025-01-22,105.08,586.39,691.47
600036,400049,2025-01-16,845.13,1103.4,1948.53
600037,400050,2025-01-22,772.15,428.86,1201.01
600038,400051,2025-01-21,671.38,835.33,1506.71
600039,400052,2025-01-09,840.98,1001.48,1842.46
600040,400053,2025-01-22,227.5,440.33,667.83
600041,400055,2025-01-20,439.14,126.26,565.4
600042,400056,2025-01-21,113.99,94.12,208.11
600043,400057,2025-01-23,315.88,478.18,794.06
600044,400058,2025-01-18,200.98,1121.26,1322.24
600045,400059,2025-01-16,295.64,1045.28,1340.92
600046,400060,2025-01-12,302.09,1143.96,1446.05
600047,400061,2025-01-12,109.3,854.07,963.37
600048,400064,2025-01-13,509.97,152.69,662.66
600049,400066,2025-01-17,659.72,1072.61,1732.33
600050,400068,2025-01-22,103.69,150.74,254.43
600051,400069,2025-01-13,737.22,98.33,835.55
600052,400070,2025-01-16,320.22,221.11,541.33
600053,400071,2025-01-14,749.66,312.63,1062.29
600054,400072,2025-01-24,305.39,238.56,543.95
600055,400073,2025-01-19,157.78,591.59,749.37
600056,400074,2025-01-24,122.59,920.97,1043.56
600057,400075,2025-01-12,497.58,73.67,571.25
600058,400076,2025-01-22,331.03,189.67,520.7
600059,400077,2025-01-15,204.45,348.21,552.66
600060,400078,2025-01-21,181.38,628.11,809.49
600061,400079,2025-01-14,464.41,659.17,1123.58
600062,400080,2025-01-23,522.13,174.18,696.31
600063,400082,2025-01-26,541.52,1033.28,1574.8
600064,400083,2025-01-26,428.83,644.63,1073.46
600065,400084,2025-01-26,829.62,429.0,1258.62
600066,400085,2025-01-18,570.48,504.88,1075.36
600067,400086,2025-01-19,628.9,1002.72,1631.62
600068,400087,2025-01-26,802.71,1123.67,1926.38
600069,400088,2025-01-20,830.31,541.87,1372.18
600070,400089,2025-01-16,625.41,303.11,928.52
600071,400090,2025-01-15,373.16,485.11,858.27
600072,400091,2025-01-17,775.99,142.73,918.72
600073,400092,2025-01-18,280.14,1196.6,1476.74
600074,400093,2025-01-28,188.73,427.82,616.55
600075,400094,2025-01-15,165.25,656.07,821.32
600076,400095,2025-01-27,354.51,195.59,550.1
600077,400096,2025-01-21,487.91,1024.15,1512.06
600078,400097,2025-01-20,185.86,1164.55,1350.41
600079,400099,2025-01-17,229.63,862.05,1091.68
600080,400100,2025-01-17,783.85,731.47,1515.32
600081,400103,2025-01-28,82.01,912.72,994.73
600082,400104,2025-01-29,188.59,1014.89,1203.48
600083,400105,2025-01-22,95.5,523.17,618.67
600084,400106,2025-01-28,568.27,312.65,880.92
600085,400107,2025-01-24,792.02,650.53,1442.55
600086,400108,2025-01-25,599.28,678.59,1277.87
600087,400109,2025-01-27,188.61,701.61,890.22
600088,400110,2025-01-25,457.19,121.44,578.63
600089,400111,2025-01-26,640.97,38.38,679.35
600090,400112,2025-01-25,327.27,817.12,1144.39
600091,400113,2025-01-23,645.35,1146.45,1791.8
600092,400114,2025-01-21,419.6,546.5,966.1
600093,400115,2025-01-25,522.51,263.8,786.31
600094,400116,2025-01-29,703.8,1020.09,1723.89
600095,400117,2025-01-26,263.12,1057.14,1320.26
600096,400118,2025-01-21,311.64,1182.91,1494.55
600097,400119,2025-01-18,92.25,1062.98,1155.23
600098,400120,2025-01-30,310.77,347.24,658.01
600099,400121,2025-01-24,504.58,412.16,916.74
600100,400122,2025-01-20,242.17,320.56,562.73
600101,400124,2025-01-24,452.63,1030.98,1483.61
600102,400125,2025-01-26,443.14,878.94,1322.08
600103,400126,2025-01-26,77.45,1194.43,1271.88
600104,400127,2025-01-30,685.08,349.66,1034.74
600105,400128,2025-01-29,849.89,930.1,1779.99
600106,400129,2025-01-25,426.75,255.07,681.82
600107,400130,2025-02-01,476.0,276.77,752.77
600108,400132,2025-01-31,228.28,587.63,815.91
600109,400133,2025-01-28,625.27,63.77,689.04
600110,400134,2025-01-31,273.48,1024.01,1297.49
600111,400135,2025-01-26,520.69,792.65,1313.34
600112,400136,2025-01-23,774.69,215.61,990.3
600113,400137,2025-01-25,219.05,815.8,1034.85
600114,400138,2025-01-31,178.1,675.87,853.97
600115,400139,2025-02-02,830.58,626.44,1457.02
600116,400140,2025-02-03,725.34,1193.19,1918.53
600117,400141,2025-01-25,212.57,844.75,1057.32
600118,400142,2025-01-29,626.43,907.02,1533.45
600119,400143,2025-01-30,122.5,955.41,1077.91
600120,400144,2025-02-02,425.95,105.31,531.26
600121,400145,2025-02-03,845.55,624.67,1470.22
600122,400146,2025-01-23,751.12,570.46,1321.58
600123,400147,2025-01-29,818.25,280.54,1098.79
600124,400148,2025-01-25,516.9,590.02,1106.92
600125,400149,2025-01-25,435.73,493.51,929.24
600126,400150,2025-01-27,461.29,970.57,1431.86
600127,400151,2025-02-03,729.2,111.62,840.82
600128,400152,2025-01-23,477.69,276.23,753.92
600129,400153,2025-01-23,689.66,82.08,771.74
600130,400154,2025-01-25,581.77,959.67,1541.44
600131,400155,2025-02-05,325.4,368.56,693.96
600132,400157,2025-02-02,635.4,539.68,1175.08
600133,400158,2025-01-27,678.77,152.08,830.85
600134,400159,2025-01-23,322.38,178.18,500.56
600135,400160,2025-01-29,443.27,193.47,636.74
600136,400162,2025-02-04,307.82,876.58,1184.4
600137,400163,2025-01-25,142.4,1012.95,1155.35
600138,400164,2025-02-06,644.57,1106.52,1751.09
600139,400165,2025-02-05,820.8,847.96,1668.76
600140,400166,2025-01-29,184.27,752.28,936.55
600141,400167,2025-01-25,712.06,466.07,1178.13
600142,400168,2025-01-30,588.81,425.81,1014.62
600143,400170,2025-01-30,627.64,642.99,1270.63
600144,400171,2025-02-03,110.48,104.4,214.88
600145,400172,2025-01-25,326.1,1071.87,1397.97
600146,400173,2025-01-28,385.66,996.26,1381.92
600147,400174,2025-02-02,290.89,567.53,858.42
600148,400175,2025-01-29,439.37,660.45,1099.82
600149,400176,2025-01-31,410.99,1035.94,1446.93
600150,400177,2025-02-06,326.03,138.47,464.5
600151,400178,2025-02-04,360.29,185.44,545.73
600152,400179,2025-01-25,795.23,261.53,1056.76
600153,400180,2025-01-27,178.37,642.72,821.09
600154,400181,2025-02-01,470.88,947.52,1418.4
600155,400182,2025-02-08,729.91,1005.59,1735.5
600156,400183,2025-01-27,334.03,358.64,692.67
600157,400184,2025-02-03,631.93,135.7,767.63
600158,400185,2025-01-30,510.22,1132.65,1642.87
600159,400186,2025-01-27,722.13,153.09,875.22
600160,400187,2025-01-27,177.01,1127.12,1304.13
600161,400188,2025-01-28,559.41,416.63,976.04
600162,400189,2025-02-06,722.84,110.14,832.98
600163,400190,2025-02-09,147.11,1076.52,1223.63
600164,400191,2025-01-31,723.59,420.01,1143.6
600165,400192,2025-02-09,534.76,701.74,1236.5
600166,400193,2025-01-29,838.58,163.87,1002.45
600167,400194,2025-01-30,435.29,1132.07,1567.36
600168,400195,2025-01-31,755.24,1150.44,1905.68
600169,400196,2025-01-29,321.0,919.86,1240.86
600170,400197,2025-02-06,575.54,915.94,1491.48
600171,400198,2025-02-07,352.45,495.38,847.83
600172,400199,2025-02-03,572.41,482.39,1054.8
600173,400200,2025-01-28,425.97,542.07,968.04
600174,400201,2025-01-31,721.21,808.79,1530.0
600175,400202,2025-02-04,146.21,257.55,403.76
600176,400203,2025-02-09,186.6,399.59,586.19
600177,400204,2025-01-30,719.45,1167.59,1887.04
600178,400205,2025-02-01,349.85,855.05,1204.9
600179,400206,2025-01-29,251.49,479.52,731.01
600180,400207,2025-02-07,545.3,629.67,1174.97
600181,400208,2025-01-29,515.43,1146.83,1662.26
600182,400209,2025-01-31,125.62,231.11,356.73
600183,400210,2025-02-11,316.36,730.64,1047.0
600184,400211,2025-01-31,682.15,281.97,964.12
600185,400212,2025-02-01,377.99,58.68,436.67
600186,400213,2025-02-03,484.75,444.01,928.76
600187,400215,2025-02-02,406.56,369.59,776.15
600188,400216,2025-02-05,595.21,109.55,704.76
600189,400217,2025-02-02,761.08,936.39,1697.47
600190,400218,2025-02-06,260.8,45.35,306.15
600191,400219,2025-02-01,713.89,988.9,1702.79
600192,400220,2025-02-06,691.0,250.74,941.74
600193,400221,2025-02-03,611.17,580.88,1192.05
600194,400222,2025-02-12,776.15,1139.2,1915.35
600195,400223,2025-02-03,115.69,365.23,480.92
600196,400224,2025-02-04,821.53,139.63,961.16
600197,400225,2025-02-01,473.81,1182.23,1656.04
600198,400226,2025-02-11,310.3,933.17,1243.47
600199,400227,2025-02-01,233.44,75.32,308.76
600200,400228,2025-02-06,635.92,100.76,736.68
600201,400230,2025-02-14,580.1,384.13,964.23
600202,400231,2025-02-06,144.97,1189.13,1334.1
600203,400232,2025-02-09,751.79,650.96,1402.75
600204,400233,2025-02-05,619.98,545.3,1165.28
600205,400234,2025-02-03,827.14,198.23,1025.37
600206,400235,2025-02-08,440.92,331.69,772.61
600207,400236,2025-02-13,548.66,633.14,1181.8
600208,400237,2025-02-03,612.26,654.27,1266.53
600209,400238,2025-02-02,555.05,61.27,616.32
600210,400239,2025-02-15,630.38,1180.38,1810.76
600211,400240,2025-02-10,836.92,263.22,1100.14
600212,400241,2025-02-06,341.97,657.14,999.11
600213,400242,2025-02-06,509.38,144.84,654.22
600214,400243,2025-02-15,458.11,359.91,818.02
600215,400244,2025-02-16,484.31,138.61,622.92
600216,400246,2025-02-04,782.4,621.62,1404.02
600217,400247,2025-02-15,635.16,129.37,764.53
600218,400248,2025-02-06,825.82,604.38,1430.2
600219,400249,2025-02-12,665.78,141.61,807.39
600220,400251,2025-02-15,420.71,1179.35,1600.06
600221,400252,2025-02-04,93.67,1196.13,1289.8
600222,400253,2025-02-12,516.55,507.94,1024.49
600223,400254,2025-02-09,85.82,384.86,470.68
600224,400255,2025-02-15,803.68,1029.55,1833.23
600225,400256,2025-02-05,689.24,809.28,1498.52
600226,400257,2025-02-11,492.66,335.18,827.84
600227,400258,2025-02-06,243.86,208.31,452.17
600228,400259,2025-02-16,395.58,841.69,1237.27
600229,400260,2025-02-15,229.18,353.41,582.59
600230,400261,2025-02-14,448.91,988.56,1437.47
600231,400263,2025-02-20,306.82,769.04,1075.86
600232,400264,2025-02-07,562.1,735.24,1297.34
600233,400265,2025-02-07,118.27,516.21,634.48
600234,400267,2025-02-15,302.59,667.69,970.28
600235,400268,2025-02-20,641.62,384.78,1026.4
600236,400269,2025-02-11,486.2,1051.88,1538.08
600237,400270,2025-02-14,562.01,881.69,1443.7
600238,400271,2025-02-12,555.12,568.24,1123.36
600239,400272,2025-02-19,164.26,801.65,965.91
600240,400273,2025-02-08,223.91,995.33,1219.24
600241,400274,2025-02-19,779.5,206.62,986.12
600242,400275,2025-02-19,838.39,945.75,1784.14
600243,400276,2025-02-18,282.07,302.1,584.17
600244,400277,2025-02-11,216.95,499.38,716.33
600245,400278,2025-02-19,607.21,1152.35,1759.56
600246,400279,2025-02-20,622.26,222.31,844.57
600247,400280,2025-02-17,75.99,606.97,682.96
600248,400281,2025-02-17,156.1,971.14,1127.24
600249,400284,2025-02-09,526.68,26.13,552.81
600250,400285,2025-02-09,479.25,1141.0,1620.25
600251,400286,2025-02-20,566.04,492.3,1058.34
600252,400287,2025-02-15,505.4,112.23,617.63
600253,400290,2025-02-16,592.53,799.69,1392.22
600254,400291,2025-02-10,794.2,920.57,1714.77
600255,400293,2025-02-11,148.57,638.85,787.42
600256,400294,2025-02-24,256.08,532.18,788.26
600257,400295,2025-02-18,291.46,478.25,769.71
600258,400296,2025-02-18,416.35,429.55,845.9
600259,400298,2025-02-12,755.4,253.03,1008.43
600260,400299,2025-02-16,114.78,351.19,465.97
600261,400300,2025-02-21,391.26,624.06,1015.32
600262,400301,2025-02-20,292.3,846.12,1138.42
600263,400302,2025-02-14,370.72,615.8,986.52
600264,400303,2025-02-13,123.97,229.16,353.13
600265,400304,2025-02-19,765.92,344.3,1110.22
600266,400305,2025-02-20,480.75,711.8,1192.55
600267,400307,2025-02-18,734.25,1152.11,1886.36
600268,400309,2025-02-24,379.12,168.81,547.93
600269,400311,2025-02-24,414.02,876.67,1290.69
600270,400312,2025-02-17,176.11,636.44,812.55
600271,400313,2025-02-23,342.03,575.28,917.31
600272,400314,2025-02-27,219.06,1176.58,1395.64
600273,400316,2025-02-24,157.3,356.26,513.56
600274,400317,2025-02-14,722.1,755.05,1477.15
600275,400318,2025-02-25,789.04,793.23,1582.27
600276,400321,2025-02-22,343.22,868.03,1211.25
600277,400322,2025-02-20,123.68,887.17,1010.85
600278,400323,2025-02-17,772.19,434.03,1206.22
600279,400326,2025-02-19,205.52,432.94,638.46
600280,400327,2025-02-21,843.18,1082.64,1925.82
600281,400328,2025-02-25,269.71,672.6,942.31
600282,400329,2025-02-25,602.25,907.34,1509.59
600283,400330,2025-02-17,801.35,817.94,1619.29
600284,400331,2025-02-22,646.88,1118.5,1765.38
600285,400332,2025-02-18,307.09,580.99,888.08
600286,400333,2025-02-28,354.68,670.02,1024.7
600287,400334,2025-02-20,157.45,783.58,941.03
600288,400336,2025-02-24,353.35,701.23,1054.58
600289,400337,2025-02-27,611.32,1007.22,1618.54
600290,400338,2025-02-22,567.07,921.89,1488.96
600291,400339,2025-02-27,356.24,43.68,399.92
600292,400341,2025-02-27,524.44,970.37,1494.81
600293,400342,2025-02-28,419.93,1110.7,1530.63
600294,400343,2025-02-18,660.32,764.8,1425.12
600295,400344,2025-03-02,719.16,667.64,1386.8
600296,400345,2025-02-27,824.2,968.55,1792.75
600297,400346,2025-03-02,537.32,155.19,692.51
600298,400347,2025-02-21,174.11,1114.99,1289.1
600299,400348,2025-03-04,368.27,994.89,1363.16
600300,400350,2025-03-03,577.81,418.79,996.6
600301,400352,2025-02-28,283.01,637.83,920.84
600302,400353,2025-02-20,102.73,976.04,1078.77
600303,400354,2025-02-20,205.03,558.34,763.37
600304,400356,2025-02-24,113.3,399.72,513.02
600305,400357,2025-02-24,566.63,695.55,1262.18
600306,400358,2025-02-26,146.53,944.67,1091.2
600307,400361,2025-03-03,561.6,1124.79,1686.39
600308,400363,2025-03-01,243.54,835.84,1079.38
600309,400364,2025-03-04,394.27,313.34,707.61
600310,400365,2025-03-03,192.55,909.85,1102.4
600311,400366,2025-03-05,383.44,1090.63,1474.07
600312,400367,2025-02-28,433.24,710.64,1143.88
600313,400368,2025-03-05,650.51,938.64,1589.15
600314,400370,2025-02-26,405.98,405.42,811.4
600315,400371,2025-03-06,112.68,1015.72,1128.4
600316,400372,2025-03-03,832.09,1176.92,2009.01
600317,400373,2025-03-03,598.21,1005.17,1603.38
600318,400374,2025-03-02,651.36,967.57,1618.93
600319,400375,2025-02-26,815.95,635.41,1451.36
600320,400376,2025-03-04,395.77,711.17,1106.94
600321,400377,2025-03-06,75.67,743.7,819.37
600322,400380,2025-02-28,665.39,976.58,1641.97
600323,400381,2025-02-23,639.24,1034.91,1674.15
600324,400382,2025-02-27,601.04,520.3,1121.34
600325,400383,2025-02-27,708.88,746.98,1455.86
600326,400384,2025-02-26,174.7,423.07,597.77
600327,400385,2025-03-05,455.66,41.65,497.31
600328,400386,2025-02-28,139.93,645.85,785.78
600329,400387,2025-02-25,143.29,502.11,645.4
600330,400388,2025-02-25,260.77,14.84,275.61
600331,400389,2025-02-26,705.11,884.77,1589.88
600332,400390,2025-02-26,357.36,1065.46,1422.82
600333,400391,2025-03-03,735.23,237.4,972.63
600334,400392,2025-02-28,431.4,308.97,740.37
600335,400393,2025-02-26,233.63,708.63,942.26
600336,400394,2025-02-27,653.88,1084.55,1738.43
600337,400395,2025-03-02,669.82,940.86,1610.68
600338,400396,2025-02-27,476.85,467.48,944.33
600339,400397,2025-03-09,231.07,312.01,543.08
600340,400398,2025-03-07,191.86,692.12,883.98
600341,400400,2025-03-08,381.67,250.86,632.53
600342,400401,2025-02-28,665.58,446.97,1112.55
600343,400402,2025-03-11,231.86,754.98,986.84
600344,400404,2025-03-06,588.6,1026.42,1615.02
600345,400405,2025-03-04,488.69,972.83,1461.52
600346,400406,2025-03-04,141.54,36.41,177.95
600347,400408,2025-03-03,561.19,536.86,1098.05
600348,400409,2025-03-02,132.98,654.85,787.83
600349,400410,2025-03-09,156.32,168.53,324.85
600350,400411,2025-03-07,750.39,404.75,1155.14
600351,400412,2025-03-05,666.48,490.67,1157.15
600352,400413,2025-03-10,643.99,167.93,811.92
600353,400414,2025-03-03,397.81,1051.61,1449.42
600354,400416,2025-02-27,592.39,316.57,908.96
600355,400418,2025-03-09,487.12,437.51,924.63
600356,400419,2025-03-06,268.27,846.83,1115.1
600357,400421,2025-02-28,374.1,177.93,552.03
600358,400422,2025-03-05,799.72,956.33,1756.05
600359,400424,2025-03-04,531.87,929.79,1461.66
600360,400425,2025-03-11,383.45,0.98,384.43
600361,400426,2025-03-08,387.48,413.3,800.78
600362,400427,2025-03-10,702.17,972.27,1674.44
600363,400429,2025-03-08,568.47,783.89,1352.36
600364,400430,2025-03-10,649.52,230.43,879.95
600365,400432,2025-03-06,275.82,837.75,1113.57
600366,400433,2025-03-04,316.83,1079.13,1395.96
600367,400435,2025-03-11,834.32,277.77,1112.09
600368,400436,2025-03-04,711.11,139.81,850.92
600369,400437,2025-03-03,788.1,392.26,1180.36
600370,400438,2025-03-06,504.63,261.51,766.14
600371,400439,2025-03-04,211.92,604.13,816.05
600372,400440,2025-03-11,538.65,942.99,1481.64
600373,400441,2025-03-04,156.24,722.47,878.71
600374,400442,2025-03-12,497.78,1150.39,1648.17
600375,400443,2025-03-14,214.27,919.27,1133.54
600376,400444,2025-03-07,96.0,1164.22,1260.22
600377,400445,2025-03-13,342.75,228.05,570.8
600378,400446,2025-03-07,676.54,971.06,1647.6
600379,400449,2025-03-04,293.08,243.24,536.32
600380,400450,2025-03-11,495.43,962.86,1458.29
600381,400451,2025-03-10,535.97,633.13,1169.1
600382,400452,2025-03-17,647.34,585.25,1232.59
600383,400453,2025-03-10,362.35,509.59,871.94
600384,400455,2025-03-14,749.28,96.49,845.77
600385,400456,2025-03-04,451.91,538.79,990.7
600386,400457,2025-03-12,711.78,868.96,1580.74
600387,400458,2025-03-06,809.44,416.71,1226.15
600388,400459,2025-03-06,760.8,731.37,1492.17
600389,400460,2025-03-08,497.26,732.53,1229.79
600390,400461,2025-03-09,130.6,454.75,585.35
600391,400462,2025-03-14,626.6,1086.47,1713.07
600392,400463,2025-03-12,663.35,1117.23,1780.58
600393,400464,2025-03-15,840.35,869.29,1709.64
600394,400465,2025-03-12,581.55,972.79,1554.34
600395,400466,2025-03-05,551.75,1111.22,1662.97
600396,400467,2025-03-16,527.4,1074.32,1601.72
600397,400468,2025-03-08,82.13,1176.71,1258.84
600398,400469,2025-03-05,314.56,904.9,1219.46
600399,400470,2025-03-11,286.13,571.6,857.73
600400,400471,2025-03-14,305.36,741.25,1046.61
600401,400472,2025-03-07,605.88,586.93,1192.81
600402,400473,2025-03-11,84.05,948.22,1032.27
600403,400474,2025-03-18,135.6,556.77,692.37
600404,400475,2025-03-13,95.24,768.53,863.77
600405,400476,2025-03-16,822.07,215.91,1037.98
600406,400477,2025-03-16,847.64,428.94,1276.58
600407,400478,2025-03-07,541.68,130.99,672.67
600408,400479,2025-03-15,423.79,626.02,1049.81
600409,400481,2025-03-11,671.45,829.89,1501.34
600410,400482,2025-03-17,841.51,259.1,1100.61
600411,400483,2025-03-07,578.52,602.81,1181.33
600412,400484,2025-03-16,186.32,666.25,852.57
600413,400485,2025-03-19,146.47,286.32,432.79
600414,400486,2025-03-09,369.32,447.7,817.02
600415,400487,2025-03-14,668.23,225.18,893.41
600416,400488,2025-03-14,170.38,2.6,172.98
600417,400491,2025-03-12,514.6,407.46,922.06
600418,400493,2025-03-12,215.27,1134.74,1350.01
600419,400494,2025-03-12,155.36,980.87,1136.23
600420,400495,2025-03-17,266.51,477.39,743.9
600421,400496,2025-03-14,296.21,969.27,1265.48
600422,400497,2025-03-23,371.41,823.41,1194.82
600423,400498,2025-03-16,749.99,599.69,1349.68
600424,400499,2025-03-15,559.05,279.37,838.42
600425,400500,2025-03-13,760.76,998.6,1759.36
600426,400502,2025-03-14,327.88,585.52,913.4
600427,400503,2025-03-24,130.35,241.19,371.54
600428,400504,2025-03-14,781.1,1143.94,1925.04
600429,400505,2025-03-19,475.73,67.03,542.76
600430,400506,2025-03-12,642.29,826.69,1468.98
600431,400508,2025-03-14,370.8,53.78,424.58
600432,400509,2025-03-19,103.7,978.49,1082.19
600433,400511,2025-03-12,721.64,25.82,747.46
600434,400512,2025-03-23,117.29,686.44,803.73
600435,400513,2025-03-16,174.08,772.15,946.23
600436,400514,2025-03-21,747.82,820.98,1568.8
600437,400515,2025-03-21,805.9,84.82,890.72
600438,400516,2025-03-16,462.04,307.37,769.41
600439,400518,2025-03-26,401.92,414.31,816.23
600440,400520,2025-03-23,262.18,503.5,765.68
600441,400521,2025-03-22,641.39,1061.04,1702.43
600442,400522,2025-03-16,706.47,1039.23,1745.7
600443,400523,2025-03-15,809.45,535.94,1345.39
600444,400524,2025-03-26,487.05,103.44,590.49
600445,400525,2025-03-23,763.85,1148.88,1912.73
600446,400526,2025-03-18,344.8,606.78,951.58
600447,400527,2025-03-26,278.11,1118.1,1396.21
600448,400528,2025-03-16,191.37,315.66,507.03
600449,400529,2025-03-19,709.01,258.81,967.82
600450,400530,2025-03-25,472.28,109.57,581.85
600451,400531,2025-03-17,695.03,1177.26,1872.29
600452,400532,2025-03-23,175.82,477.76,653.58
600453,400533,2025-03-23,114.97,1102.33,1217.3
600454,400534,2025-03-17,192.34,482.96,675.3
600455,400535,2025-03-18,462.42,1079.84,1542.26
600456,400536,2025-03-15,676.92,800.16,1477.08
600457,400537,2025-03-16,323.26,1141.22,1464.48
600458,400538,2025-03-21,633.72,533.98,1167.7
600459,400539,2025-03-20,226.42,598.65,825.07
600460,400540,2025-03-19,627.14,567.01,1194.15
600461,400541,2025-03-17,645.77,29.35,675.12
600462,400543,2025-03-21,506.44,962.81,1469.25
600463,400544,2025-03-29,555.88,858.11,1413.99
600464,400546,2025-03-22,456.12,1052.06,1508.18
600465,400547,2025-03-25,588.1,16.42,604.52
600466,400548,2025-03-22,382.27,172.23,554.5
600467,400549,2025-03-19,152.17,48.17,200.34
600468,400550,2025-03-22,293.46,384.05,677.51
600469,400552,2025-03-29,403.17,1057.23,1460.4
600470,400553,2025-03-19,786.23,1001.38,1787.61
600471,400554,2025-03-30,264.34,245.88,510.22
600472,400555,2025-03-29,439.5,566.75,1006.25
600473,400558,2025-03-26,405.66,17.87,423.53
600474,400559,2025-03-26,620.71,358.8,979.51
600475,400561,2025-03-20,358.63,762.01,1120.64
600476,400563,2025-03-24,605.09,415.25,1020.34
600477,400564,2025-03-30,647.24,428.79,1076.03
600478,400565,2025-03-31,191.24,463.7,654.94
600479,400566,2025-03-23,184.63,630.22,814.85
600480,400567,2025-03-31,204.72,347.18,551.9
600481,400568,2025-03-23,486.76,656.67,1143.43
600482,400569,2025-03-29,811.33,929.57,1740.9
600483,400570,2025-03-25,773.07,388.36,1161.43
600484,400571,2025-03-27,516.06,1194.25,1710.31
600485,400572,2025-03-29,601.94,799.5,1401.44
600486,400573,2025-03-27,727.91,34.14,762.05
600487,400574,2025-03-25,234.4,974.91,1209.31
600488,400576,2025-03-29,367.32,481.83,849.15
600489,400577,2025-03-31,78.96,329.34,408.3
600490,400578,2025-03-30,503.98,446.29,950.27
600491,400579,2025-03-22,497.19,1173.17,1670.36
600492,400581,2025-03-24,390.65,897.82,1288.47
600493,400582,2025-03-31,162.11,695.31,857.42
600494,400585,2025-04-01,718.97,192.28,911.25
600495,400586,2025-03-31,561.41,591.52,1152.93
600496,400587,2025-03-31,762.44,788.45,1550.89
600497,400588,2025-04-04,153.84,561.62,715.46
600498,400589,2025-03-29,688.96,19.14,708.1
600499,400590,2025-03-29,785.11,999.53,1784.64
600500,400591,2025-04-04,676.42,580.31,1256.73
600501,400592,2025-03-29,668.02,1084.5,1752.52
600502,400593,2025-03-24,241.94,1104.51,1346.45
600503,400594,2025-04-04,785.38,459.22,1244.6
600504,400595,2025-03-29,350.48,942.41,1292.89
600505,400596,2025-03-29,425.94,1024.83,1450.77
600506,400597,2025-04-04,150.18,1146.49,1296.67
600507,400598,2025-03-30,537.2,477.52,1014.72
600508,400599,2025-03-27,333.43,234.03,567.46
600509,400600,2025-04-04,247.23,318.03,565.26
600510,400601,2025-03-26,156.28,369.84,526.12
600511,400602,2025-03-31,474.42,164.69,639.11
600512,400604,2025-04-01,284.73,322.87,607.6
600513,400605,2025-03-27,721.82,215.8,937.62
600514,400606,2025-03-29,185.49,723.42,908.91
600515,400607,2025-03-30,114.01,575.86,689.87
600516,400608,2025-04-01,653.98,1062.89,1716.87
600517,400609,2025-03-31,258.83,486.06,744.89
600518,400610,2025-04-05,772.54,1044.11,1816.65
600519,400611,2025-03-31,543.11,405.97,949.08
600520,400612,2025-03-26,641.57,215.72,857.29
600521,400615,2025-04-05,822.43,934.3,1756.73
600522,400616,2025-04-04,240.86,239.75,480.61
600523,400617,2025-04-08,268.99,1018.57,1287.56
600524,400618,2025-04-02,575.36,472.68,1048.04
600525,400619,2025-04-08,422.12,552.48,974.6
600526,400620,2025-03-29,697.86,626.03,1323.89
600527,400621,2025-04-01,842.57,403.97,1246.54
600528,400623,2025-04-05,827.21,156.64,983.85
600529,400625,2025-04-10,556.85,860.45,1417.3
600530,400626,2025-04-06,723.44,27.57,751.01
600531,400627,2025-04-02,304.42,263.32,567.74
600532,400628,2025-04-08,796.57,38.96,835.53
600533,400630,2025-04-03,830.4,519.97,1350.37
600534,400631,2025-04-11,115.88,426.04,541.92
600535,400632,2025-04-10,614.94,859.76,1474.7
600536,400634,2025-04-05,246.49,1105.96,1352.45
600537,400635,2025-03-29,152.18,166.12,318.3
600538,400637,2025-04-04,284.19,538.97,823.16
600539,400638,2025-04-07,728.45,95.9,824.35
600540,400639,2025-04-07,596.66,882.79,1479.45
600541,400640,2025-04-06,750.19,902.84,1653.03
600542,400643,2025-04-02,559.16,1006.8,1565.96
600543,400644,2025-04-02,548.97,325.82,874.79
600544,400645,2025-03-31,433.76,22.72,456.48
600545,400646,2025-04-01,795.23,1136.31,1931.54
600546,400647,2025-04-04,341.31,815.23,1156.54
600547,400650,2025-03-31,338.22,680.09,1018.31
600548,400651,2025-04-13,96.05,145.23,241.28
600549,400652,2025-04-10,287.87,861.3,1149.17
600550,400653,2025-04-08,513.16,514.07,1027.23
600551,400655,2025-04-04,406.68,95.34,502.02
600552,400658,2025-04-10,744.08,301.85,1045.93
600553,400659,2025-04-04,251.39,704.96,956.35
600554,400660,2025-04-01,664.42,445.25,1109.67
600555,400661,2025-04-13,724.89,52.67,777.56
600556,400662,2025-04-13,288.36,615.35,903.71
600557,400663,2025-04-01,706.01,460.2,1166.21
600558,400664,2025-04-07,139.49,546.54,686.03
600559,400665,2025-04-11,548.44,865.25,1413.69
600560,400666,2025-04-08,801.97,1016.31,1818.28
600561,400667,2025-04-05,705.56,485.42,1190.98
600562,400668,2025-04-12,814.17,872.09,1686.26
600563,400669,2025-04-15,284.42,1057.24,1341.66
600564,400670,2025-04-07,211.23,573.01,784.24
600565,400671,2025-04-07,510.64,348.17,858.81
600566,400672,2025-04-03,688.07,832.18,1520.25
600567,400673,2025-04-06,508.55,848.23,1356.78
600568,400674,2025-04-13,336.15,359.32,695.47
600569,400675,2025-04-03,571.68,871.36,1443.04
600570,400676,2025-04-03,728.79,755.26,1484.05
600571,400677,2025-04-12,417.6,521.66,939.26
600572,400678,2025-04-07,212.41,666.79,879.2
600573,400679,2025-04-04,131.08,514.34,645.42
600574,400680,2025-04-05,765.79,1001.76,1767.55
600575,400681,2025-04-08,392.44,300.43,692.87
600576,400682,2025-04-11,756.54,387.35,1143.89
600577,400685,2025-04-17,824.21,955.17,1779.38
600578,400686,2025-04-09,269.92,905.05,1174.97
600579,400687,2025-04-07,566.08,711.54,1277.62
600580,400688,2025-04-06,524.32,1150.35,1674.67
600581,400689,2025-04-08,774.23,332.57,1106.8
600582,400690,2025-04-15,537.42,949.24,1486.66
600583,400691,2025-04-10,400.67,539.66,940.33
600584,400692,2025-04-16,333.25,854.1,1187.35
600585,400693,2025-04-10,697.41,688.07,1385.48
600586,400694,2025-04-11,628.17,853.5,1481.67
600587,400695,2025-04-07,365.44,794.99,1160.43
600588,400696,2025-04-15,586.13,148.43,734.56
600589,400697,2025-04-07,488.6,465.49,954.09
600590,400698,2025-04-12,698.78,538.92,1237.7
600591,400699,2025-04-15,820.74,288.05,1108.79
600592,400700,2025-04-13,94.93,349.73,444.66
600593,400701,2025-04-08,330.85,14.89,345.74
600594,400702,2025-04-18,164.16,1028.78,1192.94
600595,400703,2025-04-09,481.57,236.41,717.98
600596,400705,2025-04-15,827.57,844.01,1671.58
600597,400706,2025-04-17,737.94,1044.76,1782.7
600598,400707,2025-04-20,802.07,122.73,924.8
600599,400708,2025-04-13,438.87,446.96,885.83
600600,400710,2025-04-10,748.14,368.42,1116.56
600601,400712,2025-04-10,730.91,854.67,1585.58
600602,400713,2025-04-20,485.6,288.27,773.87
600603,400714,2025-04-20,495.74,700.19,1195.93
600604,400716,2025-04-12,81.85,499.73,581.58
600605,400717,2025-04-12,762.59,796.05,1558.64
600606,400718,2025-04-11,349.68,678.74,1028.42
600607,400719,2025-04-17,681.93,272.86,954.79
600608,400720,2025-04-19,398.86,284.88,683.74
600609,400722,2025-04-16,644.38,1194.56,1838.94
600610,400724,2025-04-19,702.58,664.26,1366.84
600611,400725,2025-04-14,524.18,1026.16,1550.34
600612,400727,2025-04-10,412.6,422.41,835.01
600613,400728,2025-04-12,251.99,629.95,881.94
600614,400729,2025-04-11,342.67,1102.03,1444.7
600615,400731,2025-04-17,300.61,509.12,809.73
600616,400732,2025-04-11,700.14,227.78,927.92
600617,400733,2025-04-17,336.69,154.26,490.95
600618,400734,2025-04-19,502.19,1118.94,1621.13
600619,400735,2025-04-25,80.17,653.95,734.12
600620,400736,2025-04-24,826.6,193.75,1020.35
600621,400737,2025-04-12,408.62,204.62,613.24
600622,400738,2025-04-13,700.04,422.96,1123.0
600623,400739,2025-04-16,196.18,403.27,599.45
600624,400740,2025-04-19,753.38,866.9,1620.28
600625,400741,2025-04-22,741.79,611.94,1353.73
600626,400742,2025-04-21,762.77,239.82,1002.59
600627,400743,2025-04-23,388.06,712.68,1100.74
600628,400744,2025-04-18,487.67,285.1,772.77
600629,400745,2025-04-13,253.26,965.63,1218.89
600630,400746,2025-04-19,265.43,796.94,1062.37
600631,400747,2025-04-22,93.61,855.27,948.88
600632,400748,2025-04-22,528.95,353.8,882.75
600633,400749,2025-04-18,618.74,1127.09,1745.83
600634,400750,2025-04-24,492.05,1199.66,1691.71
600635,400751,2025-04-22,732.06,106.58,838.64
600636,400752,2025-04-17,579.3,368.37,947.67
600637,400753,2025-04-16,543.36,788.58,1331.94
600638,400754,2025-04-23,405.71,1100.66,1506.37
600639,400755,2025-04-17,152.97,792.87,945.84
600640,400757,2025-04-25,463.82,1004.57,1468.39
600641,400758,2025-04-23,664.67,848.41,1513.08
600642,400759,2025-04-16,80.09,1181.22,1261.31
600643,400761,2025-04-23,516.54,510.58,1027.12
600644,400762,2025-04-24,719.59,1051.2,1770.79
600645,400763,2025-04-24,449.34,405.54,854.88
600646,400764,2025-04-21,735.87,517.5,1253.37
600647,400765,2025-04-21,328.62,996.3,1324.92
600648,400766,2025-04-27,449.58,1041.85,1491.43
600649,400767,2025-04-22,697.85,85.5,783.35
600650,400768,2025-04-27,328.46,742.86,1071.32
600651,400769,2025-04-27,529.4,421.93,951.33
600652,400770,2025-04-15,731.39,686.19,1417.58
600653,400772,2025-04-20,637.51,542.42,1179.93
600654,400773,2025-04-28,177.84,444.07,621.91
600655,400774,2025-04-22,823.71,948.5,1772.21
600656,400775,2025-04-25,427.16,758.86,1186.02
600657,400777,2025-04-28,749.92,767.78,1517.7
600658,400778,2025-04-17,439.43,544.89,984.32
600659,400780,2025-04-20,538.38,1196.25,1734.63
600660,400785,2025-05-01,185.18,274.29,459.47
600661,400786,2025-04-21,75.52,276.48,352.0
600662,400787,2025-04-20,676.82,1067.12,1743.94
600663,400790,2025-04-28,393.67,949.98,1343.65
600664,400791,2025-04-30,450.23,400.81,851.04
600665,400792,2025-04-25,247.62,383.87,631.49
600666,400793,2025-04-28,573.09,144.8,717.89
600667,400794,2025-04-22,259.3,1164.33,1423.63
600668,400795,2025-04-23,740.44,551.24,1291.68
600669,400796,2025-04-29,230.54,246.59,477.13
600670,400797,2025-04-28,794.01,917.4,1711.41
600671,400798,2025-04-29,699.97,201.04,901.01
600672,400799,2025-04-27,520.58,523.56,1044.14
600673,400800,2025-04-23,379.22,126.71,505.93
600674,400801,2025-04-30,713.33,586.15,1299.48
600675,400802,2025-04-24,407.67,635.86,1043.53
600676,400803,2025-04-20,219.72,517.73,737.45
600677,400805,2025-04-30,458.1,880.44,1338.54
600678,400806,2025-04-27,253.15,896.97,1150.12
600679,400807,2025-05-01,650.74,103.45,754.19
600680,400808,2025-05-02,753.76,162.36,916.12
600681,400809,2025-04-30,627.59,744.58,1372.17
600682,400810,2025-04-30,721.95,529.13,1251.08
600683,400811,2025-04-29,631.81,88.99,720.8
600684,400812,2025-04-22,328.11,945.66,1273.77
600685,400813,2025-04-26,543.19,488.9,1032.09
600686,400814,2025-05-04,85.87,53.25,139.12
600687,400815,2025-05-01,220.32,884.21,1104.53
600688,400816,2025-04-24,578.7,161.32,740.02
600689,400817,2025-04-29,76.32,126.15,202.47
600690,400818,2025-04-24,700.73,743.39,1444.12
600691,400819,2025-04-27,786.11,1038.69,1824.8
600692,400820,2025-05-04,388.38,183.44,571.82
600693,400821,2025-05-03,357.45,45.72,403.17
600694,400822,2025-04-26,598.77,715.34,1314.11
600695,400825,2025-04-29,217.08,730.97,948.05
600696,400827,2025-04-24,269.04,1051.5,1320.54
600697,400828,2025-05-06,561.6,927.68,1489.28
600698,400829,2025-05-02,459.86,819.08,1278.94
600699,400830,2025-04-28,662.61,177.84,840.45
600700,400831,2025-04-29,187.24,194.78,382.02
600701,400832,2025-05-04,488.4,44.9,533.3
600702,400833,2025-04-26,399.82,935.14,1334.96
600703,400834,2025-04-28,715.86,526.64,1242.5
600704,400835,2025-04-29,638.48,2.1,640.58
600705,400836,2025-04-25,796.82,819.57,1616.39
600706,400837,2025-04-29,702.82,207.19,910.01
600707,400838,2025-05-08,379.59,989.7,1369.29
600708,400839,2025-04-26,257.24,114.39,371.63
600709,400840,2025-05-04,262.03,348.33,610.36
600710,400841,2025-05-03,161.55,897.8,1059.35
600711,400842,2025-05-06,689.32,1095.88,1785.2
600712,400843,2025-05-01,187.58,892.44,1080.02
600713,400844,2025-05-03,651.0,716.26,1367.26
600714,400845,2025-04-28,683.95,104.38,788.33
600715,400848,2025-05-09,614.54,298.66,913.2
600716,400849,2025-05-02,390.1,766.2,1156.3
600717,400850,2025-05-08,765.9,347.87,1113.77
600718,400851,2025-05-01,190.75,201.91,392.66
600719,400852,2025-05-06,102.04,807.54,909.58
600720,400854,2025-04-29,535.14,126.4,661.54
600721,400856,2025-05-05,625.65,903.83,1529.48
600722,400857,2025-04-28,649.07,826.91,1475.98
600723,400858,2025-05-01,562.54,997.13,1559.67
600724,400860,2025-05-04,794.19,583.66,1377.85
600725,400861,2025-05-03,464.72,313.03,777.75
600726,400862,2025-05-01,387.37,551.0,938.37
600727,400863,2025-05-01,795.98,1073.97,1869.95
600728,400864,2025-05-04,193.42,365.05,558.47
600729,400866,2025-05-09,494.66,732.34,1227.0
600730,400868,2025-05-10,234.18,1197.79,1431.97
600731,400869,2025-05-07,166.44,514.59,681.03
600732,400870,2025-05-05,263.18,82.19,345.37
600733,400871,2025-05-12,91.32,175.15,266.47
600734,400872,2025-05-11,406.13,1176.75,1582.88
600735,400873,2025-05-04,687.31,968.13,1655.44
600736,400874,2025-05-04,425.58,290.39,715.97
600737,400877,2025-05-12,572.66,1169.35,1742.01
600738,400878,2025-05-14,479.17,424.41,903.58
600739,400879,2025-05-10,458.34,428.76,887.1
600740,400880,2025-05-09,296.86,214.39,511.25
600741,400882,2025-05-04,581.05,502.59,1083.64
600742,400883,2025-05-10,413.38,788.59,1201.97
600743,400884,2025-05-14,617.58,395.33,1012.91
600744,400885,2025-05-03,189.33,583.19,772.52
600745,400886,2025-05-03,627.46,1116.85,1744.31
600746,400887,2025-05-05,342.81,6.76,349.57
600747,400888,2025-05-04,668.43,840.26,1508.69
600748,400889,2025-05-10,399.03,1146.36,1545.39
600749,400890,2025-05-07,470.83,176.91,647.74
600750,400892,2025-05-07,467.65,871.73,1339.38
600751,400893,2025-05-11,650.47,710.79,1361.26
600752,400896,2025-05-15,180.89,806.92,987.81
600753,400898,2025-05-15,192.29,374.06,566.35
600754,400899,2025-05-17,806.09,429.18,1235.27
600755,400900,2025-05-06,352.32,1105.88,1458.2
600756,400901,2025-05-14,501.17,2.57,503.74
600757,400902,2025-05-07,601.94,681.47,1283.41
600758,400903,2025-05-07,837.38,255.42,1092.8
600759,400904,2025-05-09,516.22,433.72,949.94
600760,400905,2025-05-08,179.91,1164.5,1344.41
600761,400906,2025-05-12,511.09,905.29,1416.38
600762,400907,2025-05-10,208.3,1028.94,1237.24
600763,400908,2025-05-05,845.07,265.3,1110.37
600764,400909,2025-05-12,574.57,172.01,746.58
600765,400910,2025-05-07,427.42,270.7,698.12
600766,400911,2025-05-09,674.0,146.52,820.52
600767,400912,2025-05-11,295.63,1084.41,1380.04
600768,400913,2025-05-13,606.42,500.4,1106.82
600769,400914,2025-05-06,310.95,553.78,864.73
600770,400915,2025-05-19,296.41,398.77,695.18
600771,400916,2025-05-17,774.39,72.67,847.06
600772,400918,2025-05-13,764.87,463.51,1228.38
600773,400919,2025-05-06,556.16,49.7,605.86
600774,400921,2025-05-11,676.73,915.27,1592.0
600775,400922,2025-05-20,494.68,473.43,968.11
600776,400923,2025-05-18,840.23,621.37,1461.6
600777,400924,2025-05-12,625.13,1001.02,1626.15
600778,400925,2025-05-12,88.01,818.42,906.43
600779,400926,2025-05-18,494.37,527.78,1022.15
600780,400927,2025-05-13,89.64,376.28,465.92
600781,400928,2025-05-11,139.18,923.0,1062.18
600782,400929,2025-05-15,539.14,321.37,860.51
600783,400930,2025-05-09,114.66,1113.09,1227.75
600784,400931,2025-05-16,560.1,741.53,1301.63
600785,400932,2025-05-09,231.27,824.25,1055.52
600786,400933,2025-05-08,111.75,974.9,1086.65
600787,400937,2025-05-10,684.71,593.69,1278.4
600788,400939,2025-05-22,669.96,261.22,931.18
600789,400940,2025-05-20,334.77,200.71,535.48
600790,400942,2025-05-13,252.82,976.61,1229.43
600791,400943,2025-05-22,660.33,1151.12,1811.45
600792,400944,2025-05-23,188.7,58.75,247.45
600793,400946,2025-05-22,310.04,79.06,389.1
600794,400947,2025-05-13,833.64,668.22,1501.86
600795,400948,2025-05-13,373.11,712.59,1085.7
600796,400949,2025-05-10,421.31,711.11,1132.42
600797,400950,2025-05-19,286.26,963.63,1249.89
600798,400951,2025-05-17,848.98,139.92,988.9
600799,400952,2025-05-14,673.11,43.14,716.25
600800,400953,2025-05-23,473.2,876.14,1349.34
600801,400954,2025-05-12,144.56,667.03,811.59
600802,400956,2025-05-19,771.41,267.35,1038.76
600803,400957,2025-05-23,581.41,408.99,990.4
600804,400958,2025-05-18,661.08,1102.8,1763.88
600805,400959,2025-05-12,364.05,434.81,798.86
600806,400960,2025-05-25,814.02,551.08,1365.1
600807,400961,2025-05-14,292.72,299.14,591.86
600808,400963,2025-05-14,324.49,23.69,348.18
600809,400965,2025-05-15,375.44,792.83,1168.27
600810,400966,2025-05-27,422.08,262.66,684.74
600811,400967,2025-05-20,353.34,209.84,563.18
600812,400968,2025-05-25,394.6,141.79,536.39
600813,400969,2025-05-19,363.53,1067.66,1431.19
600814,400970,2025-05-26,589.27,1020.31,1609.58
600815,400971,2025-05-25,196.43,154.2,350.63
600816,400972,2025-05-23,605.12,880.52,1485.64
600817,400973,2025-05-28,627.46,396.65,1024.11
600818,400974,2025-05-15,515.06,12.92,527.98
600819,400976,2025-05-20,495.99,694.42,1190.41
600820,400977,2025-05-19,739.65,580.07,1319.72
600821,400978,2025-05-22,183.51,244.39,427.9
600822,400979,2025-05-27,545.87,349.51,895.38
600823,400980,2025-05-22,447.68,923.37,1371.05
600824,400981,2025-05-22,625.96,230.29,856.25
600825,400982,2025-05-21,412.39,775.16,1187.55
600826,400984,2025-05-23,115.84,67.71,183.55
600827,400985,2025-05-17,335.16,525.6,860.76
600828,400987,2025-05-19,312.08,297.96,610.04
600829,400989,2025-05-19,402.93,276.91,679.84
600830,400990,2025-05-18,436.0,1121.43,1557.43
600831,400991,2025-05-22,472.44,781.19,1253.63
600832,400992,2025-05-31,693.62,725.85,1419.47
600833,400993,2025-05-24,790.64,529.34,1319.98
600834,400994,2025-05-31,247.19,104.6,351.79
600835,400995,2025-06-01,336.07,1013.64,1349.71
600836,400996,2025-05-27,578.56,239.36,817.92
600837,400997,2025-05-30,365.5,1093.47,1458.97
600838,400998,2025-05-31,594.46,541.87,1136.33
600839,401000,2025-05-23,319.74,258.49,578.23
600840,401001,2025-05-24,598.61,150.11,748.72
600841,401002,2025-05-24,635.16,524.48,1159.64
600842,401004,2025-05-28,743.28,1191.43,1934.71
600843,401005,2025-05-30,727.97,3.37,731.34
600844,401006,2025-06-03,482.7,1183.52,1666.22
600845,401007,2025-05-27,636.27,1024.37,1660.64
600846,401008,2025-06-03,710.92,973.12,1684.04
600847,401009,2025-05-21,477.19,675.53,1152.72
600848,401012,2025-05-25,641.66,643.8,1285.46
600849,401013,2025-05-28,782.46,831.65,1614.11
600850,401014,2025-05-29,729.44,764.98,1494.42
600851,401015,2025-05-28,214.39,876.73,1091.12
600852,401016,2025-05-27,477.01,375.12,852.13
600853,401017,2025-06-03,84.46,897.05,981.51
600854,401018,2025-06-02,631.61,908.85,1540.46
600855,401019,2025-05-31,561.97,1156.27,1718.24
600856,401021,2025-05-28,746.36,296.74,1043.1
600857,401023,2025-06-05,515.05,289.56,804.61
600858,401025,2025-05-28,234.96,595.99,830.95
600859,401026,2025-05-26,150.33,424.04,574.37
600860,401027,2025-05-29,216.36,402.9,619.26
600861,401028,2025-06-07,405.4,851.95,1257.35
600862,401029,2025-06-07,391.31,520.68,911.99
600863,401030,2025-06-04,415.17,236.66,651.83
600864,401031,2025-06-07,650.86,1037.14,1688.0
600865,401032,2025-05-28,410.91,951.71,1362.62
600866,401033,2025-06-01,331.89,1175.37,1507.26
600867,401034,2025-06-01,115.6,597.67,713.27
600868,401035,2025-06-01,513.16,767.38,1280.54
600869,401036,2025-05-27,305.39,1044.12,1349.51
600870,401037,2025-06-08,264.56,511.58,776.14
600871,401038,2025-05-27,457.22,227.69,684.91
600872,401039,2025-06-01,737.91,559.78,1297.69
600873,401040,2025-05-29,775.49,827.77,1603.26
600874,401041,2025-06-03,333.68,853.76,1187.44
600875,401042,2025-05-29,817.37,930.01,1747.38
600876,401043,2025-06-02,540.16,45.9,586.06
600877,401044,2025-06-02,818.68,737.95,1556.63
600878,401045,2025-06-07,123.44,770.39,893.83
600879,401046,2025-06-02,634.86,1077.15,1712.01
600880,401049,2025-05-30,512.45,310.94,823.39
600881,401050,2025-06-03,661.0,1157.34,1818.34
600882,401051,2025-06-10,283.89,1054.23,1338.12
600883,401052,2025-06-09,146.79,1049.04,1195.83
600884,401053,2025-06-04,94.32,169.32,263.64
600885,401054,2025-06-09,554.32,484.91,1039.23
600886,401055,2025-06-11,516.74,753.83,1270.57
600887,401056,2025-05-30,414.7,1184.49,1599.19
600888,401057,2025-06-03,481.02,120.25,601.27
600889,401059,2025-06-06,500.48,819.37,1319.85
600890,401061,2025-06-05,164.32,655.88,820.2
600891,401062,2025-06-08,590.51,11.12,601.63
600892,401063,2025-06-09,587.08,195.07,782.15
600893,401064,2025-06-09,228.35,258.22,486.57
600894,401066,2025-06-11,165.43,463.88,629.31
600895,401067,2025-06-06,587.05,496.89,1083.94
600896,401068,2025-06-08,665.84,661.3,1327.14
600897,401069,2025-06-08,301.18,129.65,430.83
600898,401070,2025-06-05,515.55,429.54,945.09
600899,401071,2025-06-04,220.89,655.78,876.67
600900,401072,2025-05-31,167.81,970.37,1138.18
600901,401073,2025-06-06,389.45,151.41,540.86
600902,401074,2025-05-31,757.5,646.25,1403.75
600903,401076,2025-06-08,468.03,860.98,1329.01
600904,401077,2025-06-07,223.37,256.26,479.63
600905,401078,2025-06-09,354.1,410.78,764.88
600906,401079,2025-06-14,238.45,675.18,913.63
600907,401081,2025-06-05,245.33,35.78,281.11
600908,401082,2025-06-13,503.94,1050.9,1554.84
600909,401083,2025-06-14,443.23,494.07,937.3
600910,401084,2025-06-09,134.92,123.64,258.56
600911,401085,2025-06-13,175.62,762.2,937.82
600912,401086,2025-06-11,426.65,450.97,877.62
600913,401088,2025-06-10,846.33,47.21,893.54
600914,401091,2025-06-15,759.1,79.94,839.04
600915,401092,2025-06-10,339.24,721.59,1060.83
600916,401093,2025-06-06,194.03,997.57,1191.6
600917,401094,2025-06-16,184.83,13.01,197.84
600918,401095,2025-06-13,698.38,492.63,1191.01
600919,401096,2025-06-08,723.13,777.13,1500.26
600920,401098,2025-06-16,737.85,1130.01,1867.86
600921,401099,2025-06-13,416.28,214.43,630.71
600922,401100,2025-06-08,470.86,735.33,1206.19
600923,401101,2025-06-12,498.64,914.94,1413.58
600924,401102,2025-06-09,545.26,636.81,1182.07
600925,401104,2025-06-05,755.54,172.62,928.16
600926,401105,2025-06-15,162.33,503.26,665.59
600927,401106,2025-06-13,687.83,38.84,726.67
600928,401107,2025-06-16,311.63,1017.83,1329.46
600929,401108,2025-06-12,831.76,995.84,1827.6
600930,401109,2025-06-18,835.89,943.26,1779.15
600931,401110,2025-06-18,325.62,488.97,814.59
600932,401112,2025-06-07,647.77,871.88,1519.65
600933,401113,2025-06-07,570.6,612.88,1183.48
600934,401114,2025-06-14,366.93,391.28,758.21
600935,401115,2025-06-12,344.69,533.93,878.62
600936,401116,2025-06-17,527.88,594.46,1122.34
600937,401117,2025-06-07,835.85,212.87,1048.72
600938,401118,2025-06-12,229.1,309.64,538.74
600939,401119,2025-06-11,364.39,567.15,931.54
600940,401120,2025-06-11,276.1,536.01,812.11
600941,401122,2025-06-15,169.61,409.82,579.43
600942,401123,2025-06-11,549.82,65.95,615.77
600943,401124,2025-06-08,263.95,992.42,1256.37
600944,401125,2025-06-15,181.61,14.23,195.84
600945,401126,2025-06-08,754.2,568.57,1322.77
600946,401127,2025-06-11,174.08,616.66,790.74
600947,401128,2025-06-09,615.01,266.18,881.19
600948,401130,2025-06-11,840.24,315.21,1155.45
600949,401131,2025-06-09,242.67,564.47,807.14
600950,401132,2025-06-17,743.48,908.52,1652.0
600951,401133,2025-06-17,593.02,716.23,1309.25
600952,401134,2025-06-20,374.44,1047.62,1422.06
600953,401135,2025-06-14,106.99,590.55,697.54
600954,401136,2025-06-17,189.65,992.25,1181.9
600955,401137,2025-06-12,216.18,501.44,717.62
600956,401138,2025-06-19,355.5,691.24,1046.74
600957,401139,2025-06-14,554.15,511.96,1066.11
600958,401140,2025-06-22,626.26,69.17,695.43
600959,401141,2025-06-13,506.25,1021.87,1528.12
600960,401142,2025-06-11,234.93,349.01,583.94
600961,401143,2025-06-18,309.93,470.02,779.95
600962,401144,2025-06-14,313.73,236.21,549.94
600963,401145,2025-06-22,109.85,999.56,1109.41
600964,401146,2025-06-18,190.0,735.75,925.75
600965,401148,2025-06-24,433.33,1160.6,1593.93
600966,401149,2025-06-25,515.02,267.41,782.43
600967,401150,2025-06-20,835.32,654.86,1490.18
600968,401151,2025-06-25,311.41,512.71,824.12
600969,401153,2025-06-24,636.4,236.86,873.26
600970,401154,2025-06-24,114.8,1010.06,1124.86
600971,401155,2025-06-15,78.41,1191.13,1269.54
600972,401156,2025-06-26,672.81,630.86,1303.67
600973,401159,2025-06-14,120.61,837.24,957.85
600974,401160,2025-06-15,800.25,270.88,1071.13
600975,401161,2025-06-21,299.55,236.68,536.23
600976,401162,2025-06-23,322.43,657.07,979.5
600977,401164,2025-06-17,612.37,249.47,861.84
600978,401165,2025-06-14,260.32,60.64,320.96
600979,401166,2025-06-20,225.85,341.36,567.21
600980,401167,2025-06-25,360.11,511.07,871.18
600981,401168,2025-06-19,670.04,535.46,1205.5
600982,401169,2025-06-15,328.89,842.6,1171.49
600983,401170,2025-06-20,404.99,1009.63,1414.62
600984,401172,2025-06-27,146.72,338.67,485.39
600985,401174,2025-06-18,787.91,1157.25,1945.16
600986,401176,2025-06-25,344.64,415.18,759.82
600987,401177,2025-06-24,464.12,906.8,1370.92
600988,401178,2025-06-17,711.04,433.18,1144.22
600989,401179,2025-06-27,765.78,981.85,1747.63
600990,401180,2025-06-27,152.52,577.18,729.7
600991,401181,2025-06-28,75.31,355.13,430.44
600992,401182,2025-06-29,99.29,271.85,371.14
600993,401183,2025-06-28,682.45,404.1,1086.55
600994,401185,2025-06-27,564.93,1197.63,1762.56
600995,401187,2025-06-26,350.8,691.9,1042.7
600996,401188,2025-06-27,614.96,1045.99,1660.95
600997,401189,2025-06-25,612.4,203.69,816.09
600998,401190,2025-06-29,610.76,1134.79,1745.55
600999,401191,2025-06-17,757.62,964.31,1721.93
601000,401192,2025-06-27,494.7,815.3,1310.0
601001,401193,2025-06-25,424.31,189.21,613.52
601002,401195,2025-06-25,276.49,351.71,628.2
601003,401196,2025-06-27,98.28,1028.18,1126.46
601004,401197,2025-07-01,507.27,280.55,787.82
601005,401198,2025-06-20,613.47,1054.78,1668.25
601006,401199,2025-06-28,408.07,510.99,919.06
601007,401200,2025-06-20,433.71,1060.82,1494.53
601008,401201,2025-06-22,330.44,1041.88,1372.32
601009,401202,2025-06-19,661.83,1048.79,1710.62
601010,401203,2025-06-19,104.46,349.6,454.06
601011,401205,2025-06-23,329.91,271.05,600.96
601012,401206,2025-07-02,203.79,776.31,980.1
601013,401207,2025-06-23,576.54,1152.22,1728.76
601014,401208,2025-07-01,614.77,52.27,667.04
601015,401209,2025-07-02,469.78,778.83,1248.61
601016,401210,2025-06-22,167.81,79.86,247.67
601017,401211,2025-06-22,423.28,782.59,1205.87
601018,401212,2025-06-25,713.37,1047.72,1761.09
601019,401213,2025-07-03,561.79,1030.26,1592.05
601020,401215,2025-06-27,443.71,214.48,658.19
601021,401216,2025-06-22,244.49,1086.79,1331.28
601022,401217,2025-06-23,545.54,987.39,1532.93
601023,401218,2025-06-21,345.88,356.75,702.63
601024,401219,2025-06-30,431.93,484.35,916.28
601025,401220,2025-06-25,395.47,55.43,450.9
601026,401224,2025-07-05,801.17,580.63,1381.8
601027,401225,2025-06-24,660.18,71.71,731.89
601028,401226,2025-06-22,206.04,1063.09,1269.13
601029,401227,2025-07-01,412.04,299.83,711.87
601030,401229,2025-06-22,602.5,713.15,1315.65
601031,401230,2025-06-30,458.64,1113.26,1571.9
601032,401231,2025-07-03,283.88,162.73,446.61
601033,401232,2025-07-04,466.71,638.5,1105.21
601034,401233,2025-07-01,180.88,317.19,498.07
601035,401234,2025-07-02,127.56,187.18,314.74
601036,401235,2025-06-27,345.53,109.59,455.12
601037,401236,2025-06-27,320.41,477.83,798.24
601038,401237,2025-06-28,86.69,510.61,597.3
601039,401238,2025-06-25,157.88,784.45,942.33
601040,401239,2025-06-25,465.01,770.63,1235.64
601041,401240,2025-06-28,311.21,337.04,648.25
601042,401241,2025-07-04,650.27,1186.36,1836.63
601043,401242,2025-06-29,333.55,575.67,909.22
601044,401243,2025-07-07,698.37,334.11,1032.48
601045,401244,2025-07-05,548.81,1105.95,1654.76
601046,401245,2025-07-04,87.21,265.86,353.07
601047,401246,2025-07-05,783.62,779.85,1563.47
601048,401247,2025-06-27,126.65,188.4,315.05
601049,401248,2025-07-08,818.63,794.1,1612.73
601050,401250,2025-06-30,558.38,423.1,981.48
601051,401251,2025-06-26,278.38,878.94,1157.32
601052,401252,2025-06-29,199.17,365.33,564.5
601053,401253,2025-06-30,248.89,772.57,1021.46
601054,401254,2025-07-09,289.3,1117.29,1406.59
601055,401255,2025-07-08,552.36,643.98,1196.34
601056,401256,2025-06-26,491.34,308.85,800.19
601057,401257,2025-06-27,310.26,706.58,1016.84
601058,401259,2025-07-09,736.28,587.7,1323.98
601059,401260,2025-07-05,529.45,1109.22,1638.67
601060,401261,2025-06-30,588.6,584.54,1173.14
601061,401262,2025-07-04,406.19,410.22,816.41
601062,401263,2025-07-06,743.81,1152.58,1896.39
601063,401264,2025-07-01,559.96,1182.72,1742.68
601064,401265,2025-06-28,666.41,473.62,1140.03
601065,401266,2025-07-08,728.43,315.24,1043.67
601066,401267,2025-06-28,508.97,1185.45,1694.42
601067,401268,2025-07-02,308.27,108.79,417.06
601068,401269,2025-07-10,99.76,362.61,462.37
601069,401271,2025-07-04,78.52,230.58,309.1
601070,401272,2025-07-11,446.61,437.83,884.44
601071,401273,2025-07-09,762.06,856.63,1618.69
601072,401274,2025-07-10,734.45,485.39,1219.84
601073,401277,2025-07-09,391.88,384.54,776.42
601074,401278,2025-07-08,806.95,24.75,831.7
601075,401282,2025-06-30,744.44,1090.22,1834.66
601076,401283,2025-07-09,303.79,904.08,1207.87
601077,401285,2025-07-06,351.94,54.64,406.58
601078,401286,2025-07-02,516.22,183.12,699.34
601079,401289,2025-07-11,174.12,602.8,776.92
601080,401290,2025-07-06,737.61,891.21,1628.82
601081,401291,2025-07-14,450.29,690.68,1140.97
601082,401292,2025-07-11,658.88,967.85,1626.73
601083,401293,2025-07-12,748.24,83.63,831.87
601084,401294,2025-07-03,432.55,671.1,1103.65
601085,401296,2025-07-09,245.53,1033.08,1278.61
601086,401297,2025-07-11,76.71,624.81,701.52
601087,401298,2025-07-09,151.11,248.42,399.53
601088,401299,2025-07-04,427.32,727.19,1154.51
601089,401300,2025-07-14,319.68,362.66,682.34
601090,401301,2025-07-12,331.82,246.51,578.33
601091,401302,2025-07-08,140.78,303.94,444.72
601092,401303,2025-07-15,477.05,948.13,1425.18
601093,401304,2025-07-13,765.8,228.52,994.32
601094,401305,2025-07-11,448.19,489.3,937.49
601095,401306,2025-07-06,618.67,702.85,1321.52
601096,401307,2025-07-11,773.61,1016.16,1789.77
601097,401308,2025-07-09,618.04,54.26,672.3
601098,401309,2025-07-06,609.34,16.18,625.52
601099,401310,2025-07-16,125.62,390.12,515.74
601100,401311,2025-07-05,484.76,163.24,648.0
601101,401312,2025-07-17,551.91,516.7,1068.61
601102,401314,2025-07-12,503.28,479.78,983.06
601103,401315,2025-07-07,299.49,951.55,1251.04
601104,401316,2025-07-09,257.01,106.77,363.78
601105,401317,2025-07-14,319.32,682.22,1001.54
601106,401318,2025-07-07,318.81,1044.03,1362.84
601107,401319,2025-07-19,646.43,340.02,986.45
601108,401320,2025-07-18,323.52,728.07,1051.59
601109,401322,2025-07-14,582.27,508.27,1090.54
601110,401323,2025-07-11,411.29,425.22,836.51
601111,401324,2025-07-11,248.94,625.44,874.38
601112,401325,2025-07-07,636.05,477.77,1113.82
601113,401326,2025-07-19,478.94,1.48,480.42
601114,401327,2025-07-17,243.27,311.85,555.12
601115,401328,2025-07-07,101.78,469.06,570.84
601116,401329,2025-07-06,265.79,852.42,1118.21
601117,401330,2025-07-10,584.01,895.1,1479.11
601118,401332,2025-07-20,347.38,1113.6,1460.98
601119,401333,2025-07-20,92.8,957.75,1050.55
601120,401334,2025-07-16,762.6,1177.79,1940.39
601121,401335,2025-07-11,673.79,1149.02,1822.81
601122,401337,2025-07-09,737.67,921.43,1659.1
601123,401338,2025-07-17,131.13,79.41,210.54
601124,401339,2025-07-19,528.47,767.11,1295.58
601125,401340,2025-07-21,449.04,1180.52,1629.56
601126,401341,2025-07-20,607.21,284.92,892.13
601127,401343,2025-07-13,831.06,851.64,1682.7
601128,401344,2025-07-22,822.69,180.74,1003.43
601129,401346,2025-07-22,367.46,82.65,450.11
601130,401347,2025-07-18,546.04,1070.02,1616.06
601131,401348,2025-07-11,774.72,432.81,1207.53
601132,401349,2025-07-11,458.26,226.47,684.73
601133,401350,2025-07-15,161.97,421.89,583.86
601134,401351,2025-07-10,234.11,727.56,961.67
601135,401352,2025-07-16,374.93,519.0,893.93
601136,401353,2025-07-16,399.09,1109.34,1508.43
601137,401354,2025-07-19,421.9,1021.61,1443.51
601138,401355,2025-07-16,598.07,468.46,1066.53
601139,401358,2025-07-19,359.94,501.78,861.72
601140,401359,2025-07-23,654.93,662.49,1317.42
601141,401360,2025-07-18,359.91,527.61,887.52
601142,401361,2025-07-21,396.56,1172.46,1569.02
601143,401362,2025-07-17,743.52,731.08,1474.6
601144,401364,2025-07-23,501.95,633.5,1135.45
601145,401365,2025-07-17,813.69,187.95,1001.64
601146,401366,2025-07-24,645.71,877.55,1523.26
601147,401367,2025-07-17,677.76,65.29,743.05
601148,401368,2025-07-13,451.35,1068.6,1519.95
601149,401369,2025-07-18,661.24,474.6,1135.84
601150,401370,2025-07-13,329.22,51.09,380.31
601151,401372,2025-07-23,398.17,1122.26,1520.43
601152,401373,2025-07-22,768.18,762.5,1530.68
601153,401374,2025-07-18,217.03,73.39,290.42
601154,401375,2025-07-16,728.41,585.99,1314.4
601155,401376,2025-07-14,673.71,206.54,880.25
601156,401378,2025-07-17,832.52,950.18,1782.7
601157,401379,2025-07-25,685.32,360.0,1045.32
601158,401380,2025-07-23,264.63,915.99,1180.62
601159,401381,2025-07-21,591.75,947.87,1539.62
601160,401382,2025-07-17,644.1,546.6,1190.7
601161,401383,2025-07-23,741.8,948.28,1690.08
601162,401384,2025-07-23,356.62,546.51,903.13
601163,401385,2025-07-16,604.15,834.58,1438.73
601164,401386,2025-07-19,842.88,668.79,1511.67
601165,401387,2025-07-21,669.28,350.91,1020.19
601166,401388,2025-07-23,235.38,198.82,434.2
601167,401389,2025-07-17,111.54,339.89,451.43
601168,401390,2025-07-22,291.65,747.27,1038.92
601169,401391,2025-07-22,603.29,752.06,1355.35
601170,401392,2025-07-23,229.4,98.58,327.98
601171,401393,2025-07-25,572.16,615.91,1188.07
601172,401394,2025-07-25,518.71,197.4,716.11
601173,401395,2025-07-21,765.62,339.4,1105.02
601174,401400,2025-07-29,122.23,49.02,171.25
601175,401401,2025-07-30,530.2,375.31,905.51
601176,401402,2025-07-24,280.99,956.89,1237.88
601177,401403,2025-07-24,819.32,1059.9,1879.22
601178,401404,2025-07-21,277.78,1034.1,1311.88
601179,401406,2025-07-19,564.05,281.09,845.14
601180,401408,2025-07-22,236.33,760.34,996.67
601181,401409,2025-07-18,781.8,221.41,1003.21
601182,401411,2025-07-28,799.35,931.62,1730.97
601183,401412,2025-07-27,221.31,306.52,527.83
601184,401413,2025-07-28,267.71,469.73,737.44
601185,401414,2025-07-19,703.35,340.88,1044.23
601186,401415,2025-07-30,740.67,518.43,1259.1
601187,401416,2025-07-31,491.63,821.81,1313.44
601188,401417,2025-08-01,362.96,60.1,423.06
601189,401418,2025-07-24,797.76,15.88,813.64
601190,401419,2025-07-30,785.38,451.08,1236.46
601191,401420,2025-08-01,787.5,215.16,1002.66
601192,401421,2025-07-24,309.84,522.98,832.82
601193,401422,2025-07-24,131.84,575.35,707.19
601194,401423,2025-07-20,119.55,443.37,562.92
601195,401425,2025-07-29,124.75,762.53,887.28
601196,401426,2025-07-23,421.05,454.75,875.8
601197,401428,2025-07-30,771.71,299.87,1071.58
601198,401431,2025-07-23,771.72,134.28,906.0
601199,401432,2025-07-24,306.32,232.98,539.3
601200,401433,2025-07-22,107.06,828.29,935.35
601201,401434,2025-07-29,147.3,109.21,256.51
601202,401435,2025-08-04,380.02,75.07,455.09
601203,401436,2025-07-31,839.68,839.01,1678.69
601204,401439,2025-08-03,478.09,176.26,654.35
601205,401440,2025-08-04,557.65,692.16,1249.81
601206,401441,2025-07-30,792.57,1100.62,1893.19
601207,401442,2025-07-24,792.48,501.73,1294.21
601208,401443,2025-07-28,624.82,1145.49,1770.31
601209,401446,2025-08-06,692.75,575.77,1268.52
601210,401447,2025-07-24,291.52,530.26,821.78
601211,401448,2025-07-29,776.14,665.59,1441.73
601212,401449,2025-08-03,747.41,459.47,1206.88
601213,401450,2025-07-28,700.15,208.29,908.44
601214,401451,2025-08-06,85.35,8.09,93.44
601215,401452,2025-07-28,110.51,1147.02,1257.53
601216,401454,2025-08-06,443.2,336.39,779.59
601217,401455,2025-07-30,824.44,350.44,1174.88
601218,401456,2025-08-05,541.58,1163.33,1704.91
601219,401457,2025-08-06,274.3,413.31,687.61
601220,401459,2025-07-28,79.85,882.49,962.34
601221,401460,2025-07-29,299.52,185.6,485.12
601222,401462,2025-07-26,278.65,310.26,588.91
601223,401463,2025-07-31,579.68,499.73,1079.41
601224,401464,2025-08-01,535.68,12.84,548.52
601225,401465,2025-07-27,625.59,96.13,721.72
601226,401466,2025-08-08,275.96,873.5,1149.46
601227,401467,2025-07-30,192.38,1135.76,1328.14
601228,401469,2025-08-02,508.56,1016.35,1524.91
601229,401470,2025-08-06,123.92,217.05,340.97
601230,401472,2025-08-05,554.81,289.22,844.03
601231,401473,2025-08-04,519.94,672.16,1192.1
601232,401474,2025-07-29,591.73,557.88,1149.61
601233,401475,2025-08-07,296.56,803.96,1100.52
601234,401476,2025-08-05,87.15,232.44,319.59
601235,401477,2025-08-08,361.94,334.15,696.09
601236,401478,2025-08-03,327.1,1166.0,1493.1
601237,401479,2025-08-07,802.94,120.94,923.88
601238,401480,2025-08-01,741.18,659.28,1400.46
601239,401482,2025-08-04,222.58,924.89,1147.47
601240,401484,2025-08-06,841.86,906.32,1748.18
601241,401485,2025-08-03,667.44,200.08,867.52
601242,401487,2025-08-10,232.81,442.09,674.9
601243,401488,2025-08-08,295.37,1027.55,1322.92
601244,401489,2025-08-06,468.21,124.22,592.43
601245,401490,2025-07-29,440.81,494.91,935.72
601246,401491,2025-08-06,193.62,382.03,575.65
601247,401492,2025-08-08,137.87,520.73,658.6
601248,401493,2025-08-05,436.85,669.54,1106.39
601249,401494,2025-08-04,431.2,831.63,1262.83
601250,401496,2025-08-04,709.38,1106.07,1815.45
601251,401497,2025-08-05,849.77,265.61,1115.38
601252,401498,2025-08-03,706.78,573.6,1280.38
601253,401500,2025-08-12,804.85,200.72,1005.57
601254,401501,2025-08-05,430.1,778.58,1208.68
601255,401502,2025-08-04,728.61,505.94,1234.55
601256,401503,2025-08-08,381.3,1044.5,1425.8
601257,401504,2025-08-07,156.81,229.7,386.51
601258,401505,2025-08-02,538.17,639.56,1177.73
601259,401506,2025-08-08,753.91,1049.23,1803.14
601260,401507,2025-07-30,674.84,630.29,1305.13
601261,401509,2025-08-05,201.97,520.02,721.99
601262,401511,2025-08-08,754.46,67.21,821.67
601263,401512,2025-08-12,198.46,501.73,700.19
601264,401513,2025-08-07,796.09,37.69,833.78
601265,401514,2025-08-07,680.31,469.16,1149.47
601266,401515,2025-07-31,744.01,2.44,746.45
601267,401517,2025-08-13,509.57,376.8,886.37
601268,401518,2025-08-07,78.85,588.97,667.82
601269,401519,2025-08-13,290.71,306.46,597.17
601270,401520,2025-08-05,382.21,329.65,711.86
601271,401522,2025-08-01,495.21,355.06,850.27
601272,401524,2025-08-04,546.26,1085.53,1631.79
601273,401525,2025-08-02,555.44,342.87,898.31
601274,401526,2025-08-02,529.04,1079.47,1608.51
601275,401528,2025-08-14,681.28,975.61,1656.89
601276,401529,2025-08-07,668.33,876.0,1544.33
601277,401530,2025-08-09,280.62,253.09,533.71
601278,401531,2025-08-15,101.74,382.66,484.4
601279,401534,2025-08-09,622.33,1074.86,1697.19
601280,401535,2025-08-02,844.48,1029.52,1874.0
601281,401537,2025-08-11,97.35,309.38,406.73
601282,401539,2025-08-09,449.8,268.6,718.4
601283,401540,2025-08-10,187.28,349.27,536.55
601284,401541,2025-08-08,245.14,263.05,508.19
601285,401542,2025-08-15,667.76,44.44,712.2
601286,401543,2025-08-03,592.13,877.17,1469.3
601287,401544,2025-08-08,134.52,982.31,1116.83
601288,401545,2025-08-09,469.8,470.72,940.52
601289,401547,2025-08-11,358.67,594.99,953.66
601290,401548,2025-08-09,403.12,1117.72,1520.84
601291,401549,2025-08-05,230.27,285.33,515.6
601292,401550,2025-08-04,435.3,1168.78,1604.08
601293,401551,2025-08-11,207.25,597.91,805.16
601294,401552,2025-08-04,701.57,848.17,1549.74
601295,401553,2025-08-10,547.02,971.5,1518.52
601296,401554,2025-08-04,842.95,146.32,989.27
601297,401555,2025-08-14,76.01,298.61,374.62
601298,401556,2025-08-05,116.61,1011.44,1128.05
601299,401557,2025-08-08,226.85,251.36,478.21
601300,401558,2025-08-04,193.09,521.47,714.56
601301,401559,2025-08-11,581.18,512.45,1093.63
601302,401560,2025-08-14,436.08,1185.62,1621.7
601303,401561,2025-08-08,364.62,1119.07,1483.69
601304,401562,2025-08-11,581.12,732.09,1313.21
601305,401564,2025-08-18,214.75,193.21,407.96
601306,401566,2025-08-17,807.89,362.47,1170.36
601307,401567,2025-08-09,338.1,507.3,845.4
601308,401569,2025-08-09,753.06,1025.71,1778.77
601309,401570,2025-08-18,347.88,179.06,526.94
601310,401571,2025-08-12,435.42,157.74,593.16
601311,401572,2025-08-09,202.51,142.7,345.21
601312,401573,2025-08-09,480.41,302.8,783.21
601313,401574,2025-08-07,92.0,431.43,523.43
601314,401575,2025-08-13,551.99,196.38,748.37
601315,401576,2025-08-15,92.97,603.32,696.29
601316,401577,2025-08-13,153.71,111.06,264.77
601317,401578,2025-08-17,133.32,920.06,1053.38
601318,401579,2025-08-12,779.0,144.39,923.39
601319,401580,2025-08-17,786.71,882.1,1668.81
601320,401581,2025-08-14,215.95,633.61,849.56
601321,401582,2025-08-07,192.57,939.05,1131.62
601322,401584,2025-08-17,645.79,1074.81,1720.6
601323,401585,2025-08-09,442.56,1187.71,1630.27
601324,401586,2025-08-14,374.18,298.91,673.09
601325,401587,2025-08-17,712.95,1081.45,1794.4
601326,401588,2025-08-18,84.63,406.61,491.24
601327,401589,2025-08-08,128.35,162.2,290.55
601328,401590,2025-08-14,507.82,28.81,536.63
601329,401591,2025-08-11,208.57,792.69,1001.26
601330,401592,2025-08-21,789.73,782.85,1572.58
601331,401593,2025-08-11,668.74,493.35,1162.09
601332,401594,2025-08-13,495.34,863.58,1358.92
601333,401595,2025-08-22,292.84,60.59,353.43
601334,401596,2025-08-15,722.07,319.13,1041.2
601335,401597,2025-08-15,496.85,1031.74,1528.59
601336,401598,2025-08-16,271.16,258.34,529.5
601337,401599,2025-08-12,89.84,1137.65,1227.49
601338,401603,2025-08-20,379.53,1185.22,1564.75
601339,401604,2025-08-18,587.22,459.63,1046.85
601340,401606,2025-08-22,708.38,353.33,1061.71
601341,401607,2025-08-20,458.74,364.91,823.65
601342,401608,2025-08-21,191.27,1113.08,1304.35
601343,401609,2025-08-23,577.96,703.73,1281.69
601344,401610,2025-08-16,792.21,559.38,1351.59
601345,401611,2025-08-16,160.96,167.15,328.11
601346,401613,2025-08-11,738.62,495.81,1234.43
601347,401615,2025-08-20,578.84,421.23,1000.07
601348,401616,2025-08-21,253.75,750.18,1003.93
601349,401617,2025-08-20,406.72,1036.68,1443.4
601350,401618,2025-08-18,649.45,34.5,683.95
601351,401619,2025-08-18,492.13,835.83,1327.96
601352,401620,2025-08-17,204.97,191.75,396.72
601353,401621,2025-08-21,433.89,844.91,1278.8
601354,401623,2025-08-17,314.56,592.85,907.41
601355,401625,2025-08-20,813.45,489.88,1303.33
601356,401626,2025-08-12,652.15,266.49,918.64
601357,401627,2025-08-22,750.56,1035.2,1785.76
601358,401628,2025-08-15,684.96,103.28,788.24
601359,401629,2025-08-17,336.96,400.65,737.61
601360,401631,2025-08-17,251.92,712.51,964.43
601361,401632,2025-08-21,497.8,762.22,1260.02
601362,401633,2025-08-19,467.11,748.44,1215.55
601363,401634,2025-08-18,765.49,476.51,1242.0
601364,401635,2025-08-25,360.05,247.89,607.94
601365,401636,2025-08-22,547.12,754.74,1301.86
601366,401637,2025-08-14,270.5,1107.34,1377.84
601367,401638,2025-08-25,811.09,201.09,1012.18
601368,401639,2025-08-21,344.15,742.51,1086.66
601369,401640,2025-08-15,330.67,319.05,649.72
601370,401641,2025-08-24,437.39,1063.71,1501.1
601371,401642,2025-08-18,103.39,930.38,1033.77
601372,401643,2025-08-20,486.58,385.36,871.94
601373,401644,2025-08-18,436.65,468.23,904.88
601374,401645,2025-08-27,415.68,930.42,1346.1
601375,401647,2025-08-19,832.05,483.17,1315.22
601376,401648,2025-08-21,523.95,732.23,1256.18
601377,401649,2025-08-27,118.15,767.83,885.98
601378,401650,2025-08-25,731.56,686.74,1418.3
601379,401651,2025-08-23,204.92,0.7,205.62
601380,401652,2025-08-20,408.72,916.3,1325.02
601381,401653,2025-08-16,736.64,1087.09,1823.73
601382,401654,2025-08-19,251.19,1043.94,1295.13
601383,401655,2025-08-23,656.6,765.34,1421.94
601384,401656,2025-08-29,768.86,432.65,1201.51
601385,401657,2025-08-23,75.84,579.46,655.3
601386,401658,2025-08-24,556.02,1042.8,1598.82
601387,401659,2025-08-29,845.84,1110.06,1955.9
601388,401660,2025-08-23,150.63,650.66,801.29
601389,401661,2025-08-30,549.21,191.59,740.8
601390,401662,2025-08-30,522.23,686.07,1208.3
601391,401663,2025-08-29,96.44,712.65,809.09
601392,401664,2025-08-21,144.7,147.86,292.56
601393,401666,2025-08-24,430.99,777.35,1208.34
601394,401667,2025-08-31,232.59,1088.95,1321.54
601395,401668,2025-08-30,193.63,1170.92,1364.55
601396,401669,2025-08-23,603.43,579.73,1183.16
601397,401670,2025-08-26,772.02,716.32,1488.34
601398,401671,2025-08-19,337.76,976.95,1314.71
601399,401672,2025-08-26,801.43,198.07,999.5
601400,401673,2025-08-19,150.1,580.72,730.82
601401,401674,2025-08-21,84.79,1161.85,1246.64
601402,401675,2025-08-30,781.29,778.47,1559.76
601403,401676,2025-08-24,264.08,1122.11,1386.19
601404,401677,2025-08-22,460.37,1128.46,1588.83
601405,401678,2025-08-29,827.07,1129.18,1956.25
601406,401679,2025-08-23,328.89,242.44,571.33
601407,401680,2025-08-31,152.99,408.78,561.77
601408,401681,2025-08-27,348.93,735.18,1084.11
601409,401682,2025-08-25,618.49,514.81,1133.3
601410,401683,2025-08-31,664.61,359.98,1024.59
601411,401685,2025-08-20,529.83,1168.67,1698.5
601412,401686,2025-08-28,723.73,1033.79,1757.52
601413,401687,2025-08-27,694.79,364.67,1059.46
601414,401688,2025-08-22,609.91,377.09,987.0
601415,401689,2025-08-25,185.71,883.93,1069.64
601416,401690,2025-08-21,75.29,554.02,629.31
601417,401694,2025-08-30,326.74,739.47,1066.21
601418,401695,2025-08-23,472.76,560.05,1032.81
601419,401696,2025-08-25,300.12,800.5,1100.62
601420,401697,2025-08-30,695.49,356.9,1052.39
601421,401701,2025-09-05,290.96,1011.39,1302.35
601422,401702,2025-08-27,491.37,52.06,543.43
601423,401703,2025-09-03,445.79,470.0,915.79
601424,401704,2025-08-23,168.26,943.67,1111.93
601425,401705,2025-08-31,212.25,57.99,270.24
601426,401706,2025-08-25,578.21,507.97,1086.18
601427,401707,2025-09-02,521.81,695.33,1217.14
601428,401710,2025-09-02,266.26,70.31,336.57
601429,401713,2025-08-27,111.57,43.24,154.81
601430,401714,2025-08-27,248.98,88.26,337.24
601431,401715,2025-09-02,94.72,548.04,642.76
601432,401716,2025-09-03,281.89,781.08,1062.97
601433,401717,2025-09-01,449.14,1009.33,1458.47
601434,401719,2025-08-31,684.74,255.23,939.97
601435,401720,2025-08-27,667.65,367.18,1034.83
601436,401721,2025-09-06,179.07,1145.24,1324.31
601437,401722,2025-09-05,174.97,543.16,718.13
601438,401723,2025-08-28,449.53,1104.04,1553.57
601439,401724,2025-08-30,654.98,838.35,1493.33
601440,401725,2025-08-30,107.14,904.37,1011.51
601441,401726,2025-08-26,76.11,675.78,751.89
601442,401727,2025-09-08,377.16,378.43,755.59
601443,401729,2025-09-01,75.46,736.22,811.68
601444,401730,2025-09-01,574.17,114.12,688.29
601445,401731,2025-09-01,625.39,306.87,932.26
601446,401732,2025-08-27,839.59,481.07,1320.66
601447,401734,2025-09-07,425.7,399.74,825.44
601448,401735,2025-09-08,707.89,81.38,789.27
601449,401736,2025-09-06,85.97,1099.84,1185.81
601450,401737,2025-09-05,303.28,560.06,863.34
601451,401738,2025-09-02,547.97,770.25,1318.22
601452,401739,2025-09-02,464.36,724.02,1188.38
601453,401740,2025-09-05,510.0,20.83,530.83
601454,401741,2025-09-01,462.16,1094.95,1557.11
601455,401742,2025-08-28,773.8,159.04,932.84
601456,401743,2025-09-08,643.89,383.42,1027.31
601457,401746,2025-09-08,256.55,1020.05,1276.6
601458,401747,2025-09-03,733.77,1107.7,1841.47
601459,401748,2025-08-31,322.76,939.3,1262.06
601460,401750,2025-08-31,137.64,292.04,429.68
601461,401751,2025-08-29,686.89,0.33,687.22
601462,401752,2025-09-09,211.74,1023.57,1235.31
601463,401753,2025-09-09,813.3,614.98,1428.28
601464,401754,2025-08-30,341.65,402.44,744.09
601465,401755,2025-09-07,255.01,572.16,827.17
601466,401756,2025-08-31,331.6,81.15,412.75
601467,401757,2025-09-04,113.6,232.46,346.06
601468,401758,2025-09-02,380.57,1159.67,1540.24
601469,401759,2025-09-11,679.86,326.81,1006.67
601470,401760,2025-09-01,77.51,402.05,479.56
601471,401761,2025-09-09,805.02,269.02,1074.04
601472,401762,2025-09-12,321.98,173.98,495.96
601473,401764,2025-09-07,158.49,693.86,852.35
601474,401765,2025-08-30,235.3,1194.68,1429.98
601475,401766,2025-09-09,699.98,1051.28,1751.26
601476,401767,2025-09-05,737.67,432.42,1170.09
601477,401769,2025-09-10,383.51,1085.63,1469.14
601478,401770,2025-09-02,520.76,427.22,947.98
601479,401772,2025-09-07,801.35,869.73,1671.08
601480,401774,2025-09-06,241.58,603.14,844.72
601481,401775,2025-09-08,395.92,180.42,576.34
601482,401776,2025-09-11,148.99,1097.83,1246.82
601483,401777,2025-09-09,323.08,373.17,696.25
601484,401778,2025-09-13,656.88,685.68,1342.56
601485,401779,2025-09-02,148.39,78.46,226.85
601486,401780,2025-09-11,803.07,1150.61,1953.68
601487,401781,2025-09-07,511.28,313.28,824.56
601488,401783,2025-09-10,139.19,964.95,1104.14
601489,401784,2025-09-15,750.86,222.64,973.5
601490,401787,2025-09-12,84.47,472.07,556.54
601491,401788,2025-09-03,181.71,815.69,997.4
601492,401789,2025-09-14,646.31,42.03,688.34
601493,401790,2025-09-05,305.0,615.68,920.68
601494,401793,2025-09-07,306.19,486.34,792.53
601495,401794,2025-09-09,206.09,690.22,896.31
601496,401795,2025-09-09,290.37,998.56,1288.93
601497,401796,2025-09-05,766.9,92.91,859.81
601498,401797,2025-09-12,164.19,828.22,992.41
601499,401798,2025-09-08,798.29,490.7,1288.99
601500,401799,2025-09-17,119.76,82.75,202.51
601501,401800,2025-09-09,516.56,510.83,1027.39
601502,401801,2025-09-08,644.02,1049.76,1693.78
601503,401802,2025-09-10,199.98,7.51,207.49
601504,401805,2025-09-19,105.58,666.79,772.37
601505,401806,2025-09-17,588.98,602.29,1191.27
601506,401808,2025-09-12,762.88,838.7,1601.58
601507,401809,2025-09-06,373.71,838.0,1211.71
601508,401810,2025-09-17,472.59,134.05,606.64
601509,401811,2025-09-10,544.32,556.58,1100.9
601510,401812,2025-09-19,169.59,386.74,556.33
601511,401813,2025-09-13,681.05,615.93,1296.98
601512,401815,2025-09-15,437.44,1019.46,1456.9
601513,401816,2025-09-15,450.42,551.43,1001.85
601514,401817,2025-09-19,648.85,147.54,796.39
601515,401818,2025-09-17,387.41,281.72,669.13
601516,401819,2025-09-18,691.53,131.93,823.46
601517,401820,2025-09-11,488.55,598.3,1086.85
601518,401822,2025-09-09,273.28,1032.24,1305.52
601519,401823,2025-09-18,500.81,514.29,1015.1
601520,401824,2025-09-18,644.08,607.42,1251.5
601521,401826,2025-09-08,554.6,602.29,1156.89
601522,401828,2025-09-17,605.18,401.13,1006.31
601523,401829,2025-09-13,503.55,438.22,941.77
601524,401831,2025-09-18,762.49,298.54,1061.03
601525,401834,2025-09-19,532.87,431.2,964.07
601526,401836,2025-09-20,232.09,189.91,422.0
601527,401837,2025-09-13,108.22,167.09,275.31
601528,401838,2025-09-14,201.19,60.76,261.95
601529,401839,2025-09-22,251.64,950.4,1202.04
601530,401840,2025-09-13,99.8,1186.82,1286.62
601531,401841,2025-09-24,97.48,351.49,448.97
601532,401842,2025-09-18,226.0,886.47,1112.47
601533,401843,2025-09-24,785.54,851.2,1636.74
601534,401844,2025-09-19,260.76,529.62,790.38
601535,401845,2025-09-16,128.77,1075.78,1204.55
601536,401847,2025-09-17,117.11,335.3,452.41
601537,401848,2025-09-23,145.45,413.85,559.3
601538,401849,2025-09-23,237.78,644.95,882.73
601539,401850,2025-09-16,777.45,324.55,1102.0
601540,401851,2025-09-12,357.87,325.74,683.61
601541,401852,2025-09-23,779.5,1193.22,1972.72
601542,401853,2025-09-19,547.62,462.02,1009.64
601543,401854,2025-09-22,666.64,827.25,1493.89
601544,401855,2025-09-15,394.43,265.09,659.52
601545,401856,2025-09-17,665.23,484.2,1149.43
601546,401857,2025-09-13,591.53,771.52,1363.05
601547,401858,2025-09-14,428.03,125.46,553.49
601548,401859,2025-09-19,677.44,769.99,1447.43
601549,401860,2025-09-22,636.3,295.13,931.43
601550,401861,2025-09-21,743.48,188.33,931.81
601551,401862,2025-09-20,432.14,274.68,706.82
601552,401863,2025-09-13,797.42,620.42,1417.84
601553,401864,2025-09-25,471.87,1166.04,1637.91
601554,401865,2025-09-21,668.83,255.87,924.7
601555,401866,2025-09-14,211.64,82.09,293.73
601556,401867,2025-09-18,185.92,7.96,193.88
601557,401868,2025-09-21,201.75,1137.38,1339.13
601558,401869,2025-09-25,177.38,66.13,243.51
601559,401870,2025-09-26,627.99,707.71,1335.7
601560,401871,2025-09-18,332.03,651.11,983.14
601561,401872,2025-09-27,375.63,130.14,505.77
601562,401873,2025-09-16,570.88,928.84,1499.72
601563,401874,2025-09-15,234.2,604.68,838.88
601564,401875,2025-09-26,837.35,857.78,1695.13
601565,401876,2025-09-23,217.97,230.49,448.46
601566,401877,2025-09-28,304.53,96.04,400.57
601567,401879,2025-09-18,787.01,1000.57,1787.58
601568,401880,2025-09-25,233.3,660.6,893.9
601569,401881,2025-09-23,589.77,506.62,1096.39
601570,401882,2025-09-26,730.19,94.55,824.74
601571,401883,2025-09-18,425.29,439.61,864.9
601572,401884,2025-09-27,841.31,245.41,1086.72
601573,401885,2025-09-17,819.94,230.87,1050.81
601574,401886,2025-09-27,523.26,753.86,1277.12
601575,401887,2025-09-21,174.64,205.61,380.25
601576,401888,2025-09-17,232.91,523.05,755.96
601577,401889,2025-09-21,280.3,1000.43,1280.73
601578,401890,2025-09-18,275.95,644.08,920.03
601579,401891,2025-09-24,289.37,302.89,592.26
601580,401892,2025-09-18,504.73,997.99,1502.72
601581,401893,2025-09-17,613.86,356.32,970.18
601582,401894,2025-09-26,836.16,651.71,1487.87
601583,401895,2025-09-22,716.67,984.97,1701.64
601584,401896,2025-09-26,517.08,810.48,1327.56
601585,401897,2025-09-18,428.99,739.38,1168.37
601586,401898,2025-09-22,317.9,606.33,924.23
601587,401900,2025-09-27,584.89,721.79,1306.68
601588,401901,2025-09-25,820.97,60.6,881.57
601589,401903,2025-09-23,320.24,93.98,414.22
601590,401904,2025-09-27,122.24,998.71,1120.95
601591,401906,2025-09-25,611.96,45.82,657.78
601592,401907,2025-09-22,199.62,438.57,638.19
601593,401908,2025-09-28,90.97,761.52,852.49
601594,401909,2025-09-21,474.88,147.47,622.35
601595,401910,2025-09-27,85.94,16.1,102.04
601596,401912,2025-09-21,702.84,792.54,1495.38
601597,401913,2025-10-04,633.34,1081.56,1714.9
601598,401914,2025-09-28,694.12,391.96,1086.08
601599,401915,2025-09-24,775.63,640.84,1416.47
601600,401916,2025-10-03,771.15,1062.95,1834.1
601601,401917,2025-10-02,742.65,482.37,1225.02
601602,401918,2025-10-04,732.27,973.74,1706.01
601603,401920,2025-10-01,531.24,1166.94,1698.18
601604,401922,2025-09-29,86.85,646.71,733.56
601605,401923,2025-10-05,796.46,177.33,973.79
601606,401924,2025-09-24,496.33,617.94,1114.27
601607,401925,2025-09-22,535.22,658.06,1193.28
601608,401928,2025-10-05,385.74,1029.19,1414.93
601609,401929,2025-09-23,169.76,536.34,706.1
601610,401930,2025-10-05,155.82,164.91,320.73
601611,401931,2025-10-06,125.81,1.16,126.97
601612,401933,2025-09-30,310.54,696.1,1006.64
601613,401935,2025-10-02,503.1,196.36,699.46
601614,401936,2025-09-24,515.46,605.21,1120.67
601615,401938,2025-09-24,770.56,86.04,856.6
601616,401939,2025-09-29,141.21,92.43,233.64
601617,401940,2025-09-29,739.83,294.12,1033.95
601618,401941,2025-10-02,560.59,682.34,1242.93
601619,401942,2025-09-27,101.48,18.5,119.98
601620,401943,2025-10-07,353.57,469.47,823.04
601621,401944,2025-10-01,288.97,1005.58,1294.55
601622,401945,2025-10-08,577.53,543.94,1121.47
601623,401946,2025-09-26,546.62,515.3,1061.92
601624,401947,2025-10-01,769.18,769.18,1538.36
601625,401948,2025-10-03,521.73,1060.7,1582.43
601626,401949,2025-10-05,673.23,77.48,750.71
601627,401951,2025-09-25,336.14,959.0,1295.14
601628,401952,2025-09-28,647.35,1016.07,1663.42
601629,401953,2025-10-04,253.0,1097.67,1350.67
601630,401955,2025-09-28,581.28,638.51,1219.79
601631,401957,2025-10-03,557.01,229.09,786.1
601632,401958,2025-10-03,142.15,1118.87,1261.02
601633,401959,2025-10-01,583.93,578.41,1162.34
601634,401960,2025-09-29,783.85,785.97,1569.82
601635,401962,2025-09-28,230.74,849.86,1080.6
601636,401963,2025-09-26,807.58,135.93,943.51
601637,401964,2025-09-29,356.25,103.03,459.28
601638,401966,2025-09-29,747.14,960.01,1707.15
601639,401967,2025-10-05,277.46,403.7,681.16
601640,401968,2025-10-05,99.29,1053.92,1153.21
601641,401969,2025-10-10,372.1,511.6,883.7
601642,401970,2025-10-01,271.09,982.67,1253.76
601643,401971,2025-10-07,617.52,783.01,1400.53
601644,401972,2025-09-27,462.17,731.46,1193.63
601645,401974,2025-10-04,106.79,660.73,767.52
601646,401975,2025-10-09,162.04,50.33,212.37
601647,401976,2025-10-07,354.76,556.04,910.8
601648,401977,2025-10-01,428.62,950.81,1379.43
601649,401978,2025-09-30,698.97,590.1,1289.07
601650,401979,2025-10-12,471.48,1043.53,1515.01
601651,401980,2025-09-30,802.84,391.11,1193.95
601652,401981,2025-10-07,172.92,139.44,312.36
601653,401982,2025-10-01,788.89,1165.18,1954.07
601654,401983,2025-10-11,80.99,1154.27,1235.26
601655,401984,2025-10-12,537.48,389.61,927.09
601656,401985,2025-10-11,425.8,961.06,1386.86
601657,401986,2025-10-02,699.74,420.6,1120.34
601658,401987,2025-10-04,540.31,629.8,1170.11
601659,401990,2025-10-06,184.83,941.33,1126.16
601660,401991,2025-10-10,337.56,335.42,672.98
601661,401992,2025-10-07,830.65,531.42,1362.07
601662,401994,2025-10-12,195.51,128.61,324.12
601663,401996,2025-10-10,767.46,912.73,1680.19
601664,401997,2025-10-07,226.85,357.15,584.0
601665,401998,2025-10-02,290.81,753.47,1044.28
601666,401999,2025-10-07,394.87,641.24,1036.11
601667,402000,2025-10-11,498.48,497.38,995.86
601668,402002,2025-10-05,175.59,1146.78,1322.37
601669,402004,2025-10-05,350.67,394.24,744.91
601670,402005,2025-10-10,715.67,688.7,1404.37
601671,402006,2025-10-03,524.18,698.58,1222.76
601672,402007,2025-10-09,134.07,1159.84,1293.91
601673,402009,2025-10-10,209.33,990.99,1200.32
601674,402010,2025-10-12,409.69,911.36,1321.05
601675,402011,2025-10-08,402.77,1136.4,1539.17
601676,402012,2025-10-12,754.16,559.16,1313.32
601677,402013,2025-10-12,762.68,461.9,1224.58
601678,402014,2025-10-14,341.81,553.49,895.3
601679,402015,2025-10-14,566.91,416.53,983.44
601680,402016,2025-10-09,785.33,533.87,1319.2
601681,402017,2025-10-15,80.6,306.36,386.96
601682,402018,2025-10-09,719.66,959.24,1678.9
601683,402019,2025-10-12,562.95,256.58,819.53
601684,402022,2025-10-08,288.73,190.36,479.09
601685,402024,2025-10-10,663.11,439.63,1102.74
601686,402025,2025-10-18,644.52,1095.93,1740.45
601687,402026,2025-10-06,303.01,507.66,810.67
601688,402027,2025-10-11,494.82,499.82,994.64
601689,402028,2025-10-08,180.14,799.04,979.18
601690,402029,2025-10-16,611.67,873.84,1485.51
601691,402030,2025-10-13,821.16,953.81,1774.97
601692,402031,2025-10-11,528.34,499.98,1028.32
601693,402032,2025-10-16,225.99,602.29,828.28
601694,402033,2025-10-09,709.52,409.44,1118.96
601695,402034,2025-10-07,816.36,628.7,1445.06
601696,402035,2025-10-10,683.13,628.58,1311.71
601697,402036,2025-10-09,324.38,122.34,446.72
601698,402037,2025-10-12,382.95,105.98,488.93
601699,402039,2025-10-18,433.9,1196.48,1630.38
601700,402040,2025-10-13,745.92,536.53,1282.45
601701,402041,2025-10-15,399.91,163.09,563.0
601702,402042,2025-10-09,498.96,252.92,751.88
601703,402043,2025-10-07,714.45,66.32,780.77
601704,402045,2025-10-17,839.24,888.44,1727.68
601705,402046,2025-10-21,797.25,896.35,1693.6
601706,402047,2025-10-13,545.49,134.74,680.23
601707,402049,2025-10-16,810.22,868.52,1678.74
601708,402050,2025-10-15,233.52,1057.62,1291.14
601709,402051,2025-10-21,554.1,560.73,1114.83
601710,402052,2025-10-12,579.49,644.7,1224.19
601711,402053,2025-10-12,292.21,1155.79,1448.0
601712,402054,2025-10-10,519.4,632.37,1151.77
601713,402055,2025-10-17,678.43,706.94,1385.37
601714,402057,2025-10-21,386.96,371.85,758.81
601715,402058,2025-10-12,113.82,350.79,464.61
601716,402059,2025-10-20,147.05,673.28,820.33
601717,402060,2025-10-19,165.02,1120.61,1285.63
601718,402061,2025-10-18,638.95,35.85,674.8
601719,402062,2025-10-21,301.31,1112.92,1414.23
601720,402063,2025-10-16,848.63,290.63,1139.26
601721,402064,2025-10-11,724.69,577.37,1302.06
601722,402065,2025-10-11,777.07,789.5,1566.57
601723,402066,2025-10-23,536.04,499.63,1035.67
601724,402067,2025-10-13,261.91,691.77,953.68
601725,402068,2025-10-20,494.75,319.98,814.73
601726,402069,2025-10-12,636.95,234.69,871.64
601727,402070,2025-10-17,158.14,1170.52,1328.66
601728,402071,2025-10-23,244.01,1128.25,1372.26
601729,402072,2025-10-12,126.49,1153.41,1279.9
601730,402073,2025-10-19,147.85,467.05,614.9
601731,402074,2025-10-21,786.78,969.21,1755.99
601732,402075,2025-10-11,644.42,1133.82,1778.24
601733,402076,2025-10-14,837.92,674.27,1512.19
601734,402077,2025-10-19,647.94,673.47,1321.41
601735,402078,2025-10-21,514.88,533.0,1047.88
601736,402079,2025-10-19,438.85,919.65,1358.5
601737,402081,2025-10-21,358.77,360.61,719.38
601738,402084,2025-10-14,500.81,151.56,652.37
601739,402085,2025-10-25,294.16,922.16,1216.32
601740,402086,2025-10-19,292.33,132.96,425.29
601741,402087,2025-10-25,294.18,854.95,1149.13
601742,402090,2025-10-24,465.27,863.74,1329.01
601743,402091,2025-10-20,583.79,616.98,1200.77
601744,402092,2025-10-13,121.95,287.02,408.97
601745,402093,2025-10-22,840.65,139.71,980.36
601746,402094,2025-10-24,550.26,140.69,690.95
601747,402095,2025-10-16,429.37,741.05,1170.42
601748,402096,2025-10-19,740.94,1091.52,1832.46
601749,402097,2025-10-13,596.81,10.01,606.82
601750,402098,2025-10-26,113.94,54.36,168.3
601751,402100,2025-10-20,226.73,127.04,353.77
601752,402101,2025-10-22,716.81,645.51,1362.32
601753,402102,2025-10-20,236.51,805.88,1042.39
601754,402103,2025-10-26,124.85,1046.06,1170.91
601755,402105,2025-10-15,630.27,670.04,1300.31
601756,402107,2025-10-19,511.83,498.19,1010.02
601757,402108,2025-10-17,451.31,599.41,1050.72
601758,402109,2025-10-22,438.12,1036.65,1474.77
601759,402110,2025-10-27,256.88,985.07,1241.95
601760,402111,2025-10-16,469.51,679.01,1148.52
601761,402112,2025-10-22,696.0,1161.94,1857.94
601762,402114,2025-10-16,757.3,923.21,1680.51
601763,402115,2025-10-17,703.75,776.18,1479.93
601764,402118,2025-10-22,268.81,454.47,723.28
601765,402119,2025-10-25,145.82,338.39,484.21
601766,402120,2025-10-29,199.16,38.06,237.22
601767,402121,2025-10-26,329.64,590.3,919.94
601768,402122,2025-10-23,470.62,830.61,1301.23
601769,402123,2025-10-17,270.43,371.79,642.22
601770,402124,2025-10-20,484.65,514.17,998.82
601771,402125,2025-10-20,380.66,742.15,1122.81
601772,402126,2025-10-21,650.21,313.58,963.79
601773,402127,2025-10-20,402.42,251.12,653.54
601774,402128,2025-10-21,231.78,570.54,802.32
601775,402129,2025-10-27,343.31,416.59,759.9
601776,402130,2025-10-29,671.27,4.24,675.51
601777,402131,2025-10-31,558.33,1103.82,1662.15
601778,402132,2025-10-31,734.67,412.06,1146.73
601779,402133,2025-10-26,602.78,254.46,857.24
601780,402134,2025-10-22,647.56,73.39,720.95
601781,402136,2025-10-30,360.07,1140.81,1500.88
601782,402137,2025-10-24,164.88,1082.26,1247.14
601783,402139,2025-10-30,651.24,388.67,1039.91
601784,402140,2025-10-22,843.98,6.12,850.1
601785,402141,2025-10-25,406.35,412.3,818.65
601786,402142,2025-10-21,618.71,695.85,1314.56
601787,402144,2025-10-24,655.42,603.46,1258.88
601788,402145,2025-10-20,172.05,751.74,923.79
601789,402146,2025-10-22,643.74,191.26,835.0
601790,402147,2025-10-23,295.12,476.48,771.6
601791,402148,2025-10-24,387.99,519.15,907.14
601792,402149,2025-10-21,644.06,970.72,1614.78
601793,402151,2025-10-24,239.01,233.85,472.86
601794,402154,2025-10-26,525.58,280.46,806.04
601795,402155,2025-10-24,414.7,875.27,1289.97
601796,402156,2025-10-27,506.34,796.74,1303.08
601797,402158,2025-10-24,351.45,1042.18,1393.63
601798,402160,2025-10-29,422.89,410.99,833.88
601799,402161,2025-10-23,236.0,1013.96,1249.96
601800,402162,2025-10-23,567.29,1094.06,1661.35
601801,402163,2025-11-03,702.86,1018.5,1721.36
601802,402164,2025-10-25,309.75,737.01,1046.76
601803,402165,2025-10-22,771.24,129.54,900.78
601804,402166,2025-10-22,684.25,838.78,1523.03
601805,402167,2025-11-04,421.62,516.18,937.8
601806,402168,2025-11-04,662.0,603.52,1265.52
601807,402169,2025-11-01,562.43,1155.19,1717.62
601808,402170,2025-11-05,143.72,547.74,691.46
601809,402172,2025-11-03,582.39,1032.79,1615.18
601810,402173,2025-11-02,728.3,644.13,1372.43
601811,402174,2025-10-30,116.81,138.06,254.87
601812,402175,2025-10-30,469.8,987.75,1457.55
601813,402176,2025-11-05,351.21,961.3,1312.51
601814,402177,2025-11-01,598.15,449.09,1047.24
601815,402178,2025-10-26,259.19,837.95,1097.14
601816,402179,2025-11-06,721.85,942.84,1664.69
601817,402180,2025-10-24,846.28,285.68,1131.96
601818,402181,2025-11-05,282.66,1011.93,1294.59
601819,402182,2025-11-06,146.79,936.31,1083.1
601820,402183,2025-10-27,610.69,168.67,779.36
601821,402184,2025-11-03,431.95,936.07,1368.02
601822,402186,2025-11-08,365.69,851.42,1217.11
601823,402187,2025-10-29,704.31,1104.16,1808.47
601824,402188,2025-10-26,709.07,827.65,1536.72
601825,402189,2025-11-03,716.59,1051.17,1767.76
601826,402190,2025-10-26,338.79,663.76,1002.55
601827,402193,2025-11-05,232.52,989.68,1222.2
601828,402194,2025-10-31,344.21,288.06,632.27
601829,402195,2025-10-31,325.92,745.52,1071.44
601830,402197,2025-10-30,483.84,1030.78,1514.62
601831,402198,2025-10-31,453.59,253.13,706.72
601832,402200,2025-11-03,832.44,385.97,1218.41
601833,402201,2025-11-08,787.9,141.97,929.87
601834,402202,2025-10-30,818.66,588.82,1407.48
601835,402203,2025-11-02,839.49,996.68,1836.17
601836,402204,2025-11-03,423.4,1077.55,1500.95
601837,402205,2025-11-02,208.97,841.97,1050.94
601838,402206,2025-11-03,627.12,831.92,1459.04
601839,402208,2025-11-03,257.48,1151.86,1409.34
601840,402209,2025-11-08,218.53,82.85,301.38
601841,402210,2025-11-04,576.29,38.97,615.26
601842,402211,2025-10-30,380.6,1077.3,1457.9
601843,402212,2025-11-04,467.94,673.85,1141.79
601844,402213,2025-11-07,823.75,6.99,830.74
601845,402214,2025-11-11,322.59,352.17,674.76
601846,402215,2025-11-01,688.25,692.55,1380.8
601847,402216,2025-10-31,272.61,976.38,1248.99
601848,402217,2025-11-11,592.08,497.09,1089.17
601849,402218,2025-10-30,300.73,515.84,816.57
601850,402219,2025-11-03,839.21,730.32,1569.53
601851,402220,2025-11-07,798.12,1122.98,1921.1
601852,402221,2025-11-08,276.82,456.89,733.71
601853,402223,2025-11-12,124.63,785.64,910.27
601854,402225,2025-11-08,148.09,648.72,796.81
601855,402228,2025-11-07,153.87,908.44,1062.31
601856,402229,2025-11-04,744.64,578.7,1323.34
601857,402230,2025-10-30,443.49,995.97,1439.46
601858,402231,2025-11-06,670.92,492.7,1163.62
601859,402232,2025-11-05,641.93,615.95,1257.88
601860,402233,2025-11-03,101.86,889.48,991.34
601861,402236,2025-11-05,182.54,276.64,459.18
601862,402237,2025-11-01,123.12,576.17,699.29
601863,402238,2025-11-05,420.32,479.97,900.29
601864,402239,2025-11-14,164.43,577.4,741.83
601865,402240,2025-11-02,467.54,650.07,1117.61
601866,402241,2025-11-04,371.59,499.0,870.59
601867,402242,2025-11-01,811.36,543.03,1354.39
601868,402243,2025-11-08,345.14,646.74,991.88
601869,402244,2025-11-09,375.61,841.52,1217.13
601870,402245,2025-11-05,630.6,1048.19,1678.79
601871,402246,2025-11-12,310.08,828.29,1138.37
601872,402247,2025-11-10,712.23,1132.44,1844.67
601873,402248,2025-11-15,290.71,1036.16,1326.87
601874,402249,2025-11-10,168.95,62.93,231.88
601875,402250,2025-11-05,245.26,309.49,554.75
601876,402251,2025-11-02,495.49,35.58,531.07
601877,402253,2025-11-10,614.36,590.22,1204.58
601878,402254,2025-11-08,572.2,1050.87,1623.07
601879,402255,2025-11-06,128.19,947.97,1076.16
601880,402256,2025-11-04,497.83,349.92,847.75
601881,402258,2025-11-10,158.35,184.67,343.02
601882,402259,2025-11-05,655.09,1117.97,1773.06
601883,402260,2025-11-10,172.02,33.69,205.71
601884,402261,2025-11-05,527.68,644.49,1172.17
601885,402262,2025-11-07,110.59,1121.86,1232.45
601886,402263,2025-11-17,632.51,384.07,1016.58
601887,402264,2025-11-06,478.27,1190.0,1668.27
601888,402265,2025-11-07,166.32,770.12,936.44
601889,402266,2025-11-14,800.7,716.06,1516.76
601890,402267,2025-11-13,269.24,616.61,885.85
601891,402268,2025-11-16,604.26,861.74,1466.0
601892,402269,2025-11-18,830.92,1072.2,1903.12
601893,402270,2025-11-13,288.11,1157.32,1445.43
601894,402271,2025-11-08,458.37,633.47,1091.84
601895,402272,2025-11-15,698.79,1195.19,1893.98
601896,402273,2025-11-05,277.95,1081.49,1359.44
601897,402274,2025-11-14,335.32,767.3,1102.62
601898,402275,2025-11-17,725.43,951.02,1676.45
601899,402276,2025-11-13,109.62,56.31,165.93
601900,402277,2025-11-14,129.69,143.14,272.83
601901,402278,2025-11-06,89.19,516.15,605.34
601902,402280,2025-11-16,645.87,458.65,1104.52
601903,402281,2025-11-12,362.42,151.56,513.98
601904,402282,2025-11-08,827.54,623.7,1451.24
601905,402283,2025-11-08,560.9,1178.36,1739.26
601906,402284,2025-11-20,625.32,1029.73,1655.05
601907,402285,2025-11-14,377.59,146.2,523.79
601908,402287,2025-11-18,705.34,1167.07,1872.41
601909,402288,2025-11-10,76.84,753.46,830.3
601910,402289,2025-11-17,472.06,834.65,1306.71
601911,402290,2025-11-10,707.74,293.62,1001.36
601912,402291,2025-11-12,369.43,700.89,1070.32
601913,402292,2025-11-12,76.0,917.34,993.34
601914,402293,2025-11-15,260.89,202.63,463.52
601915,402294,2025-11-21,272.53,249.55,522.08
601916,402296,2025-11-15,426.5,177.69,604.19
601917,402297,2025-11-21,470.06,256.44,726.5
601918,402298,2025-11-13,656.75,562.08,1218.83
601919,402300,2025-11-14,487.38,496.53,983.91
601920,402301,2025-11-21,76.9,209.01,285.91
601921,402302,2025-11-13,381.69,464.95,846.64
601922,402304,2025-11-11,429.76,681.8,1111.56
601923,402306,2025-11-20,334.0,311.8,645.8
601924,402308,2025-11-19,780.4,1172.18,1952.58
601925,402309,2025-11-17,92.27,987.2,1079.47
601926,402310,2025-11-17,811.9,339.07,1150.97
601927,402311,2025-11-18,834.37,285.17,1119.54
601928,402313,2025-11-15,362.2,948.5,1310.7
601929,402314,2025-11-15,839.14,216.07,1055.21
601930,402315,2025-11-17,404.8,220.68,625.48
601931,402316,2025-11-18,494.92,953.98,1448.9
601932,402317,2025-11-17,807.33,507.02,1314.35
601933,402318,2025-11-17,531.15,708.06,1239.21
601934,402319,2025-11-16,251.49,890.92,1142.41
601935,402320,2025-11-14,719.87,1194.88,1914.75
601936,402321,2025-11-25,120.6,843.22,963.82
601937,402324,2025-11-22,177.57,575.92,753.49
601938,402325,2025-11-23,719.17,1036.13,1755.3
601939,402326,2025-11-16,267.0,973.63,1240.63
601940,402327,2025-11-19,509.9,482.19,992.09
601941,402328,2025-11-18,736.93,215.3,952.23
601942,402329,2025-11-13,152.11,1196.33,1348.44
601943,402330,2025-11-17,210.23,462.82,673.05
601944,402331,2025-11-13,429.48,1159.0,1588.48
601945,402332,2025-11-22,579.78,477.43,1057.21
601946,402333,2025-11-18,683.83,855.6,1539.43
601947,402335,2025-11-20,754.59,210.83,965.42
601948,402336,2025-11-22,848.87,117.32,966.19
601949,402338,2025-11-23,571.75,958.36,1530.11
601950,402339,2025-11-25,782.73,594.82,1377.55
601951,402340,2025-11-24,821.69,160.53,982.22
601952,402341,2025-11-21,394.12,780.63,1174.75
601953,402343,2025-11-15,543.26,299.69,842.95
601954,402344,2025-11-23,621.29,276.44,897.73
601955,402345,2025-11-28,717.47,950.68,1668.15
601956,402346,2025-11-26,471.62,985.51,1457.13
601957,402347,2025-11-27,702.09,961.43,1663.52
601958,402348,2025-11-27,813.37,166.74,980.11
601959,402350,2025-11-27,757.16,681.54,1438.7
601960,402351,2025-11-22,390.76,204.87,595.63
601961,402352,2025-11-23,260.04,795.59,1055.63
601962,402354,2025-11-17,456.69,853.06,1309.75
601963,402355,2025-11-30,809.02,967.8,1776.82
601964,402356,2025-11-17,615.93,658.34,1274.27
601965,402357,2025-11-19,608.41,881.52,1489.93
601966,402358,2025-11-26,573.91,578.43,1152.34
601967,402360,2025-11-28,509.14,538.26,1047.4
601968,402361,2025-11-26,544.35,396.59,940.94
601969,402362,2025-11-27,273.77,799.53,1073.3
601970,402363,2025-11-30,689.41,697.12,1386.53
601971,402364,2025-11-18,118.26,1074.67,1192.93
601972,402365,2025-11-26,672.23,1133.66,1805.89
601973,402367,2025-11-22,830.03,203.3,1033.33
601974,402368,2025-11-22,305.6,180.3,485.9
601975,402370,2025-11-28,669.18,407.97,1077.15
601976,402372,2025-11-25,320.8,683.23,1004.03
601977,402374,2025-11-20,77.15,851.42,928.57
601978,402375,2025-11-25,264.05,557.03,821.08
601979,402376,2025-12-01,323.72,752.02,1075.74
601980,402377,2025-11-30,689.24,266.81,956.05
601981,402378,2025-11-20,327.42,363.78,691.2
601982,402379,2025-11-21,668.69,833.62,1502.31
601983,402382,2025-12-01,227.4,743.22,970.62
601984,402383,2025-11-21,143.87,1151.23,1295.1
601985,402384,2025-12-02,315.11,1181.83,1496.94
601986,402385,2025-12-01,94.42,725.18,819.6
601987,402386,2025-11-22,749.35,94.16,843.51
601988,402387,2025-11-22,394.87,39.97,434.84
601989,402388,2025-11-24,443.22,159.06,602.28
601990,402389,2025-12-01,139.09,495.19,634.28
601991,402390,2025-11-25,693.18,320.12,1013.3
601992,402391,2025-11-25,722.53,580.41,1302.94
601993,402392,2025-12-05,230.88,432.03,662.91
601994,402393,2025-11-26,301.96,636.18,938.14
601995,402394,2025-12-05,76.51,1134.03,1210.54
601996,402395,2025-11-24,635.58,310.79,946.37
601997,402396,2025-11-27,656.52,330.98,987.5
601998,402397,2025-11-23,89.33,376.66,465.99
601999,402398,2025-11-27,573.28,113.56,686.84
602000,402399,2025-11-28,665.73,1065.84,1731.57
602001,402400,2025-11-27,119.31,8.8,128.11
602002,402401,2025-11-30,595.58,881.23,1476.81
602003,402402,2025-12-05,791.02,869.05,1660.07
602004,402404,2025-12-06,621.98,1096.56,1718.54
602005,402405,2025-12-01,473.69,526.11,999.8
602006,402407,2025-12-02,104.95,1038.81,1143.76
602007,402408,2025-11-26,517.24,906.52,1423.76
602008,402409,2025-12-02,830.99,97.87,928.86
602009,402410,2025-11-30,399.03,155.15,554.18
602010,402411,2025-11-29,575.97,821.61,1397.58
602011,402412,2025-11-30,240.83,842.53,1083.36
602012,402413,2025-12-05,270.01,966.76,1236.77
602013,402414,2025-12-03,109.1,749.0,858.1
602014,402415,2025-12-08,219.61,971.46,1191.07
602015,402416,2025-12-01,142.46,1138.33,1280.79
602016,402417,2025-12-01,692.42,911.67,1604.09
602017,402418,2025-12-08,793.28,995.71,1788.99
602018,402419,2025-11-28,493.65,1115.95,1609.6
602019,402420,2025-12-03,774.69,1101.86,1876.55
602020,402421,2025-12-06,271.64,716.29,987.93
602021,402422,2025-12-07,602.35,1012.22,1614.57
602022,402423,2025-12-09,347.34,676.39,1023.73
602023,402424,2025-12-07,494.57,619.61,1114.18
602024,402425,2025-12-08,268.49,963.97,1232.46
602025,402426,2025-12-01,402.3,651.15,1053.45
602026,402427,2025-11-28,261.68,1191.8,1453.48
602027,402428,2025-12-07,197.42,714.24,911.66
602028,402429,2025-12-08,246.25,694.1,940.35
602029,402430,2025-12-09,573.5,498.38,1071.88
602030,402431,2025-12-07,402.12,766.58,1168.7
602031,402432,2025-12-11,674.17,1106.3,1780.47
602032,402433,2025-12-01,525.87,884.63,1410.5
602033,402435,2025-12-02,121.66,719.25,840.91
602034,402436,2025-12-01,102.17,576.89,679.06
602035,402438,2025-12-09,742.86,3.7,746.56
602036,402439,2025-12-06,833.82,377.4,1211.22
602037,402440,2025-12-04,297.09,1108.95,1406.04
602038,402441,2025-12-10,393.76,334.2,727.96
602039,402442,2025-12-10,764.93,1018.53,1783.46
602040,402443,2025-12-04,754.77,805.31,1560.08
602041,402446,2025-12-04,269.17,361.31,630.48
602042,402447,2025-12-02,119.62,751.08,870.7
602043,402448,2025-12-14,356.99,770.58,1127.57
602044,402449,2025-12-05,460.93,628.18,1089.11
602045,402450,2025-12-08,225.05,702.0,927.05
602046,402451,2025-12-02,694.32,1152.09,1846.41
602047,402452,2025-12-13,766.76,411.48,1178.24
602048,402454,2025-12-10,193.3,456.03,649.33
602049,402456,2025-12-04,300.58,496.73,797.31
602050,402457,2025-12-02,171.07,1164.58,1335.65
602051,402458,2025-12-07,692.22,513.42,1205.64
602052,402460,2025-12-10,473.07,895.23,1368.3
602053,402461,2025-12-08,558.35,567.91,1126.26
602054,402462,2025-12-04,122.96,765.3,888.26
602055,402463,2025-12-09,503.68,653.05,1156.73
602056,402464,2025-12-02,830.82,1000.3,1831.12
602057,402465,2025-12-02,659.72,1098.56,1758.28
602058,402466,2025-12-13,130.68,281.43,412.11
602059,402467,2025-12-13,643.37,743.42,1386.79
602060,402468,2025-12-16,364.96,122.43,487.39
602061,402469,2025-12-11,769.68,345.24,1114.92
602062,402470,2025-12-10,449.09,14.27,463.36
602063,402471,2025-12-09,92.24,615.88,708.12
602064,402473,2025-12-11,505.94,928.61,1434.55
602065,402474,2025-12-07,549.47,1166.53,1716.0
602066,402476,2025-12-15,397.87,1106.78,1504.65
602067,402477,2025-12-06,698.7,775.57,1474.27
602068,402479,2025-12-06,493.81,680.97,1174.78
602069,402480,2025-12-14,483.6,330.93,814.53
602070,402481,2025-12-15,707.96,519.79,1227.75
602071,402482,2025-12-13,372.54,204.94,577.48
602072,402483,2025-12-19,437.31,382.0,819.31
602073,402484,2025-12-14,738.78,360.67,1099.45
602074,402485,2025-12-19,755.24,481.58,1236.82
602075,402486,2025-12-11,431.85,406.05,837.9
602076,402487,2025-12-17,474.56,309.28,783.84
602077,402488,2025-12-07,250.4,682.6,933.0
602078,402489,2025-12-15,389.84,457.91,847.75
602079,402490,2025-12-13,431.29,1045.79,1477.08
602080,402491,2025-12-15,292.78,738.89,1031.67
602081,402492,2025-12-14,817.71,730.72,1548.43
602082,402493,2025-12-15,423.96,195.92,619.88
602083,402494,2025-12-20,161.33,1187.48,1348.81
602084,402495,2025-12-07,743.01,953.47,1696.48
602085,402496,2025-12-11,639.44,482.19,1121.63
602086,402498,2025-12-11,322.3,718.82,1041.12
602087,402499,2025-12-18,498.39,1126.15,1624.54
602088,402500,2025-12-09,555.18,543.65,1098.83
602089,402501,2025-12-17,559.46,1044.3,1603.76
602090,402503,2025-12-17,218.93,82.76,301.69
602091,402504,2025-12-10,604.35,483.67,1088.02
602092,402505,2025-12-17,389.03,692.6,1081.63
602093,402506,2025-12-11,816.99,409.69,1226.68
602094,402507,2025-12-22,393.96,496.86,890.82
602095,402508,2025-12-12,709.62,134.8,844.42
602096,402509,2025-12-11,635.96,294.76,930.72
602097,402510,2025-12-15,510.89,1191.28,1702.17
602098,402511,2025-12-16,122.45,282.78,405.23
602099,402512,2025-12-13,159.78,487.17,646.95
602100,402513,2025-12-15,284.89,796.99,1081.88
602101,402514,2025-12-16,86.25,1025.53,1111.78
602102,402516,2025-12-10,322.93,1012.44,1335.37
602103,402517,2025-12-10,445.61,492.49,938.1
602104,402518,2025-12-17,647.31,1182.79,1830.1
602105,402521,2025-12-13,633.48,181.41,814.89
602106,402522,2025-12-21,590.74,268.83,859.57
602107,402523,2025-12-23,846.71,990.57,1837.28
602108,402524,2025-12-23,724.8,465.84,1190.64
602109,402525,2025-12-11,746.52,222.54,969.06
602110,402526,2025-12-19,187.74,686.25,873.99
602111,402527,2025-12-22,203.4,357.41,560.81
602112,402528,2025-12-22,450.1,234.77,684.87
602113,402532,2025-12-12,797.21,1047.25,1844.46
602114,402533,2025-12-21,690.13,137.56,827.69
602115,402535,2025-12-13,315.76,485.72,801.48
602116,402536,2025-12-16,456.27,494.84,951.11
602117,402537,2025-12-20,427.92,948.51,1376.43
602118,402538,2025-12-23,412.82,565.15,977.97
602119,402539,2025-12-26,466.9,373.56,840.46
602120,402540,2025-12-26,240.89,437.65,678.54
602121,402542,2025-12-25,474.72,850.51,1325.23
602122,402543,2025-12-14,471.45,6.73,478.18
602123,402544,2025-12-25,650.47,842.44,1492.91
602124,402547,2025-12-19,380.86,737.41,1118.27
602125,402549,2025-12-15,251.15,622.3,873.45
602126,402550,2025-12-25,193.25,1069.33,1262.58
602127,402551,2025-12-17,491.19,793.03,1284.22
602128,402552,2025-12-17,440.42,136.0,576.42
602129,402554,2025-12-16,724.33,758.63,1482.96
602130,402555,2025-12-18,799.64,1091.55,1891.19
602131,402556,2025-12-15,785.88,1020.59,1806.47
602132,402557,2025-12-17,815.51,287.47,1102.98
602133,402558,2025-12-15,492.66,431.56,924.22
602134,402559,2025-12-23,121.06,784.82,905.88
602135,402560,2025-12-27,727.47,1084.71,1812.18
602136,402561,2025-12-23,561.8,871.36,1433.16
602137,402562,2025-12-18,523.98,981.46,1505.44
602138,402563,2025-12-18,111.87,822.82,934.69
602139,402565,2025-12-16,632.29,200.61,832.9
602140,402566,2025-12-26,286.54,541.31,827.85
602141,402567,2025-12-22,803.94,955.46,1759.4
602142,402568,2025-12-24,189.97,928.73,1118.7
602143,402569,2025-12-23,352.65,98.19,450.84
602144,402571,2025-12-29,628.26,570.97,1199.23
602145,402572,2025-12-19,753.15,230.41,983.56
602146,402573,2025-12-29,78.22,656.92,735.14
602147,402574,2025-12-18,468.26,118.87,587.13
602148,402575,2025-12-23,658.8,398.82,1057.62
602149,402576,2025-12-20,685.51,455.41,1140.92
602150,402578,2025-12-24,643.19,757.62,1400.81
602151,402579,2025-12-29,162.35,1186.73,1349.08
602152,402581,2025-12-30,794.31,791.49,1585.8
602153,402584,2025-12-18,828.75,554.32,1383.07
602154,402586,2025-12-25,180.75,723.24,903.99
602155,402587,2025-12-18,580.55,1093.9,1674.45
602156,402588,2025-12-18,133.97,896.71,1030.68
602157,402589,2025-12-27,190.63,1078.27,1268.9
602158,402590,2025-12-20,480.65,838.49,1319.14
602159,402591,2025-12-28,244.66,796.37,1041.03
602160,402593,2025-12-24,529.56,259.56,789.12
602161,402594,2025-12-31,133.06,182.64,315.7
602162,402595,2025-12-23,397.79,482.3,880.09
602163,402596,2025-12-25,550.99,825.28,1376.27
602164,402597,2025-12-27,756.88,929.06,1685.94
602165,402598,2025-12-31,229.32,757.3,986.62
602166,402600,2025-12-20,85.39,858.75,944.14
602167,402601,2025-12-30,201.09,36.29,237.38
602168,402602,2025-12-28,117.2,757.67,874.87
602169,402603,2026-01-01,552.52,990.94,1543.46
602170,402604,2025-12-29,589.51,753.69,1343.2
602171,402605,2025-12-30,368.7,573.26,941.96
602172,402606,2025-12-24,799.5,393.74,1193.24
602173,402607,2025-12-28,372.84,988.27,1361.11
602174,402608,2025-12-27,98.94,1130.9,1229.84
602175,402611,2025-12-28,217.5,489.28,706.78
602176,402612,2025-12-28,484.54,805.76,1290.3
602177,402613,2026-01-02,485.75,848.19,1333.94
602178,402617,2025-12-27,145.13,266.33,411.46
602179,402618,2025-12-24,469.69,920.59,1390.28
602180,402620,2025-12-30,435.39,1192.61,1628.0
602181,402621,2025-12-28,344.1,740.07,1084.17
602182,402622,2026-01-03,375.65,739.05,1114.7
602183,402623,2026-01-04,294.55,396.66,691.21
602184,402624,2025-12-30,615.15,331.45,946.6
602185,402625,2025-12-30,349.19,307.35,656.54
602186,402626,2025-12-23,273.02,206.78,479.8
602187,402627,2025-12-26,78.1,186.26,264.36
602188,402628,2025-12-29,658.9,783.04,1441.94
602189,402629,2025-12-29,210.91,329.44,540.35
602190,402630,2026-01-05,492.6,112.96,605.56
602191,402631,2026-01-06,463.82,936.21,1400.03
602192,402632,2026-01-01,213.44,1123.6,1337.04
602193,402633,2025-12-29,307.59,291.4,598.99
602194,402634,2026-01-01,635.09,1160.3,1795.39
602195,402635,2025-12-25,455.84,883.99,1339.83
602196,402636,2025-12-29,491.75,576.43,1068.18
602197,402638,2025-12-26,407.75,479.29,887.04
602198,402639,2025-12-31,809.04,998.79,1807.83
602199,402640,2026-01-07,820.85,553.6,1374.45
602200,402641,2025-12-31,301.65,800.51,1102.16
602201,402642,2025-12-27,156.65,567.9,724.55
602202,402643,2026-01-06,782.23,471.72,1253.95
602203,402644,2025-12-30,382.38,1031.78,1414.16
602204,402645,2025-12-31,85.52,1053.18,1138.7
602205,402646,2025-12-26,108.07,756.36,864.43
602206,402647,2026-01-08,716.59,307.81,1024.4
602207,402648,2026-01-07,336.63,968.57,1305.2
602208,402649,2025-12-28,823.31,472.99,1296.3
602209,402650,2025-12-28,596.9,410.53,1007.43
602210,402652,2026-01-07,371.51,764.03,1135.54
602211,402654,2026-01-05,665.18,278.01,943.19
602212,402655,2025-12-31,458.69,215.29,673.98
602213,402656,2025-12-26,419.46,747.24,1166.7
602214,402657,2026-01-04,417.26,783.76,1201.02
602215,402659,2026-01-04,679.66,46.41,726.07
602216,402660,2026-01-09,156.33,794.78,951.11
602217,402661,2026-01-09,470.61,290.6,761.21
602218,402662,2025-12-28,450.14,973.13,1423.27
602219,402664,2025-12-28,533.46,629.24,1162.7
602220,402665,2026-01-08,601.27,551.41,1152.68
602221,402667,2026-01-03,679.15,365.2,1044.35
602222,402669,2025-12-30,393.71,514.29,908.0
602223,402670,2026-01-10,113.06,602.84,715.9
602224,402671,2026-01-08,731.87,265.65,997.52
602225,402672,2026-01-05,519.35,178.78,698.13
602226,402673,2025-12-31,455.52,86.02,541.54
602227,402674,2026-01-08,601.71,193.48,795.19
602228,402676,2026-01-07,550.79,1150.88,1701.67
602229,402677,2026-01-02,454.85,284.43,739.28
602230,402679,2026-01-07,79.47,457.19,536.66
602231,402680,2025-12-30,442.54,923.76,1366.3
602232,402681,2026-01-02,183.58,358.23,541.81
602233,402683,2026-01-11,415.25,1082.25,1497.5
602234,402684,2026-01-03,96.38,941.01,1037.39
602235,402685,2026-01-12,772.45,557.19,1329.64
602236,402686,2026-01-07,556.68,1160.88,1717.56
602237,402687,2026-01-06,391.28,173.85,565.13
602238,402688,2026-01-04,126.48,906.41,1032.89
602239,402689,2026-01-11,323.73,978.15,1301.88
602240,402690,2026-01-01,420.31,1022.3,1442.61
602241,402691,2026-01-05,497.34,539.43,1036.77
602242,402692,2026-01-07,233.67,505.56,739.23
602243,402693,2026-01-02,563.99,569.64,1133.63
602244,402695,2026-01-14,159.7,862.04,1021.74
602245,402696,2026-01-11,409.96,407.12,817.08
602246,402697,2026-01-09,757.99,736.12,1494.11
602247,402698,2026-01-10,300.48,1008.04,1308.52
602248,402699,2026-01-08,141.51,716.12,857.63
602249,402700,2026-01-04,682.36,320.14,1002.5
602250,402701,2026-01-01,154.6,305.13,459.73
602251,402703,2026-01-07,701.73,279.07,980.8
602252,402704,2026-01-03,766.12,940.98,1707.1
602253,402705,2026-01-13,358.96,1051.91,1410.87
602254,402708,2026-01-10,704.66,39.81,744.47
602255,402709,2026-01-03,801.55,1004.88,1806.43
602256,402711,2026-01-04,100.07,465.65,565.72
602257,402712,2026-01-11,377.97,1119.2,1497.17
602258,402713,2026-01-09,75.95,557.05,633.0
602259,402714,2026-01-10,422.87,617.0,1039.87
602260,402715,2026-01-14,77.39,981.63,1059.02
602261,402717,2026-01-09,249.18,545.34,794.52
602262,402718,2026-01-12,746.47,1157.11,1903.58
602263,402719,2026-01-10,826.47,604.0,1430.47
602264,402720,2026-01-13,214.5,312.03,526.53
602265,402722,2026-01-12,649.65,969.7,1619.35
602266,402723,2026-01-10,83.19,511.88,595.07
602267,402724,2026-01-05,546.06,1024.16,1570.22
602268,402725,2026-01-04,720.95,430.42,1151.37
602269,402726,2026-01-05,624.64,773.76,1398.4
602270,402727,2026-01-15,559.48,419.5,978.98
602271,402728,2026-01-08,441.51,429.21,870.72
602272,402729,2026-01-10,630.97,663.2,1294.17
602273,402730,2026-01-12,392.61,1025.05,1417.66
602274,402731,2026-01-14,748.72,603.3,1352.02
602275,402732,2026-01-10,564.8,1083.27,1648.07
602276,402734,2026-01-10,753.42,558.84,1312.26
602277,402735,2026-01-04,475.06,634.31,1109.37
602278,402736,2026-01-13,206.99,451.21,658.2
602279,402737,2026-01-09,161.69,706.87,868.56
602280,402738,2026-01-04,131.15,40.51,171.66
602281,402739,2026-01-06,435.26,158.25,593.51
602282,402740,2026-01-13,753.6,189.91,943.51
602283,402741,2026-01-16,739.4,701.91,1441.31
602284,402742,2026-01-17,611.97,732.07,1344.04
602285,402743,2026-01-18,665.85,917.98,1583.83
602286,402744,2026-01-09,180.95,1134.51,1315.46
602287,402746,2026-01-17,115.54,352.7,468.24
602288,402748,2026-01-09,537.54,426.87,964.41
602289,402749,2026-01-10,105.08,1143.63,1248.71
602290,402750,2026-01-07,353.74,861.73,1215.47
602291,402751,2026-01-07,791.1,74.86,865.96
602292,402754,2026-01-17,369.03,1052.22,1421.25
602293,402755,2026-01-10,223.94,1196.3,1420.24
602294,402756,2026-01-08,789.84,707.6,1497.44
602295,402757,2026-01-19,84.77,252.09,336.86
602296,402758,2026-01-08,322.91,438.11,761.02
602297,402759,2026-01-14,495.42,1116.18,1611.6
602298,402760,2026-01-19,842.43,1081.61,1924.04
602299,402761,2026-01-13,153.15,50.69,203.84
602300,402762,2026-01-17,720.99,783.42,1504.41
602301,402763,2026-01-21,385.41,85.61,471.02
602302,402764,2026-01-21,144.21,196.81,341.02
602303,402765,2026-01-13,418.75,1096.54,1515.29
602304,402767,2026-01-11,430.9,1144.27,1575.17
602305,402768,2026-01-18,743.1,1115.48,1858.58
602306,402769,2026-01-13,686.78,146.07,832.85
602307,402770,2026-01-10,612.77,761.99,1374.76
602308,402772,2026-01-21,542.23,957.52,1499.75
602309,402773,2026-01-12,111.71,618.29,730.0
602310,402774,2026-01-20,644.58,1078.21,1722.79
602311,402775,2026-01-20,79.83,304.85,384.68
602312,402776,2026-01-21,530.97,750.18,1281.15
602313,402777,2026-01-21,629.28,1046.18,1675.46
602314,402778,2026-01-18,509.06,570.05,1079.11
602315,402779,2026-01-16,507.36,1029.71,1537.07
602316,402782,2026-01-21,446.32,963.4,1409.72
602317,402783,2026-01-23,583.35,624.81,1208.16
602318,402784,2026-01-21,220.92,586.31,807.23
602319,402786,2026-01-12,196.77,919.26,1116.03
602320,402787,2026-01-22,575.62,171.45,747.07
602321,402788,2026-01-16,101.59,75.62,177.21
602322,402789,2026-01-22,813.03,160.46,973.49
602323,402790,2026-01-20,593.57,1142.36,1735.93
602324,402791,2026-01-21,751.36,847.79,1599.15
602325,402792,2026-01-18,215.41,212.34,427.75
602326,402793,2026-01-24,819.08,1182.74,2001.82
602327,402794,2026-01-26,628.25,919.46,1547.71
602328,402795,2026-01-13,158.47,735.18,893.65
602329,402796,2026-01-17,808.06,1186.07,1994.13
602330,402797,2026-01-14,224.98,292.51,517.49
602331,402798,2026-01-21,798.89,357.72,1156.61
602332,402799,2026-01-22,421.05,791.52,1212.57
602333,402800,2026-01-21,347.11,37.3,384.41
602334,402801,2026-01-16,337.48,400.29,737.77
602335,402802,2026-01-22,596.29,908.69,1504.98
602336,402803,2026-01-22,627.17,609.31,1236.48
602337,402805,2026-01-16,472.43,401.35,873.78
602338,402806,2026-01-14,659.64,64.26,723.9
602339,402807,2026-01-25,297.31,705.71,1003.02
602340,402808,2026-01-22,211.74,597.52,809.26
602341,402809,2026-01-26,219.01,676.77,895.78
602342,402810,2026-01-15,491.33,387.86,879.19
602343,402811,2026-01-19,604.92,549.77,1154.69
602344,402812,2026-01-20,765.35,267.76,1033.11
602345,402813,2026-01-20,721.83,56.45,778.28
602346,402814,2026-01-22,101.37,398.39,499.76
602347,402815,2026-01-20,768.59,713.09,1481.68
602348,402816,2026-01-22,842.18,63.82,906.0
602349,402817,2026-01-17,202.81,5.84,208.65
602350,402818,2026-01-17,800.48,350.3,1150.78
602351,402819,2026-01-21,776.26,75.18,851.44
602352,402820,2026-01-20,588.52,68.38,656.9
602353,402821,2026-01-17,694.96,38.88,733.84
602354,402822,2026-01-27,454.67,422.43,877.1
602355,402823,2026-01-20,383.06,1162.54,1545.6
602356,402825,2026-01-23,643.95,205.52,849.47
602357,402826,2026-01-20,97.26,590.25,687.51
602358,402827,2026-01-27,336.74,176.12,512.86
602359,402828,2026-01-29,226.75,161.14,387.89
602360,402829,2026-01-23,357.77,934.63,1292.4
602361,402830,2026-01-19,343.52,503.15,846.67
602362,402833,2026-01-28,465.25,1045.41,1510.66
602363,402836,2026-01-26,418.97,547.7,966.67
602364,402837,2026-01-29,267.16,806.29,1073.45
602365,402838,2026-02-01,445.08,496.35,941.43
602366,402840,2026-01-28,545.57,967.22,1512.79
602367,402842,2026-02-02,342.28,20.7,362.98
602368,402843,2026-02-02,768.4,1060.94,1829.34
602369,402844,2026-01-30,414.66,645.78,1060.44
602370,402846,2026-02-05,347.98,508.59,856.57
602371,402847,2026-01-29,245.31,876.38,1121.69
602372,402848,2026-02-02,104.9,461.39,566.29
602373,402850,2026-02-04,640.91,860.59,1501.5
602374,402851,2026-02-06,410.19,920.43,1330.62
602375,402852,2026-01-25,87.31,680.14,767.45
602376,402853,2026-02-05,231.28,484.9,716.18
602377,402854,2026-01-26,424.64,648.86,1073.5
602378,402855,2026-02-07,691.61,611.41,1303.02
602379,402856,2026-02-03,714.82,689.65,1404.47
602380,402858,2026-01-25,804.88,512.49,1317.37
602381,402860,2026-01-25,784.52,34.03,818.55
602382,402861,2026-01-26,841.36,1007.47,1848.83
602383,402862,2026-01-25,182.18,208.07,390.25
602384,402863,2026-01-30,248.6,475.84,724.44
602385,402864,2026-02-08,748.23,627.3,1375.53
602386,402865,2026-02-01,343.65,724.31,1067.96
602387,402866,2026-02-08,763.47,52.92,816.39
602388,402867,2026-01-28,559.41,21.88,581.29
602389,402868,2026-01-26,95.34,911.79,1007.13
602390,402869,2026-02-04,259.47,1061.62,1321.09
602391,402870,2026-02-01,381.45,664.42,1045.87
602392,402871,2026-01-26,198.77,494.23,693.0
602393,402873,2026-02-08,792.86,542.46,1335.32
602394,402874,2026-02-08,256.49,1042.42,1298.91
602395,402875,2026-01-28,616.48,929.34,1545.82
602396,402876,2026-01-31,482.03,437.44,919.47
602397,402877,2026-02-06,519.35,772.49,1291.84
602398,402878,2026-01-27,370.4,1152.95,1523.35
602399,402880,2026-02-09,619.25,802.45,1421.7
602400,402881,2026-01-29,104.47,239.77,344.24
602401,402882,2026-02-04,689.51,480.7,1170.21
602402,402883,2026-02-04,266.26,408.39,674.65
602403,402884,2026-01-28,189.91,40.01,229.92
602404,402885,2026-02-05,454.46,1.98,456.44
602405,402886,2026-02-10,736.45,1102.05,1838.5
602406,402888,2026-01-30,555.67,881.06,1436.73
602407,402889,2026-02-08,458.09,514.42,972.51
602408,402890,2026-02-08,833.01,295.19,1128.2
602409,402891,2026-02-10,329.13,750.6,1079.73
602410,402892,2026-01-31,398.44,1132.96,1531.4
602411,402893,2026-02-08,455.32,532.07,987.39
602412,402894,2026-01-31,421.33,1182.83,1604.16
602413,402895,2026-02-02,296.51,683.96,980.47
602414,402896,2026-02-12,264.98,359.48,624.46
602415,402899,2026-02-04,549.91,676.04,1225.95
602416,402900,2026-02-05,731.62,635.61,1367.23
602417,402901,2026-02-10,540.15,1034.51,1574.66
602418,402902,2026-02-11,200.57,931.25,1131.82
602419,402903,2026-02-04,361.32,259.09,620.41
602420,402904,2026-02-03,423.38,247.13,670.51
602421,402905,2026-02-13,373.37,752.83,1126.2
602422,402906,2026-02-13,426.5,153.43,579.93
602423,402907,2026-02-14,137.0,301.01,438.01
602424,402908,2026-02-06,144.38,389.55,533.93
602425,402909,2026-02-03,432.23,826.01,1258.24
602426,402910,2026-02-07,180.93,149.17,330.1
602427,402913,2026-02-12,188.02,883.04,1071.06
602428,402914,2026-02-07,249.3,138.9,388.2
602429,402915,2026-02-10,402.03,690.23,1092.26
602430,402916,2026-02-15,124.25,671.07,795.32
602431,402917,2026-02-12,647.51,949.31,1596.82
602432,402918,2026-02-10,146.19,392.86,539.05
602433,402919,2026-02-09,843.49,1056.15,1899.64
602434,402920,2026-02-05,771.37,124.12,895.49
602435,402921,2026-02-14,556.01,665.38,1221.39
602436,402922,2026-02-15,456.85,440.08,896.93
602437,402923,2026-02-11,706.4,911.86,1618.26
602438,402927,2026-02-08,562.86,845.65,1408.51
602439,402928,2026-02-15,273.24,619.55,892.79
602440,402929,2026-02-16,847.31,1133.86,1981.17
602441,402930,2026-02-04,361.89,448.85,810.74
602442,402931,2026-02-07,334.41,891.53,1225.94
602443,402932,2026-02-11,759.71,1183.82,1943.53
602444,402933,2026-02-08,232.11,799.19,1031.3
602445,402934,2026-02-17,675.64,36.37,712.01
602446,402935,2026-02-04,421.71,693.17,1114.88
602447,402936,2026-02-14,277.86,1082.88,1360.74
602448,402937,2026-02-13,434.56,579.05,1013.61
602449,402939,2026-02-10,322.57,928.57,1251.14
602450,402940,2026-02-10,706.46,630.9,1337.36
602451,402941,2026-02-15,106.74,885.52,992.26
602452,402942,2026-02-16,224.38,768.15,992.53
602453,402943,2026-02-18,205.37,1146.36,1351.73
602454,402944,2026-02-16,110.12,1151.36,1261.48
602455,402946,2026-02-09,816.36,379.6,1195.96
602456,402947,2026-02-05,535.95,925.25,1461.2
602457,402948,2026-02-12,458.26,774.43,1232.69
602458,402949,2026-02-08,741.26,252.71,993.97
602459,402950,2026-02-05,783.26,565.82,1349.08
602460,402951,2026-02-09,319.29,807.89,1127.18
602461,402955,2026-02-08,233.99,950.56,1184.55
602462,402956,2026-02-08,782.73,861.66,1644.39
602463,402958,2026-02-09,647.32,338.32,985.64
602464,402959,2026-02-17,273.17,444.24,717.41
602465,402960,2026-02-18,237.17,726.02,963.19
602466,402961,2026-02-16,329.05,14.18,343.23
602467,402962,2026-02-07,536.5,262.2,798.7
602468,402963,2026-02-11,413.93,1137.26,1551.19
602469,402964,2026-02-16,633.15,1168.97,1802.12
602470,402965,2026-02-16,143.72,596.98,740.7
602471,402966,2026-02-10,526.56,51.29,577.85
602472,402967,2026-02-18,467.95,732.15,1200.1
602473,402968,2026-02-15,586.67,678.42,1265.09
602474,402969,2026-02-08,544.37,240.5,784.87
602475,402970,2026-02-20,382.3,863.24,1245.54
602476,402971,2026-02-16,264.86,606.42,871.28
602477,402972,2026-02-17,693.54,268.83,962.37
602478,402974,2026-02-18,681.25,334.6,1015.85
602479,402975,2026-02-11,298.51,889.4,1187.91
602480,402976,2026-02-18,155.19,72.34,227.53
602481,402977,2026-02-18,796.5,411.35,1207.85
602482,402979,2026-02-09,434.13,501.46,935.59
602483,402980,2026-02-16,183.65,1123.98,1307.63
602484,402981,2026-02-19,245.89,1150.69,1396.58
602485,402982,2026-02-17,679.45,287.79,967.24
602486,402983,2026-02-17,109.12,535.33,644.45
602487,402984,2026-02-22,604.32,885.0,1489.32
602488,402986,2026-02-11,504.81,1199.42,1704.23
602489,402987,2026-02-22,87.98,896.55,984.53
602490,402988,2026-02-11,420.61,1047.26,1467.87
602491,402989,2026-02-22,233.92,1067.67,1301.59
602492,402990,2026-02-12,382.62,660.45,1043.07
602493,402992,2026-02-19,447.97,753.06,1201.03
602494,402993,2026-02-22,162.62,537.13,699.75
602495,402994,2026-02-16,494.88,194.28,689.16
602496,402995,2026-02-13,233.46,688.15,921.61
602497,402996,2026-02-13,175.19,1020.24,1195.43
602498,402998,2026-02-13,805.81,473.85,1279.66
602499,402999,2026-02-20,80.37,377.01,457.38
602500,403000,2026-02-24,129.66,357.67,487.33
602501,403001,2026-02-22,244.86,126.71,371.57
602502,403003,2026-02-23,117.59,751.96,869.55
602503,403005,2026-02-15,640.6,1057.79,1698.39
602504,403007,2026-02-23,311.09,434.75,745.84
602505,403008,2026-02-13,307.15,107.86,415.01
602506,403009,2026-02-24,801.31,1024.98,1826.29
602507,403011,2026-02-16,723.75,737.45,1461.2
602508,403012,2026-02-18,698.65,9.99,708.64
602509,403013,2026-02-25,275.81,139.38,415.19
602510,403014,2026-02-19,686.35,189.72,876.07
602511,403015,2026-02-26,663.31,894.81,1558.12
602512,403016,2026-02-14,520.48,824.17,1344.65
602513,403017,2026-02-14,822.66,793.0,1615.66
602514,403018,2026-02-16,467.67,650.11,1117.78
602515,403019,2026-02-23,654.61,443.91,1098.52
602516,403021,2026-02-22,693.37,1159.39,1852.76
602517,403022,2026-02-16,323.72,91.44,415.16
602518,403023,2026-02-20,706.14,1103.14,1809.28
602519,403024,2026-02-25,321.45,288.04,609.49
602520,403025,2026-02-26,636.51,542.72,1179.23
602521,403026,2026-02-24,782.54,1173.38,1955.92
602522,403027,2026-02-21,696.38,591.87,1288.25
602523,403028,2026-02-23,426.73,915.37,1342.1
602524,403029,2026-02-16,830.7,804.62,1635.32
602525,403030,2026-02-16,787.43,77.61,865.04
602526,403031,2026-02-26,801.46,582.61,1384.07
602527,403033,2026-02-15,604.71,225.05,829.76
602528,403034,2026-02-24,608.18,212.06,820.24
602529,403035,2026-02-15,494.12,516.95,1011.07
602530,403039,2026-02-25,494.11,838.07,1332.18
602531,403040,2026-02-24,677.07,1068.79,1745.86
602532,403043,2026-02-23,818.4,792.42,1610.82
602533,403044,2026-02-21,159.48,211.47,370.95
602534,403045,2026-02-18,408.65,595.64,1004.29
602535,403046,2026-02-19,100.68,974.21,1074.89
602536,403047,2026-02-19,795.45,284.19,1079.64
602537,403048,2026-03-03,841.9,718.14,1560.04
602538,403049,2026-02-26,826.13,305.11,1131.24
602539,403051,2026-02-26,583.21,3.37,586.58
602540,403052,2026-02-23,726.81,933.77,1660.58
602541,403053,2026-02-20,744.22,804.98,1549.2
602542,403054,2026-02-26,659.35,775.61,1434.96
602543,403055,2026-02-21,512.33,726.16,1238.49
602544,403056,2026-03-01,386.87,1013.72,1400.59
602545,403057,2026-03-01,691.6,470.98,1162.58
602546,403058,2026-02-22,379.8,642.45,1022.25
602547,403059,2026-02-20,848.08,724.09,1572.17
602548,403060,2026-02-20,619.13,458.19,1077.32
602549,403063,2026-02-20,208.22,660.88,869.1
602550,403064,2026-02-25,222.48,1096.67,1319.15
602551,403065,2026-02-25,610.15,1125.66,1735.81
602552,403066,2026-02-27,680.27,321.19,1001.46
602553,403067,2026-02-21,780.36,592.69,1373.05
602554,403068,2026-03-03,844.53,1105.3,1949.83
602555,403069,2026-02-26,194.08,1038.27,1232.35
602556,403070,2026-03-01,666.88,814.9,1481.78
602557,403071,2026-03-06,176.91,604.19,781.1
602558,403073,2026-03-03,310.22,307.19,617.41
602559,403074,2026-02-23,247.26,1196.41,1443.67
602560,403075,2026-02-27,778.15,197.02,975.17
602561,403076,2026-03-03,110.8,1022.22,1133.02
602562,403077,2026-02-23,845.32,1036.95,1882.27
602563,403078,2026-03-01,253.74,53.4,307.14
602564,403079,2026-02-22,778.48,573.84,1352.32
602565,403080,2026-03-05,649.67,857.85,1507.52
602566,403081,2026-02-26,317.35,184.46,501.81
602567,403082,2026-03-07,206.85,1096.82,1303.67
602568,403083,2026-03-07,471.92,104.86,576.78
602569,403084,2026-03-07,633.52,30.91,664.43
602570,403087,2026-03-04,587.54,1072.43,1659.97
602571,403088,2026-03-02,175.89,263.14,439.03
602572,403089,2026-03-06,289.94,1142.56,1432.5
602573,403090,2026-03-05,779.76,586.3,1366.06
602574,403091,2026-02-23,110.69,350.23,460.92
602575,403093,2026-03-04,615.78,318.64,934.42
602576,403096,2026-03-01,770.18,842.73,1612.91
602577,403097,2026-03-09,583.18,615.01,1198.19
602578,403098,2026-03-03,338.26,642.31,980.57
602579,403099,2026-03-05,136.95,646.14,783.09
602580,403100,2026-03-07,159.24,274.25,433.49
602581,403101,2026-02-27,644.02,404.59,1048.61
602582,403103,2026-02-28,571.12,532.26,1103.38
602583,403104,2026-03-01,753.31,1002.68,1755.99
602584,403105,2026-03-06,776.75,257.49,1034.24
602585,403106,2026-03-07,200.84,1087.65,1288.49
602586,403110,2026-03-06,519.52,101.19,620.71
602587,403111,2026-03-11,440.46,952.18,1392.64
602588,403112,2026-03-04,681.0,630.56,1311.56
602589,403113,2026-03-08,747.97,158.56,906.53
602590,403114,2026-03-06,372.58,995.48,1368.06
602591,403115,2026-03-12,131.97,722.24,854.21
602592,403116,2026-03-03,520.23,1065.63,1585.86
602593,403117,2026-03-03,92.36,440.02,532.38
602594,403118,2026-03-01,173.71,1012.45,1186.16
602595,403119,2026-03-11,641.17,378.49,1019.66
602596,403120,2026-03-05,482.79,180.94,663.73
602597,403121,2026-03-07,797.21,311.05,1108.26
602598,403122,2026-03-10,652.76,343.79,996.55
602599,403123,2026-03-09,519.32,310.45,829.77
602600,403124,2026-03-10,233.53,334.76,568.29
602601,403125,2026-03-11,642.84,692.49,1335.33
602602,403126,2026-03-14,413.4,531.1,944.5
602603,403127,2026-03-05,705.22,819.96,1525.18
602604,403129,2026-03-08,142.78,156.43,299.21
602605,403130,2026-03-11,767.49,798.36,1565.85
602606,403131,2026-03-06,555.88,471.13,1027.01
602607,403132,2026-03-14,408.01,960.27,1368.28
602608,403134,2026-03-14,335.11,119.14,454.25
602609,403135,2026-03-07,158.17,1177.83,1336.0
602610,403136,2026-03-13,166.67,107.86,274.53
602611,403137,2026-03-04,660.72,380.23,1040.95
602612,403138,2026-03-12,142.43,259.93,402.36
602613,403140,2026-03-10,572.58,905.79,1478.37
602614,403141,2026-03-06,362.1,643.57,1005.67
602615,403142,2026-03-10,514.35,1078.77,1593.12
602616,403143,2026-03-09,417.03,361.19,778.22
602617,403144,2026-03-08,626.06,295.2,921.26
602618,403146,2026-03-14,231.13,534.64,765.77
602619,403148,2026-03-14,808.24,422.67,1230.91
602620,403150,2026-03-07,310.15,250.19,560.34
602621,403151,2026-03-09,757.52,723.64,1481.16
602622,403152,2026-03-17,431.81,982.69,1414.5
602623,403154,2026-03-16,313.68,1143.6,1457.28
602624,403155,2026-03-09,518.32,924.44,1442.76
602625,403156,2026-03-15,733.57,725.77,1459.34
602626,403158,2026-03-13,671.44,875.72,1547.16
602627,403159,2026-03-07,790.82,545.82,1336.64
602628,403160,2026-03-08,541.68,709.74,1251.42
602629,403161,2026-03-18,182.65,157.33,339.98
602630,403162,2026-03-06,529.26,219.82,749.08
602631,403163,2026-03-18,201.51,139.65,341.16
602632,403164,2026-03-06,628.37,108.22,736.59
602633,403166,2026-03-11,116.72,392.83,509.55
602634,403167,2026-03-14,551.15,834.91,1386.06
602635,403169,2026-03-10,672.73,905.97,1578.7
602636,403170,2026-03-11,798.26,66.98,865.24
602637,403171,2026-03-10,116.98,667.89,784.87
602638,403172,2026-03-17,667.93,360.2,1028.13
602639,403173,2026-03-17,134.58,1063.15,1197.73
602640,403174,2026-03-15,748.99,329.55,1078.54
602641,403175,2026-03-19,214.93,158.34,373.27
602642,403176,2026-03-19,341.19,544.96,886.15
602643,403177,2026-03-10,637.51,485.92,1123.43
602644,403178,2026-03-14,503.53,1068.09,1571.62
602645,403179,2026-03-21,583.61,46.05,629.66
602646,403180,2026-03-21,401.51,356.84,758.35
602647,403181,2026-03-17,276.79,305.15,581.94
602648,403182,2026-03-15,206.53,599.93,806.46
602649,403183,2026-03-10,387.18,943.24,1330.42
602650,403184,2026-03-17,555.6,226.69,782.29
602651,403185,2026-03-20,705.41,654.04,1359.45
602652,403187,2026-03-10,475.77,189.71,665.48
602653,403188,2026-03-20,78.17,559.92,638.09
602654,403189,2026-03-15,188.55,798.85,987.4
602655,403190,2026-03-11,795.73,116.23,911.96
602656,403191,2026-03-23,529.86,318.3,848.16
602657,403192,2026-03-15,647.39,226.24,873.63
602658,403193,2026-03-10,820.41,60.29,880.7
602659,403194,2026-03-16,516.55,806.49,1323.04
602660,403196,2026-03-13,506.26,118.07,624.33
602661,403197,2026-03-22,779.72,515.2,1294.92
602662,403198,2026-03-22,122.82,646.67,769.49
602663,403199,2026-03-15,845.6,1154.71,2000.31
602664,403200,2026-03-11,187.54,554.48,742.02
602665,403201,2026-03-15,116.1,473.07,589.17
602666,403202,2026-03-17,384.78,547.17,931.95
602667,403203,2026-03-22,295.51,511.37,806.88
602668,403204,2026-03-16,105.5,509.73,615.23
602669,403205,2026-03-16,121.87,70.55,192.42
602670,403207,2026-03-11,620.56,405.91,1026.47
602671,403208,2026-03-16,129.43,1036.52,1165.95
602672,403209,2026-03-21,815.38,994.28,1809.66
602673,403210,2026-03-23,86.59,414.71,501.3
602674,403211,2026-03-22,819.68,1144.39,1964.07
602675,403212,2026-03-14,306.47,22.77,329.24
602676,403213,2026-03-12,329.26,877.55,1206.81
602677,403214,2026-03-14,827.58,172.06,999.64
602678,403215,2026-03-13,308.51,1107.07,1415.58
602679,403216,2026-03-14,674.55,490.75,1165.3
602680,403217,2026-03-22,707.34,1185.46,1892.8
602681,403218,2026-03-21,408.43,1187.97,1596.4
602682,403219,2026-03-15,244.01,120.3,364.31
602683,403221,2026-03-21,606.02,459.67,1065.69
602684,403222,2026-03-15,760.88,203.9,964.78
602685,403223,2026-03-24,415.72,922.92,1338.64
602686,403224,2026-03-18,242.59,396.14,638.73
602687,403225,2026-03-18,721.54,153.81,875.35
602688,403226,2026-03-25,503.34,1138.71,1642.05
602689,403227,2026-03-23,773.74,228.89,1002.63
602690,403228,2026-03-28,551.61,275.66,827.27
602691,403229,2026-03-21,223.08,1039.77,1262.85
602692,403230,2026-03-26,268.32,1043.22,1311.54
602693,403231,2026-03-24,124.11,1188.42,1312.53
602694,403232,2026-03-22,744.88,807.63,1552.51
602695,403234,2026-03-16,370.24,974.9,1345.14
602696,403235,2026-03-28,522.4,393.02,915.42
602697,403236,2026-03-17,787.38,944.34,1731.72
602698,403238,2026-03-21,418.14,1185.47,1603.61
602699,403239,2026-03-19,753.62,824.57,1578.19
602700,403240,2026-03-20,385.29,47.06,432.35
602701,403241,2026-03-21,138.94,22.59,161.53
602702,403242,2026-03-17,807.39,888.15,1695.54
602703,403243,2026-03-28,165.46,805.9,971.36
602704,403244,2026-03-18,565.29,859.96,1425.25
602705,403245,2026-03-27,819.32,1165.95,1985.27
602706,403246,2026-03-19,690.34,398.14,1088.48
602707,403247,2026-03-27,119.98,673.08,793.06
602708,403248,2026-03-23,413.61,495.66,909.27
602709,403249,2026-03-26,407.97,126.01,533.98
602710,403250,2026-03-19,235.22,769.06,1004.28
602711,403251,2026-03-20,486.94,931.09,1418.03
602712,403252,2026-03-22,708.63,1087.16,1795.79
602713,403253,2026-03-19,200.59,235.05,435.64
602714,403254,2026-03-29,368.99,343.55,712.54
602715,403255,2026-03-27,272.84,979.86,1252.7
602716,403256,2026-03-18,724.38,163.81,888.19
602717,403257,2026-03-21,304.55,439.04,743.59
602718,403258,2026-03-30,418.08,928.81,1346.89
602719,403259,2026-03-29,785.24,172.56,957.8
602720,403260,2026-03-28,615.25,1029.37,1644.62
602721,403261,2026-03-23,556.64,944.32,1500.96
602722,403262,2026-03-27,182.65,262.47,445.12
602723,403263,2026-03-29,463.45,890.21,1353.66
602724,403264,2026-04-01,445.36,76.45,521.81
602725,403265,2026-03-28,381.08,21.89,402.97
602726,403266,2026-03-20,286.4,100.03,386.43
602727,403267,2026-03-27,264.72,674.81,939.53
602728,403268,2026-03-21,696.0,235.15,931.15
602729,403269,2026-04-02,615.99,234.23,850.22
602730,403270,2026-03-27,449.32,659.7,1109.02
602731,403271,2026-03-30,645.27,53.83,699.1
602732,403272,2026-03-29,833.89,470.83,1304.72
602733,403273,2026-03-23,761.02,685.87,1446.89
602734,403274,2026-03-27,203.26,697.28,900.54
602735,403275,2026-03-27,202.25,184.52,386.77
602736,403276,2026-04-03,272.85,831.52,1104.37
602737,403278,2026-04-02,423.85,883.39,1307.24
602738,403279,2026-03-30,830.94,624.42,1455.36
602739,403280,2026-03-29,732.29,358.1,1090.39
602740,403281,2026-03-28,406.29,1071.83,1478.12
602741,403283,2026-04-01,471.75,548.58,1020.33
602742,403284,2026-03-28,197.79,48.63,246.42
602743,403285,2026-03-27,134.21,690.64,824.85
602744,403286,2026-03-25,328.56,448.83,777.39
602745,403287,2026-04-01,512.14,746.96,1259.1
602746,403288,2026-03-26,770.44,1175.81,1946.25
602747,403289,2026-03-28,288.24,850.08,1138.32
602748,403291,2026-04-03,757.91,921.83,1679.74
602749,403292,2026-04-02,334.99,829.62,1164.61
602750,403294,2026-04-03,800.62,785.08,1585.7
602751,403295,2026-04-07,849.33,437.39,1286.72
602752,403296,2026-04-03,114.85,7.12,121.97
602753,403297,2026-03-27,120.48,575.6,696.08
602754,403298,2026-03-27,804.56,591.4,1395.96
602755,403299,2026-03-27,809.78,101.69,911.47
602756,403300,2026-03-27,648.14,21.0,669.14
602757,403301,2026-04-01,430.34,68.05,498.39
602758,403302,2026-04-09,286.74,1076.58,1363.32
602759,403303,2026-03-30,696.49,333.27,1029.76
602760,403304,2026-04-08,802.42,154.17,956.59
602761,403306,2026-04-09,602.44,606.6,1209.04
602762,403307,2026-04-09,563.84,607.01,1170.85
602763,403308,2026-04-05,78.89,53.81,132.7
602764,403309,2026-03-30,834.51,142.82,977.33
602765,403310,2026-04-03,559.39,720.48,1279.87
602766,403311,2026-04-03,562.81,452.71,1015.52
602767,403313,2026-04-03,603.74,251.25,854.99
602768,403314,2026-03-31,232.16,43.93,276.09
602769,403315,2026-04-01,449.89,238.22,688.11
602770,403316,2026-03-31,724.45,579.66,1304.11
602771,403317,2026-04-04,432.16,444.95,877.11
602772,403318,2026-04-04,612.1,238.33,850.43
602773,403319,2026-03-30,480.58,1020.4,1500.98
602774,403320,2026-04-09,386.91,532.11,919.02
602775,403321,2026-03-30,765.96,343.69,1109.65
602776,403324,2026-04-03,405.5,221.49,626.99
602777,403325,2026-04-12,647.06,860.05,1507.11
602778,403327,2026-04-09,193.44,1054.44,1247.88
602779,403328,2026-04-05,290.12,114.05,404.17
602780,403329,2026-04-01,310.2,201.87,512.07
602781,403330,2026-04-12,820.17,851.3,1671.47
602782,403331,2026-04-06,340.33,529.79,870.12
602783,403333,2026-04-07,158.64,187.76,346.4
602784,403335,2026-04-04,183.28,555.61,738.89
602785,403338,2026-04-14,535.2,140.07,675.27
602786,403339,2026-04-13,517.87,219.99,737.86
602787,403340,2026-04-12,699.56,692.48,1392.04
602788,403341,2026-04-02,199.34,731.27,930.61
602789,403342,2026-04-13,810.77,5.34,816.11
602790,403343,2026-04-14,736.55,611.48,1348.03
602791,403345,2026-04-06,173.72,165.88,339.6
602792,403346,2026-04-07,442.84,1149.35,1592.19
602793,403347,2026-04-15,246.16,172.76,418.92
602794,403348,2026-04-08,536.3,455.08,991.38
602795,403350,2026-04-12,89.28,188.24,277.52
602796,403351,2026-04-14,766.8,120.8,887.6
602797,403352,2026-04-07,732.83,1181.17,1914.0
602798,403354,2026-04-12,501.59,800.88,1302.47
602799,403355,2026-04-13,714.24,147.23,861.47
602800,403356,2026-04-10,662.28,479.97,1142.25
602801,403357,2026-04-09,769.32,576.87,1346.19
602802,403358,2026-04-12,718.82,310.11,1028.93
602803,403359,2026-04-10,419.05,709.93,1128.98
602804,403360,2026-04-06,681.36,705.26,1386.62
602805,403364,2026-04-17,788.0,768.8,1556.8
602806,403365,2026-04-07,440.41,566.51,1006.92
602807,403366,2026-04-07,255.6,73.58,329.18
602808,403367,2026-04-07,300.36,1034.69,1335.05
602809,403369,2026-04-11,140.11,63.54,203.65
602810,403370,2026-04-14,290.78,550.33,841.11
602811,403371,2026-04-17,194.91,1044.12,1239.03
602812,403372,2026-04-09,789.58,1097.41,1886.99
602813,403374,2026-04-11,386.3,828.72,1215.02
602814,403376,2026-04-14,821.67,398.12,1219.79
602815,403377,2026-04-08,408.08,480.97,889.05
602816,403378,2026-04-15,91.03,416.39,507.42
602817,403380,2026-04-16,152.46,493.98,646.44
602818,403381,2026-04-16,541.92,736.65,1278.57
602819,403382,2026-04-16,754.44,237.38,991.82
602820,403383,2026-04-18,285.23,29.76,314.99
602821,403384,2026-04-17,132.24,861.07,993.31
602822,403385,2026-04-08,588.84,652.82,1241.66
602823,403386,2026-04-12,646.65,650.38,1297.03
602824,403387,2026-04-16,454.78,996.1,1450.88
602825,403389,2026-04-11,612.99,277.5,890.49
602826,403390,2026-04-10,610.02,5.35,615.37
602827,403391,2026-04-14,536.33,172.06,708.39
602828,403392,2026-04-18,118.51,170.5,289.01
602829,403393,2026-04-17,237.17,876.3,1113.47
602830,403394,2026-04-21,707.58,432.06,1139.64
602831,403395,2026-04-22,96.38,610.05,706.43
602832,403396,2026-04-11,708.31,612.56,1320.87
602833,403397,2026-04-19,237.69,569.19,806.88
602834,403398,2026-04-14,801.58,262.76,1064.34
602835,403399,2026-04-15,628.76,380.08,1008.84
602836,403400,2026-04-15,146.28,862.25,1008.53
602837,403401,2026-04-11,241.34,356.15,597.49
602838,403402,2026-04-22,612.75,457.07,1069.82
602839,403403,2026-04-14,161.7,101.52,263.22
602840,403404,2026-04-14,799.05,807.23,1606.28
602841,403405,2026-04-21,253.26,126.21,379.47
602842,403406,2026-04-23,150.64,245.0,395.64
602843,403407,2026-04-18,616.66,632.0,1248.66
602844,403408,2026-04-12,476.85,152.94,629.79
602845,403409,2026-04-21,332.5,191.51,524.01
602846,403410,2026-04-19,624.29,958.82,1583.11
602847,403411,2026-04-12,374.45,760.66,1135.11
602848,403412,2026-04-14,834.85,253.33,1088.18
602849,403413,2026-04-18,468.51,703.72,1172.23
602850,403414,2026-04-14,555.37,98.97,654.34
602851,403415,2026-04-24,677.76,881.83,1559.59
602852,403416,2026-04-13,593.48,220.04,813.52
602853,403417,2026-04-16,233.97,871.68,1105.65
602854,403418,2026-04-24,637.04,130.72,767.76
602855,403419,2026-04-15,816.16,278.42,1094.58
602856,403421,2026-04-17,392.91,282.98,675.89
602857,403422,2026-04-19,357.63,930.66,1288.29
602858,403423,2026-04-26,699.13,374.67,1073.8
602859,403424,2026-04-25,211.14,330.16,541.3
602860,403425,2026-04-14,247.14,683.53,930.67
602861,403426,2026-04-24,736.95,721.45,1458.4
602862,403428,2026-04-16,267.61,314.44,582.05
602863,403429,2026-04-27,697.98,194.01,891.99
602864,403430,2026-04-19,188.44,441.0,629.44
602865,403431,2026-04-25,423.39,960.42,1383.81
602866,403432,2026-04-18,149.98,597.67,747.65
602867,403433,2026-04-16,399.66,586.75,986.41
602868,403434,2026-04-18,431.47,44.08,475.55
602869,403438,2026-04-17,783.08,753.93,1537.01
602870,403439,2026-04-22,274.66,301.81,576.47
602871,403440,2026-04-21,700.83,1138.56,1839.39
602872,403441,2026-04-27,818.29,717.2,1535.49
602873,403443,2026-04-24,225.16,363.38,588.54
602874,403444,2026-04-25,125.65,597.76,723.41
602875,403445,2026-04-19,537.91,523.74,1061.65
602876,403446,2026-04-26,483.62,720.72,1204.34
602877,403448,2026-04-29,159.76,1116.25,1276.01
602878,403450,2026-04-20,754.46,95.61,850.07
602879,403451,2026-04-22,161.58,603.26,764.84
602880,403452,2026-04-26,421.22,403.85,825.07
602881,403455,2026-04-21,296.27,545.47,841.74
602882,403456,2026-04-19,473.41,835.06,1308.47
602883,403457,2026-04-29,550.09,263.87,813.96
602884,403458,2026-04-18,566.36,906.38,1472.74
602885,403459,2026-04-30,198.03,1031.18,1229.21
602886,403460,2026-04-21,674.97,216.96,891.93
602887,403461,2026-04-26,261.6,856.49,1118.09
602888,403463,2026-05-01,85.47,803.68,889.15
602889,403464,2026-04-25,172.82,423.51,596.33
602890,403465,2026-04-25,548.28,152.3,700.58
602891,403466,2026-05-01,109.88,1033.17,1143.05
602892,403467,2026-04-26,720.59,1055.76,1776.35
602893,403468,2026-05-02,385.53,740.46,1125.99
602894,403470,2026-04-21,243.25,529.74,772.99
602895,403471,2026-04-23,520.69,885.75,1406.44
602896,403472,2026-04-30,334.08,512.64,846.72
602897,403474,2026-05-02,536.65,441.72,978.37
602898,403475,2026-04-29,744.44,169.79,914.23
602899,403476,2026-04-26,725.71,764.48,1490.19
602900,403477,2026-04-21,176.84,1097.24,1274.08
602901,403478,2026-04-27,828.02,49.26,877.28
602902,403479,2026-04-24,749.89,404.13,1154.02
602903,403480,2026-05-03,546.61,224.04,770.65
602904,403482,2026-04-21,590.37,74.28,664.65
602905,403485,2026-05-05,792.5,1137.43,1929.93
602906,403486,2026-04-24,709.64,806.31,1515.95
602907,403487,2026-05-02,265.09,213.09,478.18
602908,403488,2026-04-24,250.81,310.39,561.2
602909,403490,2026-04-26,520.79,1164.3,1685.09
602910,403491,2026-05-04,273.42,232.35,505.77
602911,403492,2026-04-26,454.07,995.79,1449.86
602912,403493,2026-04-23,491.68,665.53,1157.21
602913,403495,2026-04-24,826.7,197.42,1024.12
602914,403497,2026-05-05,821.97,962.69,1784.66
602915,403498,2026-04-28,339.9,937.5,1277.4
602916,403499,2026-04-30,231.94,1145.04,1376.98
602917,403501,2026-05-07,775.58,595.06,1370.64
602918,403502,2026-04-29,454.61,479.45,934.06
602919,403503,2026-05-03,359.74,355.84,715.58
602920,403504,2026-05-05,169.72,569.05,738.77
602921,403505,2026-05-05,249.55,716.07,965.62
602922,403506,2026-05-03,245.95,196.08,442.03
602923,403507,2026-05-03,221.53,398.38,619.91
602924,403508,2026-04-27,537.6,284.14,821.74
602925,403509,2026-04-25,480.12,857.93,1338.05
602926,403510,2026-04-29,783.82,709.98,1493.8
602927,403511,2026-05-05,513.51,191.19,704.7
602928,403513,2026-05-08,327.05,565.32,892.37
602929,403514,2026-05-03,518.71,1046.23,1564.94
602930,403515,2026-04-28,263.02,597.23,860.25
602931,403518,2026-05-05,506.21,469.13,975.34
602932,403519,2026-04-26,239.44,664.0,903.44
602933,403520,2026-05-01,478.93,181.97,660.9
602934,403521,2026-05-09,200.62,675.01,875.63
602935,403522,2026-05-05,495.62,292.45,788.07
602936,403523,2026-05-03,347.13,1015.3,1362.43
602937,403524,2026-04-28,430.72,713.43,1144.15
602938,403525,2026-05-10,582.15,406.25,988.4
602939,403526,2026-05-05,204.51,778.92,983.43
602940,403527,2026-04-28,333.16,47.0,380.16
602941,403528,2026-05-09,302.84,315.98,618.82
602942,403529,2026-04-28,417.87,701.46,1119.33
602943,403530,2026-05-08,702.02,707.05,1409.07
602944,403531,2026-05-07,442.3,633.24,1075.54
602945,403532,2026-05-01,736.61,948.14,1684.75
602946,403533,2026-05-04,685.57,1033.42,1718.99
602947,403534,2026-05-04,577.69,1047.08,1624.77
602948,403535,2026-05-08,700.79,850.19,1550.98
602949,403536,2026-05-03,535.37,1058.18,1593.55
602950,403537,2026-05-05,514.06,1177.0,1691.06
602951,403540,2026-05-06,474.91,1058.57,1533.48
602952,403541,2026-05-04,348.69,912.34,1261.03
602953,403542,2026-04-30,506.88,269.36,776.24
602954,403543,2026-05-03,153.3,993.82,1147.12
602955,403544,2026-05-07,153.77,971.63,1125.4
602956,403545,2026-05-05,267.04,1094.54,1361.58
602957,403546,2026-05-01,289.01,76.22,365.23
602958,403548,2026-05-08,751.33,474.28,1225.61
602959,403550,2026-05-14,419.7,782.81,1202.51
602960,403551,2026-05-02,813.09,826.44,1639.53
602961,403552,2026-05-11,733.4,460.44,1193.84
602962,403553,2026-05-06,741.15,218.11,959.26
602963,403554,2026-05-02,260.05,8.29,268.34
602964,403555,2026-05-02,536.2,256.36,792.56
602965,403556,2026-05-06,496.63,1058.77,1555.4
602966,403557,2026-05-05,824.83,441.75,1266.58
602967,403559,2026-05-04,516.76,233.99,750.75
602968,403560,2026-05-16,88.75,499.58,588.33
602969,403561,2026-05-07,518.19,182.25,700.44
602970,403563,2026-05-16,83.77,723.57,807.34
602971,403564,2026-05-05,711.31,873.37,1584.68
602972,403565,2026-05-17,505.29,463.09,968.38
602973,403566,2026-05-06,154.14,925.1,1079.24
602974,403567,2026-05-17,363.39,122.78,486.17
602975,403568,2026-05-12,693.69,317.89,1011.58
602976,403569,2026-05-04,321.88,1122.61,1444.49
602977,403570,2026-05-17,228.21,662.56,890.77
602978,403572,2026-05-06,846.1,782.1,1628.2
602979,403573,2026-05-08,585.62,615.45,1201.07
602980,403574,2026-05-07,110.18,139.42,249.6
602981,403575,2026-05-16,667.03,1007.26,1674.29
602982,403576,2026-05-05,89.55,820.69,910.24
602983,403577,2026-05-14,192.06,99.86,291.92
602984,403578,2026-05-10,370.09,1042.39,1412.48
602985,403579,2026-05-08,291.98,533.58,825.56
602986,403580,2026-05-06,218.87,850.19,1069.06
602987,403581,2026-05-08,505.09,886.61,1391.7
602988,403582,2026-05-07,671.99,881.08,1553.07
602989,403583,2026-05-19,628.01,366.38,994.39
602990,403584,2026-05-08,563.21,375.92,939.13
602991,403585,2026-05-13,523.61,941.6,1465.21
602992,403586,2026-05-17,529.55,159.08,688.63
602993,403587,2026-05-10,111.35,978.9,1090.25
602994,403588,2026-05-18,796.13,1195.63,1991.76
602995,403589,2026-05-18,666.54,185.56,852.1
602996,403590,2026-05-13,110.57,452.08,562.65
602997,403592,2026-05-17,337.22,293.88,631.1
602998,403593,2026-05-12,339.38,128.39,467.77
602999,403594,2026-05-20,486.55,236.8,723.35
603000,403596,2026-05-10,777.64,185.21,962.85
603001,403598,2026-05-20,342.36,863.15,1205.51
603002,403599,2026-05-09,280.37,402.98,683.35
603003,403600,2026-05-10,136.39,749.51,885.9
603004,403601,2026-05-10,309.54,375.37,684.91
603005,403602,2026-05-14,756.48,271.85,1028.33
603006,403603,2026-05-13,442.5,655.19,1097.69
603007,403604,2026-05-22,309.54,553.53,863.07
603008,403605,2026-05-16,817.43,123.37,940.8
603009,403606,2026-05-13,712.17,953.98,1666.15
603010,403607,2026-05-11,823.74,703.3,1527.04
603011,403608,2026-05-21,504.86,919.82,1424.68
603012,403609,2026-05-11,552.03,670.99,1223.02
603013,403610,2026-05-11,192.37,882.67,1075.04
603014,403611,2026-05-21,543.47,217.7,761.17
603015,403612,2026-05-20,197.34,766.06,963.4
603016,403614,2026-05-21,416.01,250.63,666.64
603017,403615,2026-05-11,413.55,141.02,554.57
603018,403616,2026-05-20,830.24,466.24,1296.48
603019,403618,2026-05-17,494.79,999.2,1493.99
603020,403619,2026-05-24,409.11,557.39,966.5
603021,403620,2026-05-18,684.46,741.14,1425.6
603022,403621,2026-05-24,601.45,535.63,1137.08
603023,403623,2026-05-16,212.16,109.44,321.6
603024,403624,2026-05-25,568.14,864.32,1432.46
603025,403625,2026-05-12,484.65,406.8,891.45
603026,403626,2026-05-14,828.24,504.35,1332.59
603027,403627,2026-05-21,194.84,484.25,679.09
603028,403628,2026-05-20,364.91,31.99,396.9
603029,403630,2026-05-18,296.94,483.51,780.45
603030,403631,2026-05-16,686.36,460.75,1147.11
603031,403632,2026-05-14,265.43,335.87,601.3
603032,403633,2026-05-13,324.68,142.28,466.96
603033,403634,2026-05-25,494.25,944.31,1438.56
603034,403635,2026-05-24,366.4,84.84,451.24
603035,403636,2026-05-19,658.07,696.81,1354.88
603036,403637,2026-05-13,185.46,650.55,836.01
603037,403638,2026-05-19,374.06,1196.6,1570.66
603038,403639,2026-05-23,346.53,849.78,1196.31
603039,403641,2026-05-26,462.34,429.56,891.9
603040,403644,2026-05-19,536.38,425.25,961.63
603041,403645,2026-05-19,793.19,1072.2,1865.39
603042,403647,2026-05-24,406.44,114.74,521.18
603043,403650,2026-05-18,701.79,386.9,1088.69
603044,403651,2026-05-19,412.35,898.6,1310.95
603045,403653,2026-05-24,219.91,974.03,1193.94
603046,403655,2026-05-25,272.78,841.02,1113.8
603047,403656,2026-05-17,258.52,576.21,834.73
603048,403657,2026-05-19,158.23,948.09,1106.32
603049,403658,2026-05-23,252.79,240.38,493.17
603050,403659,2026-05-19,696.59,695.11,1391.7
603051,403660,2026-05-24,595.92,34.08,630.0
603052,403661,2026-05-20,765.92,932.08,1698.0
603053,403662,2026-05-30,635.76,1023.59,1659.35
603054,403663,2026-05-24,694.75,688.87,1383.62
603055,403664,2026-05-18,750.68,563.21,1313.89
603056,403665,2026-05-23,359.4,513.06,872.46
603057,403666,2026-05-30,490.31,6.15,496.46
603058,403668,2026-05-22,297.88,388.49,686.37
603059,403670,2026-05-21,637.2,869.05,1506.25
603060,403671,2026-05-28,631.41,900.59,1532.0
603061,403672,2026-05-28,570.89,51.77,622.66
603062,403673,2026-05-21,504.64,395.61,900.25
603063,403674,2026-05-19,330.53,816.5,1147.03
603064,403675,2026-05-26,245.21,866.72,1111.93
603065,403677,2026-05-24,413.61,1016.64,1430.25
603066,403678,2026-05-24,182.39,379.53,561.92
603067,403679,2026-05-22,465.24,157.99,623.23
603068,403680,2026-05-22,406.81,7.5,414.31
603069,403681,2026-05-19,81.15,554.78,635.93
603070,403682,2026-05-21,231.58,913.81,1145.39
603071,403685,2026-06-01,816.09,756.92,1573.01
603072,403688,2026-05-21,186.19,404.04,590.23
603073,403689,2026-05-23,735.55,613.82,1349.37
603074,403690,2026-06-01,168.27,230.81,399.08
603075,403691,2026-05-25,534.11,340.09,874.2
603076,403692,2026-05-30,422.92,190.58,613.5
603077,403693,2026-05-22,138.56,648.83,787.39
603078,403694,2026-05-25,311.63,513.4,825.03
603079,403695,2026-05-25,113.26,820.64,933.9
603080,403696,2026-05-31,403.06,390.05,793.11
603081,403697,2026-05-23,448.34,1188.16,1636.5
603082,403698,2026-05-25,657.96,668.7,1326.66
603083,403699,2026-05-30,509.11,311.07,820.18
603084,403700,2026-05-28,156.36,275.46,431.82
603085,403702,2026-05-31,288.6,886.11,1174.71
603086,403704,2026-05-26,322.41,254.35,576.76
603087,403705,2026-05-24,841.44,1177.02,2018.46
603088,403706,2026-05-25,102.8,384.81,487.61
603089,403707,2026-05-31,264.56,382.61,647.17
603090,403708,2026-06-04,689.19,308.06,997.25
603091,403709,2026-05-29,704.67,761.75,1466.42
603092,403710,2026-05-25,179.38,1047.79,1227.17
603093,403711,2026-05-24,134.14,1021.46,1155.6
603094,403712,2026-05-23,154.29,1062.2,1216.49
603095,403713,2026-06-01,766.6,1061.3,1827.9
603096,403714,2026-06-05,318.04,464.3,782.34
603097,403716,2026-05-31,250.2,772.27,1022.47
603098,403717,2026-06-06,736.27,307.18,1043.45
603099,403718,2026-06-04,693.12,617.59,1310.71
603100,403720,2026-05-25,212.11,343.57,555.68
603101,403721,2026-06-06,357.09,1006.78,1363.87
603102,403722,2026-05-28,449.76,739.18,1188.94
603103,403723,2026-06-06,464.57,510.33,974.9
603104,403724,2026-05-27,176.59,501.52,678.11
603105,403725,2026-05-29,820.43,509.44,1329.87
603106,403726,2026-05-27,747.03,495.46,1242.49
603107,403727,2026-05-29,456.42,59.57,515.99
603108,403728,2026-06-08,469.25,191.16,660.41
603109,403730,2026-05-28,410.53,606.68,1017.21
603110,403731,2026-05-28,711.68,391.47,1103.15
603111,403732,2026-05-26,700.15,358.47,1058.62
603112,403733,2026-06-05,521.31,842.43,1363.74
603113,403734,2026-06-03,406.14,866.56,1272.7
603114,403735,2026-05-27,762.43,25.64,788.07
603115,403736,2026-05-29,554.31,1176.78,1731.09
603116,403737,2026-06-05,427.69,1119.69,1547.38
603117,403738,2026-06-07,131.07,983.56,1114.63
603118,403739,2026-06-07,531.48,878.47,1409.95
603119,403740,2026-05-28,186.94,1005.13,1192.07
603120,403741,2026-05-29,342.92,375.56,718.48
603121,403742,2026-06-04,297.14,292.01,589.15
603122,403743,2026-06-09,251.67,149.96,401.63
603123,403744,2026-06-02,688.73,284.06,972.79
603124,403745,2026-06-07,172.68,565.96,738.64
603125,403747,2026-06-06,232.33,30.58,262.91
603126,403748,2026-06-08,605.58,94.86,700.44
603127,403749,2026-06-06,83.56,171.17,254.73
603128,403750,2026-06-09,473.69,612.79,1086.48
603129,403751,2026-05-30,660.99,967.25,1628.24
603130,403752,2026-06-08,574.86,66.81,641.67
603131,403753,2026-05-28,619.04,0.68,619.72
603132,403754,2026-06-02,101.49,1061.59,1163.08
603133,403755,2026-06-11,777.73,411.68,1189.41
603134,403756,2026-06-09,380.61,672.76,1053.37
603135,403757,2026-06-05,116.93,766.11,883.04
603136,403758,2026-05-30,177.9,978.2,1156.1
603137,403759,2026-05-29,471.04,673.82,1144.86
603138,403761,2026-06-10,174.18,915.02,1089.2
603139,403762,2026-06-04,290.95,61.91,352.86
603140,403763,2026-05-31,775.08,307.65,1082.73
603141,403764,2026-05-31,456.57,834.59,1291.16
603142,403765,2026-06-10,562.19,1006.78,1568.97
603143,403766,2026-06-04,555.22,997.19,1552.41
603144,403767,2026-05-30,378.15,371.47,749.62
603145,403769,2026-06-11,514.35,456.82,971.17
603146,403770,2026-06-12,519.41,1119.82,1639.23
603147,403771,2026-06-02,530.68,610.36,1141.04
603148,403773,2026-06-09,574.11,420.96,995.07
603149,403774,2026-06-08,727.44,148.76,876.2
603150,403775,2026-06-01,498.73,781.92,1280.65
603151,403776,2026-06-12,424.69,131.26,555.95
603152,403777,2026-06-06,249.89,153.07,402.96
603153,403779,2026-06-06,829.34,904.46,1733.8
603154,403780,2026-06-09,253.34,215.83,469.17
603155,403781,2026-06-02,841.76,1173.14,2014.9
603156,403782,2026-06-06,421.83,743.79,1165.62
603157,403783,2026-06-05,185.91,777.46,963.37
603158,403784,2026-06-02,75.59,746.37,821.96
603159,403785,2026-06-12,749.7,1193.64,1943.34
603160,403786,2026-06-14,780.2,998.57,1778.77
603161,403787,2026-06-14,755.84,958.65,1714.49
603162,403788,2026-06-06,291.49,625.11,916.6
603163,403789,2026-06-03,733.98,171.58,905.56
603164,403790,2026-06-12,640.64,819.54,1460.18
603165,403791,2026-06-06,630.6,919.04,1549.64
603166,403792,2026-06-09,148.89,171.67,320.56
603167,403793,2026-06-15,137.84,487.69,625.53
603168,403794,2026-06-02,650.24,819.62,1469.86
603169,403795,2026-06-03,763.11,577.28,1340.39
603170,403796,2026-06-03,375.4,421.46,796.86
603171,403798,2026-06-08,722.43,109.8,832.23
603172,403799,2026-06-07,331.25,337.56,668.81
603173,403800,2026-06-13,506.2,405.88,912.08
603174,403802,2026-06-16,474.84,622.76,1097.6
603175,403803,2026-06-03,94.63,923.11,1017.74
603176,403804,2026-06-04,358.23,1039.67,1397.9
603177,403807,2026-06-04,752.71,621.32,1374.03
603178,403808,2026-06-08,760.84,1139.86,1900.7
603179,403809,2026-06-11,308.62,139.41,448.03
603180,403811,2026-06-08,375.33,72.5,447.83
603181,403812,2026-06-10,167.58,1040.81,1208.39
603182,403813,2026-06-18,496.15,418.6,914.75
603183,403814,2026-06-18,319.1,708.98,1028.08
603184,403815,2026-06-09,138.15,65.69,203.84
603185,403816,2026-06-18,119.2,880.42,999.62
603186,403817,2026-06-06,527.61,634.35,1161.96
603187,403818,2026-06-13,616.89,1141.64,1758.53
603188,403819,2026-06-19,795.79,651.64,1447.43
603189,403820,2026-06-17,715.89,872.73,1588.62
603190,403821,2026-06-09,503.35,716.83,1220.18
603191,403823,2026-06-14,196.83,701.58,898.41
603192,403824,2026-06-13,681.73,635.94,1317.67
603193,403825,2026-06-08,278.86,779.47,1058.33
603194,403826,2026-06-07,557.01,1093.01,1650.02
603195,403827,2026-06-15,130.12,943.91,1074.03
603196,403828,2026-06-15,155.29,487.72,643.01
603197,403829,2026-06-14,318.59,859.76,1178.35
603198,403830,2026-06-21,436.99,120.68,557.67
603199,403832,2026-06-19,712.85,68.25,781.1
603200,403835,2026-06-14,151.21,394.55,545.76
603201,403836,2026-06-14,417.88,310.79,728.67
603202,403837,2026-06-09,93.35,409.11,502.46
603203,403838,2026-06-21,685.86,1191.41,1877.27
603204,403839,2026-06-22,158.97,120.27,279.24
603205,403840,2026-06-19,580.27,433.71,1013.98
603206,403841,2026-06-14,816.9,917.16,1734.06
603207,403843,2026-06-17,258.21,75.67,333.88
603208,403844,2026-06-10,571.59,81.49,653.08
603209,403846,2026-06-13,235.61,696.92,932.53
603210,403847,2026-06-15,730.32,378.43,1108.75
603211,403849,2026-06-17,356.43,1013.01,1369.44
603212,403850,2026-06-10,813.74,737.46,1551.2
603213,403851,2026-06-12,571.49,1176.66,1748.15
603214,403852,2026-06-20,372.93,390.0,762.93
603215,403854,2026-06-13,570.59,525.58,1096.17
603216,403855,2026-06-23,606.58,939.5,1546.08
603217,403856,2026-06-20,514.2,830.74,1344.94
603218,403857,2026-06-14,734.77,999.04,1733.81
603219,403858,2026-06-17,746.52,60.14,806.66
603220,403859,2026-06-12,483.96,720.09,1204.05
603221,403860,2026-06-17,104.96,200.38,305.34
603222,403861,2026-06-20,114.26,191.37,305.63
603223,403862,2026-06-17,244.88,664.35,909.23
603224,403863,2026-06-23,587.0,137.6,724.6
603225,403864,2026-06-16,256.72,835.52,1092.24
603226,403865,2026-06-24,800.85,418.28,1219.13
603227,403869,2026-06-23,601.84,641.05,1242.89
603228,403870,2026-06-17,566.7,910.84,1477.54
603229,403871,2026-06-15,630.48,307.54,938.02
603230,403872,2026-06-23,803.92,726.11,1530.03
603231,403876,2026-06-27,135.37,809.33,944.7
603232,403877,2026-06-16,449.7,136.1,585.8
603233,403878,2026-06-23,529.91,579.34,1109.25
603234,403880,2026-06-21,133.31,1028.16,1161.47
603235,403881,2026-06-25,669.8,369.73,1039.53
603236,403882,2026-06-22,434.09,1142.2,1576.29
603237,403884,2026-06-19,748.53,399.39,1147.92
603238,403885,2026-06-15,780.44,1187.91,1968.35
603239,403886,2026-06-20,692.85,846.05,1538.9
603240,403887,2026-06-18,220.21,20.85,241.06
603241,403889,2026-06-21,713.06,481.26,1194.32
603242,403890,2026-06-25,120.07,584.8,704.87
603243,403892,2026-06-17,849.28,825.39,1674.67
603244,403893,2026-06-16,162.56,1159.99,1322.55
603245,403895,2026-06-29,208.11,408.1,616.21
603246,403896,2026-06-20,699.38,893.4,1592.78
603247,403897,2026-06-25,183.4,916.33,1099.73
603248,403898,2026-06-25,688.13,871.76,1559.89
603249,403899,2026-06-18,253.35,1197.95,1451.3
603250,403900,2026-06-26,670.14,941.61,1611.75
603251,403902,2026-06-24,666.38,72.83,739.21
603252,403903,2026-06-19,148.31,352.85,501.16
603253,403904,2026-06-26,632.18,952.79,1584.97
603254,403905,2026-06-17,776.02,248.46,1024.48
603255,403906,2026-06-17,731.2,130.1,861.3
603256,403907,2026-06-23,109.53,839.41,948.94
603257,403908,2026-06-29,549.37,134.06,683.43
603258,403909,2026-06-25,525.71,190.02,715.73
603259,403910,2026-06-20,711.1,82.36,793.46
603260,403913,2026-06-28,704.55,698.45,1403.0
603261,403914,2026-06-18,405.73,633.25,1038.98
603262,403916,2026-06-26,148.75,882.19,1030.94
603263,403918,2026-06-19,270.53,498.69,769.22
603264,403919,2026-06-23,472.85,105.0,577.85
603265,403920,2026-06-28,262.91,761.04,1023.95
603266,403921,2026-06-21,446.12,1123.88,1570.0
603267,403923,2026-06-24,837.9,1131.04,1968.94
603268,403924,2026-06-20,319.74,304.65,624.39
603269,403925,2026-06-23,717.22,667.2,1384.42
603270,403926,2026-06-23,679.2,1167.21,1846.41
603271,403927,2026-06-25,781.12,369.36,1150.48
603272,403928,2026-06-26,121.06,132.38,253.44
603273,403929,2026-06-26,206.2,622.68,828.88
603274,403930,2026-06-30,344.2,766.37,1110.57
603275,403931,2026-07-01,732.67,627.76,1360.43
603276,403932,2026-06-21,708.61,456.69,1165.3
603277,403933,2026-06-25,838.71,212.76,1051.47
603278,403934,2026-07-02,566.33,1038.73,1605.06
603279,403935,2026-06-25,665.05,44.38,709.43
603280,403936,2026-06-27,114.93,792.59,907.52
603281,403937,2026-06-27,431.68,457.58,889.26
603282,403938,2026-07-05,676.65,809.05,1485.7
603283,403941,2026-07-02,295.13,339.82,634.95
603284,403942,2026-06-26,807.72,654.29,1462.01
603285,403943,2026-07-01,422.52,252.47,674.99
603286,403944,2026-07-02,609.56,842.23,1451.79
603287,403945,2026-06-25,751.55,343.81,1095.36
603288,403946,2026-06-28,317.7,783.02,1100.72
603289,403947,2026-06-25,710.24,245.88,956.12
603290,403948,2026-06-24,789.99,669.18,1459.17
603291,403950,2026-06-27,283.46,1176.66,1460.12
603292,403951,2026-06-25,730.66,1045.18,1775.84
603293,403953,2026-06-24,372.1,1.95,374.05
603294,403954,2026-06-26,660.11,157.88,817.99
603295,403955,2026-07-07,201.9,986.7,1188.6
603296,403956,2026-06-30,593.17,742.6,1335.77
603297,403957,2026-07-02,164.85,115.83,280.68
603298,403958,2026-06-29,759.6,688.4,1448.0
603299,403959,2026-06-27,337.51,118.99,456.5
603300,403960,2026-07-04,183.92,556.58,740.5
603301,403961,2026-07-07,251.33,1170.6,1421.93
603302,403963,2026-06-26,508.12,306.94,815.06
603303,403964,2026-07-09,124.14,957.16,1081.3
603304,403965,2026-06-29,444.45,549.75,994.2
603305,403966,2026-06-30,276.25,533.87,810.12
603306,403967,2026-07-05,791.0,1110.07,1901.07
603307,403968,2026-07-07,99.45,193.04,292.49
603308,403969,2026-06-27,762.26,961.01,1723.27
603309,403970,2026-07-01,649.86,865.92,1515.78
603310,403971,2026-07-09,650.01,322.29,972.3
603311,403972,2026-06-27,557.93,128.26,686.19
603312,403973,2026-07-03,483.31,27.08,510.39
603313,403975,2026-07-07,450.66,556.27,1006.93
603314,403976,2026-07-09,91.67,402.76,494.43
603315,403977,2026-07-09,296.66,736.74,1033.4
603316,403978,2026-07-02,344.09,232.73,576.82
603317,403979,2026-07-05,463.36,888.03,1351.39
603318,403982,2026-07-05,326.83,1173.65,1500.48
603319,403983,2026-06-29,707.67,1041.89,1749.56
603320,403984,2026-07-10,99.63,158.51,258.14
603321,403985,2026-07-06,123.37,88.15,211.52
603322,403986,2026-07-01,666.08,858.31,1524.39
603323,403987,2026-07-10,808.28,665.51,1473.79
603324,403988,2026-07-11,662.92,741.38,1404.3
603325,403990,2026-07-01,529.92,629.79,1159.71
603326,403991,2026-07-05,565.45,261.54,826.99
603327,403992,2026-07-04,111.62,735.56,847.18
603328,403993,2026-07-13,373.92,100.23,474.15
603329,403994,2026-07-02,269.36,815.0,1084.36
603330,403995,2026-07-02,455.8,281.33,737.13
603331,403996,2026-07-10,697.54,76.07,773.61
603332,403997,2026-07-05,379.34,572.27,951.61
603333,403998,2026-07-11,166.3,718.28,884.58
