assignment_id,work_order_id,technician_id,assigned_timestamp
1,400001,26,2025-01-01 03:52:47
2,400002,27,2025-01-01 08:19:48
3,400003,50,2025-01-01 12:47:32
4,400004,52,2025-01-01 14:25:28
5,400005,63,2025-01-01 19:08:28
6,400006,25,2025-01-02 03:35:12
7,400007,68,2025-01-02 03:57:09
8,400008,49,2025-01-02 05:00:10
9,400009,48,2025-01-02 08:19:20
10,400010,13,2025-01-02 15:10:16
11,400011,16,2025-01-02 19:56:45
12,400012,3,2025-01-03 06:12:32
13,400013,63,2025-01-03 12:29:05
14,400014,10,2025-01-03 19:08:49
15,400015,7,2025-01-03 20:49:36
16,400016,35,2025-01-04 00:47:28
17,400017,13,2025-01-04 05:34:28
18,400018,26,2025-01-04 12:51:26
19,400019,35,2025-01-04 10:46:19
20,400020,8,2025-01-04 12:55:52
21,400021,35,2025-01-04 15:57:14
22,400022,77,2025-01-05 01:18:19
23,400023,43,2025-01-04 22:18:17
24,400024,32,2025-01-05 03:28:11
25,400025,41,2025-01-05 03:32:23
26,400026,7,2025-01-05 08:23:42
27,400027,43,2025-01-05 09:43:38
28,400028,33,2025-01-05 14:22:01
29,400029,24,2025-01-05 13:16:09
30,400030,38,2025-01-05 15:16:23
31,400031,23,2025-01-05 18:03:51
32,400032,52,2025-01-06 06:22:28
33,400033,14,2025-01-06 14:30:08
34,400034,37,2025-01-06 15:21:12
35,400035,36,2025-01-06 15:35:22
36,400036,8,2025-01-06 20:12:53
37,400037,79,2025-01-06 17:37:46
38,400038,4,2025-01-06 18:15:29
39,400039,51,2025-01-06 21:00:48
40,400040,50,2025-01-06 23:24:08
41,400041,73,2025-01-07 14:49:36
42,400042,10,2025-01-07 09:15:27
43,400043,12,2025-01-07 12:14:01
44,400044,52,2025-01-07 16:10:07
45,400045,11,2025-01-07 16:35:06
46,400046,7,2025-01-07 16:05:40
47,400047,49,2025-01-08 01:53:24
48,400048,11,2025-01-08 01:54:06
49,400049,16,2025-01-08 09:01:51
50,400050,69,2025-01-08 12:41:49
51,400051,70,2025-01-08 12:06:40
52,400052,15,2025-01-08 14:00:36
53,400053,57,2025-01-08 15:48:53
54,400054,15,2025-01-08 18:27:07
55,400055,50,2025-01-09 06:16:51
56,400056,59,2025-01-09 13:46:44
57,400057,62,2025-01-09 21:29:06
58,400058,28,2025-01-09 22:37:43
59,400059,2,2025-01-10 05:11:57
60,400060,24,2025-01-10 06:43:58
61,400061,33,2025-01-10 11:36:54
62,400062,45,2025-01-10 10:58:57
63,400063,71,2025-01-10 17:59:41
64,400064,69,2025-01-11 00:15:24
65,400065,46,2025-01-11 00:40:17
66,400066,26,2025-01-10 23:57:21
67,400067,36,2025-01-11 06:23:31
68,400068,37,2025-01-11 10:15:26
69,400069,55,2025-01-11 14:14:48
70,400070,54,2025-01-11 14:22:10
71,400071,76,2025-01-11 16:39:50
72,400072,43,2025-01-11 17:17:57
73,400073,49,2025-01-11 20:37:59
74,400074,3,2025-01-11 21:22:44
75,400075,10,2025-01-11 22:43:24
76,400076,19,2025-01-12 08:38:38
77,400077,78,2025-01-12 06:56:04
78,400078,34,2025-01-12 09:05:28
79,400079,9,2025-01-12 10:25:16
80,400080,5,2025-01-12 21:07:30
81,400081,8,2025-01-12 21:18:53
82,400082,7,2025-01-13 00:20:52
83,400083,13,2025-01-12 21:10:21
84,400084,18,2025-01-13 02:06:21
85,400085,13,2025-01-13 01:05:20
86,400086,54,2025-01-13 00:29:04
87,400087,24,2025-01-13 03:25:10
88,400088,12,2025-01-13 09:10:07
89,400089,36,2025-01-13 07:08:53
90,400090,54,2025-01-13 19:25:35
91,400091,19,2025-01-13 21:02:51
92,400092,32,2025-01-13 22:10:59
93,400093,46,2025-01-14 06:15:52
94,400094,31,2025-01-14 03:55:36
95,400095,7,2025-01-14 07:26:51
96,400096,35,2025-01-14 21:35:17
97,400097,29,2025-01-15 02:32:12
98,400098,48,2025-01-15 02:02:12
99,400099,76,2025-01-15 07:36:48
100,400100,26,2025-01-15 06:27:24
101,400101,2,2025-01-15 07:30:43
102,400102,10,2025-01-15 10:23:22
103,400103,63,2025-01-15 11:21:06
104,400104,67,2025-01-15 18:51:34
105,400105,7,2025-01-16 02:30:28
106,400106,37,2025-01-16 05:11:10
107,400107,59,2025-01-16 10:19:43
108,400108,46,2025-01-16 11:47:24
109,400109,3,2025-01-16 15:22:02
110,400110,26,2025-01-16 17:03:14
111,400111,16,2025-01-16 20:22:26
112,400112,76,2025-01-16 23:20:48
113,400113,76,2025-01-16 23:36:38
114,400114,20,2025-01-17 01:18:17
115,400115,13,2025-01-17 05:06:30
116,400116,62,2025-01-17 12:47:23
117,400117,35,2025-01-17 12:39:15
118,400118,22,2025-01-17 11:33:23
119,400119,49,2025-01-17 14:37:15
120,400120,32,2025-01-17 17:26:03
121,400121,1,2025-01-17 15:37:50
122,400122,46,2025-01-17 18:40:33
123,400123,12,2025-01-18 05:06:40
124,400124,19,2025-01-18 08:40:25
125,400125,61,2025-01-18 07:45:57
126,400126,74,2025-01-18 08:03:50
127,400127,19,2025-01-18 13:23:22
128,400128,2,2025-01-18 18:41:11
129,400129,49,2025-01-19 02:34:09
130,400130,36,2025-01-19 10:25:13
131,400131,51,2025-01-19 12:35:20
132,400132,60,2025-01-19 12:39:34
133,400133,14,2025-01-19 18:01:17
134,400134,73,2025-01-19 17:33:50
135,400135,50,2025-01-19 23:04:06
136,400136,59,2025-01-20 03:26:17
137,400137,42,2025-01-19 23:08:29
138,400138,6,2025-01-20 02:02:07
139,400139,61,2025-01-20 04:48:53
140,400140,63,2025-01-20 07:54:42
141,400141,14,2025-01-20 12:02:06
142,400142,77,2025-01-20 13:29:36
143,400143,80,2025-01-21 00:09:32
144,400144,32,2025-01-21 03:41:14
145,400145,9,2025-01-21 03:15:34
146,400146,24,2025-01-21 07:26:11
147,400147,66,2025-01-21 06:28:13
148,400148,42,2025-01-21 12:26:48
149,400149,75,2025-01-21 14:01:44
150,400150,1,2025-01-21 13:11:44
151,400151,14,2025-01-21 13:45:16
152,400152,15,2025-01-21 15:34:19
153,400153,2,2025-01-21 20:10:04
154,400154,62,2025-01-21 23:15:08
155,400155,38,2025-01-22 05:21:39
156,400156,53,2025-01-22 07:58:48
157,400157,39,2025-01-22 06:54:53
158,400158,20,2025-01-22 13:22:23
159,400159,70,2025-01-22 13:10:03
160,400160,60,2025-01-22 17:31:05
161,400161,73,2025-01-22 18:39:33
162,400162,76,2025-01-22 21:22:49
163,400163,62,2025-01-22 23:17:05
164,400164,4,2025-01-23 10:43:14
165,400165,52,2025-01-23 09:15:07
166,400166,63,2025-01-23 16:32:19
167,400167,41,2025-01-23 13:17:17
168,400168,31,2025-01-23 16:40:43
169,400169,46,2025-01-23 16:32:29
170,400170,16,2025-01-23 20:32:11
171,400171,39,2025-01-24 01:59:56
172,400172,13,2025-01-24 05:17:20
173,400173,25,2025-01-24 06:19:45
174,400174,13,2025-01-24 09:40:34
175,400175,70,2025-01-24 12:40:14
176,400176,74,2025-01-24 19:05:01
177,400177,11,2025-01-24 15:05:17
178,400178,8,2025-01-25 00:06:16
179,400179,18,2025-01-25 02:11:36
180,400180,74,2025-01-25 02:31:45
181,400181,75,2025-01-25 05:35:08
182,400182,72,2025-01-25 07:06:32
183,400183,48,2025-01-25 06:14:30
184,400184,9,2025-01-25 05:55:21
185,400185,5,2025-01-25 14:16:51
186,400186,79,2025-01-25 12:36:14
187,400187,20,2025-01-25 16:03:28
188,400188,66,2025-01-26 03:58:54
189,400189,28,2025-01-26 04:20:23
190,400190,61,2025-01-26 07:40:45
191,400191,7,2025-01-26 12:49:02
192,400192,2,2025-01-26 17:40:08
193,400193,32,2025-01-26 22:14:02
194,400194,5,2025-01-26 20:00:49
195,400195,22,2025-01-27 08:54:52
196,400196,36,2025-01-27 09:37:30
197,400197,79,2025-01-27 11:45:41
198,400198,4,2025-01-27 13:03:17
199,400199,22,2025-01-28 01:59:38
200,400200,4,2025-01-28 02:06:56
201,400201,9,2025-01-28 07:15:45
202,400202,71,2025-01-28 03:24:22
203,400203,72,2025-01-28 07:42:20
204,400204,8,2025-01-28 05:33:50
205,400205,20,2025-01-28 07:38:59
206,400206,18,2025-01-28 10:52:34
207,400207,61,2025-01-28 14:57:36
208,400208,38,2025-01-28 18:46:56
209,400209,8,2025-01-28 21:12:05
210,400210,36,2025-01-29 04:38:58
211,400211,30,2025-01-29 06:10:07
212,400212,66,2025-01-29 10:59:31
213,400213,72,2025-01-29 14:49:43
214,400214,51,2025-01-29 20:21:13
215,400215,52,2025-01-30 03:50:29
216,400216,19,2025-01-30 10:54:34
217,400217,11,2025-01-30 10:26:41
218,400218,43,2025-01-30 11:39:10
219,400219,23,2025-01-30 14:36:08
220,400220,29,2025-01-30 20:43:17
221,400221,2,2025-01-30 22:13:34
222,400222,66,2025-01-31 01:29:24
223,400223,29,2025-01-31 05:04:15
224,400224,80,2025-01-31 06:11:54
225,400225,13,2025-01-31 11:46:47
226,400226,74,2025-01-31 12:40:58
227,400227,56,2025-01-31 18:31:42
228,400228,18,2025-01-31 16:13:30
229,400229,58,2025-01-31 18:02:39
230,400230,14,2025-01-31 21:08:07
231,400231,60,2025-01-31 23:02:31
232,400232,78,2025-01-31 23:19:02
233,400233,22,2025-01-31 20:14:36
234,400234,49,2025-01-31 22:34:30
235,400235,15,2025-02-01 00:50:49
236,400236,49,2025-02-01 08:52:29
237,400237,12,2025-02-01 18:19:20
238,400238,18,2025-02-01 22:52:43
239,400239,17,2025-02-01 20:45:58
240,400240,44,2025-02-02 04:11:45
241,400241,76,2025-02-02 11:21:26
242,400242,54,2025-02-02 13:22:46
243,400243,60,2025-02-02 13:33:52
244,400244,27,2025-02-02 14:20:55
245,400245,35,2025-02-02 20:54:22
246,400246,28,2025-02-02 18:18:28
247,400247,62,2025-02-03 00:53:15
248,400248,76,2025-02-02 23:49:17
249,400249,60,2025-02-03 06:37:01
250,400250,23,2025-02-03 20:04:32
251,400251,73,2025-02-04 00:26:40
252,400252,37,2025-02-04 00:29:15
253,400253,37,2025-02-04 02:52:36
254,400254,2,2025-02-04 07:08:46
255,400255,67,2025-02-04 07:09:59
256,400256,56,2025-02-04 20:52:43
257,400257,73,2025-02-04 19:30:31
258,400258,55,2025-02-05 04:42:22
259,400259,35,2025-02-05 06:05:55
260,400260,61,2025-02-05 19:13:16
261,400261,59,2025-02-06 05:04:41
262,400262,1,2025-02-06 02:47:46
263,400263,37,2025-02-06 03:15:31
264,400264,55,2025-02-06 05:06:26
265,400265,67,2025-02-06 04:14:07
266,400266,47,2025-02-06 08:36:45
267,400267,52,2025-02-06 08:58:31
268,400268,10,2025-02-06 10:55:49
269,400269,46,2025-02-06 12:11:32
270,400270,15,2025-02-06 20:20:10
271,400271,16,2025-02-06 23:04:58
272,400272,16,2025-02-07 03:40:54
273,400273,6,2025-02-07 07:35:07
274,400274,37,2025-02-07 08:05:36
275,400275,38,2025-02-07 11:11:47
276,400276,36,2025-02-07 12:14:18
277,400277,42,2025-02-07 22:47:40
278,400278,36,2025-02-07 23:58:59
279,400279,44,2025-02-08 03:31:47
280,400280,54,2025-02-08 06:12:03
281,400281,33,2025-02-08 11:08:31
282,400282,47,2025-02-08 12:45:27
283,400283,9,2025-02-08 16:10:38
284,400284,35,2025-02-08 15:47:17
285,400285,46,2025-02-08 20:10:10
286,400286,61,2025-02-09 00:18:26
287,400287,28,2025-02-09 01:13:59
288,400288,77,2025-02-09 06:05:55
289,400289,39,2025-02-09 14:20:51
290,400290,12,2025-02-09 15:02:22
291,400291,41,2025-02-09 14:30:33
292,400292,71,2025-02-09 20:38:59
293,400293,78,2025-02-09 19:56:58
294,400294,59,2025-02-10 01:17:12
295,400295,45,2025-02-10 04:09:19
296,400296,11,2025-02-10 07:46:43
297,400297,49,2025-02-10 08:01:59
298,400298,7,2025-02-10 11:15:42
299,400299,32,2025-02-10 11:43:50
300,400300,58,2025-02-10 20:14:53
301,400301,71,2025-02-11 01:08:37
302,400302,41,2025-02-11 02:55:21
303,400303,73,2025-02-11 09:23:50
304,400304,10,2025-02-11 08:37:29
305,400305,54,2025-02-11 11:54:15
306,400306,42,2025-02-11 14:59:39
307,400307,57,2025-02-12 01:11:42
308,400308,33,2025-02-12 12:56:40
309,400309,48,2025-02-12 21:54:53
310,400310,27,2025-02-13 02:32:31
311,400311,49,2025-02-13 09:17:46
312,400312,1,2025-02-13 10:00:58
313,400313,14,2025-02-13 15:39:30
314,400314,66,2025-02-13 17:31:19
315,400315,54,2025-02-13 19:05:54
316,400316,38,2025-02-13 18:26:27
317,400317,71,2025-02-13 20:03:50
318,400318,77,2025-02-14 07:38:28
319,400319,76,2025-02-14 09:11:28
320,400320,44,2025-02-14 08:41:38
321,400321,52,2025-02-14 10:49:58
322,400322,28,2025-02-14 22:56:39
323,400323,70,2025-02-15 00:06:12
324,400324,34,2025-02-15 06:47:42
325,400325,46,2025-02-15 15:49:55
326,400326,10,2025-02-15 17:17:57
327,400327,79,2025-02-15 20:41:17
328,400328,41,2025-02-15 18:58:08
329,400329,62,2025-02-15 22:47:32
330,400330,9,2025-02-15 20:29:19
331,400331,29,2025-02-16 00:54:14
332,400332,9,2025-02-16 11:17:25
333,400333,48,2025-02-16 22:37:40
334,400334,10,2025-02-16 22:06:44
335,400335,58,2025-02-17 05:45:06
336,400336,74,2025-02-17 11:20:56
337,400337,59,2025-02-17 09:36:04
338,400338,53,2025-02-17 10:44:41
339,400339,28,2025-02-17 15:12:26
340,400340,23,2025-02-17 12:34:07
341,400341,20,2025-02-17 16:06:59
342,400342,78,2025-02-17 23:28:46
343,400343,24,2025-02-18 01:38:03
344,400344,6,2025-02-17 23:50:46
345,400345,6,2025-02-18 13:18:40
346,400346,5,2025-02-18 11:11:44
347,400347,73,2025-02-18 14:01:21
348,400348,30,2025-02-18 17:46:31
349,400349,36,2025-02-18 22:06:00
350,400350,46,2025-02-19 00:04:07
351,400351,29,2025-02-19 07:29:34
352,400352,21,2025-02-19 09:44:09
353,400353,15,2025-02-19 11:48:49
354,400354,30,2025-02-19 10:51:26
355,400355,4,2025-02-19 14:06:54
356,400356,41,2025-02-19 15:12:46
357,400357,77,2025-02-19 17:58:45
358,400358,60,2025-02-19 19:06:45
359,400359,17,2025-02-19 22:56:02
360,400360,47,2025-02-20 00:00:53
361,400361,17,2025-02-19 23:23:03
362,400362,64,2025-02-19 21:58:02
363,400363,47,2025-02-20 06:07:23
364,400364,48,2025-02-20 08:17:57
365,400365,47,2025-02-20 12:22:50
366,400366,6,2025-02-20 17:17:26
367,400367,13,2025-02-20 22:51:37
368,400368,65,2025-02-21 00:26:24
369,400369,53,2025-02-21 03:24:00
370,400370,31,2025-02-21 06:03:17
371,400371,59,2025-02-21 10:01:39
372,400372,2,2025-02-21 11:32:23
373,400373,25,2025-02-21 22:55:37
374,400374,71,2025-02-21 23:18:10
375,400375,68,2025-02-22 02:38:51
376,400376,51,2025-02-22 04:39:20
377,400377,45,2025-02-22 05:31:48
378,400378,23,2025-02-22 07:38:34
379,400379,60,2025-02-22 08:30:13
380,400380,69,2025-02-22 08:43:46
381,400381,25,2025-02-22 06:57:53
382,400382,43,2025-02-22 13:06:27
383,400383,28,2025-02-22 12:24:34
384,400384,38,2025-02-22 23:12:19
385,400385,63,2025-02-22 23:47:21
386,400386,43,2025-02-23 13:51:08
387,400387,10,2025-02-23 18:40:36
388,400388,64,2025-02-23 22:21:25
389,400389,61,2025-02-24 01:40:04
390,400390,9,2025-02-24 04:18:20
391,400391,29,2025-02-24 06:37:57
392,400392,40,2025-02-24 11:36:37
393,400393,32,2025-02-24 13:13:43
394,400394,62,2025-02-24 12:49:25
395,400395,25,2025-02-24 11:25:59
396,400396,10,2025-02-24 12:23:45
397,400397,49,2025-02-24 15:02:27
398,400398,51,2025-02-24 14:02:04
399,400399,37,2025-02-24 18:13:43
400,400400,62,2025-02-24 19:51:31
401,400401,32,2025-02-25 08:37:11
402,400402,20,2025-02-25 07:36:11
403,400403,65,2025-02-25 07:47:02
404,400404,45,2025-02-25 06:48:44
405,400405,62,2025-02-25 12:28:11
406,400406,37,2025-02-25 13:08:29
407,400407,22,2025-02-25 23:47:07
408,400408,38,2025-02-26 05:39:47
409,400409,25,2025-02-26 07:03:29
410,400410,4,2025-02-26 02:23:38
411,400411,6,2025-02-26 03:30:20
412,400412,42,2025-02-26 11:10:57
413,400413,70,2025-02-26 08:43:32
414,400414,20,2025-02-26 11:20:34
415,400415,32,2025-02-26 18:00:31
416,400416,76,2025-02-26 19:12:29
417,400417,43,2025-02-27 01:32:41
418,400418,24,2025-02-27 00:13:38
419,400419,50,2025-02-27 03:46:23
420,400420,67,2025-02-27 02:07:19
421,400421,17,2025-02-27 06:58:07
422,400422,54,2025-02-27 11:57:44
423,400423,29,2025-02-27 09:20:07
424,400424,22,2025-02-27 16:15:54
425,400425,4,2025-02-27 16:19:07
426,400426,14,2025-02-27 17:57:37
427,400427,38,2025-02-27 20:58:28
428,400428,75,2025-02-27 19:30:10
429,400429,53,2025-02-27 22:07:23
430,400430,54,2025-02-28 01:31:14
431,400431,36,2025-02-28 06:57:48
432,400432,56,2025-02-28 06:56:49
433,400433,19,2025-02-28 08:29:05
434,400434,19,2025-02-28 11:57:33
435,400435,4,2025-02-28 10:24:31
436,400436,28,2025-02-28 13:30:02
437,400437,71,2025-02-28 19:06:37
438,400438,55,2025-02-28 16:31:28
439,400439,33,2025-03-01 03:07:39
440,400440,75,2025-03-01 03:26:06
441,400441,62,2025-03-01 02:50:32
442,400442,24,2025-03-01 09:16:03
443,400443,58,2025-03-01 20:00:59
444,400444,33,2025-03-01 23:00:01
445,400445,1,2025-03-02 03:01:16
446,400446,42,2025-03-02 05:03:56
447,400447,40,2025-03-02 20:15:27
448,400448,29,2025-03-02 22:14:11
449,400449,27,2025-03-03 00:01:20
450,400450,73,2025-03-03 01:39:26
451,400451,58,2025-03-03 02:53:34
452,400452,37,2025-03-03 08:16:05
453,400453,13,2025-03-03 09:52:07
454,400454,3,2025-03-03 10:11:25
455,400455,11,2025-03-03 09:01:48
456,400456,54,2025-03-03 17:27:31
457,400457,5,2025-03-03 19:54:29
458,400458,15,2025-03-03 19:01:20
459,400459,13,2025-03-03 18:53:10
460,400460,30,2025-03-04 03:27:58
461,400461,69,2025-03-04 04:37:55
462,400462,52,2025-03-04 08:12:08
463,400463,21,2025-03-04 07:29:41
464,400464,1,2025-03-04 13:02:59
465,400465,67,2025-03-04 13:14:03
466,400466,78,2025-03-04 16:31:18
467,400467,79,2025-03-04 18:26:10
468,400468,7,2025-03-05 00:56:41
469,400469,53,2025-03-04 22:39:32
470,400470,63,2025-03-05 00:24:54
471,400471,67,2025-03-05 04:34:38
472,400472,4,2025-03-05 08:50:27
473,400473,29,2025-03-05 08:23:53
474,400474,56,2025-03-05 12:28:03
475,400475,49,2025-03-05 16:47:20
476,400476,79,2025-03-05 20:29:05
477,400477,63,2025-03-05 19:44:20
478,400478,9,2025-03-06 00:52:59
479,400479,15,2025-03-06 03:09:45
480,400480,25,2025-03-05 23:44:25
481,400481,75,2025-03-06 07:53:03
482,400482,37,2025-03-06 09:53:48
483,400483,69,2025-03-06 19:33:38
484,400484,48,2025-03-07 02:55:50
485,400485,46,2025-03-07 02:48:33
486,400486,8,2025-03-07 07:12:29
487,400487,43,2025-03-08 00:42:55
488,400488,37,2025-03-08 09:17:35
489,400489,60,2025-03-08 13:33:37
490,400490,50,2025-03-08 13:00:28
491,400491,9,2025-03-08 17:10:59
492,400492,17,2025-03-08 18:35:35
493,400493,2,2025-03-09 03:40:15
494,400494,56,2025-03-09 06:26:22
495,400495,32,2025-03-09 04:52:20
496,400496,79,2025-03-09 09:03:32
497,400497,18,2025-03-09 07:27:10
498,400498,10,2025-03-09 09:26:00
499,400499,36,2025-03-09 12:14:10
500,400500,40,2025-03-09 18:47:35
501,400501,1,2025-03-09 20:01:01
502,400502,53,2025-03-10 02:55:00
503,400503,22,2025-03-10 03:19:51
504,400504,62,2025-03-10 08:45:39
505,400505,80,2025-03-10 09:14:22
506,400506,12,2025-03-10 10:41:50
507,400507,49,2025-03-10 18:04:56
508,400508,29,2025-03-11 02:24:24
509,400509,74,2025-03-11 04:10:06
510,400510,67,2025-03-11 08:11:34
511,400511,68,2025-03-11 13:21:58
512,400512,59,2025-03-11 15:31:25
513,400513,11,2025-03-11 19:41:48
514,400514,32,2025-03-11 20:43:57
515,400515,37,2025-03-11 22:03:45
516,400516,54,2025-03-12 05:58:38
517,400517,47,2025-03-12 09:32:04
518,400518,47,2025-03-12 08:26:31
519,400519,52,2025-03-12 11:14:37
520,400520,9,2025-03-12 16:58:03
521,400521,19,2025-03-12 15:41:54
522,400522,9,2025-03-12 19:25:41
523,400523,56,2025-03-13 05:26:27
524,400524,28,2025-03-13 03:10:48
525,400525,1,2025-03-13 03:35:31
526,400526,14,2025-03-13 07:28:49
527,400527,15,2025-03-13 10:49:08
528,400528,55,2025-03-13 14:39:15
529,400529,15,2025-03-13 11:53:10
530,400530,64,2025-03-13 14:09:37
531,400531,24,2025-03-13 13:50:53
532,400532,60,2025-03-14 02:04:22
533,400533,50,2025-03-14 07:05:58
534,400534,47,2025-03-14 06:46:18
535,400535,10,2025-03-14 07:16:17
536,400536,77,2025-03-14 09:49:17
537,400537,80,2025-03-14 11:27:36
538,400538,45,2025-03-14 15:00:53
539,400539,49,2025-03-15 00:19:03
540,400540,4,2025-03-15 04:21:14
541,400541,3,2025-03-15 08:47:32
542,400542,62,2025-03-15 08:33:36
543,400543,32,2025-03-15 14:05:06
544,400544,66,2025-03-15 15:26:14
545,400545,63,2025-03-15 20:48:03
546,400546,7,2025-03-15 21:33:48
547,400547,9,2025-03-15 20:47:37
548,400548,76,2025-03-15 23:40:44
549,400549,23,2025-03-16 06:15:14
550,400550,12,2025-03-16 12:04:42
551,400551,65,2025-03-16 09:58:03
552,400552,42,2025-03-16 21:39:33
553,400553,53,2025-03-16 22:41:44
554,400554,61,2025-03-17 07:16:31
555,400555,6,2025-03-17 09:02:32
556,400556,68,2025-03-17 16:56:24
557,400557,68,2025-03-17 15:44:02
558,400558,32,2025-03-17 18:12:09
559,400559,3,2025-03-17 16:13:41
560,400560,10,2025-03-17 21:47:07
561,400561,7,2025-03-18 04:18:23
562,400562,16,2025-03-18 03:31:03
563,400563,37,2025-03-18 05:00:41
564,400564,33,2025-03-18 03:30:54
565,400565,60,2025-03-18 14:34:07
566,400566,56,2025-03-18 11:44:42
567,400567,57,2025-03-18 18:14:31
568,400568,58,2025-03-18 22:47:56
569,400569,24,2025-03-19 04:45:02
570,400570,56,2025-03-19 04:26:43
571,400571,12,2025-03-19 05:40:14
572,400572,70,2025-03-19 07:06:10
573,400573,42,2025-03-19 10:20:54
574,400574,62,2025-03-19 15:27:56
575,400575,40,2025-03-19 22:53:40
576,400576,49,2025-03-19 21:47:01
577,400577,71,2025-03-19 21:35:31
578,400578,26,2025-03-20 08:24:49
579,400579,10,2025-03-20 10:21:37
580,400580,21,2025-03-20 11:14:07
581,400581,37,2025-03-20 12:38:24
582,400582,31,2025-03-20 15:29:28
583,400583,33,2025-03-20 13:01:21
584,400584,50,2025-03-20 18:19:57
585,400585,3,2025-03-21 00:52:03
586,400586,1,2025-03-20 22:39:00
587,400587,69,2025-03-21 13:30:20
588,400588,8,2025-03-21 21:02:52
589,400589,76,2025-03-21 23:44:19
590,400590,27,2025-03-22 05:05:56
591,400591,74,2025-03-22 13:13:46
592,400592,64,2025-03-22 16:04:19
593,400593,80,2025-03-22 18:02:58
594,400594,67,2025-03-22 18:30:15
595,400595,1,2025-03-23 17:52:16
596,400596,38,2025-03-23 16:28:50
597,400597,50,2025-03-23 14:02:40
598,400598,56,2025-03-23 20:08:40
599,400599,47,2025-03-23 19:45:09
600,400600,42,2025-03-23 23:30:28
601,400601,32,2025-03-23 22:43:06
602,400602,80,2025-03-24 02:30:22
603,400603,56,2025-03-24 04:17:51
604,400604,52,2025-03-24 13:47:22
605,400605,66,2025-03-25 00:17:52
606,400606,41,2025-03-25 00:01:23
607,400607,25,2025-03-25 06:47:11
608,400608,51,2025-03-25 05:57:45
609,400609,38,2025-03-25 06:27:04
610,400610,75,2025-03-25 07:54:55
611,400611,41,2025-03-25 08:51:26
612,400612,41,2025-03-25 09:57:30
613,400613,48,2025-03-26 00:11:57
614,400614,14,2025-03-26 02:24:07
615,400615,32,2025-03-26 01:42:49
616,400616,56,2025-03-26 04:12:22
617,400617,17,2025-03-26 08:37:15
618,400618,73,2025-03-26 10:33:51
619,400619,15,2025-03-26 10:33:44
620,400620,25,2025-03-26 21:24:53
621,400621,8,2025-03-27 02:33:27
622,400622,49,2025-03-27 11:39:53
623,400623,66,2025-03-27 09:08:05
624,400624,46,2025-03-27 14:17:01
625,400625,49,2025-03-27 17:43:20
626,400626,46,2025-03-27 19:39:34
627,400627,63,2025-03-28 09:19:56
628,400628,22,2025-03-28 10:46:38
629,400629,36,2025-03-28 08:45:30
630,400630,70,2025-03-28 15:07:43
631,400631,48,2025-03-28 12:45:00
632,400632,44,2025-03-28 16:19:43
633,400633,4,2025-03-28 15:24:32
634,400634,4,2025-03-28 20:49:07
635,400635,56,2025-03-28 18:49:20
636,400636,62,2025-03-28 19:45:11
637,400637,63,2025-03-28 23:33:50
638,400638,76,2025-03-29 00:52:12
639,400639,48,2025-03-29 02:36:10
640,400640,35,2025-03-29 09:31:34
641,400641,46,2025-03-29 12:11:30
642,400642,63,2025-03-29 12:54:08
643,400643,32,2025-03-29 12:40:56
644,400644,8,2025-03-29 15:52:46
645,400645,42,2025-03-29 20:36:49
646,400646,54,2025-03-29 21:44:58
647,400647,11,2025-03-29 20:43:12
648,400648,8,2025-03-29 21:52:51
649,400649,24,2025-03-30 02:11:12
650,400650,74,2025-03-30 01:43:13
651,400651,12,2025-03-30 03:48:09
652,400652,69,2025-03-30 03:46:11
653,400653,57,2025-03-30 06:13:04
654,400654,35,2025-03-30 08:33:30
655,400655,51,2025-03-30 11:34:44
656,400656,26,2025-03-30 11:18:12
657,400657,53,2025-03-30 12:39:45
658,400658,17,2025-03-30 16:47:23
659,400659,69,2025-03-30 13:26:44
660,400660,14,2025-03-30 18:02:27
661,400661,55,2025-03-30 19:04:45
662,400662,78,2025-03-30 20:41:21
663,400663,32,2025-03-31 00:51:21
664,400664,11,2025-03-31 02:36:11
665,400665,19,2025-03-31 04:33:49
666,400666,67,2025-03-31 13:33:44
667,400667,79,2025-04-01 00:38:00
668,400668,51,2025-04-01 01:09:32
669,400669,3,2025-04-01 06:11:53
670,400670,40,2025-04-01 08:36:34
671,400671,21,2025-04-01 10:56:39
672,400672,27,2025-04-02 03:39:06
673,400673,13,2025-04-02 00:51:02
674,400674,21,2025-04-02 04:13:48
675,400675,56,2025-04-02 06:27:25
676,400676,22,2025-04-02 05:53:12
677,400677,24,2025-04-02 10:19:23
678,400678,16,2025-04-03 05:17:47
679,400679,13,2025-04-03 11:40:30
680,400680,60,2025-04-03 13:50:40
681,400681,59,2025-04-03 13:49:52
682,400682,16,2025-04-04 00:43:02
683,400683,1,2025-04-04 03:14:30
684,400684,32,2025-04-04 06:25:42
685,400685,18,2025-04-04 10:10:27
686,400686,30,2025-04-04 07:19:20
687,400687,67,2025-04-04 09:30:07
688,400688,57,2025-04-04 19:58:35
689,400689,71,2025-04-04 20:49:01
690,400690,28,2025-04-05 08:41:09
691,400691,51,2025-04-05 09:53:32
692,400692,49,2025-04-05 12:35:34
693,400693,37,2025-04-05 12:57:37
694,400694,26,2025-04-05 12:18:24
695,400695,57,2025-04-05 13:10:21
696,400696,66,2025-04-05 21:46:56
697,400697,60,2025-04-06 01:40:22
698,400698,51,2025-04-06 00:57:20
699,400699,33,2025-04-06 05:06:15
700,400700,13,2025-04-06 08:20:27
701,400701,63,2025-04-06 12:33:57
702,400702,51,2025-04-06 15:22:34
703,400703,36,2025-04-06 12:58:43
704,400704,52,2025-04-06 17:54:26
705,400705,40,2025-04-06 19:21:51
706,400706,57,2025-04-06 22:25:14
707,400707,68,2025-04-07 00:39:40
708,400708,25,2025-04-07 07:07:07
709,400709,22,2025-04-07 10:49:28
710,400710,51,2025-04-07 11:56:07
711,400711,27,2025-04-07 17:51:24
712,400712,77,2025-04-07 22:32:03
713,400713,40,2025-04-08 02:37:21
714,400714,2,2025-04-08 00:36:26
715,400715,45,2025-04-08 06:22:55
716,400716,52,2025-04-08 08:53:48
717,400717,31,2025-04-08 12:03:08
718,400718,74,2025-04-08 11:42:44
719,400719,10,2025-04-08 16:16:02
720,400720,16,2025-04-09 00:42:18
721,400721,73,2025-04-09 03:54:53
722,400722,35,2025-04-09 07:00:20
723,400723,48,2025-04-09 12:16:48
724,400724,64,2025-04-09 17:44:09
725,400725,35,2025-04-09 20:15:11
726,400726,31,2025-04-09 22:05:16
727,400727,23,2025-04-09 21:34:40
728,400728,55,2025-04-09 20:36:33
729,400729,53,2025-04-10 02:31:01
730,400730,43,2025-04-10 06:57:22
731,400731,68,2025-04-10 12:20:56
732,400732,41,2025-04-10 16:49:03
733,400733,38,2025-04-10 21:40:25
734,400734,79,2025-04-11 00:41:35
735,400735,76,2025-04-11 04:17:21
736,400736,12,2025-04-11 03:50:34
737,400737,12,2025-04-11 12:38:45
738,400738,79,2025-04-11 10:26:23
739,400739,31,2025-04-11 14:13:25
740,400740,31,2025-04-11 18:25:27
741,400741,42,2025-04-11 22:48:44
742,400742,69,2025-04-12 03:45:18
743,400743,25,2025-04-12 12:04:50
744,400744,12,2025-04-12 10:01:12
745,400745,79,2025-04-12 13:41:10
746,400746,17,2025-04-12 09:50:01
747,400747,21,2025-04-12 16:31:46
748,400748,51,2025-04-12 20:09:50
749,400749,20,2025-04-13 04:26:59
750,400750,68,2025-04-12 23:19:26
751,400751,3,2025-04-13 05:14:07
752,400752,48,2025-04-13 05:45:59
753,400753,70,2025-04-13 01:38:59
754,400754,43,2025-04-13 03:00:39
755,400755,19,2025-04-13 08:03:22
756,400756,14,2025-04-13 04:50:46
757,400757,12,2025-04-13 11:00:13
758,400758,71,2025-04-13 10:33:53
759,400759,36,2025-04-13 09:14:23
760,400760,36,2025-04-13 10:10:13
761,400761,17,2025-04-13 14:17:12
762,400762,12,2025-04-13 18:29:33
763,400763,39,2025-04-13 19:30:15
764,400764,70,2025-04-13 21:46:09
765,400765,32,2025-04-14 00:12:00
766,400766,58,2025-04-14 03:15:57
767,400767,20,2025-04-14 03:59:33
768,400768,29,2025-04-14 15:57:54
769,400769,4,2025-04-14 21:17:56
770,400770,68,2025-04-15 01:40:10
771,400771,14,2025-04-15 08:14:37
772,400772,5,2025-04-15 13:50:28
773,400773,11,2025-04-15 11:20:55
774,400774,42,2025-04-15 18:52:37
775,400775,76,2025-04-15 20:12:46
776,400776,4,2025-04-16 02:04:34
777,400777,10,2025-04-16 07:46:27
778,400778,60,2025-04-16 08:34:04
779,400779,28,2025-04-16 15:15:04
780,400780,34,2025-04-16 16:28:48
781,400781,55,2025-04-16 19:15:19
782,400782,21,2025-04-16 23:36:34
783,400783,60,2025-04-17 06:09:44
784,400784,29,2025-04-17 06:49:06
785,400785,7,2025-04-17 07:58:20
786,400786,35,2025-04-17 08:20:13
787,400787,21,2025-04-17 08:52:58
788,400788,56,2025-04-17 10:27:41
789,400789,58,2025-04-17 13:54:00
790,400790,11,2025-04-17 16:30:42
791,400791,70,2025-04-17 15:43:25
792,400792,6,2025-04-17 19:08:05
793,400793,44,2025-04-17 18:18:45
794,400794,13,2025-04-18 00:03:14
795,400795,32,2025-04-18 04:30:46
796,400796,38,2025-04-18 05:50:36
797,400797,69,2025-04-18 12:40:28
798,400798,20,2025-04-18 16:35:15
799,400799,68,2025-04-18 19:36:04
800,400800,67,2025-04-18 21:15:09
801,400801,38,2025-04-19 04:21:02
802,400802,9,2025-04-19 07:22:37
803,400803,6,2025-04-19 08:36:48
804,400804,23,2025-04-19 17:16:14
805,400805,31,2025-04-19 15:24:37
806,400806,5,2025-04-19 17:13:06
807,400807,15,2025-04-19 20:29:16
808,400808,24,2025-04-20 01:24:55
809,400809,63,2025-04-20 02:03:36
810,400810,63,2025-04-20 03:16:20
811,400811,63,2025-04-20 05:34:05
812,400812,67,2025-04-20 14:13:04
813,400813,14,2025-04-20 16:36:29
814,400814,80,2025-04-20 19:14:47
815,400815,36,2025-04-20 20:47:54
816,400816,55,2025-04-21 01:28:10
817,400817,6,2025-04-20 21:23:07
818,400818,13,2025-04-20 22:41:38
819,400819,41,2025-04-21 03:21:21
820,400820,54,2025-04-21 08:29:01
821,400821,9,2025-04-21 10:45:52
822,400822,32,2025-04-21 06:19:33
823,400823,67,2025-04-21 13:41:01
824,400824,76,2025-04-21 17:57:38
825,400825,48,2025-04-21 23:36:52
826,400826,34,2025-04-22 10:38:26
827,400827,52,2025-04-22 14:56:08
828,400828,32,2025-04-22 16:35:00
829,400829,23,2025-04-22 15:15:36
830,400830,80,2025-04-22 23:13:30
831,400831,35,2025-04-22 21:13:27
832,400832,80,2025-04-23 06:17:27
833,400833,80,2025-04-23 08:45:42
834,400834,39,2025-04-23 11:32:28
835,400835,73,2025-04-23 22:51:31
836,400836,63,2025-04-24 06:14:58
837,400837,74,2025-04-24 06:27:17
838,400838,37,2025-04-24 15:20:45
839,400839,53,2025-04-24 14:23:25
840,400840,3,2025-04-24 16:46:00
841,400841,11,2025-04-24 14:47:03
842,400842,77,2025-04-24 15:34:21
843,400843,45,2025-04-24 20:04:08
844,400844,19,2025-04-24 22:22:06
845,400845,25,2025-04-25 02:30:18
846,400846,12,2025-04-25 08:38:10
847,400847,72,2025-04-25 16:50:01
848,400848,54,2025-04-25 15:54:28
849,400849,47,2025-04-25 16:36:16
850,400850,2,2025-04-25 15:23:43
851,400851,3,2025-04-25 20:00:55
852,400852,34,2025-04-25 19:44:04
853,400853,24,2025-04-25 19:58:27
854,400854,39,2025-04-25 20:46:45
855,400855,71,2025-04-25 23:59:26
856,400856,45,2025-04-26 15:18:15
857,400857,62,2025-04-27 04:14:22
858,400858,69,2025-04-27 05:34:09
859,400859,5,2025-04-27 10:23:01
860,400860,67,2025-04-27 08:00:54
861,400861,63,2025-04-27 10:57:10
862,400862,51,2025-04-27 09:20:10
863,400863,49,2025-04-27 12:57:29
864,400864,55,2025-04-28 08:59:17
865,400865,23,2025-04-28 14:52:01
866,400866,28,2025-04-28 12:03:00
867,400867,80,2025-04-28 15:57:17
868,400868,78,2025-04-28 15:31:38
869,400869,59,2025-04-28 20:18:46
870,400870,27,2025-04-29 17:45:08
871,400871,19,2025-04-29 20:52:24
872,400872,3,2025-04-30 12:11:29
873,400873,31,2025-04-30 11:44:24
874,400874,25,2025-04-30 10:34:21
875,400875,69,2025-04-30 13:49:51
876,400876,25,2025-04-30 22:05:37
877,400877,9,2025-04-30 22:39:55
878,400878,11,2025-05-01 03:22:11
879,400879,46,2025-05-01 04:48:18
880,400880,21,2025-05-01 06:27:09
881,400881,75,2025-05-01 08:36:14
882,400882,42,2025-05-01 14:39:37
883,400883,3,2025-05-02 02:58:15
884,400884,43,2025-05-02 12:33:52
885,400885,32,2025-05-02 11:53:21
886,400886,50,2025-05-02 13:30:44
887,400887,7,2025-05-02 22:11:31
888,400888,32,2025-05-02 18:55:32
889,400889,4,2025-05-02 22:17:27
890,400890,32,2025-05-03 04:09:01
891,400891,67,2025-05-03 04:14:00
892,400892,72,2025-05-03 03:38:40
893,400893,27,2025-05-03 02:55:49
894,400894,29,2025-05-03 08:06:58
895,400895,20,2025-05-03 05:20:16
896,400896,50,2025-05-03 08:19:11
897,400897,72,2025-05-03 11:20:31
898,400898,52,2025-05-03 09:37:02
899,400899,9,2025-05-03 09:05:40
900,400900,3,2025-05-03 11:04:22
901,400901,58,2025-05-03 20:09:33
902,400902,58,2025-05-03 21:10:38
903,400903,25,2025-05-04 03:49:42
904,400904,4,2025-05-04 10:22:13
905,400905,19,2025-05-04 06:26:38
906,400906,11,2025-05-04 14:45:03
907,400907,50,2025-05-04 18:16:58
908,400908,15,2025-05-04 22:38:36
909,400909,78,2025-05-05 05:34:17
910,400910,11,2025-05-05 04:37:03
911,400911,6,2025-05-05 10:06:21
912,400912,12,2025-05-05 07:58:11
913,400913,58,2025-05-05 08:48:29
914,400914,15,2025-05-05 11:12:33
915,400915,15,2025-05-05 13:22:03
916,400916,46,2025-05-05 12:45:30
917,400917,53,2025-05-05 20:58:57
918,400918,44,2025-05-05 20:32:13
919,400919,74,2025-05-05 20:47:40
920,400920,53,2025-05-05 23:27:59
921,400921,38,2025-05-06 05:20:19
922,400922,76,2025-05-06 05:39:01
923,400923,48,2025-05-06 11:19:29
924,400924,26,2025-05-06 12:47:26
925,400925,39,2025-05-07 01:33:02
926,400926,48,2025-05-06 23:46:11
927,400927,72,2025-05-07 06:33:48
928,400928,10,2025-05-07 04:54:39
929,400929,39,2025-05-07 06:47:17
930,400930,67,2025-05-07 08:22:41
931,400931,16,2025-05-07 07:50:58
932,400932,54,2025-05-07 18:46:24
933,400933,1,2025-05-07 16:36:04
934,400934,51,2025-05-08 02:24:37
935,400935,6,2025-05-07 23:51:03
936,400936,69,2025-05-08 04:06:07
937,400937,25,2025-05-08 07:38:50
938,400938,53,2025-05-08 12:19:07
939,400939,55,2025-05-08 10:49:35
940,400940,66,2025-05-08 12:54:04
941,400941,56,2025-05-08 22:16:33
942,400942,14,2025-05-08 21:24:51
943,400943,66,2025-05-09 01:59:19
944,400944,22,2025-05-09 05:51:28
945,400945,2,2025-05-09 10:46:09
946,400946,25,2025-05-09 14:16:03
947,400947,79,2025-05-09 18:50:55
948,400948,3,2025-05-09 20:56:18
949,400949,74,2025-05-10 01:30:33
950,400950,61,2025-05-09 21:07:29
951,400951,27,2025-05-10 04:28:19
952,400952,8,2025-05-10 03:55:15
953,400953,60,2025-05-10 05:50:49
954,400954,22,2025-05-10 12:33:02
955,400955,60,2025-05-10 13:48:15
956,400956,48,2025-05-10 16:49:48
957,400957,46,2025-05-10 22:22:19
958,400958,27,2025-05-11 03:34:50
959,400959,49,2025-05-11 14:55:46
960,400960,12,2025-05-12 00:46:37
961,400961,18,2025-05-12 11:07:10
962,400962,41,2025-05-12 16:54:43
963,400963,44,2025-05-12 17:34:26
964,400964,38,2025-05-13 02:09:58
965,400965,3,2025-05-13 05:31:22
966,400966,66,2025-05-13 08:34:52
967,400967,73,2025-05-13 09:16:43
968,400968,69,2025-05-13 11:10:53
969,400969,5,2025-05-13 17:42:14
970,400970,57,2025-05-13 18:17:31
971,400971,72,2025-05-13 17:42:43
972,400972,15,2025-05-14 03:58:50
973,400973,24,2025-05-14 00:32:35
974,400974,46,2025-05-14 10:18:45
975,400975,43,2025-05-15 01:20:24
976,400976,75,2025-05-15 05:30:02
977,400977,65,2025-05-15 10:37:41
978,400978,44,2025-05-15 14:17:58
979,400979,45,2025-05-15 18:23:05
980,400980,30,2025-05-15 18:08:50
981,400981,58,2025-05-16 08:36:26
982,400982,64,2025-05-16 15:14:31
983,400983,39,2025-05-16 20:45:16
984,400984,43,2025-05-16 21:29:34
985,400985,39,2025-05-17 02:17:43
986,400986,59,2025-05-17 09:51:34
987,400987,63,2025-05-17 11:09:51
988,400988,6,2025-05-17 12:48:03
989,400989,72,2025-05-17 11:51:42
990,400990,36,2025-05-17 21:46:25
991,400991,65,2025-05-17 20:39:18
992,400992,1,2025-05-18 08:35:18
993,400993,4,2025-05-18 13:38:37
994,400994,24,2025-05-18 10:01:39
995,400995,17,2025-05-18 19:23:44
996,400996,13,2025-05-18 20:54:02
997,400997,19,2025-05-19 03:57:35
998,400998,19,2025-05-19 06:15:41
999,400999,59,2025-05-19 10:24:14
1000,401000,38,2025-05-19 09:38:33
1001,401001,40,2025-05-19 11:42:24
1002,401002,42,2025-05-20 01:10:41
1003,401003,63,2025-05-20 00:10:19
1004,401004,60,2025-05-20 06:28:53
1005,401005,25,2025-05-20 07:04:32
1006,401006,67,2025-05-20 11:14:40
1007,401007,26,2025-05-20 13:40:54
1008,401008,34,2025-05-21 00:27:19
1009,401009,55,2025-05-20 23:44:39
1010,401010,32,2025-05-21 05:12:27
1011,401011,8,2025-05-21 04:20:42
1012,401012,9,2025-05-21 11:45:54
1013,401013,11,2025-05-21 16:54:55
1014,401014,28,2025-05-21 18:01:43
1015,401015,73,2025-05-21 21:48:49
1016,401016,61,2025-05-21 22:14:49
1017,401017,6,2025-05-22 15:50:33
1018,401018,19,2025-05-22 14:41:20
1019,401019,64,2025-05-23 13:41:20
1020,401020,55,2025-05-23 15:34:03
1021,401021,55,2025-05-23 20:56:46
1022,401022,69,2025-05-23 21:07:24
1023,401023,24,2025-05-23 23:02:16
1024,401024,26,2025-05-24 05:19:41
1025,401025,8,2025-05-24 15:10:22
1026,401026,20,2025-05-24 14:46:29
1027,401027,15,2025-05-24 16:17:39
1028,401028,66,2025-05-24 16:21:20
1029,401029,66,2025-05-24 23:56:25
1030,401030,35,2025-05-25 05:15:43
1031,401031,58,2025-05-25 09:15:05
1032,401032,31,2025-05-25 05:19:55
1033,401033,6,2025-05-25 10:27:57
1034,401034,13,2025-05-25 11:30:11
1035,401035,54,2025-05-25 19:06:52
1036,401036,3,2025-05-25 20:16:27
1037,401037,1,2025-05-26 10:21:11
1038,401038,73,2025-05-26 17:56:33
1039,401039,41,2025-05-26 17:28:56
1040,401040,41,2025-05-26 18:43:32
1041,401041,11,2025-05-26 19:59:33
1042,401042,79,2025-05-27 02:17:48
1043,401043,43,2025-05-27 05:45:31
1044,401044,70,2025-05-27 04:21:52
1045,401045,44,2025-05-27 06:50:20
1046,401046,56,2025-05-27 06:48:29
1047,401047,56,2025-05-27 14:36:52
1048,401048,79,2025-05-27 19:39:58
1049,401049,35,2025-05-27 23:25:48
1050,401050,68,2025-05-27 20:34:07
1051,401051,61,2025-05-27 23:09:26
1052,401052,9,2025-05-28 08:50:32
1053,401053,2,2025-05-28 13:49:41
1054,401054,67,2025-05-28 11:19:21
1055,401055,29,2025-05-28 10:40:13
1056,401056,17,2025-05-28 14:16:48
1057,401057,54,2025-05-28 15:24:12
1058,401058,58,2025-05-28 21:46:49
1059,401059,72,2025-05-29 00:04:47
1060,401060,9,2025-05-29 01:13:47
1061,401061,9,2025-05-29 07:21:36
1062,401062,52,2025-05-29 11:25:19
1063,401063,52,2025-05-29 09:53:38
1064,401064,14,2025-05-29 14:40:39
1065,401065,76,2025-05-29 10:17:07
1066,401066,48,2025-05-29 15:09:10
1067,401067,71,2025-05-29 19:35:32
1068,401068,2,2025-05-29 22:32:29
1069,401069,3,2025-05-30 02:45:25
1070,401070,35,2025-05-30 10:19:10
1071,401071,36,2025-05-30 14:43:05
1072,401072,52,2025-05-30 17:19:28
1073,401073,19,2025-05-30 21:05:44
1074,401074,34,2025-05-30 20:03:02
1075,401075,2,2025-05-30 22:15:42
1076,401076,19,2025-05-30 23:37:01
1077,401077,61,2025-05-31 01:12:46
1078,401078,77,2025-05-31 09:20:24
1079,401079,13,2025-05-31 08:17:30
1080,401080,6,2025-05-31 19:41:07
1081,401081,77,2025-05-31 21:28:59
1082,401082,67,2025-06-01 02:45:23
1083,401083,4,2025-06-01 04:42:30
1084,401084,38,2025-06-01 13:08:15
1085,401085,17,2025-06-01 17:40:10
1086,401086,12,2025-06-01 18:18:29
1087,401087,21,2025-06-02 03:10:42
1088,401088,1,2025-06-02 07:05:09
1089,401089,47,2025-06-02 08:43:47
1090,401090,60,2025-06-02 15:47:23
1091,401091,61,2025-06-02 21:03:09
1092,401092,53,2025-06-03 01:10:10
1093,401093,32,2025-06-03 02:31:56
1094,401094,23,2025-06-03 04:44:23
1095,401095,13,2025-06-03 18:43:39
1096,401096,39,2025-06-03 16:04:50
1097,401097,59,2025-06-03 20:20:29
1098,401098,72,2025-06-04 00:11:14
1099,401099,16,2025-06-03 23:49:38
1100,401100,14,2025-06-03 22:45:32
1101,401101,35,2025-06-04 02:39:28
1102,401102,61,2025-06-04 02:58:28
1103,401103,25,2025-06-04 07:47:39
1104,401104,54,2025-06-04 03:08:47
1105,401105,35,2025-06-04 07:55:57
1106,401106,74,2025-06-04 14:03:15
1107,401107,25,2025-06-04 11:26:45
1108,401108,44,2025-06-04 22:09:42
1109,401109,2,2025-06-04 20:05:32
1110,401110,77,2025-06-04 19:33:56
1111,401111,70,2025-06-04 23:48:54
1112,401112,28,2025-06-05 06:52:11
1113,401113,76,2025-06-05 04:12:57
1114,401114,50,2025-06-05 11:31:26
1115,401115,77,2025-06-05 13:33:52
1116,401116,68,2025-06-06 06:37:25
1117,401117,15,2025-06-06 12:55:57
1118,401118,1,2025-06-07 04:31:02
1119,401119,36,2025-06-07 05:36:08
1120,401120,12,2025-06-07 05:12:44
1121,401121,59,2025-06-07 11:24:53
1122,401122,49,2025-06-07 18:44:15
1123,401123,79,2025-06-07 16:53:28
1124,401124,55,2025-06-08 02:25:37
1125,401125,23,2025-06-08 00:37:47
1126,401126,10,2025-06-08 00:46:45
1127,401127,42,2025-06-08 02:06:22
1128,401128,59,2025-06-08 05:15:07
1129,401129,30,2025-06-08 05:57:07
1130,401130,10,2025-06-08 06:27:12
1131,401131,24,2025-06-08 09:24:24
1132,401132,32,2025-06-08 12:15:41
1133,401133,36,2025-06-08 12:13:31
1134,401134,48,2025-06-08 17:14:16
1135,401135,31,2025-06-08 20:09:17
1136,401136,27,2025-06-08 20:02:54
1137,401137,10,2025-06-09 06:09:10
1138,401138,1,2025-06-09 09:03:47
1139,401139,79,2025-06-09 17:32:19
1140,401140,43,2025-06-09 13:56:51
1141,401141,24,2025-06-09 19:26:57
1142,401142,44,2025-06-09 22:16:04
1143,401143,42,2025-06-10 00:52:04
1144,401144,17,2025-06-10 04:17:20
1145,401145,37,2025-06-10 06:19:04
1146,401146,37,2025-06-10 07:31:11
1147,401147,60,2025-06-11 11:34:37
1148,401148,19,2025-06-11 08:49:54
1149,401149,66,2025-06-11 12:07:21
1150,401150,43,2025-06-11 14:10:50
1151,401151,37,2025-06-11 12:33:11
1152,401152,6,2025-06-11 16:54:21
1153,401153,42,2025-06-12 05:32:14
1154,401154,33,2025-06-12 07:40:47
1155,401155,19,2025-06-12 07:30:08
1156,401156,35,2025-06-12 09:59:47
1157,401157,2,2025-06-12 14:32:44
1158,401158,12,2025-06-13 07:02:04
1159,401159,75,2025-06-13 05:40:13
1160,401160,68,2025-06-13 08:06:48
1161,401161,69,2025-06-13 14:42:42
1162,401162,65,2025-06-13 12:18:37
1163,401163,39,2025-06-13 14:59:52
1164,401164,21,2025-06-13 18:52:40
1165,401165,28,2025-06-13 18:01:10
1166,401166,73,2025-06-13 16:12:54
1167,401167,58,2025-06-14 05:01:46
1168,401168,33,2025-06-14 03:14:23
1169,401169,29,2025-06-14 04:11:16
1170,401170,42,2025-06-14 11:16:16
1171,401171,36,2025-06-14 17:42:00
1172,401172,2,2025-06-14 20:13:16
1173,401173,35,2025-06-15 01:17:19
1174,401174,29,2025-06-15 06:12:04
1175,401175,25,2025-06-15 12:55:17
1176,401176,23,2025-06-15 15:28:22
1177,401177,63,2025-06-15 11:55:15
1178,401178,3,2025-06-15 13:39:11
1179,401179,62,2025-06-15 16:19:30
1180,401180,18,2025-06-15 19:59:49
1181,401181,59,2025-06-15 23:55:42
1182,401182,43,2025-06-16 06:10:35
1183,401183,10,2025-06-16 10:19:16
1184,401184,73,2025-06-16 13:14:33
1185,401185,10,2025-06-16 12:09:39
1186,401186,76,2025-06-16 14:17:29
1187,401187,74,2025-06-16 18:29:31
1188,401188,26,2025-06-16 16:10:42
1189,401189,12,2025-06-16 17:52:18
1190,401190,16,2025-06-16 22:13:23
1191,401191,65,2025-06-17 00:05:06
1192,401192,76,2025-06-16 21:20:28
1193,401193,24,2025-06-17 00:47:25
1194,401194,34,2025-06-17 06:51:30
1195,401195,54,2025-06-17 12:16:17
1196,401196,7,2025-06-17 14:47:43
1197,401197,40,2025-06-18 02:03:31
1198,401198,48,2025-06-18 01:39:02
1199,401199,40,2025-06-18 02:21:14
1200,401200,16,2025-06-18 12:23:21
1201,401201,63,2025-06-18 17:25:25
1202,401202,8,2025-06-18 20:06:48
1203,401203,70,2025-06-18 22:03:32
1204,401204,37,2025-06-18 23:02:53
1205,401205,60,2025-06-19 04:02:14
1206,401206,59,2025-06-19 03:42:49
1207,401207,31,2025-06-19 08:25:33
1208,401208,27,2025-06-19 15:17:44
1209,401209,42,2025-06-19 17:52:04
1210,401210,50,2025-06-19 20:11:15
1211,401211,27,2025-06-20 07:10:32
1212,401212,49,2025-06-20 08:50:42
1213,401213,24,2025-06-20 13:13:38
1214,401214,28,2025-06-20 12:34:19
1215,401215,33,2025-06-20 11:27:05
1216,401216,42,2025-06-20 15:29:04
1217,401217,43,2025-06-20 19:12:40
1218,401218,74,2025-06-20 20:18:39
1219,401219,34,2025-06-20 23:50:12
1220,401220,6,2025-06-20 19:50:57
1221,401221,12,2025-06-21 01:10:03
1222,401222,54,2025-06-21 01:52:47
1223,401223,19,2025-06-21 04:55:22
1224,401224,79,2025-06-21 03:51:25
1225,401225,13,2025-06-21 10:27:23
1226,401226,26,2025-06-21 13:55:59
1227,401227,24,2025-06-21 16:17:05
1228,401228,30,2025-06-21 21:27:53
1229,401229,26,2025-06-21 21:36:15
1230,401230,50,2025-06-22 04:20:44
1231,401231,22,2025-06-22 12:10:32
1232,401232,54,2025-06-22 13:35:35
1233,401233,80,2025-06-22 12:38:28
1234,401234,77,2025-06-22 16:58:23
1235,401235,66,2025-06-22 17:51:44
1236,401236,30,2025-06-23 08:05:58
1237,401237,61,2025-06-23 13:30:21
1238,401238,67,2025-06-23 17:08:07
1239,401239,7,2025-06-23 15:40:41
1240,401240,32,2025-06-23 16:51:13
1241,401241,72,2025-06-23 19:03:58
1242,401242,18,2025-06-23 22:04:04
1243,401243,60,2025-06-23 23:00:16
1244,401244,13,2025-06-24 05:30:10
1245,401245,77,2025-06-24 09:24:02
1246,401246,47,2025-06-24 13:03:41
1247,401247,34,2025-06-24 23:17:20
1248,401248,12,2025-06-25 03:47:52
1249,401249,42,2025-06-25 04:31:21
1250,401250,55,2025-06-25 02:45:30
1251,401251,49,2025-06-25 07:39:15
1252,401252,37,2025-06-25 12:24:41
1253,401253,55,2025-06-25 13:33:06
1254,401254,52,2025-06-25 10:54:24
1255,401255,77,2025-06-25 18:08:07
1256,401256,60,2025-06-25 19:31:02
1257,401257,38,2025-06-25 17:50:22
1258,401258,5,2025-06-25 16:36:53
1259,401259,56,2025-06-26 00:00:55
1260,401260,46,2025-06-26 01:54:56
1261,401261,40,2025-06-26 06:42:28
1262,401262,27,2025-06-26 11:28:50
1263,401263,58,2025-06-26 10:12:42
1264,401264,30,2025-06-26 22:36:17
1265,401265,12,2025-06-27 01:39:11
1266,401266,10,2025-06-27 04:10:15
1267,401267,19,2025-06-27 10:45:08
1268,401268,8,2025-06-27 11:36:22
1269,401269,54,2025-06-27 11:07:38
1270,401270,43,2025-06-27 14:37:43
1271,401271,60,2025-06-27 13:45:53
1272,401272,54,2025-06-27 13:38:18
1273,401273,70,2025-06-27 15:35:42
1274,401274,8,2025-06-27 20:20:06
1275,401275,56,2025-06-27 21:26:36
1276,401276,3,2025-06-28 01:01:08
1277,401277,6,2025-06-28 06:16:29
1278,401278,11,2025-06-28 09:49:20
1279,401279,4,2025-06-29 01:13:33
1280,401280,25,2025-06-29 11:50:15
1281,401281,43,2025-06-29 12:30:41
1282,401282,74,2025-06-29 17:13:50
1283,401283,35,2025-06-29 18:00:23
1284,401284,48,2025-06-30 02:02:24
1285,401285,27,2025-06-30 11:25:02
1286,401286,68,2025-06-30 08:47:43
1287,401287,36,2025-06-30 20:23:08
1288,401288,17,2025-06-30 18:41:58
1289,401289,28,2025-06-30 20:37:43
1290,401290,40,2025-07-01 07:11:57
1291,401291,31,2025-07-01 14:09:00
1292,401292,64,2025-07-02 05:39:27
1293,401293,41,2025-07-02 06:02:48
1294,401294,53,2025-07-02 06:59:02
1295,401295,43,2025-07-02 09:10:06
1296,401296,63,2025-07-02 08:51:00
1297,401297,56,2025-07-02 11:16:25
1298,401298,62,2025-07-02 11:50:25
1299,401299,37,2025-07-02 19:10:33
1300,401300,68,2025-07-02 18:12:59
1301,401301,74,2025-07-03 02:03:58
1302,401302,57,2025-07-03 02:19:00
1303,401303,18,2025-07-03 10:16:03
1304,401304,30,2025-07-03 12:16:38
1305,401305,68,2025-07-03 19:51:27
1306,401306,30,2025-07-03 15:49:09
1307,401307,34,2025-07-03 19:06:13
1308,401308,43,2025-07-03 23:09:44
1309,401309,31,2025-07-04 02:29:31
1310,401310,28,2025-07-04 05:42:37
1311,401311,53,2025-07-04 14:03:03
1312,401312,48,2025-07-04 14:56:54
1313,401313,31,2025-07-04 20:24:54
1314,401314,19,2025-07-04 22:23:04
1315,401315,26,2025-07-04 21:12:49
1316,401316,60,2025-07-05 00:59:36
1317,401317,72,2025-07-05 07:36:34
1318,401318,41,2025-07-05 11:59:31
1319,401319,34,2025-07-05 11:47:31
1320,401320,62,2025-07-05 09:16:56
1321,401321,67,2025-07-05 09:04:58
1322,401322,26,2025-07-05 10:02:49
1323,401323,27,2025-07-05 17:27:51
1324,401324,68,2025-07-05 15:18:13
1325,401325,33,2025-07-05 18:50:17
1326,401326,12,2025-07-05 18:38:14
1327,401327,62,2025-07-05 23:07:41
1328,401328,67,2025-07-05 22:43:49
1329,401329,39,2025-07-05 23:13:53
1330,401330,35,2025-07-06 01:36:30
1331,401331,14,2025-07-06 05:50:50
1332,401332,76,2025-07-06 06:47:50
1333,401333,34,2025-07-06 10:00:09
1334,401334,20,2025-07-06 13:48:08
1335,401335,33,2025-07-06 12:10:07
1336,401336,9,2025-07-06 21:57:22
1337,401337,16,2025-07-06 18:05:18
1338,401338,32,2025-07-07 01:38:30
1339,401339,39,2025-07-07 05:52:29
1340,401340,37,2025-07-07 07:30:07
1341,401341,28,2025-07-07 08:27:36
1342,401342,17,2025-07-07 08:57:11
1343,401343,37,2025-07-07 11:38:42
1344,401344,71,2025-07-08 01:07:40
1345,401345,56,2025-07-08 05:01:08
1346,401346,28,2025-07-08 06:37:01
1347,401347,7,2025-07-08 09:15:10
1348,401348,79,2025-07-08 13:37:59
1349,401349,51,2025-07-08 16:39:37
1350,401350,4,2025-07-08 15:20:05
1351,401351,59,2025-07-09 02:50:46
1352,401352,3,2025-07-09 01:22:40
1353,401353,64,2025-07-09 07:18:15
1354,401354,42,2025-07-09 07:32:19
1355,401355,37,2025-07-09 09:46:20
1356,401356,44,2025-07-09 13:22:16
1357,401357,62,2025-07-09 20:30:47
1358,401358,20,2025-07-10 02:56:36
1359,401359,5,2025-07-10 11:52:08
1360,401360,63,2025-07-10 14:42:16
1361,401361,68,2025-07-10 18:09:09
1362,401362,17,2025-07-10 20:55:10
1363,401363,14,2025-07-10 22:58:29
1364,401364,60,2025-07-10 22:40:22
1365,401365,69,2025-07-10 20:49:22
1366,401366,40,2025-07-10 22:44:51
1367,401367,2,2025-07-11 04:54:39
1368,401368,40,2025-07-11 01:04:40
1369,401369,28,2025-07-11 02:49:07
1370,401370,10,2025-07-11 05:43:46
1371,401371,21,2025-07-11 08:46:11
1372,401372,45,2025-07-11 12:00:01
1373,401373,14,2025-07-11 13:57:22
1374,401374,28,2025-07-11 12:05:57
1375,401375,74,2025-07-11 13:40:35
1376,401376,4,2025-07-11 15:21:08
1377,401377,68,2025-07-11 23:39:55
1378,401378,11,2025-07-12 00:39:37
1379,401379,1,2025-07-12 02:00:42
1380,401380,42,2025-07-12 03:54:36
1381,401381,22,2025-07-12 09:02:47
1382,401382,74,2025-07-12 08:49:25
1383,401383,69,2025-07-12 08:43:51
1384,401384,14,2025-07-12 15:16:22
1385,401385,69,2025-07-13 08:54:54
1386,401386,36,2025-07-13 12:52:08
1387,401387,25,2025-07-13 19:07:33
1388,401388,2,2025-07-14 03:30:06
1389,401389,8,2025-07-14 06:14:06
1390,401390,34,2025-07-14 05:24:59
1391,401391,63,2025-07-14 23:17:46
1392,401392,25,2025-07-15 00:42:43
1393,401393,10,2025-07-15 03:46:42
1394,401394,61,2025-07-15 02:57:33
1395,401395,79,2025-07-15 08:14:32
1396,401396,58,2025-07-15 11:10:23
1397,401397,3,2025-07-15 10:02:54
1398,401398,18,2025-07-15 10:57:14
1399,401399,3,2025-07-15 20:02:46
1400,401400,28,2025-07-16 02:54:00
1401,401401,35,2025-07-16 07:28:27
1402,401402,59,2025-07-16 10:13:13
1403,401403,22,2025-07-16 17:29:11
1404,401404,69,2025-07-16 19:57:59
1405,401405,28,2025-07-16 22:27:45
1406,401406,57,2025-07-17 01:43:46
1407,401407,74,2025-07-17 05:49:53
1408,401408,46,2025-07-17 08:15:24
1409,401409,12,2025-07-17 17:43:24
1410,401410,64,2025-07-17 22:36:39
1411,401411,63,2025-07-18 02:53:58
1412,401412,17,2025-07-18 03:17:24
1413,401413,8,2025-07-18 07:41:16
1414,401414,66,2025-07-18 12:32:09
1415,401415,9,2025-07-18 23:07:18
1416,401416,9,2025-07-18 20:59:36
1417,401417,77,2025-07-18 20:26:58
1418,401418,66,2025-07-19 06:05:15
1419,401419,32,2025-07-19 16:20:42
1420,401420,8,2025-07-19 15:49:39
1421,401421,12,2025-07-19 16:12:36
1422,401422,49,2025-07-19 20:07:24
1423,401423,78,2025-07-20 02:46:10
1424,401424,6,2025-07-20 11:42:06
1425,401425,32,2025-07-20 10:19:41
1426,401426,69,2025-07-20 16:11:52
1427,401427,57,2025-07-20 23:05:09
1428,401428,35,2025-07-21 00:22:33
1429,401429,40,2025-07-21 12:24:23
1430,401430,46,2025-07-21 15:55:28
1431,401431,44,2025-07-21 21:35:18
1432,401432,18,2025-07-21 19:08:13
1433,401433,3,2025-07-22 00:46:45
1434,401434,69,2025-07-22 05:52:10
1435,401435,56,2025-07-22 05:36:38
1436,401436,70,2025-07-22 07:32:48
1437,401437,10,2025-07-22 11:11:01
1438,401438,9,2025-07-22 18:23:09
1439,401439,19,2025-07-22 16:39:32
1440,401440,71,2025-07-23 00:12:34
1441,401441,64,2025-07-23 04:11:35
1442,401442,2,2025-07-23 03:05:46
1443,401443,13,2025-07-23 09:47:02
1444,401444,9,2025-07-23 10:40:01
1445,401445,76,2025-07-23 09:53:21
1446,401446,50,2025-07-23 12:09:47
1447,401447,58,2025-07-23 14:39:15
1448,401448,33,2025-07-23 20:02:17
1449,401449,55,2025-07-23 16:07:21
1450,401450,34,2025-07-23 22:14:24
1451,401451,10,2025-07-23 21:11:00
1452,401452,79,2025-07-24 00:14:30
1453,401453,23,2025-07-24 00:37:55
1454,401454,4,2025-07-24 07:22:33
1455,401455,42,2025-07-24 04:53:04
1456,401456,21,2025-07-24 04:27:24
1457,401457,39,2025-07-24 10:46:38
1458,401458,62,2025-07-24 08:02:28
1459,401459,22,2025-07-24 09:46:32
1460,401460,28,2025-07-24 17:42:41
1461,401461,78,2025-07-24 21:59:23
1462,401462,36,2025-07-25 04:44:03
1463,401463,11,2025-07-25 01:53:12
1464,401464,8,2025-07-25 08:40:24
1465,401465,71,2025-07-25 05:03:21
1466,401466,54,2025-07-25 05:39:43
1467,401467,18,2025-07-25 11:21:40
1468,401468,61,2025-07-25 15:18:15
1469,401469,67,2025-07-25 18:22:19
1470,401470,51,2025-07-25 21:44:08
1471,401471,18,2025-07-25 22:22:29
1472,401472,23,2025-07-26 01:44:32
1473,401473,48,2025-07-26 03:48:43
1474,401474,25,2025-07-26 04:01:57
1475,401475,32,2025-07-26 06:51:18
1476,401476,79,2025-07-26 10:41:03
1477,401477,73,2025-07-26 08:21:27
1478,401478,37,2025-07-26 10:59:03
1479,401479,2,2025-07-26 08:22:58
1480,401480,55,2025-07-26 14:02:58
1481,401481,37,2025-07-26 20:25:05
1482,401482,13,2025-07-27 02:51:33
1483,401483,28,2025-07-27 01:58:19
1484,401484,43,2025-07-27 04:06:16
1485,401485,67,2025-07-27 07:12:32
1486,401486,56,2025-07-27 10:23:17
1487,401487,51,2025-07-27 14:15:58
1488,401488,65,2025-07-27 13:43:32
1489,401489,23,2025-07-27 19:00:07
1490,401490,19,2025-07-27 22:02:15
1491,401491,54,2025-07-27 18:08:34
1492,401492,43,2025-07-28 00:21:52
1493,401493,14,2025-07-28 07:38:08
1494,401494,73,2025-07-28 07:27:33
1495,401495,11,2025-07-28 12:08:58
1496,401496,62,2025-07-28 15:08:47
1497,401497,55,2025-07-28 16:02:00
1498,401498,25,2025-07-28 15:11:17
1499,401499,2,2025-07-28 16:45:20
1500,401500,29,2025-07-29 04:16:42
1501,401501,8,2025-07-29 06:51:04
1502,401502,67,2025-07-29 07:23:57
1503,401503,52,2025-07-29 05:11:05
1504,401504,72,2025-07-29 07:04:50
1505,401505,29,2025-07-29 11:02:08
1506,401506,46,2025-07-29 11:43:06
1507,401507,60,2025-07-29 11:14:21
1508,401508,7,2025-07-29 15:14:04
1509,401509,47,2025-07-29 15:09:18
1510,401510,13,2025-07-29 20:13:16
1511,401511,19,2025-07-29 20:50:37
1512,401512,50,2025-07-29 16:54:58
1513,401513,9,2025-07-30 05:07:03
1514,401514,69,2025-07-30 07:04:22
1515,401515,58,2025-07-30 14:57:05
1516,401516,40,2025-07-30 17:36:07
1517,401517,58,2025-07-30 16:29:48
1518,401518,68,2025-07-30 21:27:36
1519,401519,29,2025-07-31 02:43:19
1520,401520,75,2025-07-31 02:23:27
1521,401521,10,2025-07-31 06:34:07
1522,401522,67,2025-07-31 03:55:54
1523,401523,10,2025-07-31 10:31:41
1524,401524,18,2025-07-31 17:36:15
1525,401525,56,2025-07-31 18:11:51
1526,401526,11,2025-07-31 16:52:06
1527,401527,46,2025-08-01 03:46:32
1528,401528,80,2025-08-01 07:52:46
1529,401529,41,2025-08-01 08:20:56
1530,401530,39,2025-08-01 08:11:01
1531,401531,20,2025-08-01 12:55:10
1532,401532,57,2025-08-01 10:37:20
1533,401533,49,2025-08-01 15:01:08
1534,401534,28,2025-08-01 17:04:33
1535,401535,19,2025-08-01 17:43:40
1536,401536,65,2025-08-01 19:13:49
1537,401537,34,2025-08-01 23:42:16
1538,401538,41,2025-08-02 01:30:34
1539,401539,21,2025-08-02 04:11:25
1540,401540,45,2025-08-02 01:52:55
1541,401541,40,2025-08-02 04:35:59
1542,401542,29,2025-08-02 06:32:33
1543,401543,51,2025-08-02 14:39:26
1544,401544,66,2025-08-02 22:21:26
1545,401545,2,2025-08-03 03:53:15
1546,401546,31,2025-08-03 02:55:01
1547,401547,5,2025-08-03 00:59:20
1548,401548,10,2025-08-03 06:05:28
1549,401549,28,2025-08-03 06:58:45
1550,401550,30,2025-08-03 08:50:56
1551,401551,47,2025-08-03 07:39:47
1552,401552,67,2025-08-03 13:06:19
1553,401553,6,2025-08-03 14:14:28
1554,401554,54,2025-08-03 12:17:27
1555,401555,21,2025-08-03 20:45:51
1556,401556,23,2025-08-03 23:36:05
1557,401557,72,2025-08-04 01:03:00
1558,401558,30,2025-08-04 02:11:30
1559,401559,56,2025-08-04 10:44:37
1560,401560,21,2025-08-04 10:13:06
1561,401561,39,2025-08-04 13:57:30
1562,401562,32,2025-08-04 16:01:24
1563,401563,49,2025-08-04 20:44:20
1564,401564,58,2025-08-04 20:01:45
1565,401565,37,2025-08-04 23:04:12
1566,401566,24,2025-08-05 03:05:09
1567,401567,71,2025-08-05 01:48:30
1568,401568,27,2025-08-05 06:43:30
1569,401569,75,2025-08-05 08:20:05
1570,401570,16,2025-08-05 09:27:09
1571,401571,10,2025-08-05 10:37:29
1572,401572,21,2025-08-05 12:38:18
1573,401573,8,2025-08-05 15:53:12
1574,401574,56,2025-08-05 21:03:54
1575,401575,34,2025-08-05 23:42:51
1576,401576,12,2025-08-06 04:47:04
1577,401577,72,2025-08-06 04:12:47
1578,401578,43,2025-08-06 07:07:46
1579,401579,32,2025-08-06 11:42:26
1580,401580,17,2025-08-06 09:44:31
1581,401581,73,2025-08-06 09:17:42
1582,401582,44,2025-08-06 13:55:10
1583,401583,35,2025-08-06 16:15:33
1584,401584,30,2025-08-06 22:22:58
1585,401585,58,2025-08-06 21:29:24
1586,401586,50,2025-08-07 03:18:19
1587,401587,22,2025-08-07 08:08:59
1588,401588,53,2025-08-07 08:08:18
1589,401589,53,2025-08-07 10:57:32
1590,401590,43,2025-08-07 13:16:23
1591,401591,1,2025-08-07 16:12:45
1592,401592,42,2025-08-07 21:05:12
1593,401593,77,2025-08-07 20:47:03
1594,401594,1,2025-08-08 07:18:05
1595,401595,43,2025-08-08 09:45:55
1596,401596,76,2025-08-08 09:35:03
1597,401597,51,2025-08-08 06:55:46
1598,401598,38,2025-08-08 12:07:28
1599,401599,40,2025-08-08 13:44:43
1600,401600,17,2025-08-08 13:58:55
1601,401601,39,2025-08-08 17:19:11
1602,401602,3,2025-08-08 16:50:12
1603,401603,43,2025-08-08 14:53:44
1604,401604,13,2025-08-08 19:30:56
1605,401605,63,2025-08-08 17:46:29
1606,401606,10,2025-08-08 18:39:33
1607,401607,32,2025-08-09 01:59:38
1608,401608,36,2025-08-09 07:59:46
1609,401609,71,2025-08-09 12:14:16
1610,401610,5,2025-08-09 21:02:44
1611,401611,62,2025-08-09 18:46:09
1612,401612,7,2025-08-09 20:37:30
1613,401613,5,2025-08-09 18:42:17
1614,401614,43,2025-08-10 01:44:08
1615,401615,67,2025-08-10 09:11:13
1616,401616,66,2025-08-10 06:16:28
1617,401617,58,2025-08-10 10:18:17
1618,401618,12,2025-08-10 11:43:51
1619,401619,55,2025-08-10 15:06:18
1620,401620,36,2025-08-10 14:34:26
1621,401621,66,2025-08-10 17:45:04
1622,401622,44,2025-08-10 15:21:00
1623,401623,67,2025-08-10 19:37:10
1624,401624,58,2025-08-11 00:06:40
1625,401625,57,2025-08-11 08:36:49
1626,401626,11,2025-08-11 10:09:14
1627,401627,27,2025-08-11 09:01:08
1628,401628,13,2025-08-11 12:42:17
1629,401629,49,2025-08-11 22:00:13
1630,401630,16,2025-08-12 03:48:55
1631,401631,11,2025-08-12 05:04:47
1632,401632,68,2025-08-12 08:43:06
1633,401633,32,2025-08-12 10:17:00
1634,401634,12,2025-08-12 13:35:42
1635,401635,16,2025-08-12 16:19:47
1636,401636,37,2025-08-12 21:08:16
1637,401637,3,2025-08-12 20:42:47
1638,401638,23,2025-08-13 10:20:54
1639,401639,6,2025-08-13 08:25:30
1640,401640,14,2025-08-13 16:23:54
1641,401641,27,2025-08-14 02:46:36
1642,401642,39,2025-08-14 02:13:57
1643,401643,35,2025-08-14 05:15:55
1644,401644,56,2025-08-14 06:55:50
1645,401645,67,2025-08-14 09:53:42
1646,401646,30,2025-08-14 18:07:07
1647,401647,44,2025-08-14 20:28:27
1648,401648,55,2025-08-15 03:03:31
1649,401649,31,2025-08-15 03:06:49
1650,401650,65,2025-08-15 05:20:38
1651,401651,38,2025-08-15 06:29:02
1652,401652,59,2025-08-15 09:17:19
1653,401653,43,2025-08-15 13:22:56
1654,401654,7,2025-08-15 13:18:13
1655,401655,10,2025-08-15 19:27:35
1656,401656,77,2025-08-15 20:06:58
1657,401657,57,2025-08-15 20:55:16
1658,401658,77,2025-08-15 22:59:35
1659,401659,64,2025-08-16 02:27:57
1660,401660,3,2025-08-16 00:23:05
1661,401661,60,2025-08-16 00:45:45
1662,401662,80,2025-08-16 19:02:08
1663,401663,57,2025-08-16 18:21:25
1664,401664,18,2025-08-16 22:55:32
1665,401665,78,2025-08-17 02:34:28
1666,401666,65,2025-08-17 03:53:36
1667,401667,31,2025-08-17 11:15:30
1668,401668,8,2025-08-17 12:18:04
1669,401669,34,2025-08-17 15:11:46
1670,401670,44,2025-08-17 15:22:42
1671,401671,19,2025-08-17 17:44:15
1672,401672,31,2025-08-17 22:34:47
1673,401673,52,2025-08-17 21:56:54
1674,401674,11,2025-08-18 02:00:06
1675,401675,72,2025-08-18 04:47:55
1676,401676,78,2025-08-18 07:16:03
1677,401677,17,2025-08-18 12:17:05
1678,401678,19,2025-08-18 09:04:33
1679,401679,63,2025-08-18 20:30:23
1680,401680,21,2025-08-18 20:24:13
1681,401681,4,2025-08-18 22:22:46
1682,401682,76,2025-08-18 23:53:20
1683,401683,56,2025-08-19 05:19:36
1684,401684,26,2025-08-19 08:03:52
1685,401685,62,2025-08-19 09:32:04
1686,401686,11,2025-08-19 19:35:41
1687,401687,19,2025-08-19 23:46:21
1688,401688,71,2025-08-20 05:54:40
1689,401689,59,2025-08-20 10:57:20
1690,401690,49,2025-08-20 10:58:47
1691,401691,3,2025-08-20 11:20:41
1692,401692,48,2025-08-20 14:10:34
1693,401693,34,2025-08-20 14:46:59
1694,401694,63,2025-08-20 11:05:57
1695,401695,43,2025-08-20 14:17:48
1696,401696,17,2025-08-21 06:38:08
1697,401697,51,2025-08-21 15:31:21
1698,401698,17,2025-08-21 16:39:19
1699,401699,4,2025-08-21 22:52:43
1700,401700,58,2025-08-22 05:19:54
1701,401701,3,2025-08-22 05:58:47
1702,401702,59,2025-08-22 08:39:58
1703,401703,77,2025-08-22 08:15:39
1704,401704,40,2025-08-22 16:25:27
1705,401705,53,2025-08-22 22:16:01
1706,401706,53,2025-08-22 21:31:39
1707,401707,53,2025-08-23 03:03:10
1708,401708,40,2025-08-23 05:53:48
1709,401709,6,2025-08-23 08:36:00
1710,401710,47,2025-08-24 00:58:38
1711,401711,7,2025-08-24 00:16:05
1712,401712,74,2025-08-24 04:18:25
1713,401713,22,2025-08-24 05:41:50
1714,401714,57,2025-08-24 11:37:52
1715,401715,51,2025-08-24 12:37:48
1716,401716,31,2025-08-24 13:09:17
1717,401717,29,2025-08-24 20:13:01
1718,401718,34,2025-08-24 21:03:32
1719,401719,25,2025-08-24 23:24:05
1720,401720,78,2025-08-24 21:08:34
1721,401721,67,2025-08-25 02:24:17
1722,401722,35,2025-08-25 02:54:37
1723,401723,9,2025-08-25 03:23:16
1724,401724,17,2025-08-25 09:12:30
1725,401725,12,2025-08-26 00:33:59
1726,401726,31,2025-08-25 23:26:09
1727,401727,16,2025-08-26 04:06:07
1728,401728,26,2025-08-26 04:50:11
1729,401729,77,2025-08-26 05:44:44
1730,401730,68,2025-08-26 07:04:13
1731,401731,75,2025-08-26 08:49:56
1732,401732,9,2025-08-26 12:26:18
1733,401733,29,2025-08-26 13:45:28
1734,401734,78,2025-08-26 10:49:51
1735,401735,38,2025-08-26 16:35:04
1736,401736,38,2025-08-26 14:59:00
1737,401737,25,2025-08-26 21:18:21
1738,401738,5,2025-08-26 17:33:00
1739,401739,77,2025-08-26 22:19:15
1740,401740,21,2025-08-27 07:51:44
1741,401741,47,2025-08-27 12:59:45
1742,401742,44,2025-08-27 13:13:08
1743,401743,44,2025-08-27 17:18:28
1744,401744,55,2025-08-27 22:12:39
1745,401745,29,2025-08-28 01:29:45
1746,401746,75,2025-08-28 00:52:12
1747,401747,76,2025-08-28 01:52:07
1748,401748,33,2025-08-28 01:52:32
1749,401749,69,2025-08-28 11:06:02
1750,401750,75,2025-08-28 15:28:06
1751,401751,68,2025-08-28 19:14:41
1752,401752,77,2025-08-28 18:50:01
1753,401753,23,2025-08-28 20:28:36
1754,401754,57,2025-08-28 21:17:27
1755,401755,68,2025-08-28 23:27:08
1756,401756,3,2025-08-28 20:51:08
1757,401757,14,2025-08-29 06:11:18
1758,401758,52,2025-08-29 05:37:35
1759,401759,23,2025-08-29 10:30:23
1760,401760,43,2025-08-29 13:00:16
1761,401761,36,2025-08-29 12:54:34
1762,401762,70,2025-08-29 20:57:07
1763,401763,17,2025-08-29 21:13:47
1764,401764,68,2025-08-30 02:10:33
1765,401765,17,2025-08-30 03:51:52
1766,401766,70,2025-08-30 07:39:42
1767,401767,12,2025-08-30 20:16:35
1768,401768,48,2025-08-31 00:04:11
1769,401769,10,2025-08-31 02:53:17
1770,401770,20,2025-08-31 09:06:48
1771,401771,45,2025-08-31 12:11:16
1772,401772,21,2025-08-31 16:43:08
1773,401773,71,2025-08-31 16:06:00
1774,401774,40,2025-08-31 17:07:32
1775,401775,76,2025-08-31 17:10:38
1776,401776,21,2025-08-31 18:50:19
1777,401777,59,2025-08-31 21:58:48
1778,401778,5,2025-09-01 07:36:59
1779,401779,3,2025-09-01 10:52:37
1780,401780,1,2025-09-01 13:21:33
1781,401781,6,2025-09-01 17:47:11
1782,401782,80,2025-09-01 16:28:22
1783,401783,12,2025-09-02 04:53:24
1784,401784,19,2025-09-02 07:01:59
1785,401785,80,2025-09-02 03:34:17
1786,401786,13,2025-09-02 03:23:33
1787,401787,75,2025-09-02 04:41:50
1788,401788,80,2025-09-02 07:39:18
1789,401789,68,2025-09-02 11:01:55
1790,401790,56,2025-09-02 12:56:10
1791,401791,76,2025-09-02 19:19:19
1792,401792,74,2025-09-02 22:27:59
1793,401793,10,2025-09-03 02:03:59
1794,401794,41,2025-09-03 08:36:12
1795,401795,3,2025-09-03 14:59:48
1796,401796,41,2025-09-03 17:18:32
1797,401797,64,2025-09-04 06:56:58
1798,401798,36,2025-09-04 07:18:44
1799,401799,4,2025-09-04 06:30:55
1800,401800,21,2025-09-05 00:06:10
1801,401801,67,2025-09-04 23:41:13
1802,401802,4,2025-09-05 05:33:38
1803,401803,9,2025-09-05 16:35:19
1804,401804,43,2025-09-05 18:29:58
1805,401805,19,2025-09-05 18:29:44
1806,401806,17,2025-09-05 16:19:38
1807,401807,64,2025-09-05 20:46:55
1808,401808,5,2025-09-05 20:18:56
1809,401809,15,2025-09-06 00:03:39
1810,401810,21,2025-09-05 22:15:08
1811,401811,51,2025-09-05 23:42:48
1812,401812,73,2025-09-06 05:12:58
1813,401813,60,2025-09-06 06:06:57
1814,401814,37,2025-09-06 11:26:11
1815,401815,5,2025-09-06 15:34:47
1816,401816,7,2025-09-07 04:27:43
1817,401817,35,2025-09-07 09:05:36
1818,401818,38,2025-09-07 05:38:15
1819,401819,40,2025-09-07 14:22:35
1820,401820,43,2025-09-07 11:59:32
1821,401821,63,2025-09-07 17:39:34
1822,401822,1,2025-09-07 19:24:49
1823,401823,47,2025-09-07 20:04:54
1824,401824,1,2025-09-07 21:15:05
1825,401825,54,2025-09-07 23:11:40
1826,401826,36,2025-09-08 01:51:47
1827,401827,55,2025-09-08 07:28:54
1828,401828,54,2025-09-08 09:10:11
1829,401829,53,2025-09-08 17:12:49
1830,401830,44,2025-09-08 20:08:48
1831,401831,5,2025-09-08 21:07:37
1832,401832,70,2025-09-09 03:27:30
1833,401833,54,2025-09-09 06:54:06
1834,401834,9,2025-09-09 12:28:18
1835,401835,14,2025-09-09 14:41:13
1836,401836,46,2025-09-09 15:44:49
1837,401837,69,2025-09-09 21:32:54
1838,401838,48,2025-09-09 19:22:15
1839,401839,65,2025-09-10 04:46:44
1840,401840,13,2025-09-10 08:27:53
1841,401841,32,2025-09-10 09:56:09
1842,401842,68,2025-09-10 13:34:36
1843,401843,53,2025-09-10 20:15:53
1844,401844,72,2025-09-10 22:09:21
1845,401845,61,2025-09-10 22:47:33
1846,401846,70,2025-09-11 00:36:35
1847,401847,56,2025-09-10 23:20:48
1848,401848,59,2025-09-11 01:51:11
1849,401849,46,2025-09-11 01:10:49
1850,401850,34,2025-09-11 01:00:24
1851,401851,70,2025-09-11 01:49:12
1852,401852,58,2025-09-11 07:52:30
1853,401853,50,2025-09-11 12:54:27
1854,401854,43,2025-09-11 12:02:28
1855,401855,30,2025-09-11 14:20:16
1856,401856,25,2025-09-11 14:39:39
1857,401857,22,2025-09-11 19:55:43
1858,401858,26,2025-09-11 18:06:54
1859,401859,52,2025-09-11 19:12:29
1860,401860,53,2025-09-11 23:08:07
1861,401861,33,2025-09-12 02:01:08
1862,401862,75,2025-09-12 02:21:34
1863,401863,5,2025-09-11 23:18:54
1864,401864,55,2025-09-12 05:30:39
1865,401865,58,2025-09-12 06:09:19
1866,401866,7,2025-09-12 09:29:20
1867,401867,16,2025-09-12 09:03:36
1868,401868,74,2025-09-12 12:09:43
1869,401869,20,2025-09-12 11:04:19
1870,401870,66,2025-09-13 02:33:48
1871,401871,19,2025-09-13 06:51:31
1872,401872,34,2025-09-13 19:13:36
1873,401873,25,2025-09-14 02:25:25
1874,401874,13,2025-09-14 00:26:30
1875,401875,47,2025-09-14 05:15:56
1876,401876,42,2025-09-14 06:57:55
1877,401877,18,2025-09-14 17:00:27
1878,401878,73,2025-09-14 23:58:45
1879,401879,43,2025-09-15 05:03:19
1880,401880,79,2025-09-15 12:30:47
1881,401881,16,2025-09-15 13:08:37
1882,401882,57,2025-09-15 13:31:16
1883,401883,39,2025-09-15 18:18:32
1884,401884,25,2025-09-15 18:46:14
1885,401885,56,2025-09-15 20:04:46
1886,401886,59,2025-09-15 21:17:40
1887,401887,16,2025-09-15 22:16:40
1888,401888,57,2025-09-16 00:20:54
1889,401889,1,2025-09-16 12:40:16
1890,401890,36,2025-09-16 19:22:59
1891,401891,4,2025-09-16 22:31:28
1892,401892,71,2025-09-17 00:55:02
1893,401893,43,2025-09-16 21:46:53
1894,401894,60,2025-09-17 14:38:55
1895,401895,11,2025-09-17 14:47:41
1896,401896,65,2025-09-17 17:05:27
1897,401897,44,2025-09-17 18:11:03
1898,401898,15,2025-09-17 20:41:24
1899,401899,4,2025-09-17 21:29:23
1900,401900,75,2025-09-18 00:13:13
1901,401901,32,2025-09-18 04:41:46
1902,401902,8,2025-09-18 06:53:47
1903,401903,69,2025-09-18 08:32:25
1904,401904,37,2025-09-18 15:01:31
1905,401905,17,2025-09-19 00:55:09
1906,401906,67,2025-09-18 23:57:59
1907,401907,61,2025-09-19 06:04:19
1908,401908,69,2025-09-19 06:36:13
1909,401909,12,2025-09-19 08:14:25
1910,401910,10,2025-09-19 22:43:33
1911,401911,35,2025-09-19 21:17:37
1912,401912,34,2025-09-20 02:06:43
1913,401913,35,2025-09-20 01:57:46
1914,401914,60,2025-09-20 05:20:50
1915,401915,39,2025-09-20 05:21:38
1916,401916,80,2025-09-20 14:13:48
1917,401917,45,2025-09-20 17:28:13
1918,401918,11,2025-09-20 16:55:44
1919,401919,71,2025-09-20 16:22:15
1920,401920,80,2025-09-20 22:54:38
1921,401921,11,2025-09-21 03:23:27
1922,401922,35,2025-09-21 06:51:10
1923,401923,28,2025-09-21 08:20:11
1924,401924,53,2025-09-21 08:44:24
1925,401925,15,2025-09-21 14:44:14
1926,401926,67,2025-09-21 14:24:32
1927,401927,31,2025-09-22 00:48:46
1928,401928,35,2025-09-22 06:19:01
1929,401929,72,2025-09-22 06:17:54
1930,401930,15,2025-09-22 06:50:02
1931,401931,3,2025-09-22 06:28:04
1932,401932,17,2025-09-22 12:46:02
1933,401933,35,2025-09-22 12:15:51
1934,401934,15,2025-09-22 20:26:21
1935,401935,80,2025-09-22 21:38:19
1936,401936,69,2025-09-23 01:22:24
1937,401937,10,2025-09-23 04:04:07
1938,401938,47,2025-09-23 10:11:17
1939,401939,29,2025-09-23 18:23:58
1940,401940,17,2025-09-23 16:03:19
1941,401941,45,2025-09-23 23:14:05
1942,401942,69,2025-09-24 04:38:56
1943,401943,6,2025-09-24 04:53:25
1944,401944,49,2025-09-24 08:54:14
1945,401945,59,2025-09-24 10:41:31
1946,401946,60,2025-09-24 10:06:39
1947,401947,37,2025-09-24 13:53:23
1948,401948,11,2025-09-24 15:44:10
1949,401949,13,2025-09-24 15:28:32
1950,401950,14,2025-09-24 16:52:30
1951,401951,61,2025-09-24 20:13:22
1952,401952,73,2025-09-24 20:42:48
1953,401953,3,2025-09-25 02:12:18
1954,401954,4,2025-09-25 02:05:52
1955,401955,30,2025-09-24 23:49:47
1956,401956,63,2025-09-25 03:10:21
1957,401957,32,2025-09-25 07:41:53
1958,401958,23,2025-09-25 13:02:30
1959,401959,53,2025-09-25 11:48:03
1960,401960,3,2025-09-25 16:35:34
1961,401961,57,2025-09-25 14:48:21
1962,401962,21,2025-09-25 18:38:46
1963,401963,23,2025-09-26 00:34:14
1964,401964,1,2025-09-25 23:43:19
1965,401965,50,2025-09-26 03:44:02
1966,401966,69,2025-09-26 03:54:34
1967,401967,26,2025-09-26 03:34:02
1968,401968,41,2025-09-26 02:27:30
1969,401969,18,2025-09-26 07:03:08
1970,401970,60,2025-09-26 09:39:30
1971,401971,36,2025-09-26 18:52:11
1972,401972,30,2025-09-27 01:50:53
1973,401973,53,2025-09-26 23:02:36
1974,401974,16,2025-09-27 02:50:29
1975,401975,44,2025-09-27 22:28:00
1976,401976,26,2025-09-28 01:27:06
1977,401977,38,2025-09-27 23:47:23
1978,401978,64,2025-09-28 08:54:38
1979,401979,23,2025-09-28 09:32:46
1980,401980,50,2025-09-28 22:28:16
1981,401981,16,2025-09-28 21:44:14
1982,401982,4,2025-09-29 02:16:03
1983,401983,19,2025-09-29 05:53:41
1984,401984,45,2025-09-29 08:27:53
1985,401985,43,2025-09-29 06:58:27
1986,401986,34,2025-09-29 10:25:36
1987,401987,80,2025-09-30 06:46:02
1988,401988,33,2025-09-30 09:12:09
1989,401989,67,2025-09-30 13:52:45
1990,401990,55,2025-09-30 12:57:09
1991,401991,54,2025-09-30 17:13:25
1992,401992,46,2025-09-30 18:47:04
1993,401993,35,2025-09-30 17:24:47
1994,401994,38,2025-09-30 21:28:38
1995,401995,14,2025-10-01 00:05:04
1996,401996,28,2025-10-01 03:29:10
1997,401997,14,2025-10-01 06:04:55
1998,401998,51,2025-10-01 03:55:56
1999,401999,74,2025-10-01 07:35:56
2000,402000,19,2025-10-01 08:53:11
2001,402001,53,2025-10-01 16:54:18
2002,402002,13,2025-10-01 20:33:18
2003,402003,36,2025-10-02 01:42:02
2004,402004,10,2025-10-02 01:20:21
2005,402005,62,2025-10-02 17:41:54
2006,402006,27,2025-10-02 14:23:20
2007,402007,30,2025-10-02 20:34:29
2008,402008,57,2025-10-02 20:38:21
2009,402009,36,2025-10-03 00:47:56
2010,402010,53,2025-10-03 00:47:35
2011,402011,8,2025-10-03 03:29:41
2012,402012,51,2025-10-03 02:08:22
2013,402013,31,2025-10-02 23:57:16
2014,402014,68,2025-10-03 09:47:07
2015,402015,6,2025-10-03 16:24:29
2016,402016,33,2025-10-03 21:50:54
2017,402017,1,2025-10-03 22:01:08
2018,402018,13,2025-10-04 02:51:08
2019,402019,44,2025-10-04 05:30:52
2020,402020,22,2025-10-04 12:11:20
2021,402021,37,2025-10-04 12:48:18
2022,402022,65,2025-10-04 19:44:33
2023,402023,59,2025-10-04 18:05:59
2024,402024,32,2025-10-04 19:54:28
2025,402025,35,2025-10-04 23:53:31
2026,402026,52,2025-10-05 04:59:33
2027,402027,19,2025-10-05 08:53:16
2028,402028,13,2025-10-05 11:56:44
2029,402029,75,2025-10-05 15:04:55
2030,402030,3,2025-10-05 16:36:40
2031,402031,8,2025-10-05 17:30:08
2032,402032,55,2025-10-05 21:40:55
2033,402033,51,2025-10-05 23:25:59
2034,402034,13,2025-10-06 01:05:34
2035,402035,79,2025-10-06 04:48:48
2036,402036,79,2025-10-06 01:05:59
2037,402037,30,2025-10-06 05:00:28
2038,402038,73,2025-10-06 05:49:49
2039,402039,73,2025-10-06 05:53:10
2040,402040,78,2025-10-06 09:49:56
2041,402041,54,2025-10-06 13:41:40
2042,402042,69,2025-10-06 12:01:25
2043,402043,77,2025-10-06 13:59:55
2044,402044,74,2025-10-06 18:52:48
2045,402045,60,2025-10-06 20:52:34
2046,402046,63,2025-10-07 00:53:23
2047,402047,53,2025-10-07 07:05:08
2048,402048,50,2025-10-07 13:52:39
2049,402049,57,2025-10-07 20:32:32
2050,402050,44,2025-10-07 21:59:41
2051,402051,45,2025-10-07 18:47:49
2052,402052,27,2025-10-07 21:37:07
2053,402053,67,2025-10-07 22:39:35
2054,402054,2,2025-10-07 22:35:56
2055,402055,59,2025-10-08 01:16:52
2056,402056,33,2025-10-08 05:39:16
2057,402057,10,2025-10-08 06:47:28
2058,402058,16,2025-10-08 13:51:17
2059,402059,42,2025-10-08 11:44:00
2060,402060,74,2025-10-08 13:34:03
2061,402061,49,2025-10-08 10:11:17
2062,402062,56,2025-10-08 18:57:32
2063,402063,43,2025-10-08 21:32:55
2064,402064,77,2025-10-09 03:24:21
2065,402065,70,2025-10-09 11:48:12
2066,402066,9,2025-10-09 21:48:32
2067,402067,14,2025-10-09 19:00:47
2068,402068,16,2025-10-10 01:28:43
2069,402069,41,2025-10-10 04:09:56
2070,402070,54,2025-10-10 07:32:32
2071,402071,31,2025-10-10 08:17:05
2072,402072,8,2025-10-10 06:20:15
2073,402073,36,2025-10-10 05:27:11
2074,402074,21,2025-10-10 21:14:45
2075,402075,34,2025-10-11 02:00:57
2076,402076,8,2025-10-10 22:09:20
2077,402077,11,2025-10-11 08:24:18
2078,402078,37,2025-10-11 10:27:59
2079,402079,3,2025-10-11 09:22:35
2080,402080,17,2025-10-11 14:03:41
2081,402081,51,2025-10-11 16:11:52
2082,402082,26,2025-10-11 13:58:39
2083,402083,56,2025-10-11 15:34:15
2084,402084,64,2025-10-11 18:40:45
2085,402085,1,2025-10-11 21:37:29
2086,402086,68,2025-10-12 00:09:41
2087,402087,68,2025-10-11 21:01:51
2088,402088,5,2025-10-12 01:54:41
2089,402089,76,2025-10-12 02:30:52
2090,402090,62,2025-10-12 03:41:59
2091,402091,53,2025-10-12 05:31:51
2092,402092,47,2025-10-12 09:55:53
2093,402093,38,2025-10-12 12:15:04
2094,402094,15,2025-10-12 20:39:45
2095,402095,35,2025-10-13 02:21:56
2096,402096,79,2025-10-13 01:07:12
2097,402097,51,2025-10-13 04:07:21
2098,402098,17,2025-10-13 04:44:59
2099,402099,33,2025-10-13 06:21:44
2100,402100,36,2025-10-13 08:02:42
2101,402101,34,2025-10-13 09:29:42
2102,402102,59,2025-10-13 07:11:51
2103,402103,39,2025-10-14 02:38:49
2104,402104,36,2025-10-14 06:01:36
2105,402105,25,2025-10-14 09:25:01
2106,402106,30,2025-10-14 11:45:47
2107,402107,38,2025-10-14 11:56:06
2108,402108,53,2025-10-14 18:40:38
2109,402109,11,2025-10-14 18:12:37
2110,402110,77,2025-10-14 20:39:58
2111,402111,57,2025-10-14 22:52:33
2112,402112,66,2025-10-14 22:04:57
2113,402113,26,2025-10-15 00:09:29
2114,402114,45,2025-10-15 06:54:43
2115,402115,38,2025-10-15 07:02:24
2116,402116,70,2025-10-15 15:06:21
2117,402117,26,2025-10-15 17:22:02
2118,402118,80,2025-10-15 22:59:13
2119,402119,33,2025-10-15 22:45:31
2120,402120,19,2025-10-16 06:57:43
2121,402121,49,2025-10-16 14:09:41
2122,402122,1,2025-10-16 16:35:48
2123,402123,75,2025-10-16 18:23:28
2124,402124,36,2025-10-16 19:34:45
2125,402125,65,2025-10-16 17:31:58
2126,402126,13,2025-10-16 22:21:53
2127,402127,70,2025-10-16 19:39:45
2128,402128,11,2025-10-17 02:07:19
2129,402129,41,2025-10-17 09:33:17
2130,402130,7,2025-10-17 16:23:11
2131,402131,21,2025-10-17 21:25:41
2132,402132,28,2025-10-18 01:07:02
2133,402133,24,2025-10-18 06:27:53
2134,402134,61,2025-10-18 03:25:22
2135,402135,10,2025-10-18 14:23:10
2136,402136,68,2025-10-18 14:45:35
2137,402137,78,2025-10-18 16:26:19
2138,402138,5,2025-10-18 15:11:36
2139,402139,64,2025-10-18 15:23:13
2140,402140,73,2025-10-18 18:02:04
2141,402141,75,2025-10-18 19:47:34
2142,402142,56,2025-10-19 00:03:44
2143,402143,8,2025-10-19 09:24:34
2144,402144,71,2025-10-19 11:17:33
2145,402145,48,2025-10-19 18:46:38
2146,402146,75,2025-10-19 23:16:37
2147,402147,76,2025-10-20 00:01:20
2148,402148,74,2025-10-20 06:33:33
2149,402149,9,2025-10-20 11:33:02
2150,402150,60,2025-10-20 07:41:29
2151,402151,34,2025-10-20 08:08:01
2152,402152,17,2025-10-20 14:21:38
2153,402153,44,2025-10-21 00:38:12
2154,402154,30,2025-10-21 06:51:06
2155,402155,16,2025-10-21 06:23:39
2156,402156,46,2025-10-21 07:07:46
2157,402157,8,2025-10-21 04:17:47
2158,402158,4,2025-10-21 14:26:41
2159,402159,32,2025-10-21 13:23:18
2160,402160,24,2025-10-21 17:50:52
2161,402161,27,2025-10-21 20:11:05
2162,402162,11,2025-10-21 21:29:15
2163,402163,45,2025-10-21 23:11:55
2164,402164,45,2025-10-21 21:59:53
2165,402165,39,2025-10-21 23:51:55
2166,402166,27,2025-10-22 02:55:13
2167,402167,31,2025-10-22 03:35:36
2168,402168,73,2025-10-22 08:19:12
2169,402169,62,2025-10-22 13:13:09
2170,402170,23,2025-10-22 17:58:52
2171,402171,54,2025-10-22 16:31:38
2172,402172,43,2025-10-22 20:14:44
2173,402173,62,2025-10-23 02:56:57
2174,402174,80,2025-10-23 08:49:23
2175,402175,40,2025-10-23 15:37:31
2176,402176,31,2025-10-23 17:01:31
2177,402177,13,2025-10-23 17:39:21
2178,402178,14,2025-10-24 03:09:22
2179,402179,71,2025-10-24 00:03:41
2180,402180,12,2025-10-24 03:36:22
2181,402181,18,2025-10-24 09:38:09
2182,402182,42,2025-10-24 18:39:14
2183,402183,53,2025-10-24 18:32:02
2184,402184,1,2025-10-24 23:21:30
2185,402185,46,2025-10-25 01:15:00
2186,402186,2,2025-10-25 05:30:05
2187,402187,5,2025-10-25 09:34:11
2188,402188,32,2025-10-25 06:48:02
2189,402189,69,2025-10-25 14:23:09
2190,402190,32,2025-10-25 18:15:31
2191,402191,55,2025-10-25 19:45:49
2192,402192,23,2025-10-25 22:49:45
2193,402193,1,2025-10-26 04:02:07
2194,402194,70,2025-10-26 08:49:32
2195,402195,28,2025-10-26 09:05:34
2196,402196,41,2025-10-26 11:58:54
2197,402197,35,2025-10-26 12:01:14
2198,402198,79,2025-10-26 15:09:52
2199,402199,4,2025-10-26 21:49:18
2200,402200,70,2025-10-26 18:13:47
2201,402201,57,2025-10-27 07:49:03
2202,402202,45,2025-10-27 06:30:50
2203,402203,64,2025-10-27 15:18:28
2204,402204,76,2025-10-27 16:20:43
2205,402205,18,2025-10-27 21:21:41
2206,402206,38,2025-10-27 20:50:23
2207,402207,51,2025-10-27 17:48:30
2208,402208,44,2025-10-27 23:39:00
2209,402209,73,2025-10-28 06:45:05
2210,402210,18,2025-10-28 06:51:45
2211,402211,5,2025-10-28 11:16:41
2212,402212,78,2025-10-28 10:14:14
2213,402213,79,2025-10-28 12:57:49
2214,402214,47,2025-10-28 11:13:29
2215,402215,45,2025-10-28 18:09:54
2216,402216,66,2025-10-28 18:56:07
2217,402217,25,2025-10-28 22:29:06
2218,402218,4,2025-10-29 04:07:50
2219,402219,36,2025-10-29 05:14:17
2220,402220,54,2025-10-29 08:48:50
2221,402221,21,2025-10-29 04:49:43
2222,402222,65,2025-10-29 07:58:37
2223,402223,53,2025-10-29 08:37:21
2224,402224,58,2025-10-29 07:35:59
2225,402225,51,2025-10-29 10:35:30
2226,402226,34,2025-10-29 14:07:33
2227,402227,12,2025-10-29 15:15:47
2228,402228,55,2025-10-29 14:21:47
2229,402229,44,2025-10-29 19:27:45
2230,402230,53,2025-10-30 01:01:38
2231,402231,49,2025-10-30 08:25:33
2232,402232,67,2025-10-30 17:46:59
2233,402233,6,2025-10-30 20:39:19
2234,402234,68,2025-10-31 06:29:15
2235,402235,8,2025-10-31 11:36:31
2236,402236,3,2025-10-31 10:51:14
2237,402237,40,2025-10-31 15:24:18
2238,402238,34,2025-10-31 15:12:29
2239,402239,76,2025-11-01 00:12:40
2240,402240,26,2025-11-01 00:20:10
2241,402241,25,2025-11-01 04:01:14
2242,402242,75,2025-11-01 01:00:01
2243,402243,9,2025-11-01 01:48:35
2244,402244,50,2025-11-01 06:05:24
2245,402245,78,2025-11-01 07:34:03
2246,402246,58,2025-11-01 07:56:58
2247,402247,16,2025-11-01 13:37:40
2248,402248,72,2025-11-01 15:13:45
2249,402249,36,2025-11-01 17:04:14
2250,402250,20,2025-11-01 17:35:23
2251,402251,43,2025-11-01 18:55:17
2252,402252,18,2025-11-01 17:56:09
2253,402253,21,2025-11-02 00:10:33
2254,402254,49,2025-11-01 22:55:51
2255,402255,48,2025-11-02 12:45:21
2256,402256,17,2025-11-02 15:14:28
2257,402257,8,2025-11-02 16:46:20
2258,402258,50,2025-11-03 08:01:41
2259,402259,46,2025-11-03 05:45:27
2260,402260,10,2025-11-03 06:42:44
2261,402261,41,2025-11-03 10:01:08
2262,402262,13,2025-11-03 09:58:29
2263,402263,61,2025-11-03 08:57:40
2264,402264,22,2025-11-03 14:33:28
2265,402265,47,2025-11-03 11:12:00
2266,402266,57,2025-11-04 01:59:51
2267,402267,76,2025-11-04 02:53:18
2268,402268,29,2025-11-04 04:24:25
2269,402269,47,2025-11-04 06:13:01
2270,402270,46,2025-11-04 13:34:27
2271,402271,65,2025-11-04 15:34:00
2272,402272,54,2025-11-04 16:37:06
2273,402273,28,2025-11-04 18:23:51
2274,402274,20,2025-11-04 21:48:53
2275,402275,62,2025-11-05 00:45:24
2276,402276,38,2025-11-05 10:39:24
2277,402277,65,2025-11-05 10:11:05
2278,402278,11,2025-11-05 10:09:14
2279,402279,24,2025-11-05 15:15:25
2280,402280,10,2025-11-05 18:40:40
2281,402281,74,2025-11-05 23:08:48
2282,402282,44,2025-11-06 01:09:12
2283,402283,22,2025-11-06 02:45:25
2284,402284,7,2025-11-06 05:57:50
2285,402285,75,2025-11-06 06:10:08
2286,402286,54,2025-11-06 16:24:58
2287,402287,1,2025-11-06 20:06:18
2288,402288,28,2025-11-07 02:30:39
2289,402289,69,2025-11-07 03:48:27
2290,402290,62,2025-11-07 11:35:09
2291,402291,56,2025-11-07 11:45:35
2292,402292,74,2025-11-07 17:07:54
2293,402293,66,2025-11-07 18:44:19
2294,402294,25,2025-11-07 22:53:32
2295,402295,5,2025-11-08 07:35:42
2296,402296,50,2025-11-08 03:49:09
2297,402297,44,2025-11-08 06:01:52
2298,402298,7,2025-11-08 10:54:26
2299,402299,7,2025-11-08 09:19:14
2300,402300,5,2025-11-08 20:13:39
2301,402301,71,2025-11-09 00:15:41
2302,402302,30,2025-11-08 22:41:37
2303,402303,44,2025-11-09 05:22:14
2304,402304,12,2025-11-09 03:28:53
2305,402305,67,2025-11-09 04:55:07
2306,402306,74,2025-11-09 05:44:27
2307,402307,67,2025-11-09 06:51:20
2308,402308,11,2025-11-09 10:54:16
2309,402309,46,2025-11-09 08:25:19
2310,402310,61,2025-11-09 13:08:53
2311,402311,78,2025-11-09 10:39:31
2312,402312,43,2025-11-09 17:12:41
2313,402313,16,2025-11-09 21:06:30
2314,402314,30,2025-11-09 19:21:17
2315,402315,69,2025-11-10 01:00:42
2316,402316,42,2025-11-10 01:09:45
2317,402317,28,2025-11-10 13:36:33
2318,402318,37,2025-11-11 01:30:03
2319,402319,12,2025-11-10 21:20:32
2320,402320,20,2025-11-11 06:10:39
2321,402321,63,2025-11-11 06:29:20
2322,402322,25,2025-11-11 15:35:02
2323,402323,15,2025-11-11 16:59:36
2324,402324,58,2025-11-11 20:02:13
2325,402325,42,2025-11-11 21:47:33
2326,402326,80,2025-11-12 04:57:12
2327,402327,21,2025-11-12 08:33:50
2328,402328,50,2025-11-12 19:27:18
2329,402329,35,2025-11-12 18:48:19
2330,402330,63,2025-11-12 19:27:07
2331,402331,9,2025-11-12 21:34:46
2332,402332,78,2025-11-12 22:06:26
2333,402333,67,2025-11-13 00:04:29
2334,402334,55,2025-11-13 00:00:31
2335,402335,38,2025-11-13 02:13:59
2336,402336,25,2025-11-13 13:48:17
2337,402337,52,2025-11-13 21:42:57
2338,402338,52,2025-11-13 20:55:04
2339,402339,15,2025-11-13 20:44:36
2340,402340,51,2025-11-14 12:51:28
2341,402341,25,2025-11-14 09:29:38
2342,402342,30,2025-11-14 11:05:02
2343,402343,13,2025-11-14 16:57:24
2344,402344,45,2025-11-14 23:18:19
2345,402345,34,2025-11-15 03:50:09
2346,402346,66,2025-11-15 02:27:50
2347,402347,50,2025-11-15 04:16:14
2348,402348,15,2025-11-15 06:46:09
2349,402349,24,2025-11-15 12:39:57
2350,402350,36,2025-11-15 14:44:55
2351,402351,51,2025-11-15 16:33:36
2352,402352,24,2025-11-16 00:32:05
2353,402353,68,2025-11-16 09:31:58
2354,402354,57,2025-11-16 06:56:30
2355,402355,65,2025-11-16 09:18:13
2356,402356,50,2025-11-16 15:31:58
2357,402357,47,2025-11-16 20:21:53
2358,402358,42,2025-11-16 18:49:13
2359,402359,43,2025-11-16 23:51:21
2360,402360,62,2025-11-17 06:46:46
2361,402361,61,2025-11-17 10:11:22
2362,402362,38,2025-11-17 20:37:59
2363,402363,14,2025-11-17 21:28:45
2364,402364,57,2025-11-17 18:44:23
2365,402365,5,2025-11-18 01:13:34
2366,402366,49,2025-11-18 13:00:50
2367,402367,73,2025-11-18 09:56:38
2368,402368,60,2025-11-18 11:35:03
2369,402369,62,2025-11-18 14:34:21
2370,402370,60,2025-11-18 23:11:45
2371,402371,12,2025-11-19 05:28:33
2372,402372,23,2025-11-19 07:48:54
2373,402373,11,2025-11-19 05:58:49
2374,402374,72,2025-11-19 06:42:56
2375,402375,30,2025-11-19 12:27:19
2376,402376,53,2025-11-19 11:53:09
2377,402377,41,2025-11-19 12:59:59
2378,402378,49,2025-11-19 20:05:54
2379,402379,34,2025-11-19 21:14:27
2380,402380,73,2025-11-20 00:50:16
2381,402381,69,2025-11-20 05:54:56
2382,402382,73,2025-11-20 08:02:16
2383,402383,54,2025-11-21 02:44:07
2384,402384,3,2025-11-21 06:26:52
2385,402385,30,2025-11-21 06:07:45
2386,402386,66,2025-11-21 05:48:37
2387,402387,61,2025-11-21 08:29:33
2388,402388,30,2025-11-21 14:42:29
2389,402389,23,2025-11-21 20:49:15
2390,402390,34,2025-11-22 02:21:41
2391,402391,31,2025-11-21 22:37:49
2392,402392,13,2025-11-22 01:23:12
2393,402393,34,2025-11-22 05:48:28
2394,402394,16,2025-11-22 12:14:57
2395,402395,21,2025-11-22 13:11:21
2396,402396,39,2025-11-22 13:27:04
2397,402397,23,2025-11-22 14:55:47
2398,402398,47,2025-11-22 17:17:08
2399,402399,40,2025-11-22 16:48:33
2400,402400,77,2025-11-22 18:57:37
2401,402401,38,2025-11-23 02:57:40
2402,402402,32,2025-11-23 01:10:27
2403,402403,23,2025-11-23 06:58:17
2404,402404,24,2025-11-23 09:07:43
2405,402405,22,2025-11-23 14:13:32
2406,402406,31,2025-11-23 14:46:13
2407,402407,65,2025-11-23 19:58:44
2408,402408,4,2025-11-23 21:36:40
2409,402409,63,2025-11-24 03:26:07
2410,402410,63,2025-11-24 05:18:55
2411,402411,67,2025-11-24 12:40:25
2412,402412,78,2025-11-24 14:03:55
2413,402413,30,2025-11-24 14:07:51
2414,402414,53,2025-11-24 17:40:17
2415,402415,71,2025-11-25 05:17:49
2416,402416,74,2025-11-25 05:48:15
2417,402417,32,2025-11-25 09:23:09
2418,402418,66,2025-11-25 11:14:06
2419,402419,44,2025-11-25 12:54:14
2420,402420,5,2025-11-25 12:16:26
2421,402421,45,2025-11-25 21:24:38
2422,402422,42,2025-11-26 04:37:56
2423,402423,66,2025-11-26 11:23:19
2424,402424,68,2025-11-26 14:00:55
2425,402425,21,2025-11-26 17:01:46
2426,402426,45,2025-11-26 15:00:35
2427,402427,65,2025-11-26 17:25:41
2428,402428,62,2025-11-27 03:25:56
2429,402429,20,2025-11-27 13:06:27
2430,402430,3,2025-11-27 15:56:51
2431,402431,60,2025-11-27 18:50:24
2432,402432,49,2025-11-27 17:35:42
2433,402433,61,2025-11-27 21:05:12
2434,402434,35,2025-11-28 03:06:06
2435,402435,29,2025-11-28 08:00:18
2436,402436,47,2025-11-28 12:40:53
2437,402437,28,2025-11-28 16:56:58
2438,402438,5,2025-11-28 17:44:38
2439,402439,20,2025-11-28 22:33:01
2440,402440,59,2025-11-29 01:27:41
2441,402441,69,2025-11-29 08:13:46
2442,402442,48,2025-11-29 02:52:59
2443,402443,23,2025-11-29 07:23:56
2444,402444,7,2025-11-29 11:08:06
2445,402445,55,2025-11-29 15:55:36
2446,402446,18,2025-11-30 08:11:57
2447,402447,78,2025-11-30 13:57:34
2448,402448,47,2025-11-30 12:02:35
2449,402449,5,2025-11-30 13:52:49
2450,402450,66,2025-11-30 11:47:58
2451,402451,69,2025-11-30 16:18:10
2452,402452,79,2025-11-30 21:14:02
2453,402453,4,2025-11-30 20:05:45
2454,402454,11,2025-11-30 18:29:20
2455,402455,21,2025-11-30 22:32:31
2456,402456,69,2025-12-01 01:43:52
2457,402457,59,2025-12-01 04:44:55
2458,402458,29,2025-12-01 04:26:22
2459,402459,68,2025-12-01 09:12:37
2460,402460,11,2025-12-01 12:19:17
2461,402461,54,2025-12-01 11:15:09
2462,402462,77,2025-12-01 14:30:30
2463,402463,51,2025-12-01 17:11:29
2464,402464,63,2025-12-02 01:43:51
2465,402465,26,2025-12-01 23:40:34
2466,402466,13,2025-12-02 03:59:01
2467,402467,61,2025-12-02 03:33:09
2468,402468,57,2025-12-02 10:35:52
2469,402469,63,2025-12-02 14:43:50
2470,402470,54,2025-12-03 12:31:26
2471,402471,6,2025-12-03 15:08:21
2472,402472,12,2025-12-03 11:24:10
2473,402473,54,2025-12-03 20:23:21
2474,402474,63,2025-12-04 04:32:57
2475,402475,19,2025-12-04 04:42:51
2476,402476,46,2025-12-04 01:13:41
2477,402477,25,2025-12-04 08:15:02
2478,402478,80,2025-12-04 12:41:05
2479,402479,52,2025-12-04 14:53:04
2480,402480,50,2025-12-04 20:25:26
2481,402481,26,2025-12-04 23:24:28
2482,402482,5,2025-12-04 22:27:52
2483,402483,36,2025-12-05 10:15:51
2484,402484,18,2025-12-05 10:07:28
2485,402485,30,2025-12-05 13:56:13
2486,402486,8,2025-12-05 14:06:37
2487,402487,69,2025-12-05 13:19:22
2488,402488,75,2025-12-05 19:42:04
2489,402489,24,2025-12-06 02:46:35
2490,402490,12,2025-12-06 05:42:05
2491,402491,25,2025-12-06 08:24:48
2492,402492,28,2025-12-06 16:52:55
2493,402493,8,2025-12-06 17:51:27
2494,402494,13,2025-12-06 19:18:25
2495,402495,29,2025-12-06 21:18:56
2496,402496,4,2025-12-06 21:51:03
2497,402497,32,2025-12-07 07:06:56
2498,402498,19,2025-12-07 15:19:38
2499,402499,17,2025-12-07 15:26:38
2500,402500,18,2025-12-07 18:50:42
2501,402501,15,2025-12-08 01:34:23
2502,402502,72,2025-12-08 01:03:23
2503,402503,2,2025-12-08 03:14:00
2504,402504,23,2025-12-08 01:08:54
2505,402505,70,2025-12-08 02:51:22
2506,402506,27,2025-12-08 02:54:08
2507,402507,57,2025-12-08 03:43:21
2508,402508,36,2025-12-08 09:05:27
2509,402509,48,2025-12-08 08:19:13
2510,402510,22,2025-12-08 10:27:15
2511,402511,32,2025-12-08 12:14:59
2512,402512,1,2025-12-08 14:17:09
2513,402513,7,2025-12-08 20:31:07
2514,402514,52,2025-12-08 20:37:06
2515,402515,11,2025-12-08 22:59:28
2516,402516,47,2025-12-09 03:29:09
2517,402517,40,2025-12-09 09:10:11
2518,402518,9,2025-12-09 13:59:00
2519,402519,78,2025-12-09 10:16:35
2520,402520,67,2025-12-09 14:16:30
2521,402521,77,2025-12-09 12:54:14
2522,402522,46,2025-12-10 08:30:53
2523,402523,23,2025-12-10 09:49:15
2524,402524,79,2025-12-10 13:00:28
2525,402525,49,2025-12-10 16:33:10
2526,402526,23,2025-12-10 15:04:46
2527,402527,22,2025-12-10 16:24:24
2528,402528,24,2025-12-10 17:22:14
2529,402529,29,2025-12-11 02:20:34
2530,402530,49,2025-12-11 04:57:09
2531,402531,21,2025-12-11 14:07:52
2532,402532,65,2025-12-11 16:36:38
2533,402533,8,2025-12-11 22:50:21
2534,402534,63,2025-12-11 21:39:09
2535,402535,27,2025-12-12 02:16:22
2536,402536,42,2025-12-12 01:38:20
2537,402537,22,2025-12-12 05:42:15
2538,402538,46,2025-12-12 02:42:57
2539,402539,32,2025-12-12 04:44:25
2540,402540,64,2025-12-12 06:43:04
2541,402541,27,2025-12-12 07:54:21
2542,402542,12,2025-12-12 08:11:54
2543,402543,63,2025-12-12 12:41:51
2544,402544,71,2025-12-12 16:50:42
2545,402545,79,2025-12-12 17:00:13
2546,402546,33,2025-12-12 23:56:08
2547,402547,37,2025-12-12 19:48:02
2548,402548,36,2025-12-13 01:42:47
2549,402549,21,2025-12-13 05:04:13
2550,402550,26,2025-12-13 02:51:55
2551,402551,26,2025-12-13 07:04:09
2552,402552,26,2025-12-13 09:50:17
2553,402553,20,2025-12-13 09:55:46
2554,402554,79,2025-12-13 22:33:56
2555,402555,46,2025-12-13 21:50:53
2556,402556,22,2025-12-13 20:20:31
2557,402557,65,2025-12-14 00:38:07
2558,402558,60,2025-12-14 13:31:42
2559,402559,5,2025-12-14 11:34:09
2560,402560,56,2025-12-14 12:15:20
2561,402561,68,2025-12-14 16:12:06
2562,402562,39,2025-12-14 15:29:17
2563,402563,39,2025-12-14 22:54:23
2564,402564,47,2025-12-14 21:46:46
2565,402565,64,2025-12-15 03:21:18
2566,402566,33,2025-12-15 17:55:34
2567,402567,34,2025-12-15 18:48:10
2568,402568,40,2025-12-15 21:46:23
2569,402569,42,2025-12-16 03:42:23
2570,402570,21,2025-12-16 02:19:47
2571,402571,45,2025-12-16 04:29:16
2572,402572,14,2025-12-16 02:48:03
2573,402573,69,2025-12-16 07:06:25
2574,402574,30,2025-12-16 12:01:37
2575,402575,57,2025-12-16 19:28:05
2576,402576,73,2025-12-17 01:26:35
2577,402577,42,2025-12-17 04:56:42
2578,402578,41,2025-12-17 02:51:51
2579,402579,14,2025-12-17 04:01:16
2580,402580,54,2025-12-17 06:36:38
2581,402581,38,2025-12-17 10:04:02
2582,402582,27,2025-12-17 12:20:22
2583,402583,28,2025-12-17 14:04:06
2584,402584,79,2025-12-17 11:13:40
2585,402585,70,2025-12-17 18:50:28
2586,402586,57,2025-12-17 17:40:58
2587,402587,6,2025-12-17 22:44:40
2588,402588,26,2025-12-18 02:53:29
2589,402589,31,2025-12-18 02:02:23
2590,402590,55,2025-12-18 11:45:32
2591,402591,17,2025-12-18 12:54:34
2592,402592,7,2025-12-18 12:24:41
2593,402593,22,2025-12-18 21:17:54
2594,402594,79,2025-12-18 23:22:46
2595,402595,36,2025-12-19 02:35:15
2596,402596,19,2025-12-19 03:52:12
2597,402597,39,2025-12-19 07:42:49
2598,402598,67,2025-12-19 07:44:57
2599,402599,42,2025-12-19 13:59:09
2600,402600,1,2025-12-19 15:48:45
2601,402601,16,2025-12-19 11:04:50
2602,402602,10,2025-12-19 14:19:55
2603,402603,38,2025-12-19 15:05:47
2604,402604,74,2025-12-19 16:05:00
2605,402605,46,2025-12-19 19:48:31
2606,402606,70,2025-12-19 21:34:51
2607,402607,5,2025-12-20 04:05:21
2608,402608,55,2025-12-20 06:29:11
2609,402609,66,2025-12-20 08:54:07
2610,402610,76,2025-12-20 11:04:31
2611,402611,51,2025-12-20 07:18:38
2612,402612,57,2025-12-20 08:47:39
2613,402613,30,2025-12-20 18:24:56
2614,402614,66,2025-12-20 13:57:18
2615,402615,20,2025-12-21 03:46:32
2616,402616,68,2025-12-21 05:00:39
2617,402617,33,2025-12-21 14:23:33
2618,402618,45,2025-12-21 16:56:55
2619,402619,35,2025-12-21 14:18:46
2620,402620,8,2025-12-21 17:48:34
2621,402621,11,2025-12-21 22:18:06
2622,402622,25,2025-12-22 02:36:58
2623,402623,55,2025-12-22 07:34:28
2624,402624,60,2025-12-22 07:57:51
2625,402625,49,2025-12-22 20:54:07
2626,402626,14,2025-12-22 22:37:56
2627,402627,23,2025-12-23 06:30:24
2628,402628,3,2025-12-23 04:44:48
2629,402629,51,2025-12-23 08:55:57
2630,402630,10,2025-12-23 13:28:27
2631,402631,1,2025-12-23 12:33:36
2632,402632,35,2025-12-23 15:30:29
2633,402633,48,2025-12-23 18:27:50
2634,402634,21,2025-12-23 22:58:25
2635,402635,47,2025-12-24 09:08:00
2636,402636,70,2025-12-24 08:02:25
2637,402637,54,2025-12-24 07:33:42
2638,402638,58,2025-12-24 08:51:06
2639,402639,26,2025-12-24 07:48:40
2640,402640,79,2025-12-24 12:28:10
2641,402641,4,2025-12-24 18:09:23
2642,402642,66,2025-12-24 22:08:16
2643,402643,44,2025-12-24 23:32:24
2644,402644,62,2025-12-25 01:29:43
2645,402645,29,2025-12-25 08:34:46
2646,402646,55,2025-12-25 07:12:45
2647,402647,36,2025-12-25 07:52:16
2648,402648,16,2025-12-25 15:18:19
2649,402649,40,2025-12-25 16:12:58
2650,402650,45,2025-12-25 17:34:39
2651,402651,17,2025-12-25 17:23:14
2652,402652,42,2025-12-25 18:59:18
2653,402653,73,2025-12-25 21:27:12
2654,402654,64,2025-12-26 00:16:25
2655,402655,32,2025-12-26 03:57:42
2656,402656,78,2025-12-26 03:04:41
2657,402657,12,2025-12-26 03:57:49
2658,402658,18,2025-12-26 05:16:39
2659,402659,42,2025-12-26 08:13:58
2660,402660,8,2025-12-26 16:11:02
2661,402661,14,2025-12-26 12:44:52
2662,402662,16,2025-12-26 18:57:38
2663,402663,38,2025-12-26 21:45:41
2664,402664,44,2025-12-26 20:57:58
2665,402665,40,2025-12-26 22:29:17
2666,402666,53,2025-12-27 02:49:36
2667,402667,32,2025-12-27 02:51:49
2668,402668,20,2025-12-27 03:59:59
2669,402669,62,2025-12-27 04:12:02
2670,402670,31,2025-12-27 04:17:00
2671,402671,19,2025-12-27 07:14:24
2672,402672,9,2025-12-27 09:47:52
2673,402673,64,2025-12-27 13:54:59
2674,402674,34,2025-12-27 19:49:07
2675,402675,15,2025-12-28 01:33:29
2676,402676,65,2025-12-27 22:28:46
2677,402677,44,2025-12-27 23:56:22
2678,402678,68,2025-12-27 23:33:33
2679,402679,19,2025-12-28 17:41:17
2680,402680,13,2025-12-29 06:02:05
2681,402681,19,2025-12-29 06:34:51
2682,402682,15,2025-12-29 07:10:51
2683,402683,68,2025-12-29 09:00:30
2684,402684,67,2025-12-29 06:55:36
2685,402685,56,2025-12-29 09:42:28
2686,402686,11,2025-12-29 14:15:42
2687,402687,31,2025-12-29 15:58:50
2688,402688,44,2025-12-29 17:16:19
2689,402689,53,2025-12-29 19:52:20
2690,402690,34,2025-12-30 04:04:17
2691,402691,33,2025-12-30 14:40:26
2692,402692,75,2025-12-30 17:59:23
2693,402693,1,2025-12-31 03:44:28
2694,402694,64,2025-12-31 03:48:24
2695,402695,14,2025-12-31 04:33:08
2696,402696,33,2025-12-31 10:54:06
2697,402697,59,2025-12-31 06:31:29
2698,402698,54,2025-12-31 08:29:26
2699,402699,68,2025-12-31 11:22:40
2700,402700,24,2025-12-31 12:28:18
2701,402701,59,2025-12-31 14:52:58
2702,402702,14,2025-12-31 19:35:40
2703,402703,13,2026-01-01 01:46:03
2704,402704,34,2025-12-31 22:59:55
2705,402705,9,2026-01-01 04:56:02
2706,402706,28,2026-01-01 06:02:30
2707,402707,28,2026-01-01 07:07:43
2708,402708,2,2026-01-01 05:44:12
2709,402709,33,2026-01-01 16:45:22
2710,402710,18,2026-01-01 19:46:54
2711,402711,4,2026-01-01 18:09:03
2712,402712,4,2026-01-01 21:37:18
2713,402713,46,2026-01-01 20:35:20
2714,402714,10,2026-01-01 21:59:11
2715,402715,42,2026-01-02 01:03:39
2716,402716,32,2026-01-02 02:28:17
2717,402717,43,2026-01-02 05:16:51
2718,402718,4,2026-01-02 08:34:48
2719,402719,19,2026-01-02 10:50:35
2720,402720,53,2026-01-02 14:51:17
2721,402721,66,2026-01-02 17:43:45
2722,402722,34,2026-01-02 12:38:29
2723,402723,63,2026-01-02 18:07:11
2724,402724,6,2026-01-02 15:16:45
2725,402725,39,2026-01-02 19:28:13
2726,402726,52,2026-01-02 20:40:48
2727,402727,55,2026-01-02 21:50:58
2728,402728,62,2026-01-03 00:20:34
2729,402729,19,2026-01-03 04:32:08
2730,402730,12,2026-01-03 08:49:55
2731,402731,58,2026-01-03 12:59:33
2732,402732,30,2026-01-03 08:53:12
2733,402733,34,2026-01-03 11:50:24
2734,402734,31,2026-01-03 13:05:46
2735,402735,9,2026-01-03 12:59:50
2736,402736,72,2026-01-03 17:21:41
2737,402737,23,2026-01-03 22:13:42
2738,402738,20,2026-01-03 23:01:11
2739,402739,72,2026-01-03 21:25:49
2740,402740,60,2026-01-04 02:59:28
2741,402741,71,2026-01-04 04:43:33
2742,402742,29,2026-01-04 07:00:11
2743,402743,8,2026-01-04 12:38:12
2744,402744,3,2026-01-04 12:33:18
2745,402745,66,2026-01-04 12:42:04
2746,402746,41,2026-01-04 17:53:54
2747,402747,74,2026-01-04 23:10:59
2748,402748,64,2026-01-04 23:15:35
2749,402749,53,2026-01-05 05:52:44
2750,402750,41,2026-01-05 19:38:54
2751,402751,15,2026-01-05 18:13:08
2752,402752,67,2026-01-05 22:11:40
2753,402753,21,2026-01-05 22:25:33
2754,402754,30,2026-01-05 21:39:32
2755,402755,60,2026-01-06 08:35:09
2756,402756,43,2026-01-06 08:34:54
2757,402757,37,2026-01-06 11:02:51
2758,402758,36,2026-01-06 22:09:45
2759,402759,7,2026-01-06 21:26:05
2760,402760,33,2026-01-06 19:27:06
2761,402761,8,2026-01-07 03:20:42
2762,402762,22,2026-01-07 01:41:08
2763,402763,48,2026-01-07 05:44:40
2764,402764,18,2026-01-07 07:53:09
2765,402765,5,2026-01-07 17:51:40
2766,402766,25,2026-01-07 15:27:55
2767,402767,78,2026-01-08 02:03:13
2768,402768,47,2026-01-08 09:19:45
2769,402769,58,2026-01-08 18:11:09
2770,402770,41,2026-01-08 23:00:30
2771,402771,65,2026-01-08 23:00:01
2772,402772,66,2026-01-09 03:06:48
2773,402773,75,2026-01-09 10:12:35
2774,402774,58,2026-01-09 11:36:03
2775,402775,53,2026-01-09 07:56:47
2776,402776,69,2026-01-09 14:39:31
2777,402777,70,2026-01-09 14:28:02
2778,402778,1,2026-01-09 14:58:11
2779,402779,45,2026-01-09 15:20:42
2780,402780,15,2026-01-09 17:06:51
2781,402781,71,2026-01-09 18:32:15
2782,402782,68,2026-01-09 22:01:20
2783,402783,18,2026-01-10 20:41:36
2784,402784,46,2026-01-10 16:33:10
2785,402785,3,2026-01-11 02:53:22
2786,402786,13,2026-01-11 03:59:13
2787,402787,28,2026-01-11 05:07:17
2788,402788,10,2026-01-11 09:39:13
2789,402789,52,2026-01-11 16:22:37
2790,402790,14,2026-01-11 14:31:19
2791,402791,64,2026-01-11 21:01:35
2792,402792,14,2026-01-12 01:44:01
2793,402793,11,2026-01-12 00:47:12
2794,402794,51,2026-01-12 04:26:55
2795,402795,3,2026-01-12 05:44:38
2796,402796,6,2026-01-12 09:54:49
2797,402797,14,2026-01-12 10:06:12
2798,402798,49,2026-01-12 14:01:40
2799,402799,74,2026-01-12 14:29:30
2800,402800,1,2026-01-12 17:09:11
2801,402801,38,2026-01-12 14:36:02
2802,402802,73,2026-01-12 16:54:42
2803,402803,45,2026-01-12 18:02:57
2804,402804,1,2026-01-13 05:33:07
2805,402805,52,2026-01-13 23:09:50
2806,402806,8,2026-01-13 23:36:26
2807,402807,61,2026-01-14 09:46:48
2808,402808,35,2026-01-14 08:24:53
2809,402809,7,2026-01-14 13:57:21
2810,402810,63,2026-01-14 21:58:58
2811,402811,14,2026-01-15 17:06:41
2812,402812,65,2026-01-15 15:01:08
2813,402813,11,2026-01-15 13:51:14
2814,402814,28,2026-01-15 16:34:17
2815,402815,60,2026-01-15 18:33:45
2816,402816,61,2026-01-16 04:34:23
2817,402817,61,2026-01-16 05:18:00
2818,402818,17,2026-01-16 05:54:23
2819,402819,15,2026-01-16 12:23:21
2820,402820,66,2026-01-16 10:14:22
2821,402821,3,2026-01-16 09:14:09
2822,402822,58,2026-01-16 09:28:32
2823,402823,34,2026-01-16 14:09:08
2824,402824,38,2026-01-16 19:49:06
2825,402825,77,2026-01-16 20:50:20
2826,402826,71,2026-01-17 05:20:18
2827,402827,50,2026-01-17 09:24:17
2828,402828,23,2026-01-17 18:58:39
2829,402829,75,2026-01-17 19:42:48
2830,402830,6,2026-01-18 04:18:06
2831,402831,23,2026-01-18 07:32:20
2832,402832,53,2026-01-19 02:39:49
2833,402833,61,2026-01-19 03:56:34
2834,402834,20,2026-01-19 09:04:47
2835,402835,79,2026-01-19 21:30:47
2836,402836,33,2026-01-19 23:04:07
2837,402837,35,2026-01-20 01:37:21
2838,402838,6,2026-01-20 04:03:00
2839,402839,9,2026-01-21 06:12:14
2840,402840,3,2026-01-21 06:17:35
2841,402841,11,2026-01-21 03:44:39
2842,402842,80,2026-01-21 14:24:32
2843,402843,69,2026-01-21 20:16:31
2844,402844,65,2026-01-22 00:27:45
2845,402845,29,2026-01-22 11:06:20
2846,402846,46,2026-01-22 10:30:33
2847,402847,16,2026-01-23 01:01:05
2848,402848,41,2026-01-23 01:56:10
2849,402849,30,2026-01-23 05:30:47
2850,402850,35,2026-01-23 03:21:40
2851,402851,74,2026-01-23 10:26:17
2852,402852,58,2026-01-23 15:15:52
2853,402853,67,2026-01-23 22:48:38
2854,402854,18,2026-01-24 03:24:34
2855,402855,21,2026-01-24 08:07:36
2856,402856,57,2026-01-24 09:26:40
2857,402857,65,2026-01-24 13:04:12
2858,402858,39,2026-01-24 19:46:18
2859,402859,70,2026-01-24 23:17:40
2860,402860,25,2026-01-24 19:44:05
2861,402861,46,2026-01-24 22:10:21
2862,402862,77,2026-01-25 00:44:54
2863,402863,4,2026-01-25 04:26:12
2864,402864,70,2026-01-25 12:12:04
2865,402865,66,2026-01-25 07:59:58
2866,402866,78,2026-01-25 15:11:04
2867,402867,10,2026-01-25 18:34:24
2868,402868,80,2026-01-25 18:54:17
2869,402869,5,2026-01-25 21:45:03
2870,402870,47,2026-01-25 21:05:37
2871,402871,39,2026-01-25 22:10:07
2872,402872,45,2026-01-26 05:09:01
2873,402873,11,2026-01-26 10:13:59
2874,402874,34,2026-01-26 16:03:03
2875,402875,56,2026-01-26 23:02:48
2876,402876,72,2026-01-26 23:11:35
2877,402877,16,2026-01-26 22:53:29
2878,402878,22,2026-01-26 21:13:52
2879,402879,2,2026-01-27 04:03:51
2880,402880,60,2026-01-27 01:30:50
2881,402881,13,2026-01-27 07:07:36
2882,402882,58,2026-01-27 12:25:15
2883,402883,4,2026-01-27 16:02:06
2884,402884,29,2026-01-28 00:07:48
2885,402885,30,2026-01-28 06:58:33
2886,402886,16,2026-01-28 08:17:34
2887,402887,59,2026-01-28 15:53:35
2888,402888,36,2026-01-28 22:55:44
2889,402889,27,2026-01-29 02:45:20
2890,402890,5,2026-01-29 03:02:16
2891,402891,26,2026-01-29 07:46:31
2892,402892,45,2026-01-29 11:08:12
2893,402893,41,2026-01-29 10:48:11
2894,402894,40,2026-01-29 12:35:26
2895,402895,13,2026-01-29 13:27:52
2896,402896,10,2026-01-29 22:53:24
2897,402897,59,2026-01-30 12:36:36
2898,402898,55,2026-01-30 15:14:31
2899,402899,56,2026-01-30 15:32:55
2900,402900,75,2026-01-30 19:29:18
2901,402901,76,2026-01-30 19:41:22
2902,402902,80,2026-01-30 19:47:32
2903,402903,42,2026-01-31 00:49:18
2904,402904,6,2026-01-31 04:58:01
2905,402905,37,2026-01-31 05:15:16
2906,402906,66,2026-01-31 12:52:02
2907,402907,23,2026-01-31 14:27:41
2908,402908,56,2026-01-31 16:05:51
2909,402909,23,2026-01-31 16:40:24
2910,402910,63,2026-01-31 20:04:48
2911,402911,56,2026-02-01 01:01:37
2912,402912,44,2026-02-01 00:03:14
2913,402913,25,2026-02-01 04:13:53
2914,402914,49,2026-02-01 08:27:48
2915,402915,62,2026-02-01 06:09:22
2916,402916,55,2026-02-01 09:01:38
2917,402917,65,2026-02-01 10:31:40
2918,402918,77,2026-02-01 16:36:19
2919,402919,47,2026-02-02 04:54:24
2920,402920,20,2026-02-02 05:20:37
2921,402921,11,2026-02-02 08:40:08
2922,402922,27,2026-02-02 11:45:06
2923,402923,6,2026-02-02 12:15:47
2924,402924,9,2026-02-02 17:07:42
2925,402925,6,2026-02-02 15:22:30
2926,402926,75,2026-02-02 20:17:30
2927,402927,4,2026-02-02 18:42:03
2928,402928,47,2026-02-02 20:39:15
2929,402929,7,2026-02-02 21:09:48
2930,402930,42,2026-02-03 02:49:11
2931,402931,49,2026-02-03 02:04:04
2932,402932,8,2026-02-03 09:14:04
2933,402933,66,2026-02-03 07:23:09
2934,402934,30,2026-02-03 09:14:04
2935,402935,4,2026-02-03 19:29:20
2936,402936,55,2026-02-03 21:13:35
2937,402937,21,2026-02-03 18:21:41
2938,402938,7,2026-02-03 21:07:01
2939,402939,73,2026-02-03 21:51:26
2940,402940,43,2026-02-04 00:52:56
2941,402941,29,2026-02-04 08:36:15
2942,402942,46,2026-02-04 06:31:14
2943,402943,78,2026-02-04 13:53:56
2944,402944,58,2026-02-04 09:06:49
2945,402945,16,2026-02-04 15:51:19
2946,402946,28,2026-02-04 17:23:26
2947,402947,29,2026-02-04 15:40:49
2948,402948,70,2026-02-04 23:11:34
2949,402949,41,2026-02-05 01:53:43
2950,402950,4,2026-02-04 23:15:21
2951,402951,35,2026-02-05 01:40:22
2952,402952,53,2026-02-05 10:03:29
2953,402953,9,2026-02-05 06:15:01
2954,402954,47,2026-02-05 08:44:27
2955,402955,59,2026-02-05 14:18:47
2956,402956,40,2026-02-05 12:14:03
2957,402957,70,2026-02-05 12:31:06
2958,402958,39,2026-02-06 02:02:35
2959,402959,47,2026-02-06 06:13:45
2960,402960,11,2026-02-06 07:13:28
2961,402961,24,2026-02-06 07:11:58
2962,402962,6,2026-02-06 09:41:43
2963,402963,58,2026-02-06 13:23:50
2964,402964,80,2026-02-06 18:33:57
2965,402965,23,2026-02-07 05:24:43
2966,402966,21,2026-02-07 08:12:00
2967,402967,72,2026-02-07 08:36:17
2968,402968,77,2026-02-07 14:18:59
2969,402969,10,2026-02-07 15:09:08
2970,402970,76,2026-02-07 19:20:08
2971,402971,53,2026-02-07 23:17:29
2972,402972,9,2026-02-08 04:39:23
2973,402973,16,2026-02-08 11:06:52
2974,402974,45,2026-02-08 08:54:04
2975,402975,50,2026-02-08 19:00:21
2976,402976,32,2026-02-08 17:43:47
2977,402977,42,2026-02-08 16:05:24
2978,402978,42,2026-02-08 19:52:15
2979,402979,53,2026-02-08 22:43:57
2980,402980,30,2026-02-09 00:47:48
2981,402981,64,2026-02-09 01:09:20
2982,402982,60,2026-02-09 00:07:48
2983,402983,7,2026-02-09 08:42:57
2984,402984,64,2026-02-09 15:35:50
2985,402985,20,2026-02-09 14:29:02
2986,402986,17,2026-02-09 16:10:15
2987,402987,37,2026-02-09 14:40:38
2988,402988,75,2026-02-09 21:29:21
2989,402989,7,2026-02-10 10:15:40
2990,402990,59,2026-02-10 15:59:49
2991,402991,60,2026-02-10 17:10:20
2992,402992,9,2026-02-10 18:45:57
2993,402993,69,2026-02-10 18:10:09
2994,402994,20,2026-02-10 20:52:28
2995,402995,38,2026-02-11 07:55:19
2996,402996,53,2026-02-11 08:11:17
2997,402997,39,2026-02-11 12:11:15
2998,402998,44,2026-02-11 10:16:46
2999,402999,71,2026-02-11 17:20:42
3000,403000,61,2026-02-11 20:39:35
3001,403001,12,2026-02-12 04:06:52
3002,403002,7,2026-02-12 03:04:04
3003,403003,21,2026-02-12 05:51:15
3004,403004,44,2026-02-12 07:27:28
3005,403005,25,2026-02-12 13:27:18
3006,403006,40,2026-02-12 12:55:11
3007,403007,41,2026-02-12 13:02:30
3008,403008,69,2026-02-12 16:13:35
3009,403009,42,2026-02-12 20:20:31
3010,403010,46,2026-02-12 19:13:00
3011,403011,21,2026-02-12 22:28:17
3012,403012,1,2026-02-12 21:38:59
3013,403013,58,2026-02-12 22:43:06
3014,403014,55,2026-02-13 00:36:39
3015,403015,37,2026-02-13 07:03:53
3016,403016,3,2026-02-13 05:26:39
3017,403017,1,2026-02-13 05:10:40
3018,403018,17,2026-02-13 11:37:29
3019,403019,38,2026-02-13 13:32:56
3020,403020,43,2026-02-13 18:14:06
3021,403021,12,2026-02-13 20:19:17
3022,403022,51,2026-02-14 00:08:40
3023,403023,23,2026-02-13 20:50:50
3024,403024,69,2026-02-14 00:20:33
3025,403025,29,2026-02-14 03:56:51
3026,403026,49,2026-02-14 05:56:10
3027,403027,56,2026-02-14 06:56:33
3028,403028,19,2026-02-14 11:18:45
3029,403029,24,2026-02-14 12:24:49
3030,403030,51,2026-02-14 18:34:03
3031,403031,33,2026-02-14 21:29:52
3032,403032,36,2026-02-14 23:34:50
3033,403033,41,2026-02-14 19:15:49
3034,403034,36,2026-02-15 01:34:13
3035,403035,54,2026-02-15 03:11:35
3036,403036,22,2026-02-15 03:41:01
3037,403037,7,2026-02-15 04:26:08
3038,403038,34,2026-02-15 12:18:38
3039,403039,79,2026-02-15 13:36:48
3040,403040,8,2026-02-15 14:49:45
3041,403041,49,2026-02-15 20:22:50
3042,403042,18,2026-02-15 23:20:38
3043,403043,2,2026-02-16 04:43:28
3044,403044,43,2026-02-16 15:52:56
3045,403045,79,2026-02-16 17:51:12
3046,403046,65,2026-02-16 21:49:29
3047,403047,62,2026-02-17 01:07:53
3048,403048,13,2026-02-17 06:18:45
3049,403049,20,2026-02-17 06:40:25
3050,403050,26,2026-02-17 08:30:53
3051,403051,38,2026-02-17 14:39:08
3052,403052,52,2026-02-17 16:09:20
3053,403053,56,2026-02-17 17:13:55
3054,403054,54,2026-02-18 00:21:30
3055,403055,43,2026-02-17 23:12:24
3056,403056,40,2026-02-18 04:34:46
3057,403057,43,2026-02-18 07:32:20
3058,403058,78,2026-02-18 09:06:29
3059,403059,7,2026-02-18 05:52:36
3060,403060,35,2026-02-18 07:38:09
3061,403061,9,2026-02-18 10:49:23
3062,403062,80,2026-02-18 16:11:31
3063,403063,21,2026-02-19 05:26:14
3064,403064,36,2026-02-19 03:48:25
3065,403065,78,2026-02-19 19:52:55
3066,403066,32,2026-02-19 17:55:43
3067,403067,50,2026-02-20 04:15:58
3068,403068,55,2026-02-20 04:49:19
3069,403069,55,2026-02-20 03:09:56
3070,403070,28,2026-02-20 05:50:05
3071,403071,57,2026-02-20 05:06:21
3072,403072,19,2026-02-20 08:50:40
3073,403073,14,2026-02-20 09:45:10
3074,403074,39,2026-02-20 06:26:34
3075,403075,16,2026-02-20 13:28:49
3076,403076,50,2026-02-20 11:25:15
3077,403077,35,2026-02-20 13:07:17
3078,403078,27,2026-02-20 17:24:49
3079,403079,13,2026-02-21 05:39:18
3080,403080,43,2026-02-21 13:15:50
3081,403081,36,2026-02-21 17:33:59
3082,403082,41,2026-02-22 00:36:19
3083,403083,59,2026-02-22 01:35:20
3084,403084,13,2026-02-22 00:17:40
3085,403085,57,2026-02-22 05:08:47
3086,403086,2,2026-02-22 07:16:23
3087,403087,66,2026-02-22 12:40:38
3088,403088,54,2026-02-22 14:17:44
3089,403089,23,2026-02-22 17:44:38
3090,403090,19,2026-02-22 23:00:18
3091,403091,30,2026-02-23 01:24:55
3092,403092,42,2026-02-23 03:33:16
3093,403093,66,2026-02-23 18:58:34
3094,403094,12,2026-02-23 23:19:52
3095,403095,52,2026-02-23 23:12:19
3096,403096,18,2026-02-23 23:14:14
3097,403097,79,2026-02-24 04:14:50
3098,403098,48,2026-02-24 06:26:48
3099,403099,69,2026-02-24 04:00:59
3100,403100,11,2026-02-24 10:09:17
3101,403101,28,2026-02-24 11:03:29
3102,403102,3,2026-02-24 11:50:57
3103,403103,12,2026-02-24 16:23:53
3104,403104,11,2026-02-25 02:29:52
3105,403105,70,2026-02-25 06:15:06
3106,403106,62,2026-02-25 08:18:46
3107,403107,31,2026-02-25 08:01:15
3108,403108,51,2026-02-25 09:10:31
3109,403109,73,2026-02-25 11:52:46
3110,403110,68,2026-02-25 10:22:56
3111,403111,65,2026-02-25 14:42:32
3112,403112,9,2026-02-25 22:02:08
3113,403113,33,2026-02-26 01:35:12
3114,403114,48,2026-02-26 02:16:55
3115,403115,3,2026-02-26 05:04:51
3116,403116,3,2026-02-26 12:34:13
3117,403117,38,2026-02-26 13:04:35
3118,403118,25,2026-02-27 02:37:39
3119,403119,29,2026-02-27 01:30:27
3120,403120,24,2026-02-27 08:43:05
3121,403121,24,2026-02-27 17:42:24
3122,403122,55,2026-02-28 01:10:42
3123,403123,6,2026-02-27 22:07:06
3124,403124,68,2026-02-28 01:54:58
3125,403125,50,2026-02-27 22:44:15
3126,403126,57,2026-02-28 05:10:14
3127,403127,68,2026-02-28 11:24:48
3128,403128,45,2026-02-28 11:27:31
3129,403129,25,2026-02-28 06:56:27
3130,403130,47,2026-03-01 03:40:24
3131,403131,33,2026-03-01 09:07:18
3132,403132,46,2026-03-01 16:27:47
3133,403133,65,2026-03-01 12:31:30
3134,403134,19,2026-03-02 02:37:53
3135,403135,14,2026-03-02 03:02:32
3136,403136,13,2026-03-02 06:34:38
3137,403137,24,2026-03-02 06:56:33
3138,403138,55,2026-03-02 19:26:03
3139,403139,12,2026-03-03 01:20:06
3140,403140,39,2026-03-03 03:38:57
3141,403141,73,2026-03-03 08:48:43
3142,403142,69,2026-03-03 13:20:22
3143,403143,7,2026-03-03 12:23:49
3144,403144,28,2026-03-03 17:42:00
3145,403145,2,2026-03-03 15:29:26
3146,403146,21,2026-03-03 19:22:13
3147,403147,42,2026-03-03 18:25:31
3148,403148,74,2026-03-03 19:27:31
3149,403149,54,2026-03-04 02:02:57
3150,403150,21,2026-03-04 00:26:05
3151,403151,24,2026-03-04 01:51:23
3152,403152,34,2026-03-04 06:39:34
3153,403153,59,2026-03-04 12:56:26
3154,403154,51,2026-03-04 19:06:21
3155,403155,23,2026-03-04 18:44:45
3156,403156,44,2026-03-04 22:45:29
3157,403157,26,2026-03-04 22:42:28
3158,403158,38,2026-03-05 02:50:08
3159,403159,3,2026-03-04 23:45:36
3160,403160,29,2026-03-05 02:37:28
3161,403161,68,2026-03-05 07:07:39
3162,403162,70,2026-03-05 05:51:16
3163,403163,38,2026-03-05 10:21:47
3164,403164,71,2026-03-05 17:36:46
3165,403165,40,2026-03-05 19:06:37
3166,403166,67,2026-03-05 21:13:01
3167,403167,64,2026-03-06 12:59:35
3168,403168,28,2026-03-06 14:03:27
3169,403169,22,2026-03-06 13:12:10
3170,403170,10,2026-03-06 21:13:15
3171,403171,28,2026-03-06 21:09:11
3172,403172,46,2026-03-06 20:43:19
3173,403173,25,2026-03-06 23:09:34
3174,403174,22,2026-03-07 08:09:19
3175,403175,3,2026-03-07 09:04:45
3176,403176,66,2026-03-07 06:47:18
3177,403177,38,2026-03-07 10:32:58
3178,403178,6,2026-03-07 09:18:57
3179,403179,9,2026-03-07 12:09:43
3180,403180,59,2026-03-07 09:34:11
3181,403181,5,2026-03-07 17:02:28
3182,403182,7,2026-03-07 18:51:28
3183,403183,45,2026-03-08 03:58:12
3184,403184,41,2026-03-08 12:02:28
3185,403185,71,2026-03-08 14:24:56
3186,403186,68,2026-03-08 15:18:18
3187,403187,68,2026-03-08 16:34:35
3188,403188,50,2026-03-08 20:16:01
3189,403189,43,2026-03-09 03:15:09
3190,403190,70,2026-03-09 05:59:05
3191,403191,59,2026-03-09 07:53:41
3192,403192,14,2026-03-09 11:34:24
3193,403193,42,2026-03-09 10:25:10
3194,403194,15,2026-03-09 14:44:02
3195,403195,46,2026-03-09 11:58:17
3196,403196,23,2026-03-09 19:16:25
3197,403197,51,2026-03-09 18:22:16
3198,403198,19,2026-03-09 22:05:04
3199,403199,26,2026-03-09 21:47:24
3200,403200,59,2026-03-10 01:35:40
3201,403201,37,2026-03-09 23:02:49
3202,403202,21,2026-03-10 06:18:46
3203,403203,60,2026-03-10 05:44:18
3204,403204,35,2026-03-10 06:20:10
3205,403205,50,2026-03-10 10:15:45
3206,403206,15,2026-03-10 14:32:41
3207,403207,67,2026-03-10 15:50:13
3208,403208,77,2026-03-10 19:56:59
3209,403209,8,2026-03-10 22:52:14
3210,403210,22,2026-03-10 23:11:35
3211,403211,10,2026-03-11 01:55:16
3212,403212,39,2026-03-11 01:09:50
3213,403213,10,2026-03-11 05:34:00
3214,403214,13,2026-03-11 19:24:10
3215,403215,80,2026-03-11 14:32:03
3216,403216,20,2026-03-12 04:02:16
3217,403217,22,2026-03-12 03:21:39
3218,403218,33,2026-03-12 07:38:25
3219,403219,14,2026-03-12 14:42:19
3220,403220,45,2026-03-12 15:45:21
3221,403221,20,2026-03-12 19:52:40
3222,403222,44,2026-03-12 23:52:29
3223,403223,56,2026-03-13 18:40:16
3224,403224,65,2026-03-13 17:45:54
3225,403225,38,2026-03-13 20:13:07
3226,403226,39,2026-03-14 00:55:04
3227,403227,64,2026-03-14 06:22:49
3228,403228,15,2026-03-14 12:03:27
3229,403229,40,2026-03-14 20:09:09
3230,403230,25,2026-03-14 20:28:22
3231,403231,72,2026-03-14 23:55:09
3232,403232,79,2026-03-14 22:26:07
3233,403233,42,2026-03-14 21:43:47
3234,403234,66,2026-03-15 00:15:27
3235,403235,36,2026-03-15 05:20:18
3236,403236,28,2026-03-15 11:03:38
3237,403237,48,2026-03-15 16:01:29
3238,403238,79,2026-03-15 18:01:17
3239,403239,29,2026-03-16 02:23:43
3240,403240,27,2026-03-16 06:11:32
3241,403241,66,2026-03-16 01:51:51
3242,403242,72,2026-03-16 03:40:59
3243,403243,49,2026-03-16 14:28:04
3244,403244,16,2026-03-16 17:36:49
3245,403245,19,2026-03-16 19:12:12
3246,403246,59,2026-03-16 15:51:19
3247,403247,65,2026-03-16 20:39:57
3248,403248,58,2026-03-16 17:48:50
3249,403249,37,2026-03-16 23:58:57
3250,403250,71,2026-03-17 00:49:34
3251,403251,19,2026-03-17 06:22:25
3252,403252,9,2026-03-17 06:54:07
3253,403253,71,2026-03-17 08:13:44
3254,403254,76,2026-03-17 14:20:56
3255,403255,28,2026-03-17 16:28:10
3256,403256,13,2026-03-17 14:35:25
3257,403257,14,2026-03-17 21:44:10
3258,403258,24,2026-03-18 04:05:39
3259,403259,10,2026-03-18 05:41:07
3260,403260,24,2026-03-18 12:17:19
3261,403261,32,2026-03-18 14:17:35
3262,403262,66,2026-03-18 18:35:34
3263,403263,16,2026-03-18 16:58:04
3264,403264,38,2026-03-19 14:50:08
3265,403265,75,2026-03-19 19:42:40
3266,403266,11,2026-03-19 19:01:57
3267,403267,77,2026-03-20 08:22:52
3268,403268,55,2026-03-20 13:46:13
3269,403269,79,2026-03-20 10:33:17
3270,403270,55,2026-03-20 15:48:01
3271,403271,45,2026-03-20 15:34:18
3272,403272,10,2026-03-20 22:17:54
3273,403273,69,2026-03-21 14:15:16
3274,403274,25,2026-03-21 17:47:13
3275,403275,58,2026-03-22 00:16:28
3276,403276,18,2026-03-22 09:48:35
3277,403277,76,2026-03-22 06:29:50
3278,403278,75,2026-03-23 19:30:33
3279,403279,79,2026-03-24 01:50:52
3280,403280,68,2026-03-24 03:16:25
3281,403281,65,2026-03-24 06:44:56
3282,403282,7,2026-03-24 10:07:01
3283,403283,77,2026-03-24 17:19:08
3284,403284,2,2026-03-24 20:02:44
3285,403285,54,2026-03-24 20:34:34
3286,403286,60,2026-03-24 18:53:03
3287,403287,63,2026-03-25 04:49:03
3288,403288,20,2026-03-25 04:20:10
3289,403289,8,2026-03-25 11:58:45
3290,403290,77,2026-03-25 13:11:10
3291,403291,24,2026-03-25 12:24:19
3292,403292,15,2026-03-25 20:56:28
3293,403293,18,2026-03-25 22:11:52
3294,403294,34,2026-03-26 04:34:29
3295,403295,71,2026-03-26 09:21:59
3296,403296,56,2026-03-26 09:30:34
3297,403297,1,2026-03-26 16:18:37
3298,403298,3,2026-03-26 18:16:08
3299,403299,46,2026-03-26 21:28:54
3300,403300,13,2026-03-27 02:21:05
3301,403301,16,2026-03-26 23:33:29
3302,403302,21,2026-03-27 01:09:50
3303,403303,27,2026-03-27 02:10:26
3304,403304,5,2026-03-27 11:23:07
3305,403305,77,2026-03-27 08:52:48
3306,403306,40,2026-03-28 02:12:38
3307,403307,68,2026-03-28 05:42:32
3308,403308,11,2026-03-28 04:42:32
3309,403309,21,2026-03-28 11:29:30
3310,403310,48,2026-03-28 15:00:31
3311,403311,70,2026-03-28 15:04:19
3312,403312,15,2026-03-28 19:41:21
3313,403313,14,2026-03-28 23:23:50
3314,403314,3,2026-03-29 00:47:20
3315,403315,2,2026-03-28 19:59:58
3316,403316,80,2026-03-29 01:07:55
3317,403317,58,2026-03-29 04:22:10
3318,403318,66,2026-03-29 01:37:27
3319,403319,78,2026-03-29 04:49:36
3320,403320,22,2026-03-29 02:16:30
3321,403321,34,2026-03-29 08:58:14
3322,403322,41,2026-03-29 23:49:01
3323,403323,23,2026-03-30 03:16:23
3324,403324,37,2026-03-30 06:35:15
3325,403325,25,2026-03-30 08:30:17
3326,403326,37,2026-03-30 15:05:55
3327,403327,63,2026-03-30 16:59:20
3328,403328,17,2026-03-31 05:27:54
3329,403329,11,2026-03-31 13:30:01
3330,403330,57,2026-03-31 13:36:31
3331,403331,16,2026-04-01 02:42:50
3332,403332,69,2026-04-01 05:48:00
3333,403333,44,2026-04-01 10:43:16
3334,403334,67,2026-04-01 08:26:36
3335,403335,13,2026-04-01 06:34:36
3336,403336,63,2026-04-01 12:35:43
3337,403337,33,2026-04-01 12:46:35
3338,403338,75,2026-04-01 11:59:30
3339,403339,32,2026-04-01 14:37:50
3340,403340,61,2026-04-01 23:44:11
3341,403341,69,2026-04-02 02:06:19
3342,403342,42,2026-04-02 02:03:38
3343,403343,4,2026-04-02 08:51:57
3344,403344,12,2026-04-02 16:03:05
3345,403345,21,2026-04-02 16:24:34
3346,403346,76,2026-04-02 18:44:51
3347,403347,18,2026-04-02 20:23:19
3348,403348,64,2026-04-02 22:10:42
3349,403349,55,2026-04-03 04:57:11
3350,403350,72,2026-04-03 09:17:16
3351,403351,38,2026-04-03 12:37:19
3352,403352,3,2026-04-03 14:20:31
3353,403353,11,2026-04-03 20:13:24
3354,403354,77,2026-04-03 20:09:10
3355,403355,33,2026-04-04 00:30:50
3356,403356,3,2026-04-04 06:17:51
3357,403357,54,2026-04-04 07:18:02
3358,403358,75,2026-04-04 07:22:51
3359,403359,36,2026-04-04 10:32:50
3360,403360,26,2026-04-04 18:23:06
3361,403361,54,2026-04-04 21:37:28
3362,403362,60,2026-04-04 17:14:10
3363,403363,8,2026-04-04 19:30:34
3364,403364,23,2026-04-05 07:15:28
3365,403365,43,2026-04-05 23:24:37
3366,403366,27,2026-04-06 00:56:58
3367,403367,20,2026-04-05 22:10:02
3368,403368,10,2026-04-06 04:39:45
3369,403369,44,2026-04-06 11:49:46
3370,403370,32,2026-04-06 16:32:51
3371,403371,16,2026-04-06 13:53:40
3372,403372,73,2026-04-06 16:17:53
3373,403373,42,2026-04-06 20:39:16
3374,403374,18,2026-04-06 23:13:16
3375,403375,46,2026-04-07 02:24:32
3376,403376,27,2026-04-07 07:26:53
3377,403377,75,2026-04-07 06:44:34
3378,403378,59,2026-04-07 08:48:54
3379,403379,17,2026-04-07 09:43:54
3380,403380,42,2026-04-07 11:13:52
3381,403381,70,2026-04-07 08:33:28
3382,403382,17,2026-04-07 12:54:49
3383,403383,56,2026-04-07 15:31:42
3384,403384,20,2026-04-07 18:59:38
3385,403385,28,2026-04-07 19:01:01
3386,403386,25,2026-04-07 21:28:29
3387,403387,60,2026-04-08 10:16:23
3388,403388,80,2026-04-08 10:25:36
3389,403389,73,2026-04-08 14:58:24
3390,403390,43,2026-04-08 16:24:40
3391,403391,58,2026-04-09 00:34:27
3392,403392,47,2026-04-08 21:20:30
3393,403393,16,2026-04-09 02:19:46
3394,403394,11,2026-04-09 03:21:48
3395,403395,50,2026-04-09 04:19:23
3396,403396,3,2026-04-09 11:15:29
3397,403397,38,2026-04-09 12:08:24
3398,403398,20,2026-04-09 13:58:21
3399,403399,48,2026-04-09 17:08:33
3400,403400,8,2026-04-09 19:58:41
3401,403401,36,2026-04-09 15:59:57
3402,403402,15,2026-04-09 18:26:00
3403,403403,52,2026-04-09 20:48:04
3404,403404,16,2026-04-10 09:00:10
3405,403405,28,2026-04-10 14:37:41
3406,403406,70,2026-04-10 15:37:52
3407,403407,44,2026-04-10 15:46:29
3408,403408,47,2026-04-10 17:43:48
3409,403409,45,2026-04-10 20:38:58
3410,403410,17,2026-04-10 22:43:04
3411,403411,45,2026-04-11 00:47:39
3412,403412,52,2026-04-11 02:32:27
3413,403413,32,2026-04-11 11:22:37
3414,403414,2,2026-04-11 09:27:49
3415,403415,11,2026-04-11 09:35:43
3416,403416,69,2026-04-11 12:44:14
3417,403417,45,2026-04-11 17:11:30
3418,403418,18,2026-04-12 06:55:18
3419,403419,27,2026-04-12 08:37:33
3420,403420,44,2026-04-12 12:38:37
3421,403421,67,2026-04-12 10:19:38
3422,403422,31,2026-04-12 18:03:33
3423,403423,3,2026-04-12 17:02:50
3424,403424,60,2026-04-12 21:18:49
3425,403425,75,2026-04-13 01:56:09
3426,403426,8,2026-04-13 09:30:30
3427,403427,39,2026-04-13 07:46:58
3428,403428,5,2026-04-13 14:20:24
3429,403429,53,2026-04-13 17:40:35
3430,403430,72,2026-04-13 20:54:23
3431,403431,51,2026-04-13 23:43:46
3432,403432,13,2026-04-14 00:21:02
3433,403433,60,2026-04-14 06:20:49
3434,403434,52,2026-04-14 06:47:56
3435,403435,42,2026-04-14 08:22:11
3436,403436,64,2026-04-14 09:05:41
3437,403437,15,2026-04-14 11:39:52
3438,403438,10,2026-04-14 15:38:29
3439,403439,77,2026-04-14 21:26:48
3440,403440,34,2026-04-14 23:59:41
3441,403441,11,2026-04-15 03:02:32
3442,403442,75,2026-04-15 02:29:19
3443,403443,49,2026-04-15 07:54:42
3444,403444,79,2026-04-15 12:01:30
3445,403445,40,2026-04-15 13:00:40
3446,403446,46,2026-04-15 17:39:13
3447,403447,19,2026-04-16 00:58:45
3448,403448,69,2026-04-15 22:42:12
3449,403449,33,2026-04-16 03:22:24
3450,403450,9,2026-04-16 07:13:53
3451,403451,5,2026-04-16 08:26:30
3452,403452,27,2026-04-16 15:52:21
3453,403453,37,2026-04-16 14:27:01
3454,403454,66,2026-04-16 23:33:47
3455,403455,70,2026-04-16 23:39:13
3456,403456,32,2026-04-17 02:45:57
3457,403457,76,2026-04-17 08:11:21
3458,403458,41,2026-04-17 08:19:10
3459,403459,38,2026-04-17 08:18:27
3460,403460,23,2026-04-17 13:08:23
3461,403461,42,2026-04-17 13:58:45
3462,403462,75,2026-04-18 03:39:37
3463,403463,57,2026-04-18 15:20:38
3464,403464,59,2026-04-18 18:18:48
3465,403465,53,2026-04-18 16:20:55
3466,403466,57,2026-04-18 19:34:15
3467,403467,70,2026-04-18 23:29:47
3468,403468,55,2026-04-19 01:07:54
3469,403469,78,2026-04-19 06:43:09
3470,403470,52,2026-04-19 02:03:46
3471,403471,4,2026-04-19 07:27:28
3472,403472,40,2026-04-19 12:38:52
3473,403473,55,2026-04-19 11:37:34
3474,403474,79,2026-04-19 10:57:49
3475,403475,33,2026-04-19 14:35:16
3476,403476,66,2026-04-19 11:30:01
3477,403477,39,2026-04-20 01:30:04
3478,403478,61,2026-04-20 04:15:52
3479,403479,42,2026-04-20 05:38:54
3480,403480,74,2026-04-20 10:01:31
3481,403481,74,2026-04-20 08:46:26
3482,403482,64,2026-04-20 14:45:07
3483,403483,65,2026-04-21 00:26:55
3484,403484,39,2026-04-21 06:50:04
3485,403485,13,2026-04-21 04:07:27
3486,403486,23,2026-04-21 03:38:14
3487,403487,12,2026-04-21 06:33:29
3488,403488,49,2026-04-21 10:56:29
3489,403489,23,2026-04-21 10:34:49
3490,403490,73,2026-04-21 16:32:17
3491,403491,32,2026-04-21 19:22:57
3492,403492,22,2026-04-21 20:53:52
3493,403493,75,2026-04-22 00:16:59
3494,403494,31,2026-04-22 02:18:40
3495,403495,52,2026-04-22 05:38:33
3496,403496,56,2026-04-22 17:00:31
3497,403497,78,2026-04-22 12:10:51
3498,403498,52,2026-04-22 18:50:40
3499,403499,24,2026-04-22 21:00:14
3500,403500,49,2026-04-22 18:09:56
3501,403501,12,2026-04-23 00:28:46
3502,403502,79,2026-04-23 00:36:09
3503,403503,33,2026-04-23 02:51:16
3504,403504,2,2026-04-23 02:55:21
3505,403505,14,2026-04-23 09:35:39
3506,403506,16,2026-04-23 06:46:23
3507,403507,40,2026-04-23 18:24:27
3508,403508,18,2026-04-23 22:04:31
3509,403509,61,2026-04-23 20:40:04
3510,403510,11,2026-04-23 21:45:10
3511,403511,64,2026-04-24 02:59:36
3512,403512,48,2026-04-23 23:14:45
3513,403513,19,2026-04-24 02:41:45
3514,403514,26,2026-04-24 10:43:54
3515,403515,49,2026-04-24 21:17:52
3516,403516,57,2026-04-25 03:29:29
3517,403517,25,2026-04-25 01:44:01
3518,403518,77,2026-04-25 08:36:48
3519,403519,53,2026-04-25 07:59:10
3520,403520,12,2026-04-25 11:20:21
3521,403521,47,2026-04-25 11:38:08
3522,403522,5,2026-04-25 22:00:53
3523,403523,48,2026-04-26 01:49:00
3524,403524,16,2026-04-26 06:10:02
3525,403525,1,2026-04-26 04:07:08
3526,403526,39,2026-04-26 06:38:12
3527,403527,38,2026-04-26 11:59:08
3528,403528,17,2026-04-26 18:46:11
3529,403529,31,2026-04-26 17:47:15
3530,403530,80,2026-04-26 21:28:06
3531,403531,24,2026-04-27 04:58:35
3532,403532,39,2026-04-27 06:53:36
3533,403533,62,2026-04-27 19:32:05
3534,403534,27,2026-04-28 02:46:28
3535,403535,40,2026-04-28 13:55:51
3536,403536,16,2026-04-28 17:53:08
3537,403537,57,2026-04-28 19:27:04
3538,403538,61,2026-04-29 01:38:54
3539,403539,12,2026-04-29 11:19:17
3540,403540,34,2026-04-29 14:35:44
3541,403541,38,2026-04-29 15:34:01
3542,403542,62,2026-04-29 20:25:13
3543,403543,50,2026-04-29 20:27:37
3544,403544,54,2026-04-29 21:55:38
3545,403545,19,2026-04-29 22:45:11
3546,403546,50,2026-04-30 18:09:38
3547,403547,55,2026-04-30 18:21:31
3548,403548,12,2026-05-01 01:46:02
3549,403549,27,2026-05-01 06:06:56
3550,403550,58,2026-05-01 05:44:05
3551,403551,65,2026-05-01 08:04:37
3552,403552,75,2026-05-01 06:01:26
3553,403553,19,2026-05-01 13:57:18
3554,403554,34,2026-05-01 14:01:48
3555,403555,1,2026-05-01 15:32:32
3556,403556,45,2026-05-02 02:46:46
3557,403557,61,2026-05-02 00:37:21
3558,403558,23,2026-05-02 02:20:06
3559,403559,55,2026-05-02 12:20:30
3560,403560,62,2026-05-02 22:27:23
3561,403561,24,2026-05-03 05:09:24
3562,403562,61,2026-05-03 08:55:06
3563,403563,42,2026-05-03 03:56:06
3564,403564,18,2026-05-03 09:48:14
3565,403565,72,2026-05-03 10:08:50
3566,403566,4,2026-05-03 19:59:04
3567,403567,9,2026-05-03 20:10:23
3568,403568,65,2026-05-03 21:40:53
3569,403569,4,2026-05-04 01:15:55
3570,403570,35,2026-05-04 06:39:07
3571,403571,25,2026-05-04 07:41:32
3572,403572,37,2026-05-04 10:44:04
3573,403573,71,2026-05-04 10:48:46
3574,403574,34,2026-05-04 13:51:43
3575,403575,40,2026-05-04 10:07:19
3576,403576,76,2026-05-04 13:10:08
3577,403577,17,2026-05-04 18:46:24
3578,403578,3,2026-05-04 22:14:45
3579,403579,25,2026-05-05 00:16:24
3580,403580,2,2026-05-05 09:19:22
3581,403581,49,2026-05-05 07:53:03
3582,403582,74,2026-05-05 13:41:39
3583,403583,41,2026-05-05 13:34:58
3584,403584,72,2026-05-05 18:39:42
3585,403585,20,2026-05-05 20:34:26
3586,403586,16,2026-05-06 00:30:27
3587,403587,36,2026-05-06 03:51:41
3588,403588,64,2026-05-06 06:56:12
3589,403589,46,2026-05-06 07:45:58
3590,403590,25,2026-05-06 09:11:30
3591,403591,31,2026-05-06 15:33:57
3592,403592,79,2026-05-06 14:59:16
3593,403593,31,2026-05-07 03:25:17
3594,403594,24,2026-05-07 10:44:43
3595,403595,55,2026-05-07 13:57:22
3596,403596,7,2026-05-07 10:59:48
3597,403597,30,2026-05-07 15:32:17
3598,403598,60,2026-05-07 18:43:43
3599,403599,9,2026-05-07 20:19:40
3600,403600,2,2026-05-07 23:06:55
3601,403601,67,2026-05-07 22:39:08
3602,403602,33,2026-05-08 03:30:49
3603,403603,34,2026-05-08 07:42:55
3604,403604,26,2026-05-08 15:01:15
3605,403605,43,2026-05-08 13:37:12
3606,403606,35,2026-05-08 17:59:59
3607,403607,75,2026-05-08 23:15:39
3608,403608,45,2026-05-09 03:25:45
3609,403609,45,2026-05-09 16:04:48
3610,403610,25,2026-05-09 15:15:34
3611,403611,1,2026-05-09 15:25:04
3612,403612,71,2026-05-09 22:08:37
3613,403613,61,2026-05-09 19:37:57
3614,403614,62,2026-05-09 23:39:57
3615,403615,53,2026-05-09 22:04:54
3616,403616,71,2026-05-10 06:04:37
3617,403617,54,2026-05-10 04:10:02
3618,403618,58,2026-05-10 04:45:14
3619,403619,3,2026-05-10 12:14:11
3620,403620,4,2026-05-10 20:06:11
3621,403621,53,2026-05-10 20:43:45
3622,403622,45,2026-05-11 06:29:31
3623,403623,6,2026-05-11 03:10:01
3624,403624,10,2026-05-11 09:05:27
3625,403625,50,2026-05-11 16:29:12
3626,403626,52,2026-05-11 19:48:46
3627,403627,19,2026-05-11 20:30:41
3628,403628,59,2026-05-11 18:49:21
3629,403629,12,2026-05-12 08:29:22
3630,403630,32,2026-05-12 09:46:47
3631,403631,19,2026-05-12 12:24:40
3632,403632,74,2026-05-12 07:29:23
3633,403633,19,2026-05-12 12:41:14
3634,403634,1,2026-05-12 18:44:35
3635,403635,52,2026-05-12 18:33:19
3636,403636,67,2026-05-12 19:55:44
3637,403637,9,2026-05-12 18:31:27
3638,403638,22,2026-05-12 21:20:24
3639,403639,71,2026-05-13 04:34:51
3640,403640,37,2026-05-13 05:28:28
3641,403641,38,2026-05-13 10:53:24
3642,403642,38,2026-05-13 10:35:14
3643,403643,76,2026-05-13 10:24:37
3644,403644,16,2026-05-13 16:32:36
3645,403645,9,2026-05-13 20:29:47
3646,403646,67,2026-05-14 15:13:14
3647,403647,11,2026-05-14 12:12:45
3648,403648,1,2026-05-14 13:09:51
3649,403649,26,2026-05-14 14:06:34
3650,403650,61,2026-05-15 06:32:22
3651,403651,45,2026-05-15 12:04:27
3652,403652,44,2026-05-15 16:12:47
3653,403653,11,2026-05-15 18:38:31
3654,403654,66,2026-05-15 18:48:48
3655,403655,16,2026-05-15 23:39:33
3656,403656,35,2026-05-16 01:35:13
3657,403657,9,2026-05-16 00:45:33
3658,403658,15,2026-05-16 00:45:22
3659,403659,37,2026-05-16 05:52:10
3660,403660,32,2026-05-16 07:05:20
3661,403661,50,2026-05-16 08:14:36
3662,403662,32,2026-05-16 12:59:22
3663,403663,68,2026-05-16 15:27:38
3664,403664,70,2026-05-16 16:59:39
3665,403665,27,2026-05-16 16:25:13
3666,403666,22,2026-05-16 19:49:55
3667,403667,79,2026-05-16 19:45:03
3668,403668,1,2026-05-17 00:52:06
3669,403669,64,2026-05-17 00:23:51
3670,403670,22,2026-05-17 07:51:10
3671,403671,13,2026-05-17 11:58:37
3672,403672,5,2026-05-17 11:44:04
3673,403673,16,2026-05-17 15:10:48
3674,403674,8,2026-05-17 19:02:50
3675,403675,28,2026-05-17 22:36:45
3676,403676,12,2026-05-17 23:50:31
3677,403677,40,2026-05-18 00:19:18
3678,403678,3,2026-05-18 02:49:07
3679,403679,55,2026-05-18 04:32:14
3680,403680,62,2026-05-18 10:28:53
3681,403681,42,2026-05-18 12:36:48
3682,403682,71,2026-05-18 14:02:55
3683,403683,13,2026-05-18 17:10:24
3684,403684,61,2026-05-18 18:10:16
3685,403685,43,2026-05-18 21:01:33
3686,403686,21,2026-05-19 04:09:26
3687,403687,78,2026-05-19 05:50:47
3688,403688,62,2026-05-19 07:45:01
3689,403689,2,2026-05-19 06:40:32
3690,403690,24,2026-05-19 09:45:41
3691,403691,71,2026-05-19 11:30:21
3692,403692,45,2026-05-19 11:35:37
3693,403693,68,2026-05-19 22:36:01
3694,403694,61,2026-05-20 02:26:43
3695,403695,49,2026-05-20 04:45:40
3696,403696,17,2026-05-20 02:49:42
3697,403697,65,2026-05-20 07:32:56
3698,403698,23,2026-05-20 12:21:01
3699,403699,56,2026-05-20 09:27:27
3700,403700,6,2026-05-20 08:53:09
3701,403701,16,2026-05-20 13:14:01
3702,403702,34,2026-05-20 18:06:47
3703,403703,25,2026-05-20 20:23:34
3704,403704,11,2026-05-20 21:59:53
3705,403705,5,2026-05-21 04:18:52
3706,403706,16,2026-05-21 06:51:29
3707,403707,47,2026-05-21 09:02:33
3708,403708,61,2026-05-21 07:10:46
3709,403709,66,2026-05-21 16:54:45
3710,403710,2,2026-05-21 18:25:38
3711,403711,45,2026-05-21 17:37:48
3712,403712,68,2026-05-22 03:48:47
3713,403713,51,2026-05-22 04:04:38
3714,403714,42,2026-05-22 17:24:55
3715,403715,2,2026-05-22 18:19:07
3716,403716,19,2026-05-22 14:52:31
3717,403717,56,2026-05-23 02:41:30
3718,403718,59,2026-05-23 13:24:00
3719,403719,64,2026-05-23 13:53:24
3720,403720,59,2026-05-23 15:38:59
3721,403721,26,2026-05-23 19:16:59
3722,403722,37,2026-05-23 21:08:17
3723,403723,62,2026-05-24 08:03:26
3724,403724,61,2026-05-24 09:25:44
3725,403725,7,2026-05-24 18:22:47
3726,403726,2,2026-05-24 23:35:52
3727,403727,11,2026-05-25 06:48:34
3728,403728,75,2026-05-25 04:35:15
3729,403729,13,2026-05-25 09:45:21
3730,403730,57,2026-05-25 11:35:55
3731,403731,12,2026-05-25 10:27:04
3732,403732,21,2026-05-25 13:27:02
3733,403733,21,2026-05-25 16:04:35
3734,403734,5,2026-05-25 15:02:56
3735,403735,21,2026-05-25 21:56:00
3736,403736,5,2026-05-26 01:45:04
3737,403737,10,2026-05-25 23:15:16
3738,403738,26,2026-05-25 23:29:47
3739,403739,74,2026-05-26 05:37:07
3740,403740,10,2026-05-26 09:37:54
3741,403741,35,2026-05-26 10:39:39
3742,403742,51,2026-05-26 12:09:07
3743,403743,77,2026-05-26 13:49:50
3744,403744,30,2026-05-26 15:13:23
3745,403745,55,2026-05-26 16:06:39
3746,403746,4,2026-05-26 21:47:16
3747,403747,57,2026-05-26 20:15:20
3748,403748,12,2026-05-27 06:29:37
3749,403749,4,2026-05-27 11:28:38
3750,403750,75,2026-05-27 15:48:55
3751,403751,63,2026-05-27 13:10:16
3752,403752,52,2026-05-27 19:28:14
3753,403753,20,2026-05-27 20:16:19
3754,403754,29,2026-05-28 05:55:18
3755,403755,8,2026-05-28 08:06:22
3756,403756,49,2026-05-28 08:26:45
3757,403757,23,2026-05-28 07:13:57
3758,403758,47,2026-05-28 16:28:55
3759,403759,14,2026-05-28 20:07:04
3760,403760,25,2026-05-28 20:35:52
3761,403761,31,2026-05-29 04:10:46
3762,403762,55,2026-05-29 02:18:35
3763,403763,7,2026-05-29 04:41:28
3764,403764,74,2026-05-29 06:01:48
3765,403765,17,2026-05-29 12:53:19
3766,403766,33,2026-05-29 15:26:20
3767,403767,66,2026-05-29 19:07:33
3768,403768,9,2026-05-29 17:47:55
3769,403769,54,2026-05-29 22:56:58
3770,403770,74,2026-05-29 19:06:37
3771,403771,13,2026-05-30 04:32:36
3772,403772,24,2026-05-30 06:09:31
3773,403773,24,2026-05-30 06:47:08
3774,403774,21,2026-05-30 14:25:28
3775,403775,59,2026-05-30 15:16:35
3776,403776,24,2026-05-31 01:54:12
3777,403777,9,2026-05-31 02:07:21
3778,403778,6,2026-05-31 03:01:50
3779,403779,77,2026-05-31 04:12:02
3780,403780,19,2026-05-31 06:52:18
3781,403781,41,2026-05-31 11:17:30
3782,403782,55,2026-05-31 13:49:18
3783,403783,51,2026-05-31 12:45:04
3784,403784,47,2026-05-31 19:29:37
3785,403785,63,2026-05-31 17:03:48
3786,403786,63,2026-05-31 20:58:39
3787,403787,20,2026-06-01 01:38:24
3788,403788,33,2026-06-01 06:33:55
3789,403789,13,2026-06-01 07:22:02
3790,403790,35,2026-06-01 08:29:49
3791,403791,76,2026-06-01 16:58:48
3792,403792,80,2026-06-01 20:18:41
3793,403793,27,2026-06-01 23:25:25
3794,403794,27,2026-06-02 00:51:05
3795,403795,74,2026-06-02 05:06:51
3796,403796,15,2026-06-02 08:55:08
3797,403797,72,2026-06-02 13:15:23
3798,403798,69,2026-06-02 12:45:47
3799,403799,36,2026-06-02 21:33:39
3800,403800,49,2026-06-02 17:50:21
3801,403801,20,2026-06-02 20:34:04
3802,403802,66,2026-06-03 00:06:20
3803,403803,23,2026-06-03 03:46:37
3804,403804,35,2026-06-03 04:52:07
3805,403805,21,2026-06-03 07:02:03
3806,403806,55,2026-06-03 06:20:40
3807,403807,52,2026-06-03 15:02:25
3808,403808,28,2026-06-03 15:47:31
3809,403809,26,2026-06-03 20:36:51
3810,403810,33,2026-06-04 00:12:37
3811,403811,79,2026-06-04 00:10:07
3812,403812,49,2026-06-04 05:57:19
3813,403813,49,2026-06-04 11:31:59
3814,403814,51,2026-06-04 11:02:50
3815,403815,70,2026-06-04 20:11:45
3816,403816,28,2026-06-05 09:38:45
3817,403817,27,2026-06-05 10:19:42
3818,403818,46,2026-06-05 14:01:30
3819,403819,47,2026-06-05 16:22:01
3820,403820,61,2026-06-05 18:18:51
3821,403821,37,2026-06-05 18:20:01
3822,403822,48,2026-06-05 20:03:23
3823,403823,35,2026-06-05 21:27:46
3824,403824,72,2026-06-05 20:34:27
3825,403825,64,2026-06-06 02:52:58
3826,403826,56,2026-06-06 10:46:17
3827,403827,77,2026-06-06 10:41:42
3828,403828,50,2026-06-06 19:55:07
3829,403829,79,2026-06-06 21:25:02
3830,403830,43,2026-06-07 03:29:35
3831,403831,66,2026-06-07 08:02:54
3832,403832,23,2026-06-07 07:41:57
3833,403833,37,2026-06-07 09:15:02
3834,403834,20,2026-06-07 23:00:05
3835,403835,3,2026-06-08 00:44:34
3836,403836,2,2026-06-07 23:57:52
3837,403837,37,2026-06-08 02:59:07
3838,403838,12,2026-06-08 07:47:41
3839,403839,45,2026-06-08 13:06:44
3840,403840,25,2026-06-08 15:32:33
3841,403841,39,2026-06-09 00:04:36
3842,403842,55,2026-06-09 08:26:16
3843,403843,20,2026-06-09 09:01:17
3844,403844,28,2026-06-09 13:46:21
3845,403845,38,2026-06-09 12:13:02
3846,403846,65,2026-06-09 14:45:38
3847,403847,75,2026-06-09 17:55:18
3848,403848,45,2026-06-09 19:07:00
3849,403849,65,2026-06-09 21:28:46
3850,403850,5,2026-06-10 03:53:29
3851,403851,62,2026-06-10 06:22:22
3852,403852,23,2026-06-10 05:35:58
3853,403853,39,2026-06-10 06:42:17
3854,403854,67,2026-06-10 13:20:27
3855,403855,48,2026-06-10 10:55:57
3856,403856,44,2026-06-10 16:49:27
3857,403857,68,2026-06-10 19:00:49
3858,403858,52,2026-06-10 23:18:53
3859,403859,16,2026-06-11 05:35:06
3860,403860,41,2026-06-11 05:19:14
3861,403861,67,2026-06-11 08:46:06
3862,403862,31,2026-06-11 14:03:47
3863,403863,45,2026-06-11 17:58:52
3864,403864,6,2026-06-11 18:58:22
3865,403865,9,2026-06-11 21:49:57
3866,403866,29,2026-06-12 01:36:41
3867,403867,54,2026-06-12 03:51:16
3868,403868,6,2026-06-12 08:03:04
3869,403869,40,2026-06-12 19:58:31
3870,403870,73,2026-06-12 18:16:11
3871,403871,35,2026-06-12 19:28:11
3872,403872,31,2026-06-12 20:51:00
3873,403873,63,2026-06-12 20:53:04
3874,403874,54,2026-06-12 23:55:41
3875,403875,39,2026-06-13 01:37:35
3876,403876,50,2026-06-13 08:42:31
3877,403877,26,2026-06-13 09:17:32
3878,403878,15,2026-06-13 12:41:58
3879,403879,52,2026-06-13 15:18:23
3880,403880,62,2026-06-13 20:34:45
3881,403881,24,2026-06-14 00:22:04
3882,403882,40,2026-06-13 22:01:18
3883,403883,78,2026-06-14 04:12:50
3884,403884,35,2026-06-14 03:15:24
3885,403885,77,2026-06-14 04:34:41
3886,403886,52,2026-06-14 09:40:41
3887,403887,47,2026-06-14 09:33:10
3888,403888,29,2026-06-14 07:53:33
3889,403889,21,2026-06-14 14:03:50
3890,403890,3,2026-06-14 16:57:55
3891,403891,2,2026-06-14 23:45:55
3892,403892,55,2026-06-15 02:55:51
3893,403893,67,2026-06-15 01:24:29
3894,403894,48,2026-06-15 16:51:01
3895,403895,28,2026-06-15 20:06:50
3896,403896,19,2026-06-15 21:54:01
3897,403897,69,2026-06-16 00:21:03
3898,403898,12,2026-06-16 03:22:50
3899,403899,23,2026-06-16 05:06:14
3900,403900,3,2026-06-16 03:28:08
3901,403901,58,2026-06-16 07:30:02
3902,403902,67,2026-06-16 12:45:12
3903,403903,62,2026-06-16 12:35:48
3904,403904,3,2026-06-16 15:05:13
3905,403905,77,2026-06-16 21:49:01
3906,403906,43,2026-06-17 01:09:11
3907,403907,44,2026-06-17 04:50:32
3908,403908,61,2026-06-17 03:40:31
3909,403909,64,2026-06-17 03:44:51
3910,403910,39,2026-06-17 04:57:23
3911,403911,4,2026-06-17 06:12:49
3912,403912,30,2026-06-17 09:29:20
3913,403913,34,2026-06-17 10:58:25
3914,403914,48,2026-06-17 14:20:03
3915,403915,68,2026-06-17 17:02:17
3916,403916,79,2026-06-17 16:50:42
3917,403917,7,2026-06-17 23:12:03
3918,403918,18,2026-06-17 19:56:48
3919,403919,12,2026-06-18 12:06:54
3920,403920,11,2026-06-18 21:27:26
3921,403921,67,2026-06-18 21:53:07
3922,403922,54,2026-06-19 10:40:51
3923,403923,40,2026-06-19 12:29:32
3924,403924,55,2026-06-19 17:05:03
3925,403925,11,2026-06-20 00:30:14
3926,403926,66,2026-06-20 00:52:58
3927,403927,59,2026-06-20 00:50:01
3928,403928,59,2026-06-20 01:13:13
3929,403929,13,2026-06-20 11:28:18
3930,403930,79,2026-06-20 14:31:01
3931,403931,62,2026-06-20 15:37:40
3932,403932,54,2026-06-20 15:34:05
3933,403933,76,2026-06-20 23:03:46
3934,403934,66,2026-06-21 05:27:07
3935,403935,9,2026-06-21 06:05:37
3936,403936,12,2026-06-21 08:13:15
3937,403937,52,2026-06-21 15:51:47
3938,403938,14,2026-06-21 17:46:29
3939,403939,72,2026-06-21 21:10:30
3940,403940,63,2026-06-21 20:38:08
3941,403941,26,2026-06-22 03:16:48
3942,403942,74,2026-06-22 05:14:17
3943,403943,17,2026-06-22 16:48:55
3944,403944,2,2026-06-22 23:29:58
3945,403945,22,2026-06-23 06:21:15
3946,403946,27,2026-06-23 06:56:12
3947,403947,30,2026-06-23 05:10:39
3948,403948,46,2026-06-23 14:47:29
3949,403949,70,2026-06-23 18:00:53
3950,403950,24,2026-06-23 14:03:06
3951,403951,16,2026-06-23 16:08:09
3952,403952,38,2026-06-23 23:59:55
3953,403953,11,2026-06-23 22:17:14
3954,403954,44,2026-06-23 22:27:52
3955,403955,23,2026-06-24 00:17:46
3956,403956,45,2026-06-24 11:15:23
3957,403957,37,2026-06-24 12:11:45
3958,403958,37,2026-06-24 17:12:19
3959,403959,63,2026-06-24 17:44:01
3960,403960,1,2026-06-24 19:54:20
3961,403961,76,2026-06-25 02:44:53
3962,403962,14,2026-06-25 08:27:16
3963,403963,11,2026-06-25 09:03:23
3964,403964,69,2026-06-25 11:34:12
3965,403965,5,2026-06-26 01:29:30
3966,403966,52,2026-06-26 04:25:52
3967,403967,71,2026-06-26 05:55:02
3968,403968,13,2026-06-26 07:30:39
3969,403969,53,2026-06-26 12:47:12
3970,403970,44,2026-06-26 11:40:29
3971,403971,42,2026-06-26 17:31:56
3972,403972,70,2026-06-26 21:10:55
3973,403973,46,2026-06-26 20:36:58
3974,403974,72,2026-06-26 18:41:24
3975,403975,19,2026-06-26 20:59:30
3976,403976,4,2026-06-27 00:01:00
3977,403977,46,2026-06-27 01:56:46
3978,403978,20,2026-06-27 10:57:39
3979,403979,12,2026-06-27 08:38:54
3980,403980,49,2026-06-27 10:54:53
3981,403981,45,2026-06-27 17:44:21
3982,403982,18,2026-06-27 17:06:37
3983,403983,9,2026-06-27 19:33:09
3984,403984,31,2026-06-28 00:42:07
3985,403985,4,2026-06-27 23:56:24
3986,403986,15,2026-06-28 05:36:34
3987,403987,47,2026-06-28 05:44:09
3988,403988,10,2026-06-28 18:26:20
3989,403989,15,2026-06-29 06:56:06
3990,403990,47,2026-06-29 05:08:58
3991,403991,67,2026-06-29 06:20:37
3992,403992,48,2026-06-29 05:28:17
3993,403993,59,2026-06-29 07:55:57
3994,403994,60,2026-06-29 11:07:05
3995,403995,39,2026-06-29 15:18:08
3996,403996,30,2026-06-29 20:04:38
3997,403997,51,2026-06-29 20:49:46
3998,403998,1,2026-06-29 22:45:21
3999,403999,68,2026-06-30 04:51:15
4000,404000,33,2026-06-30 01:51:59
