event_id,work_order_id,event_type,event_timestamp,source_system
1,400001,CREATED,2025-01-01 02:49:47,Mobile
2,400001,ASSIGNED,2025-01-01 03:50:47,Dispatch
3,400001,ENROUTE,2025-01-01 06:22:47,Mobile
4,400001,ARRIVED,2025-01-01 09:06:47,Dispatch
5,400001,COMPLETED,2025-01-01 15:51:47,Mobile
6,400002,CREATED,2025-01-01 03:29:48,Dispatch
7,400002,ASSIGNED,2025-01-01 06:50:48,Mobile
8,400002,ENROUTE,2025-01-01 10:49:48,Dispatch
9,400002,ARRIVED,2025-01-01 13:05:48,Mobile
10,400002,CANCELLED,2025-01-01 07:50:48,Mobile
11,400003,CREATED,2025-01-01 09:17:32,CRM
12,400003,ASSIGNED,2025-01-01 12:35:32,Mobile
13,400003,ENROUTE,2025-01-01 16:41:32,Dispatch
14,400003,ARRIVED,2025-01-01 18:32:32,Dispatch
15,400003,COMPLETED,2025-01-01 19:44:32,Dispatch
16,400004,CREATED,2025-01-01 12:33:28,Dispatch
17,400004,ASSIGNED,2025-01-01 16:30:28,Mobile
18,400004,ENROUTE,2025-01-01 17:17:28,Dispatch
19,400004,ARRIVED,2025-01-01 20:12:28,Dispatch
20,400004,COMPLETED,2025-01-02 06:06:28,Dispatch
21,400005,CREATED,2025-01-01 15:58:28,CRM
22,400005,ASSIGNED,2025-01-01 19:20:28,Dispatch
23,400005,ENROUTE,2025-01-01 23:25:28,Mobile
24,400005,ARRIVED,2025-01-02 00:05:28,Dispatch
25,400006,CREATED,2025-01-02 03:07:12,Dispatch
26,400006,ASSIGNED,2025-01-02 04:24:12,Mobile
27,400006,ENROUTE,2025-01-02 11:05:12,CRM
28,400006,ARRIVED,2025-01-02 11:25:12,Dispatch
29,400006,COMPLETED,2025-01-02 12:59:12,Dispatch
30,400007,CREATED,2025-01-02 03:10:09,Mobile
31,400007,ASSIGNED,2025-01-02 05:41:09,Dispatch
32,400007,ENROUTE,2025-01-02 09:08:09,Dispatch
33,400007,ARRIVED,2025-01-02 09:44:09,CRM
34,400007,COMPLETED,2025-01-02 17:25:09,Dispatch
35,400008,CREATED,2025-01-02 04:18:10,Mobile
36,400008,ASSIGNED,2025-01-02 06:30:10,Dispatch
37,400008,ENROUTE,2025-01-02 14:21:10,Mobile
38,400008,ARRIVED,2025-01-02 14:43:10,Dispatch
39,400008,COMPLETED,2025-01-02 21:56:10,Dispatch
40,400009,CREATED,2025-01-02 06:37:20,Dispatch
41,400009,ASSIGNED,2025-01-02 09:03:20,Mobile
42,400009,ENROUTE,2025-01-02 13:39:20,CRM
43,400009,ARRIVED,2025-01-02 14:22:20,Dispatch
44,400010,CREATED,2025-01-02 11:20:16,Dispatch
45,400010,ASSIGNED,2025-01-02 12:40:16,Mobile
46,400010,ENROUTE,2025-01-02 16:12:16,Mobile
47,400010,ARRIVED,2025-01-02 19:11:16,Dispatch
48,400010,COMPLETED,2025-01-02 22:25:16,Mobile
49,400011,CREATED,2025-01-02 14:34:45,Dispatch
50,400011,ASSIGNED,2025-01-02 15:03:45,Dispatch
51,400011,ENROUTE,2025-01-02 17:23:45,Dispatch
52,400011,ARRIVED,2025-01-02 19:49:45,Mobile
53,400011,COMPLETED,2025-01-02 22:01:45,Dispatch
54,400012,CREATED,2025-01-03 01:09:32,Dispatch
55,400012,ASSIGNED,2025-01-03 04:57:32,Dispatch
56,400012,ENROUTE,2025-01-03 08:45:32,Dispatch
57,400012,ARRIVED,2025-01-03 09:06:32,Dispatch
58,400012,COMPLETED,2025-01-03 11:23:32,Dispatch
59,400013,CREATED,2025-01-03 10:19:05,Dispatch
60,400013,ASSIGNED,2025-01-03 13:55:05,Mobile
61,400013,ENROUTE,2025-01-03 20:38:05,Mobile
62,400013,ARRIVED,2025-01-03 22:02:05,Dispatch
63,400013,COMPLETED,2025-01-04 03:36:05,Dispatch
64,400014,CREATED,2025-01-03 18:18:49,Dispatch
65,400014,ASSIGNED,2025-01-03 18:46:49,Dispatch
66,400014,ENROUTE,2025-01-03 22:45:49,CRM
67,400014,ARRIVED,2025-01-04 00:07:49,Mobile
68,400014,COMPLETED,2025-01-04 03:21:49,Mobile
69,400015,CREATED,2025-01-03 18:20:36,Dispatch
70,400015,ASSIGNED,2025-01-03 18:25:36,Dispatch
71,400015,ENROUTE,2025-01-03 20:45:36,Mobile
72,400015,ARRIVED,2025-01-03 23:26:36,Dispatch
73,400015,COMPLETED,2025-01-04 04:06:36,Dispatch
74,400016,CREATED,2025-01-03 23:32:28,Dispatch
75,400016,ASSIGNED,2025-01-04 02:44:28,Dispatch
76,400016,ENROUTE,2025-01-04 05:02:28,Mobile
77,400016,ARRIVED,2025-01-04 06:29:28,Dispatch
78,400016,COMPLETED,2025-01-04 11:35:28,Mobile
79,400017,CREATED,2025-01-04 02:44:28,CRM
80,400017,ASSIGNED,2025-01-04 04:24:28,Dispatch
81,400017,ENROUTE,2025-01-04 06:51:28,Dispatch
82,400017,ARRIVED,2025-01-04 07:51:28,Dispatch
83,400017,COMPLETED,2025-01-04 13:49:28,Mobile
84,400018,CREATED,2025-01-04 07:10:26,Mobile
85,400018,ASSIGNED,2025-01-04 10:43:26,Dispatch
86,400018,ENROUTE,2025-01-04 12:28:26,Dispatch
87,400018,ARRIVED,2025-01-04 12:48:26,Dispatch
88,400019,CREATED,2025-01-04 10:18:19,Mobile
89,400019,ASSIGNED,2025-01-04 11:05:19,Dispatch
90,400019,ENROUTE,2025-01-04 13:39:19,Mobile
91,400019,ARRIVED,2025-01-04 15:53:19,Dispatch
92,400019,COMPLETED,2025-01-04 17:19:19,Dispatch
93,400020,CREATED,2025-01-04 10:49:52,Mobile
94,400020,ASSIGNED,2025-01-04 13:42:52,Mobile
95,400020,ENROUTE,2025-01-04 20:30:52,Mobile
96,400020,ARRIVED,2025-01-04 22:26:52,Dispatch
97,400021,CREATED,2025-01-04 11:54:14,Mobile
98,400021,ASSIGNED,2025-01-04 12:12:14,Mobile
99,400021,ENROUTE,2025-01-04 17:57:14,CRM
100,400021,ARRIVED,2025-01-04 20:12:14,Dispatch
101,400021,COMPLETED,2025-01-05 05:44:14,Dispatch
102,400022,CREATED,2025-01-04 21:32:19,Mobile
103,400022,ASSIGNED,2025-01-05 00:01:19,Mobile
104,400022,ENROUTE,2025-01-05 07:43:19,Mobile
105,400022,ARRIVED,2025-01-05 10:15:19,Dispatch
106,400022,COMPLETED,2025-01-05 18:52:19,Dispatch
107,400023,CREATED,2025-01-04 22:08:17,Mobile
108,400023,ASSIGNED,2025-01-04 23:23:17,Mobile
109,400023,ENROUTE,2025-01-05 04:33:17,Mobile
110,400023,ARRIVED,2025-01-05 05:20:17,Dispatch
111,400023,COMPLETED,2025-01-05 14:19:17,Mobile
112,400024,CREATED,2025-01-05 00:18:11,Mobile
113,400024,ASSIGNED,2025-01-05 03:52:11,Dispatch
114,400024,ENROUTE,2025-01-05 10:42:11,CRM
115,400024,ARRIVED,2025-01-05 13:27:11,Dispatch
116,400024,COMPLETED,2025-01-05 21:14:11,Dispatch
117,400025,CREATED,2025-01-05 01:41:23,Mobile
118,400025,ASSIGNED,2025-01-05 05:13:23,Mobile
119,400025,ENROUTE,2025-01-05 12:42:23,Dispatch
120,400025,ARRIVED,2025-01-05 14:07:23,CRM
121,400026,CREATED,2025-01-05 02:54:42,Dispatch
122,400026,ASSIGNED,2025-01-05 06:53:42,Mobile
123,400026,ENROUTE,2025-01-05 14:28:42,Mobile
124,400026,ARRIVED,2025-01-05 15:14:42,Mobile
125,400026,COMPLETED,2025-01-05 21:47:42,Dispatch
126,400027,CREATED,2025-01-05 05:16:38,Dispatch
127,400027,ASSIGNED,2025-01-05 08:08:38,Mobile
128,400027,ENROUTE,2025-01-05 15:41:38,Dispatch
129,400027,ARRIVED,2025-01-05 17:31:38,Dispatch
130,400028,CREATED,2025-01-05 08:58:01,CRM
131,400028,ASSIGNED,2025-01-05 12:53:01,CRM
132,400028,ENROUTE,2025-01-05 17:35:01,Dispatch
133,400028,ARRIVED,2025-01-05 17:50:01,Mobile
134,400028,COMPLETED,2025-01-06 00:48:01,Mobile
135,400029,CREATED,2025-01-05 11:08:09,Dispatch
136,400029,ASSIGNED,2025-01-05 14:00:09,CRM
137,400029,ENROUTE,2025-01-05 15:12:09,Dispatch
138,400029,ARRIVED,2025-01-05 16:38:09,Dispatch
139,400029,COMPLETED,2025-01-05 17:45:09,Mobile
140,400030,CREATED,2025-01-05 13:20:23,Mobile
141,400030,ASSIGNED,2025-01-05 15:09:23,Mobile
142,400030,ENROUTE,2025-01-05 17:27:23,Mobile
143,400030,ARRIVED,2025-01-05 18:41:23,Mobile
144,400030,COMPLETED,2025-01-06 03:17:23,Mobile
145,400031,CREATED,2025-01-05 17:29:51,Dispatch
146,400031,ASSIGNED,2025-01-05 20:30:51,Dispatch
147,400031,ENROUTE,2025-01-06 03:37:51,Mobile
148,400031,ARRIVED,2025-01-06 06:36:51,Dispatch
149,400031,COMPLETED,2025-01-06 16:31:51,Mobile
150,400032,CREATED,2025-01-06 00:47:28,Mobile
151,400032,ASSIGNED,2025-01-06 03:14:28,Dispatch
152,400032,ENROUTE,2025-01-06 05:55:28,Dispatch
153,400032,ARRIVED,2025-01-06 06:49:28,Dispatch
154,400033,CREATED,2025-01-06 11:09:08,Mobile
155,400033,ASSIGNED,2025-01-06 13:23:08,Mobile
156,400033,ENROUTE,2025-01-06 18:02:08,Dispatch
157,400033,ARRIVED,2025-01-06 20:32:08,Dispatch
158,400033,COMPLETED,2025-01-06 23:13:08,CRM
159,400034,CREATED,2025-01-06 12:42:12,Dispatch
160,400034,ASSIGNED,2025-01-06 14:18:12,Mobile
161,400034,ENROUTE,2025-01-06 16:00:12,Mobile
162,400034,ARRIVED,2025-01-06 16:25:12,Dispatch
163,400034,COMPLETED,2025-01-06 22:10:12,Dispatch
164,400035,CREATED,2025-01-06 13:04:22,CRM
165,400035,ASSIGNED,2025-01-06 14:12:22,Dispatch
166,400035,ENROUTE,2025-01-06 18:20:22,Mobile
167,400035,ARRIVED,2025-01-06 20:44:22,Mobile
168,400035,CANCELLED,2025-01-06 15:12:22,Dispatch
169,400036,CREATED,2025-01-06 14:29:53,Mobile
170,400036,ASSIGNED,2025-01-06 15:02:53,Dispatch
171,400036,ENROUTE,2025-01-06 18:30:53,Mobile
172,400036,ARRIVED,2025-01-06 21:02:53,CRM
173,400036,CANCELLED,2025-01-06 16:02:53,Dispatch
174,400037,CREATED,2025-01-06 14:30:46,Mobile
175,400037,ASSIGNED,2025-01-06 15:26:46,Dispatch
176,400037,ENROUTE,2025-01-06 15:52:46,Mobile
177,400037,ARRIVED,2025-01-06 17:30:46,Dispatch
178,400037,COMPLETED,2025-01-06 23:34:46,Dispatch
179,400038,CREATED,2025-01-06 17:07:29,Mobile
180,400038,ASSIGNED,2025-01-06 19:03:29,Dispatch
181,400038,ENROUTE,2025-01-06 21:40:29,Mobile
182,400038,ARRIVED,2025-01-07 00:10:29,Dispatch
183,400039,CREATED,2025-01-06 19:59:48,Mobile
184,400039,ASSIGNED,2025-01-06 21:04:48,Dispatch
185,400039,ENROUTE,2025-01-07 00:46:48,CRM
186,400039,ARRIVED,2025-01-07 01:26:48,Mobile
187,400039,CANCELLED,2025-01-06 22:04:48,Dispatch
188,400040,CREATED,2025-01-06 21:59:08,Mobile
189,400040,ASSIGNED,2025-01-07 00:16:08,Dispatch
190,400040,ENROUTE,2025-01-07 05:51:08,Dispatch
191,400040,ARRIVED,2025-01-07 07:55:08,Dispatch
192,400040,COMPLETED,2025-01-07 14:32:08,Dispatch
193,400041,CREATED,2025-01-07 08:51:36,Mobile
194,400041,ASSIGNED,2025-01-07 10:08:36,Dispatch
195,400041,ENROUTE,2025-01-07 11:50:36,CRM
196,400041,ARRIVED,2025-01-07 14:28:36,Mobile
197,400041,COMPLETED,2025-01-07 23:36:36,Mobile
198,400042,CREATED,2025-01-07 08:56:27,Dispatch
199,400042,ASSIGNED,2025-01-07 09:12:27,CRM
200,400042,ENROUTE,2025-01-07 14:00:27,Dispatch
201,400042,ARRIVED,2025-01-07 15:50:27,Mobile
202,400042,COMPLETED,2025-01-07 18:23:27,Mobile
203,400043,CREATED,2025-01-07 11:20:01,Dispatch
204,400043,ASSIGNED,2025-01-07 13:34:01,Dispatch
205,400043,ENROUTE,2025-01-07 14:50:01,CRM
206,400043,ARRIVED,2025-01-07 16:52:01,CRM
207,400043,COMPLETED,2025-01-08 00:43:01,Mobile
208,400044,CREATED,2025-01-07 11:57:07,CRM
209,400044,ASSIGNED,2025-01-07 14:04:07,Mobile
210,400044,ENROUTE,2025-01-07 21:10:07,Dispatch
211,400044,ARRIVED,2025-01-07 21:26:07,Dispatch
212,400044,COMPLETED,2025-01-07 22:50:07,Mobile
213,400045,CREATED,2025-01-07 12:06:06,Dispatch
214,400045,ASSIGNED,2025-01-07 13:45:06,CRM
215,400045,ENROUTE,2025-01-07 20:43:06,Dispatch
216,400045,ARRIVED,2025-01-07 21:56:06,Dispatch
217,400045,COMPLETED,2025-01-08 05:13:06,Dispatch
218,400046,CREATED,2025-01-07 14:03:40,Dispatch
219,400046,ASSIGNED,2025-01-07 17:53:40,Mobile
220,400046,ENROUTE,2025-01-07 23:22:40,Dispatch
221,400046,ARRIVED,2025-01-08 00:55:40,Mobile
222,400046,COMPLETED,2025-01-08 09:24:40,Dispatch
223,400047,CREATED,2025-01-07 21:18:24,Mobile
224,400047,ASSIGNED,2025-01-08 00:17:24,Dispatch
225,400047,ENROUTE,2025-01-08 07:05:24,Dispatch
226,400047,ARRIVED,2025-01-08 09:45:24,Dispatch
227,400047,CANCELLED,2025-01-08 01:17:24,Mobile
228,400048,CREATED,2025-01-08 00:43:06,Mobile
229,400048,ASSIGNED,2025-01-08 02:38:06,Dispatch
230,400048,ENROUTE,2025-01-08 08:04:06,Dispatch
231,400048,ARRIVED,2025-01-08 09:51:06,Mobile
232,400048,COMPLETED,2025-01-08 16:18:06,Mobile
233,400049,CREATED,2025-01-08 07:56:51,Dispatch
234,400049,ASSIGNED,2025-01-08 10:32:51,Dispatch
235,400049,ENROUTE,2025-01-08 17:32:51,Mobile
236,400049,ARRIVED,2025-01-08 20:24:51,Mobile
237,400049,COMPLETED,2025-01-09 05:07:51,Dispatch
238,400050,CREATED,2025-01-08 09:05:49,Dispatch
239,400050,ASSIGNED,2025-01-08 11:46:49,CRM
240,400050,ENROUTE,2025-01-08 14:45:49,Mobile
241,400050,ARRIVED,2025-01-08 15:38:49,Dispatch
242,400050,COMPLETED,2025-01-08 21:48:49,Mobile
243,400051,CREATED,2025-01-08 09:59:40,Mobile
244,400051,ASSIGNED,2025-01-08 11:15:40,Mobile
245,400051,ENROUTE,2025-01-08 17:47:40,Dispatch
246,400051,ARRIVED,2025-01-08 18:26:40,Mobile
247,400051,COMPLETED,2025-01-09 02:10:40,Dispatch
248,400052,CREATED,2025-01-08 10:22:36,Mobile
249,400052,ASSIGNED,2025-01-08 11:25:36,Dispatch
250,400052,ENROUTE,2025-01-08 12:28:36,Mobile
251,400052,ARRIVED,2025-01-08 13:50:36,Dispatch
252,400052,COMPLETED,2025-01-08 19:44:36,Mobile
253,400053,CREATED,2025-01-08 14:04:53,Dispatch
254,400053,ASSIGNED,2025-01-08 18:00:53,Mobile
255,400053,ENROUTE,2025-01-08 23:27:53,Mobile
256,400053,ARRIVED,2025-01-09 01:05:53,Dispatch
257,400053,COMPLETED,2025-01-09 09:51:53,CRM
258,400054,CREATED,2025-01-08 18:12:07,Mobile
259,400054,ASSIGNED,2025-01-08 18:17:07,Mobile
260,400054,ENROUTE,2025-01-08 22:51:07,Mobile
261,400054,ARRIVED,2025-01-08 23:31:07,Dispatch
262,400055,CREATED,2025-01-09 01:49:51,Dispatch
263,400055,ASSIGNED,2025-01-09 03:13:51,Dispatch
264,400055,ENROUTE,2025-01-09 07:27:51,Dispatch
265,400055,ARRIVED,2025-01-09 07:50:51,Mobile
266,400055,COMPLETED,2025-01-09 15:04:51,Dispatch
267,400056,CREATED,2025-01-09 08:08:44,Mobile
268,400056,ASSIGNED,2025-01-09 11:34:44,Mobile
269,400056,ENROUTE,2025-01-09 12:26:44,Dispatch
270,400056,ARRIVED,2025-01-09 14:49:44,Mobile
271,400056,COMPLETED,2025-01-09 20:36:44,CRM
272,400057,CREATED,2025-01-09 15:57:06,Dispatch
273,400057,ASSIGNED,2025-01-09 18:34:06,Mobile
274,400057,ENROUTE,2025-01-10 02:28:06,Mobile
275,400057,ARRIVED,2025-01-10 03:47:06,Mobile
276,400057,COMPLETED,2025-01-10 05:18:06,Dispatch
277,400058,CREATED,2025-01-09 17:35:43,Dispatch
278,400058,ASSIGNED,2025-01-09 20:56:43,Mobile
279,400058,ENROUTE,2025-01-10 00:16:43,Mobile
280,400058,ARRIVED,2025-01-10 01:13:43,CRM
281,400058,COMPLETED,2025-01-10 10:15:43,CRM
282,400059,CREATED,2025-01-09 23:53:57,Dispatch
283,400059,ASSIGNED,2025-01-10 00:27:57,Dispatch
284,400059,ENROUTE,2025-01-10 02:48:57,Dispatch
285,400059,ARRIVED,2025-01-10 03:13:57,Dispatch
286,400059,COMPLETED,2025-01-10 03:46:57,Dispatch
287,400060,CREATED,2025-01-10 04:41:58,Mobile
288,400060,ASSIGNED,2025-01-10 07:54:58,Dispatch
289,400060,ENROUTE,2025-01-10 09:33:58,Mobile
290,400060,ARRIVED,2025-01-10 10:47:58,Dispatch
291,400060,COMPLETED,2025-01-10 16:39:58,Mobile
292,400061,CREATED,2025-01-10 06:05:54,Dispatch
293,400061,ASSIGNED,2025-01-10 08:23:54,CRM
294,400061,ENROUTE,2025-01-10 16:21:54,Mobile
295,400061,ARRIVED,2025-01-10 18:34:54,Mobile
296,400061,COMPLETED,2025-01-10 20:05:54,Mobile
297,400062,CREATED,2025-01-10 07:09:57,Dispatch
298,400062,ASSIGNED,2025-01-10 07:36:57,Mobile
299,400062,ENROUTE,2025-01-10 11:26:57,Dispatch
300,400062,ARRIVED,2025-01-10 14:11:57,Dispatch
301,400063,CREATED,2025-01-10 15:35:41,Mobile
302,400063,ASSIGNED,2025-01-10 18:25:41,Dispatch
303,400063,ENROUTE,2025-01-10 22:20:41,Mobile
304,400063,ARRIVED,2025-01-10 23:46:41,CRM
305,400063,CANCELLED,2025-01-10 19:25:41,Dispatch
306,400064,CREATED,2025-01-10 23:14:24,Dispatch
307,400064,ASSIGNED,2025-01-11 01:01:24,Dispatch
308,400064,ENROUTE,2025-01-11 01:49:24,Mobile
309,400064,ARRIVED,2025-01-11 04:31:24,CRM
310,400064,COMPLETED,2025-01-11 08:47:24,Dispatch
311,400065,CREATED,2025-01-10 23:19:17,Dispatch
312,400065,ASSIGNED,2025-01-11 02:37:17,Dispatch
313,400065,ENROUTE,2025-01-11 04:11:17,Dispatch
314,400065,ARRIVED,2025-01-11 04:37:17,Mobile
315,400065,CANCELLED,2025-01-11 03:37:17,Dispatch
316,400066,CREATED,2025-01-10 23:26:21,Mobile
317,400066,ASSIGNED,2025-01-11 01:23:21,Dispatch
318,400066,ENROUTE,2025-01-11 09:07:21,Mobile
319,400066,ARRIVED,2025-01-11 11:59:21,Dispatch
320,400066,COMPLETED,2025-01-11 14:30:21,CRM
321,400067,CREATED,2025-01-11 04:49:31,Dispatch
322,400067,ASSIGNED,2025-01-11 07:16:31,Mobile
323,400067,ENROUTE,2025-01-11 09:11:31,Mobile
324,400067,ARRIVED,2025-01-11 11:46:31,Dispatch
325,400068,CREATED,2025-01-11 05:22:26,Dispatch
326,400068,ASSIGNED,2025-01-11 05:41:26,Dispatch
327,400068,ENROUTE,2025-01-11 07:55:26,CRM
328,400068,ARRIVED,2025-01-11 10:24:26,Dispatch
329,400068,COMPLETED,2025-01-11 13:04:26,Dispatch
330,400069,CREATED,2025-01-11 11:58:48,Mobile
331,400069,ASSIGNED,2025-01-11 14:12:48,Dispatch
332,400069,ENROUTE,2025-01-11 21:28:48,Dispatch
333,400069,ARRIVED,2025-01-11 21:47:48,Dispatch
334,400069,COMPLETED,2025-01-12 04:35:48,CRM
335,400070,CREATED,2025-01-11 13:46:10,Mobile
336,400070,ASSIGNED,2025-01-11 15:40:10,Mobile
337,400070,ENROUTE,2025-01-11 16:47:10,Mobile
338,400070,ARRIVED,2025-01-11 18:50:10,Dispatch
339,400070,COMPLETED,2025-01-12 03:27:10,Dispatch
340,400071,CREATED,2025-01-11 14:00:50,Mobile
341,400071,ASSIGNED,2025-01-11 16:55:50,Mobile
342,400071,ENROUTE,2025-01-11 22:16:50,CRM
343,400071,ARRIVED,2025-01-11 23:15:50,Mobile
344,400071,COMPLETED,2025-01-12 05:56:50,Dispatch
345,400072,CREATED,2025-01-11 14:10:57,Dispatch
346,400072,ASSIGNED,2025-01-11 15:00:57,Dispatch
347,400072,ENROUTE,2025-01-11 16:35:57,Mobile
348,400072,ARRIVED,2025-01-11 18:41:57,Dispatch
349,400072,COMPLETED,2025-01-12 01:44:57,CRM
350,400073,CREATED,2025-01-11 15:45:59,Dispatch
351,400073,ASSIGNED,2025-01-11 18:50:59,Mobile
352,400073,ENROUTE,2025-01-12 00:09:59,Mobile
353,400073,ARRIVED,2025-01-12 00:49:59,Mobile
354,400073,COMPLETED,2025-01-12 03:03:59,Mobile
355,400074,CREATED,2025-01-11 17:23:44,Mobile
356,400074,ASSIGNED,2025-01-11 21:04:44,Mobile
357,400074,ENROUTE,2025-01-11 22:25:44,Mobile
358,400074,ARRIVED,2025-01-12 00:09:44,Mobile
359,400074,COMPLETED,2025-01-12 09:57:44,CRM
360,400075,CREATED,2025-01-11 20:55:24,Dispatch
361,400075,ASSIGNED,2025-01-11 23:57:24,Dispatch
362,400075,ENROUTE,2025-01-12 01:42:24,Mobile
363,400075,ARRIVED,2025-01-12 03:42:24,Dispatch
364,400075,COMPLETED,2025-01-12 05:42:24,Mobile
365,400076,CREATED,2025-01-12 04:00:38,Mobile
366,400076,ASSIGNED,2025-01-12 06:16:38,Dispatch
367,400076,ENROUTE,2025-01-12 13:35:38,Dispatch
368,400076,ARRIVED,2025-01-12 14:50:38,Mobile
369,400076,COMPLETED,2025-01-12 21:04:38,Mobile
370,400077,CREATED,2025-01-12 04:32:04,Mobile
371,400077,ASSIGNED,2025-01-12 04:54:04,Dispatch
372,400077,ENROUTE,2025-01-12 05:29:04,CRM
373,400077,ARRIVED,2025-01-12 06:22:04,Dispatch
374,400077,COMPLETED,2025-01-12 15:11:04,Mobile
375,400078,CREATED,2025-01-12 05:52:28,Mobile
376,400078,ASSIGNED,2025-01-12 06:07:28,Mobile
377,400078,ENROUTE,2025-01-12 13:19:28,Dispatch
378,400078,ARRIVED,2025-01-12 15:03:28,Dispatch
379,400079,CREATED,2025-01-12 08:41:16,Mobile
380,400079,ASSIGNED,2025-01-12 11:36:16,Mobile
381,400079,ENROUTE,2025-01-12 16:08:16,CRM
382,400079,ARRIVED,2025-01-12 18:43:16,Dispatch
383,400079,COMPLETED,2025-01-13 04:21:16,CRM
384,400080,CREATED,2025-01-12 15:20:30,Dispatch
385,400080,ASSIGNED,2025-01-12 17:45:30,Mobile
386,400080,ENROUTE,2025-01-12 19:40:30,Dispatch
387,400080,ARRIVED,2025-01-12 21:48:30,Dispatch
388,400080,COMPLETED,2025-01-13 06:18:30,Mobile
389,400081,CREATED,2025-01-12 17:24:53,Dispatch
390,400081,ASSIGNED,2025-01-12 21:10:53,Mobile
391,400081,ENROUTE,2025-01-13 00:04:53,Dispatch
392,400081,ARRIVED,2025-01-13 00:57:53,CRM
393,400081,CANCELLED,2025-01-12 22:10:53,CRM
394,400082,CREATED,2025-01-12 18:27:52,Mobile
395,400082,ASSIGNED,2025-01-12 18:52:52,Dispatch
396,400082,ENROUTE,2025-01-12 23:12:52,Mobile
397,400082,ARRIVED,2025-01-13 02:07:52,Mobile
398,400082,COMPLETED,2025-01-13 09:27:52,Mobile
399,400083,CREATED,2025-01-12 18:50:21,Mobile
400,400083,ASSIGNED,2025-01-12 20:00:21,Mobile
401,400083,ENROUTE,2025-01-13 03:02:21,Dispatch
402,400083,ARRIVED,2025-01-13 05:48:21,Dispatch
403,400083,COMPLETED,2025-01-13 15:37:21,Dispatch
404,400084,CREATED,2025-01-12 21:48:21,Mobile
405,400084,ASSIGNED,2025-01-12 22:00:21,Mobile
406,400084,ENROUTE,2025-01-13 00:26:21,Dispatch
407,400084,ARRIVED,2025-01-13 02:33:21,Mobile
408,400084,COMPLETED,2025-01-13 05:26:21,Mobile
409,400085,CREATED,2025-01-12 22:51:20,Mobile
410,400085,ASSIGNED,2025-01-13 02:29:20,Mobile
411,400085,ENROUTE,2025-01-13 06:54:20,Mobile
412,400085,ARRIVED,2025-01-13 08:29:20,Mobile
413,400085,COMPLETED,2025-01-13 14:42:20,Mobile
414,400086,CREATED,2025-01-12 23:06:04,Dispatch
415,400086,ASSIGNED,2025-01-13 01:36:04,Mobile
416,400086,ENROUTE,2025-01-13 06:17:04,Dispatch
417,400086,ARRIVED,2025-01-13 07:04:04,Mobile
418,400086,COMPLETED,2025-01-13 16:49:04,Mobile
419,400087,CREATED,2025-01-13 00:51:10,Mobile
420,400087,ASSIGNED,2025-01-13 04:35:10,Mobile
421,400087,ENROUTE,2025-01-13 07:36:10,Mobile
422,400087,ARRIVED,2025-01-13 10:27:10,Dispatch
423,400087,COMPLETED,2025-01-13 15:33:10,Mobile
424,400088,CREATED,2025-01-13 05:50:07,Mobile
425,400088,ASSIGNED,2025-01-13 07:15:07,Mobile
426,400088,ENROUTE,2025-01-13 14:43:07,Mobile
427,400088,ARRIVED,2025-01-13 16:05:07,Mobile
428,400088,COMPLETED,2025-01-13 23:57:07,Mobile
429,400089,CREATED,2025-01-13 05:58:53,Mobile
430,400089,ASSIGNED,2025-01-13 07:42:53,Mobile
431,400089,ENROUTE,2025-01-13 15:40:53,Mobile
432,400089,ARRIVED,2025-01-13 16:41:53,Mobile
433,400089,COMPLETED,2025-01-13 23:21:53,Dispatch
434,400090,CREATED,2025-01-13 14:46:35,Dispatch
435,400090,ASSIGNED,2025-01-13 17:11:35,Dispatch
436,400090,ENROUTE,2025-01-13 22:47:35,Mobile
437,400090,ARRIVED,2025-01-14 00:19:35,Mobile
438,400090,COMPLETED,2025-01-14 05:59:35,Dispatch
439,400091,CREATED,2025-01-13 18:33:51,Dispatch
440,400091,ASSIGNED,2025-01-13 21:39:51,CRM
441,400091,ENROUTE,2025-01-14 04:47:51,Dispatch
442,400091,ARRIVED,2025-01-14 05:03:51,Mobile
443,400091,COMPLETED,2025-01-14 08:56:51,Dispatch
444,400092,CREATED,2025-01-13 19:42:59,Mobile
445,400092,ASSIGNED,2025-01-13 22:20:59,Mobile
446,400092,ENROUTE,2025-01-14 00:16:59,Dispatch
447,400092,ARRIVED,2025-01-14 02:22:59,Mobile
448,400092,COMPLETED,2025-01-14 10:36:59,CRM
449,400093,CREATED,2025-01-14 02:40:52,Dispatch
450,400093,ASSIGNED,2025-01-14 04:14:52,Dispatch
451,400093,ENROUTE,2025-01-14 08:14:52,Dispatch
452,400093,ARRIVED,2025-01-14 09:20:52,Dispatch
453,400093,COMPLETED,2025-01-14 12:44:52,Mobile
454,400094,CREATED,2025-01-14 03:25:36,Mobile
455,400094,ASSIGNED,2025-01-14 05:18:36,Dispatch
456,400094,ENROUTE,2025-01-14 06:36:36,Dispatch
457,400094,ARRIVED,2025-01-14 08:57:36,Dispatch
458,400094,COMPLETED,2025-01-14 16:54:36,CRM
459,400095,CREATED,2025-01-14 04:25:51,Mobile
460,400095,ASSIGNED,2025-01-14 07:46:51,Dispatch
461,400095,ENROUTE,2025-01-14 10:42:51,Mobile
462,400095,ARRIVED,2025-01-14 13:40:51,Mobile
463,400095,COMPLETED,2025-01-14 22:49:51,Dispatch
464,400096,CREATED,2025-01-14 17:10:17,Mobile
465,400096,ASSIGNED,2025-01-14 18:18:17,Dispatch
466,400096,ENROUTE,2025-01-15 00:03:17,Dispatch
467,400096,ARRIVED,2025-01-15 02:03:17,Dispatch
468,400096,COMPLETED,2025-01-15 02:37:17,CRM
469,400097,CREATED,2025-01-14 20:59:12,Mobile
470,400097,ASSIGNED,2025-01-14 21:21:12,Mobile
471,400097,ENROUTE,2025-01-15 00:58:12,CRM
472,400097,ARRIVED,2025-01-15 01:40:12,Dispatch
473,400097,COMPLETED,2025-01-15 05:36:12,Mobile
474,400098,CREATED,2025-01-14 23:22:12,Dispatch
475,400098,ASSIGNED,2025-01-15 03:15:12,Mobile
476,400098,ENROUTE,2025-01-15 05:59:12,Mobile
477,400098,ARRIVED,2025-01-15 06:59:12,Mobile
478,400098,CANCELLED,2025-01-15 04:15:12,Mobile
479,400099,CREATED,2025-01-15 03:20:48,Mobile
480,400099,ASSIGNED,2025-01-15 07:16:48,Mobile
481,400099,ENROUTE,2025-01-15 13:05:48,Mobile
482,400099,ARRIVED,2025-01-15 13:18:48,Mobile
483,400099,COMPLETED,2025-01-15 13:59:48,Dispatch
484,400100,CREATED,2025-01-15 05:18:24,Dispatch
485,400100,ASSIGNED,2025-01-15 06:19:24,Dispatch
486,400100,ENROUTE,2025-01-15 06:39:24,Mobile
487,400100,ARRIVED,2025-01-15 08:46:24,Dispatch
488,400100,COMPLETED,2025-01-15 14:57:24,Mobile
489,400101,CREATED,2025-01-15 06:34:43,Mobile
490,400101,ASSIGNED,2025-01-15 09:13:43,CRM
491,400101,ENROUTE,2025-01-15 10:05:43,Mobile
492,400101,ARRIVED,2025-01-15 12:50:43,Dispatch
493,400101,CANCELLED,2025-01-15 10:13:43,CRM
494,400102,CREATED,2025-01-15 09:54:22,Dispatch
495,400102,ASSIGNED,2025-01-15 11:23:22,Dispatch
496,400102,ENROUTE,2025-01-15 17:57:22,Mobile
497,400102,ARRIVED,2025-01-15 18:15:22,Dispatch
498,400102,CANCELLED,2025-01-15 12:23:22,Dispatch
499,400103,CREATED,2025-01-15 09:59:06,Dispatch
500,400103,ASSIGNED,2025-01-15 11:19:06,CRM
501,400103,ENROUTE,2025-01-15 12:53:06,Dispatch
502,400103,ARRIVED,2025-01-15 15:06:06,Mobile
503,400104,CREATED,2025-01-15 17:35:34,Dispatch
504,400104,ASSIGNED,2025-01-15 18:58:34,Mobile
505,400104,ENROUTE,2025-01-15 23:09:34,Dispatch
506,400104,ARRIVED,2025-01-16 00:16:34,Dispatch
507,400104,COMPLETED,2025-01-16 09:17:34,Mobile
508,400105,CREATED,2025-01-15 22:07:28,Mobile
509,400105,ASSIGNED,2025-01-15 22:46:28,Dispatch
510,400105,ENROUTE,2025-01-16 00:17:28,Dispatch
511,400105,ARRIVED,2025-01-16 01:27:28,Mobile
512,400105,COMPLETED,2025-01-16 06:49:28,Mobile
513,400106,CREATED,2025-01-16 00:46:10,Dispatch
514,400106,ASSIGNED,2025-01-16 03:15:10,Dispatch
515,400106,ENROUTE,2025-01-16 10:40:10,Mobile
516,400106,ARRIVED,2025-01-16 11:39:10,Mobile
517,400106,COMPLETED,2025-01-16 14:08:10,Mobile
518,400107,CREATED,2025-01-16 06:17:43,Mobile
519,400107,ASSIGNED,2025-01-16 06:42:43,Dispatch
520,400107,ENROUTE,2025-01-16 07:28:43,Dispatch
521,400107,ARRIVED,2025-01-16 08:52:43,Dispatch
522,400107,COMPLETED,2025-01-16 10:16:43,Dispatch
523,400108,CREATED,2025-01-16 10:56:24,Dispatch
524,400108,ASSIGNED,2025-01-16 14:13:24,Mobile
525,400108,ENROUTE,2025-01-16 19:37:24,Dispatch
526,400108,ARRIVED,2025-01-16 20:24:24,Dispatch
527,400108,COMPLETED,2025-01-17 03:15:24,Dispatch
528,400109,CREATED,2025-01-16 11:23:02,Dispatch
529,400109,ASSIGNED,2025-01-16 13:04:02,Dispatch
530,400109,ENROUTE,2025-01-16 15:18:02,Dispatch
531,400109,ARRIVED,2025-01-16 16:56:02,Dispatch
532,400109,COMPLETED,2025-01-16 21:21:02,Dispatch
533,400110,CREATED,2025-01-16 11:57:14,CRM
534,400110,ASSIGNED,2025-01-16 13:44:14,Mobile
535,400110,ENROUTE,2025-01-16 16:49:14,CRM
536,400110,ARRIVED,2025-01-16 18:36:14,Mobile
537,400110,COMPLETED,2025-01-17 03:03:14,Mobile
538,400111,CREATED,2025-01-16 17:30:26,Dispatch
539,400111,ASSIGNED,2025-01-16 18:10:26,Dispatch
540,400111,ENROUTE,2025-01-16 19:31:26,Dispatch
541,400111,ARRIVED,2025-01-16 22:13:26,Mobile
542,400111,COMPLETED,2025-01-17 06:33:26,CRM
543,400112,CREATED,2025-01-16 18:10:48,Dispatch
544,400112,ASSIGNED,2025-01-16 21:47:48,CRM
545,400112,ENROUTE,2025-01-16 23:40:48,Mobile
546,400112,ARRIVED,2025-01-17 00:06:48,CRM
547,400112,COMPLETED,2025-01-17 07:23:48,Dispatch
548,400113,CREATED,2025-01-16 19:10:38,Mobile
549,400113,ASSIGNED,2025-01-16 21:48:38,Dispatch
550,400113,ENROUTE,2025-01-17 03:16:38,Dispatch
551,400113,ARRIVED,2025-01-17 06:10:38,Mobile
552,400113,COMPLETED,2025-01-17 09:32:38,Dispatch
553,400114,CREATED,2025-01-16 22:15:17,Mobile
554,400114,ASSIGNED,2025-01-16 23:02:17,Mobile
555,400114,ENROUTE,2025-01-17 01:33:17,Mobile
556,400114,ARRIVED,2025-01-17 04:08:17,Dispatch
557,400114,COMPLETED,2025-01-17 04:43:17,Mobile
558,400115,CREATED,2025-01-16 23:57:30,Dispatch
559,400115,ASSIGNED,2025-01-17 01:28:30,Dispatch
560,400115,ENROUTE,2025-01-17 08:46:30,Mobile
561,400115,ARRIVED,2025-01-17 10:35:30,Mobile
562,400115,COMPLETED,2025-01-17 15:35:30,Mobile
563,400116,CREATED,2025-01-17 08:34:23,Dispatch
564,400116,ASSIGNED,2025-01-17 10:17:23,CRM
565,400116,ENROUTE,2025-01-17 15:59:23,Mobile
566,400116,ARRIVED,2025-01-17 18:28:23,Mobile
567,400116,COMPLETED,2025-01-17 23:18:23,CRM
568,400117,CREATED,2025-01-17 09:25:15,Dispatch
569,400117,ASSIGNED,2025-01-17 11:50:15,CRM
570,400117,ENROUTE,2025-01-17 14:06:15,Dispatch
571,400117,ARRIVED,2025-01-17 16:20:15,CRM
572,400117,COMPLETED,2025-01-17 20:11:15,Dispatch
573,400118,CREATED,2025-01-17 09:36:23,Dispatch
574,400118,ASSIGNED,2025-01-17 09:42:23,Mobile
575,400118,ENROUTE,2025-01-17 16:08:23,Dispatch
576,400118,ARRIVED,2025-01-17 16:53:23,Dispatch
577,400118,COMPLETED,2025-01-17 18:17:23,Dispatch
578,400119,CREATED,2025-01-17 10:09:15,CRM
579,400119,ASSIGNED,2025-01-17 11:25:15,Dispatch
580,400119,ENROUTE,2025-01-17 14:41:15,Dispatch
581,400119,ARRIVED,2025-01-17 17:40:15,Dispatch
582,400119,COMPLETED,2025-01-17 21:46:15,Mobile
583,400120,CREATED,2025-01-17 13:29:03,Dispatch
584,400120,ASSIGNED,2025-01-17 15:02:03,Dispatch
585,400120,ENROUTE,2025-01-17 15:38:03,Dispatch
586,400120,ARRIVED,2025-01-17 17:50:03,Dispatch
587,400120,COMPLETED,2025-01-18 00:36:03,Mobile
588,400121,CREATED,2025-01-17 14:09:50,Mobile
589,400121,ASSIGNED,2025-01-17 17:03:50,CRM
590,400121,ENROUTE,2025-01-17 23:43:50,Dispatch
591,400121,ARRIVED,2025-01-18 02:25:50,Mobile
592,400121,COMPLETED,2025-01-18 10:21:50,Mobile
593,400122,CREATED,2025-01-17 18:05:33,Mobile
594,400122,ASSIGNED,2025-01-17 18:15:33,Dispatch
595,400122,ENROUTE,2025-01-17 19:56:33,Mobile
596,400122,ARRIVED,2025-01-17 22:35:33,Dispatch
597,400122,COMPLETED,2025-01-18 05:45:33,Dispatch
598,400123,CREATED,2025-01-18 03:02:40,Dispatch
599,400123,ASSIGNED,2025-01-18 05:10:40,Dispatch
600,400123,ENROUTE,2025-01-18 11:24:40,Dispatch
601,400123,ARRIVED,2025-01-18 12:47:40,Mobile
602,400124,CREATED,2025-01-18 03:39:25,Dispatch
603,400124,ASSIGNED,2025-01-18 05:57:25,Dispatch
604,400124,ENROUTE,2025-01-18 12:53:25,Mobile
605,400124,ARRIVED,2025-01-18 13:32:25,Mobile
606,400124,COMPLETED,2025-01-18 15:04:25,CRM
607,400125,CREATED,2025-01-18 06:01:57,Mobile
608,400125,ASSIGNED,2025-01-18 08:25:57,Mobile
609,400125,ENROUTE,2025-01-18 10:39:57,Mobile
610,400125,ARRIVED,2025-01-18 11:17:57,Dispatch
611,400125,COMPLETED,2025-01-18 15:35:57,Dispatch
612,400126,CREATED,2025-01-18 06:12:50,Dispatch
613,400126,ASSIGNED,2025-01-18 08:55:50,Dispatch
614,400126,ENROUTE,2025-01-18 11:13:50,Mobile
615,400126,ARRIVED,2025-01-18 13:41:50,Mobile
616,400126,COMPLETED,2025-01-18 16:55:50,Dispatch
617,400127,CREATED,2025-01-18 07:46:22,Mobile
618,400127,ASSIGNED,2025-01-18 10:56:22,CRM
619,400127,ENROUTE,2025-01-18 12:03:22,Dispatch
620,400127,ARRIVED,2025-01-18 14:00:22,CRM
621,400127,COMPLETED,2025-01-18 18:32:22,Dispatch
622,400128,CREATED,2025-01-18 13:47:11,Dispatch
623,400128,ASSIGNED,2025-01-18 14:24:11,Mobile
624,400128,ENROUTE,2025-01-18 21:33:11,Dispatch
625,400128,ARRIVED,2025-01-18 22:45:11,Dispatch
626,400128,COMPLETED,2025-01-19 05:25:11,Dispatch
627,400129,CREATED,2025-01-19 01:54:09,CRM
628,400129,ASSIGNED,2025-01-19 02:29:09,CRM
629,400129,ENROUTE,2025-01-19 06:36:09,Dispatch
630,400129,ARRIVED,2025-01-19 08:02:09,Mobile
631,400129,COMPLETED,2025-01-19 13:48:09,Dispatch
632,400130,CREATED,2025-01-19 06:45:13,Dispatch
633,400130,ASSIGNED,2025-01-19 10:04:13,Dispatch
634,400130,ENROUTE,2025-01-19 13:42:13,CRM
635,400130,ARRIVED,2025-01-19 16:11:13,CRM
636,400130,COMPLETED,2025-01-19 23:45:13,Mobile
637,400131,CREATED,2025-01-19 06:48:20,CRM
638,400131,ASSIGNED,2025-01-19 06:59:20,Mobile
639,400131,ENROUTE,2025-01-19 10:22:20,Dispatch
640,400131,ARRIVED,2025-01-19 11:24:20,Dispatch
641,400132,CREATED,2025-01-19 11:13:34,Dispatch
642,400132,ASSIGNED,2025-01-19 12:34:34,CRM
643,400132,ENROUTE,2025-01-19 18:21:34,Dispatch
644,400132,ARRIVED,2025-01-19 19:14:34,Dispatch
645,400132,COMPLETED,2025-01-20 04:14:34,Dispatch
646,400133,CREATED,2025-01-19 13:53:17,CRM
647,400133,ASSIGNED,2025-01-19 15:28:17,Dispatch
648,400133,ENROUTE,2025-01-19 17:22:17,Dispatch
649,400133,ARRIVED,2025-01-19 18:44:17,Mobile
650,400133,COMPLETED,2025-01-19 19:56:17,Mobile
651,400134,CREATED,2025-01-19 15:16:50,Mobile
652,400134,ASSIGNED,2025-01-19 16:19:50,Dispatch
653,400134,ENROUTE,2025-01-19 20:10:50,Dispatch
654,400134,ARRIVED,2025-01-19 20:41:50,Dispatch
655,400134,COMPLETED,2025-01-20 02:26:50,Dispatch
656,400135,CREATED,2025-01-19 17:30:06,Mobile
657,400135,ASSIGNED,2025-01-19 17:59:06,Dispatch
658,400135,ENROUTE,2025-01-19 21:00:06,Mobile
659,400135,ARRIVED,2025-01-19 22:37:06,Dispatch
660,400135,COMPLETED,2025-01-20 03:23:06,Dispatch
661,400136,CREATED,2025-01-19 21:56:17,Mobile
662,400136,ASSIGNED,2025-01-19 23:17:17,Dispatch
663,400136,ENROUTE,2025-01-19 23:47:17,Mobile
664,400136,ARRIVED,2025-01-20 01:54:17,Mobile
665,400136,COMPLETED,2025-01-20 09:34:17,Mobile
666,400137,CREATED,2025-01-19 22:13:29,Dispatch
667,400137,ASSIGNED,2025-01-20 00:12:29,Dispatch
668,400137,ENROUTE,2025-01-20 04:11:29,CRM
669,400137,ARRIVED,2025-01-20 04:57:29,Dispatch
670,400137,COMPLETED,2025-01-20 08:13:29,Dispatch
671,400138,CREATED,2025-01-19 22:41:07,Dispatch
672,400138,ASSIGNED,2025-01-20 00:47:07,Mobile
673,400138,ENROUTE,2025-01-20 02:29:07,Mobile
674,400138,ARRIVED,2025-01-20 03:50:07,Dispatch
675,400138,COMPLETED,2025-01-20 05:14:07,CRM
676,400139,CREATED,2025-01-20 03:48:53,Dispatch
677,400139,ASSIGNED,2025-01-20 05:30:53,Mobile
678,400139,ENROUTE,2025-01-20 11:14:53,Dispatch
679,400139,ARRIVED,2025-01-20 12:35:53,Mobile
680,400139,COMPLETED,2025-01-20 14:31:53,Mobile
681,400140,CREATED,2025-01-20 06:39:42,Mobile
682,400140,ASSIGNED,2025-01-20 09:27:42,Dispatch
683,400140,ENROUTE,2025-01-20 12:19:42,Dispatch
684,400140,ARRIVED,2025-01-20 13:23:42,CRM
685,400140,COMPLETED,2025-01-20 16:38:42,Mobile
686,400141,CREATED,2025-01-20 08:51:06,Dispatch
687,400141,ASSIGNED,2025-01-20 10:10:06,Dispatch
688,400141,ENROUTE,2025-01-20 17:46:06,CRM
689,400141,ARRIVED,2025-01-20 18:07:06,Dispatch
690,400141,COMPLETED,2025-01-20 22:49:06,Dispatch
691,400142,CREATED,2025-01-20 09:39:36,Mobile
692,400142,ASSIGNED,2025-01-20 11:16:36,Mobile
693,400142,ENROUTE,2025-01-20 17:06:36,Dispatch
694,400142,ARRIVED,2025-01-20 17:52:36,Dispatch
695,400142,COMPLETED,2025-01-20 20:48:36,Dispatch
696,400143,CREATED,2025-01-20 19:42:32,Mobile
697,400143,ASSIGNED,2025-01-20 23:19:32,Mobile
698,400143,ENROUTE,2025-01-21 07:05:32,Dispatch
699,400143,ARRIVED,2025-01-21 09:36:32,Mobile
700,400143,COMPLETED,2025-01-21 17:50:32,Mobile
701,400144,CREATED,2025-01-21 00:07:14,Mobile
702,400144,ASSIGNED,2025-01-21 01:55:14,Dispatch
703,400144,ENROUTE,2025-01-21 03:47:14,Mobile
704,400144,ARRIVED,2025-01-21 04:21:14,Dispatch
705,400144,COMPLETED,2025-01-21 08:50:14,Dispatch
706,400145,CREATED,2025-01-21 02:00:34,Dispatch
707,400145,ASSIGNED,2025-01-21 04:52:34,Mobile
708,400145,ENROUTE,2025-01-21 08:44:34,Dispatch
709,400145,ARRIVED,2025-01-21 09:55:34,Mobile
710,400145,COMPLETED,2025-01-21 18:37:34,CRM
711,400146,CREATED,2025-01-21 04:03:11,Mobile
712,400146,ASSIGNED,2025-01-21 06:45:11,Mobile
713,400146,ENROUTE,2025-01-21 14:28:11,Dispatch
714,400146,ARRIVED,2025-01-21 15:30:11,Dispatch
715,400146,COMPLETED,2025-01-21 17:08:11,Dispatch
716,400147,CREATED,2025-01-21 05:12:13,Dispatch
717,400147,ASSIGNED,2025-01-21 08:37:13,Dispatch
718,400147,ENROUTE,2025-01-21 11:46:13,Dispatch
719,400147,ARRIVED,2025-01-21 13:05:13,CRM
720,400147,COMPLETED,2025-01-21 17:24:13,CRM
721,400148,CREATED,2025-01-21 08:15:48,Dispatch
722,400148,ASSIGNED,2025-01-21 09:42:48,Dispatch
723,400148,ENROUTE,2025-01-21 15:52:48,Dispatch
724,400148,ARRIVED,2025-01-21 18:25:48,Dispatch
725,400148,COMPLETED,2025-01-22 02:51:48,Mobile
726,400149,CREATED,2025-01-21 08:34:44,Dispatch
727,400149,ASSIGNED,2025-01-21 10:45:44,Dispatch
728,400149,ENROUTE,2025-01-21 13:48:44,Mobile
729,400149,ARRIVED,2025-01-21 15:06:44,CRM
730,400149,COMPLETED,2025-01-22 00:02:44,Dispatch
731,400150,CREATED,2025-01-21 11:44:44,Dispatch
732,400150,ASSIGNED,2025-01-21 12:50:44,Mobile
733,400150,ENROUTE,2025-01-21 14:39:44,Dispatch
734,400150,ARRIVED,2025-01-21 16:22:44,Dispatch
735,400150,COMPLETED,2025-01-21 19:06:44,CRM
736,400151,CREATED,2025-01-21 13:24:16,Dispatch
737,400151,ASSIGNED,2025-01-21 16:09:16,Dispatch
738,400151,ENROUTE,2025-01-21 20:37:16,Dispatch
739,400151,ARRIVED,2025-01-21 22:34:16,Mobile
740,400151,COMPLETED,2025-01-22 06:55:16,Mobile
741,400152,CREATED,2025-01-21 14:31:19,Mobile
742,400152,ASSIGNED,2025-01-21 16:51:19,Dispatch
743,400152,ENROUTE,2025-01-21 21:31:19,Mobile
744,400152,ARRIVED,2025-01-21 23:22:19,Mobile
745,400152,COMPLETED,2025-01-22 04:50:19,CRM
746,400153,CREATED,2025-01-21 15:20:04,Dispatch
747,400153,ASSIGNED,2025-01-21 16:15:04,Dispatch
748,400153,ENROUTE,2025-01-21 20:51:04,Dispatch
749,400153,ARRIVED,2025-01-21 23:42:04,Mobile
750,400153,COMPLETED,2025-01-22 00:18:04,Dispatch
751,400154,CREATED,2025-01-21 22:20:08,Dispatch
752,400154,ASSIGNED,2025-01-22 01:07:08,Mobile
753,400154,ENROUTE,2025-01-22 08:52:08,Dispatch
754,400154,ARRIVED,2025-01-22 09:27:08,Mobile
755,400154,COMPLETED,2025-01-22 10:36:08,Dispatch
756,400155,CREATED,2025-01-22 02:44:39,Dispatch
757,400155,ASSIGNED,2025-01-22 04:10:39,CRM
758,400155,ENROUTE,2025-01-22 07:18:39,Mobile
759,400155,ARRIVED,2025-01-22 07:57:39,Dispatch
760,400155,COMPLETED,2025-01-22 09:16:39,Mobile
761,400156,CREATED,2025-01-22 04:28:48,Mobile
762,400156,ASSIGNED,2025-01-22 05:39:48,Dispatch
763,400156,ENROUTE,2025-01-22 12:06:48,Dispatch
764,400156,ARRIVED,2025-01-22 15:05:48,Mobile
765,400157,CREATED,2025-01-22 06:21:53,Mobile
766,400157,ASSIGNED,2025-01-22 07:50:53,Dispatch
767,400157,ENROUTE,2025-01-22 12:49:53,Mobile
768,400157,ARRIVED,2025-01-22 14:18:53,Mobile
769,400157,COMPLETED,2025-01-22 23:02:53,Mobile
770,400158,CREATED,2025-01-22 09:20:23,Mobile
771,400158,ASSIGNED,2025-01-22 11:12:23,Mobile
772,400158,ENROUTE,2025-01-22 14:33:23,Dispatch
773,400158,ARRIVED,2025-01-22 15:31:23,Dispatch
774,400158,COMPLETED,2025-01-22 19:07:23,Dispatch
775,400159,CREATED,2025-01-22 11:44:03,Dispatch
776,400159,ASSIGNED,2025-01-22 13:47:03,Dispatch
777,400159,ENROUTE,2025-01-22 17:13:03,Mobile
778,400159,ARRIVED,2025-01-22 19:46:03,Mobile
779,400159,COMPLETED,2025-01-23 00:56:03,Mobile
780,400160,CREATED,2025-01-22 12:21:05,Dispatch
781,400160,ASSIGNED,2025-01-22 13:40:05,Dispatch
782,400160,ENROUTE,2025-01-22 16:28:05,Dispatch
783,400160,ARRIVED,2025-01-22 18:04:05,Mobile
784,400160,COMPLETED,2025-01-22 22:57:05,Mobile
785,400161,CREATED,2025-01-22 15:39:33,Mobile
786,400161,ASSIGNED,2025-01-22 16:35:33,CRM
787,400161,ENROUTE,2025-01-22 21:53:33,Dispatch
788,400161,ARRIVED,2025-01-22 22:05:33,Mobile
789,400161,CANCELLED,2025-01-22 17:35:33,Dispatch
790,400162,CREATED,2025-01-22 18:44:49,Dispatch
791,400162,ASSIGNED,2025-01-22 19:37:49,Dispatch
792,400162,ENROUTE,2025-01-22 21:41:49,Mobile
793,400162,ARRIVED,2025-01-22 23:20:49,CRM
794,400162,COMPLETED,2025-01-23 00:22:49,Mobile
795,400163,CREATED,2025-01-22 19:57:05,Mobile
796,400163,ASSIGNED,2025-01-22 20:22:05,Mobile
797,400163,ENROUTE,2025-01-22 23:55:05,Dispatch
798,400163,ARRIVED,2025-01-23 02:52:05,Dispatch
799,400163,COMPLETED,2025-01-23 06:32:05,Mobile
800,400164,CREATED,2025-01-23 06:15:14,Mobile
801,400164,ASSIGNED,2025-01-23 06:56:14,Mobile
802,400164,ENROUTE,2025-01-23 12:27:14,Mobile
803,400164,ARRIVED,2025-01-23 14:45:14,Mobile
804,400164,COMPLETED,2025-01-23 15:19:14,Mobile
805,400165,CREATED,2025-01-23 07:46:07,Mobile
806,400165,ASSIGNED,2025-01-23 09:17:07,Mobile
807,400165,ENROUTE,2025-01-23 10:28:07,Mobile
808,400165,ARRIVED,2025-01-23 12:12:07,Dispatch
809,400165,COMPLETED,2025-01-23 13:50:07,Dispatch
810,400166,CREATED,2025-01-23 10:44:19,Mobile
811,400166,ASSIGNED,2025-01-23 14:27:19,Mobile
812,400166,ENROUTE,2025-01-23 15:05:19,CRM
813,400166,ARRIVED,2025-01-23 16:55:19,Mobile
814,400166,COMPLETED,2025-01-23 20:39:19,Dispatch
815,400167,CREATED,2025-01-23 12:59:17,Dispatch
816,400167,ASSIGNED,2025-01-23 13:06:17,Dispatch
817,400167,ENROUTE,2025-01-23 18:58:17,Dispatch
818,400167,ARRIVED,2025-01-23 21:56:17,CRM
819,400167,COMPLETED,2025-01-24 06:37:17,Mobile
820,400168,CREATED,2025-01-23 14:15:43,Dispatch
821,400168,ASSIGNED,2025-01-23 14:59:43,Dispatch
822,400168,ENROUTE,2025-01-23 19:10:43,Mobile
823,400168,ARRIVED,2025-01-23 19:34:43,Dispatch
824,400168,COMPLETED,2025-01-23 20:15:43,Dispatch
825,400169,CREATED,2025-01-23 15:33:29,Mobile
826,400169,ASSIGNED,2025-01-23 16:05:29,Mobile
827,400169,ENROUTE,2025-01-23 17:29:29,CRM
828,400169,ARRIVED,2025-01-23 18:04:29,Mobile
829,400169,CANCELLED,2025-01-23 17:05:29,Mobile
830,400170,CREATED,2025-01-23 17:09:11,Dispatch
831,400170,ASSIGNED,2025-01-23 17:44:11,Dispatch
832,400170,ENROUTE,2025-01-23 21:33:11,Mobile
833,400170,ARRIVED,2025-01-24 00:01:11,Mobile
834,400170,COMPLETED,2025-01-24 04:05:11,Dispatch
835,400171,CREATED,2025-01-24 00:41:56,Dispatch
836,400171,ASSIGNED,2025-01-24 02:26:56,Mobile
837,400171,ENROUTE,2025-01-24 03:55:56,Mobile
838,400171,ARRIVED,2025-01-24 04:27:56,Dispatch
839,400171,COMPLETED,2025-01-24 08:43:56,Dispatch
840,400172,CREATED,2025-01-24 00:48:20,CRM
841,400172,ASSIGNED,2025-01-24 01:00:20,Dispatch
842,400172,ENROUTE,2025-01-24 04:28:20,Dispatch
843,400172,ARRIVED,2025-01-24 06:42:20,CRM
844,400172,COMPLETED,2025-01-24 07:22:20,Dispatch
845,400173,CREATED,2025-01-24 02:35:45,Dispatch
846,400173,ASSIGNED,2025-01-24 03:17:45,Mobile
847,400173,ENROUTE,2025-01-24 07:55:45,Mobile
848,400173,ARRIVED,2025-01-24 10:40:45,Mobile
849,400173,COMPLETED,2025-01-24 18:58:45,Mobile
850,400174,CREATED,2025-01-24 06:38:34,Dispatch
851,400174,ASSIGNED,2025-01-24 10:33:34,Mobile
852,400174,ENROUTE,2025-01-24 11:43:34,Dispatch
853,400174,ARRIVED,2025-01-24 13:34:34,Mobile
854,400174,COMPLETED,2025-01-24 20:22:34,Dispatch
855,400175,CREATED,2025-01-24 08:50:14,Mobile
856,400175,ASSIGNED,2025-01-24 11:39:14,Dispatch
857,400175,ENROUTE,2025-01-24 18:40:14,Mobile
858,400175,ARRIVED,2025-01-24 19:47:14,Dispatch
859,400175,COMPLETED,2025-01-24 23:56:14,Dispatch
860,400176,CREATED,2025-01-24 13:17:01,Dispatch
861,400176,ASSIGNED,2025-01-24 13:54:01,Mobile
862,400176,ENROUTE,2025-01-24 17:13:01,Mobile
863,400176,ARRIVED,2025-01-24 17:52:01,Mobile
864,400176,COMPLETED,2025-01-24 22:21:01,Dispatch
865,400177,CREATED,2025-01-24 13:33:17,Dispatch
866,400177,ASSIGNED,2025-01-24 15:22:17,Dispatch
867,400177,ENROUTE,2025-01-24 21:12:17,Dispatch
868,400177,ARRIVED,2025-01-24 23:35:17,Dispatch
869,400177,COMPLETED,2025-01-25 02:15:17,Dispatch
870,400178,CREATED,2025-01-24 19:41:16,Mobile
871,400178,ASSIGNED,2025-01-24 23:09:16,Mobile
872,400178,ENROUTE,2025-01-25 04:25:16,Dispatch
873,400178,ARRIVED,2025-01-25 04:51:16,Dispatch
874,400178,COMPLETED,2025-01-25 09:17:16,Dispatch
875,400179,CREATED,2025-01-24 21:19:36,Mobile
876,400179,ASSIGNED,2025-01-24 21:44:36,Dispatch
877,400179,ENROUTE,2025-01-25 04:35:36,Mobile
878,400179,ARRIVED,2025-01-25 05:58:36,Dispatch
879,400179,COMPLETED,2025-01-25 12:33:36,Mobile
880,400180,CREATED,2025-01-24 21:31:45,Dispatch
881,400180,ASSIGNED,2025-01-25 00:40:45,Dispatch
882,400180,ENROUTE,2025-01-25 08:31:45,Mobile
883,400180,ARRIVED,2025-01-25 10:01:45,Dispatch
884,400180,COMPLETED,2025-01-25 15:01:45,Dispatch
885,400181,CREATED,2025-01-25 01:25:08,CRM
886,400181,ASSIGNED,2025-01-25 03:47:08,CRM
887,400181,ENROUTE,2025-01-25 11:45:08,Dispatch
888,400181,ARRIVED,2025-01-25 14:20:08,Mobile
889,400181,COMPLETED,2025-01-25 15:56:08,Dispatch
890,400182,CREATED,2025-01-25 02:34:32,Dispatch
891,400182,ASSIGNED,2025-01-25 03:38:32,CRM
892,400182,ENROUTE,2025-01-25 10:43:32,Dispatch
893,400182,ARRIVED,2025-01-25 13:23:32,Dispatch
894,400182,COMPLETED,2025-01-25 16:25:32,Dispatch
895,400183,CREATED,2025-01-25 03:18:30,Dispatch
896,400183,ASSIGNED,2025-01-25 07:11:30,Dispatch
897,400183,ENROUTE,2025-01-25 07:32:30,Dispatch
898,400183,ARRIVED,2025-01-25 08:38:30,Mobile
899,400183,COMPLETED,2025-01-25 11:39:30,Dispatch
900,400184,CREATED,2025-01-25 04:55:21,Dispatch
901,400184,ASSIGNED,2025-01-25 07:51:21,Dispatch
902,400184,ENROUTE,2025-01-25 11:08:21,Dispatch
903,400184,ARRIVED,2025-01-25 12:12:21,Dispatch
904,400184,COMPLETED,2025-01-25 13:28:21,CRM
905,400185,CREATED,2025-01-25 08:39:51,CRM
906,400185,ASSIGNED,2025-01-25 10:34:51,Mobile
907,400185,ENROUTE,2025-01-25 16:10:51,Dispatch
908,400185,ARRIVED,2025-01-25 19:00:51,Dispatch
909,400185,COMPLETED,2025-01-25 23:08:51,Dispatch
910,400186,CREATED,2025-01-25 12:24:14,Dispatch
911,400186,ASSIGNED,2025-01-25 15:19:14,Mobile
912,400186,ENROUTE,2025-01-25 19:48:14,Mobile
913,400186,ARRIVED,2025-01-25 21:05:14,CRM
914,400186,COMPLETED,2025-01-26 06:34:14,Dispatch
915,400187,CREATED,2025-01-25 15:48:28,Dispatch
916,400187,ASSIGNED,2025-01-25 17:23:28,Mobile
917,400187,ENROUTE,2025-01-25 23:09:28,Mobile
918,400187,ARRIVED,2025-01-26 00:58:28,Dispatch
919,400187,COMPLETED,2025-01-26 06:52:28,Dispatch
920,400188,CREATED,2025-01-26 00:09:54,Dispatch
921,400188,ASSIGNED,2025-01-26 01:39:54,Dispatch
922,400188,ENROUTE,2025-01-26 07:11:54,Dispatch
923,400188,ARRIVED,2025-01-26 08:58:54,Mobile
924,400188,COMPLETED,2025-01-26 13:03:54,Mobile
925,400189,CREATED,2025-01-26 02:10:23,Mobile
926,400189,ASSIGNED,2025-01-26 04:41:23,Mobile
927,400189,ENROUTE,2025-01-26 06:26:23,Mobile
928,400189,ARRIVED,2025-01-26 07:54:23,Dispatch
929,400189,COMPLETED,2025-01-26 16:07:23,Dispatch
930,400190,CREATED,2025-01-26 06:05:45,Dispatch
931,400190,ASSIGNED,2025-01-26 09:46:45,Dispatch
932,400190,ENROUTE,2025-01-26 17:05:45,Mobile
933,400190,ARRIVED,2025-01-26 19:21:45,Mobile
934,400190,COMPLETED,2025-01-26 21:32:45,Mobile
935,400191,CREATED,2025-01-26 07:31:02,Mobile
936,400191,ASSIGNED,2025-01-26 10:49:02,Mobile
937,400191,ENROUTE,2025-01-26 17:31:02,Dispatch
938,400191,ARRIVED,2025-01-26 18:19:02,Mobile
939,400191,COMPLETED,2025-01-27 00:13:02,Dispatch
940,400192,CREATED,2025-01-26 15:22:08,Mobile
941,400192,ASSIGNED,2025-01-26 17:47:08,Dispatch
942,400192,ENROUTE,2025-01-26 18:22:08,Dispatch
943,400192,ARRIVED,2025-01-26 18:46:08,Dispatch
944,400192,COMPLETED,2025-01-27 04:20:08,Mobile
945,400193,CREATED,2025-01-26 16:52:02,Dispatch
946,400193,ASSIGNED,2025-01-26 17:37:02,Dispatch
947,400193,ENROUTE,2025-01-26 19:37:02,Dispatch
948,400193,ARRIVED,2025-01-26 21:26:02,Mobile
949,400193,COMPLETED,2025-01-27 00:39:02,Dispatch
950,400194,CREATED,2025-01-26 18:04:49,Dispatch
951,400194,ASSIGNED,2025-01-26 21:12:49,Dispatch
952,400194,ENROUTE,2025-01-27 01:14:49,Mobile
953,400194,ARRIVED,2025-01-27 03:28:49,CRM
954,400194,COMPLETED,2025-01-27 07:24:49,Dispatch
955,400195,CREATED,2025-01-27 06:10:52,CRM
956,400195,ASSIGNED,2025-01-27 06:37:52,Dispatch
957,400195,ENROUTE,2025-01-27 09:10:52,Mobile
958,400195,ARRIVED,2025-01-27 10:12:52,Dispatch
959,400195,COMPLETED,2025-01-27 15:53:52,Mobile
960,400196,CREATED,2025-01-27 08:07:30,Mobile
961,400196,ASSIGNED,2025-01-27 08:20:30,Dispatch
962,400196,ENROUTE,2025-01-27 10:50:30,Mobile
963,400196,ARRIVED,2025-01-27 11:14:30,Dispatch
964,400196,COMPLETED,2025-01-27 19:47:30,Dispatch
965,400197,CREATED,2025-01-27 09:05:41,Mobile
966,400197,ASSIGNED,2025-01-27 11:49:41,Mobile
967,400197,ENROUTE,2025-01-27 19:08:41,Dispatch
968,400197,ARRIVED,2025-01-27 20:31:41,Dispatch
969,400197,COMPLETED,2025-01-28 01:42:41,Mobile
970,400198,CREATED,2025-01-27 09:55:17,Dispatch
971,400198,ASSIGNED,2025-01-27 13:00:17,CRM
972,400198,ENROUTE,2025-01-27 19:25:17,Dispatch
973,400198,ARRIVED,2025-01-27 20:22:17,Dispatch
974,400198,COMPLETED,2025-01-28 05:47:17,Mobile
975,400199,CREATED,2025-01-27 23:21:38,Mobile
976,400199,ASSIGNED,2025-01-28 01:55:38,Dispatch
977,400199,ENROUTE,2025-01-28 03:04:38,Mobile
978,400199,ARRIVED,2025-01-28 05:21:38,Dispatch
979,400199,COMPLETED,2025-01-28 15:01:38,Dispatch
980,400200,CREATED,2025-01-27 23:48:56,CRM
981,400200,ASSIGNED,2025-01-28 00:32:56,Mobile
982,400200,ENROUTE,2025-01-28 01:19:56,Dispatch
983,400200,ARRIVED,2025-01-28 02:45:56,Dispatch
984,400200,COMPLETED,2025-01-28 06:01:56,Dispatch
985,400201,CREATED,2025-01-28 01:47:45,Mobile
986,400201,ASSIGNED,2025-01-28 01:56:45,Dispatch
987,400201,ENROUTE,2025-01-28 02:39:45,Dispatch
988,400201,ARRIVED,2025-01-28 03:03:45,Mobile
989,400201,COMPLETED,2025-01-28 05:20:45,Mobile
990,400202,CREATED,2025-01-28 02:37:22,Mobile
991,400202,ASSIGNED,2025-01-28 05:04:22,Dispatch
992,400202,ENROUTE,2025-01-28 10:42:22,Dispatch
993,400202,ARRIVED,2025-01-28 12:52:22,Dispatch
994,400202,COMPLETED,2025-01-28 17:04:22,Dispatch
995,400203,CREATED,2025-01-28 03:58:20,Mobile
996,400203,ASSIGNED,2025-01-28 07:23:20,Mobile
997,400203,ENROUTE,2025-01-28 14:46:20,Mobile
998,400203,ARRIVED,2025-01-28 17:06:20,Dispatch
999,400203,COMPLETED,2025-01-29 00:01:20,Dispatch
1000,400203,REOPENED,2025-01-30 00:01:20,Dispatch
1001,400203,ASSIGNED,2025-01-30 01:01:20,Dispatch
1002,400203,COMPLETED,2025-01-31 02:01:20,Dispatch
1003,400204,CREATED,2025-01-28 04:20:50,CRM
1004,400204,ASSIGNED,2025-01-28 04:37:50,Mobile
1005,400204,ENROUTE,2025-01-28 05:39:50,Mobile
1006,400204,ARRIVED,2025-01-28 06:30:50,Mobile
1007,400204,COMPLETED,2025-01-28 07:46:50,Dispatch
1008,400205,CREATED,2025-01-28 06:57:59,Mobile
1009,400205,ASSIGNED,2025-01-28 09:41:59,Mobile
1010,400205,ENROUTE,2025-01-28 16:44:59,Mobile
1011,400205,ARRIVED,2025-01-28 18:02:59,Dispatch
1012,400205,COMPLETED,2025-01-28 18:45:59,Mobile
1013,400206,CREATED,2025-01-28 08:00:34,CRM
1014,400206,ASSIGNED,2025-01-28 09:12:34,Mobile
1015,400206,ENROUTE,2025-01-28 11:34:34,Mobile
1016,400206,ARRIVED,2025-01-28 12:49:34,Mobile
1017,400206,COMPLETED,2025-01-28 16:49:34,Dispatch
1018,400207,CREATED,2025-01-28 10:38:36,Dispatch
1019,400207,ASSIGNED,2025-01-28 11:28:36,CRM
1020,400207,ENROUTE,2025-01-28 14:13:36,Mobile
1021,400207,ARRIVED,2025-01-28 14:46:36,Dispatch
1022,400207,COMPLETED,2025-01-28 22:35:36,Mobile
1023,400208,CREATED,2025-01-28 12:56:56,Mobile
1024,400208,ASSIGNED,2025-01-28 16:26:56,Dispatch
1025,400208,ENROUTE,2025-01-28 21:41:56,Dispatch
1026,400208,ARRIVED,2025-01-28 22:21:56,CRM
1027,400208,COMPLETED,2025-01-29 02:49:56,Dispatch
1028,400209,CREATED,2025-01-28 19:50:05,Dispatch
1029,400209,ASSIGNED,2025-01-28 20:20:05,Mobile
1030,400209,ENROUTE,2025-01-28 21:58:05,Mobile
1031,400209,ARRIVED,2025-01-29 00:12:05,Dispatch
1032,400209,COMPLETED,2025-01-29 04:35:05,Dispatch
1033,400210,CREATED,2025-01-29 02:46:58,Dispatch
1034,400210,ASSIGNED,2025-01-29 04:30:58,Dispatch
1035,400210,ENROUTE,2025-01-29 07:19:58,Mobile
1036,400210,ARRIVED,2025-01-29 09:28:58,Mobile
1037,400210,COMPLETED,2025-01-29 19:22:58,Dispatch
1038,400211,CREATED,2025-01-29 03:51:07,Dispatch
1039,400211,ASSIGNED,2025-01-29 04:54:07,Dispatch
1040,400211,ENROUTE,2025-01-29 09:41:07,Dispatch
1041,400211,ARRIVED,2025-01-29 10:36:07,Dispatch
1042,400211,COMPLETED,2025-01-29 14:38:07,Dispatch
1043,400212,CREATED,2025-01-29 09:01:31,Mobile
1044,400212,ASSIGNED,2025-01-29 10:56:31,Mobile
1045,400212,ENROUTE,2025-01-29 17:30:31,Mobile
1046,400212,ARRIVED,2025-01-29 19:05:31,Mobile
1047,400212,COMPLETED,2025-01-30 03:06:31,Dispatch
1048,400213,CREATED,2025-01-29 11:37:43,Dispatch
1049,400213,ASSIGNED,2025-01-29 12:38:43,Dispatch
1050,400213,ENROUTE,2025-01-29 19:19:43,Mobile
1051,400213,ARRIVED,2025-01-29 20:57:43,Dispatch
1052,400213,COMPLETED,2025-01-30 03:47:43,Dispatch
1053,400214,CREATED,2025-01-29 16:09:13,Mobile
1054,400214,ASSIGNED,2025-01-29 19:19:13,Dispatch
1055,400214,ENROUTE,2025-01-29 21:23:13,CRM
1056,400214,ARRIVED,2025-01-30 00:07:13,Mobile
1057,400215,CREATED,2025-01-30 02:08:29,CRM
1058,400215,ASSIGNED,2025-01-30 04:24:29,Mobile
1059,400215,ENROUTE,2025-01-30 09:57:29,Mobile
1060,400215,ARRIVED,2025-01-30 12:20:29,Mobile
1061,400215,COMPLETED,2025-01-30 17:28:29,CRM
1062,400216,CREATED,2025-01-30 05:31:34,Dispatch
1063,400216,ASSIGNED,2025-01-30 08:42:34,Dispatch
1064,400216,ENROUTE,2025-01-30 09:56:34,Mobile
1065,400216,ARRIVED,2025-01-30 11:25:34,Dispatch
1066,400216,COMPLETED,2025-01-30 18:03:34,Dispatch
1067,400217,CREATED,2025-01-30 06:09:41,CRM
1068,400217,ASSIGNED,2025-01-30 08:17:41,Mobile
1069,400217,ENROUTE,2025-01-30 11:10:41,Dispatch
1070,400217,ARRIVED,2025-01-30 11:43:41,Mobile
1071,400217,COMPLETED,2025-01-30 15:12:41,Dispatch
1072,400218,CREATED,2025-01-30 08:30:10,Mobile
1073,400218,ASSIGNED,2025-01-30 09:04:10,Dispatch
1074,400218,ENROUTE,2025-01-30 14:31:10,CRM
1075,400218,ARRIVED,2025-01-30 16:53:10,Mobile
1076,400218,COMPLETED,2025-01-30 18:41:10,Dispatch
1077,400219,CREATED,2025-01-30 11:47:08,CRM
1078,400219,ASSIGNED,2025-01-30 12:29:08,Dispatch
1079,400219,ENROUTE,2025-01-30 15:32:08,Mobile
1080,400219,ARRIVED,2025-01-30 16:53:08,Mobile
1081,400219,COMPLETED,2025-01-30 22:34:08,Mobile
1082,400220,CREATED,2025-01-30 16:06:17,Mobile
1083,400220,ASSIGNED,2025-01-30 17:34:17,Dispatch
1084,400220,ENROUTE,2025-01-30 20:51:17,Mobile
1085,400220,ARRIVED,2025-01-30 22:09:17,Dispatch
1086,400220,COMPLETED,2025-01-31 00:13:17,CRM
1087,400221,CREATED,2025-01-30 19:56:34,Dispatch
1088,400221,ASSIGNED,2025-01-30 20:31:34,Mobile
1089,400221,ENROUTE,2025-01-31 04:18:34,Dispatch
1090,400221,ARRIVED,2025-01-31 05:41:34,Mobile
1091,400221,COMPLETED,2025-01-31 12:33:34,CRM
1092,400222,CREATED,2025-01-30 20:50:24,Dispatch
1093,400222,ASSIGNED,2025-01-30 22:30:24,Mobile
1094,400222,ENROUTE,2025-01-30 23:54:24,Dispatch
1095,400222,ARRIVED,2025-01-31 00:54:24,Dispatch
1096,400222,COMPLETED,2025-01-31 04:58:24,Dispatch
1097,400223,CREATED,2025-01-31 01:44:15,Dispatch
1098,400223,ASSIGNED,2025-01-31 03:13:15,Dispatch
1099,400223,ENROUTE,2025-01-31 06:21:15,Dispatch
1100,400223,ARRIVED,2025-01-31 07:42:15,Mobile
1101,400223,COMPLETED,2025-01-31 13:39:15,Mobile
1102,400224,CREATED,2025-01-31 02:00:54,Dispatch
1103,400224,ASSIGNED,2025-01-31 02:59:54,Dispatch
1104,400224,ENROUTE,2025-01-31 05:31:54,Dispatch
1105,400224,ARRIVED,2025-01-31 06:59:54,Mobile
1106,400224,COMPLETED,2025-01-31 09:00:54,Mobile
1107,400225,CREATED,2025-01-31 08:35:47,Mobile
1108,400225,ASSIGNED,2025-01-31 11:26:47,Dispatch
1109,400225,ENROUTE,2025-01-31 15:59:47,Dispatch
1110,400225,ARRIVED,2025-01-31 17:00:47,Dispatch
1111,400225,COMPLETED,2025-01-31 18:11:47,Mobile
1112,400226,CREATED,2025-01-31 10:46:58,Dispatch
1113,400226,ASSIGNED,2025-01-31 14:43:58,Mobile
1114,400226,ENROUTE,2025-01-31 15:12:58,Dispatch
1115,400226,ARRIVED,2025-01-31 15:48:58,Mobile
1116,400226,COMPLETED,2025-01-31 20:36:58,Dispatch
1117,400227,CREATED,2025-01-31 12:42:42,Mobile
1118,400227,ASSIGNED,2025-01-31 16:17:42,Mobile
1119,400227,ENROUTE,2025-01-31 19:59:42,Mobile
1120,400227,ARRIVED,2025-01-31 22:25:42,CRM
1121,400227,COMPLETED,2025-02-01 07:59:42,Mobile
1122,400228,CREATED,2025-01-31 14:29:30,Mobile
1123,400228,ASSIGNED,2025-01-31 16:33:30,Dispatch
1124,400228,ENROUTE,2025-01-31 23:04:30,Dispatch
1125,400228,ARRIVED,2025-02-01 00:27:30,Dispatch
1126,400228,COMPLETED,2025-02-01 01:42:30,Dispatch
1127,400229,CREATED,2025-01-31 16:30:39,Mobile
1128,400229,ASSIGNED,2025-01-31 18:35:39,Dispatch
1129,400229,ENROUTE,2025-01-31 19:47:39,Dispatch
1130,400229,ARRIVED,2025-01-31 20:26:39,Mobile
1131,400230,CREATED,2025-01-31 18:26:07,Mobile
1132,400230,ASSIGNED,2025-01-31 19:32:07,Dispatch
1133,400230,ENROUTE,2025-02-01 01:32:07,Dispatch
1134,400230,ARRIVED,2025-02-01 03:10:07,Mobile
1135,400230,COMPLETED,2025-02-01 04:51:07,Mobile
1136,400231,CREATED,2025-01-31 18:31:31,Mobile
1137,400231,ASSIGNED,2025-01-31 20:08:31,Dispatch
1138,400231,ENROUTE,2025-01-31 21:23:31,Dispatch
1139,400231,ARRIVED,2025-01-31 23:34:31,CRM
1140,400231,COMPLETED,2025-02-01 04:45:31,Dispatch
1141,400232,CREATED,2025-01-31 19:54:02,Dispatch
1142,400232,ASSIGNED,2025-01-31 19:59:02,Mobile
1143,400232,ENROUTE,2025-02-01 02:38:02,Dispatch
1144,400232,ARRIVED,2025-02-01 04:02:02,Dispatch
1145,400232,COMPLETED,2025-02-01 04:45:02,CRM
1146,400233,CREATED,2025-01-31 19:56:36,Mobile
1147,400233,ASSIGNED,2025-01-31 23:29:36,Mobile
1148,400233,ENROUTE,2025-02-01 06:55:36,Mobile
1149,400233,ARRIVED,2025-02-01 08:29:36,Dispatch
1150,400233,COMPLETED,2025-02-01 14:10:36,Dispatch
1151,400234,CREATED,2025-01-31 22:06:30,Dispatch
1152,400234,ASSIGNED,2025-02-01 01:18:30,Mobile
1153,400234,ENROUTE,2025-02-01 04:02:30,Mobile
1154,400234,ARRIVED,2025-02-01 06:11:30,Mobile
1155,400234,COMPLETED,2025-02-01 09:35:30,Dispatch
1156,400235,CREATED,2025-01-31 23:13:49,Dispatch
1157,400235,ASSIGNED,2025-01-31 23:36:49,CRM
1158,400235,ENROUTE,2025-02-01 06:06:49,Dispatch
1159,400235,ARRIVED,2025-02-01 08:33:49,CRM
1160,400235,COMPLETED,2025-02-01 12:28:49,Dispatch
1161,400236,CREATED,2025-02-01 05:24:29,Dispatch
1162,400236,ASSIGNED,2025-02-01 08:21:29,Dispatch
1163,400236,ENROUTE,2025-02-01 14:18:29,Mobile
1164,400236,ARRIVED,2025-02-01 16:03:29,Dispatch
1165,400236,COMPLETED,2025-02-02 01:58:29,Mobile
1166,400237,CREATED,2025-02-01 13:29:20,Mobile
1167,400237,ASSIGNED,2025-02-01 15:17:20,Dispatch
1168,400237,ENROUTE,2025-02-01 16:19:20,Mobile
1169,400237,ARRIVED,2025-02-01 19:10:20,Mobile
1170,400237,COMPLETED,2025-02-02 03:56:20,Dispatch
1171,400238,CREATED,2025-02-01 19:30:43,Dispatch
1172,400238,ASSIGNED,2025-02-01 21:57:43,Dispatch
1173,400238,ENROUTE,2025-02-02 01:03:43,CRM
1174,400238,ARRIVED,2025-02-02 01:43:43,Dispatch
1175,400238,COMPLETED,2025-02-02 11:37:43,Dispatch
1176,400239,CREATED,2025-02-01 20:28:58,Mobile
1177,400239,ASSIGNED,2025-02-01 23:58:58,Dispatch
1178,400239,ENROUTE,2025-02-02 07:39:58,Mobile
1179,400239,ARRIVED,2025-02-02 08:39:58,Dispatch
1180,400239,COMPLETED,2025-02-02 14:05:58,Dispatch
1181,400240,CREATED,2025-02-01 22:38:45,Dispatch
1182,400240,ASSIGNED,2025-02-02 01:02:45,Mobile
1183,400240,ENROUTE,2025-02-02 05:35:45,Dispatch
1184,400240,ARRIVED,2025-02-02 07:30:45,Dispatch
1185,400240,COMPLETED,2025-02-02 10:31:45,Dispatch
1186,400241,CREATED,2025-02-02 06:01:26,Dispatch
1187,400241,ASSIGNED,2025-02-02 08:07:26,Dispatch
1188,400241,ENROUTE,2025-02-02 13:15:26,Dispatch
1189,400241,ARRIVED,2025-02-02 15:36:26,Mobile
1190,400241,COMPLETED,2025-02-02 18:29:26,CRM
1191,400242,CREATED,2025-02-02 09:45:46,Mobile
1192,400242,ASSIGNED,2025-02-02 10:18:46,Dispatch
1193,400242,ENROUTE,2025-02-02 11:46:46,Mobile
1194,400242,ARRIVED,2025-02-02 12:41:46,Dispatch
1195,400242,COMPLETED,2025-02-02 20:26:46,Mobile
1196,400243,CREATED,2025-02-02 10:29:52,Dispatch
1197,400243,ASSIGNED,2025-02-02 11:12:52,Dispatch
1198,400243,ENROUTE,2025-02-02 19:09:52,Dispatch
1199,400243,ARRIVED,2025-02-02 19:50:52,Mobile
1200,400243,COMPLETED,2025-02-03 03:49:52,CRM
1201,400244,CREATED,2025-02-02 11:10:55,Dispatch
1202,400244,ASSIGNED,2025-02-02 14:09:55,Mobile
1203,400244,ENROUTE,2025-02-02 17:37:55,Mobile
1204,400244,ARRIVED,2025-02-02 19:48:55,Dispatch
1205,400244,COMPLETED,2025-02-03 00:32:55,Dispatch
1206,400245,CREATED,2025-02-02 16:44:22,Mobile
1207,400245,ASSIGNED,2025-02-02 18:19:22,Mobile
1208,400245,ENROUTE,2025-02-02 20:30:22,Dispatch
1209,400245,ARRIVED,2025-02-02 23:29:22,Dispatch
1210,400246,CREATED,2025-02-02 17:29:28,Mobile
1211,400246,ASSIGNED,2025-02-02 21:04:28,Mobile
1212,400246,ENROUTE,2025-02-03 00:37:28,Dispatch
1213,400246,ARRIVED,2025-02-03 01:17:28,Dispatch
1214,400246,COMPLETED,2025-02-03 08:14:28,Mobile
1215,400247,CREATED,2025-02-02 19:20:15,Dispatch
1216,400247,ASSIGNED,2025-02-02 22:23:15,Mobile
1217,400247,ENROUTE,2025-02-03 01:27:15,Dispatch
1218,400247,ARRIVED,2025-02-03 02:51:15,Mobile
1219,400247,COMPLETED,2025-02-03 09:46:15,Mobile
1220,400248,CREATED,2025-02-02 21:46:17,Mobile
1221,400248,ASSIGNED,2025-02-02 23:52:17,CRM
1222,400248,ENROUTE,2025-02-03 04:38:17,Dispatch
1223,400248,ARRIVED,2025-02-03 07:14:17,Mobile
1224,400248,COMPLETED,2025-02-03 07:50:17,CRM
1225,400249,CREATED,2025-02-03 02:19:01,Dispatch
1226,400249,ASSIGNED,2025-02-03 02:24:01,Dispatch
1227,400249,ENROUTE,2025-02-03 04:40:01,Dispatch
1228,400249,ARRIVED,2025-02-03 04:54:01,Dispatch
1229,400249,COMPLETED,2025-02-03 09:32:01,Dispatch
1230,400250,CREATED,2025-02-03 17:13:32,CRM
1231,400250,ASSIGNED,2025-02-03 20:20:32,Dispatch
1232,400250,ENROUTE,2025-02-04 03:32:32,Mobile
1233,400250,ARRIVED,2025-02-04 04:54:32,Mobile
1234,400250,CANCELLED,2025-02-03 21:20:32,Mobile
1235,400251,CREATED,2025-02-03 19:31:40,Dispatch
1236,400251,ASSIGNED,2025-02-03 22:10:40,Mobile
1237,400251,ENROUTE,2025-02-04 02:36:40,Mobile
1238,400251,ARRIVED,2025-02-04 04:34:40,Dispatch
1239,400251,COMPLETED,2025-02-04 06:20:40,Mobile
1240,400252,CREATED,2025-02-03 22:55:15,Dispatch
1241,400252,ASSIGNED,2025-02-04 02:09:15,Dispatch
1242,400252,ENROUTE,2025-02-04 04:57:15,Dispatch
1243,400252,ARRIVED,2025-02-04 07:50:15,Dispatch
1244,400252,COMPLETED,2025-02-04 12:54:15,Mobile
1245,400253,CREATED,2025-02-04 02:11:36,Mobile
1246,400253,ASSIGNED,2025-02-04 03:40:36,Mobile
1247,400253,ENROUTE,2025-02-04 06:08:36,Mobile
1248,400253,ARRIVED,2025-02-04 08:53:36,Mobile
1249,400253,COMPLETED,2025-02-04 17:12:36,Mobile
1250,400254,CREATED,2025-02-04 04:00:46,CRM
1251,400254,ASSIGNED,2025-02-04 06:48:46,Dispatch
1252,400254,ENROUTE,2025-02-04 13:18:46,Dispatch
1253,400254,ARRIVED,2025-02-04 14:53:46,Dispatch
1254,400254,COMPLETED,2025-02-04 20:22:46,CRM
1255,400255,CREATED,2025-02-04 06:47:59,CRM
1256,400255,ASSIGNED,2025-02-04 09:18:59,CRM
1257,400255,ENROUTE,2025-02-04 14:51:59,Dispatch
1258,400255,ARRIVED,2025-02-04 16:22:59,Mobile
1259,400255,COMPLETED,2025-02-04 22:39:59,Mobile
1260,400256,CREATED,2025-02-04 17:45:43,Mobile
1261,400256,ASSIGNED,2025-02-04 20:30:43,Mobile
1262,400256,ENROUTE,2025-02-05 02:11:43,Dispatch
1263,400256,ARRIVED,2025-02-05 03:18:43,Dispatch
1264,400256,COMPLETED,2025-02-05 06:55:43,Dispatch
1265,400257,CREATED,2025-02-04 18:50:31,Mobile
1266,400257,ASSIGNED,2025-02-04 21:14:31,Dispatch
1267,400257,ENROUTE,2025-02-04 21:59:31,Mobile
1268,400257,ARRIVED,2025-02-04 22:26:31,Dispatch
1269,400257,COMPLETED,2025-02-05 06:03:31,Dispatch
1270,400258,CREATED,2025-02-04 23:06:22,Mobile
1271,400258,ASSIGNED,2025-02-05 01:33:22,Dispatch
1272,400258,ENROUTE,2025-02-05 03:40:22,Mobile
1273,400258,ARRIVED,2025-02-05 05:46:22,Dispatch
1274,400258,COMPLETED,2025-02-05 12:10:22,Dispatch
1275,400259,CREATED,2025-02-05 03:30:55,Dispatch
1276,400259,ASSIGNED,2025-02-05 03:38:55,Dispatch
1277,400259,ENROUTE,2025-02-05 09:03:55,Mobile
1278,400259,ARRIVED,2025-02-05 12:01:55,Dispatch
1279,400259,COMPLETED,2025-02-05 14:48:55,Mobile
1280,400260,CREATED,2025-02-05 15:00:16,Dispatch
1281,400260,ASSIGNED,2025-02-05 15:30:16,Dispatch
1282,400260,ENROUTE,2025-02-05 21:32:16,Mobile
1283,400260,ARRIVED,2025-02-05 22:45:16,Mobile
1284,400260,COMPLETED,2025-02-06 03:35:16,Dispatch
1285,400261,CREATED,2025-02-06 01:32:41,Dispatch
1286,400261,ASSIGNED,2025-02-06 01:59:41,Mobile
1287,400261,ENROUTE,2025-02-06 04:10:41,Dispatch
1288,400261,ARRIVED,2025-02-06 05:36:41,Mobile
1289,400261,COMPLETED,2025-02-06 14:29:41,Mobile
1290,400262,CREATED,2025-02-06 01:35:46,Mobile
1291,400262,ASSIGNED,2025-02-06 03:47:46,Mobile
1292,400262,ENROUTE,2025-02-06 06:54:46,Dispatch
1293,400262,ARRIVED,2025-02-06 08:52:46,Dispatch
1294,400263,CREATED,2025-02-06 01:37:31,Dispatch
1295,400263,ASSIGNED,2025-02-06 04:25:31,Dispatch
1296,400263,ENROUTE,2025-02-06 09:27:31,Dispatch
1297,400263,ARRIVED,2025-02-06 09:57:31,Dispatch
1298,400263,COMPLETED,2025-02-06 13:59:31,Mobile
1299,400264,CREATED,2025-02-06 03:13:26,Mobile
1300,400264,ASSIGNED,2025-02-06 06:38:26,Mobile
1301,400264,ENROUTE,2025-02-06 09:25:26,Dispatch
1302,400264,ARRIVED,2025-02-06 12:03:26,Dispatch
1303,400264,COMPLETED,2025-02-06 16:37:26,Mobile
1304,400265,CREATED,2025-02-06 03:29:07,Mobile
1305,400265,ASSIGNED,2025-02-06 04:36:07,Mobile
1306,400265,ENROUTE,2025-02-06 05:43:07,Dispatch
1307,400265,ARRIVED,2025-02-06 06:08:07,Dispatch
1308,400265,COMPLETED,2025-02-06 08:44:07,Dispatch
1309,400266,CREATED,2025-02-06 03:37:45,Mobile
1310,400266,ASSIGNED,2025-02-06 06:39:45,Mobile
1311,400266,ENROUTE,2025-02-06 13:24:45,Mobile
1312,400266,ARRIVED,2025-02-06 16:22:45,Dispatch
1313,400267,CREATED,2025-02-06 08:30:31,Mobile
1314,400267,ASSIGNED,2025-02-06 09:06:31,Dispatch
1315,400267,ENROUTE,2025-02-06 16:42:31,Mobile
1316,400267,ARRIVED,2025-02-06 17:35:31,Dispatch
1317,400267,COMPLETED,2025-02-06 18:13:31,CRM
1318,400268,CREATED,2025-02-06 09:59:49,Dispatch
1319,400268,ASSIGNED,2025-02-06 12:18:49,CRM
1320,400268,ENROUTE,2025-02-06 16:00:49,CRM
1321,400268,ARRIVED,2025-02-06 16:25:49,Dispatch
1322,400268,COMPLETED,2025-02-07 01:04:49,Dispatch
1323,400269,CREATED,2025-02-06 11:33:32,Dispatch
1324,400269,ASSIGNED,2025-02-06 15:20:32,Mobile
1325,400269,ENROUTE,2025-02-06 16:58:32,CRM
1326,400269,ARRIVED,2025-02-06 17:20:32,Dispatch
1327,400269,COMPLETED,2025-02-06 22:32:32,Mobile
1328,400270,CREATED,2025-02-06 19:51:10,Mobile
1329,400270,ASSIGNED,2025-02-06 21:41:10,Mobile
1330,400270,ENROUTE,2025-02-06 22:36:10,Mobile
1331,400270,ARRIVED,2025-02-07 00:57:10,CRM
1332,400270,COMPLETED,2025-02-07 10:53:10,Dispatch
1333,400271,CREATED,2025-02-06 20:32:58,Dispatch
1334,400271,ASSIGNED,2025-02-06 22:54:58,Dispatch
1335,400271,ENROUTE,2025-02-07 01:12:58,CRM
1336,400271,ARRIVED,2025-02-07 03:43:58,Mobile
1337,400271,COMPLETED,2025-02-07 10:11:58,Dispatch
1338,400272,CREATED,2025-02-06 21:50:54,Mobile
1339,400272,ASSIGNED,2025-02-07 00:52:54,Dispatch
1340,400272,ENROUTE,2025-02-07 06:01:54,Mobile
1341,400272,ARRIVED,2025-02-07 08:59:54,Mobile
1342,400272,COMPLETED,2025-02-07 10:03:54,Dispatch
1343,400273,CREATED,2025-02-07 06:45:07,Dispatch
1344,400273,ASSIGNED,2025-02-07 06:53:07,Dispatch
1345,400273,ENROUTE,2025-02-07 09:12:07,Dispatch
1346,400273,ARRIVED,2025-02-07 10:54:07,Dispatch
1347,400273,COMPLETED,2025-02-07 11:30:07,Dispatch
1348,400274,CREATED,2025-02-07 07:33:36,Mobile
1349,400274,ASSIGNED,2025-02-07 10:20:36,Dispatch
1350,400274,ENROUTE,2025-02-07 10:54:36,Mobile
1351,400274,ARRIVED,2025-02-07 12:06:36,Dispatch
1352,400274,COMPLETED,2025-02-07 17:49:36,Mobile
1353,400275,CREATED,2025-02-07 07:47:47,Mobile
1354,400275,ASSIGNED,2025-02-07 08:30:47,Mobile
1355,400275,ENROUTE,2025-02-07 12:51:47,CRM
1356,400275,ARRIVED,2025-02-07 13:22:47,CRM
1357,400276,CREATED,2025-02-07 09:44:18,Mobile
1358,400276,ASSIGNED,2025-02-07 11:20:18,Dispatch
1359,400276,ENROUTE,2025-02-07 14:38:18,Dispatch
1360,400276,ARRIVED,2025-02-07 15:54:18,CRM
1361,400276,COMPLETED,2025-02-07 20:54:18,Dispatch
1362,400277,CREATED,2025-02-07 20:24:40,Dispatch
1363,400277,ASSIGNED,2025-02-07 22:00:40,Mobile
1364,400277,ENROUTE,2025-02-08 00:20:40,CRM
1365,400277,ARRIVED,2025-02-08 00:54:40,Mobile
1366,400277,COMPLETED,2025-02-08 06:54:40,Mobile
1367,400278,CREATED,2025-02-07 23:28:59,Mobile
1368,400278,ASSIGNED,2025-02-08 02:43:59,Mobile
1369,400278,ENROUTE,2025-02-08 07:34:59,CRM
1370,400278,ARRIVED,2025-02-08 08:41:59,Mobile
1371,400278,COMPLETED,2025-02-08 11:07:59,Dispatch
1372,400279,CREATED,2025-02-08 00:46:47,Dispatch
1373,400279,ASSIGNED,2025-02-08 03:50:47,Dispatch
1374,400279,ENROUTE,2025-02-08 04:43:47,Mobile
1375,400279,ARRIVED,2025-02-08 05:20:47,Mobile
1376,400279,COMPLETED,2025-02-08 12:31:47,Mobile
1377,400280,CREATED,2025-02-08 01:20:03,Dispatch
1378,400280,ASSIGNED,2025-02-08 02:39:03,Mobile
1379,400280,ENROUTE,2025-02-08 08:32:03,Mobile
1380,400280,ARRIVED,2025-02-08 09:51:03,Dispatch
1381,400280,COMPLETED,2025-02-08 10:34:03,Dispatch
1382,400281,CREATED,2025-02-08 10:58:31,Mobile
1383,400281,ASSIGNED,2025-02-08 14:33:31,Dispatch
1384,400281,ENROUTE,2025-02-08 22:02:31,Mobile
1385,400281,ARRIVED,2025-02-09 00:10:31,Dispatch
1386,400281,COMPLETED,2025-02-09 06:30:31,CRM
1387,400282,CREATED,2025-02-08 11:26:27,Dispatch
1388,400282,ASSIGNED,2025-02-08 14:04:27,Dispatch
1389,400282,ENROUTE,2025-02-08 21:29:27,Dispatch
1390,400282,ARRIVED,2025-02-08 22:25:27,Dispatch
1391,400283,CREATED,2025-02-08 12:41:38,CRM
1392,400283,ASSIGNED,2025-02-08 13:59:38,Mobile
1393,400283,ENROUTE,2025-02-08 19:09:38,Dispatch
1394,400283,ARRIVED,2025-02-08 20:11:38,Mobile
1395,400283,CANCELLED,2025-02-08 14:59:38,Dispatch
1396,400284,CREATED,2025-02-08 14:16:17,Mobile
1397,400284,ASSIGNED,2025-02-08 14:31:17,Dispatch
1398,400284,ENROUTE,2025-02-08 22:14:17,Dispatch
1399,400284,ARRIVED,2025-02-09 00:07:17,CRM
1400,400284,COMPLETED,2025-02-09 07:19:17,Dispatch
1401,400285,CREATED,2025-02-08 19:48:10,Mobile
1402,400285,ASSIGNED,2025-02-08 22:43:10,Dispatch
1403,400285,ENROUTE,2025-02-09 00:28:10,Dispatch
1404,400285,ARRIVED,2025-02-09 03:14:10,Dispatch
1405,400285,COMPLETED,2025-02-09 07:19:10,Dispatch
1406,400286,CREATED,2025-02-08 20:05:26,CRM
1407,400286,ASSIGNED,2025-02-08 23:57:26,Dispatch
1408,400286,ENROUTE,2025-02-09 06:53:26,Dispatch
1409,400286,ARRIVED,2025-02-09 08:43:26,Dispatch
1410,400286,COMPLETED,2025-02-09 11:21:26,Mobile
1411,400287,CREATED,2025-02-08 20:31:59,Mobile
1412,400287,ASSIGNED,2025-02-08 23:00:59,Dispatch
1413,400287,ENROUTE,2025-02-09 05:45:59,Dispatch
1414,400287,ARRIVED,2025-02-09 07:57:59,CRM
1415,400287,COMPLETED,2025-02-09 12:44:59,Mobile
1416,400288,CREATED,2025-02-09 03:14:55,Dispatch
1417,400288,ASSIGNED,2025-02-09 06:56:55,Dispatch
1418,400288,ENROUTE,2025-02-09 11:18:55,Mobile
1419,400288,ARRIVED,2025-02-09 12:34:55,Dispatch
1420,400289,CREATED,2025-02-09 08:21:51,Dispatch
1421,400289,ASSIGNED,2025-02-09 09:36:51,Dispatch
1422,400289,ENROUTE,2025-02-09 10:57:51,Mobile
1423,400289,ARRIVED,2025-02-09 11:48:51,Mobile
1424,400290,CREATED,2025-02-09 10:10:22,Dispatch
1425,400290,ASSIGNED,2025-02-09 10:43:22,Mobile
1426,400290,ENROUTE,2025-02-09 15:30:22,Dispatch
1427,400290,ARRIVED,2025-02-09 16:40:22,CRM
1428,400290,COMPLETED,2025-02-10 00:32:22,Dispatch
1429,400291,CREATED,2025-02-09 12:52:33,Mobile
1430,400291,ASSIGNED,2025-02-09 16:31:33,Mobile
1431,400291,ENROUTE,2025-02-09 21:41:33,Dispatch
1432,400291,ARRIVED,2025-02-09 23:48:33,Dispatch
1433,400291,COMPLETED,2025-02-10 08:36:33,Dispatch
1434,400292,CREATED,2025-02-09 18:41:59,Mobile
1435,400292,ASSIGNED,2025-02-09 21:46:59,Dispatch
1436,400292,ENROUTE,2025-02-10 02:11:59,Dispatch
1437,400292,ARRIVED,2025-02-10 03:29:59,Mobile
1438,400293,CREATED,2025-02-09 19:21:58,Dispatch
1439,400293,ASSIGNED,2025-02-09 21:15:58,Dispatch
1440,400293,ENROUTE,2025-02-09 22:06:58,Dispatch
1441,400293,ARRIVED,2025-02-09 22:48:58,Mobile
1442,400293,COMPLETED,2025-02-09 23:55:58,Mobile
1443,400294,CREATED,2025-02-10 00:09:12,Dispatch
1444,400294,ASSIGNED,2025-02-10 02:59:12,Dispatch
1445,400294,ENROUTE,2025-02-10 07:10:12,Mobile
1446,400294,ARRIVED,2025-02-10 08:30:12,CRM
1447,400294,COMPLETED,2025-02-10 09:48:12,Mobile
1448,400295,CREATED,2025-02-10 01:07:19,Mobile
1449,400295,ASSIGNED,2025-02-10 04:33:19,Dispatch
1450,400295,ENROUTE,2025-02-10 07:41:19,Dispatch
1451,400295,ARRIVED,2025-02-10 08:39:19,Mobile
1452,400295,COMPLETED,2025-02-10 09:29:19,Dispatch
1453,400296,CREATED,2025-02-10 06:25:43,Dispatch
1454,400296,ASSIGNED,2025-02-10 07:28:43,Mobile
1455,400296,ENROUTE,2025-02-10 09:31:43,Dispatch
1456,400296,ARRIVED,2025-02-10 11:51:43,Dispatch
1457,400296,COMPLETED,2025-02-10 16:28:43,CRM
1458,400297,CREATED,2025-02-10 06:59:59,Mobile
1459,400297,ASSIGNED,2025-02-10 09:55:59,Dispatch
1460,400297,ENROUTE,2025-02-10 13:47:59,Mobile
1461,400297,ARRIVED,2025-02-10 14:20:59,Dispatch
1462,400298,CREATED,2025-02-10 07:14:42,Mobile
1463,400298,ASSIGNED,2025-02-10 10:49:42,Dispatch
1464,400298,ENROUTE,2025-02-10 12:12:42,Mobile
1465,400298,ARRIVED,2025-02-10 13:57:42,Mobile
1466,400298,COMPLETED,2025-02-10 21:09:42,Dispatch
1467,400299,CREATED,2025-02-10 08:20:50,Dispatch
1468,400299,ASSIGNED,2025-02-10 10:27:50,Dispatch
1469,400299,ENROUTE,2025-02-10 17:40:50,Dispatch
1470,400299,ARRIVED,2025-02-10 19:38:50,Dispatch
1471,400299,COMPLETED,2025-02-10 21:54:50,Mobile
1472,400299,REOPENED,2025-02-11 21:54:50,Dispatch
1473,400299,ASSIGNED,2025-02-11 22:54:50,Dispatch
1474,400299,COMPLETED,2025-02-12 23:54:50,Dispatch
1475,400300,CREATED,2025-02-10 14:15:53,Dispatch
1476,400300,ASSIGNED,2025-02-10 15:34:53,Dispatch
1477,400300,ENROUTE,2025-02-10 22:06:53,Mobile
1478,400300,ARRIVED,2025-02-10 23:39:53,Dispatch
1479,400300,COMPLETED,2025-02-11 05:53:53,Dispatch
1480,400301,CREATED,2025-02-10 22:42:37,Mobile
1481,400301,ASSIGNED,2025-02-11 02:41:37,Dispatch
1482,400301,ENROUTE,2025-02-11 09:06:37,Mobile
1483,400301,ARRIVED,2025-02-11 11:29:37,Dispatch
1484,400301,COMPLETED,2025-02-11 12:22:37,Dispatch
1485,400302,CREATED,2025-02-11 01:00:21,Dispatch
1486,400302,ASSIGNED,2025-02-11 04:18:21,Dispatch
1487,400302,ENROUTE,2025-02-11 06:23:21,Dispatch
1488,400302,ARRIVED,2025-02-11 06:43:21,Mobile
1489,400302,COMPLETED,2025-02-11 16:12:21,Dispatch
1490,400303,CREATED,2025-02-11 03:27:50,Dispatch
1491,400303,ASSIGNED,2025-02-11 04:28:50,Dispatch
1492,400303,ENROUTE,2025-02-11 10:57:50,Dispatch
1493,400303,ARRIVED,2025-02-11 12:09:50,Mobile
1494,400303,COMPLETED,2025-02-11 19:52:50,Mobile
1495,400304,CREATED,2025-02-11 05:47:29,Dispatch
1496,400304,ASSIGNED,2025-02-11 07:15:29,Dispatch
1497,400304,ENROUTE,2025-02-11 12:14:29,Mobile
1498,400304,ARRIVED,2025-02-11 13:37:29,Mobile
1499,400304,COMPLETED,2025-02-11 17:09:29,Mobile
1500,400305,CREATED,2025-02-11 10:12:15,Mobile
1501,400305,ASSIGNED,2025-02-11 10:20:15,Mobile
1502,400305,ENROUTE,2025-02-11 17:32:15,Dispatch
1503,400305,ARRIVED,2025-02-11 19:58:15,Mobile
1504,400305,COMPLETED,2025-02-11 23:56:15,CRM
1505,400306,CREATED,2025-02-11 11:30:39,Dispatch
1506,400306,ASSIGNED,2025-02-11 12:29:39,Mobile
1507,400306,ENROUTE,2025-02-11 14:13:39,Dispatch
1508,400306,ARRIVED,2025-02-11 14:36:39,Mobile
1509,400307,CREATED,2025-02-12 00:30:42,Mobile
1510,400307,ASSIGNED,2025-02-12 01:08:42,CRM
1511,400307,ENROUTE,2025-02-12 05:34:42,Mobile
1512,400307,ARRIVED,2025-02-12 05:57:42,Dispatch
1513,400307,COMPLETED,2025-02-12 09:50:42,Dispatch
1514,400308,CREATED,2025-02-12 07:41:40,Dispatch
1515,400308,ASSIGNED,2025-02-12 08:37:40,Mobile
1516,400308,ENROUTE,2025-02-12 15:37:40,Dispatch
1517,400308,ARRIVED,2025-02-12 17:30:40,Dispatch
1518,400309,CREATED,2025-02-12 18:59:53,Mobile
1519,400309,ASSIGNED,2025-02-12 20:46:53,Mobile
1520,400309,ENROUTE,2025-02-12 21:20:53,Dispatch
1521,400309,ARRIVED,2025-02-12 21:56:53,Mobile
1522,400309,COMPLETED,2025-02-13 03:16:53,Mobile
1523,400310,CREATED,2025-02-13 02:02:31,CRM
1524,400310,ASSIGNED,2025-02-13 03:31:31,Dispatch
1525,400310,ENROUTE,2025-02-13 07:44:31,Dispatch
1526,400310,ARRIVED,2025-02-13 10:43:31,Mobile
1527,400310,CANCELLED,2025-02-13 04:31:31,Dispatch
1528,400311,CREATED,2025-02-13 03:45:46,Mobile
1529,400311,ASSIGNED,2025-02-13 05:33:46,Dispatch
1530,400311,ENROUTE,2025-02-13 06:20:46,Dispatch
1531,400311,ARRIVED,2025-02-13 09:00:46,Dispatch
1532,400311,COMPLETED,2025-02-13 12:04:46,CRM
1533,400312,CREATED,2025-02-13 07:03:58,Dispatch
1534,400312,ASSIGNED,2025-02-13 07:22:58,Dispatch
1535,400312,ENROUTE,2025-02-13 14:43:58,Mobile
1536,400312,ARRIVED,2025-02-13 15:22:58,Dispatch
1537,400312,COMPLETED,2025-02-13 19:00:58,Mobile
1538,400313,CREATED,2025-02-13 10:44:30,Dispatch
1539,400313,ASSIGNED,2025-02-13 12:21:30,Mobile
1540,400313,ENROUTE,2025-02-13 18:32:30,Mobile
1541,400313,ARRIVED,2025-02-13 20:15:30,Dispatch
1542,400313,COMPLETED,2025-02-14 03:45:30,Dispatch
1543,400314,CREATED,2025-02-13 12:14:19,CRM
1544,400314,ASSIGNED,2025-02-13 13:21:19,Mobile
1545,400314,ENROUTE,2025-02-13 20:31:19,Mobile
1546,400314,ARRIVED,2025-02-13 21:57:19,Dispatch
1547,400314,COMPLETED,2025-02-14 04:18:19,Mobile
1548,400315,CREATED,2025-02-13 14:31:54,Dispatch
1549,400315,ASSIGNED,2025-02-13 18:15:54,Mobile
1550,400315,ENROUTE,2025-02-13 22:38:54,Mobile
1551,400315,ARRIVED,2025-02-13 23:03:54,Dispatch
1552,400315,CANCELLED,2025-02-13 19:15:54,Mobile
1553,400316,CREATED,2025-02-13 18:17:27,Dispatch
1554,400316,ASSIGNED,2025-02-13 21:16:27,Dispatch
1555,400316,ENROUTE,2025-02-14 00:57:27,Dispatch
1556,400316,ARRIVED,2025-02-14 03:43:27,Mobile
1557,400316,COMPLETED,2025-02-14 06:05:27,Dispatch
1558,400317,CREATED,2025-02-13 18:24:50,Mobile
1559,400317,ASSIGNED,2025-02-13 20:25:50,Mobile
1560,400317,ENROUTE,2025-02-14 00:28:50,Dispatch
1561,400317,ARRIVED,2025-02-14 00:53:50,Dispatch
1562,400317,COMPLETED,2025-02-14 10:50:50,Dispatch
1563,400318,CREATED,2025-02-14 03:30:28,Mobile
1564,400318,ASSIGNED,2025-02-14 05:54:28,Dispatch
1565,400318,ENROUTE,2025-02-14 13:32:28,Dispatch
1566,400318,ARRIVED,2025-02-14 16:02:28,Mobile
1567,400318,COMPLETED,2025-02-14 17:12:28,Mobile
1568,400319,CREATED,2025-02-14 07:26:28,CRM
1569,400319,ASSIGNED,2025-02-14 09:10:28,Dispatch
1570,400319,ENROUTE,2025-02-14 11:20:28,Mobile
1571,400319,ARRIVED,2025-02-14 12:14:28,Dispatch
1572,400320,CREATED,2025-02-14 08:27:38,Dispatch
1573,400320,ASSIGNED,2025-02-14 10:33:38,Mobile
1574,400320,ENROUTE,2025-02-14 11:19:38,CRM
1575,400320,ARRIVED,2025-02-14 12:41:38,Mobile
1576,400320,CANCELLED,2025-02-14 11:33:38,Mobile
1577,400321,CREATED,2025-02-14 09:48:58,Mobile
1578,400321,ASSIGNED,2025-02-14 10:04:58,Dispatch
1579,400321,ENROUTE,2025-02-14 17:52:58,Mobile
1580,400321,ARRIVED,2025-02-14 20:13:58,Dispatch
1581,400321,COMPLETED,2025-02-15 03:10:58,Dispatch
1582,400322,CREATED,2025-02-14 21:02:39,Dispatch
1583,400322,ASSIGNED,2025-02-15 00:03:39,Mobile
1584,400322,ENROUTE,2025-02-15 02:51:39,Dispatch
1585,400322,ARRIVED,2025-02-15 03:56:39,Dispatch
1586,400322,COMPLETED,2025-02-15 08:30:39,Dispatch
1587,400323,CREATED,2025-02-14 23:12:12,Dispatch
1588,400323,ASSIGNED,2025-02-15 01:15:12,Dispatch
1589,400323,ENROUTE,2025-02-15 03:47:12,Mobile
1590,400323,ARRIVED,2025-02-15 06:26:12,Mobile
1591,400324,CREATED,2025-02-15 04:35:42,Mobile
1592,400324,ASSIGNED,2025-02-15 06:46:42,Dispatch
1593,400324,ENROUTE,2025-02-15 08:55:42,Dispatch
1594,400324,ARRIVED,2025-02-15 11:37:42,Mobile
1595,400325,CREATED,2025-02-15 11:44:55,Dispatch
1596,400325,ASSIGNED,2025-02-15 13:41:55,Mobile
1597,400325,ENROUTE,2025-02-15 17:07:55,Dispatch
1598,400325,ARRIVED,2025-02-15 19:22:55,Dispatch
1599,400326,CREATED,2025-02-15 12:18:57,Mobile
1600,400326,ASSIGNED,2025-02-15 12:24:57,Dispatch
1601,400326,ENROUTE,2025-02-15 16:35:57,Dispatch
1602,400326,ARRIVED,2025-02-15 17:26:57,Dispatch
1603,400326,COMPLETED,2025-02-16 00:32:57,Mobile
1604,400327,CREATED,2025-02-15 17:20:17,Mobile
1605,400327,ASSIGNED,2025-02-15 19:18:17,Dispatch
1606,400327,ENROUTE,2025-02-15 20:00:17,Mobile
1607,400327,ARRIVED,2025-02-15 22:36:17,Mobile
1608,400327,COMPLETED,2025-02-16 02:24:17,Dispatch
1609,400328,CREATED,2025-02-15 17:32:08,Dispatch
1610,400328,ASSIGNED,2025-02-15 21:10:08,Mobile
1611,400328,ENROUTE,2025-02-16 00:31:08,Mobile
1612,400328,ARRIVED,2025-02-16 03:12:08,Dispatch
1613,400328,COMPLETED,2025-02-16 12:19:08,Dispatch
1614,400329,CREATED,2025-02-15 19:08:32,Mobile
1615,400329,ASSIGNED,2025-02-15 20:43:32,Dispatch
1616,400329,ENROUTE,2025-02-16 03:48:32,Mobile
1617,400329,ARRIVED,2025-02-16 06:38:32,Dispatch
1618,400329,COMPLETED,2025-02-16 15:30:32,Dispatch
1619,400330,CREATED,2025-02-15 19:55:19,Dispatch
1620,400330,ASSIGNED,2025-02-15 23:45:19,Dispatch
1621,400330,ENROUTE,2025-02-16 04:33:19,Dispatch
1622,400330,ARRIVED,2025-02-16 06:33:19,Mobile
1623,400330,COMPLETED,2025-02-16 07:08:19,Mobile
1624,400331,CREATED,2025-02-15 20:31:14,Mobile
1625,400331,ASSIGNED,2025-02-15 21:24:14,Dispatch
1626,400331,ENROUTE,2025-02-16 04:45:14,Dispatch
1627,400331,ARRIVED,2025-02-16 07:12:14,Mobile
1628,400332,CREATED,2025-02-16 09:44:25,Mobile
1629,400332,ASSIGNED,2025-02-16 13:17:25,Mobile
1630,400332,ENROUTE,2025-02-16 18:13:25,Dispatch
1631,400332,ARRIVED,2025-02-16 20:41:25,Mobile
1632,400332,COMPLETED,2025-02-17 02:44:25,Mobile
1633,400333,CREATED,2025-02-16 18:32:40,Mobile
1634,400333,ASSIGNED,2025-02-16 18:56:40,Dispatch
1635,400333,ENROUTE,2025-02-17 00:40:40,Dispatch
1636,400333,ARRIVED,2025-02-17 02:31:40,CRM
1637,400333,COMPLETED,2025-02-17 07:06:40,Dispatch
1638,400334,CREATED,2025-02-16 20:24:44,Mobile
1639,400334,ASSIGNED,2025-02-16 23:12:44,Mobile
1640,400334,ENROUTE,2025-02-17 06:49:44,Dispatch
1641,400334,ARRIVED,2025-02-17 08:39:44,Mobile
1642,400334,COMPLETED,2025-02-17 11:02:44,Dispatch
1643,400335,CREATED,2025-02-17 04:08:06,CRM
1644,400335,ASSIGNED,2025-02-17 04:31:06,Dispatch
1645,400335,ENROUTE,2025-02-17 04:55:06,Mobile
1646,400335,ARRIVED,2025-02-17 07:22:06,Mobile
1647,400336,CREATED,2025-02-17 07:09:56,CRM
1648,400336,ASSIGNED,2025-02-17 09:55:56,Dispatch
1649,400336,ENROUTE,2025-02-17 11:49:56,Mobile
1650,400336,ARRIVED,2025-02-17 12:26:56,Mobile
1651,400336,COMPLETED,2025-02-17 21:58:56,Mobile
1652,400337,CREATED,2025-02-17 09:21:04,Dispatch
1653,400337,ASSIGNED,2025-02-17 11:09:04,Dispatch
1654,400337,ENROUTE,2025-02-17 16:31:04,Mobile
1655,400337,ARRIVED,2025-02-17 17:24:04,CRM
1656,400337,COMPLETED,2025-02-17 21:42:04,Dispatch
1657,400338,CREATED,2025-02-17 09:39:41,Dispatch
1658,400338,ASSIGNED,2025-02-17 09:50:41,Dispatch
1659,400338,ENROUTE,2025-02-17 13:16:41,Mobile
1660,400338,ARRIVED,2025-02-17 14:00:41,Dispatch
1661,400338,COMPLETED,2025-02-17 21:30:41,Mobile
1662,400339,CREATED,2025-02-17 11:14:26,Mobile
1663,400339,ASSIGNED,2025-02-17 13:32:26,Dispatch
1664,400339,ENROUTE,2025-02-17 18:06:26,Dispatch
1665,400339,ARRIVED,2025-02-17 20:06:26,Dispatch
1666,400339,COMPLETED,2025-02-18 00:03:26,Dispatch
1667,400340,CREATED,2025-02-17 11:39:07,Dispatch
1668,400340,ASSIGNED,2025-02-17 13:55:07,CRM
1669,400340,ENROUTE,2025-02-17 17:52:07,CRM
1670,400340,ARRIVED,2025-02-17 18:26:07,Dispatch
1671,400340,CANCELLED,2025-02-17 14:55:07,Mobile
1672,400341,CREATED,2025-02-17 11:59:59,Dispatch
1673,400341,ASSIGNED,2025-02-17 14:04:59,CRM
1674,400341,ENROUTE,2025-02-17 15:52:59,Dispatch
1675,400341,ARRIVED,2025-02-17 18:39:59,Mobile
1676,400341,COMPLETED,2025-02-17 22:48:59,Mobile
1677,400342,CREATED,2025-02-17 21:55:46,CRM
1678,400342,ASSIGNED,2025-02-18 01:40:46,Dispatch
1679,400342,ENROUTE,2025-02-18 05:14:46,Dispatch
1680,400342,ARRIVED,2025-02-18 07:56:46,Dispatch
1681,400342,COMPLETED,2025-02-18 13:30:46,Dispatch
1682,400343,CREATED,2025-02-17 22:05:03,Mobile
1683,400343,ASSIGNED,2025-02-18 00:47:03,Mobile
1684,400343,ENROUTE,2025-02-18 02:34:03,Mobile
1685,400343,ARRIVED,2025-02-18 05:13:03,Dispatch
1686,400343,COMPLETED,2025-02-18 05:56:03,Dispatch
1687,400344,CREATED,2025-02-17 23:16:46,Dispatch
1688,400344,ASSIGNED,2025-02-18 02:57:46,Dispatch
1689,400344,ENROUTE,2025-02-18 06:06:46,CRM
1690,400344,ARRIVED,2025-02-18 08:25:46,Dispatch
1691,400344,COMPLETED,2025-02-18 15:12:46,Mobile
1692,400345,CREATED,2025-02-18 07:27:40,Dispatch
1693,400345,ASSIGNED,2025-02-18 07:59:40,Mobile
1694,400345,ENROUTE,2025-02-18 10:52:40,CRM
1695,400345,ARRIVED,2025-02-18 11:56:40,Mobile
1696,400345,COMPLETED,2025-02-18 14:26:40,Mobile
1697,400346,CREATED,2025-02-18 08:29:44,Dispatch
1698,400346,ASSIGNED,2025-02-18 11:35:44,Dispatch
1699,400346,ENROUTE,2025-02-18 12:30:44,Dispatch
1700,400346,ARRIVED,2025-02-18 14:33:44,CRM
1701,400346,COMPLETED,2025-02-18 15:32:44,CRM
1702,400347,CREATED,2025-02-18 11:32:21,Dispatch
1703,400347,ASSIGNED,2025-02-18 14:25:21,Dispatch
1704,400347,ENROUTE,2025-02-18 21:45:21,Dispatch
1705,400347,ARRIVED,2025-02-19 00:25:21,Mobile
1706,400347,COMPLETED,2025-02-19 03:58:21,Mobile
1707,400348,CREATED,2025-02-18 15:01:31,Mobile
1708,400348,ASSIGNED,2025-02-18 16:50:31,Dispatch
1709,400348,ENROUTE,2025-02-18 21:52:31,Mobile
1710,400348,ARRIVED,2025-02-19 00:06:31,Dispatch
1711,400348,COMPLETED,2025-02-19 07:43:31,Dispatch
1712,400349,CREATED,2025-02-18 18:36:00,Dispatch
1713,400349,ASSIGNED,2025-02-18 19:32:00,Dispatch
1714,400349,ENROUTE,2025-02-19 01:17:00,Dispatch
1715,400349,ARRIVED,2025-02-19 03:35:00,Mobile
1716,400350,CREATED,2025-02-18 23:17:07,Mobile
1717,400350,ASSIGNED,2025-02-19 02:57:07,Dispatch
1718,400350,ENROUTE,2025-02-19 10:43:07,Dispatch
1719,400350,ARRIVED,2025-02-19 13:41:07,Dispatch
1720,400350,COMPLETED,2025-02-19 16:56:07,Mobile
1721,400351,CREATED,2025-02-19 02:55:34,Mobile
1722,400351,ASSIGNED,2025-02-19 06:29:34,Dispatch
1723,400351,ENROUTE,2025-02-19 11:47:34,Mobile
1724,400351,ARRIVED,2025-02-19 12:24:34,Dispatch
1725,400352,CREATED,2025-02-19 04:29:09,Mobile
1726,400352,ASSIGNED,2025-02-19 06:03:09,Mobile
1727,400352,ENROUTE,2025-02-19 12:21:09,Dispatch
1728,400352,ARRIVED,2025-02-19 13:57:09,CRM
1729,400352,COMPLETED,2025-02-19 15:02:09,Dispatch
1730,400353,CREATED,2025-02-19 05:49:49,Dispatch
1731,400353,ASSIGNED,2025-02-19 08:10:49,Mobile
1732,400353,ENROUTE,2025-02-19 11:02:49,Mobile
1733,400353,ARRIVED,2025-02-19 12:24:49,CRM
1734,400353,COMPLETED,2025-02-19 19:41:49,Mobile
1735,400354,CREATED,2025-02-19 06:30:26,Mobile
1736,400354,ASSIGNED,2025-02-19 10:23:26,Dispatch
1737,400354,ENROUTE,2025-02-19 12:05:26,Mobile
1738,400354,ARRIVED,2025-02-19 12:54:26,Dispatch
1739,400354,COMPLETED,2025-02-19 15:30:26,CRM
1740,400355,CREATED,2025-02-19 08:40:54,Dispatch
1741,400355,ASSIGNED,2025-02-19 12:20:54,Mobile
1742,400355,ENROUTE,2025-02-19 12:37:54,Dispatch
1743,400355,ARRIVED,2025-02-19 13:06:54,Mobile
1744,400355,CANCELLED,2025-02-19 13:20:54,Mobile
1745,400356,CREATED,2025-02-19 11:04:46,Dispatch
1746,400356,ASSIGNED,2025-02-19 14:18:46,Mobile
1747,400356,ENROUTE,2025-02-19 21:13:46,Dispatch
1748,400356,ARRIVED,2025-02-20 00:09:46,CRM
1749,400356,COMPLETED,2025-02-20 00:56:46,Dispatch
1750,400357,CREATED,2025-02-19 12:39:45,Dispatch
1751,400357,ASSIGNED,2025-02-19 13:39:45,Mobile
1752,400357,ENROUTE,2025-02-19 14:03:45,Mobile
1753,400357,ARRIVED,2025-02-19 15:03:45,Dispatch
1754,400357,COMPLETED,2025-02-19 16:34:45,Dispatch
1755,400358,CREATED,2025-02-19 17:14:45,Dispatch
1756,400358,ASSIGNED,2025-02-19 18:32:45,CRM
1757,400358,ENROUTE,2025-02-20 01:23:45,Mobile
1758,400358,ARRIVED,2025-02-20 02:15:45,Dispatch
1759,400358,COMPLETED,2025-02-20 05:45:45,Mobile
1760,400359,CREATED,2025-02-19 18:27:02,Dispatch
1761,400359,ASSIGNED,2025-02-19 22:17:02,Dispatch
1762,400359,ENROUTE,2025-02-20 04:52:02,Dispatch
1763,400359,ARRIVED,2025-02-20 06:33:02,Dispatch
1764,400360,CREATED,2025-02-19 18:39:53,Dispatch
1765,400360,ASSIGNED,2025-02-19 18:47:53,Dispatch
1766,400360,ENROUTE,2025-02-19 21:34:53,Mobile
1767,400360,ARRIVED,2025-02-19 22:38:53,CRM
1768,400361,CREATED,2025-02-19 21:31:03,Dispatch
1769,400361,ASSIGNED,2025-02-20 00:54:03,Mobile
1770,400361,ENROUTE,2025-02-20 04:03:03,Mobile
1771,400361,ARRIVED,2025-02-20 07:01:03,Mobile
1772,400361,COMPLETED,2025-02-20 11:43:03,Mobile
1773,400362,CREATED,2025-02-19 21:36:02,Dispatch
1774,400362,ASSIGNED,2025-02-19 23:09:02,Mobile
1775,400362,ENROUTE,2025-02-20 04:56:02,Dispatch
1776,400362,ARRIVED,2025-02-20 05:13:02,Mobile
1777,400363,CREATED,2025-02-20 01:09:23,Mobile
1778,400363,ASSIGNED,2025-02-20 03:59:23,Dispatch
1779,400363,ENROUTE,2025-02-20 05:39:23,Dispatch
1780,400363,ARRIVED,2025-02-20 06:15:23,Mobile
1781,400363,COMPLETED,2025-02-20 08:03:23,Mobile
1782,400364,CREATED,2025-02-20 02:36:57,Dispatch
1783,400364,ASSIGNED,2025-02-20 03:38:57,Dispatch
1784,400364,ENROUTE,2025-02-20 11:11:57,Mobile
1785,400364,ARRIVED,2025-02-20 12:26:57,Mobile
1786,400364,COMPLETED,2025-02-20 22:18:57,Dispatch
1787,400365,CREATED,2025-02-20 08:17:50,Mobile
1788,400365,ASSIGNED,2025-02-20 11:25:50,Dispatch
1789,400365,ENROUTE,2025-02-20 18:14:50,Dispatch
1790,400365,ARRIVED,2025-02-20 21:10:50,Dispatch
1791,400365,COMPLETED,2025-02-21 02:12:50,Dispatch
1792,400366,CREATED,2025-02-20 12:43:26,Dispatch
1793,400366,ASSIGNED,2025-02-20 13:46:26,Mobile
1794,400366,ENROUTE,2025-02-20 20:07:26,Dispatch
1795,400366,ARRIVED,2025-02-20 21:14:26,Mobile
1796,400366,COMPLETED,2025-02-21 03:00:26,CRM
1797,400367,CREATED,2025-02-20 20:59:37,Dispatch
1798,400367,ASSIGNED,2025-02-20 23:33:37,Mobile
1799,400367,ENROUTE,2025-02-21 02:43:37,Dispatch
1800,400367,ARRIVED,2025-02-21 04:53:37,CRM
1801,400367,COMPLETED,2025-02-21 07:00:37,Mobile
1802,400368,CREATED,2025-02-20 23:49:24,Mobile
1803,400368,ASSIGNED,2025-02-21 01:52:24,Dispatch
1804,400368,ENROUTE,2025-02-21 09:02:24,Mobile
1805,400368,ARRIVED,2025-02-21 10:24:24,Dispatch
1806,400368,COMPLETED,2025-02-21 17:54:24,Dispatch
1807,400369,CREATED,2025-02-21 02:46:00,Dispatch
1808,400369,ASSIGNED,2025-02-21 06:13:00,Mobile
1809,400369,ENROUTE,2025-02-21 08:52:00,Dispatch
1810,400369,ARRIVED,2025-02-21 11:36:00,Mobile
1811,400370,CREATED,2025-02-21 04:21:17,Dispatch
1812,400370,ASSIGNED,2025-02-21 07:27:17,Dispatch
1813,400370,ENROUTE,2025-02-21 15:23:17,Mobile
1814,400370,ARRIVED,2025-02-21 17:21:17,Dispatch
1815,400370,COMPLETED,2025-02-21 18:34:17,Dispatch
1816,400371,CREATED,2025-02-21 09:31:39,CRM
1817,400371,ASSIGNED,2025-02-21 10:45:39,Mobile
1818,400371,ENROUTE,2025-02-21 12:20:39,Dispatch
1819,400371,ARRIVED,2025-02-21 13:50:39,Mobile
1820,400371,COMPLETED,2025-02-21 19:25:39,Dispatch
1821,400372,CREATED,2025-02-21 09:55:23,Dispatch
1822,400372,ASSIGNED,2025-02-21 11:32:23,Mobile
1823,400372,ENROUTE,2025-02-21 16:17:23,Dispatch
1824,400372,ARRIVED,2025-02-21 17:38:23,Mobile
1825,400372,COMPLETED,2025-02-22 02:54:23,Dispatch
1826,400373,CREATED,2025-02-21 17:47:37,Dispatch
1827,400373,ASSIGNED,2025-02-21 18:32:37,Dispatch
1828,400373,ENROUTE,2025-02-22 00:20:37,Mobile
1829,400373,ARRIVED,2025-02-22 02:43:37,CRM
1830,400373,COMPLETED,2025-02-22 03:33:37,Mobile
1831,400374,CREATED,2025-02-21 18:32:10,Dispatch
1832,400374,ASSIGNED,2025-02-21 21:02:10,CRM
1833,400374,ENROUTE,2025-02-22 02:46:10,Mobile
1834,400374,ARRIVED,2025-02-22 02:59:10,Mobile
1835,400374,COMPLETED,2025-02-22 12:58:10,Dispatch
1836,400375,CREATED,2025-02-21 23:20:51,Mobile
1837,400375,ASSIGNED,2025-02-22 01:45:51,Dispatch
1838,400375,ENROUTE,2025-02-22 05:47:51,Dispatch
1839,400375,ARRIVED,2025-02-22 07:46:51,Dispatch
1840,400375,COMPLETED,2025-02-22 11:10:51,Dispatch
1841,400376,CREATED,2025-02-21 23:54:20,Dispatch
1842,400376,ASSIGNED,2025-02-22 02:10:20,Mobile
1843,400376,ENROUTE,2025-02-22 07:18:20,Dispatch
1844,400376,ARRIVED,2025-02-22 08:14:20,Mobile
1845,400376,COMPLETED,2025-02-22 11:18:20,Dispatch
1846,400377,CREATED,2025-02-22 01:59:48,CRM
1847,400377,ASSIGNED,2025-02-22 05:23:48,Dispatch
1848,400377,ENROUTE,2025-02-22 10:48:48,Dispatch
1849,400377,ARRIVED,2025-02-22 11:56:48,Mobile
1850,400377,COMPLETED,2025-02-22 14:24:48,Mobile
1851,400378,CREATED,2025-02-22 03:35:34,Mobile
1852,400378,ASSIGNED,2025-02-22 07:10:34,CRM
1853,400378,ENROUTE,2025-02-22 10:12:34,Dispatch
1854,400378,ARRIVED,2025-02-22 13:06:34,Mobile
1855,400379,CREATED,2025-02-22 04:15:13,Mobile
1856,400379,ASSIGNED,2025-02-22 07:03:13,Mobile
1857,400379,ENROUTE,2025-02-22 07:56:13,CRM
1858,400379,ARRIVED,2025-02-22 10:11:13,Mobile
1859,400380,CREATED,2025-02-22 04:56:46,Mobile
1860,400380,ASSIGNED,2025-02-22 07:01:46,Mobile
1861,400380,ENROUTE,2025-02-22 11:30:46,Dispatch
1862,400380,ARRIVED,2025-02-22 13:10:46,CRM
1863,400380,COMPLETED,2025-02-22 18:27:46,Dispatch
1864,400381,CREATED,2025-02-22 06:26:53,Mobile
1865,400381,ASSIGNED,2025-02-22 06:43:53,Dispatch
1866,400381,ENROUTE,2025-02-22 13:54:53,Mobile
1867,400381,ARRIVED,2025-02-22 15:59:53,Mobile
1868,400381,COMPLETED,2025-02-22 23:10:53,Mobile
1869,400382,CREATED,2025-02-22 07:24:27,Mobile
1870,400382,ASSIGNED,2025-02-22 10:29:27,Dispatch
1871,400382,ENROUTE,2025-02-22 15:52:27,Mobile
1872,400382,ARRIVED,2025-02-22 18:12:27,Mobile
1873,400382,COMPLETED,2025-02-23 00:16:27,CRM
1874,400383,CREATED,2025-02-22 09:51:34,Mobile
1875,400383,ASSIGNED,2025-02-22 13:49:34,Dispatch
1876,400383,ENROUTE,2025-02-22 21:32:34,Dispatch
1877,400383,ARRIVED,2025-02-22 23:26:34,Dispatch
1878,400383,COMPLETED,2025-02-23 05:03:34,Dispatch
1879,400384,CREATED,2025-02-22 20:12:19,CRM
1880,400384,ASSIGNED,2025-02-23 00:02:19,Dispatch
1881,400384,ENROUTE,2025-02-23 07:59:19,CRM
1882,400384,ARRIVED,2025-02-23 09:51:19,Mobile
1883,400384,COMPLETED,2025-02-23 16:15:19,Dispatch
1884,400385,CREATED,2025-02-22 23:03:21,Dispatch
1885,400385,ASSIGNED,2025-02-23 01:10:21,Dispatch
1886,400385,ENROUTE,2025-02-23 03:24:21,Mobile
1887,400385,ARRIVED,2025-02-23 05:45:21,Mobile
1888,400385,COMPLETED,2025-02-23 09:28:21,Mobile
1889,400386,CREATED,2025-02-23 09:31:08,Dispatch
1890,400386,ASSIGNED,2025-02-23 13:20:08,Mobile
1891,400386,ENROUTE,2025-02-23 15:45:08,CRM
1892,400386,ARRIVED,2025-02-23 16:12:08,Dispatch
1893,400386,COMPLETED,2025-02-23 21:13:08,Mobile
1894,400387,CREATED,2025-02-23 17:18:36,Dispatch
1895,400387,ASSIGNED,2025-02-23 17:59:36,Mobile
1896,400387,ENROUTE,2025-02-23 23:44:36,Dispatch
1897,400387,ARRIVED,2025-02-24 00:47:36,Mobile
1898,400387,COMPLETED,2025-02-24 09:11:36,Dispatch
1899,400388,CREATED,2025-02-23 19:33:25,Mobile
1900,400388,ASSIGNED,2025-02-23 21:06:25,Dispatch
1901,400388,ENROUTE,2025-02-24 02:04:25,Mobile
1902,400388,ARRIVED,2025-02-24 03:42:25,Dispatch
1903,400388,COMPLETED,2025-02-24 05:47:25,Dispatch
1904,400389,CREATED,2025-02-23 19:57:04,Dispatch
1905,400389,ASSIGNED,2025-02-23 23:45:04,Mobile
1906,400389,ENROUTE,2025-02-24 06:33:04,Dispatch
1907,400389,ARRIVED,2025-02-24 08:15:04,Dispatch
1908,400389,COMPLETED,2025-02-24 16:17:04,Dispatch
1909,400390,CREATED,2025-02-24 02:01:20,Mobile
1910,400390,ASSIGNED,2025-02-24 05:53:20,Dispatch
1911,400390,ENROUTE,2025-02-24 13:41:20,Mobile
1912,400390,ARRIVED,2025-02-24 15:45:20,Dispatch
1913,400390,COMPLETED,2025-02-24 22:31:20,Mobile
1914,400391,CREATED,2025-02-24 03:14:57,Mobile
1915,400391,ASSIGNED,2025-02-24 05:19:57,Mobile
1916,400391,ENROUTE,2025-02-24 05:41:57,Dispatch
1917,400391,ARRIVED,2025-02-24 07:21:57,Dispatch
1918,400391,COMPLETED,2025-02-24 11:49:57,Mobile
1919,400392,CREATED,2025-02-24 06:20:37,Dispatch
1920,400392,ASSIGNED,2025-02-24 08:36:37,Dispatch
1921,400392,ENROUTE,2025-02-24 14:34:37,Mobile
1922,400392,ARRIVED,2025-02-24 15:10:37,Mobile
1923,400392,COMPLETED,2025-02-24 20:30:37,Dispatch
1924,400393,CREATED,2025-02-24 08:40:43,Dispatch
1925,400393,ASSIGNED,2025-02-24 12:22:43,CRM
1926,400393,ENROUTE,2025-02-24 19:41:43,Dispatch
1927,400393,ARRIVED,2025-02-24 21:32:43,Mobile
1928,400393,COMPLETED,2025-02-25 04:01:43,Dispatch
1929,400394,CREATED,2025-02-24 09:14:25,Dispatch
1930,400394,ASSIGNED,2025-02-24 09:23:25,Mobile
1931,400394,ENROUTE,2025-02-24 13:02:25,Mobile
1932,400394,ARRIVED,2025-02-24 13:41:25,Dispatch
1933,400394,COMPLETED,2025-02-24 18:28:25,Dispatch
1934,400395,CREATED,2025-02-24 09:49:59,Mobile
1935,400395,ASSIGNED,2025-02-24 13:18:59,Mobile
1936,400395,ENROUTE,2025-02-24 20:20:59,CRM
1937,400395,ARRIVED,2025-02-24 21:54:59,Dispatch
1938,400395,COMPLETED,2025-02-25 05:00:59,Mobile
1939,400396,CREATED,2025-02-24 11:04:45,Mobile
1940,400396,ASSIGNED,2025-02-24 14:40:45,Dispatch
1941,400396,ENROUTE,2025-02-24 19:17:45,Mobile
1942,400396,ARRIVED,2025-02-24 21:59:45,Mobile
1943,400396,COMPLETED,2025-02-25 05:17:45,CRM
1944,400397,CREATED,2025-02-24 11:19:27,Mobile
1945,400397,ASSIGNED,2025-02-24 12:33:27,Dispatch
1946,400397,ENROUTE,2025-02-24 18:02:27,Dispatch
1947,400397,ARRIVED,2025-02-24 18:43:27,Dispatch
1948,400397,COMPLETED,2025-02-25 04:26:27,Dispatch
1949,400398,CREATED,2025-02-24 12:06:04,Dispatch
1950,400398,ASSIGNED,2025-02-24 14:37:04,Mobile
1951,400398,ENROUTE,2025-02-24 16:48:04,Dispatch
1952,400398,ARRIVED,2025-02-24 18:46:04,Dispatch
1953,400398,COMPLETED,2025-02-25 00:39:04,Mobile
1954,400399,CREATED,2025-02-24 12:15:43,Dispatch
1955,400399,ASSIGNED,2025-02-24 14:11:43,Dispatch
1956,400399,ENROUTE,2025-02-24 15:01:43,Dispatch
1957,400399,ARRIVED,2025-02-24 16:29:43,Mobile
1958,400399,CANCELLED,2025-02-24 15:11:43,Dispatch
1959,400400,CREATED,2025-02-24 17:40:31,Dispatch
1960,400400,ASSIGNED,2025-02-24 18:11:31,Dispatch
1961,400400,ENROUTE,2025-02-25 00:42:31,Mobile
1962,400400,ARRIVED,2025-02-25 02:40:31,Mobile
1963,400400,COMPLETED,2025-02-25 10:08:31,Mobile
1964,400401,CREATED,2025-02-25 02:47:11,Mobile
1965,400401,ASSIGNED,2025-02-25 05:21:11,Mobile
1966,400401,ENROUTE,2025-02-25 12:49:11,Mobile
1967,400401,ARRIVED,2025-02-25 14:43:11,Dispatch
1968,400401,COMPLETED,2025-02-25 16:53:11,Mobile
1969,400402,CREATED,2025-02-25 05:23:11,Mobile
1970,400402,ASSIGNED,2025-02-25 08:43:11,Dispatch
1971,400402,ENROUTE,2025-02-25 15:38:11,Dispatch
1972,400402,ARRIVED,2025-02-25 16:34:11,Dispatch
1973,400402,COMPLETED,2025-02-25 20:40:11,Mobile
1974,400403,CREATED,2025-02-25 06:13:02,Mobile
1975,400403,ASSIGNED,2025-02-25 09:07:02,Dispatch
1976,400403,ENROUTE,2025-02-25 10:33:02,Dispatch
1977,400403,ARRIVED,2025-02-25 12:29:02,Dispatch
1978,400404,CREATED,2025-02-25 06:19:44,Mobile
1979,400404,ASSIGNED,2025-02-25 07:49:44,Dispatch
1980,400404,ENROUTE,2025-02-25 08:12:44,CRM
1981,400404,ARRIVED,2025-02-25 10:29:44,Mobile
1982,400404,COMPLETED,2025-02-25 14:52:44,Dispatch
1983,400405,CREATED,2025-02-25 08:02:11,Dispatch
1984,400405,ASSIGNED,2025-02-25 08:49:11,Mobile
1985,400405,ENROUTE,2025-02-25 12:03:11,Dispatch
1986,400405,ARRIVED,2025-02-25 12:53:11,Dispatch
1987,400405,COMPLETED,2025-02-25 17:53:11,Mobile
1988,400406,CREATED,2025-02-25 11:09:29,Mobile
1989,400406,ASSIGNED,2025-02-25 13:47:29,CRM
1990,400406,ENROUTE,2025-02-25 18:39:29,Mobile
1991,400406,ARRIVED,2025-02-25 19:39:29,Dispatch
1992,400406,COMPLETED,2025-02-26 00:51:29,Dispatch
1993,400407,CREATED,2025-02-25 21:59:07,Dispatch
1994,400407,ASSIGNED,2025-02-25 23:48:07,Dispatch
1995,400407,ENROUTE,2025-02-26 02:28:07,Mobile
1996,400407,ARRIVED,2025-02-26 03:06:07,Mobile
1997,400408,CREATED,2025-02-26 00:23:47,Mobile
1998,400408,ASSIGNED,2025-02-26 03:57:47,Dispatch
1999,400408,ENROUTE,2025-02-26 08:35:47,Dispatch
2000,400408,ARRIVED,2025-02-26 11:12:47,CRM
2001,400408,COMPLETED,2025-02-26 16:35:47,CRM
2002,400409,CREATED,2025-02-26 01:43:29,Dispatch
2003,400409,ASSIGNED,2025-02-26 04:42:29,Dispatch
2004,400409,ENROUTE,2025-02-26 11:36:29,Mobile
2005,400409,ARRIVED,2025-02-26 12:08:29,Mobile
2006,400409,COMPLETED,2025-02-26 21:48:29,Dispatch
2007,400410,CREATED,2025-02-26 02:09:38,Mobile
2008,400410,ASSIGNED,2025-02-26 05:34:38,Mobile
2009,400410,ENROUTE,2025-02-26 06:50:38,Dispatch
2010,400410,ARRIVED,2025-02-26 09:09:38,Dispatch
2011,400410,COMPLETED,2025-02-26 14:18:38,Dispatch
2012,400411,CREATED,2025-02-26 03:07:20,Dispatch
2013,400411,ASSIGNED,2025-02-26 04:48:20,Mobile
2014,400411,ENROUTE,2025-02-26 09:15:20,Dispatch
2015,400411,ARRIVED,2025-02-26 11:11:20,Mobile
2016,400411,COMPLETED,2025-02-26 16:27:20,CRM
2017,400412,CREATED,2025-02-26 06:07:57,Mobile
2018,400412,ASSIGNED,2025-02-26 09:00:57,Dispatch
2019,400412,ENROUTE,2025-02-26 13:10:57,Mobile
2020,400412,ARRIVED,2025-02-26 13:47:57,Dispatch
2021,400412,COMPLETED,2025-02-26 20:48:57,Mobile
2022,400413,CREATED,2025-02-26 07:34:32,Mobile
2023,400413,ASSIGNED,2025-02-26 09:52:32,Dispatch
2024,400413,ENROUTE,2025-02-26 16:40:32,Dispatch
2025,400413,ARRIVED,2025-02-26 17:08:32,Mobile
2026,400413,COMPLETED,2025-02-27 03:07:32,Mobile
2027,400414,CREATED,2025-02-26 10:39:34,Mobile
2028,400414,ASSIGNED,2025-02-26 12:34:34,Dispatch
2029,400414,ENROUTE,2025-02-26 17:31:34,Mobile
2030,400414,ARRIVED,2025-02-26 19:45:34,Dispatch
2031,400414,COMPLETED,2025-02-26 21:45:34,Dispatch
2032,400415,CREATED,2025-02-26 14:05:31,Dispatch
2033,400415,ASSIGNED,2025-02-26 16:08:31,CRM
2034,400415,ENROUTE,2025-02-26 20:11:31,CRM
2035,400415,ARRIVED,2025-02-26 20:42:31,Dispatch
2036,400415,CANCELLED,2025-02-26 17:08:31,Dispatch
2037,400416,CREATED,2025-02-26 14:10:29,Dispatch
2038,400416,ASSIGNED,2025-02-26 15:36:29,Mobile
2039,400416,ENROUTE,2025-02-26 20:17:29,Dispatch
2040,400416,ARRIVED,2025-02-26 22:36:29,Dispatch
2041,400416,COMPLETED,2025-02-27 08:27:29,Mobile
2042,400417,CREATED,2025-02-26 21:58:41,Dispatch
2043,400417,ASSIGNED,2025-02-27 01:13:41,Dispatch
2044,400417,ENROUTE,2025-02-27 05:50:41,Dispatch
2045,400417,ARRIVED,2025-02-27 08:00:41,Mobile
2046,400417,CANCELLED,2025-02-27 02:13:41,Mobile
2047,400418,CREATED,2025-02-26 22:52:38,Dispatch
2048,400418,ASSIGNED,2025-02-27 00:47:38,CRM
2049,400418,ENROUTE,2025-02-27 06:42:38,Mobile
2050,400418,ARRIVED,2025-02-27 07:31:38,Dispatch
2051,400418,COMPLETED,2025-02-27 17:01:38,Dispatch
2052,400419,CREATED,2025-02-26 23:12:23,CRM
2053,400419,ASSIGNED,2025-02-27 00:07:23,Mobile
2054,400419,ENROUTE,2025-02-27 04:11:23,CRM
2055,400419,ARRIVED,2025-02-27 06:59:23,Dispatch
2056,400419,COMPLETED,2025-02-27 11:28:23,Dispatch
2057,400420,CREATED,2025-02-27 01:48:19,Mobile
2058,400420,ASSIGNED,2025-02-27 05:08:19,Mobile
2059,400420,ENROUTE,2025-02-27 10:32:19,Mobile
2060,400420,ARRIVED,2025-02-27 12:51:19,CRM
2061,400421,CREATED,2025-02-27 05:09:07,Mobile
2062,400421,ASSIGNED,2025-02-27 05:15:07,Dispatch
2063,400421,ENROUTE,2025-02-27 13:01:07,Mobile
2064,400421,ARRIVED,2025-02-27 15:14:07,Dispatch
2065,400421,COMPLETED,2025-02-27 22:42:07,Dispatch
2066,400422,CREATED,2025-02-27 07:49:44,Mobile
2067,400422,ASSIGNED,2025-02-27 11:02:44,Dispatch
2068,400422,ENROUTE,2025-02-27 14:24:44,Dispatch
2069,400422,ARRIVED,2025-02-27 16:37:44,Mobile
2070,400422,COMPLETED,2025-02-28 01:02:44,CRM
2071,400423,CREATED,2025-02-27 07:50:07,Dispatch
2072,400423,ASSIGNED,2025-02-27 09:57:07,Dispatch
2073,400423,ENROUTE,2025-02-27 17:25:07,Mobile
2074,400423,ARRIVED,2025-02-27 19:09:07,Dispatch
2075,400424,CREATED,2025-02-27 10:52:54,Dispatch
2076,400424,ASSIGNED,2025-02-27 11:43:54,Mobile
2077,400424,ENROUTE,2025-02-27 16:33:54,Mobile
2078,400424,ARRIVED,2025-02-27 18:28:54,Dispatch
2079,400424,COMPLETED,2025-02-28 03:36:54,Dispatch
2080,400425,CREATED,2025-02-27 13:17:07,Mobile
2081,400425,ASSIGNED,2025-02-27 16:30:07,Mobile
2082,400425,ENROUTE,2025-02-27 17:02:07,Mobile
2083,400425,ARRIVED,2025-02-27 18:28:07,Mobile
2084,400425,COMPLETED,2025-02-28 03:48:07,Mobile
2085,400426,CREATED,2025-02-27 15:39:37,Dispatch
2086,400426,ASSIGNED,2025-02-27 18:05:37,Dispatch
2087,400426,ENROUTE,2025-02-27 20:55:37,Dispatch
2088,400426,ARRIVED,2025-02-27 23:15:37,Dispatch
2089,400426,COMPLETED,2025-02-28 04:31:37,Mobile
2090,400427,CREATED,2025-02-27 16:25:28,Mobile
2091,400427,ASSIGNED,2025-02-27 20:08:28,Mobile
2092,400427,ENROUTE,2025-02-27 22:36:28,Dispatch
2093,400427,ARRIVED,2025-02-27 23:52:28,Mobile
2094,400427,COMPLETED,2025-02-28 07:04:28,Dispatch
2095,400428,CREATED,2025-02-27 17:34:10,Dispatch
2096,400428,ASSIGNED,2025-02-27 19:51:10,Mobile
2097,400428,ENROUTE,2025-02-28 02:58:10,Dispatch
2098,400428,ARRIVED,2025-02-28 04:09:10,Dispatch
2099,400429,CREATED,2025-02-27 21:39:23,Mobile
2100,400429,ASSIGNED,2025-02-28 00:56:23,CRM
2101,400429,ENROUTE,2025-02-28 08:19:23,Mobile
2102,400429,ARRIVED,2025-02-28 10:23:23,Mobile
2103,400429,COMPLETED,2025-02-28 15:53:23,Dispatch
2104,400430,CREATED,2025-02-27 21:47:14,CRM
2105,400430,ASSIGNED,2025-02-28 01:30:14,Dispatch
2106,400430,ENROUTE,2025-02-28 09:02:14,Dispatch
2107,400430,ARRIVED,2025-02-28 09:58:14,Mobile
2108,400430,COMPLETED,2025-02-28 12:27:14,Mobile
2109,400431,CREATED,2025-02-28 03:22:48,Mobile
2110,400431,ASSIGNED,2025-02-28 04:19:48,Dispatch
2111,400431,ENROUTE,2025-02-28 06:07:48,Dispatch
2112,400431,ARRIVED,2025-02-28 08:06:48,Mobile
2113,400431,CANCELLED,2025-02-28 05:19:48,Dispatch
2114,400432,CREATED,2025-02-28 05:03:49,Mobile
2115,400432,ASSIGNED,2025-02-28 08:56:49,Mobile
2116,400432,ENROUTE,2025-02-28 12:07:49,Dispatch
2117,400432,ARRIVED,2025-02-28 13:58:49,Dispatch
2118,400432,COMPLETED,2025-02-28 20:42:49,Dispatch
2119,400433,CREATED,2025-02-28 05:27:05,Mobile
2120,400433,ASSIGNED,2025-02-28 09:16:05,Mobile
2121,400433,ENROUTE,2025-02-28 09:49:05,Mobile
2122,400433,ARRIVED,2025-02-28 12:23:05,Dispatch
2123,400433,COMPLETED,2025-02-28 15:56:05,Dispatch
2124,400434,CREATED,2025-02-28 06:47:33,Dispatch
2125,400434,ASSIGNED,2025-02-28 07:03:33,Dispatch
2126,400434,ENROUTE,2025-02-28 10:20:33,Dispatch
2127,400434,ARRIVED,2025-02-28 11:53:33,Mobile
2128,400435,CREATED,2025-02-28 07:06:31,Mobile
2129,400435,ASSIGNED,2025-02-28 07:34:31,Dispatch
2130,400435,ENROUTE,2025-02-28 08:02:31,Dispatch
2131,400435,ARRIVED,2025-02-28 09:19:31,Dispatch
2132,400435,COMPLETED,2025-02-28 18:00:31,Mobile
2133,400436,CREATED,2025-02-28 10:17:02,Mobile
2134,400436,ASSIGNED,2025-02-28 10:53:02,Mobile
2135,400436,ENROUTE,2025-02-28 14:12:02,Dispatch
2136,400436,ARRIVED,2025-02-28 15:01:02,Mobile
2137,400436,COMPLETED,2025-02-28 23:07:02,Dispatch
2138,400437,CREATED,2025-02-28 14:45:37,Mobile
2139,400437,ASSIGNED,2025-02-28 17:20:37,Dispatch
2140,400437,ENROUTE,2025-02-28 18:42:37,Dispatch
2141,400437,ARRIVED,2025-02-28 19:43:37,Mobile
2142,400437,COMPLETED,2025-03-01 01:48:37,Mobile
2143,400438,CREATED,2025-02-28 16:03:28,Mobile
2144,400438,ASSIGNED,2025-02-28 18:27:28,Dispatch
2145,400438,ENROUTE,2025-03-01 02:06:28,Mobile
2146,400438,ARRIVED,2025-03-01 03:04:28,Dispatch
2147,400438,COMPLETED,2025-03-01 08:38:28,Dispatch
2148,400439,CREATED,2025-02-28 21:55:39,Dispatch
2149,400439,ASSIGNED,2025-02-28 22:04:39,Mobile
2150,400439,ENROUTE,2025-02-28 22:48:39,Mobile
2151,400439,ARRIVED,2025-03-01 00:44:39,Dispatch
2152,400439,COMPLETED,2025-03-01 06:07:39,Mobile
2153,400440,CREATED,2025-02-28 23:33:06,Mobile
2154,400440,ASSIGNED,2025-03-01 00:21:06,Dispatch
2155,400440,ENROUTE,2025-03-01 03:20:06,Dispatch
2156,400440,ARRIVED,2025-03-01 04:59:06,Dispatch
2157,400440,COMPLETED,2025-03-01 08:27:06,CRM
2158,400441,CREATED,2025-02-28 23:39:32,Dispatch
2159,400441,ASSIGNED,2025-03-01 00:21:32,Mobile
2160,400441,ENROUTE,2025-03-01 05:01:32,Mobile
2161,400441,ARRIVED,2025-03-01 07:46:32,Dispatch
2162,400441,COMPLETED,2025-03-01 10:35:32,Mobile
2163,400442,CREATED,2025-03-01 04:10:03,Mobile
2164,400442,ASSIGNED,2025-03-01 07:10:03,Mobile
2165,400442,ENROUTE,2025-03-01 11:07:03,CRM
2166,400442,ARRIVED,2025-03-01 13:45:03,Mobile
2167,400442,COMPLETED,2025-03-01 15:08:03,Mobile
2168,400443,CREATED,2025-03-01 18:46:59,Dispatch
2169,400443,ASSIGNED,2025-03-01 21:55:59,Mobile
2170,400443,ENROUTE,2025-03-02 05:38:59,Mobile
2171,400443,ARRIVED,2025-03-02 06:30:59,Mobile
2172,400443,COMPLETED,2025-03-02 08:03:59,CRM
2173,400444,CREATED,2025-03-01 21:31:01,Mobile
2174,400444,ASSIGNED,2025-03-01 23:28:01,Dispatch
2175,400444,ENROUTE,2025-03-02 03:57:01,Dispatch
2176,400444,ARRIVED,2025-03-02 05:07:01,Mobile
2177,400444,COMPLETED,2025-03-02 05:41:01,CRM
2178,400445,CREATED,2025-03-02 02:28:16,Dispatch
2179,400445,ASSIGNED,2025-03-02 02:38:16,Dispatch
2180,400445,ENROUTE,2025-03-02 10:03:16,Dispatch
2181,400445,ARRIVED,2025-03-02 10:48:16,CRM
2182,400445,COMPLETED,2025-03-02 17:29:16,Dispatch
2183,400446,CREATED,2025-03-02 02:31:56,Dispatch
2184,400446,ASSIGNED,2025-03-02 06:02:56,Dispatch
2185,400446,ENROUTE,2025-03-02 07:11:56,Dispatch
2186,400446,ARRIVED,2025-03-02 09:00:56,Dispatch
2187,400446,COMPLETED,2025-03-02 15:38:56,Mobile
2188,400447,CREATED,2025-03-02 16:14:27,Dispatch
2189,400447,ASSIGNED,2025-03-02 18:25:27,Mobile
2190,400447,ENROUTE,2025-03-03 01:13:27,Mobile
2191,400447,ARRIVED,2025-03-03 04:10:27,Dispatch
2192,400448,CREATED,2025-03-02 18:01:11,Dispatch
2193,400448,ASSIGNED,2025-03-02 18:42:11,Dispatch
2194,400448,ENROUTE,2025-03-02 21:42:11,Dispatch
2195,400448,ARRIVED,2025-03-02 22:18:11,Mobile
2196,400449,CREATED,2025-03-02 20:09:20,Dispatch
2197,400449,ASSIGNED,2025-03-02 20:28:20,Dispatch
2198,400449,ENROUTE,2025-03-03 02:43:20,Dispatch
2199,400449,ARRIVED,2025-03-03 03:38:20,Mobile
2200,400449,COMPLETED,2025-03-03 04:59:20,CRM
2201,400450,CREATED,2025-03-02 22:28:26,Mobile
2202,400450,ASSIGNED,2025-03-02 23:49:26,Dispatch
2203,400450,ENROUTE,2025-03-03 02:51:26,Dispatch
2204,400450,ARRIVED,2025-03-03 04:22:26,Dispatch
2205,400450,COMPLETED,2025-03-03 05:45:26,Dispatch
2206,400451,CREATED,2025-03-03 01:24:34,Dispatch
2207,400451,ASSIGNED,2025-03-03 03:59:34,Dispatch
2208,400451,ENROUTE,2025-03-03 10:07:34,Dispatch
2209,400451,ARRIVED,2025-03-03 12:34:34,CRM
2210,400451,COMPLETED,2025-03-03 22:12:34,Dispatch
2211,400452,CREATED,2025-03-03 05:01:05,Dispatch
2212,400452,ASSIGNED,2025-03-03 05:40:05,Dispatch
2213,400452,ENROUTE,2025-03-03 13:07:05,Dispatch
2214,400452,ARRIVED,2025-03-03 13:47:05,Mobile
2215,400452,COMPLETED,2025-03-03 16:13:05,Dispatch
2216,400453,CREATED,2025-03-03 05:05:07,CRM
2217,400453,ASSIGNED,2025-03-03 06:05:07,Mobile
2218,400453,ENROUTE,2025-03-03 06:55:07,Dispatch
2219,400453,ARRIVED,2025-03-03 08:12:07,CRM
2220,400453,COMPLETED,2025-03-03 17:51:07,Mobile
2221,400454,CREATED,2025-03-03 05:35:25,Dispatch
2222,400454,ASSIGNED,2025-03-03 06:06:25,Dispatch
2223,400454,ENROUTE,2025-03-03 11:23:25,Mobile
2224,400454,ARRIVED,2025-03-03 12:03:25,Mobile
2225,400455,CREATED,2025-03-03 08:12:48,Mobile
2226,400455,ASSIGNED,2025-03-03 09:37:48,Mobile
2227,400455,ENROUTE,2025-03-03 11:53:48,CRM
2228,400455,ARRIVED,2025-03-03 13:03:48,CRM
2229,400455,COMPLETED,2025-03-03 21:18:48,Dispatch
2230,400456,CREATED,2025-03-03 13:57:31,Dispatch
2231,400456,ASSIGNED,2025-03-03 15:19:31,Mobile
2232,400456,ENROUTE,2025-03-03 23:05:31,Dispatch
2233,400456,ARRIVED,2025-03-04 00:37:31,CRM
2234,400456,COMPLETED,2025-03-04 08:31:31,Mobile
2235,400457,CREATED,2025-03-03 14:20:29,Dispatch
2236,400457,ASSIGNED,2025-03-03 16:25:29,Dispatch
2237,400457,ENROUTE,2025-03-03 21:37:29,Dispatch
2238,400457,ARRIVED,2025-03-03 23:55:29,Mobile
2239,400457,COMPLETED,2025-03-04 05:07:29,Dispatch
2240,400458,CREATED,2025-03-03 17:18:20,Mobile
2241,400458,ASSIGNED,2025-03-03 20:17:20,Dispatch
2242,400458,ENROUTE,2025-03-03 21:31:20,CRM
2243,400458,ARRIVED,2025-03-03 23:05:20,Dispatch
2244,400458,COMPLETED,2025-03-04 07:53:20,Dispatch
2245,400459,CREATED,2025-03-03 18:25:10,Mobile
2246,400459,ASSIGNED,2025-03-03 18:58:10,Mobile
2247,400459,ENROUTE,2025-03-04 01:43:10,CRM
2248,400459,ARRIVED,2025-03-04 03:06:10,Dispatch
2249,400459,COMPLETED,2025-03-04 12:29:10,Mobile
2250,400460,CREATED,2025-03-03 22:34:58,Mobile
2251,400460,ASSIGNED,2025-03-04 00:39:58,Mobile
2252,400460,ENROUTE,2025-03-04 01:06:58,Mobile
2253,400460,ARRIVED,2025-03-04 02:39:58,Dispatch
2254,400460,COMPLETED,2025-03-04 09:47:58,Dispatch
2255,400461,CREATED,2025-03-03 23:59:55,Dispatch
2256,400461,ASSIGNED,2025-03-04 00:11:55,Dispatch
2257,400461,ENROUTE,2025-03-04 04:22:55,Dispatch
2258,400461,ARRIVED,2025-03-04 05:03:55,Mobile
2259,400461,COMPLETED,2025-03-04 06:57:55,Dispatch
2260,400462,CREATED,2025-03-04 02:55:08,Mobile
2261,400462,ASSIGNED,2025-03-04 03:27:08,Dispatch
2262,400462,ENROUTE,2025-03-04 08:21:08,Mobile
2263,400462,ARRIVED,2025-03-04 08:47:08,Dispatch
2264,400462,COMPLETED,2025-03-04 11:41:08,CRM
2265,400463,CREATED,2025-03-04 04:17:41,Dispatch
2266,400463,ASSIGNED,2025-03-04 06:33:41,Mobile
2267,400463,ENROUTE,2025-03-04 10:14:41,Dispatch
2268,400463,ARRIVED,2025-03-04 11:04:41,Mobile
2269,400463,COMPLETED,2025-03-04 13:13:41,CRM
2270,400464,CREATED,2025-03-04 08:28:59,Mobile
2271,400464,ASSIGNED,2025-03-04 11:44:59,Mobile
2272,400464,ENROUTE,2025-03-04 19:14:59,Dispatch
2273,400464,ARRIVED,2025-03-04 20:06:59,Dispatch
2274,400464,COMPLETED,2025-03-04 23:15:59,Dispatch
2275,400465,CREATED,2025-03-04 12:49:03,Mobile
2276,400465,ASSIGNED,2025-03-04 16:39:03,Dispatch
2277,400465,ENROUTE,2025-03-04 21:13:03,Dispatch
2278,400465,ARRIVED,2025-03-04 23:30:03,Mobile
2279,400465,COMPLETED,2025-03-05 08:52:03,Dispatch
2280,400466,CREATED,2025-03-04 13:43:18,Mobile
2281,400466,ASSIGNED,2025-03-04 16:32:18,Mobile
2282,400466,ENROUTE,2025-03-04 23:26:18,Dispatch
2283,400466,ARRIVED,2025-03-05 00:42:18,Dispatch
2284,400466,COMPLETED,2025-03-05 08:20:18,Mobile
2285,400467,CREATED,2025-03-04 16:07:10,Mobile
2286,400467,ASSIGNED,2025-03-04 17:05:10,Mobile
2287,400467,ENROUTE,2025-03-04 20:07:10,Mobile
2288,400467,ARRIVED,2025-03-04 22:17:10,Mobile
2289,400467,COMPLETED,2025-03-05 03:25:10,Dispatch
2290,400468,CREATED,2025-03-04 20:46:41,Mobile
2291,400468,ASSIGNED,2025-03-05 00:33:41,Mobile
2292,400468,ENROUTE,2025-03-05 08:31:41,Mobile
2293,400468,ARRIVED,2025-03-05 10:27:41,Mobile
2294,400468,COMPLETED,2025-03-05 16:58:41,Dispatch
2295,400469,CREATED,2025-03-04 21:41:32,Dispatch
2296,400469,ASSIGNED,2025-03-05 01:16:32,Mobile
2297,400469,ENROUTE,2025-03-05 06:49:32,Dispatch
2298,400469,ARRIVED,2025-03-05 08:17:32,Dispatch
2299,400469,COMPLETED,2025-03-05 11:50:32,CRM
2300,400470,CREATED,2025-03-04 22:45:54,Mobile
2301,400470,ASSIGNED,2025-03-05 00:57:54,Mobile
2302,400470,ENROUTE,2025-03-05 05:34:54,Dispatch
2303,400470,ARRIVED,2025-03-05 07:30:54,CRM
2304,400470,COMPLETED,2025-03-05 08:49:54,Mobile
2305,400471,CREATED,2025-03-04 23:14:38,Mobile
2306,400471,ASSIGNED,2025-03-05 01:20:38,Dispatch
2307,400471,ENROUTE,2025-03-05 08:02:38,Mobile
2308,400471,ARRIVED,2025-03-05 10:14:38,Mobile
2309,400471,COMPLETED,2025-03-05 14:18:38,Mobile
2310,400472,CREATED,2025-03-05 03:32:27,CRM
2311,400472,ASSIGNED,2025-03-05 04:17:27,Dispatch
2312,400472,ENROUTE,2025-03-05 07:05:27,Dispatch
2313,400472,ARRIVED,2025-03-05 08:50:27,CRM
2314,400472,COMPLETED,2025-03-05 10:21:27,Dispatch
2315,400473,CREATED,2025-03-05 03:42:53,Mobile
2316,400473,ASSIGNED,2025-03-05 07:15:53,Mobile
2317,400473,ENROUTE,2025-03-05 11:36:53,Dispatch
2318,400473,ARRIVED,2025-03-05 14:29:53,Mobile
2319,400473,COMPLETED,2025-03-06 00:25:53,Mobile
2320,400474,CREATED,2025-03-05 09:38:03,Dispatch
2321,400474,ASSIGNED,2025-03-05 10:39:03,Dispatch
2322,400474,ENROUTE,2025-03-05 15:37:03,Mobile
2323,400474,ARRIVED,2025-03-05 18:30:03,Mobile
2324,400474,COMPLETED,2025-03-06 01:38:03,Mobile
2325,400475,CREATED,2025-03-05 14:34:20,Mobile
2326,400475,ASSIGNED,2025-03-05 18:29:20,CRM
2327,400475,ENROUTE,2025-03-05 20:45:20,Mobile
2328,400475,ARRIVED,2025-03-05 22:30:20,Dispatch
2329,400475,COMPLETED,2025-03-06 01:16:20,Mobile
2330,400476,CREATED,2025-03-05 15:13:05,Dispatch
2331,400476,ASSIGNED,2025-03-05 16:15:05,Dispatch
2332,400476,ENROUTE,2025-03-05 17:43:05,Mobile
2333,400476,ARRIVED,2025-03-05 19:57:05,Mobile
2334,400476,COMPLETED,2025-03-06 04:36:05,Dispatch
2335,400477,CREATED,2025-03-05 15:59:20,Dispatch
2336,400477,ASSIGNED,2025-03-05 19:26:20,CRM
2337,400477,ENROUTE,2025-03-06 00:48:20,Dispatch
2338,400477,ARRIVED,2025-03-06 01:09:20,Dispatch
2339,400477,COMPLETED,2025-03-06 02:56:20,Dispatch
2340,400478,CREATED,2025-03-05 19:52:59,Mobile
2341,400478,ASSIGNED,2025-03-05 20:21:59,CRM
2342,400478,ENROUTE,2025-03-06 00:22:59,Dispatch
2343,400478,ARRIVED,2025-03-06 02:47:59,CRM
2344,400478,COMPLETED,2025-03-06 06:47:59,Dispatch
2345,400479,CREATED,2025-03-05 22:25:45,Dispatch
2346,400479,ASSIGNED,2025-03-06 00:32:45,Dispatch
2347,400479,ENROUTE,2025-03-06 04:41:45,Mobile
2348,400479,ARRIVED,2025-03-06 06:22:45,Dispatch
2349,400479,COMPLETED,2025-03-06 11:09:45,CRM
2350,400480,CREATED,2025-03-05 23:00:25,Dispatch
2351,400480,ASSIGNED,2025-03-06 00:35:25,Mobile
2352,400480,ENROUTE,2025-03-06 02:52:25,Mobile
2353,400480,ARRIVED,2025-03-06 05:05:25,Dispatch
2354,400481,CREATED,2025-03-06 06:40:03,Dispatch
2355,400481,ASSIGNED,2025-03-06 10:24:03,Mobile
2356,400481,ENROUTE,2025-03-06 18:14:03,Mobile
2357,400481,ARRIVED,2025-03-06 19:38:03,Mobile
2358,400481,COMPLETED,2025-03-07 01:56:03,Mobile
2359,400482,CREATED,2025-03-06 06:52:48,Mobile
2360,400482,ASSIGNED,2025-03-06 08:09:48,Mobile
2361,400482,ENROUTE,2025-03-06 13:35:48,CRM
2362,400482,ARRIVED,2025-03-06 14:46:48,Mobile
2363,400482,COMPLETED,2025-03-06 16:44:48,Dispatch
2364,400483,CREATED,2025-03-06 18:11:38,Mobile
2365,400483,ASSIGNED,2025-03-06 21:04:38,Mobile
2366,400483,ENROUTE,2025-03-06 21:45:38,Mobile
2367,400483,ARRIVED,2025-03-06 22:11:38,CRM
2368,400483,COMPLETED,2025-03-07 04:04:38,Mobile
2369,400484,CREATED,2025-03-07 00:51:50,Mobile
2370,400484,ASSIGNED,2025-03-07 03:42:50,Mobile
2371,400484,ENROUTE,2025-03-07 06:31:50,Dispatch
2372,400484,ARRIVED,2025-03-07 06:50:50,Mobile
2373,400484,COMPLETED,2025-03-07 09:17:50,Mobile
2374,400485,CREATED,2025-03-07 01:08:33,CRM
2375,400485,ASSIGNED,2025-03-07 02:40:33,Dispatch
2376,400485,ENROUTE,2025-03-07 03:25:33,Mobile
2377,400485,ARRIVED,2025-03-07 03:50:33,Mobile
2378,400485,COMPLETED,2025-03-07 06:10:33,Dispatch
2379,400486,CREATED,2025-03-07 06:08:29,Dispatch
2380,400486,ASSIGNED,2025-03-07 10:07:29,Mobile
2381,400486,ENROUTE,2025-03-07 11:06:29,Dispatch
2382,400486,ARRIVED,2025-03-07 12:22:29,CRM
2383,400486,COMPLETED,2025-03-07 16:11:29,Dispatch
2384,400487,CREATED,2025-03-07 22:04:55,Dispatch
2385,400487,ASSIGNED,2025-03-07 23:36:55,Mobile
2386,400487,ENROUTE,2025-03-08 04:38:55,Dispatch
2387,400487,ARRIVED,2025-03-08 05:11:55,Mobile
2388,400487,COMPLETED,2025-03-08 08:37:55,Dispatch
2389,400488,CREATED,2025-03-08 08:42:35,Dispatch
2390,400488,ASSIGNED,2025-03-08 10:46:35,CRM
2391,400488,ENROUTE,2025-03-08 18:30:35,Mobile
2392,400488,ARRIVED,2025-03-08 18:55:35,Mobile
2393,400488,COMPLETED,2025-03-09 03:44:35,Mobile
2394,400489,CREATED,2025-03-08 08:51:37,Dispatch
2395,400489,ASSIGNED,2025-03-08 12:39:37,CRM
2396,400489,ENROUTE,2025-03-08 19:24:37,Dispatch
2397,400489,ARRIVED,2025-03-08 19:58:37,Mobile
2398,400489,CANCELLED,2025-03-08 13:39:37,CRM
2399,400490,CREATED,2025-03-08 10:39:28,Dispatch
2400,400490,ASSIGNED,2025-03-08 13:58:28,Dispatch
2401,400490,ENROUTE,2025-03-08 20:26:28,Mobile
2402,400490,ARRIVED,2025-03-08 22:04:28,Dispatch
2403,400491,CREATED,2025-03-08 11:13:59,Dispatch
2404,400491,ASSIGNED,2025-03-08 11:38:59,Mobile
2405,400491,ENROUTE,2025-03-08 14:06:59,Mobile
2406,400491,ARRIVED,2025-03-08 14:22:59,Dispatch
2407,400491,COMPLETED,2025-03-08 22:49:59,CRM
2408,400492,CREATED,2025-03-08 16:34:35,Dispatch
2409,400492,ASSIGNED,2025-03-08 17:37:35,Dispatch
2410,400492,ENROUTE,2025-03-08 19:40:35,Dispatch
2411,400492,ARRIVED,2025-03-08 19:55:35,Dispatch
2412,400493,CREATED,2025-03-08 23:07:15,Mobile
2413,400493,ASSIGNED,2025-03-09 03:00:15,CRM
2414,400493,ENROUTE,2025-03-09 06:53:15,Dispatch
2415,400493,ARRIVED,2025-03-09 09:30:15,Mobile
2416,400493,COMPLETED,2025-03-09 16:19:15,CRM
2417,400494,CREATED,2025-03-09 01:47:22,Dispatch
2418,400494,ASSIGNED,2025-03-09 03:30:22,Dispatch
2419,400494,ENROUTE,2025-03-09 07:24:22,Mobile
2420,400494,ARRIVED,2025-03-09 10:05:22,Dispatch
2421,400494,COMPLETED,2025-03-09 18:38:22,Dispatch
2422,400495,CREATED,2025-03-09 02:39:20,Mobile
2423,400495,ASSIGNED,2025-03-09 04:13:20,Dispatch
2424,400495,ENROUTE,2025-03-09 04:29:20,CRM
2425,400495,ARRIVED,2025-03-09 05:23:20,Dispatch
2426,400495,COMPLETED,2025-03-09 08:01:20,Dispatch
2427,400496,CREATED,2025-03-09 04:25:32,Dispatch
2428,400496,ASSIGNED,2025-03-09 06:31:32,Dispatch
2429,400496,ENROUTE,2025-03-09 13:07:32,Mobile
2430,400496,ARRIVED,2025-03-09 14:52:32,Dispatch
2431,400496,COMPLETED,2025-03-09 23:40:32,CRM
2432,400497,CREATED,2025-03-09 06:22:10,Dispatch
2433,400497,ASSIGNED,2025-03-09 08:35:10,Dispatch
2434,400497,ENROUTE,2025-03-09 10:32:10,Mobile
2435,400497,ARRIVED,2025-03-09 13:29:10,Dispatch
2436,400497,COMPLETED,2025-03-09 19:48:10,Dispatch
2437,400498,CREATED,2025-03-09 06:25:00,Mobile
2438,400498,ASSIGNED,2025-03-09 09:26:00,Mobile
2439,400498,ENROUTE,2025-03-09 16:36:00,Dispatch
2440,400498,ARRIVED,2025-03-09 17:20:00,Dispatch
2441,400498,COMPLETED,2025-03-09 20:03:00,Dispatch
2442,400499,CREATED,2025-03-09 09:07:10,Mobile
2443,400499,ASSIGNED,2025-03-09 12:55:10,Mobile
2444,400499,ENROUTE,2025-03-09 19:23:10,Dispatch
2445,400499,ARRIVED,2025-03-09 21:18:10,Mobile
2446,400499,COMPLETED,2025-03-10 04:00:10,Dispatch
2447,400500,CREATED,2025-03-09 13:02:35,Dispatch
2448,400500,ASSIGNED,2025-03-09 13:47:35,Mobile
2449,400500,ENROUTE,2025-03-09 19:22:35,Dispatch
2450,400500,ARRIVED,2025-03-09 21:54:35,Mobile
2451,400500,COMPLETED,2025-03-10 03:25:35,Dispatch
2452,400501,CREATED,2025-03-09 17:21:01,Dispatch
2453,400501,ASSIGNED,2025-03-09 19:47:01,Dispatch
2454,400501,ENROUTE,2025-03-09 23:34:01,Dispatch
2455,400501,ARRIVED,2025-03-09 23:58:01,Mobile
2456,400502,CREATED,2025-03-09 23:33:00,Mobile
2457,400502,ASSIGNED,2025-03-10 03:11:00,Mobile
2458,400502,ENROUTE,2025-03-10 08:06:00,Dispatch
2459,400502,ARRIVED,2025-03-10 09:13:00,Dispatch
2460,400502,COMPLETED,2025-03-10 11:54:00,Mobile
2461,400503,CREATED,2025-03-10 01:13:51,Mobile
2462,400503,ASSIGNED,2025-03-10 03:36:51,Dispatch
2463,400503,ENROUTE,2025-03-10 10:40:51,Mobile
2464,400503,ARRIVED,2025-03-10 11:57:51,CRM
2465,400503,COMPLETED,2025-03-10 17:30:51,Mobile
2466,400504,CREATED,2025-03-10 03:43:39,Mobile
2467,400504,ASSIGNED,2025-03-10 04:53:39,Mobile
2468,400504,ENROUTE,2025-03-10 07:21:39,Dispatch
2469,400504,ARRIVED,2025-03-10 08:36:39,Mobile
2470,400504,COMPLETED,2025-03-10 09:43:39,Mobile
2471,400505,CREATED,2025-03-10 04:55:22,CRM
2472,400505,ASSIGNED,2025-03-10 05:28:22,Mobile
2473,400505,ENROUTE,2025-03-10 05:57:22,Dispatch
2474,400505,ARRIVED,2025-03-10 06:30:22,Dispatch
2475,400505,COMPLETED,2025-03-10 13:16:22,Mobile
2476,400506,CREATED,2025-03-10 08:50:50,CRM
2477,400506,ASSIGNED,2025-03-10 11:07:50,Dispatch
2478,400506,ENROUTE,2025-03-10 12:10:50,Mobile
2479,400506,ARRIVED,2025-03-10 14:51:50,Dispatch
2480,400506,COMPLETED,2025-03-10 20:09:50,Dispatch
2481,400507,CREATED,2025-03-10 13:49:56,Mobile
2482,400507,ASSIGNED,2025-03-10 14:21:56,Dispatch
2483,400507,ENROUTE,2025-03-10 17:01:56,Dispatch
2484,400507,ARRIVED,2025-03-10 18:22:56,Dispatch
2485,400508,CREATED,2025-03-10 20:59:24,Dispatch
2486,400508,ASSIGNED,2025-03-11 00:55:24,Dispatch
2487,400508,ENROUTE,2025-03-11 04:39:24,Dispatch
2488,400508,ARRIVED,2025-03-11 06:39:24,Mobile
2489,400508,COMPLETED,2025-03-11 08:00:24,Mobile
2490,400509,CREATED,2025-03-11 00:02:06,Dispatch
2491,400509,ASSIGNED,2025-03-11 01:32:06,Mobile
2492,400509,ENROUTE,2025-03-11 08:34:06,Dispatch
2493,400509,ARRIVED,2025-03-11 09:11:06,Dispatch
2494,400509,COMPLETED,2025-03-11 12:02:06,Mobile
2495,400510,CREATED,2025-03-11 03:26:34,Dispatch
2496,400510,ASSIGNED,2025-03-11 04:50:34,Mobile
2497,400510,ENROUTE,2025-03-11 07:58:34,Dispatch
2498,400510,ARRIVED,2025-03-11 08:31:34,Dispatch
2499,400510,CANCELLED,2025-03-11 05:50:34,Dispatch
2500,400511,CREATED,2025-03-11 09:49:58,CRM
2501,400511,ASSIGNED,2025-03-11 13:39:58,Dispatch
2502,400511,ENROUTE,2025-03-11 14:28:58,Dispatch
2503,400511,ARRIVED,2025-03-11 15:51:58,CRM
2504,400511,COMPLETED,2025-03-12 00:14:58,Mobile
2505,400512,CREATED,2025-03-11 14:53:25,Mobile
2506,400512,ASSIGNED,2025-03-11 16:48:25,Mobile
2507,400512,ENROUTE,2025-03-11 23:27:25,Dispatch
2508,400512,ARRIVED,2025-03-12 01:23:25,Dispatch
2509,400512,COMPLETED,2025-03-12 08:00:25,Dispatch
2510,400513,CREATED,2025-03-11 16:23:48,Dispatch
2511,400513,ASSIGNED,2025-03-11 16:48:48,Dispatch
2512,400513,ENROUTE,2025-03-11 22:01:48,Mobile
2513,400513,ARRIVED,2025-03-12 00:33:48,Mobile
2514,400513,COMPLETED,2025-03-12 01:30:48,Dispatch
2515,400514,CREATED,2025-03-11 17:12:57,Mobile
2516,400514,ASSIGNED,2025-03-11 18:16:57,Dispatch
2517,400514,ENROUTE,2025-03-11 22:36:57,Mobile
2518,400514,ARRIVED,2025-03-11 22:16:57,Dispatch
2519,400514,COMPLETED,2025-03-12 06:43:57,Mobile
2520,400515,CREATED,2025-03-11 17:13:45,Mobile
2521,400515,ASSIGNED,2025-03-11 21:01:45,Mobile
2522,400515,ENROUTE,2025-03-12 01:34:45,Dispatch
2523,400515,ARRIVED,2025-03-12 04:10:45,Dispatch
2524,400515,COMPLETED,2025-03-12 12:32:45,Mobile
2525,400516,CREATED,2025-03-12 00:43:38,Mobile
2526,400516,ASSIGNED,2025-03-12 02:53:38,Mobile
2527,400516,ENROUTE,2025-03-12 05:53:38,Mobile
2528,400516,ARRIVED,2025-03-12 07:39:38,Dispatch
2529,400516,COMPLETED,2025-03-12 16:24:38,Dispatch
2530,400517,CREATED,2025-03-12 06:48:04,Mobile
2531,400517,ASSIGNED,2025-03-12 09:25:04,Dispatch
2532,400517,ENROUTE,2025-03-12 11:58:04,Mobile
2533,400517,ARRIVED,2025-03-12 13:27:04,CRM
2534,400517,CANCELLED,2025-03-12 10:25:04,Mobile
2535,400518,CREATED,2025-03-12 07:10:31,Dispatch
2536,400518,ASSIGNED,2025-03-12 11:04:31,CRM
2537,400518,ENROUTE,2025-03-12 11:30:31,Mobile
2538,400518,ARRIVED,2025-03-12 13:45:31,Dispatch
2539,400518,COMPLETED,2025-03-12 19:27:31,Dispatch
2540,400519,CREATED,2025-03-12 10:37:37,Mobile
2541,400519,ASSIGNED,2025-03-12 13:49:37,Dispatch
2542,400519,ENROUTE,2025-03-12 18:54:37,Mobile
2543,400519,ARRIVED,2025-03-12 19:09:37,Mobile
2544,400520,CREATED,2025-03-12 11:32:03,Mobile
2545,400520,ASSIGNED,2025-03-12 13:29:03,CRM
2546,400520,ENROUTE,2025-03-12 21:27:03,Mobile
2547,400520,ARRIVED,2025-03-12 23:13:03,Dispatch
2548,400520,COMPLETED,2025-03-13 04:17:03,Dispatch
2549,400521,CREATED,2025-03-12 13:17:54,Dispatch
2550,400521,ASSIGNED,2025-03-12 14:29:54,Dispatch
2551,400521,ENROUTE,2025-03-12 14:57:54,Dispatch
2552,400521,ARRIVED,2025-03-12 17:52:54,Dispatch
2553,400521,COMPLETED,2025-03-12 23:56:54,Mobile
2554,400522,CREATED,2025-03-12 14:30:41,Dispatch
2555,400522,ASSIGNED,2025-03-12 15:08:41,Mobile
2556,400522,ENROUTE,2025-03-12 17:21:41,Dispatch
2557,400522,ARRIVED,2025-03-12 20:08:41,Dispatch
2558,400523,CREATED,2025-03-13 02:42:27,Dispatch
2559,400523,ASSIGNED,2025-03-13 04:27:27,Mobile
2560,400523,ENROUTE,2025-03-13 08:09:27,Dispatch
2561,400523,ARRIVED,2025-03-13 09:01:27,Dispatch
2562,400523,COMPLETED,2025-03-13 17:42:27,Dispatch
2563,400524,CREATED,2025-03-13 02:47:48,Mobile
2564,400524,ASSIGNED,2025-03-13 05:17:48,Dispatch
2565,400524,ENROUTE,2025-03-13 08:28:48,Dispatch
2566,400524,ARRIVED,2025-03-13 10:28:48,CRM
2567,400524,COMPLETED,2025-03-13 13:33:48,Dispatch
2568,400525,CREATED,2025-03-13 02:50:31,Mobile
2569,400525,ASSIGNED,2025-03-13 06:01:31,Dispatch
2570,400525,ENROUTE,2025-03-13 11:48:31,Dispatch
2571,400525,ARRIVED,2025-03-13 13:08:31,Dispatch
2572,400525,COMPLETED,2025-03-13 17:14:31,Mobile
2573,400526,CREATED,2025-03-13 04:02:49,Mobile
2574,400526,ASSIGNED,2025-03-13 04:35:49,Mobile
2575,400526,ENROUTE,2025-03-13 09:49:49,Dispatch
2576,400526,ARRIVED,2025-03-13 10:44:49,CRM
2577,400526,COMPLETED,2025-03-13 15:35:49,Mobile
2578,400527,CREATED,2025-03-13 05:02:08,Dispatch
2579,400527,ASSIGNED,2025-03-13 08:49:08,Mobile
2580,400527,ENROUTE,2025-03-13 16:03:08,Dispatch
2581,400527,ARRIVED,2025-03-13 16:59:08,CRM
2582,400527,COMPLETED,2025-03-13 22:04:08,Dispatch
2583,400528,CREATED,2025-03-13 09:29:15,Dispatch
2584,400528,ASSIGNED,2025-03-13 10:09:15,Mobile
2585,400528,ENROUTE,2025-03-13 12:43:15,Mobile
2586,400528,ARRIVED,2025-03-13 13:53:15,Dispatch
2587,400528,COMPLETED,2025-03-13 23:23:15,Dispatch
2588,400529,CREATED,2025-03-13 09:55:10,Mobile
2589,400529,ASSIGNED,2025-03-13 12:41:10,Dispatch
2590,400529,ENROUTE,2025-03-13 12:57:10,CRM
2591,400529,ARRIVED,2025-03-13 13:11:10,Dispatch
2592,400529,COMPLETED,2025-03-13 13:53:10,Dispatch
2593,400530,CREATED,2025-03-13 11:18:37,Dispatch
2594,400530,ASSIGNED,2025-03-13 13:10:37,Mobile
2595,400530,ENROUTE,2025-03-13 20:41:37,Dispatch
2596,400530,ARRIVED,2025-03-13 22:07:37,Mobile
2597,400530,COMPLETED,2025-03-14 01:49:37,Dispatch
2598,400531,CREATED,2025-03-13 12:07:53,Dispatch
2599,400531,ASSIGNED,2025-03-13 13:40:53,Dispatch
2600,400531,ENROUTE,2025-03-13 14:05:53,Dispatch
2601,400531,ARRIVED,2025-03-13 15:01:53,Dispatch
2602,400531,COMPLETED,2025-03-13 17:23:53,Mobile
2603,400532,CREATED,2025-03-13 20:48:22,Dispatch
2604,400532,ASSIGNED,2025-03-13 23:23:22,Mobile
2605,400532,ENROUTE,2025-03-14 02:59:22,Mobile
2606,400532,ARRIVED,2025-03-14 03:31:22,Mobile
2607,400532,COMPLETED,2025-03-14 11:19:22,Mobile
2608,400533,CREATED,2025-03-14 05:52:58,Dispatch
2609,400533,ASSIGNED,2025-03-14 09:11:58,Dispatch
2610,400533,ENROUTE,2025-03-14 09:58:58,CRM
2611,400533,ARRIVED,2025-03-14 10:43:58,Mobile
2612,400533,COMPLETED,2025-03-14 18:53:58,Mobile
2613,400534,CREATED,2025-03-14 05:54:18,Dispatch
2614,400534,ASSIGNED,2025-03-14 06:50:18,Dispatch
2615,400534,ENROUTE,2025-03-14 14:09:18,Mobile
2616,400534,ARRIVED,2025-03-14 16:48:18,Dispatch
2617,400534,COMPLETED,2025-03-14 18:46:18,Mobile
2618,400535,CREATED,2025-03-14 06:21:17,CRM
2619,400535,ASSIGNED,2025-03-14 07:50:17,Dispatch
2620,400535,ENROUTE,2025-03-14 13:01:17,Mobile
2621,400535,ARRIVED,2025-03-14 14:40:17,Dispatch
2622,400535,COMPLETED,2025-03-14 19:46:17,Mobile
2623,400536,CREATED,2025-03-14 08:12:17,CRM
2624,400536,ASSIGNED,2025-03-14 10:25:17,Mobile
2625,400536,ENROUTE,2025-03-14 12:12:17,Mobile
2626,400536,ARRIVED,2025-03-14 12:41:17,Mobile
2627,400536,COMPLETED,2025-03-14 22:03:17,Dispatch
2628,400537,CREATED,2025-03-14 11:03:36,Dispatch
2629,400537,ASSIGNED,2025-03-14 12:06:36,Dispatch
2630,400537,ENROUTE,2025-03-14 14:06:36,Dispatch
2631,400537,ARRIVED,2025-03-14 16:01:36,CRM
2632,400537,COMPLETED,2025-03-14 19:27:36,CRM
2633,400538,CREATED,2025-03-14 11:54:53,Dispatch
2634,400538,ASSIGNED,2025-03-14 13:40:53,Dispatch
2635,400538,ENROUTE,2025-03-14 14:10:53,Mobile
2636,400538,ARRIVED,2025-03-14 15:38:53,Dispatch
2637,400538,COMPLETED,2025-03-14 19:06:53,Dispatch
2638,400539,CREATED,2025-03-14 20:47:03,Dispatch
2639,400539,ASSIGNED,2025-03-14 22:48:03,Mobile
2640,400539,ENROUTE,2025-03-15 06:15:03,Dispatch
2641,400539,ARRIVED,2025-03-15 06:43:03,Mobile
2642,400539,COMPLETED,2025-03-15 08:50:03,Mobile
2643,400540,CREATED,2025-03-15 02:13:14,Dispatch
2644,400540,ASSIGNED,2025-03-15 02:20:14,Dispatch
2645,400540,ENROUTE,2025-03-15 05:02:14,Dispatch
2646,400540,ARRIVED,2025-03-15 06:45:14,Dispatch
2647,400540,COMPLETED,2025-03-15 13:24:14,CRM
2648,400541,CREATED,2025-03-15 03:30:32,Mobile
2649,400541,ASSIGNED,2025-03-15 04:23:32,Mobile
2650,400541,ENROUTE,2025-03-15 08:56:32,Mobile
2651,400541,ARRIVED,2025-03-15 11:50:32,CRM
2652,400541,COMPLETED,2025-03-15 13:40:32,CRM
2653,400542,CREATED,2025-03-15 04:38:36,Dispatch
2654,400542,ASSIGNED,2025-03-15 05:59:36,Dispatch
2655,400542,ENROUTE,2025-03-15 07:56:36,CRM
2656,400542,ARRIVED,2025-03-15 08:24:36,Dispatch
2657,400543,CREATED,2025-03-15 10:26:06,Mobile
2658,400543,ASSIGNED,2025-03-15 14:00:06,Mobile
2659,400543,ENROUTE,2025-03-15 15:58:06,Dispatch
2660,400543,ARRIVED,2025-03-15 17:53:06,Dispatch
2661,400543,COMPLETED,2025-03-16 01:18:06,Mobile
2662,400544,CREATED,2025-03-15 11:43:14,CRM
2663,400544,ASSIGNED,2025-03-15 14:20:14,Mobile
2664,400544,ENROUTE,2025-03-15 21:45:14,Mobile
2665,400544,ARRIVED,2025-03-15 21:25:14,Mobile
2666,400544,COMPLETED,2025-03-16 04:15:14,Dispatch
2667,400545,CREATED,2025-03-15 15:18:03,Dispatch
2668,400545,ASSIGNED,2025-03-15 18:06:03,Mobile
2669,400545,ENROUTE,2025-03-15 18:43:03,Mobile
2670,400545,ARRIVED,2025-03-15 19:26:03,Dispatch
2671,400546,CREATED,2025-03-15 16:18:48,Mobile
2672,400546,ASSIGNED,2025-03-15 18:54:48,Mobile
2673,400546,ENROUTE,2025-03-15 23:39:48,Mobile
2674,400546,ARRIVED,2025-03-16 02:17:48,Mobile
2675,400546,COMPLETED,2025-03-16 04:41:48,CRM
2676,400547,CREATED,2025-03-15 17:36:37,Dispatch
2677,400547,ASSIGNED,2025-03-15 20:27:37,Mobile
2678,400547,ENROUTE,2025-03-15 22:12:37,Dispatch
2679,400547,ARRIVED,2025-03-16 00:37:37,Dispatch
2680,400547,COMPLETED,2025-03-16 06:14:37,Mobile
2681,400548,CREATED,2025-03-15 19:42:44,Dispatch
2682,400548,ASSIGNED,2025-03-15 19:58:44,Dispatch
2683,400548,ENROUTE,2025-03-16 03:46:44,Dispatch
2684,400548,ARRIVED,2025-03-16 06:10:44,Mobile
2685,400548,COMPLETED,2025-03-16 14:05:44,Dispatch
2686,400549,CREATED,2025-03-16 01:21:14,Dispatch
2687,400549,ASSIGNED,2025-03-16 04:41:14,Mobile
2688,400549,ENROUTE,2025-03-16 10:38:14,Dispatch
2689,400549,ARRIVED,2025-03-16 11:11:14,Mobile
2690,400549,COMPLETED,2025-03-16 19:30:14,CRM
2691,400550,CREATED,2025-03-16 08:46:42,Mobile
2692,400550,ASSIGNED,2025-03-16 12:10:42,Dispatch
2693,400550,ENROUTE,2025-03-16 14:46:42,Dispatch
2694,400550,ARRIVED,2025-03-16 15:03:42,Mobile
2695,400550,COMPLETED,2025-03-16 15:48:42,Dispatch
2696,400551,CREATED,2025-03-16 09:09:03,Dispatch
2697,400551,ASSIGNED,2025-03-16 10:26:03,Mobile
2698,400551,ENROUTE,2025-03-16 13:28:03,Dispatch
2699,400551,ARRIVED,2025-03-16 14:31:03,Dispatch
2700,400552,CREATED,2025-03-16 20:21:33,CRM
2701,400552,ASSIGNED,2025-03-16 21:35:33,CRM
2702,400552,ENROUTE,2025-03-17 02:40:33,Mobile
2703,400552,ARRIVED,2025-03-17 03:11:33,CRM
2704,400552,COMPLETED,2025-03-17 09:49:33,Dispatch
2705,400553,CREATED,2025-03-16 21:47:44,Dispatch
2706,400553,ASSIGNED,2025-03-16 21:56:44,Mobile
2707,400553,ENROUTE,2025-03-17 00:24:44,Mobile
2708,400553,ARRIVED,2025-03-17 01:51:44,Dispatch
2709,400553,COMPLETED,2025-03-17 06:25:44,CRM
2710,400554,CREATED,2025-03-17 01:30:31,Mobile
2711,400554,ASSIGNED,2025-03-17 04:18:31,Dispatch
2712,400554,ENROUTE,2025-03-17 07:41:31,Mobile
2713,400554,ARRIVED,2025-03-17 08:25:31,Dispatch
2714,400554,COMPLETED,2025-03-17 15:38:31,Dispatch
2715,400555,CREATED,2025-03-17 07:20:32,Mobile
2716,400555,ASSIGNED,2025-03-17 10:29:32,Dispatch
2717,400555,ENROUTE,2025-03-17 16:11:32,Mobile
2718,400555,ARRIVED,2025-03-17 16:32:32,Dispatch
2719,400555,COMPLETED,2025-03-17 20:03:32,Dispatch
2720,400556,CREATED,2025-03-17 11:53:24,Mobile
2721,400556,ASSIGNED,2025-03-17 14:38:24,Dispatch
2722,400556,ENROUTE,2025-03-17 21:21:24,Dispatch
2723,400556,ARRIVED,2025-03-17 21:49:24,Dispatch
2724,400557,CREATED,2025-03-17 12:28:02,Mobile
2725,400557,ASSIGNED,2025-03-17 15:07:02,Dispatch
2726,400557,ENROUTE,2025-03-17 15:40:02,CRM
2727,400557,ARRIVED,2025-03-17 16:23:02,Mobile
2728,400558,CREATED,2025-03-17 14:04:09,Mobile
2729,400558,ASSIGNED,2025-03-17 17:29:09,Dispatch
2730,400558,ENROUTE,2025-03-17 21:15:09,Dispatch
2731,400558,ARRIVED,2025-03-17 21:34:09,Mobile
2732,400558,COMPLETED,2025-03-18 03:58:09,Mobile
2733,400559,CREATED,2025-03-17 15:01:41,Mobile
2734,400559,ASSIGNED,2025-03-17 15:34:41,Mobile
2735,400559,ENROUTE,2025-03-17 16:50:41,Dispatch
2736,400559,ARRIVED,2025-03-17 18:32:41,Dispatch
2737,400559,COMPLETED,2025-03-18 03:02:41,Mobile
2738,400560,CREATED,2025-03-17 21:37:07,CRM
2739,400560,ASSIGNED,2025-03-18 00:26:07,Mobile
2740,400560,ENROUTE,2025-03-18 04:00:07,Dispatch
2741,400560,ARRIVED,2025-03-18 06:18:07,Mobile
2742,400561,CREATED,2025-03-17 22:25:23,Dispatch
2743,400561,ASSIGNED,2025-03-18 00:05:23,CRM
2744,400561,ENROUTE,2025-03-18 02:07:23,Mobile
2745,400561,ARRIVED,2025-03-18 04:18:23,Mobile
2746,400561,COMPLETED,2025-03-18 06:22:23,Mobile
2747,400562,CREATED,2025-03-17 22:30:03,Dispatch
2748,400562,ASSIGNED,2025-03-18 01:35:03,Mobile
2749,400562,ENROUTE,2025-03-18 05:37:03,Mobile
2750,400562,ARRIVED,2025-03-18 06:54:03,Dispatch
2751,400563,CREATED,2025-03-17 23:35:41,Dispatch
2752,400563,ASSIGNED,2025-03-18 01:34:41,Mobile
2753,400563,ENROUTE,2025-03-18 09:13:41,CRM
2754,400563,ARRIVED,2025-03-18 11:53:41,Mobile
2755,400563,COMPLETED,2025-03-18 21:45:41,CRM
2756,400564,CREATED,2025-03-18 02:15:54,Mobile
2757,400564,ASSIGNED,2025-03-18 05:48:54,Dispatch
2758,400564,ENROUTE,2025-03-18 07:05:54,Dispatch
2759,400564,ARRIVED,2025-03-18 09:30:54,Mobile
2760,400564,COMPLETED,2025-03-18 11:27:54,Mobile
2761,400565,CREATED,2025-03-18 08:49:07,Dispatch
2762,400565,ASSIGNED,2025-03-18 10:03:07,CRM
2763,400565,ENROUTE,2025-03-18 16:13:07,Mobile
2764,400565,ARRIVED,2025-03-18 17:29:07,Mobile
2765,400565,COMPLETED,2025-03-18 22:36:07,Dispatch
2766,400566,CREATED,2025-03-18 09:11:42,Mobile
2767,400566,ASSIGNED,2025-03-18 10:38:42,Dispatch
2768,400566,ENROUTE,2025-03-18 10:57:42,CRM
2769,400566,ARRIVED,2025-03-18 13:04:42,CRM
2770,400566,COMPLETED,2025-03-18 13:40:42,CRM
2771,400567,CREATED,2025-03-18 18:05:31,Mobile
2772,400567,ASSIGNED,2025-03-18 19:22:31,Dispatch
2773,400567,ENROUTE,2025-03-18 22:04:31,CRM
2774,400567,ARRIVED,2025-03-18 23:47:31,Mobile
2775,400567,COMPLETED,2025-03-19 01:20:31,Dispatch
2776,400568,CREATED,2025-03-18 19:47:56,Dispatch
2777,400568,ASSIGNED,2025-03-18 21:33:56,Mobile
2778,400568,ENROUTE,2025-03-19 02:59:56,Mobile
2779,400568,ARRIVED,2025-03-19 03:16:56,Dispatch
2780,400568,COMPLETED,2025-03-19 06:47:56,Mobile
2781,400569,CREATED,2025-03-18 23:24:02,Dispatch
2782,400569,ASSIGNED,2025-03-19 01:23:02,CRM
2783,400569,ENROUTE,2025-03-19 01:48:02,Mobile
2784,400569,ARRIVED,2025-03-19 04:26:02,Dispatch
2785,400569,COMPLETED,2025-03-19 08:40:02,Mobile
2786,400570,CREATED,2025-03-18 23:43:43,Dispatch
2787,400570,ASSIGNED,2025-03-19 02:46:43,Dispatch
2788,400570,ENROUTE,2025-03-19 03:15:43,Dispatch
2789,400570,ARRIVED,2025-03-19 03:37:43,Dispatch
2790,400570,COMPLETED,2025-03-19 08:01:43,Mobile
2791,400571,CREATED,2025-03-19 00:17:14,Dispatch
2792,400571,ASSIGNED,2025-03-19 02:51:14,Dispatch
2793,400571,ENROUTE,2025-03-19 04:07:14,Dispatch
2794,400571,ARRIVED,2025-03-19 07:05:14,Dispatch
2795,400571,COMPLETED,2025-03-19 10:24:14,Dispatch
2796,400572,CREATED,2025-03-19 04:01:10,Dispatch
2797,400572,ASSIGNED,2025-03-19 04:17:10,Dispatch
2798,400572,ENROUTE,2025-03-19 09:17:10,CRM
2799,400572,ARRIVED,2025-03-19 09:41:10,Dispatch
2800,400572,COMPLETED,2025-03-19 14:01:10,Mobile
2801,400573,CREATED,2025-03-19 08:47:54,Mobile
2802,400573,ASSIGNED,2025-03-19 11:04:54,Mobile
2803,400573,ENROUTE,2025-03-19 11:48:54,Mobile
2804,400573,ARRIVED,2025-03-19 14:24:54,Dispatch
2805,400573,COMPLETED,2025-03-19 18:24:54,Mobile
2806,400574,CREATED,2025-03-19 15:14:56,Mobile
2807,400574,ASSIGNED,2025-03-19 15:54:56,Dispatch
2808,400574,ENROUTE,2025-03-19 18:30:56,Dispatch
2809,400574,ARRIVED,2025-03-19 21:02:56,Dispatch
2810,400574,COMPLETED,2025-03-20 03:31:56,Dispatch
2811,400574,REOPENED,2025-03-21 03:31:56,Mobile
2812,400574,ASSIGNED,2025-03-21 04:31:56,Dispatch
2813,400574,COMPLETED,2025-03-22 05:31:56,CRM
2814,400575,CREATED,2025-03-19 17:09:40,CRM
2815,400575,ASSIGNED,2025-03-19 18:16:40,Dispatch
2816,400575,ENROUTE,2025-03-20 01:04:40,Mobile
2817,400575,ARRIVED,2025-03-20 02:01:40,Mobile
2818,400575,CANCELLED,2025-03-19 19:16:40,Mobile
2819,400576,CREATED,2025-03-19 17:53:01,Mobile
2820,400576,ASSIGNED,2025-03-19 18:35:01,CRM
2821,400576,ENROUTE,2025-03-19 19:06:01,Dispatch
2822,400576,ARRIVED,2025-03-19 20:06:01,Mobile
2823,400576,COMPLETED,2025-03-19 22:18:01,Dispatch
2824,400577,CREATED,2025-03-19 18:43:31,Dispatch
2825,400577,ASSIGNED,2025-03-19 19:44:31,Dispatch
2826,400577,ENROUTE,2025-03-19 23:21:31,Mobile
2827,400577,ARRIVED,2025-03-20 02:06:31,Mobile
2828,400577,COMPLETED,2025-03-20 06:49:31,CRM
2829,400578,CREATED,2025-03-20 05:13:49,Dispatch
2830,400578,ASSIGNED,2025-03-20 06:31:49,CRM
2831,400578,ENROUTE,2025-03-20 11:47:49,Dispatch
2832,400578,ARRIVED,2025-03-20 12:27:49,Mobile
2833,400578,COMPLETED,2025-03-20 19:52:49,CRM
2834,400579,CREATED,2025-03-20 06:13:37,Dispatch
2835,400579,ASSIGNED,2025-03-20 09:11:37,Mobile
2836,400579,ENROUTE,2025-03-20 11:48:37,Mobile
2837,400579,ARRIVED,2025-03-20 14:40:37,CRM
2838,400579,COMPLETED,2025-03-20 21:24:37,Dispatch
2839,400580,CREATED,2025-03-20 08:54:07,Dispatch
2840,400580,ASSIGNED,2025-03-20 09:51:07,Mobile
2841,400580,ENROUTE,2025-03-20 17:41:07,Mobile
2842,400580,ARRIVED,2025-03-20 19:15:07,Dispatch
2843,400580,CANCELLED,2025-03-20 10:51:07,Mobile
2844,400581,CREATED,2025-03-20 09:35:24,Mobile
2845,400581,ASSIGNED,2025-03-20 09:58:24,Dispatch
2846,400581,ENROUTE,2025-03-20 15:33:24,Mobile
2847,400581,ARRIVED,2025-03-20 17:52:24,Dispatch
2848,400581,COMPLETED,2025-03-21 02:27:24,CRM
2849,400582,CREATED,2025-03-20 10:15:28,Dispatch
2850,400582,ASSIGNED,2025-03-20 12:47:28,Mobile
2851,400582,ENROUTE,2025-03-20 16:11:28,Dispatch
2852,400582,ARRIVED,2025-03-20 16:52:28,Dispatch
2853,400582,COMPLETED,2025-03-21 00:11:28,Dispatch
2854,400583,CREATED,2025-03-20 12:24:21,Dispatch
2855,400583,ASSIGNED,2025-03-20 12:55:21,CRM
2856,400583,ENROUTE,2025-03-20 18:39:21,Mobile
2857,400583,ARRIVED,2025-03-20 20:36:21,Dispatch
2858,400584,CREATED,2025-03-20 16:40:57,CRM
2859,400584,ASSIGNED,2025-03-20 19:29:57,Mobile
2860,400584,ENROUTE,2025-03-21 00:19:57,Dispatch
2861,400584,ARRIVED,2025-03-21 01:55:57,Dispatch
2862,400585,CREATED,2025-03-20 19:10:03,Mobile
2863,400585,ASSIGNED,2025-03-20 20:06:03,Mobile
2864,400585,ENROUTE,2025-03-21 03:59:03,Mobile
2865,400585,ARRIVED,2025-03-21 06:42:03,Dispatch
2866,400585,COMPLETED,2025-03-21 11:54:03,Dispatch
2867,400586,CREATED,2025-03-20 21:03:00,Mobile
2868,400586,ASSIGNED,2025-03-20 23:21:00,CRM
2869,400586,ENROUTE,2025-03-21 04:10:00,Dispatch
2870,400586,ARRIVED,2025-03-21 04:33:00,CRM
2871,400586,COMPLETED,2025-03-21 09:25:00,Dispatch
2872,400587,CREATED,2025-03-21 07:57:20,Mobile
2873,400587,ASSIGNED,2025-03-21 10:23:20,Dispatch
2874,400587,ENROUTE,2025-03-21 13:07:20,Dispatch
2875,400587,ARRIVED,2025-03-21 13:32:20,Mobile
2876,400587,COMPLETED,2025-03-21 14:40:20,Dispatch
2877,400588,CREATED,2025-03-21 15:03:52,Dispatch
2878,400588,ASSIGNED,2025-03-21 16:03:52,Dispatch
2879,400588,ENROUTE,2025-03-21 21:19:52,Dispatch
2880,400588,ARRIVED,2025-03-21 23:13:52,Dispatch
2881,400588,COMPLETED,2025-03-22 00:46:52,Mobile
2882,400589,CREATED,2025-03-21 17:57:19,Mobile
2883,400589,ASSIGNED,2025-03-21 18:42:19,Mobile
2884,400589,ENROUTE,2025-03-22 01:04:19,Mobile
2885,400589,ARRIVED,2025-03-22 03:25:19,Dispatch
2886,400589,COMPLETED,2025-03-22 06:51:19,Mobile
2887,400590,CREATED,2025-03-22 02:31:56,Dispatch
2888,400590,ASSIGNED,2025-03-22 06:20:56,CRM
2889,400590,ENROUTE,2025-03-22 10:29:56,Dispatch
2890,400590,ARRIVED,2025-03-22 13:14:56,Dispatch
2891,400590,COMPLETED,2025-03-22 21:00:56,Mobile
2892,400591,CREATED,2025-03-22 08:11:46,Dispatch
2893,400591,ASSIGNED,2025-03-22 09:45:46,Mobile
2894,400591,ENROUTE,2025-03-22 10:17:46,Mobile
2895,400591,ARRIVED,2025-03-22 10:42:46,CRM
2896,400591,COMPLETED,2025-03-22 15:30:46,Mobile
2897,400592,CREATED,2025-03-22 11:58:19,Dispatch
2898,400592,ASSIGNED,2025-03-22 14:09:19,Dispatch
2899,400592,ENROUTE,2025-03-22 19:47:19,Dispatch
2900,400592,ARRIVED,2025-03-22 22:35:19,Dispatch
2901,400592,COMPLETED,2025-03-23 02:58:19,Dispatch
2902,400593,CREATED,2025-03-22 14:44:58,Mobile
2903,400593,ASSIGNED,2025-03-22 15:35:58,Dispatch
2904,400593,ENROUTE,2025-03-22 20:11:58,Dispatch
2905,400593,ARRIVED,2025-03-22 21:41:58,Dispatch
2906,400593,COMPLETED,2025-03-22 22:14:58,Mobile
2907,400594,CREATED,2025-03-22 17:23:15,Dispatch
2908,400594,ASSIGNED,2025-03-22 18:52:15,Dispatch
2909,400594,ENROUTE,2025-03-22 19:38:15,Dispatch
2910,400594,ARRIVED,2025-03-22 21:05:15,CRM
2911,400594,COMPLETED,2025-03-23 04:58:15,Mobile
2912,400595,CREATED,2025-03-23 12:32:16,Mobile
2913,400595,ASSIGNED,2025-03-23 12:54:16,Dispatch
2914,400595,ENROUTE,2025-03-23 16:38:16,Dispatch
2915,400595,ARRIVED,2025-03-23 19:01:16,Dispatch
2916,400595,COMPLETED,2025-03-24 01:08:16,CRM
2917,400596,CREATED,2025-03-23 13:34:50,Mobile
2918,400596,ASSIGNED,2025-03-23 15:56:50,Dispatch
2919,400596,ENROUTE,2025-03-23 18:49:50,Mobile
2920,400596,ARRIVED,2025-03-23 19:25:50,Mobile
2921,400596,COMPLETED,2025-03-24 00:35:50,Dispatch
2922,400597,CREATED,2025-03-23 13:56:40,Dispatch
2923,400597,ASSIGNED,2025-03-23 16:32:40,Mobile
2924,400597,ENROUTE,2025-03-23 21:56:40,Dispatch
2925,400597,ARRIVED,2025-03-23 23:55:40,CRM
2926,400597,COMPLETED,2025-03-24 00:40:40,Dispatch
2927,400598,CREATED,2025-03-23 15:15:40,Dispatch
2928,400598,ASSIGNED,2025-03-23 18:31:40,Mobile
2929,400598,ENROUTE,2025-03-23 23:12:40,Mobile
2930,400598,ARRIVED,2025-03-24 00:18:40,Dispatch
2931,400598,COMPLETED,2025-03-24 10:05:40,Dispatch
2932,400599,CREATED,2025-03-23 15:44:09,Dispatch
2933,400599,ASSIGNED,2025-03-23 16:03:09,Dispatch
2934,400599,ENROUTE,2025-03-23 17:44:09,Mobile
2935,400599,ARRIVED,2025-03-23 18:27:09,Dispatch
2936,400599,COMPLETED,2025-03-24 01:37:09,Mobile
2937,400600,CREATED,2025-03-23 17:41:28,Dispatch
2938,400600,ASSIGNED,2025-03-23 20:32:28,Mobile
2939,400600,ENROUTE,2025-03-23 20:58:28,CRM
2940,400600,ARRIVED,2025-03-23 22:13:28,Dispatch
2941,400600,COMPLETED,2025-03-23 22:59:28,Dispatch
2942,400601,CREATED,2025-03-23 20:05:06,Dispatch
2943,400601,ASSIGNED,2025-03-23 22:24:06,Dispatch
2944,400601,ENROUTE,2025-03-24 05:16:06,Mobile
2945,400601,ARRIVED,2025-03-24 05:55:06,CRM
2946,400601,COMPLETED,2025-03-24 09:00:06,Dispatch
2947,400602,CREATED,2025-03-24 00:00:22,Mobile
2948,400602,ASSIGNED,2025-03-24 02:34:22,Mobile
2949,400602,ENROUTE,2025-03-24 02:58:22,Mobile
2950,400602,ARRIVED,2025-03-24 04:58:22,Dispatch
2951,400602,COMPLETED,2025-03-24 09:10:22,Mobile
2952,400603,CREATED,2025-03-24 02:27:51,Dispatch
2953,400603,ASSIGNED,2025-03-24 03:12:51,Dispatch
2954,400603,ENROUTE,2025-03-24 10:09:51,CRM
2955,400603,ARRIVED,2025-03-24 12:46:51,Dispatch
2956,400604,CREATED,2025-03-24 08:07:22,Dispatch
2957,400604,ASSIGNED,2025-03-24 08:46:22,Mobile
2958,400604,ENROUTE,2025-03-24 10:42:22,CRM
2959,400604,ARRIVED,2025-03-24 11:07:22,Dispatch
2960,400604,COMPLETED,2025-03-24 19:48:22,Dispatch
2961,400605,CREATED,2025-03-24 20:09:52,Mobile
2962,400605,ASSIGNED,2025-03-24 23:56:52,Dispatch
2963,400605,ENROUTE,2025-03-25 02:28:52,Dispatch
2964,400605,ARRIVED,2025-03-25 04:33:52,Dispatch
2965,400605,COMPLETED,2025-03-25 08:05:52,Mobile
2966,400606,CREATED,2025-03-24 23:34:23,CRM
2967,400606,ASSIGNED,2025-03-25 00:33:23,Mobile
2968,400606,ENROUTE,2025-03-25 06:04:23,Mobile
2969,400606,ARRIVED,2025-03-25 06:14:23,Dispatch
2970,400606,COMPLETED,2025-03-25 13:05:23,Mobile
2971,400607,CREATED,2025-03-25 00:50:11,Dispatch
2972,400607,ASSIGNED,2025-03-25 00:55:11,Mobile
2973,400607,ENROUTE,2025-03-25 02:38:11,Mobile
2974,400607,ARRIVED,2025-03-25 03:49:11,Mobile
2975,400607,COMPLETED,2025-03-25 04:31:11,Mobile
2976,400608,CREATED,2025-03-25 02:43:45,Dispatch
2977,400608,ASSIGNED,2025-03-25 06:36:45,Dispatch
2978,400608,ENROUTE,2025-03-25 13:40:45,Mobile
2979,400608,ARRIVED,2025-03-25 16:04:45,Dispatch
2980,400608,COMPLETED,2025-03-25 21:23:45,CRM
2981,400609,CREATED,2025-03-25 02:57:04,Mobile
2982,400609,ASSIGNED,2025-03-25 04:05:04,Dispatch
2983,400609,ENROUTE,2025-03-25 11:26:04,Dispatch
2984,400609,ARRIVED,2025-03-25 12:27:04,Dispatch
2985,400609,COMPLETED,2025-03-25 22:03:04,Mobile
2986,400610,CREATED,2025-03-25 05:56:55,Mobile
2987,400610,ASSIGNED,2025-03-25 07:48:55,Dispatch
2988,400610,ENROUTE,2025-03-25 14:10:55,CRM
2989,400610,ARRIVED,2025-03-25 15:47:55,Mobile
2990,400610,COMPLETED,2025-03-25 18:45:55,Mobile
2991,400611,CREATED,2025-03-25 06:21:26,Mobile
2992,400611,ASSIGNED,2025-03-25 10:19:26,Dispatch
2993,400611,ENROUTE,2025-03-25 15:28:26,Dispatch
2994,400611,ARRIVED,2025-03-25 17:42:26,Mobile
2995,400611,COMPLETED,2025-03-26 00:18:26,Dispatch
2996,400612,CREATED,2025-03-25 07:25:30,Dispatch
2997,400612,ASSIGNED,2025-03-25 09:54:30,Dispatch
2998,400612,ENROUTE,2025-03-25 13:52:30,Dispatch
2999,400612,ARRIVED,2025-03-25 15:11:30,Dispatch
3000,400612,COMPLETED,2025-03-25 22:34:30,Mobile
3001,400613,CREATED,2025-03-25 20:29:57,Dispatch
3002,400613,ASSIGNED,2025-03-25 23:27:57,Dispatch
3003,400613,ENROUTE,2025-03-26 03:38:57,CRM
3004,400613,ARRIVED,2025-03-26 04:16:57,Dispatch
3005,400614,CREATED,2025-03-25 21:54:07,Dispatch
3006,400614,ASSIGNED,2025-03-26 01:37:07,Dispatch
3007,400614,ENROUTE,2025-03-26 08:52:07,CRM
3008,400614,ARRIVED,2025-03-26 10:39:07,Dispatch
3009,400614,CANCELLED,2025-03-26 02:37:07,Dispatch
3010,400615,CREATED,2025-03-25 23:11:49,Mobile
3011,400615,ASSIGNED,2025-03-25 23:24:49,Dispatch
3012,400615,ENROUTE,2025-03-26 00:45:49,CRM
3013,400615,ARRIVED,2025-03-26 03:09:49,Dispatch
3014,400615,COMPLETED,2025-03-26 11:42:49,Mobile
3015,400616,CREATED,2025-03-25 23:40:22,Mobile
3016,400616,ASSIGNED,2025-03-25 23:47:22,Dispatch
3017,400616,ENROUTE,2025-03-26 03:28:22,Dispatch
3018,400616,ARRIVED,2025-03-26 03:40:22,CRM
3019,400616,COMPLETED,2025-03-26 05:58:22,Dispatch
3020,400617,CREATED,2025-03-26 06:05:15,Mobile
3021,400617,ASSIGNED,2025-03-26 06:17:15,Mobile
3022,400617,ENROUTE,2025-03-26 08:19:15,Dispatch
3023,400617,ARRIVED,2025-03-26 09:17:15,Mobile
3024,400617,COMPLETED,2025-03-26 12:51:15,Dispatch
3025,400618,CREATED,2025-03-26 07:08:51,Mobile
3026,400618,ASSIGNED,2025-03-26 08:57:51,Dispatch
3027,400618,ENROUTE,2025-03-26 13:02:51,Mobile
3028,400618,ARRIVED,2025-03-26 14:24:51,Dispatch
3029,400618,COMPLETED,2025-03-26 21:46:51,Dispatch
3030,400619,CREATED,2025-03-26 07:21:44,Mobile
3031,400619,ASSIGNED,2025-03-26 08:38:44,Dispatch
3032,400619,ENROUTE,2025-03-26 10:00:44,Dispatch
3033,400619,ARRIVED,2025-03-26 11:17:44,CRM
3034,400619,COMPLETED,2025-03-26 16:01:44,Dispatch
3035,400620,CREATED,2025-03-26 15:55:53,Dispatch
3036,400620,ASSIGNED,2025-03-26 16:07:53,Dispatch
3037,400620,ENROUTE,2025-03-26 19:48:53,Dispatch
3038,400620,ARRIVED,2025-03-26 20:50:53,CRM
3039,400620,COMPLETED,2025-03-27 06:02:53,Mobile
3040,400621,CREATED,2025-03-26 21:41:27,Mobile
3041,400621,ASSIGNED,2025-03-27 00:56:27,CRM
3042,400621,ENROUTE,2025-03-27 05:24:27,Dispatch
3043,400621,ARRIVED,2025-03-27 05:58:27,Dispatch
3044,400621,COMPLETED,2025-03-27 13:28:27,Mobile
3045,400622,CREATED,2025-03-27 08:09:53,Dispatch
3046,400622,ASSIGNED,2025-03-27 11:54:53,Dispatch
3047,400622,ENROUTE,2025-03-27 18:40:53,Mobile
3048,400622,ARRIVED,2025-03-27 21:06:53,Dispatch
3049,400623,CREATED,2025-03-27 08:33:05,Dispatch
3050,400623,ASSIGNED,2025-03-27 09:36:05,Dispatch
3051,400623,ENROUTE,2025-03-27 10:31:05,Dispatch
3052,400623,ARRIVED,2025-03-27 12:52:05,Mobile
3053,400623,COMPLETED,2025-03-27 20:27:05,CRM
3054,400624,CREATED,2025-03-27 11:15:01,Mobile
3055,400624,ASSIGNED,2025-03-27 13:39:01,Dispatch
3056,400624,ENROUTE,2025-03-27 15:30:01,Dispatch
3057,400624,ARRIVED,2025-03-27 17:37:01,Mobile
3058,400625,CREATED,2025-03-27 13:26:20,Dispatch
3059,400625,ASSIGNED,2025-03-27 16:08:20,Mobile
3060,400625,ENROUTE,2025-03-27 23:19:20,Dispatch
3061,400625,ARRIVED,2025-03-28 00:57:20,Mobile
3062,400625,COMPLETED,2025-03-28 05:36:20,Dispatch
3063,400626,CREATED,2025-03-27 17:07:34,Mobile
3064,400626,ASSIGNED,2025-03-27 20:11:34,Dispatch
3065,400626,ENROUTE,2025-03-28 02:24:34,Dispatch
3066,400626,ARRIVED,2025-03-28 04:11:34,CRM
3067,400626,COMPLETED,2025-03-28 11:00:34,Dispatch
3068,400627,CREATED,2025-03-28 06:57:56,Mobile
3069,400627,ASSIGNED,2025-03-28 08:16:56,Dispatch
3070,400627,ENROUTE,2025-03-28 13:32:56,CRM
3071,400627,ARRIVED,2025-03-28 15:24:56,Dispatch
3072,400627,COMPLETED,2025-03-28 16:17:56,Dispatch
3073,400628,CREATED,2025-03-28 07:17:38,Dispatch
3074,400628,ASSIGNED,2025-03-28 07:59:38,Mobile
3075,400628,ENROUTE,2025-03-28 11:12:38,CRM
3076,400628,ARRIVED,2025-03-28 12:38:38,Dispatch
3077,400628,COMPLETED,2025-03-28 21:45:38,Dispatch
3078,400629,CREATED,2025-03-28 08:17:30,Mobile
3079,400629,ASSIGNED,2025-03-28 10:00:30,CRM
3080,400629,ENROUTE,2025-03-28 16:23:30,Mobile
3081,400629,ARRIVED,2025-03-28 18:45:30,Mobile
3082,400629,CANCELLED,2025-03-28 11:00:30,Mobile
3083,400630,CREATED,2025-03-28 09:41:43,Mobile
3084,400630,ASSIGNED,2025-03-28 12:45:43,Mobile
3085,400630,ENROUTE,2025-03-28 15:39:43,Dispatch
3086,400630,ARRIVED,2025-03-28 18:24:43,Mobile
3087,400630,COMPLETED,2025-03-28 20:33:43,Dispatch
3088,400631,CREATED,2025-03-28 09:57:00,Mobile
3089,400631,ASSIGNED,2025-03-28 11:39:00,Mobile
3090,400631,ENROUTE,2025-03-28 19:31:00,Mobile
3091,400631,ARRIVED,2025-03-28 20:31:00,Dispatch
3092,400631,COMPLETED,2025-03-28 21:56:00,Mobile
3093,400632,CREATED,2025-03-28 11:40:43,Dispatch
3094,400632,ASSIGNED,2025-03-28 14:52:43,Dispatch
3095,400632,ENROUTE,2025-03-28 18:49:43,Mobile
3096,400632,ARRIVED,2025-03-28 19:00:43,Mobile
3097,400632,COMPLETED,2025-03-29 03:16:43,Mobile
3098,400633,CREATED,2025-03-28 12:24:32,Dispatch
3099,400633,ASSIGNED,2025-03-28 14:26:32,Dispatch
3100,400633,ENROUTE,2025-03-28 21:25:32,Mobile
3101,400633,ARRIVED,2025-03-28 22:24:32,Dispatch
3102,400633,CANCELLED,2025-03-28 15:26:32,Dispatch
3103,400634,CREATED,2025-03-28 15:13:07,Dispatch
3104,400634,ASSIGNED,2025-03-28 18:18:07,Dispatch
3105,400634,ENROUTE,2025-03-29 02:00:07,Mobile
3106,400634,ARRIVED,2025-03-29 04:53:07,Dispatch
3107,400634,COMPLETED,2025-03-29 09:01:07,CRM
3108,400635,CREATED,2025-03-28 17:58:20,Mobile
3109,400635,ASSIGNED,2025-03-28 20:41:20,Mobile
3110,400635,ENROUTE,2025-03-28 21:19:20,Mobile
3111,400635,ARRIVED,2025-03-28 21:44:20,Dispatch
3112,400635,COMPLETED,2025-03-29 01:49:20,Dispatch
3113,400636,CREATED,2025-03-28 18:45:11,Mobile
3114,400636,ASSIGNED,2025-03-28 19:08:11,Dispatch
3115,400636,ENROUTE,2025-03-29 00:38:11,Mobile
3116,400636,ARRIVED,2025-03-29 02:19:11,Dispatch
3117,400637,CREATED,2025-03-28 21:11:50,Mobile
3118,400637,ASSIGNED,2025-03-28 23:03:50,Mobile
3119,400637,ENROUTE,2025-03-29 01:14:50,Dispatch
3120,400637,ARRIVED,2025-03-29 01:37:50,Dispatch
3121,400637,COMPLETED,2025-03-29 05:47:50,Dispatch
3122,400638,CREATED,2025-03-28 22:11:12,Mobile
3123,400638,ASSIGNED,2025-03-28 23:36:12,Mobile
3124,400638,ENROUTE,2025-03-29 00:30:12,Mobile
3125,400638,ARRIVED,2025-03-29 00:51:12,Dispatch
3126,400638,COMPLETED,2025-03-29 08:10:12,Dispatch
3127,400639,CREATED,2025-03-29 00:42:10,Mobile
3128,400639,ASSIGNED,2025-03-29 03:33:10,Dispatch
3129,400639,ENROUTE,2025-03-29 06:00:10,Dispatch
3130,400639,ARRIVED,2025-03-29 08:48:10,Dispatch
3131,400639,COMPLETED,2025-03-29 15:27:10,Mobile
3132,400640,CREATED,2025-03-29 09:26:34,CRM
3133,400640,ASSIGNED,2025-03-29 13:10:34,Dispatch
3134,400640,ENROUTE,2025-03-29 14:02:34,Dispatch
3135,400640,ARRIVED,2025-03-29 16:36:34,Mobile
3136,400640,COMPLETED,2025-03-29 17:32:34,Dispatch
3137,400641,CREATED,2025-03-29 09:42:30,CRM
3138,400641,ASSIGNED,2025-03-29 12:39:30,CRM
3139,400641,ENROUTE,2025-03-29 16:29:30,Mobile
3140,400641,ARRIVED,2025-03-29 17:49:30,Mobile
3141,400642,CREATED,2025-03-29 11:39:08,Dispatch
3142,400642,ASSIGNED,2025-03-29 13:22:08,Dispatch
3143,400642,ENROUTE,2025-03-29 15:03:08,Dispatch
3144,400642,ARRIVED,2025-03-29 17:30:08,Mobile
3145,400643,CREATED,2025-03-29 12:27:56,Dispatch
3146,400643,ASSIGNED,2025-03-29 13:53:56,Dispatch
3147,400643,ENROUTE,2025-03-29 14:08:56,Dispatch
3148,400643,ARRIVED,2025-03-29 16:54:56,Mobile
3149,400643,COMPLETED,2025-03-29 19:51:56,Mobile
3150,400644,CREATED,2025-03-29 15:04:46,Dispatch
3151,400644,ASSIGNED,2025-03-29 17:27:46,Dispatch
3152,400644,ENROUTE,2025-03-29 23:34:46,Mobile
3153,400644,ARRIVED,2025-03-30 01:33:46,Mobile
3154,400644,COMPLETED,2025-03-30 04:06:46,Mobile
3155,400645,CREATED,2025-03-29 16:34:49,Dispatch
3156,400645,ASSIGNED,2025-03-29 20:12:49,Dispatch
3157,400645,ENROUTE,2025-03-30 02:04:49,Mobile
3158,400645,ARRIVED,2025-03-30 04:09:49,CRM
3159,400645,COMPLETED,2025-03-30 13:12:49,Dispatch
3160,400646,CREATED,2025-03-29 16:35:58,Dispatch
3161,400646,ASSIGNED,2025-03-29 20:19:58,Mobile
3162,400646,ENROUTE,2025-03-30 02:17:58,Dispatch
3163,400646,ARRIVED,2025-03-30 03:40:58,Mobile
3164,400646,COMPLETED,2025-03-30 08:06:58,Dispatch
3165,400647,CREATED,2025-03-29 18:35:12,Dispatch
3166,400647,ASSIGNED,2025-03-29 18:51:12,Dispatch
3167,400647,ENROUTE,2025-03-29 20:11:12,Dispatch
3168,400647,ARRIVED,2025-03-29 20:25:12,Dispatch
3169,400647,COMPLETED,2025-03-30 01:17:12,Dispatch
3170,400648,CREATED,2025-03-29 18:35:51,Mobile
3171,400648,ASSIGNED,2025-03-29 19:11:51,Dispatch
3172,400648,ENROUTE,2025-03-30 02:34:51,Mobile
3173,400648,ARRIVED,2025-03-30 04:50:51,Mobile
3174,400649,CREATED,2025-03-29 21:57:12,Mobile
3175,400649,ASSIGNED,2025-03-29 23:50:12,Dispatch
3176,400649,ENROUTE,2025-03-30 03:30:12,Mobile
3177,400649,ARRIVED,2025-03-30 05:56:12,Dispatch
3178,400649,CANCELLED,2025-03-30 00:50:12,Dispatch
3179,400650,CREATED,2025-03-30 01:20:13,Mobile
3180,400650,ASSIGNED,2025-03-30 04:01:13,Dispatch
3181,400650,ENROUTE,2025-03-30 07:35:13,Dispatch
3182,400650,ARRIVED,2025-03-30 08:14:13,Dispatch
3183,400650,COMPLETED,2025-03-30 16:26:13,Mobile
3184,400651,CREATED,2025-03-30 02:00:09,Dispatch
3185,400651,ASSIGNED,2025-03-30 02:31:09,Dispatch
3186,400651,ENROUTE,2025-03-30 05:34:09,Dispatch
3187,400651,ARRIVED,2025-03-30 08:01:09,Dispatch
3188,400651,COMPLETED,2025-03-30 15:57:09,Mobile
3189,400652,CREATED,2025-03-30 03:37:11,Dispatch
3190,400652,ASSIGNED,2025-03-30 05:40:11,CRM
3191,400652,ENROUTE,2025-03-30 08:59:11,Dispatch
3192,400652,ARRIVED,2025-03-30 10:21:11,Dispatch
3193,400652,COMPLETED,2025-03-30 16:02:11,Dispatch
3194,400653,CREATED,2025-03-30 03:59:04,Mobile
3195,400653,ASSIGNED,2025-03-30 06:22:04,Dispatch
3196,400653,ENROUTE,2025-03-30 10:18:04,Dispatch
3197,400653,ARRIVED,2025-03-30 12:09:04,Dispatch
3198,400653,COMPLETED,2025-03-30 16:07:04,Dispatch
3199,400654,CREATED,2025-03-30 05:50:30,Dispatch
3200,400654,ASSIGNED,2025-03-30 08:45:30,Mobile
3201,400654,ENROUTE,2025-03-30 13:24:30,Dispatch
3202,400654,ARRIVED,2025-03-30 16:20:30,Dispatch
3203,400655,CREATED,2025-03-30 05:57:44,Mobile
3204,400655,ASSIGNED,2025-03-30 07:01:44,Dispatch
3205,400655,ENROUTE,2025-03-30 13:09:44,Mobile
3206,400655,ARRIVED,2025-03-30 15:02:44,Dispatch
3207,400655,COMPLETED,2025-03-31 00:03:44,Mobile
3208,400656,CREATED,2025-03-30 09:26:12,Mobile
3209,400656,ASSIGNED,2025-03-30 12:52:12,Mobile
3210,400656,ENROUTE,2025-03-30 13:33:12,Mobile
3211,400656,ARRIVED,2025-03-30 16:14:12,Mobile
3212,400657,CREATED,2025-03-30 09:45:45,Dispatch
3213,400657,ASSIGNED,2025-03-30 12:56:45,Dispatch
3214,400657,ENROUTE,2025-03-30 13:48:45,Dispatch
3215,400657,ARRIVED,2025-03-30 16:09:45,Dispatch
3216,400657,CANCELLED,2025-03-30 13:56:45,Mobile
3217,400658,CREATED,2025-03-30 12:11:23,Dispatch
3218,400658,ASSIGNED,2025-03-30 15:07:23,Mobile
3219,400658,ENROUTE,2025-03-30 17:43:23,Dispatch
3220,400658,ARRIVED,2025-03-30 18:48:23,Dispatch
3221,400658,COMPLETED,2025-03-30 22:20:23,Mobile
3222,400659,CREATED,2025-03-30 12:27:44,Mobile
3223,400659,ASSIGNED,2025-03-30 12:32:44,Dispatch
3224,400659,ENROUTE,2025-03-30 19:25:44,Dispatch
3225,400659,ARRIVED,2025-03-30 22:05:44,CRM
3226,400659,COMPLETED,2025-03-31 02:24:44,Dispatch
3227,400660,CREATED,2025-03-30 14:17:27,Dispatch
3228,400660,ASSIGNED,2025-03-30 14:54:27,Dispatch
3229,400660,ENROUTE,2025-03-30 18:32:27,Mobile
3230,400660,ARRIVED,2025-03-30 19:06:27,Dispatch
3231,400660,COMPLETED,2025-03-31 02:14:27,Mobile
3232,400661,CREATED,2025-03-30 16:59:45,Mobile
3233,400661,ASSIGNED,2025-03-30 20:01:45,CRM
3234,400661,ENROUTE,2025-03-30 23:32:45,Mobile
3235,400661,ARRIVED,2025-03-30 23:55:45,Dispatch
3236,400661,COMPLETED,2025-03-31 02:11:45,Mobile
3237,400662,CREATED,2025-03-30 19:35:21,CRM
3238,400662,ASSIGNED,2025-03-30 19:59:21,Mobile
3239,400662,ENROUTE,2025-03-31 03:31:21,Dispatch
3240,400662,ARRIVED,2025-03-31 03:57:21,Mobile
3241,400662,COMPLETED,2025-03-31 06:31:21,Mobile
3242,400663,CREATED,2025-03-30 23:33:21,Mobile
3243,400663,ASSIGNED,2025-03-31 01:42:21,Mobile
3244,400663,ENROUTE,2025-03-31 05:29:21,Dispatch
3245,400663,ARRIVED,2025-03-31 06:10:21,Dispatch
3246,400663,COMPLETED,2025-03-31 12:31:21,Dispatch
3247,400664,CREATED,2025-03-31 01:59:11,Dispatch
3248,400664,ASSIGNED,2025-03-31 05:43:11,Dispatch
3249,400664,ENROUTE,2025-03-31 07:51:11,Dispatch
3250,400664,ARRIVED,2025-03-31 09:33:11,Mobile
3251,400664,COMPLETED,2025-03-31 11:13:11,Dispatch
3252,400665,CREATED,2025-03-31 02:13:49,Dispatch
3253,400665,ASSIGNED,2025-03-31 03:57:49,Dispatch
3254,400665,ENROUTE,2025-03-31 10:25:49,Mobile
3255,400665,ARRIVED,2025-03-31 13:05:49,Mobile
3256,400665,COMPLETED,2025-03-31 13:48:49,Mobile
3257,400666,CREATED,2025-03-31 12:40:44,Dispatch
3258,400666,ASSIGNED,2025-03-31 14:29:44,Dispatch
3259,400666,ENROUTE,2025-03-31 18:33:44,Dispatch
3260,400666,ARRIVED,2025-03-31 20:12:44,Dispatch
3261,400666,COMPLETED,2025-04-01 01:48:44,Dispatch
3262,400667,CREATED,2025-03-31 19:08:00,CRM
3263,400667,ASSIGNED,2025-03-31 22:36:00,Dispatch
3264,400667,ENROUTE,2025-04-01 05:44:00,Dispatch
3265,400667,ARRIVED,2025-04-01 06:44:00,Mobile
3266,400667,COMPLETED,2025-04-01 08:59:00,Dispatch
3267,400668,CREATED,2025-03-31 19:37:32,Dispatch
3268,400668,ASSIGNED,2025-03-31 21:04:32,Dispatch
3269,400668,ENROUTE,2025-04-01 01:33:32,Dispatch
3270,400668,ARRIVED,2025-04-01 04:09:32,Dispatch
3271,400668,COMPLETED,2025-04-01 05:01:32,Mobile
3272,400669,CREATED,2025-04-01 02:07:53,Dispatch
3273,400669,ASSIGNED,2025-04-01 04:24:53,Mobile
3274,400669,ENROUTE,2025-04-01 09:14:53,Mobile
3275,400669,ARRIVED,2025-04-01 10:59:53,Dispatch
3276,400669,COMPLETED,2025-04-01 19:08:53,CRM
3277,400670,CREATED,2025-04-01 02:55:34,Mobile
3278,400670,ASSIGNED,2025-04-01 04:39:34,Dispatch
3279,400670,ENROUTE,2025-04-01 05:47:34,Dispatch
3280,400670,ARRIVED,2025-04-01 07:03:34,Mobile
3281,400670,COMPLETED,2025-04-01 13:59:34,Mobile
3282,400671,CREATED,2025-04-01 10:31:39,Mobile
3283,400671,ASSIGNED,2025-04-01 10:45:39,Mobile
3284,400671,ENROUTE,2025-04-01 15:27:39,Mobile
3285,400671,ARRIVED,2025-04-01 18:14:39,Dispatch
3286,400671,COMPLETED,2025-04-01 22:40:39,CRM
3287,400672,CREATED,2025-04-01 22:01:06,Mobile
3288,400672,ASSIGNED,2025-04-01 22:37:06,Dispatch
3289,400672,ENROUTE,2025-04-01 23:20:06,Dispatch
3290,400672,ARRIVED,2025-04-01 23:46:06,Dispatch
3291,400672,COMPLETED,2025-04-02 06:13:06,Mobile
3292,400673,CREATED,2025-04-01 22:36:02,Mobile
3293,400673,ASSIGNED,2025-04-01 23:53:02,Dispatch
3294,400673,ENROUTE,2025-04-02 03:53:02,Dispatch
3295,400673,ARRIVED,2025-04-02 03:33:02,Dispatch
3296,400673,COMPLETED,2025-04-02 08:02:02,Mobile
3297,400674,CREATED,2025-04-02 01:50:48,Mobile
3298,400674,ASSIGNED,2025-04-02 03:29:48,Mobile
3299,400674,ENROUTE,2025-04-02 05:00:48,Mobile
3300,400674,ARRIVED,2025-04-02 05:28:48,Mobile
3301,400674,COMPLETED,2025-04-02 11:39:48,Dispatch
3302,400675,CREATED,2025-04-02 04:01:25,Dispatch
3303,400675,ASSIGNED,2025-04-02 04:47:25,CRM
3304,400675,ENROUTE,2025-04-02 10:59:25,Dispatch
3305,400675,ARRIVED,2025-04-02 12:32:25,CRM
3306,400675,COMPLETED,2025-04-02 14:17:25,Dispatch
3307,400676,CREATED,2025-04-02 05:44:12,Dispatch
3308,400676,ASSIGNED,2025-04-02 08:12:12,Mobile
3309,400676,ENROUTE,2025-04-02 14:35:12,Mobile
3310,400676,ARRIVED,2025-04-02 15:11:12,Dispatch
3311,400676,COMPLETED,2025-04-02 23:18:12,Dispatch
3312,400677,CREATED,2025-04-02 08:35:23,Mobile
3313,400677,ASSIGNED,2025-04-02 11:13:23,Dispatch
3314,400677,ENROUTE,2025-04-02 12:08:23,Mobile
3315,400677,ARRIVED,2025-04-02 12:37:23,CRM
3316,400677,COMPLETED,2025-04-02 16:26:23,Mobile
3317,400678,CREATED,2025-04-03 00:25:47,Mobile
3318,400678,ASSIGNED,2025-04-03 02:45:47,Dispatch
3319,400678,ENROUTE,2025-04-03 06:19:47,Dispatch
3320,400678,ARRIVED,2025-04-03 08:39:47,Mobile
3321,400678,COMPLETED,2025-04-03 12:13:47,Mobile
3322,400679,CREATED,2025-04-03 06:09:30,Dispatch
3323,400679,ASSIGNED,2025-04-03 08:56:30,CRM
3324,400679,ENROUTE,2025-04-03 16:45:30,Mobile
3325,400679,ARRIVED,2025-04-03 18:45:30,Mobile
3326,400679,COMPLETED,2025-04-03 22:55:30,Mobile
3327,400680,CREATED,2025-04-03 09:44:40,Mobile
3328,400680,ASSIGNED,2025-04-03 11:01:40,Dispatch
3329,400680,ENROUTE,2025-04-03 18:28:40,Dispatch
3330,400680,ARRIVED,2025-04-03 18:47:40,Dispatch
3331,400680,COMPLETED,2025-04-04 04:12:40,Dispatch
3332,400681,CREATED,2025-04-03 11:08:52,Mobile
3333,400681,ASSIGNED,2025-04-03 12:40:52,Dispatch
3334,400681,ENROUTE,2025-04-03 14:34:52,Dispatch
3335,400681,ARRIVED,2025-04-03 15:46:52,Dispatch
3336,400681,COMPLETED,2025-04-04 00:55:52,Dispatch
3337,400682,CREATED,2025-04-03 20:19:02,Dispatch
3338,400682,ASSIGNED,2025-04-03 22:27:02,CRM
3339,400682,ENROUTE,2025-04-03 23:06:02,Dispatch
3340,400682,ARRIVED,2025-04-04 00:10:02,CRM
3341,400682,COMPLETED,2025-04-04 06:03:02,Dispatch
3342,400683,CREATED,2025-04-03 21:40:30,CRM
3343,400683,ASSIGNED,2025-04-03 23:19:30,CRM
3344,400683,ENROUTE,2025-04-04 04:40:30,Dispatch
3345,400683,ARRIVED,2025-04-04 05:17:30,Dispatch
3346,400684,CREATED,2025-04-04 00:27:42,Dispatch
3347,400684,ASSIGNED,2025-04-04 01:45:42,Mobile
3348,400684,ENROUTE,2025-04-04 03:07:42,Mobile
3349,400684,ARRIVED,2025-04-04 04:53:42,Dispatch
3350,400685,CREATED,2025-04-04 04:13:27,Dispatch
3351,400685,ASSIGNED,2025-04-04 05:00:27,Dispatch
3352,400685,ENROUTE,2025-04-04 12:54:27,Dispatch
3353,400685,ARRIVED,2025-04-04 14:57:27,Dispatch
3354,400685,COMPLETED,2025-04-04 20:49:27,Mobile
3355,400686,CREATED,2025-04-04 05:03:20,Dispatch
3356,400686,ASSIGNED,2025-04-04 06:52:20,Mobile
3357,400686,ENROUTE,2025-04-04 08:24:20,Mobile
3358,400686,ARRIVED,2025-04-04 10:20:20,Dispatch
3359,400686,COMPLETED,2025-04-04 20:16:20,Mobile
3360,400687,CREATED,2025-04-04 07:42:07,Dispatch
3361,400687,ASSIGNED,2025-04-04 11:01:07,Mobile
3362,400687,ENROUTE,2025-04-04 17:47:07,Dispatch
3363,400687,ARRIVED,2025-04-04 18:59:07,Mobile
3364,400687,COMPLETED,2025-04-04 22:44:07,Dispatch
3365,400688,CREATED,2025-04-04 16:30:35,Dispatch
3366,400688,ASSIGNED,2025-04-04 16:52:35,CRM
3367,400688,ENROUTE,2025-04-04 20:50:35,Dispatch
3368,400688,ARRIVED,2025-04-04 22:57:35,Dispatch
3369,400688,COMPLETED,2025-04-04 23:47:35,Mobile
3370,400689,CREATED,2025-04-04 18:29:01,Dispatch
3371,400689,ASSIGNED,2025-04-04 19:11:01,Mobile
3372,400689,ENROUTE,2025-04-05 02:17:01,Dispatch
3373,400689,ARRIVED,2025-04-05 02:27:01,Dispatch
3374,400689,COMPLETED,2025-04-05 03:40:01,Dispatch
3375,400690,CREATED,2025-04-05 05:17:09,Dispatch
3376,400690,ASSIGNED,2025-04-05 09:08:09,Dispatch
3377,400690,ENROUTE,2025-04-05 11:22:09,Dispatch
3378,400690,ARRIVED,2025-04-05 12:12:09,Dispatch
3379,400690,COMPLETED,2025-04-05 17:23:09,Dispatch
3380,400691,CREATED,2025-04-05 06:28:32,Dispatch
3381,400691,ASSIGNED,2025-04-05 09:28:32,CRM
3382,400691,ENROUTE,2025-04-05 13:06:32,Dispatch
3383,400691,ARRIVED,2025-04-05 15:11:32,Mobile
3384,400691,COMPLETED,2025-04-05 18:27:32,Dispatch
3385,400692,CREATED,2025-04-05 07:15:34,Mobile
3386,400692,ASSIGNED,2025-04-05 07:45:34,CRM
3387,400692,ENROUTE,2025-04-05 10:17:34,Mobile
3388,400692,ARRIVED,2025-04-05 11:14:34,Dispatch
3389,400692,COMPLETED,2025-04-05 17:52:34,Mobile
3390,400693,CREATED,2025-04-05 08:54:37,Mobile
3391,400693,ASSIGNED,2025-04-05 12:06:37,Dispatch
3392,400693,ENROUTE,2025-04-05 16:09:37,Mobile
3393,400693,ARRIVED,2025-04-05 18:00:37,CRM
3394,400693,COMPLETED,2025-04-06 00:23:37,Dispatch
3395,400694,CREATED,2025-04-05 09:17:24,Dispatch
3396,400694,ASSIGNED,2025-04-05 09:59:24,Dispatch
3397,400694,ENROUTE,2025-04-05 14:53:24,Mobile
3398,400694,ARRIVED,2025-04-05 15:20:24,Dispatch
3399,400694,COMPLETED,2025-04-05 20:21:24,Dispatch
3400,400695,CREATED,2025-04-05 10:06:21,CRM
3401,400695,ASSIGNED,2025-04-05 11:36:21,Mobile
3402,400695,ENROUTE,2025-04-05 15:27:21,CRM
3403,400695,ARRIVED,2025-04-05 18:03:21,Mobile
3404,400695,COMPLETED,2025-04-06 00:17:21,Dispatch
3405,400696,CREATED,2025-04-05 19:16:56,Dispatch
3406,400696,ASSIGNED,2025-04-05 19:47:56,Dispatch
3407,400696,ENROUTE,2025-04-05 20:14:56,Dispatch
3408,400696,ARRIVED,2025-04-05 20:53:56,Mobile
3409,400696,COMPLETED,2025-04-06 01:08:56,Mobile
3410,400697,CREATED,2025-04-05 20:50:22,Mobile
3411,400697,ASSIGNED,2025-04-05 21:59:22,Mobile
3412,400697,ENROUTE,2025-04-06 02:22:22,Dispatch
3413,400697,ARRIVED,2025-04-06 03:03:22,CRM
3414,400697,COMPLETED,2025-04-06 06:59:22,Dispatch
3415,400698,CREATED,2025-04-05 23:52:20,Dispatch
3416,400698,ASSIGNED,2025-04-06 00:13:20,Dispatch
3417,400698,ENROUTE,2025-04-06 02:00:20,Dispatch
3418,400698,ARRIVED,2025-04-06 03:25:20,Dispatch
3419,400698,COMPLETED,2025-04-06 08:08:20,Mobile
3420,400699,CREATED,2025-04-06 03:03:15,Dispatch
3421,400699,ASSIGNED,2025-04-06 06:02:15,Dispatch
3422,400699,ENROUTE,2025-04-06 08:45:15,Mobile
3423,400699,ARRIVED,2025-04-06 10:38:15,Mobile
3424,400699,COMPLETED,2025-04-06 12:32:15,Dispatch
3425,400700,CREATED,2025-04-06 05:30:27,Mobile
3426,400700,ASSIGNED,2025-04-06 06:36:27,Dispatch
3427,400700,ENROUTE,2025-04-06 12:47:27,Dispatch
3428,400700,ARRIVED,2025-04-06 14:43:27,Dispatch
3429,400700,COMPLETED,2025-04-06 18:37:27,Dispatch
3430,400701,CREATED,2025-04-06 10:08:57,Dispatch
3431,400701,ASSIGNED,2025-04-06 11:04:57,CRM
3432,400701,ENROUTE,2025-04-06 15:18:57,Mobile
3433,400701,ARRIVED,2025-04-06 16:37:57,Mobile
3434,400701,COMPLETED,2025-04-07 01:09:57,Dispatch
3435,400702,CREATED,2025-04-06 10:59:34,Mobile
3436,400702,ASSIGNED,2025-04-06 13:15:34,Dispatch
3437,400702,ENROUTE,2025-04-06 19:22:34,Dispatch
3438,400702,ARRIVED,2025-04-06 21:52:34,Dispatch
3439,400702,COMPLETED,2025-04-07 04:49:34,Mobile
3440,400703,CREATED,2025-04-06 11:14:43,Dispatch
3441,400703,ASSIGNED,2025-04-06 13:40:43,Dispatch
3442,400703,ENROUTE,2025-04-06 19:57:43,Mobile
3443,400703,ARRIVED,2025-04-06 21:28:43,Dispatch
3444,400703,COMPLETED,2025-04-07 05:03:43,Dispatch
3445,400704,CREATED,2025-04-06 15:20:26,Mobile
3446,400704,ASSIGNED,2025-04-06 18:53:26,Mobile
3447,400704,ENROUTE,2025-04-06 19:36:26,Mobile
3448,400704,ARRIVED,2025-04-06 21:48:26,Mobile
3449,400705,CREATED,2025-04-06 17:48:51,Dispatch
3450,400705,ASSIGNED,2025-04-06 20:42:51,Mobile
3451,400705,ENROUTE,2025-04-07 04:05:51,CRM
3452,400705,ARRIVED,2025-04-07 06:12:51,Dispatch
3453,400705,COMPLETED,2025-04-07 09:49:51,Dispatch
3454,400706,CREATED,2025-04-06 22:02:14,Mobile
3455,400706,ASSIGNED,2025-04-06 23:30:14,Dispatch
3456,400706,ENROUTE,2025-04-07 01:01:14,CRM
3457,400706,ARRIVED,2025-04-07 03:05:14,Dispatch
3458,400706,COMPLETED,2025-04-07 04:00:14,Dispatch
3459,400707,CREATED,2025-04-06 23:46:40,Dispatch
3460,400707,ASSIGNED,2025-04-07 01:04:40,Dispatch
3461,400707,ENROUTE,2025-04-07 04:00:40,Dispatch
3462,400707,ARRIVED,2025-04-07 05:49:40,Mobile
3463,400707,COMPLETED,2025-04-07 11:10:40,Mobile
3464,400708,CREATED,2025-04-07 05:59:07,Dispatch
3465,400708,ASSIGNED,2025-04-07 06:29:07,CRM
3466,400708,ENROUTE,2025-04-07 08:17:07,Dispatch
3467,400708,ARRIVED,2025-04-07 10:09:07,Mobile
3468,400708,COMPLETED,2025-04-07 11:49:07,Dispatch
3469,400709,CREATED,2025-04-07 07:34:28,Dispatch
3470,400709,ASSIGNED,2025-04-07 08:34:28,Dispatch
3471,400709,ENROUTE,2025-04-07 11:41:28,Dispatch
3472,400709,ARRIVED,2025-04-07 13:55:28,Dispatch
3473,400710,CREATED,2025-04-07 09:05:07,Mobile
3474,400710,ASSIGNED,2025-04-07 10:12:07,Mobile
3475,400710,ENROUTE,2025-04-07 15:52:07,Mobile
3476,400710,ARRIVED,2025-04-07 18:26:07,Mobile
3477,400710,COMPLETED,2025-04-08 00:38:07,Dispatch
3478,400711,CREATED,2025-04-07 17:16:24,Dispatch
3479,400711,ASSIGNED,2025-04-07 20:38:24,Dispatch
3480,400711,ENROUTE,2025-04-07 21:30:24,Dispatch
3481,400711,ARRIVED,2025-04-07 23:23:24,Dispatch
3482,400712,CREATED,2025-04-07 19:19:03,Mobile
3483,400712,ASSIGNED,2025-04-07 21:44:03,Mobile
3484,400712,ENROUTE,2025-04-07 23:09:03,Mobile
3485,400712,ARRIVED,2025-04-07 23:50:03,Mobile
3486,400712,COMPLETED,2025-04-08 01:06:03,Dispatch
3487,400713,CREATED,2025-04-07 21:02:21,Mobile
3488,400713,ASSIGNED,2025-04-07 21:28:21,Mobile
3489,400713,ENROUTE,2025-04-07 23:28:21,Dispatch
3490,400713,ARRIVED,2025-04-08 01:06:21,Dispatch
3491,400713,COMPLETED,2025-04-08 04:53:21,Dispatch
3492,400714,CREATED,2025-04-07 22:53:26,Mobile
3493,400714,ASSIGNED,2025-04-08 01:19:26,Dispatch
3494,400714,ENROUTE,2025-04-08 03:58:26,Dispatch
3495,400714,ARRIVED,2025-04-08 05:43:26,Mobile
3496,400714,COMPLETED,2025-04-08 09:28:26,Dispatch
3497,400715,CREATED,2025-04-08 04:08:55,Mobile
3498,400715,ASSIGNED,2025-04-08 05:49:55,CRM
3499,400715,ENROUTE,2025-04-08 11:36:55,CRM
3500,400715,ARRIVED,2025-04-08 13:01:55,Mobile
3501,400716,CREATED,2025-04-08 04:15:48,Dispatch
3502,400716,ASSIGNED,2025-04-08 05:07:48,Dispatch
3503,400716,ENROUTE,2025-04-08 09:53:48,Mobile
3504,400716,ARRIVED,2025-04-08 11:03:48,Mobile
3505,400716,COMPLETED,2025-04-08 12:01:48,Mobile
3506,400717,CREATED,2025-04-08 06:14:08,CRM
3507,400717,ASSIGNED,2025-04-08 09:29:08,Dispatch
3508,400717,ENROUTE,2025-04-08 15:07:08,Mobile
3509,400717,ARRIVED,2025-04-08 15:56:08,CRM
3510,400717,COMPLETED,2025-04-09 00:34:08,CRM
3511,400718,CREATED,2025-04-08 10:29:44,Dispatch
3512,400718,ASSIGNED,2025-04-08 11:13:44,Dispatch
3513,400718,ENROUTE,2025-04-08 17:17:44,Mobile
3514,400718,ARRIVED,2025-04-08 19:20:44,Dispatch
3515,400718,COMPLETED,2025-04-08 22:13:44,CRM
3516,400719,CREATED,2025-04-08 10:54:02,Dispatch
3517,400719,ASSIGNED,2025-04-08 11:34:02,Mobile
3518,400719,ENROUTE,2025-04-08 17:58:02,Dispatch
3519,400719,ARRIVED,2025-04-08 19:01:02,Dispatch
3520,400719,COMPLETED,2025-04-09 04:37:02,Mobile
3521,400720,CREATED,2025-04-08 21:38:18,Dispatch
3522,400720,ASSIGNED,2025-04-08 23:18:18,Dispatch
3523,400720,ENROUTE,2025-04-09 00:59:18,Dispatch
3524,400720,ARRIVED,2025-04-09 02:35:18,CRM
3525,400720,COMPLETED,2025-04-09 08:34:18,Dispatch
3526,400721,CREATED,2025-04-09 00:38:53,Mobile
3527,400721,ASSIGNED,2025-04-09 04:31:53,Mobile
3528,400721,ENROUTE,2025-04-09 06:37:53,Dispatch
3529,400721,ARRIVED,2025-04-09 07:36:53,Dispatch
3530,400722,CREATED,2025-04-09 02:57:20,Mobile
3531,400722,ASSIGNED,2025-04-09 06:41:20,Mobile
3532,400722,ENROUTE,2025-04-09 13:58:20,Mobile
3533,400722,ARRIVED,2025-04-09 15:35:20,Dispatch
3534,400722,COMPLETED,2025-04-09 23:40:20,Dispatch
3535,400723,CREATED,2025-04-09 07:15:48,Mobile
3536,400723,ASSIGNED,2025-04-09 07:55:48,CRM
3537,400723,ENROUTE,2025-04-09 11:08:48,Mobile
3538,400723,ARRIVED,2025-04-09 12:15:48,Dispatch
3539,400724,CREATED,2025-04-09 15:48:09,CRM
3540,400724,ASSIGNED,2025-04-09 17:30:09,Dispatch
3541,400724,ENROUTE,2025-04-10 02:02:09,Mobile
3542,400724,ARRIVED,2025-04-10 01:42:09,Dispatch
3543,400724,COMPLETED,2025-04-10 11:06:09,Mobile
3544,400725,CREATED,2025-04-09 16:59:11,CRM
3545,400725,ASSIGNED,2025-04-09 17:09:11,Dispatch
3546,400725,ENROUTE,2025-04-09 21:27:11,Dispatch
3547,400725,ARRIVED,2025-04-09 23:05:11,Dispatch
3548,400725,COMPLETED,2025-04-10 00:28:11,Dispatch
3549,400726,CREATED,2025-04-09 19:07:16,Dispatch
3550,400726,ASSIGNED,2025-04-09 21:20:16,Mobile
3551,400726,ENROUTE,2025-04-10 01:27:16,Mobile
3552,400726,ARRIVED,2025-04-10 03:58:16,Dispatch
3553,400727,CREATED,2025-04-09 20:06:40,Dispatch
3554,400727,ASSIGNED,2025-04-09 23:54:40,Dispatch
3555,400727,ENROUTE,2025-04-10 01:04:40,Mobile
3556,400727,ARRIVED,2025-04-10 02:42:40,Dispatch
3557,400727,COMPLETED,2025-04-10 06:47:40,Dispatch
3558,400728,CREATED,2025-04-09 20:31:33,Dispatch
3559,400728,ASSIGNED,2025-04-09 21:55:33,Mobile
3560,400728,ENROUTE,2025-04-09 22:11:33,Dispatch
3561,400728,ARRIVED,2025-04-09 22:39:33,Mobile
3562,400728,COMPLETED,2025-04-10 06:33:33,Dispatch
3563,400729,CREATED,2025-04-09 23:38:01,Dispatch
3564,400729,ASSIGNED,2025-04-09 23:59:01,Dispatch
3565,400729,ENROUTE,2025-04-10 03:31:01,Mobile
3566,400729,ARRIVED,2025-04-10 06:09:01,Mobile
3567,400729,COMPLETED,2025-04-10 07:57:01,Dispatch
3568,400730,CREATED,2025-04-10 05:51:22,Mobile
3569,400730,ASSIGNED,2025-04-10 07:40:22,Mobile
3570,400730,ENROUTE,2025-04-10 11:13:22,Mobile
3571,400730,ARRIVED,2025-04-10 14:02:22,Dispatch
3572,400731,CREATED,2025-04-10 10:32:56,Dispatch
3573,400731,ASSIGNED,2025-04-10 11:45:56,Mobile
3574,400731,ENROUTE,2025-04-10 18:35:56,Dispatch
3575,400731,ARRIVED,2025-04-10 21:12:56,Mobile
3576,400731,COMPLETED,2025-04-11 01:25:56,Dispatch
3577,400732,CREATED,2025-04-10 15:27:03,Dispatch
3578,400732,ASSIGNED,2025-04-10 15:35:03,Mobile
3579,400732,ENROUTE,2025-04-10 16:13:03,Mobile
3580,400732,ARRIVED,2025-04-10 17:44:03,CRM
3581,400732,COMPLETED,2025-04-11 01:31:03,Dispatch
3582,400733,CREATED,2025-04-10 19:55:25,Dispatch
3583,400733,ASSIGNED,2025-04-10 21:01:25,Dispatch
3584,400733,ENROUTE,2025-04-10 21:45:25,Mobile
3585,400733,ARRIVED,2025-04-11 00:39:25,Dispatch
3586,400733,COMPLETED,2025-04-11 09:25:25,Dispatch
3587,400734,CREATED,2025-04-10 21:15:35,Mobile
3588,400734,ASSIGNED,2025-04-11 00:47:35,Mobile
3589,400734,ENROUTE,2025-04-11 08:18:35,Dispatch
3590,400734,ARRIVED,2025-04-11 10:42:35,Dispatch
3591,400734,COMPLETED,2025-04-11 12:01:35,Mobile
3592,400735,CREATED,2025-04-11 00:42:21,Dispatch
3593,400735,ASSIGNED,2025-04-11 01:53:21,Dispatch
3594,400735,ENROUTE,2025-04-11 08:27:21,Dispatch
3595,400735,ARRIVED,2025-04-11 10:18:21,Mobile
3596,400735,COMPLETED,2025-04-11 16:47:21,Dispatch
3597,400736,CREATED,2025-04-11 00:57:34,Dispatch
3598,400736,ASSIGNED,2025-04-11 02:38:34,Dispatch
3599,400736,ENROUTE,2025-04-11 08:53:34,Mobile
3600,400736,ARRIVED,2025-04-11 11:31:34,Dispatch
3601,400736,COMPLETED,2025-04-11 19:04:34,Dispatch
3602,400737,CREATED,2025-04-11 08:03:45,Mobile
3603,400737,ASSIGNED,2025-04-11 09:59:45,Dispatch
3604,400737,ENROUTE,2025-04-11 15:50:45,Dispatch
3605,400737,ARRIVED,2025-04-11 18:30:45,Mobile
3606,400737,COMPLETED,2025-04-11 23:27:45,Dispatch
3607,400738,CREATED,2025-04-11 09:37:23,Dispatch
3608,400738,ASSIGNED,2025-04-11 10:01:23,Mobile
3609,400738,ENROUTE,2025-04-11 11:12:23,CRM
3610,400738,ARRIVED,2025-04-11 14:02:23,Dispatch
3611,400738,COMPLETED,2025-04-11 16:50:23,Dispatch
3612,400739,CREATED,2025-04-11 11:30:25,Mobile
3613,400739,ASSIGNED,2025-04-11 11:47:25,Dispatch
3614,400739,ENROUTE,2025-04-11 15:03:25,Dispatch
3615,400739,ARRIVED,2025-04-11 16:09:25,Dispatch
3616,400739,COMPLETED,2025-04-11 22:33:25,CRM
3617,400740,CREATED,2025-04-11 18:10:27,Dispatch
3618,400740,ASSIGNED,2025-04-11 19:16:27,Mobile
3619,400740,ENROUTE,2025-04-11 21:40:27,Mobile
3620,400740,ARRIVED,2025-04-11 23:14:27,Mobile
3621,400740,COMPLETED,2025-04-12 00:40:27,Mobile
3622,400741,CREATED,2025-04-11 19:57:44,Mobile
3623,400741,ASSIGNED,2025-04-11 21:30:44,Dispatch
3624,400741,ENROUTE,2025-04-12 00:25:44,Mobile
3625,400741,ARRIVED,2025-04-12 00:54:44,Dispatch
3626,400741,COMPLETED,2025-04-12 05:18:44,Mobile
3627,400742,CREATED,2025-04-12 02:23:18,Dispatch
3628,400742,ASSIGNED,2025-04-12 04:43:18,Dispatch
3629,400742,ENROUTE,2025-04-12 10:02:18,Dispatch
3630,400742,ARRIVED,2025-04-12 12:07:18,Dispatch
3631,400742,COMPLETED,2025-04-12 21:38:18,Mobile
3632,400743,CREATED,2025-04-12 06:22:50,Mobile
3633,400743,ASSIGNED,2025-04-12 09:38:50,Dispatch
3634,400743,ENROUTE,2025-04-12 11:05:50,Mobile
3635,400743,ARRIVED,2025-04-12 13:42:50,Dispatch
3636,400743,COMPLETED,2025-04-12 17:53:50,Mobile
3637,400744,CREATED,2025-04-12 07:53:12,Dispatch
3638,400744,ASSIGNED,2025-04-12 09:29:12,Dispatch
3639,400744,ENROUTE,2025-04-12 11:36:12,Dispatch
3640,400744,ARRIVED,2025-04-12 13:50:12,Dispatch
3641,400744,COMPLETED,2025-04-12 18:45:12,Dispatch
3642,400745,CREATED,2025-04-12 08:34:10,Dispatch
3643,400745,ASSIGNED,2025-04-12 08:58:10,Dispatch
3644,400745,ENROUTE,2025-04-12 10:56:10,Dispatch
3645,400745,ARRIVED,2025-04-12 12:21:10,Mobile
3646,400745,COMPLETED,2025-04-12 14:27:10,Dispatch
3647,400746,CREATED,2025-04-12 08:37:01,Dispatch
3648,400746,ASSIGNED,2025-04-12 12:00:01,Dispatch
3649,400746,ENROUTE,2025-04-12 14:58:01,Dispatch
3650,400746,ARRIVED,2025-04-12 16:21:01,Mobile
3651,400746,COMPLETED,2025-04-12 19:40:01,Dispatch
3652,400747,CREATED,2025-04-12 11:15:46,Dispatch
3653,400747,ASSIGNED,2025-04-12 13:39:46,Dispatch
3654,400747,ENROUTE,2025-04-12 20:07:46,Dispatch
3655,400747,ARRIVED,2025-04-12 21:28:46,Dispatch
3656,400747,COMPLETED,2025-04-13 01:34:46,Mobile
3657,400748,CREATED,2025-04-12 19:35:50,Mobile
3658,400748,ASSIGNED,2025-04-12 20:18:50,Mobile
3659,400748,ENROUTE,2025-04-13 00:50:50,Dispatch
3660,400748,ARRIVED,2025-04-13 03:21:50,Dispatch
3661,400748,COMPLETED,2025-04-13 09:06:50,Dispatch
3662,400749,CREATED,2025-04-12 22:59:59,Mobile
3663,400749,ASSIGNED,2025-04-13 00:38:59,Dispatch
3664,400749,ENROUTE,2025-04-13 04:40:59,Dispatch
3665,400749,ARRIVED,2025-04-13 06:01:59,Dispatch
3666,400749,COMPLETED,2025-04-13 07:42:59,Mobile
3667,400750,CREATED,2025-04-12 23:13:26,Dispatch
3668,400750,ASSIGNED,2025-04-12 23:22:26,Mobile
3669,400750,ENROUTE,2025-04-13 04:40:26,Mobile
3670,400750,ARRIVED,2025-04-13 05:35:26,Dispatch
3671,400750,COMPLETED,2025-04-13 07:04:26,Dispatch
3672,400751,CREATED,2025-04-12 23:42:07,Dispatch
3673,400751,ASSIGNED,2025-04-13 03:05:07,Dispatch
3674,400751,ENROUTE,2025-04-13 04:14:07,CRM
3675,400751,ARRIVED,2025-04-13 04:28:07,CRM
3676,400751,COMPLETED,2025-04-13 14:20:07,Mobile
3677,400752,CREATED,2025-04-13 00:50:59,Dispatch
3678,400752,ASSIGNED,2025-04-13 03:20:59,Mobile
3679,400752,ENROUTE,2025-04-13 06:47:59,Dispatch
3680,400752,ARRIVED,2025-04-13 07:04:59,Dispatch
3681,400752,COMPLETED,2025-04-13 10:32:59,Mobile
3682,400753,CREATED,2025-04-13 00:58:59,Mobile
3683,400753,ASSIGNED,2025-04-13 01:31:59,Mobile
3684,400753,ENROUTE,2025-04-13 03:15:59,CRM
3685,400753,ARRIVED,2025-04-13 04:17:59,Mobile
3686,400753,COMPLETED,2025-04-13 05:33:59,Mobile
3687,400754,CREATED,2025-04-13 02:20:39,Mobile
3688,400754,ASSIGNED,2025-04-13 02:32:39,CRM
3689,400754,ENROUTE,2025-04-13 04:30:39,Mobile
3690,400754,ARRIVED,2025-04-13 06:56:39,Dispatch
3691,400754,COMPLETED,2025-04-13 10:25:39,Mobile
3692,400755,CREATED,2025-04-13 02:35:22,Dispatch
3693,400755,ASSIGNED,2025-04-13 05:24:22,Mobile
3694,400755,ENROUTE,2025-04-13 08:21:22,Dispatch
3695,400755,ARRIVED,2025-04-13 08:38:22,Mobile
3696,400755,COMPLETED,2025-04-13 10:37:22,Dispatch
3697,400756,CREATED,2025-04-13 04:05:46,Dispatch
3698,400756,ASSIGNED,2025-04-13 06:09:46,Dispatch
3699,400756,ENROUTE,2025-04-13 07:25:46,Mobile
3700,400756,ARRIVED,2025-04-13 09:02:46,Dispatch
3701,400757,CREATED,2025-04-13 06:16:13,Dispatch
3702,400757,ASSIGNED,2025-04-13 10:02:13,Mobile
3703,400757,ENROUTE,2025-04-13 15:34:13,Mobile
3704,400757,ARRIVED,2025-04-13 17:41:13,Mobile
3705,400757,COMPLETED,2025-04-13 20:49:13,Mobile
3706,400758,CREATED,2025-04-13 08:05:53,Dispatch
3707,400758,ASSIGNED,2025-04-13 08:44:53,CRM
3708,400758,ENROUTE,2025-04-13 16:22:53,Dispatch
3709,400758,ARRIVED,2025-04-13 18:26:53,Mobile
3710,400758,COMPLETED,2025-04-14 02:16:53,Dispatch
3711,400759,CREATED,2025-04-13 08:55:23,Dispatch
3712,400759,ASSIGNED,2025-04-13 11:15:23,Dispatch
3713,400759,ENROUTE,2025-04-13 15:08:23,Mobile
3714,400759,ARRIVED,2025-04-13 16:19:23,CRM
3715,400759,COMPLETED,2025-04-14 00:36:23,Dispatch
3716,400760,CREATED,2025-04-13 09:23:13,Dispatch
3717,400760,ASSIGNED,2025-04-13 11:22:13,Mobile
3718,400760,ENROUTE,2025-04-13 12:49:13,Mobile
3719,400760,ARRIVED,2025-04-13 14:27:13,Mobile
3720,400761,CREATED,2025-04-13 11:38:12,Dispatch
3721,400761,ASSIGNED,2025-04-13 12:36:12,Mobile
3722,400761,ENROUTE,2025-04-13 17:39:12,Dispatch
3723,400761,ARRIVED,2025-04-13 20:12:12,Dispatch
3724,400761,COMPLETED,2025-04-14 02:39:12,Mobile
3725,400762,CREATED,2025-04-13 13:55:33,Mobile
3726,400762,ASSIGNED,2025-04-13 15:54:33,Dispatch
3727,400762,ENROUTE,2025-04-13 21:50:33,Mobile
3728,400762,ARRIVED,2025-04-13 23:09:33,Dispatch
3729,400762,COMPLETED,2025-04-14 04:10:33,Dispatch
3730,400763,CREATED,2025-04-13 14:20:15,Dispatch
3731,400763,ASSIGNED,2025-04-13 14:29:15,CRM
3732,400763,ENROUTE,2025-04-13 15:51:15,Mobile
3733,400763,ARRIVED,2025-04-13 17:54:15,Mobile
3734,400763,COMPLETED,2025-04-13 23:20:15,Mobile
3735,400764,CREATED,2025-04-13 16:25:09,Mobile
3736,400764,ASSIGNED,2025-04-13 19:14:09,Mobile
3737,400764,ENROUTE,2025-04-13 22:02:09,Dispatch
3738,400764,ARRIVED,2025-04-13 22:50:09,Dispatch
3739,400764,COMPLETED,2025-04-14 00:19:09,Dispatch
3740,400765,CREATED,2025-04-13 21:39:00,Mobile
3741,400765,ASSIGNED,2025-04-14 01:34:00,Mobile
3742,400765,ENROUTE,2025-04-14 07:59:00,Mobile
3743,400765,ARRIVED,2025-04-14 10:45:00,Dispatch
3744,400765,COMPLETED,2025-04-14 14:44:00,Mobile
3745,400766,CREATED,2025-04-13 22:16:57,Dispatch
3746,400766,ASSIGNED,2025-04-13 22:40:57,Dispatch
3747,400766,ENROUTE,2025-04-14 00:54:57,Mobile
3748,400766,ARRIVED,2025-04-14 03:45:57,Mobile
3749,400766,COMPLETED,2025-04-14 11:10:57,Mobile
3750,400767,CREATED,2025-04-14 03:38:33,Dispatch
3751,400767,ASSIGNED,2025-04-14 03:46:33,Dispatch
3752,400767,ENROUTE,2025-04-14 08:51:33,Dispatch
3753,400767,ARRIVED,2025-04-14 10:36:33,Dispatch
3754,400768,CREATED,2025-04-14 10:46:54,Dispatch
3755,400768,ASSIGNED,2025-04-14 11:00:54,Dispatch
3756,400768,ENROUTE,2025-04-14 13:48:54,Mobile
3757,400768,ARRIVED,2025-04-14 16:23:54,Dispatch
3758,400768,COMPLETED,2025-04-14 23:06:54,Dispatch
3759,400769,CREATED,2025-04-14 19:26:56,Dispatch
3760,400769,ASSIGNED,2025-04-14 19:57:56,Dispatch
3761,400769,ENROUTE,2025-04-14 21:21:56,Mobile
3762,400769,ARRIVED,2025-04-14 22:56:56,Mobile
3763,400769,COMPLETED,2025-04-15 05:05:56,Mobile
3764,400770,CREATED,2025-04-14 20:18:10,CRM
3765,400770,ASSIGNED,2025-04-14 21:56:10,Dispatch
3766,400770,ENROUTE,2025-04-15 01:29:10,Dispatch
3767,400770,ARRIVED,2025-04-15 01:56:10,Dispatch
3768,400770,COMPLETED,2025-04-15 05:46:10,Dispatch
3769,400771,CREATED,2025-04-15 05:16:37,Dispatch
3770,400771,ASSIGNED,2025-04-15 06:24:37,Dispatch
3771,400771,ENROUTE,2025-04-15 10:18:37,Mobile
3772,400771,ARRIVED,2025-04-15 12:46:37,Dispatch
3773,400772,CREATED,2025-04-15 07:59:28,Mobile
3774,400772,ASSIGNED,2025-04-15 11:23:28,Mobile
3775,400772,ENROUTE,2025-04-15 11:49:28,Dispatch
3776,400772,ARRIVED,2025-04-15 14:36:28,Mobile
3777,400772,COMPLETED,2025-04-15 23:28:28,Dispatch
3778,400773,CREATED,2025-04-15 10:01:55,Mobile
3779,400773,ASSIGNED,2025-04-15 11:26:55,Dispatch
3780,400773,ENROUTE,2025-04-15 14:04:55,Dispatch
3781,400773,ARRIVED,2025-04-15 14:57:55,Dispatch
3782,400773,COMPLETED,2025-04-15 17:39:55,Mobile
3783,400774,CREATED,2025-04-15 13:12:37,Mobile
3784,400774,ASSIGNED,2025-04-15 16:29:37,Dispatch
3785,400774,ENROUTE,2025-04-15 20:44:37,Mobile
3786,400774,ARRIVED,2025-04-15 22:04:37,Dispatch
3787,400774,COMPLETED,2025-04-15 23:00:37,Mobile
3788,400775,CREATED,2025-04-15 14:30:46,Mobile
3789,400775,ASSIGNED,2025-04-15 15:29:46,Mobile
3790,400775,ENROUTE,2025-04-15 17:20:46,Dispatch
3791,400775,ARRIVED,2025-04-15 19:01:46,Mobile
3792,400775,COMPLETED,2025-04-16 02:28:46,CRM
3793,400776,CREATED,2025-04-16 01:40:34,Dispatch
3794,400776,ASSIGNED,2025-04-16 04:21:34,Dispatch
3795,400776,ENROUTE,2025-04-16 07:01:34,Mobile
3796,400776,ARRIVED,2025-04-16 08:57:34,Dispatch
3797,400776,CANCELLED,2025-04-16 05:21:34,Dispatch
3798,400777,CREATED,2025-04-16 05:48:27,Dispatch
3799,400777,ASSIGNED,2025-04-16 08:43:27,Mobile
3800,400777,ENROUTE,2025-04-16 13:50:27,Mobile
3801,400777,ARRIVED,2025-04-16 15:27:27,Dispatch
3802,400777,COMPLETED,2025-04-16 18:20:27,CRM
3803,400778,CREATED,2025-04-16 07:11:04,Dispatch
3804,400778,ASSIGNED,2025-04-16 10:20:04,Mobile
3805,400778,ENROUTE,2025-04-16 14:55:04,Dispatch
3806,400778,ARRIVED,2025-04-16 16:22:04,CRM
3807,400778,COMPLETED,2025-04-16 22:07:04,Dispatch
3808,400779,CREATED,2025-04-16 13:10:04,Mobile
3809,400779,ASSIGNED,2025-04-16 13:18:04,Mobile
3810,400779,ENROUTE,2025-04-16 14:07:04,Dispatch
3811,400779,ARRIVED,2025-04-16 16:25:04,Mobile
3812,400779,CANCELLED,2025-04-16 14:18:04,Dispatch
3813,400780,CREATED,2025-04-16 13:31:48,Dispatch
3814,400780,ASSIGNED,2025-04-16 16:17:48,Dispatch
3815,400780,ENROUTE,2025-04-16 17:34:48,Dispatch
3816,400780,ARRIVED,2025-04-16 19:06:48,Dispatch
3817,400780,COMPLETED,2025-04-17 04:37:48,Mobile
3818,400781,CREATED,2025-04-16 15:22:19,Dispatch
3819,400781,ASSIGNED,2025-04-16 17:05:19,Dispatch
3820,400781,ENROUTE,2025-04-16 22:03:19,Dispatch
3821,400781,ARRIVED,2025-04-17 00:02:19,Dispatch
3822,400782,CREATED,2025-04-16 19:45:34,CRM
3823,400782,ASSIGNED,2025-04-16 22:41:34,Dispatch
3824,400782,ENROUTE,2025-04-17 03:35:34,Dispatch
3825,400782,ARRIVED,2025-04-17 04:23:34,Dispatch
3826,400783,CREATED,2025-04-17 01:58:44,Mobile
3827,400783,ASSIGNED,2025-04-17 05:54:44,Mobile
3828,400783,ENROUTE,2025-04-17 08:17:44,Mobile
3829,400783,ARRIVED,2025-04-17 09:47:44,Dispatch
3830,400784,CREATED,2025-04-17 03:37:06,Mobile
3831,400784,ASSIGNED,2025-04-17 05:17:06,Dispatch
3832,400784,ENROUTE,2025-04-17 05:57:06,Mobile
3833,400784,ARRIVED,2025-04-17 08:30:06,Dispatch
3834,400785,CREATED,2025-04-17 04:48:20,Mobile
3835,400785,ASSIGNED,2025-04-17 06:59:20,CRM
3836,400785,ENROUTE,2025-04-17 09:01:20,Dispatch
3837,400785,ARRIVED,2025-04-17 11:27:20,CRM
3838,400785,COMPLETED,2025-04-17 15:06:20,Mobile
3839,400786,CREATED,2025-04-17 06:04:13,Mobile
3840,400786,ASSIGNED,2025-04-17 08:24:13,Dispatch
3841,400786,ENROUTE,2025-04-17 15:15:13,Mobile
3842,400786,ARRIVED,2025-04-17 17:25:13,Mobile
3843,400786,COMPLETED,2025-04-17 23:37:13,Mobile
3844,400787,CREATED,2025-04-17 06:45:58,Dispatch
3845,400787,ASSIGNED,2025-04-17 07:58:58,Dispatch
3846,400787,ENROUTE,2025-04-17 10:59:58,Dispatch
3847,400787,ARRIVED,2025-04-17 11:31:58,CRM
3848,400787,COMPLETED,2025-04-17 12:01:58,Dispatch
3849,400788,CREATED,2025-04-17 08:05:41,Mobile
3850,400788,ASSIGNED,2025-04-17 08:13:41,Dispatch
3851,400788,ENROUTE,2025-04-17 14:45:41,Dispatch
3852,400788,ARRIVED,2025-04-17 17:15:41,Dispatch
3853,400788,CANCELLED,2025-04-17 09:13:41,Dispatch
3854,400789,CREATED,2025-04-17 10:30:00,Dispatch
3855,400789,ASSIGNED,2025-04-17 13:12:00,Mobile
3856,400789,ENROUTE,2025-04-17 17:35:00,Mobile
3857,400789,ARRIVED,2025-04-17 18:33:00,Mobile
3858,400790,CREATED,2025-04-17 13:32:42,Dispatch
3859,400790,ASSIGNED,2025-04-17 17:02:42,Dispatch
3860,400790,ENROUTE,2025-04-17 20:46:42,Dispatch
3861,400790,ARRIVED,2025-04-17 22:02:42,Mobile
3862,400790,COMPLETED,2025-04-18 02:49:42,Dispatch
3863,400791,CREATED,2025-04-17 14:26:25,Mobile
3864,400791,ASSIGNED,2025-04-17 17:28:25,Mobile
3865,400791,ENROUTE,2025-04-17 22:51:25,CRM
3866,400791,ARRIVED,2025-04-17 23:30:25,Mobile
3867,400791,COMPLETED,2025-04-18 03:39:25,Dispatch
3868,400792,CREATED,2025-04-17 14:53:05,Mobile
3869,400792,ASSIGNED,2025-04-17 15:22:05,Dispatch
3870,400792,ENROUTE,2025-04-17 19:18:05,Dispatch
3871,400792,ARRIVED,2025-04-17 19:46:05,Dispatch
3872,400792,COMPLETED,2025-04-18 05:04:05,Mobile
3873,400793,CREATED,2025-04-17 16:39:45,Mobile
3874,400793,ASSIGNED,2025-04-17 17:39:45,Dispatch
3875,400793,ENROUTE,2025-04-17 18:08:45,Mobile
3876,400793,ARRIVED,2025-04-17 21:06:45,Mobile
3877,400793,COMPLETED,2025-04-18 06:14:45,Mobile
3878,400794,CREATED,2025-04-17 20:40:14,Mobile
3879,400794,ASSIGNED,2025-04-17 21:46:14,CRM
3880,400794,ENROUTE,2025-04-18 02:04:14,Mobile
3881,400794,ARRIVED,2025-04-18 02:34:14,Dispatch
3882,400794,COMPLETED,2025-04-18 10:06:14,Mobile
3883,400795,CREATED,2025-04-18 02:07:46,Mobile
3884,400795,ASSIGNED,2025-04-18 06:01:46,Dispatch
3885,400795,ENROUTE,2025-04-18 06:22:46,Dispatch
3886,400795,ARRIVED,2025-04-18 07:40:46,Mobile
3887,400795,COMPLETED,2025-04-18 16:52:46,Dispatch
3888,400796,CREATED,2025-04-18 04:31:36,Mobile
3889,400796,ASSIGNED,2025-04-18 04:48:36,Dispatch
3890,400796,ENROUTE,2025-04-18 09:10:36,Mobile
3891,400796,ARRIVED,2025-04-18 11:50:36,Dispatch
3892,400796,COMPLETED,2025-04-18 13:04:36,Mobile
3893,400797,CREATED,2025-04-18 08:23:28,Dispatch
3894,400797,ASSIGNED,2025-04-18 12:15:28,Dispatch
3895,400797,ENROUTE,2025-04-18 19:54:28,Dispatch
3896,400797,ARRIVED,2025-04-18 20:39:28,Mobile
3897,400797,COMPLETED,2025-04-19 01:49:28,Dispatch
3898,400798,CREATED,2025-04-18 12:42:15,Mobile
3899,400798,ASSIGNED,2025-04-18 13:25:15,CRM
3900,400798,ENROUTE,2025-04-18 16:45:15,Mobile
3901,400798,ARRIVED,2025-04-18 18:37:15,Mobile
3902,400798,COMPLETED,2025-04-18 22:32:15,Mobile
3903,400799,CREATED,2025-04-18 16:04:04,Dispatch
3904,400799,ASSIGNED,2025-04-18 17:34:04,Mobile
3905,400799,ENROUTE,2025-04-18 22:41:04,Dispatch
3906,400799,ARRIVED,2025-04-19 00:30:04,Mobile
3907,400799,COMPLETED,2025-04-19 06:26:04,Dispatch
3908,400800,CREATED,2025-04-18 17:00:09,CRM
3909,400800,ASSIGNED,2025-04-18 17:49:09,Dispatch
3910,400800,ENROUTE,2025-04-19 01:34:09,Dispatch
3911,400800,ARRIVED,2025-04-19 04:16:09,Dispatch
3912,400800,COMPLETED,2025-04-19 11:54:09,Dispatch
3913,400801,CREATED,2025-04-18 22:52:02,Mobile
3914,400801,ASSIGNED,2025-04-18 23:03:02,Dispatch
3915,400801,ENROUTE,2025-04-19 02:44:02,Dispatch
3916,400801,ARRIVED,2025-04-19 05:01:02,Mobile
3917,400801,COMPLETED,2025-04-19 14:04:02,Dispatch
3918,400802,CREATED,2025-04-19 03:22:37,CRM
3919,400802,ASSIGNED,2025-04-19 04:04:37,Dispatch
3920,400802,ENROUTE,2025-04-19 07:14:37,Dispatch
3921,400802,ARRIVED,2025-04-19 10:12:37,Mobile
3922,400802,COMPLETED,2025-04-19 19:45:37,CRM
3923,400803,CREATED,2025-04-19 05:51:48,Mobile
3924,400803,ASSIGNED,2025-04-19 07:47:48,Dispatch
3925,400803,ENROUTE,2025-04-19 11:55:48,Mobile
3926,400803,ARRIVED,2025-04-19 13:13:48,Dispatch
3927,400803,COMPLETED,2025-04-19 23:12:48,CRM
3928,400804,CREATED,2025-04-19 11:52:14,Mobile
3929,400804,ASSIGNED,2025-04-19 13:29:14,Dispatch
3930,400804,ENROUTE,2025-04-19 16:55:14,Mobile
3931,400804,ARRIVED,2025-04-19 17:48:14,Dispatch
3932,400804,CANCELLED,2025-04-19 14:29:14,CRM
3933,400805,CREATED,2025-04-19 13:03:37,CRM
3934,400805,ASSIGNED,2025-04-19 14:58:37,Dispatch
3935,400805,ENROUTE,2025-04-19 19:54:37,Dispatch
3936,400805,ARRIVED,2025-04-19 22:27:37,Mobile
3937,400805,COMPLETED,2025-04-20 02:17:37,Dispatch
3938,400806,CREATED,2025-04-19 13:27:06,Dispatch
3939,400806,ASSIGNED,2025-04-19 13:39:06,Mobile
3940,400806,ENROUTE,2025-04-19 16:24:06,Mobile
3941,400806,ARRIVED,2025-04-19 18:31:06,Dispatch
3942,400806,COMPLETED,2025-04-19 19:54:06,Mobile
3943,400807,CREATED,2025-04-19 14:43:16,Dispatch
3944,400807,ASSIGNED,2025-04-19 16:12:16,Dispatch
3945,400807,ENROUTE,2025-04-19 21:38:16,Mobile
3946,400807,ARRIVED,2025-04-19 22:40:16,Mobile
3947,400807,COMPLETED,2025-04-20 04:30:16,Dispatch
3948,400808,CREATED,2025-04-19 20:00:55,Mobile
3949,400808,ASSIGNED,2025-04-19 22:27:55,Dispatch
3950,400808,ENROUTE,2025-04-20 03:05:55,Dispatch
3951,400808,ARRIVED,2025-04-20 05:03:55,Mobile
3952,400808,COMPLETED,2025-04-20 10:49:55,Dispatch
3953,400809,CREATED,2025-04-19 22:04:36,Dispatch
3954,400809,ASSIGNED,2025-04-20 00:07:36,Mobile
3955,400809,ENROUTE,2025-04-20 02:20:36,Dispatch
3956,400809,ARRIVED,2025-04-20 04:24:36,Mobile
3957,400809,COMPLETED,2025-04-20 11:27:36,Mobile
3958,400810,CREATED,2025-04-20 01:29:20,CRM
3959,400810,ASSIGNED,2025-04-20 02:46:20,Mobile
3960,400810,ENROUTE,2025-04-20 06:07:20,Dispatch
3961,400810,ARRIVED,2025-04-20 07:37:20,Mobile
3962,400810,COMPLETED,2025-04-20 13:09:20,Dispatch
3963,400811,CREATED,2025-04-20 05:22:05,Dispatch
3964,400811,ASSIGNED,2025-04-20 07:11:05,Dispatch
3965,400811,ENROUTE,2025-04-20 09:23:05,Dispatch
3966,400811,ARRIVED,2025-04-20 10:55:05,Mobile
3967,400811,COMPLETED,2025-04-20 16:22:05,Mobile
3968,400812,CREATED,2025-04-20 08:44:04,Mobile
3969,400812,ASSIGNED,2025-04-20 12:15:04,Dispatch
3970,400812,ENROUTE,2025-04-20 13:55:04,Mobile
3971,400812,ARRIVED,2025-04-20 15:16:04,Dispatch
3972,400813,CREATED,2025-04-20 11:54:29,CRM
3973,400813,ASSIGNED,2025-04-20 15:02:29,Dispatch
3974,400813,ENROUTE,2025-04-20 22:43:29,Dispatch
3975,400813,ARRIVED,2025-04-20 23:51:29,CRM
3976,400813,COMPLETED,2025-04-21 04:15:29,CRM
3977,400814,CREATED,2025-04-20 14:43:47,Mobile
3978,400814,ASSIGNED,2025-04-20 16:32:47,Mobile
3979,400814,ENROUTE,2025-04-20 17:17:47,CRM
3980,400814,ARRIVED,2025-04-20 19:14:47,Mobile
3981,400814,COMPLETED,2025-04-20 22:33:47,Mobile
3982,400815,CREATED,2025-04-20 14:50:54,Mobile
3983,400815,ASSIGNED,2025-04-20 18:31:54,Mobile
3984,400815,ENROUTE,2025-04-20 19:59:54,Dispatch
3985,400815,ARRIVED,2025-04-20 21:40:54,Mobile
3986,400815,COMPLETED,2025-04-21 03:42:54,Dispatch
3987,400816,CREATED,2025-04-20 20:34:10,Dispatch
3988,400816,ASSIGNED,2025-04-20 23:41:10,Dispatch
3989,400816,ENROUTE,2025-04-21 00:36:10,Mobile
3990,400816,ARRIVED,2025-04-21 02:29:10,Dispatch
3991,400816,COMPLETED,2025-04-21 05:30:10,Mobile
3992,400817,CREATED,2025-04-20 20:51:07,Dispatch
3993,400817,ASSIGNED,2025-04-21 00:47:07,CRM
3994,400817,ENROUTE,2025-04-21 05:17:07,Dispatch
3995,400817,ARRIVED,2025-04-21 06:11:07,Mobile
3996,400817,COMPLETED,2025-04-21 08:08:07,CRM
3997,400818,CREATED,2025-04-20 21:34:38,Dispatch
3998,400818,ASSIGNED,2025-04-21 00:41:38,Dispatch
3999,400818,ENROUTE,2025-04-21 01:20:38,Dispatch
4000,400818,ARRIVED,2025-04-21 03:10:38,Dispatch
4001,400818,COMPLETED,2025-04-21 07:17:38,Mobile
4002,400819,CREATED,2025-04-20 22:58:21,Mobile
4003,400819,ASSIGNED,2025-04-21 00:57:21,Dispatch
4004,400819,ENROUTE,2025-04-21 02:41:21,Dispatch
4005,400819,ARRIVED,2025-04-21 03:11:21,Mobile
4006,400819,COMPLETED,2025-04-21 09:57:21,Dispatch
4007,400820,CREATED,2025-04-21 04:07:01,Mobile
4008,400820,ASSIGNED,2025-04-21 04:43:01,CRM
4009,400820,ENROUTE,2025-04-21 06:43:01,Mobile
4010,400820,ARRIVED,2025-04-21 07:12:01,Dispatch
4011,400820,COMPLETED,2025-04-21 08:37:01,Mobile
4012,400821,CREATED,2025-04-21 05:34:52,Mobile
4013,400821,ASSIGNED,2025-04-21 08:06:52,Mobile
4014,400821,ENROUTE,2025-04-21 14:21:52,Dispatch
4015,400821,ARRIVED,2025-04-21 16:10:52,Dispatch
4016,400821,COMPLETED,2025-04-21 16:51:52,Dispatch
4017,400822,CREATED,2025-04-21 06:00:33,Mobile
4018,400822,ASSIGNED,2025-04-21 07:31:33,Dispatch
4019,400822,ENROUTE,2025-04-21 09:50:33,Dispatch
4020,400822,ARRIVED,2025-04-21 10:24:33,Dispatch
4021,400822,COMPLETED,2025-04-21 13:33:33,Mobile
4022,400823,CREATED,2025-04-21 12:17:01,Mobile
4023,400823,ASSIGNED,2025-04-21 12:49:01,Dispatch
4024,400823,ENROUTE,2025-04-21 14:24:01,CRM
4025,400823,ARRIVED,2025-04-21 17:12:01,Dispatch
4026,400824,CREATED,2025-04-21 12:46:38,Dispatch
4027,400824,ASSIGNED,2025-04-21 13:49:38,Dispatch
4028,400824,ENROUTE,2025-04-21 16:53:38,Dispatch
4029,400824,ARRIVED,2025-04-21 19:50:38,Mobile
4030,400825,CREATED,2025-04-21 18:34:52,Mobile
4031,400825,ASSIGNED,2025-04-21 19:22:52,Dispatch
4032,400825,ENROUTE,2025-04-21 22:54:52,CRM
4033,400825,ARRIVED,2025-04-22 01:09:52,Mobile
4034,400825,COMPLETED,2025-04-22 05:02:52,Mobile
4035,400826,CREATED,2025-04-22 10:07:26,Mobile
4036,400826,ASSIGNED,2025-04-22 12:49:26,Dispatch
4037,400826,ENROUTE,2025-04-22 17:18:26,Mobile
4038,400826,ARRIVED,2025-04-22 19:04:26,Dispatch
4039,400827,CREATED,2025-04-22 10:46:08,Mobile
4040,400827,ASSIGNED,2025-04-22 14:28:08,Dispatch
4041,400827,ENROUTE,2025-04-22 20:11:08,Mobile
4042,400827,ARRIVED,2025-04-22 21:28:08,Mobile
4043,400827,COMPLETED,2025-04-23 04:41:08,Dispatch
4044,400828,CREATED,2025-04-22 11:38:00,Dispatch
4045,400828,ASSIGNED,2025-04-22 11:54:00,Mobile
4046,400828,ENROUTE,2025-04-22 14:38:00,Mobile
4047,400828,ARRIVED,2025-04-22 16:34:00,Mobile
4048,400828,COMPLETED,2025-04-22 23:45:00,Mobile
4049,400829,CREATED,2025-04-22 14:47:36,Mobile
4050,400829,ASSIGNED,2025-04-22 17:03:36,Mobile
4051,400829,ENROUTE,2025-04-23 00:32:36,Dispatch
4052,400829,ARRIVED,2025-04-23 02:24:36,Dispatch
4053,400829,COMPLETED,2025-04-23 04:33:36,Dispatch
4054,400830,CREATED,2025-04-22 17:39:30,Mobile
4055,400830,ASSIGNED,2025-04-22 19:12:30,Dispatch
4056,400830,ENROUTE,2025-04-22 19:32:30,Dispatch
4057,400830,ARRIVED,2025-04-22 22:19:30,Dispatch
4058,400830,COMPLETED,2025-04-22 23:40:30,CRM
4059,400831,CREATED,2025-04-22 18:21:27,CRM
4060,400831,ASSIGNED,2025-04-22 22:00:27,Mobile
4061,400831,ENROUTE,2025-04-23 04:05:27,Mobile
4062,400831,ARRIVED,2025-04-23 06:48:27,Dispatch
4063,400831,COMPLETED,2025-04-23 14:37:27,Mobile
4064,400832,CREATED,2025-04-23 00:56:27,Dispatch
4065,400832,ASSIGNED,2025-04-23 02:07:27,Dispatch
4066,400832,ENROUTE,2025-04-23 07:47:27,Dispatch
4067,400832,ARRIVED,2025-04-23 08:12:27,Mobile
4068,400832,COMPLETED,2025-04-23 10:17:27,Mobile
4069,400833,CREATED,2025-04-23 08:00:42,Dispatch
4070,400833,ASSIGNED,2025-04-23 09:39:42,Mobile
4071,400833,ENROUTE,2025-04-23 11:20:42,Mobile
4072,400833,ARRIVED,2025-04-23 13:54:42,CRM
4073,400833,COMPLETED,2025-04-23 16:27:42,Dispatch
4074,400834,CREATED,2025-04-23 11:24:28,Dispatch
4075,400834,ASSIGNED,2025-04-23 12:05:28,Mobile
4076,400834,ENROUTE,2025-04-23 13:36:28,Dispatch
4077,400834,ARRIVED,2025-04-23 14:47:28,Dispatch
4078,400834,COMPLETED,2025-04-24 00:17:28,Mobile
4079,400835,CREATED,2025-04-23 17:06:31,Mobile
4080,400835,ASSIGNED,2025-04-23 20:21:31,Dispatch
4081,400835,ENROUTE,2025-04-23 22:40:31,Dispatch
4082,400835,ARRIVED,2025-04-23 23:11:31,Mobile
4083,400836,CREATED,2025-04-24 05:38:58,Dispatch
4084,400836,ASSIGNED,2025-04-24 05:49:58,Dispatch
4085,400836,ENROUTE,2025-04-24 06:55:58,Mobile
4086,400836,ARRIVED,2025-04-24 08:50:58,Mobile
4087,400836,COMPLETED,2025-04-24 13:17:58,Dispatch
4088,400837,CREATED,2025-04-24 06:07:17,Mobile
4089,400837,ASSIGNED,2025-04-24 09:59:17,Mobile
4090,400837,ENROUTE,2025-04-24 11:48:17,Dispatch
4091,400837,ARRIVED,2025-04-24 13:17:17,Mobile
4092,400837,COMPLETED,2025-04-24 22:06:17,Mobile
4093,400838,CREATED,2025-04-24 09:42:45,Mobile
4094,400838,ASSIGNED,2025-04-24 11:51:45,Dispatch
4095,400838,ENROUTE,2025-04-24 14:04:45,Dispatch
4096,400838,ARRIVED,2025-04-24 16:56:45,Mobile
4097,400838,COMPLETED,2025-04-25 02:40:45,Dispatch
4098,400839,CREATED,2025-04-24 11:13:25,Mobile
4099,400839,ASSIGNED,2025-04-24 14:00:25,Dispatch
4100,400839,ENROUTE,2025-04-24 20:59:25,Dispatch
4101,400839,ARRIVED,2025-04-24 21:31:25,Mobile
4102,400839,COMPLETED,2025-04-24 23:58:25,CRM
4103,400840,CREATED,2025-04-24 12:39:00,Dispatch
4104,400840,ASSIGNED,2025-04-24 14:35:00,Mobile
4105,400840,ENROUTE,2025-04-24 17:24:00,Dispatch
4106,400840,ARRIVED,2025-04-24 18:35:00,Dispatch
4107,400840,COMPLETED,2025-04-25 00:21:00,Dispatch
4108,400841,CREATED,2025-04-24 12:55:03,Mobile
4109,400841,ASSIGNED,2025-04-24 13:17:03,Dispatch
4110,400841,ENROUTE,2025-04-24 16:44:03,Mobile
4111,400841,ARRIVED,2025-04-24 17:06:03,Dispatch
4112,400841,COMPLETED,2025-04-24 23:27:03,CRM
4113,400842,CREATED,2025-04-24 13:41:21,Dispatch
4114,400842,ASSIGNED,2025-04-24 15:26:21,Dispatch
4115,400842,ENROUTE,2025-04-24 19:29:21,Mobile
4116,400842,ARRIVED,2025-04-24 19:09:21,Dispatch
4117,400842,COMPLETED,2025-04-24 21:39:21,CRM
4118,400843,CREATED,2025-04-24 15:03:08,Mobile
4119,400843,ASSIGNED,2025-04-24 18:22:08,CRM
4120,400843,ENROUTE,2025-04-24 19:27:08,Dispatch
4121,400843,ARRIVED,2025-04-24 22:19:08,Dispatch
4122,400843,COMPLETED,2025-04-25 06:45:08,Dispatch
4123,400844,CREATED,2025-04-24 17:31:06,Mobile
4124,400844,ASSIGNED,2025-04-24 17:41:06,Mobile
4125,400844,ENROUTE,2025-04-24 23:25:06,Mobile
4126,400844,ARRIVED,2025-04-25 01:42:06,Mobile
4127,400844,COMPLETED,2025-04-25 10:17:06,Dispatch
4128,400845,CREATED,2025-04-24 21:30:18,Dispatch
4129,400845,ASSIGNED,2025-04-24 22:10:18,Dispatch
4130,400845,ENROUTE,2025-04-25 04:45:18,Mobile
4131,400845,ARRIVED,2025-04-25 05:07:18,Dispatch
4132,400845,COMPLETED,2025-04-25 09:53:18,Mobile
4133,400846,CREATED,2025-04-25 03:53:10,Dispatch
4134,400846,ASSIGNED,2025-04-25 04:31:10,Dispatch
4135,400846,ENROUTE,2025-04-25 12:15:10,Dispatch
4136,400846,ARRIVED,2025-04-25 13:28:10,CRM
4137,400846,CANCELLED,2025-04-25 05:31:10,Mobile
4138,400847,CREATED,2025-04-25 12:09:01,Dispatch
4139,400847,ASSIGNED,2025-04-25 15:54:01,Mobile
4140,400847,ENROUTE,2025-04-25 18:20:01,Dispatch
4141,400847,ARRIVED,2025-04-25 18:51:01,Dispatch
4142,400848,CREATED,2025-04-25 12:23:28,Mobile
4143,400848,ASSIGNED,2025-04-25 16:04:28,CRM
4144,400848,ENROUTE,2025-04-25 19:49:28,Dispatch
4145,400848,ARRIVED,2025-04-25 20:05:28,CRM
4146,400848,COMPLETED,2025-04-26 02:46:28,Dispatch
4147,400849,CREATED,2025-04-25 13:55:16,Dispatch
4148,400849,ASSIGNED,2025-04-25 14:10:16,Dispatch
4149,400849,ENROUTE,2025-04-25 19:14:16,Mobile
4150,400849,ARRIVED,2025-04-25 20:09:16,Dispatch
4151,400849,COMPLETED,2025-04-25 22:22:16,Dispatch
4152,400850,CREATED,2025-04-25 14:08:43,Dispatch
4153,400850,ASSIGNED,2025-04-25 15:31:43,Dispatch
4154,400850,ENROUTE,2025-04-25 19:13:43,Dispatch
4155,400850,ARRIVED,2025-04-25 20:31:43,Mobile
4156,400850,COMPLETED,2025-04-26 05:42:43,CRM
4157,400851,CREATED,2025-04-25 15:30:55,CRM
4158,400851,ASSIGNED,2025-04-25 17:15:55,Mobile
4159,400851,ENROUTE,2025-04-25 21:37:55,Dispatch
4160,400851,ARRIVED,2025-04-26 00:31:55,Dispatch
4161,400851,COMPLETED,2025-04-26 09:39:55,Mobile
4162,400852,CREATED,2025-04-25 15:37:04,Dispatch
4163,400852,ASSIGNED,2025-04-25 18:58:04,Dispatch
4164,400852,ENROUTE,2025-04-25 19:39:04,Mobile
4165,400852,ARRIVED,2025-04-25 22:04:04,Dispatch
4166,400852,COMPLETED,2025-04-26 01:26:04,Dispatch
4167,400853,CREATED,2025-04-25 19:06:27,Dispatch
4168,400853,ASSIGNED,2025-04-25 22:40:27,Mobile
4169,400853,ENROUTE,2025-04-26 04:37:27,Mobile
4170,400853,ARRIVED,2025-04-26 05:23:27,Dispatch
4171,400854,CREATED,2025-04-25 19:22:45,Dispatch
4172,400854,ASSIGNED,2025-04-25 21:30:45,Mobile
4173,400854,ENROUTE,2025-04-26 04:48:45,Mobile
4174,400854,ARRIVED,2025-04-26 05:43:45,Dispatch
4175,400854,COMPLETED,2025-04-26 13:27:45,Mobile
4176,400855,CREATED,2025-04-25 20:29:26,CRM
4177,400855,ASSIGNED,2025-04-25 22:10:26,Mobile
4178,400855,ENROUTE,2025-04-25 23:32:26,Dispatch
4179,400855,ARRIVED,2025-04-26 02:19:26,Dispatch
4180,400856,CREATED,2025-04-26 12:56:15,Dispatch
4181,400856,ASSIGNED,2025-04-26 13:53:15,Dispatch
4182,400856,ENROUTE,2025-04-26 18:22:15,Dispatch
4183,400856,ARRIVED,2025-04-26 19:40:15,Dispatch
4184,400856,COMPLETED,2025-04-26 22:49:15,Dispatch
4185,400857,CREATED,2025-04-27 02:15:22,Dispatch
4186,400857,ASSIGNED,2025-04-27 02:34:22,Dispatch
4187,400857,ENROUTE,2025-04-27 04:06:22,Dispatch
4188,400857,ARRIVED,2025-04-27 05:56:22,Dispatch
4189,400857,COMPLETED,2025-04-27 15:22:22,Mobile
4190,400858,CREATED,2025-04-27 02:21:09,Mobile
4191,400858,ASSIGNED,2025-04-27 02:56:09,Mobile
4192,400858,ENROUTE,2025-04-27 06:43:09,Dispatch
4193,400858,ARRIVED,2025-04-27 07:12:09,Dispatch
4194,400858,COMPLETED,2025-04-27 11:40:09,Mobile
4195,400859,CREATED,2025-04-27 07:10:01,Mobile
4196,400859,ASSIGNED,2025-04-27 07:22:01,Dispatch
4197,400859,ENROUTE,2025-04-27 14:56:01,CRM
4198,400859,ARRIVED,2025-04-27 17:50:01,Mobile
4199,400859,CANCELLED,2025-04-27 08:22:01,Dispatch
4200,400860,CREATED,2025-04-27 07:35:54,Dispatch
4201,400860,ASSIGNED,2025-04-27 08:56:54,Mobile
4202,400860,ENROUTE,2025-04-27 09:58:54,Mobile
4203,400860,ARRIVED,2025-04-27 11:55:54,Dispatch
4204,400860,COMPLETED,2025-04-27 19:35:54,Dispatch
4205,400861,CREATED,2025-04-27 08:32:10,CRM
4206,400861,ASSIGNED,2025-04-27 09:55:10,Dispatch
4207,400861,ENROUTE,2025-04-27 12:34:10,Mobile
4208,400861,ARRIVED,2025-04-27 12:55:10,Dispatch
4209,400861,COMPLETED,2025-04-27 15:37:10,Dispatch
4210,400862,CREATED,2025-04-27 08:59:10,Dispatch
4211,400862,ASSIGNED,2025-04-27 10:36:10,CRM
4212,400862,ENROUTE,2025-04-27 14:10:10,Dispatch
4213,400862,ARRIVED,2025-04-27 15:33:10,Dispatch
4214,400862,COMPLETED,2025-04-27 21:10:10,Mobile
4215,400863,CREATED,2025-04-27 10:34:29,Mobile
4216,400863,ASSIGNED,2025-04-27 11:35:29,Mobile
4217,400863,ENROUTE,2025-04-27 15:20:29,Dispatch
4218,400863,ARRIVED,2025-04-27 17:39:29,Dispatch
4219,400863,COMPLETED,2025-04-28 03:23:29,Mobile
4220,400864,CREATED,2025-04-28 06:05:17,Mobile
4221,400864,ASSIGNED,2025-04-28 08:58:17,Dispatch
4222,400864,ENROUTE,2025-04-28 09:45:17,CRM
4223,400864,ARRIVED,2025-04-28 10:35:17,Dispatch
4224,400864,COMPLETED,2025-04-28 20:12:17,Mobile
4225,400865,CREATED,2025-04-28 10:06:01,Mobile
4226,400865,ASSIGNED,2025-04-28 12:58:01,Mobile
4227,400865,ENROUTE,2025-04-28 14:25:01,Mobile
4228,400865,ARRIVED,2025-04-28 17:22:01,Mobile
4229,400866,CREATED,2025-04-28 10:26:00,Dispatch
4230,400866,ASSIGNED,2025-04-28 11:07:00,Dispatch
4231,400866,ENROUTE,2025-04-28 18:16:00,Dispatch
4232,400866,ARRIVED,2025-04-28 19:43:00,Dispatch
4233,400866,COMPLETED,2025-04-29 00:53:00,CRM
4234,400867,CREATED,2025-04-28 10:49:17,CRM
4235,400867,ASSIGNED,2025-04-28 12:23:17,Dispatch
4236,400867,ENROUTE,2025-04-28 15:14:17,Dispatch
4237,400867,ARRIVED,2025-04-28 15:41:17,Mobile
4238,400868,CREATED,2025-04-28 14:52:38,Dispatch
4239,400868,ASSIGNED,2025-04-28 18:00:38,Mobile
4240,400868,ENROUTE,2025-04-28 23:02:38,Mobile
4241,400868,ARRIVED,2025-04-29 01:30:38,Dispatch
4242,400868,COMPLETED,2025-04-29 05:39:38,Dispatch
4243,400869,CREATED,2025-04-28 17:05:46,Mobile
4244,400869,ASSIGNED,2025-04-28 19:50:46,CRM
4245,400869,ENROUTE,2025-04-29 02:52:46,Mobile
4246,400869,ARRIVED,2025-04-29 04:32:46,Dispatch
4247,400869,COMPLETED,2025-04-29 05:09:46,Mobile
4248,400870,CREATED,2025-04-29 16:01:08,Dispatch
4249,400870,ASSIGNED,2025-04-29 18:28:08,Dispatch
4250,400870,ENROUTE,2025-04-29 20:26:08,Mobile
4251,400870,ARRIVED,2025-04-29 22:20:08,Dispatch
4252,400870,COMPLETED,2025-04-30 01:15:08,Mobile
4253,400871,CREATED,2025-04-29 19:44:24,Dispatch
4254,400871,ASSIGNED,2025-04-29 21:26:24,Dispatch
4255,400871,ENROUTE,2025-04-29 21:56:24,Dispatch
4256,400871,ARRIVED,2025-04-30 00:44:24,Dispatch
4257,400871,COMPLETED,2025-04-30 04:43:24,Dispatch
4258,400872,CREATED,2025-04-30 07:51:29,Dispatch
4259,400872,ASSIGNED,2025-04-30 10:06:29,CRM
4260,400872,ENROUTE,2025-04-30 12:21:29,Dispatch
4261,400872,ARRIVED,2025-04-30 13:48:29,CRM
4262,400872,COMPLETED,2025-04-30 22:58:29,Dispatch
4263,400873,CREATED,2025-04-30 08:46:24,Dispatch
4264,400873,ASSIGNED,2025-04-30 11:11:24,Dispatch
4265,400873,ENROUTE,2025-04-30 18:09:24,Mobile
4266,400873,ARRIVED,2025-04-30 19:15:24,Dispatch
4267,400873,COMPLETED,2025-04-30 21:10:24,Dispatch
4268,400874,CREATED,2025-04-30 10:04:21,Mobile
4269,400874,ASSIGNED,2025-04-30 10:57:21,Dispatch
4270,400874,ENROUTE,2025-04-30 13:13:21,Mobile
4271,400874,ARRIVED,2025-04-30 13:46:21,Dispatch
4272,400874,COMPLETED,2025-04-30 15:31:21,Mobile
4273,400875,CREATED,2025-04-30 10:23:51,Mobile
4274,400875,ASSIGNED,2025-04-30 11:29:51,Dispatch
4275,400875,ENROUTE,2025-04-30 17:54:51,Mobile
4276,400875,ARRIVED,2025-04-30 18:14:51,Dispatch
4277,400876,CREATED,2025-04-30 21:54:37,CRM
4278,400876,ASSIGNED,2025-05-01 00:52:37,Dispatch
4279,400876,ENROUTE,2025-05-01 08:36:37,Dispatch
4280,400876,ARRIVED,2025-05-01 10:16:37,Mobile
4281,400877,CREATED,2025-04-30 22:10:55,Dispatch
4282,400877,ASSIGNED,2025-04-30 23:20:55,Mobile
4283,400877,ENROUTE,2025-05-01 00:20:55,Mobile
4284,400877,ARRIVED,2025-05-01 02:23:55,Mobile
4285,400877,COMPLETED,2025-05-01 08:13:55,Dispatch
4286,400878,CREATED,2025-04-30 22:15:11,CRM
4287,400878,ASSIGNED,2025-04-30 23:14:11,Mobile
4288,400878,ENROUTE,2025-04-30 23:47:11,Dispatch
4289,400878,ARRIVED,2025-05-01 02:26:11,Dispatch
4290,400878,COMPLETED,2025-05-01 07:07:11,Mobile
4291,400879,CREATED,2025-05-01 01:10:18,Dispatch
4292,400879,ASSIGNED,2025-05-01 03:24:18,Dispatch
4293,400879,ENROUTE,2025-05-01 08:25:18,Mobile
4294,400879,ARRIVED,2025-05-01 08:42:18,Mobile
4295,400879,COMPLETED,2025-05-01 17:56:18,CRM
4296,400880,CREATED,2025-05-01 06:01:09,Mobile
4297,400880,ASSIGNED,2025-05-01 06:47:09,Mobile
4298,400880,ENROUTE,2025-05-01 09:38:09,Mobile
4299,400880,ARRIVED,2025-05-01 12:14:09,Dispatch
4300,400880,COMPLETED,2025-05-01 15:44:09,Dispatch
4301,400881,CREATED,2025-05-01 07:35:14,Dispatch
4302,400881,ASSIGNED,2025-05-01 10:25:14,Dispatch
4303,400881,ENROUTE,2025-05-01 13:31:14,CRM
4304,400881,ARRIVED,2025-05-01 14:35:14,Dispatch
4305,400882,CREATED,2025-05-01 11:26:37,CRM
4306,400882,ASSIGNED,2025-05-01 14:25:37,CRM
4307,400882,ENROUTE,2025-05-01 22:12:37,Mobile
4308,400882,ARRIVED,2025-05-01 22:42:37,CRM
4309,400882,COMPLETED,2025-05-02 05:12:37,Dispatch
4310,400883,CREATED,2025-05-01 23:53:15,Mobile
4311,400883,ASSIGNED,2025-05-02 00:47:15,Mobile
4312,400883,ENROUTE,2025-05-02 04:40:15,Dispatch
4313,400883,ARRIVED,2025-05-02 05:05:15,Mobile
4314,400883,COMPLETED,2025-05-02 09:15:15,Mobile
4315,400884,CREATED,2025-05-02 06:59:52,Mobile
4316,400884,ASSIGNED,2025-05-02 08:47:52,Dispatch
4317,400884,ENROUTE,2025-05-02 11:51:52,Mobile
4318,400884,ARRIVED,2025-05-02 14:26:52,Mobile
4319,400884,COMPLETED,2025-05-02 23:44:52,Mobile
4320,400885,CREATED,2025-05-02 09:56:21,Dispatch
4321,400885,ASSIGNED,2025-05-02 12:19:21,CRM
4322,400885,ENROUTE,2025-05-02 12:40:21,Dispatch
4323,400885,ARRIVED,2025-05-02 15:29:21,Dispatch
4324,400885,COMPLETED,2025-05-02 17:35:21,Dispatch
4325,400886,CREATED,2025-05-02 10:18:44,Mobile
4326,400886,ASSIGNED,2025-05-02 13:47:44,CRM
4327,400886,ENROUTE,2025-05-02 15:26:44,CRM
4328,400886,ARRIVED,2025-05-02 16:19:44,Dispatch
4329,400886,COMPLETED,2025-05-03 01:54:44,Mobile
4330,400887,CREATED,2025-05-02 16:16:31,Mobile
4331,400887,ASSIGNED,2025-05-02 18:20:31,Dispatch
4332,400887,ENROUTE,2025-05-02 21:05:31,Dispatch
4333,400887,ARRIVED,2025-05-02 23:14:31,Dispatch
4334,400887,COMPLETED,2025-05-03 00:41:31,Mobile
4335,400888,CREATED,2025-05-02 18:15:32,Dispatch
4336,400888,ASSIGNED,2025-05-02 22:13:32,CRM
4337,400888,ENROUTE,2025-05-03 05:03:32,Dispatch
4338,400888,ARRIVED,2025-05-03 05:22:32,Mobile
4339,400888,COMPLETED,2025-05-03 14:48:32,Mobile
4340,400889,CREATED,2025-05-02 19:29:27,Mobile
4341,400889,ASSIGNED,2025-05-02 20:35:27,Mobile
4342,400889,ENROUTE,2025-05-03 02:10:27,Mobile
4343,400889,ARRIVED,2025-05-03 02:28:27,Dispatch
4344,400889,COMPLETED,2025-05-03 10:19:27,Dispatch
4345,400890,CREATED,2025-05-02 23:29:01,Dispatch
4346,400890,ASSIGNED,2025-05-03 00:25:01,Mobile
4347,400890,ENROUTE,2025-05-03 06:57:01,Dispatch
4348,400890,ARRIVED,2025-05-03 07:29:01,Dispatch
4349,400890,COMPLETED,2025-05-03 10:40:01,Dispatch
4350,400891,CREATED,2025-05-03 00:27:00,Mobile
4351,400891,ASSIGNED,2025-05-03 02:54:00,Dispatch
4352,400891,ENROUTE,2025-05-03 07:31:00,Dispatch
4353,400891,ARRIVED,2025-05-03 07:51:00,Dispatch
4354,400892,CREATED,2025-05-03 01:26:40,Dispatch
4355,400892,ASSIGNED,2025-05-03 04:09:40,Mobile
4356,400892,ENROUTE,2025-05-03 06:40:40,Mobile
4357,400892,ARRIVED,2025-05-03 09:28:40,Mobile
4358,400892,COMPLETED,2025-05-03 14:14:40,Dispatch
4359,400893,CREATED,2025-05-03 02:24:49,Dispatch
4360,400893,ASSIGNED,2025-05-03 06:18:49,Dispatch
4361,400893,ENROUTE,2025-05-03 13:33:49,Dispatch
4362,400893,ARRIVED,2025-05-03 16:04:49,Dispatch
4363,400893,COMPLETED,2025-05-03 21:26:49,Dispatch
4364,400894,CREATED,2025-05-03 03:42:58,Mobile
4365,400894,ASSIGNED,2025-05-03 05:21:58,Dispatch
4366,400894,ENROUTE,2025-05-03 08:36:58,Mobile
4367,400894,ARRIVED,2025-05-03 09:11:58,Mobile
4368,400895,CREATED,2025-05-03 04:37:16,Dispatch
4369,400895,ASSIGNED,2025-05-03 06:03:16,Mobile
4370,400895,ENROUTE,2025-05-03 07:53:16,Mobile
4371,400895,ARRIVED,2025-05-03 09:15:16,Dispatch
4372,400896,CREATED,2025-05-03 06:58:11,CRM
4373,400896,ASSIGNED,2025-05-03 07:38:11,Dispatch
4374,400896,ENROUTE,2025-05-03 11:00:11,Dispatch
4375,400896,ARRIVED,2025-05-03 13:08:11,Dispatch
4376,400896,COMPLETED,2025-05-03 22:13:11,Dispatch
4377,400897,CREATED,2025-05-03 07:33:31,Mobile
4378,400897,ASSIGNED,2025-05-03 08:10:31,Mobile
4379,400897,ENROUTE,2025-05-03 13:59:31,Mobile
4380,400897,ARRIVED,2025-05-03 16:49:31,Mobile
4381,400897,CANCELLED,2025-05-03 09:10:31,Dispatch
4382,400898,CREATED,2025-05-03 08:02:02,Mobile
4383,400898,ASSIGNED,2025-05-03 11:11:02,Mobile
4384,400898,ENROUTE,2025-05-03 12:49:02,Mobile
4385,400898,ARRIVED,2025-05-03 13:38:02,Mobile
4386,400898,COMPLETED,2025-05-03 23:31:02,Mobile
4387,400899,CREATED,2025-05-03 08:51:40,Mobile
4388,400899,ASSIGNED,2025-05-03 12:44:40,Mobile
4389,400899,ENROUTE,2025-05-03 16:34:40,Mobile
4390,400899,ARRIVED,2025-05-03 18:43:40,Mobile
4391,400899,COMPLETED,2025-05-03 21:52:40,Dispatch
4392,400900,CREATED,2025-05-03 10:51:22,Mobile
4393,400900,ASSIGNED,2025-05-03 12:02:22,Dispatch
4394,400900,ENROUTE,2025-05-03 15:56:22,Dispatch
4395,400900,ARRIVED,2025-05-03 18:13:22,Mobile
4396,400900,COMPLETED,2025-05-03 21:26:22,Dispatch
4397,400901,CREATED,2025-05-03 16:14:33,Dispatch
4398,400901,ASSIGNED,2025-05-03 18:05:33,Mobile
4399,400901,ENROUTE,2025-05-03 21:17:33,Mobile
4400,400901,ARRIVED,2025-05-03 23:56:33,Dispatch
4401,400901,COMPLETED,2025-05-04 06:20:33,Mobile
4402,400902,CREATED,2025-05-03 19:39:38,Dispatch
4403,400902,ASSIGNED,2025-05-03 21:22:38,Dispatch
4404,400902,ENROUTE,2025-05-04 04:31:38,Dispatch
4405,400902,ARRIVED,2025-05-04 07:19:38,Dispatch
4406,400902,COMPLETED,2025-05-04 13:10:38,Dispatch
4407,400903,CREATED,2025-05-04 02:06:42,Mobile
4408,400903,ASSIGNED,2025-05-04 04:56:42,CRM
4409,400903,ENROUTE,2025-05-04 06:27:42,Mobile
4410,400903,ARRIVED,2025-05-04 08:45:42,Dispatch
4411,400903,COMPLETED,2025-05-04 13:18:42,Dispatch
4412,400904,CREATED,2025-05-04 04:34:13,Mobile
4413,400904,ASSIGNED,2025-05-04 06:07:13,Dispatch
4414,400904,ENROUTE,2025-05-04 07:24:13,Mobile
4415,400904,ARRIVED,2025-05-04 09:35:13,Dispatch
4416,400904,COMPLETED,2025-05-04 14:33:13,Dispatch
4417,400905,CREATED,2025-05-04 04:41:38,Dispatch
4418,400905,ASSIGNED,2025-05-04 08:28:38,Dispatch
4419,400905,ENROUTE,2025-05-04 14:32:38,Mobile
4420,400905,ARRIVED,2025-05-04 15:32:38,Dispatch
4421,400905,COMPLETED,2025-05-05 00:05:38,Dispatch
4422,400906,CREATED,2025-05-04 09:40:03,Mobile
4423,400906,ASSIGNED,2025-05-04 13:04:03,CRM
4424,400906,ENROUTE,2025-05-04 15:06:03,Dispatch
4425,400906,ARRIVED,2025-05-04 17:10:03,Mobile
4426,400906,COMPLETED,2025-05-05 01:27:03,CRM
4427,400907,CREATED,2025-05-04 16:53:58,Dispatch
4428,400907,ASSIGNED,2025-05-04 17:14:58,Dispatch
4429,400907,ENROUTE,2025-05-04 19:16:58,Dispatch
4430,400907,ARRIVED,2025-05-04 22:09:58,Mobile
4431,400907,COMPLETED,2025-05-05 04:30:58,Mobile
4432,400908,CREATED,2025-05-04 22:21:36,CRM
4433,400908,ASSIGNED,2025-05-05 00:37:36,Dispatch
4434,400908,ENROUTE,2025-05-05 07:15:36,Dispatch
4435,400908,ARRIVED,2025-05-05 09:40:36,Dispatch
4436,400908,COMPLETED,2025-05-05 18:29:36,Dispatch
4437,400909,CREATED,2025-05-05 00:26:17,Mobile
4438,400909,ASSIGNED,2025-05-05 01:56:17,Mobile
4439,400909,ENROUTE,2025-05-05 08:49:17,Mobile
4440,400909,ARRIVED,2025-05-05 09:08:17,Dispatch
4441,400909,COMPLETED,2025-05-05 17:38:17,CRM
4442,400910,CREATED,2025-05-05 03:31:03,Dispatch
4443,400910,ASSIGNED,2025-05-05 04:19:03,Mobile
4444,400910,ENROUTE,2025-05-05 07:47:03,Mobile
4445,400910,ARRIVED,2025-05-05 09:29:03,Mobile
4446,400910,COMPLETED,2025-05-05 19:22:03,CRM
4447,400911,CREATED,2025-05-05 05:22:21,Mobile
4448,400911,ASSIGNED,2025-05-05 06:11:21,Mobile
4449,400911,ENROUTE,2025-05-05 13:40:21,Mobile
4450,400911,ARRIVED,2025-05-05 13:20:21,Dispatch
4451,400911,COMPLETED,2025-05-05 17:59:21,Dispatch
4452,400912,CREATED,2025-05-05 06:35:11,Dispatch
4453,400912,ASSIGNED,2025-05-05 07:30:11,Dispatch
4454,400912,ENROUTE,2025-05-05 10:22:11,Mobile
4455,400912,ARRIVED,2025-05-05 12:15:11,Mobile
4456,400912,COMPLETED,2025-05-05 12:47:11,Dispatch
4457,400913,CREATED,2025-05-05 07:36:29,Dispatch
4458,400913,ASSIGNED,2025-05-05 08:16:29,Dispatch
4459,400913,ENROUTE,2025-05-05 12:18:29,Dispatch
4460,400913,ARRIVED,2025-05-05 13:11:29,Dispatch
4461,400913,COMPLETED,2025-05-05 18:39:29,Mobile
4462,400914,CREATED,2025-05-05 07:42:33,Dispatch
4463,400914,ASSIGNED,2025-05-05 10:53:33,Mobile
4464,400914,ENROUTE,2025-05-05 12:12:33,CRM
4465,400914,ARRIVED,2025-05-05 12:53:33,Mobile
4466,400914,COMPLETED,2025-05-05 21:31:33,Dispatch
4467,400915,CREATED,2025-05-05 10:45:03,Mobile
4468,400915,ASSIGNED,2025-05-05 12:53:03,Dispatch
4469,400915,ENROUTE,2025-05-05 15:51:03,Dispatch
4470,400915,ARRIVED,2025-05-05 17:01:03,Dispatch
4471,400916,CREATED,2025-05-05 12:27:30,Mobile
4472,400916,ASSIGNED,2025-05-05 15:58:30,Dispatch
4473,400916,ENROUTE,2025-05-05 23:04:30,Dispatch
4474,400916,ARRIVED,2025-05-05 23:55:30,Dispatch
4475,400916,COMPLETED,2025-05-06 08:36:30,CRM
4476,400917,CREATED,2025-05-05 16:55:57,CRM
4477,400917,ASSIGNED,2025-05-05 18:14:57,Dispatch
4478,400917,ENROUTE,2025-05-05 18:29:57,Dispatch
4479,400917,ARRIVED,2025-05-05 18:39:57,Mobile
4480,400918,CREATED,2025-05-05 16:59:13,Mobile
4481,400918,ASSIGNED,2025-05-05 17:19:13,Mobile
4482,400918,ENROUTE,2025-05-05 18:09:13,Dispatch
4483,400918,ARRIVED,2025-05-05 19:37:13,Mobile
4484,400918,COMPLETED,2025-05-06 05:06:13,Mobile
4485,400919,CREATED,2025-05-05 20:27:40,Mobile
4486,400919,ASSIGNED,2025-05-06 00:10:40,Mobile
4487,400919,ENROUTE,2025-05-06 02:00:40,Dispatch
4488,400919,ARRIVED,2025-05-06 04:50:40,Dispatch
4489,400919,COMPLETED,2025-05-06 10:55:40,Mobile
4490,400920,CREATED,2025-05-05 22:45:59,Mobile
4491,400920,ASSIGNED,2025-05-05 23:37:59,Dispatch
4492,400920,ENROUTE,2025-05-06 01:40:59,Mobile
4493,400920,ARRIVED,2025-05-06 02:47:59,Dispatch
4494,400921,CREATED,2025-05-05 23:33:19,Dispatch
4495,400921,ASSIGNED,2025-05-06 02:03:19,Mobile
4496,400921,ENROUTE,2025-05-06 07:28:19,Dispatch
4497,400921,ARRIVED,2025-05-06 08:09:19,Dispatch
4498,400921,COMPLETED,2025-05-06 15:00:19,CRM
4499,400922,CREATED,2025-05-06 04:50:01,Dispatch
4500,400922,ASSIGNED,2025-05-06 06:56:01,Dispatch
4501,400922,ENROUTE,2025-05-06 11:41:01,Mobile
4502,400922,ARRIVED,2025-05-06 11:59:01,Dispatch
4503,400922,COMPLETED,2025-05-06 21:20:01,Mobile
4504,400923,CREATED,2025-05-06 08:38:29,CRM
4505,400923,ASSIGNED,2025-05-06 10:27:29,Mobile
4506,400923,ENROUTE,2025-05-06 11:52:29,Dispatch
4507,400923,ARRIVED,2025-05-06 12:46:29,Mobile
4508,400923,COMPLETED,2025-05-06 17:23:29,Dispatch
4509,400924,CREATED,2025-05-06 12:26:26,Mobile
4510,400924,ASSIGNED,2025-05-06 13:17:26,Dispatch
4511,400924,ENROUTE,2025-05-06 15:12:26,Dispatch
4512,400924,ARRIVED,2025-05-06 17:21:26,Mobile
4513,400924,COMPLETED,2025-05-07 01:45:26,Dispatch
4514,400925,CREATED,2025-05-06 20:38:02,CRM
4515,400925,ASSIGNED,2025-05-06 20:53:02,Dispatch
4516,400925,ENROUTE,2025-05-07 03:26:02,CRM
4517,400925,ARRIVED,2025-05-07 06:16:02,Mobile
4518,400925,COMPLETED,2025-05-07 09:28:02,Mobile
4519,400926,CREATED,2025-05-06 21:31:11,Dispatch
4520,400926,ASSIGNED,2025-05-07 00:41:11,Dispatch
4521,400926,ENROUTE,2025-05-07 02:09:11,Dispatch
4522,400926,ARRIVED,2025-05-07 05:05:11,CRM
4523,400926,COMPLETED,2025-05-07 07:37:11,Mobile
4524,400927,CREATED,2025-05-07 02:26:48,Mobile
4525,400927,ASSIGNED,2025-05-07 04:24:48,Mobile
4526,400927,ENROUTE,2025-05-07 05:00:48,CRM
4527,400927,ARRIVED,2025-05-07 06:35:48,Mobile
4528,400927,COMPLETED,2025-05-07 11:46:48,Dispatch
4529,400928,CREATED,2025-05-07 02:50:39,Mobile
4530,400928,ASSIGNED,2025-05-07 02:55:39,Dispatch
4531,400928,ENROUTE,2025-05-07 07:29:39,Mobile
4532,400928,ARRIVED,2025-05-07 08:06:39,Mobile
4533,400928,COMPLETED,2025-05-07 13:00:39,Mobile
4534,400929,CREATED,2025-05-07 05:36:17,Dispatch
4535,400929,ASSIGNED,2025-05-07 08:35:17,Dispatch
4536,400929,ENROUTE,2025-05-07 09:44:17,Mobile
4537,400929,ARRIVED,2025-05-07 10:07:17,Dispatch
4538,400929,COMPLETED,2025-05-07 13:55:17,Mobile
4539,400930,CREATED,2025-05-07 06:59:41,Mobile
4540,400930,ASSIGNED,2025-05-07 07:11:41,Dispatch
4541,400930,ENROUTE,2025-05-07 10:41:41,Mobile
4542,400930,ARRIVED,2025-05-07 11:31:41,Mobile
4543,400930,COMPLETED,2025-05-07 14:37:41,Dispatch
4544,400931,CREATED,2025-05-07 07:06:58,Dispatch
4545,400931,ASSIGNED,2025-05-07 09:16:58,Dispatch
4546,400931,ENROUTE,2025-05-07 11:34:58,Dispatch
4547,400931,ARRIVED,2025-05-07 13:48:58,Dispatch
4548,400931,COMPLETED,2025-05-07 21:40:58,Mobile
4549,400932,CREATED,2025-05-07 13:42:24,Mobile
4550,400932,ASSIGNED,2025-05-07 17:13:24,Dispatch
4551,400932,ENROUTE,2025-05-07 18:47:24,Dispatch
4552,400932,ARRIVED,2025-05-07 21:05:24,Mobile
4553,400932,COMPLETED,2025-05-08 06:10:24,Dispatch
4554,400933,CREATED,2025-05-07 14:38:04,Mobile
4555,400933,ASSIGNED,2025-05-07 15:16:04,Dispatch
4556,400933,ENROUTE,2025-05-07 19:51:04,Dispatch
4557,400933,ARRIVED,2025-05-07 21:36:04,Dispatch
4558,400933,COMPLETED,2025-05-08 05:02:04,CRM
4559,400934,CREATED,2025-05-07 20:25:37,Dispatch
4560,400934,ASSIGNED,2025-05-07 22:06:37,Mobile
4561,400934,ENROUTE,2025-05-07 23:42:37,Mobile
4562,400934,ARRIVED,2025-05-08 02:01:37,Dispatch
4563,400935,CREATED,2025-05-07 23:06:03,Mobile
4564,400935,ASSIGNED,2025-05-08 00:28:03,Dispatch
4565,400935,ENROUTE,2025-05-08 02:43:03,Mobile
4566,400935,ARRIVED,2025-05-08 03:32:03,Dispatch
4567,400936,CREATED,2025-05-08 00:32:07,Dispatch
4568,400936,ASSIGNED,2025-05-08 02:28:07,Mobile
4569,400936,ENROUTE,2025-05-08 06:33:07,Dispatch
4570,400936,ARRIVED,2025-05-08 09:17:07,Mobile
4571,400937,CREATED,2025-05-08 02:59:50,Mobile
4572,400937,ASSIGNED,2025-05-08 05:38:50,Dispatch
4573,400937,ENROUTE,2025-05-08 10:43:50,CRM
4574,400937,ARRIVED,2025-05-08 11:04:50,Dispatch
4575,400937,COMPLETED,2025-05-08 15:34:50,CRM
4576,400938,CREATED,2025-05-08 06:22:07,Dispatch
4577,400938,ASSIGNED,2025-05-08 06:46:07,Mobile
4578,400938,ENROUTE,2025-05-08 07:33:07,Dispatch
4579,400938,ARRIVED,2025-05-08 09:20:07,Mobile
4580,400938,CANCELLED,2025-05-08 07:46:07,Dispatch
4581,400939,CREATED,2025-05-08 08:22:35,Mobile
4582,400939,ASSIGNED,2025-05-08 10:13:35,Dispatch
4583,400939,ENROUTE,2025-05-08 16:11:35,Mobile
4584,400939,ARRIVED,2025-05-08 19:10:35,Dispatch
4585,400939,COMPLETED,2025-05-09 00:26:35,Mobile
4586,400940,CREATED,2025-05-08 12:20:04,Mobile
4587,400940,ASSIGNED,2025-05-08 14:07:04,Dispatch
4588,400940,ENROUTE,2025-05-08 15:36:04,Dispatch
4589,400940,ARRIVED,2025-05-08 17:42:04,Mobile
4590,400940,COMPLETED,2025-05-09 00:55:04,Dispatch
4591,400941,CREATED,2025-05-08 17:09:33,Dispatch
4592,400941,ASSIGNED,2025-05-08 17:43:33,Dispatch
4593,400941,ENROUTE,2025-05-08 21:58:33,Mobile
4594,400941,ARRIVED,2025-05-09 00:09:33,Dispatch
4595,400942,CREATED,2025-05-08 18:12:51,Mobile
4596,400942,ASSIGNED,2025-05-08 20:48:51,Dispatch
4597,400942,ENROUTE,2025-05-09 00:23:51,Dispatch
4598,400942,ARRIVED,2025-05-09 01:07:51,Dispatch
4599,400942,COMPLETED,2025-05-09 04:31:51,Mobile
4600,400943,CREATED,2025-05-08 23:42:19,Dispatch
4601,400943,ASSIGNED,2025-05-09 03:28:19,Dispatch
4602,400943,ENROUTE,2025-05-09 04:24:19,Mobile
4603,400943,ARRIVED,2025-05-09 06:41:19,Dispatch
4604,400943,COMPLETED,2025-05-09 15:32:19,Dispatch
4605,400944,CREATED,2025-05-09 03:11:28,Dispatch
4606,400944,ASSIGNED,2025-05-09 05:00:28,Dispatch
4607,400944,ENROUTE,2025-05-09 08:11:28,Dispatch
4608,400944,ARRIVED,2025-05-09 08:53:28,Mobile
4609,400944,COMPLETED,2025-05-09 12:54:28,Dispatch
4610,400945,CREATED,2025-05-09 08:54:09,Dispatch
4611,400945,ASSIGNED,2025-05-09 11:43:09,Mobile
4612,400945,ENROUTE,2025-05-09 14:19:09,Mobile
4613,400945,ARRIVED,2025-05-09 15:59:09,CRM
4614,400946,CREATED,2025-05-09 09:37:03,Dispatch
4615,400946,ASSIGNED,2025-05-09 09:54:03,Mobile
4616,400946,ENROUTE,2025-05-09 10:45:03,Dispatch
4617,400946,ARRIVED,2025-05-09 12:06:03,Mobile
4618,400946,COMPLETED,2025-05-09 22:02:03,Mobile
4619,400947,CREATED,2025-05-09 17:06:55,Mobile
4620,400947,ASSIGNED,2025-05-09 17:32:55,Dispatch
4621,400947,ENROUTE,2025-05-09 18:23:55,Dispatch
4622,400947,ARRIVED,2025-05-09 20:20:55,Dispatch
4623,400947,COMPLETED,2025-05-10 00:46:55,Mobile
4624,400948,CREATED,2025-05-09 18:25:18,CRM
4625,400948,ASSIGNED,2025-05-09 22:01:18,Mobile
4626,400948,ENROUTE,2025-05-09 23:10:18,Mobile
4627,400948,ARRIVED,2025-05-09 23:47:18,Mobile
4628,400948,COMPLETED,2025-05-10 00:29:18,Dispatch
4629,400949,CREATED,2025-05-09 20:22:33,Mobile
4630,400949,ASSIGNED,2025-05-09 22:08:33,Dispatch
4631,400949,ENROUTE,2025-05-09 23:43:33,Dispatch
4632,400949,ARRIVED,2025-05-10 02:06:33,Dispatch
4633,400949,COMPLETED,2025-05-10 10:50:33,Dispatch
4634,400950,CREATED,2025-05-09 20:52:29,Dispatch
4635,400950,ASSIGNED,2025-05-10 00:32:29,Dispatch
4636,400950,ENROUTE,2025-05-10 02:19:29,Mobile
4637,400950,ARRIVED,2025-05-10 02:32:29,Dispatch
4638,400950,COMPLETED,2025-05-10 05:41:29,Mobile
4639,400951,CREATED,2025-05-09 22:43:19,Dispatch
4640,400951,ASSIGNED,2025-05-10 01:22:19,CRM
4641,400951,ENROUTE,2025-05-10 01:37:19,Mobile
4642,400951,ARRIVED,2025-05-10 03:59:19,Mobile
4643,400951,COMPLETED,2025-05-10 08:19:19,CRM
4644,400952,CREATED,2025-05-10 00:24:15,Mobile
4645,400952,ASSIGNED,2025-05-10 03:53:15,Dispatch
4646,400952,ENROUTE,2025-05-10 10:27:15,CRM
4647,400952,ARRIVED,2025-05-10 12:15:15,Mobile
4648,400952,COMPLETED,2025-05-10 17:09:15,Mobile
4649,400953,CREATED,2025-05-10 01:01:49,Mobile
4650,400953,ASSIGNED,2025-05-10 01:44:49,Mobile
4651,400953,ENROUTE,2025-05-10 08:26:49,Mobile
4652,400953,ARRIVED,2025-05-10 09:10:49,Mobile
4653,400953,COMPLETED,2025-05-10 18:45:49,Dispatch
4654,400954,CREATED,2025-05-10 12:13:02,Mobile
4655,400954,ASSIGNED,2025-05-10 13:23:02,Dispatch
4656,400954,ENROUTE,2025-05-10 18:04:02,Dispatch
4657,400954,ARRIVED,2025-05-10 19:49:02,Dispatch
4658,400954,COMPLETED,2025-05-11 00:47:02,Dispatch
4659,400955,CREATED,2025-05-10 13:36:15,Mobile
4660,400955,ASSIGNED,2025-05-10 15:35:15,Mobile
4661,400955,ENROUTE,2025-05-10 20:41:15,Dispatch
4662,400955,ARRIVED,2025-05-10 20:55:15,Dispatch
4663,400956,CREATED,2025-05-10 14:19:48,Dispatch
4664,400956,ASSIGNED,2025-05-10 16:44:48,Mobile
4665,400956,ENROUTE,2025-05-10 22:03:48,Dispatch
4666,400956,ARRIVED,2025-05-11 00:59:48,Dispatch
4667,400956,COMPLETED,2025-05-11 07:58:48,Mobile
4668,400957,CREATED,2025-05-10 21:58:19,Mobile
4669,400957,ASSIGNED,2025-05-11 00:17:19,CRM
4670,400957,ENROUTE,2025-05-11 06:38:19,Mobile
4671,400957,ARRIVED,2025-05-11 08:23:19,Mobile
4672,400957,COMPLETED,2025-05-11 17:22:19,CRM
4673,400958,CREATED,2025-05-11 01:04:50,Mobile
4674,400958,ASSIGNED,2025-05-11 01:39:50,Dispatch
4675,400958,ENROUTE,2025-05-11 03:55:50,Dispatch
4676,400958,ARRIVED,2025-05-11 05:48:50,Mobile
4677,400958,COMPLETED,2025-05-11 15:17:50,Dispatch
4678,400959,CREATED,2025-05-11 10:21:46,Dispatch
4679,400959,ASSIGNED,2025-05-11 12:07:46,Mobile
4680,400959,ENROUTE,2025-05-11 18:52:46,Dispatch
4681,400959,ARRIVED,2025-05-11 18:32:46,Mobile
4682,400959,COMPLETED,2025-05-12 03:20:46,CRM
4683,400960,CREATED,2025-05-11 22:33:37,Mobile
4684,400960,ASSIGNED,2025-05-12 00:07:37,Dispatch
4685,400960,ENROUTE,2025-05-12 00:33:37,Mobile
4686,400960,ARRIVED,2025-05-12 02:23:37,CRM
4687,400960,COMPLETED,2025-05-12 06:45:37,Mobile
4688,400961,CREATED,2025-05-12 10:57:10,Mobile
4689,400961,ASSIGNED,2025-05-12 13:41:10,Dispatch
4690,400961,ENROUTE,2025-05-12 18:43:10,Dispatch
4691,400961,ARRIVED,2025-05-12 21:01:10,CRM
4692,400961,COMPLETED,2025-05-13 04:07:10,Mobile
4693,400962,CREATED,2025-05-12 15:45:43,Dispatch
4694,400962,ASSIGNED,2025-05-12 17:49:43,Dispatch
4695,400962,ENROUTE,2025-05-12 23:24:43,CRM
4696,400962,ARRIVED,2025-05-13 01:38:43,Mobile
4697,400962,CANCELLED,2025-05-12 18:49:43,Mobile
4698,400963,CREATED,2025-05-12 16:30:26,Dispatch
4699,400963,ASSIGNED,2025-05-12 17:15:26,Mobile
4700,400963,ENROUTE,2025-05-12 19:38:26,CRM
4701,400963,ARRIVED,2025-05-12 20:40:26,Dispatch
4702,400963,COMPLETED,2025-05-13 04:34:26,Mobile
4703,400964,CREATED,2025-05-12 20:17:58,Dispatch
4704,400964,ASSIGNED,2025-05-12 21:11:58,CRM
4705,400964,ENROUTE,2025-05-13 02:49:58,Mobile
4706,400964,ARRIVED,2025-05-13 05:30:58,Dispatch
4707,400965,CREATED,2025-05-13 02:00:22,Dispatch
4708,400965,ASSIGNED,2025-05-13 04:21:22,Mobile
4709,400965,ENROUTE,2025-05-13 10:13:22,Mobile
4710,400965,ARRIVED,2025-05-13 12:26:22,Dispatch
4711,400965,COMPLETED,2025-05-13 15:12:22,Mobile
4712,400966,CREATED,2025-05-13 03:07:52,Dispatch
4713,400966,ASSIGNED,2025-05-13 05:20:52,Mobile
4714,400966,ENROUTE,2025-05-13 10:35:52,Mobile
4715,400966,ARRIVED,2025-05-13 12:48:52,Mobile
4716,400966,COMPLETED,2025-05-13 18:11:52,Dispatch
4717,400967,CREATED,2025-05-13 09:02:43,Mobile
4718,400967,ASSIGNED,2025-05-13 11:43:43,Mobile
4719,400967,ENROUTE,2025-05-13 15:31:43,Mobile
4720,400967,ARRIVED,2025-05-13 17:38:43,Mobile
4721,400967,COMPLETED,2025-05-14 01:22:43,Dispatch
4722,400968,CREATED,2025-05-13 09:33:53,Dispatch
4723,400968,ASSIGNED,2025-05-13 12:05:53,Dispatch
4724,400968,ENROUTE,2025-05-13 13:01:53,Mobile
4725,400968,ARRIVED,2025-05-13 13:33:53,Dispatch
4726,400968,COMPLETED,2025-05-13 22:46:53,Mobile
4727,400969,CREATED,2025-05-13 12:01:14,Mobile
4728,400969,ASSIGNED,2025-05-13 15:07:14,CRM
4729,400969,ENROUTE,2025-05-13 18:40:14,Dispatch
4730,400969,ARRIVED,2025-05-13 19:06:14,CRM
4731,400969,COMPLETED,2025-05-14 01:58:14,Dispatch
4732,400970,CREATED,2025-05-13 14:46:31,Mobile
4733,400970,ASSIGNED,2025-05-13 17:34:31,Dispatch
4734,400970,ENROUTE,2025-05-13 23:05:31,Mobile
4735,400970,ARRIVED,2025-05-14 00:45:31,Dispatch
4736,400970,COMPLETED,2025-05-14 06:48:31,Dispatch
4737,400971,CREATED,2025-05-13 15:41:43,Dispatch
4738,400971,ASSIGNED,2025-05-13 17:03:43,Dispatch
4739,400971,ENROUTE,2025-05-13 17:54:43,Mobile
4740,400971,ARRIVED,2025-05-13 19:53:43,Dispatch
4741,400971,COMPLETED,2025-05-14 01:07:43,Dispatch
4742,400972,CREATED,2025-05-13 23:34:50,Mobile
4743,400972,ASSIGNED,2025-05-14 03:27:50,Mobile
4744,400972,ENROUTE,2025-05-14 05:07:50,Mobile
4745,400972,ARRIVED,2025-05-14 05:53:50,Mobile
4746,400972,COMPLETED,2025-05-14 13:06:50,Dispatch
4747,400973,CREATED,2025-05-14 00:14:35,CRM
4748,400973,ASSIGNED,2025-05-14 02:15:35,Mobile
4749,400973,ENROUTE,2025-05-14 10:07:35,CRM
4750,400973,ARRIVED,2025-05-14 12:48:35,Dispatch
4751,400973,COMPLETED,2025-05-14 22:45:35,CRM
4752,400974,CREATED,2025-05-14 09:07:45,Dispatch
4753,400974,ASSIGNED,2025-05-14 10:06:45,Mobile
4754,400974,ENROUTE,2025-05-14 18:05:45,Dispatch
4755,400974,ARRIVED,2025-05-14 19:48:45,Mobile
4756,400974,COMPLETED,2025-05-14 22:49:45,Dispatch
4757,400975,CREATED,2025-05-15 00:28:24,Mobile
4758,400975,ASSIGNED,2025-05-15 04:23:24,Mobile
4759,400975,ENROUTE,2025-05-15 10:04:24,Dispatch
4760,400975,ARRIVED,2025-05-15 12:26:24,Dispatch
4761,400976,CREATED,2025-05-15 01:07:02,Dispatch
4762,400976,ASSIGNED,2025-05-15 01:46:02,Dispatch
4763,400976,ENROUTE,2025-05-15 09:28:02,Dispatch
4764,400976,ARRIVED,2025-05-15 11:04:02,Dispatch
4765,400976,COMPLETED,2025-05-15 20:43:02,Mobile
4766,400977,CREATED,2025-05-15 08:05:41,Dispatch
4767,400977,ASSIGNED,2025-05-15 09:43:41,Mobile
4768,400977,ENROUTE,2025-05-15 13:00:41,Dispatch
4769,400977,ARRIVED,2025-05-15 15:09:41,Dispatch
4770,400977,COMPLETED,2025-05-15 21:09:41,Dispatch
4771,400978,CREATED,2025-05-15 10:46:58,Mobile
4772,400978,ASSIGNED,2025-05-15 13:43:58,Dispatch
4773,400978,ENROUTE,2025-05-15 18:39:58,CRM
4774,400978,ARRIVED,2025-05-15 18:56:58,Dispatch
4775,400978,COMPLETED,2025-05-15 19:32:58,Dispatch
4776,400979,CREATED,2025-05-15 12:56:05,Dispatch
4777,400979,ASSIGNED,2025-05-15 16:13:05,Dispatch
4778,400979,ENROUTE,2025-05-15 20:29:05,Dispatch
4779,400979,ARRIVED,2025-05-15 21:30:05,Mobile
4780,400979,COMPLETED,2025-05-16 07:08:05,Mobile
4781,400980,CREATED,2025-05-15 16:47:50,Dispatch
4782,400980,ASSIGNED,2025-05-15 18:02:50,Dispatch
4783,400980,ENROUTE,2025-05-15 20:50:50,Mobile
4784,400980,ARRIVED,2025-05-15 21:36:50,Dispatch
4785,400980,COMPLETED,2025-05-16 07:25:50,Mobile
4786,400981,CREATED,2025-05-16 07:28:26,Mobile
4787,400981,ASSIGNED,2025-05-16 11:20:26,Dispatch
4788,400981,ENROUTE,2025-05-16 17:25:26,Mobile
4789,400981,ARRIVED,2025-05-16 19:41:26,Mobile
4790,400981,COMPLETED,2025-05-17 03:26:26,Mobile
4791,400982,CREATED,2025-05-16 11:08:31,Dispatch
4792,400982,ASSIGNED,2025-05-16 12:15:31,Mobile
4793,400982,ENROUTE,2025-05-16 18:52:31,Dispatch
4794,400982,ARRIVED,2025-05-16 21:20:31,Dispatch
4795,400982,COMPLETED,2025-05-17 03:18:31,Dispatch
4796,400983,CREATED,2025-05-16 15:53:16,Dispatch
4797,400983,ASSIGNED,2025-05-16 16:46:16,CRM
4798,400983,ENROUTE,2025-05-16 23:45:16,Dispatch
4799,400983,ARRIVED,2025-05-17 00:54:16,Mobile
4800,400984,CREATED,2025-05-16 20:00:34,Dispatch
4801,400984,ASSIGNED,2025-05-16 21:41:34,Dispatch
4802,400984,ENROUTE,2025-05-17 02:48:34,Mobile
4803,400984,ARRIVED,2025-05-17 05:13:34,CRM
4804,400984,COMPLETED,2025-05-17 07:45:34,Mobile
4805,400985,CREATED,2025-05-16 23:18:43,Mobile
4806,400985,ASSIGNED,2025-05-17 03:03:43,CRM
4807,400985,ENROUTE,2025-05-17 04:06:43,Dispatch
4808,400985,ARRIVED,2025-05-17 04:51:43,Dispatch
4809,400985,COMPLETED,2025-05-17 10:19:43,Dispatch
4810,400986,CREATED,2025-05-17 07:37:34,Mobile
4811,400986,ASSIGNED,2025-05-17 10:20:34,Mobile
4812,400986,ENROUTE,2025-05-17 14:57:34,CRM
4813,400986,ARRIVED,2025-05-17 17:07:34,Dispatch
4814,400987,CREATED,2025-05-17 08:48:51,Mobile
4815,400987,ASSIGNED,2025-05-17 09:12:51,Dispatch
4816,400987,ENROUTE,2025-05-17 17:09:51,Mobile
4817,400987,ARRIVED,2025-05-17 18:22:51,Dispatch
4818,400987,COMPLETED,2025-05-17 22:12:51,Dispatch
4819,400988,CREATED,2025-05-17 09:41:03,CRM
4820,400988,ASSIGNED,2025-05-17 13:12:03,Mobile
4821,400988,ENROUTE,2025-05-17 20:30:03,Dispatch
4822,400988,ARRIVED,2025-05-17 21:17:03,Mobile
4823,400989,CREATED,2025-05-17 11:27:42,CRM
4824,400989,ASSIGNED,2025-05-17 12:39:42,Dispatch
4825,400989,ENROUTE,2025-05-17 16:19:42,Dispatch
4826,400989,ARRIVED,2025-05-17 18:54:42,Dispatch
4827,400989,COMPLETED,2025-05-18 01:46:42,Dispatch
4828,400990,CREATED,2025-05-17 18:52:25,Mobile
4829,400990,ASSIGNED,2025-05-17 20:43:25,Dispatch
4830,400990,ENROUTE,2025-05-18 02:01:25,Dispatch
4831,400990,ARRIVED,2025-05-18 03:28:25,Dispatch
4832,400990,COMPLETED,2025-05-18 04:17:25,Dispatch
4833,400991,CREATED,2025-05-17 19:16:18,Dispatch
4834,400991,ASSIGNED,2025-05-17 21:10:18,Dispatch
4835,400991,ENROUTE,2025-05-17 22:03:18,Mobile
4836,400991,ARRIVED,2025-05-17 23:30:18,Dispatch
4837,400991,COMPLETED,2025-05-18 00:45:18,Mobile
4838,400992,CREATED,2025-05-18 03:08:18,Mobile
4839,400992,ASSIGNED,2025-05-18 04:32:18,Dispatch
4840,400992,ENROUTE,2025-05-18 07:05:18,Dispatch
4841,400992,ARRIVED,2025-05-18 09:11:18,Dispatch
4842,400992,COMPLETED,2025-05-18 14:01:18,Dispatch
4843,400993,CREATED,2025-05-18 09:27:37,Mobile
4844,400993,ASSIGNED,2025-05-18 12:40:37,CRM
4845,400993,ENROUTE,2025-05-18 13:56:37,CRM
4846,400993,ARRIVED,2025-05-18 14:40:37,Mobile
4847,400993,COMPLETED,2025-05-18 21:39:37,Dispatch
4848,400994,CREATED,2025-05-18 09:34:39,Dispatch
4849,400994,ASSIGNED,2025-05-18 11:14:39,Mobile
4850,400994,ENROUTE,2025-05-18 14:40:39,Dispatch
4851,400994,ARRIVED,2025-05-18 15:43:39,Dispatch
4852,400994,COMPLETED,2025-05-18 16:52:39,Mobile
4853,400995,CREATED,2025-05-18 16:15:44,Dispatch
4854,400995,ASSIGNED,2025-05-18 18:18:44,Mobile
4855,400995,ENROUTE,2025-05-18 22:27:44,Dispatch
4856,400995,ARRIVED,2025-05-18 23:24:44,Dispatch
4857,400995,COMPLETED,2025-05-19 00:19:44,Mobile
4858,400996,CREATED,2025-05-18 18:22:02,Dispatch
4859,400996,ASSIGNED,2025-05-18 20:10:02,Mobile
4860,400996,ENROUTE,2025-05-19 00:01:02,Dispatch
4861,400996,ARRIVED,2025-05-19 02:31:02,Dispatch
4862,400996,COMPLETED,2025-05-19 06:36:02,Mobile
4863,400997,CREATED,2025-05-18 22:07:35,Dispatch
4864,400997,ASSIGNED,2025-05-19 00:29:35,Dispatch
4865,400997,ENROUTE,2025-05-19 04:15:35,Mobile
4866,400997,ARRIVED,2025-05-19 04:56:35,Mobile
4867,400997,COMPLETED,2025-05-19 07:57:35,Mobile
4868,400998,CREATED,2025-05-19 01:19:41,Mobile
4869,400998,ASSIGNED,2025-05-19 01:45:41,Dispatch
4870,400998,ENROUTE,2025-05-19 05:02:41,Dispatch
4871,400998,ARRIVED,2025-05-19 06:15:41,Mobile
4872,400998,COMPLETED,2025-05-19 08:01:41,Dispatch
4873,400999,CREATED,2025-05-19 04:52:14,Dispatch
4874,400999,ASSIGNED,2025-05-19 05:15:14,Dispatch
4875,400999,ENROUTE,2025-05-19 06:24:14,Mobile
4876,400999,ARRIVED,2025-05-19 07:26:14,Mobile
4877,400999,CANCELLED,2025-05-19 06:15:14,Mobile
4878,401000,CREATED,2025-05-19 08:00:33,Dispatch
4879,401000,ASSIGNED,2025-05-19 10:41:33,CRM
4880,401000,ENROUTE,2025-05-19 11:08:33,Dispatch
4881,401000,ARRIVED,2025-05-19 14:07:33,Mobile
4882,401000,COMPLETED,2025-05-19 23:18:33,Mobile
4883,401001,CREATED,2025-05-19 08:50:24,Dispatch
4884,401001,ASSIGNED,2025-05-19 12:17:24,Dispatch
4885,401001,ENROUTE,2025-05-19 18:06:24,Dispatch
4886,401001,ARRIVED,2025-05-19 20:29:24,Dispatch
4887,401001,COMPLETED,2025-05-19 22:51:24,Mobile
4888,401002,CREATED,2025-05-19 19:33:41,Mobile
4889,401002,ASSIGNED,2025-05-19 20:44:41,Mobile
4890,401002,ENROUTE,2025-05-19 23:45:41,Dispatch
4891,401002,ARRIVED,2025-05-19 23:25:41,Mobile
4892,401002,COMPLETED,2025-05-20 04:09:41,Dispatch
4893,401003,CREATED,2025-05-19 20:38:19,Dispatch
4894,401003,ASSIGNED,2025-05-19 21:45:19,Dispatch
4895,401003,ENROUTE,2025-05-20 03:02:19,Dispatch
4896,401003,ARRIVED,2025-05-20 03:46:19,Dispatch
4897,401004,CREATED,2025-05-20 01:48:53,Mobile
4898,401004,ASSIGNED,2025-05-20 05:11:53,Dispatch
4899,401004,ENROUTE,2025-05-20 05:57:53,Dispatch
4900,401004,ARRIVED,2025-05-20 08:15:53,Mobile
4901,401004,COMPLETED,2025-05-20 09:24:53,Mobile
4902,401005,CREATED,2025-05-20 02:41:32,Dispatch
4903,401005,ASSIGNED,2025-05-20 06:24:32,Dispatch
4904,401005,ENROUTE,2025-05-20 08:09:32,CRM
4905,401005,ARRIVED,2025-05-20 10:29:32,Mobile
4906,401005,COMPLETED,2025-05-20 11:28:32,Mobile
4907,401006,CREATED,2025-05-20 05:49:40,Dispatch
4908,401006,ASSIGNED,2025-05-20 09:48:40,Mobile
4909,401006,ENROUTE,2025-05-20 14:20:40,Mobile
4910,401006,ARRIVED,2025-05-20 15:40:40,Mobile
4911,401006,COMPLETED,2025-05-20 22:05:40,Dispatch
4912,401007,CREATED,2025-05-20 10:09:54,Dispatch
4913,401007,ASSIGNED,2025-05-20 13:51:54,Dispatch
4914,401007,ENROUTE,2025-05-20 20:17:54,Mobile
4915,401007,ARRIVED,2025-05-20 22:38:54,CRM
4916,401007,COMPLETED,2025-05-21 04:47:54,Dispatch
4917,401008,CREATED,2025-05-20 21:27:19,Mobile
4918,401008,ASSIGNED,2025-05-20 23:55:19,Mobile
4919,401008,ENROUTE,2025-05-21 01:18:19,Mobile
4920,401008,ARRIVED,2025-05-21 01:29:19,Mobile
4921,401008,COMPLETED,2025-05-21 06:32:19,CRM
4922,401009,CREATED,2025-05-20 23:11:39,Dispatch
4923,401009,ASSIGNED,2025-05-21 00:49:39,Mobile
4924,401009,ENROUTE,2025-05-21 08:34:39,Mobile
4925,401009,ARRIVED,2025-05-21 09:16:39,Dispatch
4926,401009,COMPLETED,2025-05-21 17:33:39,CRM
4927,401010,CREATED,2025-05-20 23:42:27,Mobile
4928,401010,ASSIGNED,2025-05-21 01:48:27,CRM
4929,401010,ENROUTE,2025-05-21 07:15:27,Dispatch
4930,401010,ARRIVED,2025-05-21 08:04:27,Dispatch
4931,401011,CREATED,2025-05-21 00:13:42,Dispatch
4932,401011,ASSIGNED,2025-05-21 04:11:42,Dispatch
4933,401011,ENROUTE,2025-05-21 09:19:42,Dispatch
4934,401011,ARRIVED,2025-05-21 10:16:42,Dispatch
4935,401012,CREATED,2025-05-21 07:10:54,Mobile
4936,401012,ASSIGNED,2025-05-21 08:50:54,Dispatch
4937,401012,ENROUTE,2025-05-21 16:37:54,Mobile
4938,401012,ARRIVED,2025-05-21 18:46:54,Dispatch
4939,401012,COMPLETED,2025-05-22 00:18:54,Mobile
4940,401013,CREATED,2025-05-21 11:45:55,Dispatch
4941,401013,ASSIGNED,2025-05-21 13:55:55,Mobile
4942,401013,ENROUTE,2025-05-21 21:50:55,Dispatch
4943,401013,ARRIVED,2025-05-21 22:49:55,Mobile
4944,401013,COMPLETED,2025-05-22 03:13:55,Dispatch
4945,401014,CREATED,2025-05-21 12:33:43,Dispatch
4946,401014,ASSIGNED,2025-05-21 13:50:43,Dispatch
4947,401014,ENROUTE,2025-05-21 20:53:43,CRM
4948,401014,ARRIVED,2025-05-21 22:56:43,Dispatch
4949,401014,COMPLETED,2025-05-22 05:57:43,Dispatch
4950,401014,REOPENED,2025-05-23 05:57:43,Mobile
4951,401014,ASSIGNED,2025-05-23 06:57:43,Mobile
4952,401014,COMPLETED,2025-05-24 07:57:43,Dispatch
4953,401015,CREATED,2025-05-21 16:36:49,Mobile
4954,401015,ASSIGNED,2025-05-21 19:30:49,Mobile
4955,401015,ENROUTE,2025-05-21 22:56:49,Dispatch
4956,401015,ARRIVED,2025-05-22 00:28:49,Mobile
4957,401015,COMPLETED,2025-05-22 07:17:49,Mobile
4958,401016,CREATED,2025-05-21 18:33:49,Dispatch
4959,401016,ASSIGNED,2025-05-21 19:54:49,Dispatch
4960,401016,ENROUTE,2025-05-21 21:23:49,Mobile
4961,401016,ARRIVED,2025-05-21 22:45:49,Dispatch
4962,401016,COMPLETED,2025-05-22 07:10:49,Mobile
4963,401017,CREATED,2025-05-22 09:57:33,Dispatch
4964,401017,ASSIGNED,2025-05-22 10:02:33,CRM
4965,401017,ENROUTE,2025-05-22 11:24:33,Dispatch
4966,401017,ARRIVED,2025-05-22 12:57:33,Mobile
4967,401017,COMPLETED,2025-05-22 18:51:33,Dispatch
4968,401018,CREATED,2025-05-22 12:41:20,Dispatch
4969,401018,ASSIGNED,2025-05-22 16:15:20,Dispatch
4970,401018,ENROUTE,2025-05-22 20:56:20,Mobile
4971,401018,ARRIVED,2025-05-22 22:26:20,Mobile
4972,401018,COMPLETED,2025-05-23 03:38:20,Dispatch
4973,401019,CREATED,2025-05-23 08:40:20,Mobile
4974,401019,ASSIGNED,2025-05-23 11:51:20,Mobile
4975,401019,ENROUTE,2025-05-23 12:14:20,CRM
4976,401019,ARRIVED,2025-05-23 13:56:20,Mobile
4977,401019,COMPLETED,2025-05-23 20:43:20,Dispatch
4978,401020,CREATED,2025-05-23 10:22:03,Dispatch
4979,401020,ASSIGNED,2025-05-23 13:47:03,Dispatch
4980,401020,ENROUTE,2025-05-23 20:57:03,Mobile
4981,401020,ARRIVED,2025-05-23 23:07:03,CRM
4982,401021,CREATED,2025-05-23 15:08:46,Dispatch
4983,401021,ASSIGNED,2025-05-23 16:00:46,Dispatch
4984,401021,ENROUTE,2025-05-23 21:52:46,Dispatch
4985,401021,ARRIVED,2025-05-23 22:51:46,Dispatch
4986,401021,COMPLETED,2025-05-24 06:12:46,Dispatch
4987,401022,CREATED,2025-05-23 16:05:24,Dispatch
4988,401022,ASSIGNED,2025-05-23 17:29:24,Mobile
4989,401022,ENROUTE,2025-05-24 00:12:24,Dispatch
4990,401022,ARRIVED,2025-05-24 02:29:24,Dispatch
4991,401022,CANCELLED,2025-05-23 18:29:24,Mobile
4992,401023,CREATED,2025-05-23 20:17:16,Mobile
4993,401023,ASSIGNED,2025-05-23 23:02:16,Mobile
4994,401023,ENROUTE,2025-05-23 23:43:16,Dispatch
4995,401023,ARRIVED,2025-05-24 01:47:16,Dispatch
4996,401023,COMPLETED,2025-05-24 07:29:16,CRM
4997,401024,CREATED,2025-05-24 00:26:41,CRM
4998,401024,ASSIGNED,2025-05-24 03:09:41,Dispatch
4999,401024,ENROUTE,2025-05-24 07:52:41,Mobile
5000,401024,ARRIVED,2025-05-24 10:44:41,Dispatch
5001,401024,CANCELLED,2025-05-24 04:09:41,Dispatch
5002,401025,CREATED,2025-05-24 09:49:22,Mobile
5003,401025,ASSIGNED,2025-05-24 10:52:22,Dispatch
5004,401025,ENROUTE,2025-05-24 12:11:22,Mobile
5005,401025,ARRIVED,2025-05-24 14:33:22,Mobile
5006,401025,COMPLETED,2025-05-24 18:10:22,Mobile
5007,401026,CREATED,2025-05-24 12:32:29,Mobile
5008,401026,ASSIGNED,2025-05-24 16:03:29,Dispatch
5009,401026,ENROUTE,2025-05-24 23:58:29,CRM
5010,401026,ARRIVED,2025-05-25 01:39:29,Mobile
5011,401026,COMPLETED,2025-05-25 05:32:29,Dispatch
5012,401027,CREATED,2025-05-24 14:49:39,Dispatch
5013,401027,ASSIGNED,2025-05-24 18:41:39,CRM
5014,401027,ENROUTE,2025-05-25 02:30:39,Dispatch
5015,401027,ARRIVED,2025-05-25 05:26:39,Dispatch
5016,401027,COMPLETED,2025-05-25 10:02:39,Dispatch
5017,401028,CREATED,2025-05-24 16:15:20,CRM
5018,401028,ASSIGNED,2025-05-24 18:55:20,Mobile
5019,401028,ENROUTE,2025-05-24 22:00:20,Dispatch
5020,401028,ARRIVED,2025-05-24 23:52:20,Dispatch
5021,401028,COMPLETED,2025-05-25 05:53:20,Mobile
5022,401029,CREATED,2025-05-24 20:51:25,CRM
5023,401029,ASSIGNED,2025-05-25 00:02:25,Mobile
5024,401029,ENROUTE,2025-05-25 06:34:25,Dispatch
5025,401029,ARRIVED,2025-05-25 07:18:25,Mobile
5026,401029,COMPLETED,2025-05-25 10:57:25,Dispatch
5027,401030,CREATED,2025-05-24 23:43:43,Mobile
5028,401030,ASSIGNED,2025-05-25 02:38:43,Dispatch
5029,401030,ENROUTE,2025-05-25 09:16:43,Dispatch
5030,401030,ARRIVED,2025-05-25 10:30:43,Mobile
5031,401030,COMPLETED,2025-05-25 12:59:43,Dispatch
5032,401031,CREATED,2025-05-25 04:22:05,CRM
5033,401031,ASSIGNED,2025-05-25 04:33:05,Mobile
5034,401031,ENROUTE,2025-05-25 07:30:05,Mobile
5035,401031,ARRIVED,2025-05-25 09:37:05,Dispatch
5036,401031,COMPLETED,2025-05-25 13:08:05,Dispatch
5037,401032,CREATED,2025-05-25 04:50:55,Dispatch
5038,401032,ASSIGNED,2025-05-25 05:41:55,Mobile
5039,401032,ENROUTE,2025-05-25 12:29:55,Mobile
5040,401032,ARRIVED,2025-05-25 13:18:55,Dispatch
5041,401032,COMPLETED,2025-05-25 15:15:55,CRM
5042,401033,CREATED,2025-05-25 06:53:57,Dispatch
5043,401033,ASSIGNED,2025-05-25 08:03:57,Dispatch
5044,401033,ENROUTE,2025-05-25 12:19:57,Dispatch
5045,401033,ARRIVED,2025-05-25 14:27:57,CRM
5046,401033,COMPLETED,2025-05-25 15:23:57,Dispatch
5047,401034,CREATED,2025-05-25 10:12:11,Mobile
5048,401034,ASSIGNED,2025-05-25 10:40:11,Dispatch
5049,401034,ENROUTE,2025-05-25 14:59:11,CRM
5050,401034,ARRIVED,2025-05-25 17:33:11,Mobile
5051,401034,COMPLETED,2025-05-26 01:33:11,Dispatch
5052,401035,CREATED,2025-05-25 17:29:52,Mobile
5053,401035,ASSIGNED,2025-05-25 17:57:52,Mobile
5054,401035,ENROUTE,2025-05-25 18:36:52,Mobile
5055,401035,ARRIVED,2025-05-25 19:45:52,Mobile
5056,401035,COMPLETED,2025-05-26 01:55:52,Mobile
5057,401035,REOPENED,2025-05-27 01:55:52,Mobile
5058,401035,ASSIGNED,2025-05-27 02:55:52,Dispatch
5059,401035,COMPLETED,2025-05-28 03:55:52,Mobile
5060,401036,CREATED,2025-05-25 17:45:27,CRM
5061,401036,ASSIGNED,2025-05-25 20:02:27,Mobile
5062,401036,ENROUTE,2025-05-26 02:25:27,Dispatch
5063,401036,ARRIVED,2025-05-26 03:46:27,Dispatch
5064,401036,COMPLETED,2025-05-26 08:51:27,Mobile
5065,401037,CREATED,2025-05-26 06:19:11,Mobile
5066,401037,ASSIGNED,2025-05-26 10:12:11,Mobile
5067,401037,ENROUTE,2025-05-26 15:36:11,Mobile
5068,401037,ARRIVED,2025-05-26 15:55:11,CRM
5069,401038,CREATED,2025-05-26 12:00:33,Dispatch
5070,401038,ASSIGNED,2025-05-26 14:44:33,Dispatch
5071,401038,ENROUTE,2025-05-26 22:14:33,Dispatch
5072,401038,ARRIVED,2025-05-26 22:39:33,Dispatch
5073,401038,COMPLETED,2025-05-27 03:54:33,CRM
5074,401039,CREATED,2025-05-26 13:17:56,Mobile
5075,401039,ASSIGNED,2025-05-26 17:15:56,Mobile
5076,401039,ENROUTE,2025-05-27 00:56:56,CRM
5077,401039,ARRIVED,2025-05-27 01:26:56,Mobile
5078,401039,COMPLETED,2025-05-27 08:50:56,CRM
5079,401040,CREATED,2025-05-26 17:25:32,CRM
5080,401040,ASSIGNED,2025-05-26 18:53:32,Mobile
5081,401040,ENROUTE,2025-05-26 23:05:32,Dispatch
5082,401040,ARRIVED,2025-05-26 23:52:32,Dispatch
5083,401040,COMPLETED,2025-05-27 07:38:32,Mobile
5084,401041,CREATED,2025-05-26 19:01:33,Dispatch
5085,401041,ASSIGNED,2025-05-26 20:07:33,Mobile
5086,401041,ENROUTE,2025-05-26 22:47:33,Mobile
5087,401041,ARRIVED,2025-05-26 23:27:33,Dispatch
5088,401041,COMPLETED,2025-05-27 06:33:33,Dispatch
5089,401041,REOPENED,2025-05-28 06:33:33,Dispatch
5090,401041,ASSIGNED,2025-05-28 07:33:33,Dispatch
5091,401041,COMPLETED,2025-05-29 08:33:33,Dispatch
5092,401042,CREATED,2025-05-26 22:59:48,Mobile
5093,401042,ASSIGNED,2025-05-27 00:36:48,Mobile
5094,401042,ENROUTE,2025-05-27 05:05:48,Dispatch
5095,401042,ARRIVED,2025-05-27 05:31:48,Mobile
5096,401042,COMPLETED,2025-05-27 11:34:48,Mobile
5097,401043,CREATED,2025-05-27 00:45:31,Mobile
5098,401043,ASSIGNED,2025-05-27 04:43:31,Dispatch
5099,401043,ENROUTE,2025-05-27 07:10:31,Dispatch
5100,401043,ARRIVED,2025-05-27 07:28:31,Dispatch
5101,401043,COMPLETED,2025-05-27 16:07:31,CRM
5102,401044,CREATED,2025-05-27 03:26:52,Mobile
5103,401044,ASSIGNED,2025-05-27 03:53:52,CRM
5104,401044,ENROUTE,2025-05-27 09:53:52,Dispatch
5105,401044,ARRIVED,2025-05-27 11:17:52,Mobile
5106,401044,COMPLETED,2025-05-27 20:08:52,Mobile
5107,401045,CREATED,2025-05-27 04:34:20,Dispatch
5108,401045,ASSIGNED,2025-05-27 06:46:20,Dispatch
5109,401045,ENROUTE,2025-05-27 12:45:20,Mobile
5110,401045,ARRIVED,2025-05-27 14:28:20,Dispatch
5111,401045,COMPLETED,2025-05-27 19:06:20,Dispatch
5112,401046,CREATED,2025-05-27 04:59:29,Mobile
5113,401046,ASSIGNED,2025-05-27 08:06:29,Mobile
5114,401046,ENROUTE,2025-05-27 15:29:29,Dispatch
5115,401046,ARRIVED,2025-05-27 17:51:29,Dispatch
5116,401046,COMPLETED,2025-05-27 18:55:29,Mobile
5117,401047,CREATED,2025-05-27 13:58:52,Dispatch
5118,401047,ASSIGNED,2025-05-27 16:58:52,Mobile
5119,401047,ENROUTE,2025-05-27 23:45:52,Dispatch
5120,401047,ARRIVED,2025-05-28 01:11:52,Mobile
5121,401048,CREATED,2025-05-27 14:21:58,Dispatch
5122,401048,ASSIGNED,2025-05-27 16:04:58,Dispatch
5123,401048,ENROUTE,2025-05-27 18:53:58,Dispatch
5124,401048,ARRIVED,2025-05-27 21:31:58,Mobile
5125,401048,CANCELLED,2025-05-27 17:04:58,Mobile
5126,401049,CREATED,2025-05-27 18:43:48,Dispatch
5127,401049,ASSIGNED,2025-05-27 19:36:48,CRM
5128,401049,ENROUTE,2025-05-28 03:05:48,Mobile
5129,401049,ARRIVED,2025-05-28 04:05:48,CRM
5130,401049,COMPLETED,2025-05-28 09:22:48,CRM
5131,401049,REOPENED,2025-05-29 09:22:48,Dispatch
5132,401049,ASSIGNED,2025-05-29 10:22:48,Mobile
5133,401049,COMPLETED,2025-05-30 11:22:48,Dispatch
5134,401050,CREATED,2025-05-27 18:49:07,Mobile
5135,401050,ASSIGNED,2025-05-27 19:57:07,Dispatch
5136,401050,ENROUTE,2025-05-27 21:32:07,Dispatch
5137,401050,ARRIVED,2025-05-27 23:00:07,Dispatch
5138,401050,COMPLETED,2025-05-28 05:50:07,Dispatch
5139,401051,CREATED,2025-05-27 21:59:26,Dispatch
5140,401051,ASSIGNED,2025-05-28 01:19:26,Mobile
5141,401051,ENROUTE,2025-05-28 02:26:26,Mobile
5142,401051,ARRIVED,2025-05-28 02:50:26,Mobile
5143,401051,COMPLETED,2025-05-28 11:09:26,Dispatch
5144,401052,CREATED,2025-05-28 07:53:32,Dispatch
5145,401052,ASSIGNED,2025-05-28 08:57:32,Mobile
5146,401052,ENROUTE,2025-05-28 16:55:32,Mobile
5147,401052,ARRIVED,2025-05-28 18:36:32,Dispatch
5148,401052,COMPLETED,2025-05-28 22:18:32,Mobile
5149,401053,CREATED,2025-05-28 08:01:41,Dispatch
5150,401053,ASSIGNED,2025-05-28 08:43:41,Mobile
5151,401053,ENROUTE,2025-05-28 16:39:41,Dispatch
5152,401053,ARRIVED,2025-05-28 17:01:41,Dispatch
5153,401053,COMPLETED,2025-05-28 22:38:41,Dispatch
5154,401054,CREATED,2025-05-28 08:05:21,Mobile
5155,401054,ASSIGNED,2025-05-28 10:43:21,Mobile
5156,401054,ENROUTE,2025-05-28 12:28:21,Dispatch
5157,401054,ARRIVED,2025-05-28 13:26:21,Dispatch
5158,401054,COMPLETED,2025-05-28 18:23:21,Dispatch
5159,401055,CREATED,2025-05-28 08:08:13,CRM
5160,401055,ASSIGNED,2025-05-28 09:06:13,Mobile
5161,401055,ENROUTE,2025-05-28 15:15:13,Dispatch
5162,401055,ARRIVED,2025-05-28 16:48:13,Dispatch
5163,401055,COMPLETED,2025-05-29 00:36:13,Dispatch
5164,401056,CREATED,2025-05-28 10:39:48,Dispatch
5165,401056,ASSIGNED,2025-05-28 12:35:48,Dispatch
5166,401056,ENROUTE,2025-05-28 14:54:48,Mobile
5167,401056,ARRIVED,2025-05-28 17:45:48,CRM
5168,401056,COMPLETED,2025-05-29 03:24:48,Mobile
5169,401057,CREATED,2025-05-28 15:11:12,CRM
5170,401057,ASSIGNED,2025-05-28 16:27:12,Mobile
5171,401057,ENROUTE,2025-05-28 23:05:12,Dispatch
5172,401057,ARRIVED,2025-05-29 01:49:12,Dispatch
5173,401057,COMPLETED,2025-05-29 07:18:12,Mobile
5174,401058,CREATED,2025-05-28 18:19:49,Dispatch
5175,401058,ASSIGNED,2025-05-28 20:42:49,Dispatch
5176,401058,ENROUTE,2025-05-28 23:51:49,Dispatch
5177,401058,ARRIVED,2025-05-29 00:05:49,Dispatch
5178,401059,CREATED,2025-05-28 18:57:47,Mobile
5179,401059,ASSIGNED,2025-05-28 22:54:47,Dispatch
5180,401059,ENROUTE,2025-05-28 23:21:47,Dispatch
5181,401059,ARRIVED,2025-05-29 00:18:47,Mobile
5182,401059,COMPLETED,2025-05-29 01:46:47,Dispatch
5183,401060,CREATED,2025-05-28 19:30:47,Mobile
5184,401060,ASSIGNED,2025-05-28 20:37:47,Dispatch
5185,401060,ENROUTE,2025-05-29 04:19:47,Mobile
5186,401060,ARRIVED,2025-05-29 05:34:47,Dispatch
5187,401061,CREATED,2025-05-29 05:22:36,Mobile
5188,401061,ASSIGNED,2025-05-29 06:53:36,Mobile
5189,401061,ENROUTE,2025-05-29 07:43:36,Dispatch
5190,401061,ARRIVED,2025-05-29 09:11:36,Dispatch
5191,401061,COMPLETED,2025-05-29 17:59:36,CRM
5192,401062,CREATED,2025-05-29 07:42:19,Dispatch
5193,401062,ASSIGNED,2025-05-29 08:02:19,Mobile
5194,401062,ENROUTE,2025-05-29 08:23:19,Dispatch
5195,401062,ARRIVED,2025-05-29 09:29:19,Mobile
5196,401062,COMPLETED,2025-05-29 15:25:19,Dispatch
5197,401063,CREATED,2025-05-29 08:41:38,Mobile
5198,401063,ASSIGNED,2025-05-29 11:05:38,Dispatch
5199,401063,ENROUTE,2025-05-29 15:42:38,Mobile
5200,401063,ARRIVED,2025-05-29 18:31:38,Mobile
5201,401063,COMPLETED,2025-05-29 22:03:38,Dispatch
5202,401064,CREATED,2025-05-29 09:25:39,Mobile
5203,401064,ASSIGNED,2025-05-29 10:12:39,Mobile
5204,401064,ENROUTE,2025-05-29 16:19:39,Mobile
5205,401064,ARRIVED,2025-05-29 19:09:39,Dispatch
5206,401064,COMPLETED,2025-05-30 04:37:39,Dispatch
5207,401065,CREATED,2025-05-29 09:30:07,Mobile
5208,401065,ASSIGNED,2025-05-29 11:01:07,Dispatch
5209,401065,ENROUTE,2025-05-29 18:41:07,Dispatch
5210,401065,ARRIVED,2025-05-29 20:04:07,Dispatch
5211,401066,CREATED,2025-05-29 14:27:10,Mobile
5212,401066,ASSIGNED,2025-05-29 17:04:10,Mobile
5213,401066,ENROUTE,2025-05-30 00:50:10,Dispatch
5214,401066,ARRIVED,2025-05-30 02:53:10,CRM
5215,401066,COMPLETED,2025-05-30 09:01:10,Dispatch
5216,401067,CREATED,2025-05-29 16:57:32,Dispatch
5217,401067,ASSIGNED,2025-05-29 19:46:32,Dispatch
5218,401067,ENROUTE,2025-05-30 02:03:32,Dispatch
5219,401067,ARRIVED,2025-05-30 04:27:32,Dispatch
5220,401067,COMPLETED,2025-05-30 13:51:32,Dispatch
5221,401068,CREATED,2025-05-29 19:13:29,Mobile
5222,401068,ASSIGNED,2025-05-29 20:50:29,Dispatch
5223,401068,ENROUTE,2025-05-29 22:15:29,Mobile
5224,401068,ARRIVED,2025-05-30 00:54:29,Dispatch
5225,401068,COMPLETED,2025-05-30 05:23:29,Dispatch
5226,401069,CREATED,2025-05-29 20:55:25,Dispatch
5227,401069,ASSIGNED,2025-05-29 21:43:25,Dispatch
5228,401069,ENROUTE,2025-05-29 22:36:25,Mobile
5229,401069,ARRIVED,2025-05-30 01:10:25,Dispatch
5230,401069,COMPLETED,2025-05-30 04:57:25,Mobile
5231,401070,CREATED,2025-05-30 06:50:10,Mobile
5232,401070,ASSIGNED,2025-05-30 08:11:10,Dispatch
5233,401070,ENROUTE,2025-05-30 10:53:10,Dispatch
5234,401070,ARRIVED,2025-05-30 11:53:10,Dispatch
5235,401070,COMPLETED,2025-05-30 19:57:10,Mobile
5236,401071,CREATED,2025-05-30 13:06:05,Dispatch
5237,401071,ASSIGNED,2025-05-30 15:58:05,Dispatch
5238,401071,ENROUTE,2025-05-30 18:48:05,Mobile
5239,401071,ARRIVED,2025-05-30 19:35:05,Dispatch
5240,401071,COMPLETED,2025-05-30 22:15:05,Dispatch
5241,401072,CREATED,2025-05-30 14:41:28,Dispatch
5242,401072,ASSIGNED,2025-05-30 17:09:28,Dispatch
5243,401072,ENROUTE,2025-05-30 21:17:28,Mobile
5244,401072,ARRIVED,2025-05-30 20:57:28,Dispatch
5245,401072,COMPLETED,2025-05-31 03:29:28,Dispatch
5246,401073,CREATED,2025-05-30 16:36:44,Dispatch
5247,401073,ASSIGNED,2025-05-30 20:35:44,Dispatch
5248,401073,ENROUTE,2025-05-31 00:22:44,Mobile
5249,401073,ARRIVED,2025-05-31 03:08:44,Dispatch
5250,401073,COMPLETED,2025-05-31 06:46:44,Dispatch
5251,401074,CREATED,2025-05-30 17:04:02,Mobile
5252,401074,ASSIGNED,2025-05-30 20:17:02,Dispatch
5253,401074,ENROUTE,2025-05-30 22:40:02,Mobile
5254,401074,ARRIVED,2025-05-31 00:19:02,CRM
5255,401074,COMPLETED,2025-05-31 05:44:02,Dispatch
5256,401075,CREATED,2025-05-30 20:10:42,Mobile
5257,401075,ASSIGNED,2025-05-30 22:47:42,Mobile
5258,401075,ENROUTE,2025-05-31 01:04:42,Mobile
5259,401075,ARRIVED,2025-05-31 01:18:42,Dispatch
5260,401076,CREATED,2025-05-30 20:25:01,CRM
5261,401076,ASSIGNED,2025-05-30 23:06:01,Dispatch
5262,401076,ENROUTE,2025-05-31 04:46:01,Mobile
5263,401076,ARRIVED,2025-05-31 06:53:01,Dispatch
5264,401076,COMPLETED,2025-05-31 09:59:01,Dispatch
5265,401077,CREATED,2025-05-30 22:14:46,Mobile
5266,401077,ASSIGNED,2025-05-31 01:26:46,Dispatch
5267,401077,ENROUTE,2025-05-31 07:53:46,Dispatch
5268,401077,ARRIVED,2025-05-31 10:23:46,CRM
5269,401077,COMPLETED,2025-05-31 14:53:46,Dispatch
5270,401078,CREATED,2025-05-31 05:24:24,Dispatch
5271,401078,ASSIGNED,2025-05-31 08:14:24,Dispatch
5272,401078,ENROUTE,2025-05-31 13:15:24,CRM
5273,401078,ARRIVED,2025-05-31 13:43:24,CRM
5274,401078,COMPLETED,2025-05-31 15:34:24,Mobile
5275,401079,CREATED,2025-05-31 06:52:30,Mobile
5276,401079,ASSIGNED,2025-05-31 09:13:30,Mobile
5277,401079,ENROUTE,2025-05-31 15:14:30,Mobile
5278,401079,ARRIVED,2025-05-31 18:03:30,Mobile
5279,401079,COMPLETED,2025-05-31 22:54:30,Dispatch
5280,401080,CREATED,2025-05-31 14:46:07,Dispatch
5281,401080,ASSIGNED,2025-05-31 18:29:07,Dispatch
5282,401080,ENROUTE,2025-05-31 18:54:07,Mobile
5283,401080,ARRIVED,2025-05-31 21:46:07,Dispatch
5284,401080,CANCELLED,2025-05-31 19:29:07,Mobile
5285,401081,CREATED,2025-05-31 18:34:59,Dispatch
5286,401081,ASSIGNED,2025-05-31 21:28:59,CRM
5287,401081,ENROUTE,2025-06-01 02:11:59,Dispatch
5288,401081,ARRIVED,2025-06-01 04:16:59,Dispatch
5289,401081,COMPLETED,2025-06-01 13:01:59,Dispatch
5290,401082,CREATED,2025-06-01 01:34:23,Mobile
5291,401082,ASSIGNED,2025-06-01 02:06:23,Mobile
5292,401082,ENROUTE,2025-06-01 07:53:23,Dispatch
5293,401082,ARRIVED,2025-06-01 09:22:23,Dispatch
5294,401082,COMPLETED,2025-06-01 11:20:23,Mobile
5295,401083,CREATED,2025-06-01 04:02:30,Dispatch
5296,401083,ASSIGNED,2025-06-01 04:29:30,Mobile
5297,401083,ENROUTE,2025-06-01 10:39:30,CRM
5298,401083,ARRIVED,2025-06-01 11:48:30,CRM
5299,401083,COMPLETED,2025-06-01 13:07:30,Dispatch
5300,401084,CREATED,2025-06-01 10:30:15,Dispatch
5301,401084,ASSIGNED,2025-06-01 10:41:15,Dispatch
5302,401084,ENROUTE,2025-06-01 15:20:15,CRM
5303,401084,ARRIVED,2025-06-01 17:36:15,Dispatch
5304,401084,COMPLETED,2025-06-01 21:12:15,Mobile
5305,401085,CREATED,2025-06-01 14:57:10,Dispatch
5306,401085,ASSIGNED,2025-06-01 16:54:10,Dispatch
5307,401085,ENROUTE,2025-06-01 22:11:10,Dispatch
5308,401085,ARRIVED,2025-06-01 23:14:10,Dispatch
5309,401085,COMPLETED,2025-06-02 05:49:10,Mobile
5310,401086,CREATED,2025-06-01 17:56:29,Mobile
5311,401086,ASSIGNED,2025-06-01 19:23:29,Mobile
5312,401086,ENROUTE,2025-06-01 21:17:29,Mobile
5313,401086,ARRIVED,2025-06-01 23:37:29,Mobile
5314,401086,COMPLETED,2025-06-02 05:57:29,Mobile
5315,401087,CREATED,2025-06-01 22:40:42,CRM
5316,401087,ASSIGNED,2025-06-01 23:19:42,Dispatch
5317,401087,ENROUTE,2025-06-02 01:51:42,Dispatch
5318,401087,ARRIVED,2025-06-02 04:10:42,Mobile
5319,401088,CREATED,2025-06-02 03:42:09,Dispatch
5320,401088,ASSIGNED,2025-06-02 05:29:09,CRM
5321,401088,ENROUTE,2025-06-02 10:59:09,Mobile
5322,401088,ARRIVED,2025-06-02 13:36:09,Dispatch
5323,401088,COMPLETED,2025-06-02 18:01:09,Dispatch
5324,401089,CREATED,2025-06-02 06:21:47,Dispatch
5325,401089,ASSIGNED,2025-06-02 06:42:47,Mobile
5326,401089,ENROUTE,2025-06-02 07:16:47,Dispatch
5327,401089,ARRIVED,2025-06-02 09:20:47,Dispatch
5328,401090,CREATED,2025-06-02 15:31:23,CRM
5329,401090,ASSIGNED,2025-06-02 19:10:23,Mobile
5330,401090,ENROUTE,2025-06-02 19:48:23,Dispatch
5331,401090,ARRIVED,2025-06-02 21:10:23,Dispatch
5332,401090,CANCELLED,2025-06-02 20:10:23,Dispatch
5333,401091,CREATED,2025-06-02 18:27:09,Dispatch
5334,401091,ASSIGNED,2025-06-02 19:11:09,CRM
5335,401091,ENROUTE,2025-06-02 20:21:09,Dispatch
5336,401091,ARRIVED,2025-06-02 21:50:09,Dispatch
5337,401091,COMPLETED,2025-06-02 23:22:09,Mobile
5338,401092,CREATED,2025-06-02 20:53:10,Mobile
5339,401092,ASSIGNED,2025-06-02 22:38:10,Mobile
5340,401092,ENROUTE,2025-06-02 23:26:10,Dispatch
5341,401092,ARRIVED,2025-06-03 00:37:10,Mobile
5342,401092,COMPLETED,2025-06-03 06:04:10,Dispatch
5343,401093,CREATED,2025-06-02 23:52:56,Dispatch
5344,401093,ASSIGNED,2025-06-03 03:12:56,Dispatch
5345,401093,ENROUTE,2025-06-03 10:24:56,Mobile
5346,401093,ARRIVED,2025-06-03 12:41:56,Dispatch
5347,401093,COMPLETED,2025-06-03 19:55:56,Mobile
5348,401094,CREATED,2025-06-03 01:55:23,Dispatch
5349,401094,ASSIGNED,2025-06-03 04:58:23,Mobile
5350,401094,ENROUTE,2025-06-03 12:10:23,Dispatch
5351,401094,ARRIVED,2025-06-03 13:33:23,Dispatch
5352,401094,COMPLETED,2025-06-03 15:06:23,Mobile
5353,401095,CREATED,2025-06-03 13:35:39,Mobile
5354,401095,ASSIGNED,2025-06-03 17:09:39,Dispatch
5355,401095,ENROUTE,2025-06-03 19:40:39,Dispatch
5356,401095,ARRIVED,2025-06-03 22:01:39,Dispatch
5357,401095,COMPLETED,2025-06-04 00:45:39,Mobile
5358,401096,CREATED,2025-06-03 14:36:50,Mobile
5359,401096,ASSIGNED,2025-06-03 17:11:50,Dispatch
5360,401096,ENROUTE,2025-06-03 17:31:50,Mobile
5361,401096,ARRIVED,2025-06-03 19:39:50,Dispatch
5362,401096,COMPLETED,2025-06-03 23:07:50,Dispatch
5363,401097,CREATED,2025-06-03 18:48:29,Dispatch
5364,401097,ASSIGNED,2025-06-03 20:39:29,Mobile
5365,401097,ENROUTE,2025-06-04 00:34:29,Dispatch
5366,401097,ARRIVED,2025-06-04 00:46:29,Mobile
5367,401097,CANCELLED,2025-06-03 21:39:29,Dispatch
5368,401098,CREATED,2025-06-03 18:49:14,Mobile
5369,401098,ASSIGNED,2025-06-03 18:59:14,Mobile
5370,401098,ENROUTE,2025-06-03 22:30:14,Mobile
5371,401098,ARRIVED,2025-06-04 01:27:14,Dispatch
5372,401098,COMPLETED,2025-06-04 02:22:14,Dispatch
5373,401099,CREATED,2025-06-03 18:52:38,Dispatch
5374,401099,ASSIGNED,2025-06-03 21:38:38,Dispatch
5375,401099,ENROUTE,2025-06-04 04:24:38,Dispatch
5376,401099,ARRIVED,2025-06-04 04:44:38,Dispatch
5377,401099,COMPLETED,2025-06-04 08:23:38,Dispatch
5378,401100,CREATED,2025-06-03 21:43:32,Dispatch
5379,401100,ASSIGNED,2025-06-04 00:32:32,Dispatch
5380,401100,ENROUTE,2025-06-04 06:41:32,Dispatch
5381,401100,ARRIVED,2025-06-04 08:12:32,Mobile
5382,401100,COMPLETED,2025-06-04 17:24:32,Mobile
5383,401101,CREATED,2025-06-03 23:24:28,Dispatch
5384,401101,ASSIGNED,2025-06-04 01:26:28,Dispatch
5385,401101,ENROUTE,2025-06-04 05:36:28,Mobile
5386,401101,ARRIVED,2025-06-04 06:35:28,Mobile
5387,401101,COMPLETED,2025-06-04 08:18:28,CRM
5388,401102,CREATED,2025-06-04 01:56:28,Dispatch
5389,401102,ASSIGNED,2025-06-04 02:59:28,Dispatch
5390,401102,ENROUTE,2025-06-04 10:18:28,Mobile
5391,401102,ARRIVED,2025-06-04 10:34:28,Mobile
5392,401102,COMPLETED,2025-06-04 15:32:28,Dispatch
5393,401103,CREATED,2025-06-04 02:01:39,Mobile
5394,401103,ASSIGNED,2025-06-04 03:50:39,Dispatch
5395,401103,ENROUTE,2025-06-04 05:55:39,Mobile
5396,401103,ARRIVED,2025-06-04 07:17:39,Dispatch
5397,401104,CREATED,2025-06-04 02:38:47,Dispatch
5398,401104,ASSIGNED,2025-06-04 02:56:47,CRM
5399,401104,ENROUTE,2025-06-04 08:05:47,Dispatch
5400,401104,ARRIVED,2025-06-04 09:24:47,Dispatch
5401,401104,COMPLETED,2025-06-04 13:04:47,Dispatch
5402,401105,CREATED,2025-06-04 06:38:57,Mobile
5403,401105,ASSIGNED,2025-06-04 09:30:57,Mobile
5404,401105,ENROUTE,2025-06-04 12:15:57,CRM
5405,401105,ARRIVED,2025-06-04 13:01:57,Dispatch
5406,401105,COMPLETED,2025-06-04 14:36:57,Mobile
5407,401106,CREATED,2025-06-04 09:45:15,Mobile
5408,401106,ASSIGNED,2025-06-04 12:59:15,Mobile
5409,401106,ENROUTE,2025-06-04 17:47:15,Dispatch
5410,401106,ARRIVED,2025-06-04 20:30:15,Dispatch
5411,401106,COMPLETED,2025-06-05 02:24:15,Mobile
5412,401107,CREATED,2025-06-04 10:20:45,Mobile
5413,401107,ASSIGNED,2025-06-04 10:34:45,Dispatch
5414,401107,ENROUTE,2025-06-04 15:40:45,Dispatch
5415,401107,ARRIVED,2025-06-04 17:14:45,Mobile
5416,401107,COMPLETED,2025-06-04 21:49:45,Dispatch
5417,401108,CREATED,2025-06-04 16:23:42,Dispatch
5418,401108,ASSIGNED,2025-06-04 17:01:42,Dispatch
5419,401108,ENROUTE,2025-06-05 00:02:42,Mobile
5420,401108,ARRIVED,2025-06-05 00:14:42,Dispatch
5421,401108,COMPLETED,2025-06-05 06:08:42,Mobile
5422,401109,CREATED,2025-06-04 17:51:32,Dispatch
5423,401109,ASSIGNED,2025-06-04 18:59:32,Dispatch
5424,401109,ENROUTE,2025-06-04 22:53:32,Mobile
5425,401109,ARRIVED,2025-06-05 00:19:32,CRM
5426,401109,COMPLETED,2025-06-05 03:01:32,Dispatch
5427,401110,CREATED,2025-06-04 18:12:56,Dispatch
5428,401110,ASSIGNED,2025-06-04 18:34:56,Dispatch
5429,401110,ENROUTE,2025-06-04 21:04:56,Dispatch
5430,401110,ARRIVED,2025-06-04 22:30:56,Mobile
5431,401110,COMPLETED,2025-06-05 04:05:56,Dispatch
5432,401111,CREATED,2025-06-04 21:34:54,Mobile
5433,401111,ASSIGNED,2025-06-05 01:28:54,Dispatch
5434,401111,ENROUTE,2025-06-05 05:50:54,Dispatch
5435,401111,ARRIVED,2025-06-05 07:32:54,Dispatch
5436,401111,CANCELLED,2025-06-05 02:28:54,Mobile
5437,401112,CREATED,2025-06-05 01:32:11,CRM
5438,401112,ASSIGNED,2025-06-05 04:51:11,Mobile
5439,401112,ENROUTE,2025-06-05 06:47:11,Dispatch
5440,401112,ARRIVED,2025-06-05 08:06:11,Dispatch
5441,401112,COMPLETED,2025-06-05 11:44:11,Dispatch
5442,401113,CREATED,2025-06-05 02:22:57,Dispatch
5443,401113,ASSIGNED,2025-06-05 04:41:57,Mobile
5444,401113,ENROUTE,2025-06-05 11:16:57,Dispatch
5445,401113,ARRIVED,2025-06-05 12:39:57,Mobile
5446,401113,COMPLETED,2025-06-05 18:30:57,Dispatch
5447,401114,CREATED,2025-06-05 10:27:26,Mobile
5448,401114,ASSIGNED,2025-06-05 11:45:26,Dispatch
5449,401114,ENROUTE,2025-06-05 15:31:26,CRM
5450,401114,ARRIVED,2025-06-05 15:57:26,Dispatch
5451,401114,COMPLETED,2025-06-05 19:20:26,Mobile
5452,401115,CREATED,2025-06-05 10:30:52,Dispatch
5453,401115,ASSIGNED,2025-06-05 11:02:52,Dispatch
5454,401115,ENROUTE,2025-06-05 14:06:52,Dispatch
5455,401115,ARRIVED,2025-06-05 16:01:52,Mobile
5456,401115,COMPLETED,2025-06-05 21:10:52,Dispatch
5457,401116,CREATED,2025-06-06 01:54:25,Mobile
5458,401116,ASSIGNED,2025-06-06 03:18:25,Mobile
5459,401116,ENROUTE,2025-06-06 07:00:25,Mobile
5460,401116,ARRIVED,2025-06-06 08:21:25,Mobile
5461,401116,COMPLETED,2025-06-06 14:17:25,Mobile
5462,401117,CREATED,2025-06-06 10:15:57,Dispatch
5463,401117,ASSIGNED,2025-06-06 12:51:57,Dispatch
5464,401117,ENROUTE,2025-06-06 18:33:57,Mobile
5465,401117,ARRIVED,2025-06-06 19:28:57,Dispatch
5466,401117,COMPLETED,2025-06-06 20:10:57,Mobile
5467,401118,CREATED,2025-06-07 00:55:02,Dispatch
5468,401118,ASSIGNED,2025-06-07 04:15:02,Dispatch
5469,401118,ENROUTE,2025-06-07 08:32:02,Mobile
5470,401118,ARRIVED,2025-06-07 09:14:02,Mobile
5471,401118,COMPLETED,2025-06-07 10:42:02,Dispatch
5472,401119,CREATED,2025-06-07 02:07:08,Dispatch
5473,401119,ASSIGNED,2025-06-07 03:04:08,CRM
5474,401119,ENROUTE,2025-06-07 10:07:08,Dispatch
5475,401119,ARRIVED,2025-06-07 10:34:08,Mobile
5476,401119,COMPLETED,2025-06-07 19:54:08,Dispatch
5477,401120,CREATED,2025-06-07 02:44:44,Mobile
5478,401120,ASSIGNED,2025-06-07 05:05:44,Mobile
5479,401120,ENROUTE,2025-06-07 12:41:44,Dispatch
5480,401120,ARRIVED,2025-06-07 13:52:44,Dispatch
5481,401120,COMPLETED,2025-06-07 19:32:44,CRM
5482,401121,CREATED,2025-06-07 07:28:53,Mobile
5483,401121,ASSIGNED,2025-06-07 08:42:53,Dispatch
5484,401121,ENROUTE,2025-06-07 15:38:53,Mobile
5485,401121,ARRIVED,2025-06-07 16:15:53,Mobile
5486,401122,CREATED,2025-06-07 15:16:15,Mobile
5487,401122,ASSIGNED,2025-06-07 15:36:15,Mobile
5488,401122,ENROUTE,2025-06-07 22:00:15,Dispatch
5489,401122,ARRIVED,2025-06-07 22:45:15,Mobile
5490,401122,COMPLETED,2025-06-08 04:08:15,CRM
5491,401123,CREATED,2025-06-07 15:18:28,Dispatch
5492,401123,ASSIGNED,2025-06-07 16:04:28,Dispatch
5493,401123,ENROUTE,2025-06-07 19:08:28,Dispatch
5494,401123,ARRIVED,2025-06-07 21:33:28,Dispatch
5495,401123,COMPLETED,2025-06-08 00:17:28,Dispatch
5496,401124,CREATED,2025-06-07 20:29:37,Dispatch
5497,401124,ASSIGNED,2025-06-07 23:07:37,Dispatch
5498,401124,ENROUTE,2025-06-08 04:25:37,Mobile
5499,401124,ARRIVED,2025-06-08 06:44:37,Mobile
5500,401124,COMPLETED,2025-06-08 11:28:37,Dispatch
5501,401125,CREATED,2025-06-07 21:46:47,Dispatch
5502,401125,ASSIGNED,2025-06-08 01:27:47,Dispatch
5503,401125,ENROUTE,2025-06-08 03:52:47,Mobile
5504,401125,ARRIVED,2025-06-08 04:59:47,Mobile
5505,401125,COMPLETED,2025-06-08 12:13:47,Mobile
5506,401126,CREATED,2025-06-07 23:57:45,Mobile
5507,401126,ASSIGNED,2025-06-08 03:19:45,Dispatch
5508,401126,ENROUTE,2025-06-08 09:18:45,Mobile
5509,401126,ARRIVED,2025-06-08 10:39:45,Mobile
5510,401126,COMPLETED,2025-06-08 12:41:45,Mobile
5511,401127,CREATED,2025-06-08 00:13:22,Dispatch
5512,401127,ASSIGNED,2025-06-08 03:07:22,Mobile
5513,401127,ENROUTE,2025-06-08 05:46:22,Dispatch
5514,401127,ARRIVED,2025-06-08 07:26:22,Mobile
5515,401127,COMPLETED,2025-06-08 14:35:22,Mobile
5516,401128,CREATED,2025-06-08 00:51:07,Dispatch
5517,401128,ASSIGNED,2025-06-08 02:07:07,Dispatch
5518,401128,ENROUTE,2025-06-08 08:09:07,Dispatch
5519,401128,ARRIVED,2025-06-08 09:52:07,Mobile
5520,401128,COMPLETED,2025-06-08 11:59:07,Dispatch
5521,401129,CREATED,2025-06-08 01:55:07,Mobile
5522,401129,ASSIGNED,2025-06-08 04:24:07,Dispatch
5523,401129,ENROUTE,2025-06-08 07:22:07,Mobile
5524,401129,ARRIVED,2025-06-08 08:39:07,Dispatch
5525,401130,CREATED,2025-06-08 03:00:12,Mobile
5526,401130,ASSIGNED,2025-06-08 04:45:12,Mobile
5527,401130,ENROUTE,2025-06-08 11:50:12,CRM
5528,401130,ARRIVED,2025-06-08 13:19:12,Mobile
5529,401130,COMPLETED,2025-06-08 18:24:12,Mobile
5530,401131,CREATED,2025-06-08 06:26:24,CRM
5531,401131,ASSIGNED,2025-06-08 07:29:24,Dispatch
5532,401131,ENROUTE,2025-06-08 12:03:24,Mobile
5533,401131,ARRIVED,2025-06-08 14:45:24,Mobile
5534,401131,COMPLETED,2025-06-08 23:42:24,Mobile
5535,401132,CREATED,2025-06-08 08:27:41,Mobile
5536,401132,ASSIGNED,2025-06-08 08:53:41,Mobile
5537,401132,ENROUTE,2025-06-08 12:54:41,Mobile
5538,401132,ARRIVED,2025-06-08 15:11:41,Dispatch
5539,401132,COMPLETED,2025-06-08 23:20:41,Mobile
5540,401133,CREATED,2025-06-08 08:30:31,Mobile
5541,401133,ASSIGNED,2025-06-08 11:32:31,Dispatch
5542,401133,ENROUTE,2025-06-08 15:28:31,Dispatch
5543,401133,ARRIVED,2025-06-08 17:11:31,Mobile
5544,401133,COMPLETED,2025-06-08 20:19:31,Dispatch
5545,401134,CREATED,2025-06-08 16:22:16,Dispatch
5546,401134,ASSIGNED,2025-06-08 18:38:16,Dispatch
5547,401134,ENROUTE,2025-06-08 22:25:16,Mobile
5548,401134,ARRIVED,2025-06-09 01:00:16,Mobile
5549,401134,COMPLETED,2025-06-09 06:50:16,CRM
5550,401135,CREATED,2025-06-08 18:13:17,Dispatch
5551,401135,ASSIGNED,2025-06-08 19:42:17,Dispatch
5552,401135,ENROUTE,2025-06-08 23:36:17,Mobile
5553,401135,ARRIVED,2025-06-09 00:11:17,Dispatch
5554,401135,COMPLETED,2025-06-09 07:37:17,CRM
5555,401136,CREATED,2025-06-08 19:19:54,Mobile
5556,401136,ASSIGNED,2025-06-08 21:29:54,Mobile
5557,401136,ENROUTE,2025-06-09 03:48:54,Mobile
5558,401136,ARRIVED,2025-06-09 04:55:54,Mobile
5559,401136,COMPLETED,2025-06-09 13:27:54,Dispatch
5560,401137,CREATED,2025-06-09 01:56:10,Mobile
5561,401137,ASSIGNED,2025-06-09 04:43:10,Mobile
5562,401137,ENROUTE,2025-06-09 07:02:10,Dispatch
5563,401137,ARRIVED,2025-06-09 08:01:10,Mobile
5564,401137,COMPLETED,2025-06-09 12:00:10,Mobile
5565,401138,CREATED,2025-06-09 07:52:47,Dispatch
5566,401138,ASSIGNED,2025-06-09 10:45:47,CRM
5567,401138,ENROUTE,2025-06-09 11:57:47,Mobile
5568,401138,ARRIVED,2025-06-09 14:23:47,Mobile
5569,401138,COMPLETED,2025-06-09 19:26:47,Dispatch
5570,401139,CREATED,2025-06-09 11:42:19,Dispatch
5571,401139,ASSIGNED,2025-06-09 13:56:19,Mobile
5572,401139,ENROUTE,2025-06-09 15:14:19,Dispatch
5573,401139,ARRIVED,2025-06-09 15:55:19,Mobile
5574,401139,COMPLETED,2025-06-09 19:47:19,Mobile
5575,401140,CREATED,2025-06-09 11:58:51,CRM
5576,401140,ASSIGNED,2025-06-09 12:03:51,Dispatch
5577,401140,ENROUTE,2025-06-09 14:39:51,Dispatch
5578,401140,ARRIVED,2025-06-09 16:46:51,Dispatch
5579,401140,COMPLETED,2025-06-10 02:41:51,Dispatch
5580,401141,CREATED,2025-06-09 16:03:57,Mobile
5581,401141,ASSIGNED,2025-06-09 16:55:57,Dispatch
5582,401141,ENROUTE,2025-06-09 21:35:57,Mobile
5583,401141,ARRIVED,2025-06-09 23:44:57,Dispatch
5584,401141,COMPLETED,2025-06-10 03:04:57,Mobile
5585,401142,CREATED,2025-06-09 16:32:04,Dispatch
5586,401142,ASSIGNED,2025-06-09 19:59:04,Mobile
5587,401142,ENROUTE,2025-06-10 00:36:04,Dispatch
5588,401142,ARRIVED,2025-06-10 02:57:04,Mobile
5589,401142,COMPLETED,2025-06-10 05:54:04,Mobile
5590,401143,CREATED,2025-06-09 19:50:04,Dispatch
5591,401143,ASSIGNED,2025-06-09 21:15:04,Mobile
5592,401143,ENROUTE,2025-06-09 22:57:04,Mobile
5593,401143,ARRIVED,2025-06-10 00:06:04,Mobile
5594,401143,COMPLETED,2025-06-10 03:24:04,Dispatch
5595,401144,CREATED,2025-06-10 00:05:20,Mobile
5596,401144,ASSIGNED,2025-06-10 02:43:20,Dispatch
5597,401144,ENROUTE,2025-06-10 05:41:20,CRM
5598,401144,ARRIVED,2025-06-10 07:14:20,Dispatch
5599,401144,COMPLETED,2025-06-10 08:53:20,Dispatch
5600,401145,CREATED,2025-06-10 03:14:04,Mobile
5601,401145,ASSIGNED,2025-06-10 03:27:04,Mobile
5602,401145,ENROUTE,2025-06-10 09:53:04,Dispatch
5603,401145,ARRIVED,2025-06-10 12:41:04,Dispatch
5604,401145,COMPLETED,2025-06-10 18:56:04,Dispatch
5605,401146,CREATED,2025-06-10 04:29:11,Mobile
5606,401146,ASSIGNED,2025-06-10 05:35:11,Mobile
5607,401146,ENROUTE,2025-06-10 07:10:11,Dispatch
5608,401146,ARRIVED,2025-06-10 08:09:11,Mobile
5609,401146,COMPLETED,2025-06-10 17:22:11,Dispatch
5610,401147,CREATED,2025-06-11 05:57:37,Dispatch
5611,401147,ASSIGNED,2025-06-11 09:27:37,Dispatch
5612,401147,ENROUTE,2025-06-11 13:06:37,Dispatch
5613,401147,ARRIVED,2025-06-11 13:55:37,Dispatch
5614,401147,CANCELLED,2025-06-11 10:27:37,Dispatch
5615,401148,CREATED,2025-06-11 06:15:54,Mobile
5616,401148,ASSIGNED,2025-06-11 08:44:54,Mobile
5617,401148,ENROUTE,2025-06-11 13:48:54,Mobile
5618,401148,ARRIVED,2025-06-11 15:53:54,Dispatch
5619,401148,COMPLETED,2025-06-11 18:34:54,Dispatch
5620,401149,CREATED,2025-06-11 08:22:21,Dispatch
5621,401149,ASSIGNED,2025-06-11 09:16:21,CRM
5622,401149,ENROUTE,2025-06-11 16:50:21,Mobile
5623,401149,ARRIVED,2025-06-11 17:47:21,Mobile
5624,401149,COMPLETED,2025-06-12 02:27:21,Dispatch
5625,401150,CREATED,2025-06-11 09:00:50,Dispatch
5626,401150,ASSIGNED,2025-06-11 12:48:50,Mobile
5627,401150,ENROUTE,2025-06-11 18:32:50,Mobile
5628,401150,ARRIVED,2025-06-11 20:01:50,CRM
5629,401150,COMPLETED,2025-06-11 23:45:50,Dispatch
5630,401151,CREATED,2025-06-11 11:27:11,Dispatch
5631,401151,ASSIGNED,2025-06-11 12:07:11,CRM
5632,401151,ENROUTE,2025-06-11 18:58:11,Dispatch
5633,401151,ARRIVED,2025-06-11 21:14:11,Dispatch
5634,401151,COMPLETED,2025-06-12 05:33:11,Dispatch
5635,401152,CREATED,2025-06-11 16:04:21,Mobile
5636,401152,ASSIGNED,2025-06-11 16:48:21,Dispatch
5637,401152,ENROUTE,2025-06-11 18:36:21,Mobile
5638,401152,ARRIVED,2025-06-11 19:43:21,Dispatch
5639,401152,CANCELLED,2025-06-11 17:48:21,Dispatch
5640,401153,CREATED,2025-06-12 02:05:14,Dispatch
5641,401153,ASSIGNED,2025-06-12 05:41:14,Dispatch
5642,401153,ENROUTE,2025-06-12 10:48:14,Dispatch
5643,401153,ARRIVED,2025-06-12 13:14:14,Dispatch
5644,401153,COMPLETED,2025-06-12 18:43:14,Mobile
5645,401154,CREATED,2025-06-12 03:10:47,Mobile
5646,401154,ASSIGNED,2025-06-12 05:14:47,Dispatch
5647,401154,ENROUTE,2025-06-12 06:31:47,CRM
5648,401154,ARRIVED,2025-06-12 06:59:47,Dispatch
5649,401154,COMPLETED,2025-06-12 09:37:47,CRM
5650,401155,CREATED,2025-06-12 04:06:08,Dispatch
5651,401155,ASSIGNED,2025-06-12 04:44:08,Mobile
5652,401155,ENROUTE,2025-06-12 10:14:08,Dispatch
5653,401155,ARRIVED,2025-06-12 12:29:08,Dispatch
5654,401155,COMPLETED,2025-06-12 16:59:08,Dispatch
5655,401156,CREATED,2025-06-12 05:06:47,Dispatch
5656,401156,ASSIGNED,2025-06-12 05:27:47,Dispatch
5657,401156,ENROUTE,2025-06-12 11:53:47,Dispatch
5658,401156,ARRIVED,2025-06-12 14:15:47,Dispatch
5659,401156,COMPLETED,2025-06-12 18:03:47,CRM
5660,401157,CREATED,2025-06-12 10:33:44,Dispatch
5661,401157,ASSIGNED,2025-06-12 12:14:44,Dispatch
5662,401157,ENROUTE,2025-06-12 20:07:44,CRM
5663,401157,ARRIVED,2025-06-12 21:41:44,Dispatch
5664,401158,CREATED,2025-06-13 01:22:04,Mobile
5665,401158,ASSIGNED,2025-06-13 04:33:04,Dispatch
5666,401158,ENROUTE,2025-06-13 08:13:04,Mobile
5667,401158,ARRIVED,2025-06-13 10:52:04,Mobile
5668,401159,CREATED,2025-06-13 03:20:13,Dispatch
5669,401159,ASSIGNED,2025-06-13 07:15:13,Mobile
5670,401159,ENROUTE,2025-06-13 07:56:13,Mobile
5671,401159,ARRIVED,2025-06-13 09:57:13,Mobile
5672,401159,COMPLETED,2025-06-13 13:09:13,Mobile
5673,401160,CREATED,2025-06-13 06:54:48,Dispatch
5674,401160,ASSIGNED,2025-06-13 07:33:48,Dispatch
5675,401160,ENROUTE,2025-06-13 11:23:48,Mobile
5676,401160,ARRIVED,2025-06-13 14:21:48,Mobile
5677,401161,CREATED,2025-06-13 09:47:42,CRM
5678,401161,ASSIGNED,2025-06-13 10:29:42,Dispatch
5679,401161,ENROUTE,2025-06-13 16:02:42,Dispatch
5680,401161,ARRIVED,2025-06-13 18:43:42,Dispatch
5681,401161,COMPLETED,2025-06-13 23:10:42,Dispatch
5682,401162,CREATED,2025-06-13 09:53:37,Dispatch
5683,401162,ASSIGNED,2025-06-13 13:12:37,Dispatch
5684,401162,ENROUTE,2025-06-13 18:00:37,Mobile
5685,401162,ARRIVED,2025-06-13 17:40:37,Mobile
5686,401162,COMPLETED,2025-06-14 00:23:37,Dispatch
5687,401163,CREATED,2025-06-13 11:10:52,Dispatch
5688,401163,ASSIGNED,2025-06-13 13:31:52,Mobile
5689,401163,ENROUTE,2025-06-13 19:51:52,Mobile
5690,401163,ARRIVED,2025-06-13 22:17:52,Mobile
5691,401163,CANCELLED,2025-06-13 14:31:52,Dispatch
5692,401164,CREATED,2025-06-13 13:27:40,Dispatch
5693,401164,ASSIGNED,2025-06-13 13:32:40,Dispatch
5694,401164,ENROUTE,2025-06-13 15:55:40,CRM
5695,401164,ARRIVED,2025-06-13 18:45:40,Mobile
5696,401164,COMPLETED,2025-06-13 22:42:40,Dispatch
5697,401165,CREATED,2025-06-13 14:48:10,Mobile
5698,401165,ASSIGNED,2025-06-13 15:08:10,Dispatch
5699,401165,ENROUTE,2025-06-13 15:45:10,Mobile
5700,401165,ARRIVED,2025-06-13 16:06:10,Mobile
5701,401165,COMPLETED,2025-06-13 23:37:10,Mobile
5702,401166,CREATED,2025-06-13 15:49:54,Mobile
5703,401166,ASSIGNED,2025-06-13 19:23:54,CRM
5704,401166,ENROUTE,2025-06-13 22:09:54,Mobile
5705,401166,ARRIVED,2025-06-13 22:55:54,Mobile
5706,401166,COMPLETED,2025-06-14 00:13:54,Mobile
5707,401167,CREATED,2025-06-14 01:02:46,Dispatch
5708,401167,ASSIGNED,2025-06-14 02:35:46,Mobile
5709,401167,ENROUTE,2025-06-14 08:39:46,Dispatch
5710,401167,ARRIVED,2025-06-14 09:27:46,Dispatch
5711,401167,COMPLETED,2025-06-14 12:06:46,Mobile
5712,401168,CREATED,2025-06-14 01:19:23,Mobile
5713,401168,ASSIGNED,2025-06-14 01:27:23,Dispatch
5714,401168,ENROUTE,2025-06-14 08:06:23,CRM
5715,401168,ARRIVED,2025-06-14 10:10:23,Dispatch
5716,401168,COMPLETED,2025-06-14 15:05:23,Dispatch
5717,401169,CREATED,2025-06-14 02:42:16,Mobile
5718,401169,ASSIGNED,2025-06-14 06:41:16,Dispatch
5719,401169,ENROUTE,2025-06-14 14:15:16,Mobile
5720,401169,ARRIVED,2025-06-14 15:41:16,Mobile
5721,401169,COMPLETED,2025-06-14 23:52:16,Mobile
5722,401170,CREATED,2025-06-14 07:21:16,Mobile
5723,401170,ASSIGNED,2025-06-14 10:39:16,Dispatch
5724,401170,ENROUTE,2025-06-14 12:34:16,Dispatch
5725,401170,ARRIVED,2025-06-14 15:19:16,Mobile
5726,401170,COMPLETED,2025-06-14 23:33:16,Mobile
5727,401171,CREATED,2025-06-14 14:05:00,Mobile
5728,401171,ASSIGNED,2025-06-14 15:56:00,Dispatch
5729,401171,ENROUTE,2025-06-14 19:05:00,Dispatch
5730,401171,ARRIVED,2025-06-14 20:55:00,Dispatch
5731,401172,CREATED,2025-06-14 19:31:16,Dispatch
5732,401172,ASSIGNED,2025-06-14 22:39:16,Dispatch
5733,401172,ENROUTE,2025-06-15 06:33:16,Dispatch
5734,401172,ARRIVED,2025-06-15 07:15:16,Dispatch
5735,401172,COMPLETED,2025-06-15 08:21:16,CRM
5736,401173,CREATED,2025-06-14 23:19:19,Mobile
5737,401173,ASSIGNED,2025-06-15 00:16:19,Dispatch
5738,401173,ENROUTE,2025-06-15 06:19:19,Mobile
5739,401173,ARRIVED,2025-06-15 06:42:19,Dispatch
5740,401173,CANCELLED,2025-06-15 01:16:19,Mobile
5741,401174,CREATED,2025-06-15 02:45:04,Dispatch
5742,401174,ASSIGNED,2025-06-15 04:19:04,Dispatch
5743,401174,ENROUTE,2025-06-15 08:33:04,Mobile
5744,401174,ARRIVED,2025-06-15 09:40:04,CRM
5745,401174,COMPLETED,2025-06-15 19:00:04,Dispatch
5746,401175,CREATED,2025-06-15 10:15:17,Dispatch
5747,401175,ASSIGNED,2025-06-15 11:14:17,Dispatch
5748,401175,ENROUTE,2025-06-15 17:16:17,Dispatch
5749,401175,ARRIVED,2025-06-15 18:12:17,Dispatch
5750,401176,CREATED,2025-06-15 10:51:22,CRM
5751,401176,ASSIGNED,2025-06-15 13:01:22,Dispatch
5752,401176,ENROUTE,2025-06-15 13:40:22,Dispatch
5753,401176,ARRIVED,2025-06-15 15:34:22,Mobile
5754,401176,COMPLETED,2025-06-15 18:37:22,Mobile
5755,401177,CREATED,2025-06-15 11:45:15,Dispatch
5756,401177,ASSIGNED,2025-06-15 11:50:15,Mobile
5757,401177,ENROUTE,2025-06-15 19:28:15,Dispatch
5758,401177,ARRIVED,2025-06-15 20:16:15,Dispatch
5759,401177,COMPLETED,2025-06-16 03:08:15,Mobile
5760,401178,CREATED,2025-06-15 12:48:11,Mobile
5761,401178,ASSIGNED,2025-06-15 13:16:11,Mobile
5762,401178,ENROUTE,2025-06-15 20:11:11,Mobile
5763,401178,ARRIVED,2025-06-15 22:56:11,Dispatch
5764,401178,COMPLETED,2025-06-16 02:57:11,Dispatch
5765,401179,CREATED,2025-06-15 13:08:30,Mobile
5766,401179,ASSIGNED,2025-06-15 13:23:30,Mobile
5767,401179,ENROUTE,2025-06-15 14:51:30,Mobile
5768,401179,ARRIVED,2025-06-15 15:35:30,Mobile
5769,401179,COMPLETED,2025-06-15 17:25:30,Dispatch
5770,401180,CREATED,2025-06-15 15:22:49,Dispatch
5771,401180,ASSIGNED,2025-06-15 16:21:49,Dispatch
5772,401180,ENROUTE,2025-06-15 21:23:49,CRM
5773,401180,ARRIVED,2025-06-15 23:20:49,Dispatch
5774,401180,COMPLETED,2025-06-16 08:21:49,Dispatch
5775,401181,CREATED,2025-06-15 22:05:42,Dispatch
5776,401181,ASSIGNED,2025-06-16 02:02:42,Dispatch
5777,401181,ENROUTE,2025-06-16 04:11:42,Dispatch
5778,401181,ARRIVED,2025-06-16 06:32:42,Mobile
5779,401181,COMPLETED,2025-06-16 10:14:42,Dispatch
5780,401182,CREATED,2025-06-16 01:22:35,Mobile
5781,401182,ASSIGNED,2025-06-16 01:45:35,Dispatch
5782,401182,ENROUTE,2025-06-16 05:10:35,Dispatch
5783,401182,ARRIVED,2025-06-16 05:27:35,Mobile
5784,401182,COMPLETED,2025-06-16 12:24:35,Dispatch
5785,401183,CREATED,2025-06-16 05:51:16,CRM
5786,401183,ASSIGNED,2025-06-16 06:51:16,Mobile
5787,401183,ENROUTE,2025-06-16 12:47:16,Mobile
5788,401183,ARRIVED,2025-06-16 14:32:16,Dispatch
5789,401183,COMPLETED,2025-06-16 18:01:16,Mobile
5790,401184,CREATED,2025-06-16 10:20:33,Dispatch
5791,401184,ASSIGNED,2025-06-16 12:45:33,Dispatch
5792,401184,ENROUTE,2025-06-16 14:28:33,Dispatch
5793,401184,ARRIVED,2025-06-16 15:59:33,Dispatch
5794,401185,CREATED,2025-06-16 11:15:39,Dispatch
5795,401185,ASSIGNED,2025-06-16 12:55:39,Dispatch
5796,401185,ENROUTE,2025-06-16 17:59:39,Dispatch
5797,401185,ARRIVED,2025-06-16 18:42:39,Mobile
5798,401185,COMPLETED,2025-06-16 22:50:39,CRM
5799,401186,CREATED,2025-06-16 13:21:29,Mobile
5800,401186,ASSIGNED,2025-06-16 16:33:29,Mobile
5801,401186,ENROUTE,2025-06-16 18:18:29,Mobile
5802,401186,ARRIVED,2025-06-16 19:34:29,Mobile
5803,401187,CREATED,2025-06-16 14:24:31,Dispatch
5804,401187,ASSIGNED,2025-06-16 16:51:31,Dispatch
5805,401187,ENROUTE,2025-06-16 21:36:31,Mobile
5806,401187,ARRIVED,2025-06-16 23:03:31,Dispatch
5807,401187,COMPLETED,2025-06-17 08:57:31,Mobile
5808,401188,CREATED,2025-06-16 14:56:42,Mobile
5809,401188,ASSIGNED,2025-06-16 17:10:42,Dispatch
5810,401188,ENROUTE,2025-06-16 23:57:42,Mobile
5811,401188,ARRIVED,2025-06-17 00:16:42,Dispatch
5812,401188,COMPLETED,2025-06-17 02:16:42,Dispatch
5813,401189,CREATED,2025-06-16 15:07:18,Dispatch
5814,401189,ASSIGNED,2025-06-16 15:44:18,Mobile
5815,401189,ENROUTE,2025-06-16 17:59:18,Dispatch
5816,401189,ARRIVED,2025-06-16 19:30:18,CRM
5817,401189,COMPLETED,2025-06-17 01:37:18,Dispatch
5818,401190,CREATED,2025-06-16 19:38:23,Mobile
5819,401190,ASSIGNED,2025-06-16 20:20:23,Mobile
5820,401190,ENROUTE,2025-06-16 23:40:23,Mobile
5821,401190,ARRIVED,2025-06-17 01:41:23,Mobile
5822,401190,COMPLETED,2025-06-17 05:16:23,Dispatch
5823,401191,CREATED,2025-06-16 20:34:06,Dispatch
5824,401191,ASSIGNED,2025-06-16 23:08:06,CRM
5825,401191,ENROUTE,2025-06-17 03:38:06,Dispatch
5826,401191,ARRIVED,2025-06-17 04:11:06,Dispatch
5827,401191,COMPLETED,2025-06-17 13:08:06,Mobile
5828,401192,CREATED,2025-06-16 21:13:28,Dispatch
5829,401192,ASSIGNED,2025-06-16 21:34:28,Dispatch
5830,401192,ENROUTE,2025-06-16 23:10:28,CRM
5831,401192,ARRIVED,2025-06-17 00:26:28,Dispatch
5832,401192,COMPLETED,2025-06-17 02:04:28,Mobile
5833,401193,CREATED,2025-06-16 21:37:25,Mobile
5834,401193,ASSIGNED,2025-06-16 22:37:25,Dispatch
5835,401193,ENROUTE,2025-06-17 05:54:25,Mobile
5836,401193,ARRIVED,2025-06-17 07:58:25,Dispatch
5837,401193,COMPLETED,2025-06-17 11:17:25,CRM
5838,401194,CREATED,2025-06-17 04:29:30,Dispatch
5839,401194,ASSIGNED,2025-06-17 08:25:30,CRM
5840,401194,ENROUTE,2025-06-17 11:27:30,Dispatch
5841,401194,ARRIVED,2025-06-17 12:23:30,Mobile
5842,401195,CREATED,2025-06-17 08:17:17,Dispatch
5843,401195,ASSIGNED,2025-06-17 09:04:17,Dispatch
5844,401195,ENROUTE,2025-06-17 14:52:17,Mobile
5845,401195,ARRIVED,2025-06-17 15:47:17,Mobile
5846,401195,COMPLETED,2025-06-17 22:53:17,Mobile
5847,401196,CREATED,2025-06-17 08:51:43,Mobile
5848,401196,ASSIGNED,2025-06-17 12:33:43,Dispatch
5849,401196,ENROUTE,2025-06-17 13:12:43,CRM
5850,401196,ARRIVED,2025-06-17 14:49:43,Dispatch
5851,401196,COMPLETED,2025-06-17 22:24:43,Dispatch
5852,401197,CREATED,2025-06-17 21:13:31,Mobile
5853,401197,ASSIGNED,2025-06-17 21:38:31,CRM
5854,401197,ENROUTE,2025-06-17 22:04:31,Dispatch
5855,401197,ARRIVED,2025-06-17 22:25:31,Dispatch
5856,401197,COMPLETED,2025-06-18 03:01:31,Dispatch
5857,401198,CREATED,2025-06-17 22:05:02,Dispatch
5858,401198,ASSIGNED,2025-06-17 22:35:02,Mobile
5859,401198,ENROUTE,2025-06-18 05:12:02,Mobile
5860,401198,ARRIVED,2025-06-18 07:05:02,Mobile
5861,401198,COMPLETED,2025-06-18 13:33:02,Dispatch
5862,401199,CREATED,2025-06-17 22:32:14,Dispatch
5863,401199,ASSIGNED,2025-06-18 02:03:14,Mobile
5864,401199,ENROUTE,2025-06-18 08:23:14,Dispatch
5865,401199,ARRIVED,2025-06-18 10:22:14,Dispatch
5866,401199,COMPLETED,2025-06-18 13:19:14,Dispatch
5867,401200,CREATED,2025-06-18 09:06:21,Dispatch
5868,401200,ASSIGNED,2025-06-18 11:09:21,Dispatch
5869,401200,ENROUTE,2025-06-18 18:31:21,Mobile
5870,401200,ARRIVED,2025-06-18 20:12:21,Mobile
5871,401200,COMPLETED,2025-06-19 00:10:21,Mobile
5872,401201,CREATED,2025-06-18 14:33:25,Dispatch
5873,401201,ASSIGNED,2025-06-18 17:54:25,Dispatch
5874,401201,ENROUTE,2025-06-18 19:55:25,Dispatch
5875,401201,ARRIVED,2025-06-18 20:46:25,Dispatch
5876,401202,CREATED,2025-06-18 16:51:48,Mobile
5877,401202,ASSIGNED,2025-06-18 17:41:48,Mobile
5878,401202,ENROUTE,2025-06-18 19:14:48,Dispatch
5879,401202,ARRIVED,2025-06-18 22:08:48,Mobile
5880,401202,COMPLETED,2025-06-18 23:04:48,CRM
5881,401203,CREATED,2025-06-18 18:26:32,CRM
5882,401203,ASSIGNED,2025-06-18 19:02:32,Mobile
5883,401203,ENROUTE,2025-06-18 22:08:32,Dispatch
5884,401203,ARRIVED,2025-06-18 23:46:32,Dispatch
5885,401203,COMPLETED,2025-06-19 02:40:32,Mobile
5886,401204,CREATED,2025-06-18 20:43:53,Mobile
5887,401204,ASSIGNED,2025-06-19 00:30:53,Dispatch
5888,401204,ENROUTE,2025-06-19 01:19:53,Dispatch
5889,401204,ARRIVED,2025-06-19 02:40:53,Dispatch
5890,401205,CREATED,2025-06-19 00:41:14,Dispatch
5891,401205,ASSIGNED,2025-06-19 03:09:14,Dispatch
5892,401205,ENROUTE,2025-06-19 05:12:14,Dispatch
5893,401205,ARRIVED,2025-06-19 06:53:14,Dispatch
5894,401205,COMPLETED,2025-06-19 10:31:14,Mobile
5895,401206,CREATED,2025-06-19 02:41:49,Dispatch
5896,401206,ASSIGNED,2025-06-19 03:01:49,Dispatch
5897,401206,ENROUTE,2025-06-19 09:42:49,Dispatch
5898,401206,ARRIVED,2025-06-19 11:30:49,Mobile
5899,401206,COMPLETED,2025-06-19 15:05:49,Dispatch
5900,401207,CREATED,2025-06-19 07:49:33,Mobile
5901,401207,ASSIGNED,2025-06-19 08:54:33,Dispatch
5902,401207,ENROUTE,2025-06-19 11:05:33,Dispatch
5903,401207,ARRIVED,2025-06-19 12:55:33,CRM
5904,401207,COMPLETED,2025-06-19 20:30:33,Dispatch
5905,401208,CREATED,2025-06-19 12:03:44,Mobile
5906,401208,ASSIGNED,2025-06-19 14:32:44,Dispatch
5907,401208,ENROUTE,2025-06-19 17:12:44,Dispatch
5908,401208,ARRIVED,2025-06-19 17:56:44,Dispatch
5909,401208,COMPLETED,2025-06-19 23:05:44,Mobile
5910,401209,CREATED,2025-06-19 17:35:04,Dispatch
5911,401209,ASSIGNED,2025-06-19 17:59:04,Mobile
5912,401209,ENROUTE,2025-06-19 18:22:04,Mobile
5913,401209,ARRIVED,2025-06-19 19:16:04,Mobile
5914,401209,COMPLETED,2025-06-20 04:39:04,Mobile
5915,401210,CREATED,2025-06-19 17:48:15,Dispatch
5916,401210,ASSIGNED,2025-06-19 20:36:15,Mobile
5917,401210,ENROUTE,2025-06-19 21:42:15,Dispatch
5918,401210,ARRIVED,2025-06-19 22:10:15,Dispatch
5919,401210,COMPLETED,2025-06-20 01:46:15,Dispatch
5920,401211,CREATED,2025-06-20 04:37:32,Dispatch
5921,401211,ASSIGNED,2025-06-20 04:53:32,Dispatch
5922,401211,ENROUTE,2025-06-20 06:44:32,Dispatch
5923,401211,ARRIVED,2025-06-20 09:27:32,Dispatch
5924,401211,COMPLETED,2025-06-20 12:49:32,Dispatch
5925,401212,CREATED,2025-06-20 06:51:42,Mobile
5926,401212,ASSIGNED,2025-06-20 10:26:42,Dispatch
5927,401212,ENROUTE,2025-06-20 12:06:42,Mobile
5928,401212,ARRIVED,2025-06-20 14:18:42,Mobile
5929,401212,COMPLETED,2025-06-20 21:22:42,Dispatch
5930,401213,CREATED,2025-06-20 08:39:38,Mobile
5931,401213,ASSIGNED,2025-06-20 09:59:38,Mobile
5932,401213,ENROUTE,2025-06-20 13:20:38,Mobile
5933,401213,ARRIVED,2025-06-20 14:06:38,CRM
5934,401213,COMPLETED,2025-06-20 14:49:38,Dispatch
5935,401214,CREATED,2025-06-20 09:19:19,Dispatch
5936,401214,ASSIGNED,2025-06-20 12:19:19,CRM
5937,401214,ENROUTE,2025-06-20 13:31:19,Dispatch
5938,401214,ARRIVED,2025-06-20 14:05:19,Dispatch
5939,401215,CREATED,2025-06-20 10:11:05,Mobile
5940,401215,ASSIGNED,2025-06-20 12:14:05,Dispatch
5941,401215,ENROUTE,2025-06-20 17:20:05,Mobile
5942,401215,ARRIVED,2025-06-20 19:35:05,Dispatch
5943,401215,COMPLETED,2025-06-20 23:43:05,CRM
5944,401216,CREATED,2025-06-20 14:49:04,Mobile
5945,401216,ASSIGNED,2025-06-20 18:40:04,Dispatch
5946,401216,ENROUTE,2025-06-21 01:05:04,Dispatch
5947,401216,ARRIVED,2025-06-21 03:07:04,Dispatch
5948,401216,COMPLETED,2025-06-21 09:54:04,Dispatch
5949,401217,CREATED,2025-06-20 15:06:40,Dispatch
5950,401217,ASSIGNED,2025-06-20 19:04:40,Mobile
5951,401217,ENROUTE,2025-06-21 01:10:40,Mobile
5952,401217,ARRIVED,2025-06-21 01:56:40,Dispatch
5953,401217,COMPLETED,2025-06-21 10:23:40,CRM
5954,401218,CREATED,2025-06-20 16:14:39,Dispatch
5955,401218,ASSIGNED,2025-06-20 17:14:39,Dispatch
5956,401218,ENROUTE,2025-06-20 21:21:39,Mobile
5957,401218,ARRIVED,2025-06-20 21:01:39,Mobile
5958,401218,COMPLETED,2025-06-21 03:22:39,Mobile
5959,401219,CREATED,2025-06-20 18:06:12,Dispatch
5960,401219,ASSIGNED,2025-06-20 19:36:12,Mobile
5961,401219,ENROUTE,2025-06-21 02:37:12,Dispatch
5962,401219,ARRIVED,2025-06-21 05:28:12,Mobile
5963,401219,COMPLETED,2025-06-21 13:52:12,Mobile
5964,401220,CREATED,2025-06-20 19:19:57,Dispatch
5965,401220,ASSIGNED,2025-06-20 21:47:57,Dispatch
5966,401220,ENROUTE,2025-06-21 01:56:57,Mobile
5967,401220,ARRIVED,2025-06-21 04:38:57,Dispatch
5968,401221,CREATED,2025-06-20 20:38:03,Mobile
5969,401221,ASSIGNED,2025-06-20 22:22:03,CRM
5970,401221,ENROUTE,2025-06-20 22:37:03,CRM
5971,401221,ARRIVED,2025-06-20 23:24:03,Mobile
5972,401222,CREATED,2025-06-20 20:40:47,Dispatch
5973,401222,ASSIGNED,2025-06-20 22:30:47,Dispatch
5974,401222,ENROUTE,2025-06-21 02:36:47,Mobile
5975,401222,ARRIVED,2025-06-21 03:48:47,Dispatch
5976,401223,CREATED,2025-06-20 23:59:22,Dispatch
5977,401223,ASSIGNED,2025-06-21 03:21:22,Dispatch
5978,401223,ENROUTE,2025-06-21 10:50:22,Mobile
5979,401223,ARRIVED,2025-06-21 13:23:22,Dispatch
5980,401224,CREATED,2025-06-21 02:58:25,Dispatch
5981,401224,ASSIGNED,2025-06-21 03:15:25,Mobile
5982,401224,ENROUTE,2025-06-21 10:42:25,Dispatch
5983,401224,ARRIVED,2025-06-21 10:57:25,Mobile
5984,401224,COMPLETED,2025-06-21 15:10:25,Dispatch
5985,401225,CREATED,2025-06-21 04:52:23,Mobile
5986,401225,ASSIGNED,2025-06-21 07:50:23,Dispatch
5987,401225,ENROUTE,2025-06-21 14:28:23,Dispatch
5988,401225,ARRIVED,2025-06-21 16:06:23,Mobile
5989,401225,COMPLETED,2025-06-21 18:36:23,Dispatch
5990,401226,CREATED,2025-06-21 11:21:59,Mobile
5991,401226,ASSIGNED,2025-06-21 14:00:59,Mobile
5992,401226,ENROUTE,2025-06-21 20:01:59,Mobile
5993,401226,ARRIVED,2025-06-21 21:40:59,Dispatch
5994,401226,COMPLETED,2025-06-22 02:17:59,CRM
5995,401227,CREATED,2025-06-21 12:01:05,Dispatch
5996,401227,ASSIGNED,2025-06-21 15:27:05,Mobile
5997,401227,ENROUTE,2025-06-21 15:49:05,Dispatch
5998,401227,ARRIVED,2025-06-21 16:00:05,Mobile
5999,401227,COMPLETED,2025-06-21 17:29:05,Mobile
6000,401228,CREATED,2025-06-21 17:35:53,Dispatch
6001,401228,ASSIGNED,2025-06-21 20:43:53,Dispatch
6002,401228,ENROUTE,2025-06-21 23:02:53,Mobile
6003,401228,ARRIVED,2025-06-22 00:41:53,Mobile
6004,401229,CREATED,2025-06-21 18:20:15,Mobile
6005,401229,ASSIGNED,2025-06-21 20:57:15,Mobile
6006,401229,ENROUTE,2025-06-22 07:54:15,Dispatch
6007,401229,ARRIVED,2025-06-22 07:34:15,Mobile
6008,401229,COMPLETED,2025-06-22 12:12:15,Dispatch
6009,401230,CREATED,2025-06-22 03:22:44,Dispatch
6010,401230,ASSIGNED,2025-06-22 03:38:44,Dispatch
6011,401230,ENROUTE,2025-06-22 11:31:44,CRM
6012,401230,ARRIVED,2025-06-22 14:06:44,Mobile
6013,401230,COMPLETED,2025-06-22 17:47:44,Mobile
6014,401231,CREATED,2025-06-22 08:47:32,Dispatch
6015,401231,ASSIGNED,2025-06-22 09:05:32,Mobile
6016,401231,ENROUTE,2025-06-22 10:43:32,Dispatch
6017,401231,ARRIVED,2025-06-22 11:15:32,Mobile
6018,401231,COMPLETED,2025-06-22 19:54:32,Dispatch
6019,401232,CREATED,2025-06-22 08:57:35,Dispatch
6020,401232,ASSIGNED,2025-06-22 09:37:35,Mobile
6021,401232,ENROUTE,2025-06-22 16:02:35,Dispatch
6022,401232,ARRIVED,2025-06-22 17:31:35,Dispatch
6023,401232,COMPLETED,2025-06-23 03:28:35,Dispatch
6024,401233,CREATED,2025-06-22 11:40:28,Dispatch
6025,401233,ASSIGNED,2025-06-22 14:07:28,Mobile
6026,401233,ENROUTE,2025-06-22 16:15:28,Dispatch
6027,401233,ARRIVED,2025-06-22 17:50:28,Mobile
6028,401233,COMPLETED,2025-06-22 20:41:28,Dispatch
6029,401234,CREATED,2025-06-22 11:48:23,Mobile
6030,401234,ASSIGNED,2025-06-22 13:25:23,Dispatch
6031,401234,ENROUTE,2025-06-22 19:44:23,Dispatch
6032,401234,ARRIVED,2025-06-22 21:02:23,CRM
6033,401234,COMPLETED,2025-06-22 22:09:23,Dispatch
6034,401235,CREATED,2025-06-22 15:04:44,Mobile
6035,401235,ASSIGNED,2025-06-22 15:30:44,Mobile
6036,401235,ENROUTE,2025-06-22 22:19:44,Dispatch
6037,401235,ARRIVED,2025-06-23 00:47:44,Mobile
6038,401235,COMPLETED,2025-06-23 10:24:44,Mobile
6039,401236,CREATED,2025-06-23 04:04:58,Mobile
6040,401236,ASSIGNED,2025-06-23 07:26:58,Dispatch
6041,401236,ENROUTE,2025-06-23 14:11:58,Dispatch
6042,401236,ARRIVED,2025-06-23 15:55:58,Mobile
6043,401236,COMPLETED,2025-06-23 23:45:58,Mobile
6044,401237,CREATED,2025-06-23 08:28:21,Dispatch
6045,401237,ASSIGNED,2025-06-23 10:24:21,Mobile
6046,401237,ENROUTE,2025-06-23 17:45:21,Dispatch
6047,401237,ARRIVED,2025-06-23 20:10:21,Mobile
6048,401237,COMPLETED,2025-06-24 05:11:21,Dispatch
6049,401238,CREATED,2025-06-23 11:41:07,Mobile
6050,401238,ASSIGNED,2025-06-23 12:57:07,Mobile
6051,401238,ENROUTE,2025-06-23 16:46:07,Dispatch
6052,401238,ARRIVED,2025-06-23 17:24:07,Dispatch
6053,401238,COMPLETED,2025-06-23 18:14:07,Mobile
6054,401239,CREATED,2025-06-23 11:41:41,Dispatch
6055,401239,ASSIGNED,2025-06-23 13:52:41,Dispatch
6056,401239,ENROUTE,2025-06-23 19:38:41,Dispatch
6057,401239,ARRIVED,2025-06-23 22:32:41,Mobile
6058,401239,COMPLETED,2025-06-24 01:46:41,Mobile
6059,401240,CREATED,2025-06-23 13:09:13,Mobile
6060,401240,ASSIGNED,2025-06-23 13:34:13,Mobile
6061,401240,ENROUTE,2025-06-23 17:27:13,Mobile
6062,401240,ARRIVED,2025-06-23 20:19:13,Dispatch
6063,401240,COMPLETED,2025-06-24 03:39:13,Dispatch
6064,401241,CREATED,2025-06-23 14:27:58,Dispatch
6065,401241,ASSIGNED,2025-06-23 16:01:58,Mobile
6066,401241,ENROUTE,2025-06-23 16:40:58,Mobile
6067,401241,ARRIVED,2025-06-23 18:29:58,Dispatch
6068,401241,COMPLETED,2025-06-23 20:33:58,Dispatch
6069,401242,CREATED,2025-06-23 21:48:04,Dispatch
6070,401242,ASSIGNED,2025-06-23 21:59:04,Mobile
6071,401242,ENROUTE,2025-06-24 05:51:04,Dispatch
6072,401242,ARRIVED,2025-06-24 08:17:04,Mobile
6073,401242,COMPLETED,2025-06-24 15:09:04,Mobile
6074,401243,CREATED,2025-06-23 22:20:16,Dispatch
6075,401243,ASSIGNED,2025-06-24 00:53:16,Mobile
6076,401243,ENROUTE,2025-06-24 08:05:16,Dispatch
6077,401243,ARRIVED,2025-06-24 11:04:16,Mobile
6078,401243,COMPLETED,2025-06-24 20:53:16,Mobile
6079,401244,CREATED,2025-06-24 05:05:10,CRM
6080,401244,ASSIGNED,2025-06-24 05:36:10,Mobile
6081,401244,ENROUTE,2025-06-24 06:11:10,Dispatch
6082,401244,ARRIVED,2025-06-24 08:59:10,Mobile
6083,401244,COMPLETED,2025-06-24 16:32:10,Dispatch
6084,401245,CREATED,2025-06-24 08:29:02,Dispatch
6085,401245,ASSIGNED,2025-06-24 12:20:02,Dispatch
6086,401245,ENROUTE,2025-06-24 18:33:02,Dispatch
6087,401245,ARRIVED,2025-06-24 19:11:02,CRM
6088,401245,COMPLETED,2025-06-25 00:06:02,Mobile
6089,401246,CREATED,2025-06-24 09:12:41,Mobile
6090,401246,ASSIGNED,2025-06-24 10:37:41,Dispatch
6091,401246,ENROUTE,2025-06-24 14:37:41,CRM
6092,401246,ARRIVED,2025-06-24 15:22:41,Mobile
6093,401246,COMPLETED,2025-06-24 23:40:41,Mobile
6094,401247,CREATED,2025-06-24 21:02:20,Dispatch
6095,401247,ASSIGNED,2025-06-24 22:47:20,Dispatch
6096,401247,ENROUTE,2025-06-25 02:59:20,Mobile
6097,401247,ARRIVED,2025-06-25 03:10:20,Mobile
6098,401247,COMPLETED,2025-06-25 10:44:20,Mobile
6099,401248,CREATED,2025-06-24 21:50:52,Dispatch
6100,401248,ASSIGNED,2025-06-25 00:38:52,CRM
6101,401248,ENROUTE,2025-06-25 02:10:52,Dispatch
6102,401248,ARRIVED,2025-06-25 02:54:52,Dispatch
6103,401248,COMPLETED,2025-06-25 04:06:52,Mobile
6104,401249,CREATED,2025-06-24 23:41:21,Dispatch
6105,401249,ASSIGNED,2025-06-24 23:55:21,Dispatch
6106,401249,ENROUTE,2025-06-25 02:37:21,Mobile
6107,401249,ARRIVED,2025-06-25 04:26:21,Dispatch
6108,401249,CANCELLED,2025-06-25 00:55:21,Dispatch
6109,401250,CREATED,2025-06-25 02:09:30,Dispatch
6110,401250,ASSIGNED,2025-06-25 02:14:30,Dispatch
6111,401250,ENROUTE,2025-06-25 05:28:30,Mobile
6112,401250,ARRIVED,2025-06-25 05:38:30,CRM
6113,401250,COMPLETED,2025-06-25 11:03:30,Mobile
6114,401251,CREATED,2025-06-25 05:12:15,Mobile
6115,401251,ASSIGNED,2025-06-25 08:50:15,Mobile
6116,401251,ENROUTE,2025-06-25 10:13:15,CRM
6117,401251,ARRIVED,2025-06-25 10:43:15,Dispatch
6118,401251,COMPLETED,2025-06-25 15:37:15,Mobile
6119,401252,CREATED,2025-06-25 07:19:41,Dispatch
6120,401252,ASSIGNED,2025-06-25 09:15:41,Dispatch
6121,401252,ENROUTE,2025-06-25 15:09:41,Dispatch
6122,401252,ARRIVED,2025-06-25 15:38:41,Dispatch
6123,401252,COMPLETED,2025-06-25 16:44:41,Mobile
6124,401253,CREATED,2025-06-25 09:01:06,Dispatch
6125,401253,ASSIGNED,2025-06-25 12:23:06,Dispatch
6126,401253,ENROUTE,2025-06-25 20:04:06,Mobile
6127,401253,ARRIVED,2025-06-25 22:08:06,Dispatch
6128,401253,COMPLETED,2025-06-26 07:06:06,Mobile
6129,401254,CREATED,2025-06-25 10:18:24,Dispatch
6130,401254,ASSIGNED,2025-06-25 14:01:24,Dispatch
6131,401254,ENROUTE,2025-06-25 18:59:24,Dispatch
6132,401254,ARRIVED,2025-06-25 21:15:24,Mobile
6133,401254,COMPLETED,2025-06-26 00:00:24,Dispatch
6134,401255,CREATED,2025-06-25 14:09:07,Mobile
6135,401255,ASSIGNED,2025-06-25 15:17:07,CRM
6136,401255,ENROUTE,2025-06-25 20:40:07,Mobile
6137,401255,ARRIVED,2025-06-25 23:16:07,Dispatch
6138,401255,COMPLETED,2025-06-26 08:54:07,Dispatch
6139,401256,CREATED,2025-06-25 15:18:02,Mobile
6140,401256,ASSIGNED,2025-06-25 18:49:02,Dispatch
6141,401256,ENROUTE,2025-06-25 20:51:02,Dispatch
6142,401256,ARRIVED,2025-06-25 23:03:02,Dispatch
6143,401256,COMPLETED,2025-06-26 00:09:02,CRM
6144,401257,CREATED,2025-06-25 15:49:22,Mobile
6145,401257,ASSIGNED,2025-06-25 18:39:22,CRM
6146,401257,ENROUTE,2025-06-25 20:02:22,Dispatch
6147,401257,ARRIVED,2025-06-25 20:28:22,Mobile
6148,401257,COMPLETED,2025-06-26 04:24:22,Mobile
6149,401258,CREATED,2025-06-25 16:15:53,Dispatch
6150,401258,ASSIGNED,2025-06-25 19:52:53,Dispatch
6151,401258,ENROUTE,2025-06-25 21:52:53,Dispatch
6152,401258,ARRIVED,2025-06-25 23:58:53,Mobile
6153,401258,CANCELLED,2025-06-25 20:52:53,Dispatch
6154,401259,CREATED,2025-06-25 22:22:55,Mobile
6155,401259,ASSIGNED,2025-06-26 02:19:55,Mobile
6156,401259,ENROUTE,2025-06-26 02:51:55,Mobile
6157,401259,ARRIVED,2025-06-26 04:28:55,Dispatch
6158,401259,COMPLETED,2025-06-26 14:17:55,Mobile
6159,401260,CREATED,2025-06-25 22:52:56,Mobile
6160,401260,ASSIGNED,2025-06-25 23:20:56,Mobile
6161,401260,ENROUTE,2025-06-26 02:59:56,Dispatch
6162,401260,ARRIVED,2025-06-26 05:26:56,Dispatch
6163,401260,COMPLETED,2025-06-26 06:04:56,Dispatch
6164,401261,CREATED,2025-06-26 03:08:28,Dispatch
6165,401261,ASSIGNED,2025-06-26 06:10:28,Dispatch
6166,401261,ENROUTE,2025-06-26 14:06:28,Dispatch
6167,401261,ARRIVED,2025-06-26 15:00:28,Mobile
6168,401261,COMPLETED,2025-06-26 18:22:28,Dispatch
6169,401262,CREATED,2025-06-26 06:19:50,Dispatch
6170,401262,ASSIGNED,2025-06-26 08:35:50,Dispatch
6171,401262,ENROUTE,2025-06-26 15:18:50,Dispatch
6172,401262,ARRIVED,2025-06-26 17:54:50,Mobile
6173,401262,COMPLETED,2025-06-26 19:05:50,Dispatch
6174,401263,CREATED,2025-06-26 08:47:42,Dispatch
6175,401263,ASSIGNED,2025-06-26 12:36:42,Dispatch
6176,401263,ENROUTE,2025-06-26 18:30:42,Dispatch
6177,401263,ARRIVED,2025-06-26 20:31:42,Dispatch
6178,401263,COMPLETED,2025-06-27 04:12:42,Mobile
6179,401264,CREATED,2025-06-26 16:55:17,Dispatch
6180,401264,ASSIGNED,2025-06-26 17:25:17,Mobile
6181,401264,ENROUTE,2025-06-26 22:26:17,Mobile
6182,401264,ARRIVED,2025-06-27 01:18:17,CRM
6183,401264,COMPLETED,2025-06-27 02:58:17,Dispatch
6184,401265,CREATED,2025-06-26 20:50:11,Mobile
6185,401265,ASSIGNED,2025-06-26 23:32:11,Dispatch
6186,401265,ENROUTE,2025-06-26 23:53:11,Mobile
6187,401265,ARRIVED,2025-06-27 01:59:11,Dispatch
6188,401265,COMPLETED,2025-06-27 11:24:11,Mobile
6189,401266,CREATED,2025-06-27 00:39:15,Dispatch
6190,401266,ASSIGNED,2025-06-27 03:47:15,Mobile
6191,401266,ENROUTE,2025-06-27 11:16:15,Mobile
6192,401266,ARRIVED,2025-06-27 12:46:15,CRM
6193,401266,COMPLETED,2025-06-27 17:19:15,Dispatch
6194,401267,CREATED,2025-06-27 05:56:08,Mobile
6195,401267,ASSIGNED,2025-06-27 06:47:08,Mobile
6196,401267,ENROUTE,2025-06-27 10:19:08,Dispatch
6197,401267,ARRIVED,2025-06-27 11:42:08,Mobile
6198,401267,COMPLETED,2025-06-27 14:52:08,Mobile
6199,401268,CREATED,2025-06-27 07:28:22,Mobile
6200,401268,ASSIGNED,2025-06-27 10:11:22,Dispatch
6201,401268,ENROUTE,2025-06-27 15:00:22,Mobile
6202,401268,ARRIVED,2025-06-27 16:07:22,Dispatch
6203,401268,COMPLETED,2025-06-27 20:11:22,Dispatch
6204,401269,CREATED,2025-06-27 08:22:38,Mobile
6205,401269,ASSIGNED,2025-06-27 09:28:38,Dispatch
6206,401269,ENROUTE,2025-06-27 13:21:38,Mobile
6207,401269,ARRIVED,2025-06-27 14:23:38,Dispatch
6208,401269,COMPLETED,2025-06-27 22:04:38,Mobile
6209,401270,CREATED,2025-06-27 08:57:43,Mobile
6210,401270,ASSIGNED,2025-06-27 09:39:43,Mobile
6211,401270,ENROUTE,2025-06-27 10:35:43,Mobile
6212,401270,ARRIVED,2025-06-27 12:40:43,Dispatch
6213,401271,CREATED,2025-06-27 09:39:53,Dispatch
6214,401271,ASSIGNED,2025-06-27 12:56:53,Dispatch
6215,401271,ENROUTE,2025-06-27 17:10:53,Mobile
6216,401271,ARRIVED,2025-06-27 19:30:53,Dispatch
6217,401271,COMPLETED,2025-06-28 02:22:53,Dispatch
6218,401272,CREATED,2025-06-27 12:17:18,Dispatch
6219,401272,ASSIGNED,2025-06-27 13:46:18,Dispatch
6220,401272,ENROUTE,2025-06-27 15:38:18,Dispatch
6221,401272,ARRIVED,2025-06-27 18:05:18,Mobile
6222,401272,COMPLETED,2025-06-28 03:31:18,Dispatch
6223,401273,CREATED,2025-06-27 13:20:42,Dispatch
6224,401273,ASSIGNED,2025-06-27 14:29:42,Dispatch
6225,401273,ENROUTE,2025-06-27 16:34:42,Mobile
6226,401273,ARRIVED,2025-06-27 16:46:42,CRM
6227,401273,COMPLETED,2025-06-27 20:38:42,Dispatch
6228,401274,CREATED,2025-06-27 17:52:06,Dispatch
6229,401274,ASSIGNED,2025-06-27 19:38:06,Dispatch
6230,401274,ENROUTE,2025-06-27 23:24:06,Dispatch
6231,401274,ARRIVED,2025-06-28 00:16:06,Dispatch
6232,401274,COMPLETED,2025-06-28 04:13:06,Dispatch
6233,401275,CREATED,2025-06-27 20:53:36,Dispatch
6234,401275,ASSIGNED,2025-06-28 00:46:36,Dispatch
6235,401275,ENROUTE,2025-06-28 05:43:36,Dispatch
6236,401275,ARRIVED,2025-06-28 08:21:36,Dispatch
6237,401275,CANCELLED,2025-06-28 01:46:36,Mobile
6238,401276,CREATED,2025-06-27 22:57:08,Dispatch
6239,401276,ASSIGNED,2025-06-28 02:54:08,Dispatch
6240,401276,ENROUTE,2025-06-28 03:09:08,Mobile
6241,401276,ARRIVED,2025-06-28 04:06:08,Dispatch
6242,401277,CREATED,2025-06-28 05:41:29,Dispatch
6243,401277,ASSIGNED,2025-06-28 09:15:29,Mobile
6244,401277,ENROUTE,2025-06-28 12:29:29,Mobile
6245,401277,ARRIVED,2025-06-28 13:37:29,Dispatch
6246,401277,COMPLETED,2025-06-28 15:34:29,Mobile
6247,401278,CREATED,2025-06-28 09:31:20,Dispatch
6248,401278,ASSIGNED,2025-06-28 10:33:20,Dispatch
6249,401278,ENROUTE,2025-06-28 18:22:20,Mobile
6250,401278,ARRIVED,2025-06-28 20:56:20,Dispatch
6251,401278,COMPLETED,2025-06-29 05:41:20,Mobile
6252,401279,CREATED,2025-06-28 21:56:33,Dispatch
6253,401279,ASSIGNED,2025-06-28 23:25:33,Mobile
6254,401279,ENROUTE,2025-06-29 06:44:33,Dispatch
6255,401279,ARRIVED,2025-06-29 07:00:33,Dispatch
6256,401280,CREATED,2025-06-29 06:27:15,Dispatch
6257,401280,ASSIGNED,2025-06-29 06:57:15,Dispatch
6258,401280,ENROUTE,2025-06-29 14:03:15,Dispatch
6259,401280,ARRIVED,2025-06-29 15:15:15,Dispatch
6260,401280,CANCELLED,2025-06-29 07:57:15,Dispatch
6261,401281,CREATED,2025-06-29 08:08:41,Dispatch
6262,401281,ASSIGNED,2025-06-29 09:05:41,Mobile
6263,401281,ENROUTE,2025-06-29 16:17:41,Mobile
6264,401281,ARRIVED,2025-06-29 18:10:41,Dispatch
6265,401282,CREATED,2025-06-29 13:18:50,Dispatch
6266,401282,ASSIGNED,2025-06-29 15:35:50,CRM
6267,401282,ENROUTE,2025-06-29 17:52:50,Dispatch
6268,401282,ARRIVED,2025-06-29 19:55:50,Dispatch
6269,401282,COMPLETED,2025-06-30 01:11:50,CRM
6270,401283,CREATED,2025-06-29 16:24:23,Dispatch
6271,401283,ASSIGNED,2025-06-29 17:44:23,Dispatch
6272,401283,ENROUTE,2025-06-29 23:50:23,Dispatch
6273,401283,ARRIVED,2025-06-30 01:25:23,Mobile
6274,401283,COMPLETED,2025-06-30 05:00:23,Mobile
6275,401284,CREATED,2025-06-29 20:53:24,Dispatch
6276,401284,ASSIGNED,2025-06-29 23:25:24,Mobile
6277,401284,ENROUTE,2025-06-30 02:47:24,Mobile
6278,401284,ARRIVED,2025-06-30 03:26:24,Dispatch
6279,401284,CANCELLED,2025-06-30 00:25:24,Dispatch
6280,401285,CREATED,2025-06-30 07:58:02,Dispatch
6281,401285,ASSIGNED,2025-06-30 08:28:02,Mobile
6282,401285,ENROUTE,2025-06-30 10:33:02,Mobile
6283,401285,ARRIVED,2025-06-30 12:28:02,Mobile
6284,401285,COMPLETED,2025-06-30 14:16:02,Dispatch
6285,401286,CREATED,2025-06-30 08:37:43,Mobile
6286,401286,ASSIGNED,2025-06-30 09:52:43,Dispatch
6287,401286,ENROUTE,2025-06-30 11:01:43,CRM
6288,401286,ARRIVED,2025-06-30 11:51:43,Dispatch
6289,401286,COMPLETED,2025-06-30 17:37:43,Mobile
6290,401287,CREATED,2025-06-30 15:32:08,Dispatch
6291,401287,ASSIGNED,2025-06-30 15:53:08,Mobile
6292,401287,ENROUTE,2025-06-30 18:29:08,Mobile
6293,401287,ARRIVED,2025-06-30 21:09:08,Dispatch
6294,401288,CREATED,2025-06-30 16:11:58,Dispatch
6295,401288,ASSIGNED,2025-06-30 17:21:58,Mobile
6296,401288,ENROUTE,2025-06-30 19:04:58,Dispatch
6297,401288,ARRIVED,2025-06-30 21:47:58,Dispatch
6298,401289,CREATED,2025-06-30 16:14:43,Dispatch
6299,401289,ASSIGNED,2025-06-30 18:49:43,Dispatch
6300,401289,ENROUTE,2025-06-30 19:29:43,CRM
6301,401289,ARRIVED,2025-06-30 20:06:43,Mobile
6302,401289,COMPLETED,2025-06-30 22:40:43,Dispatch
6303,401290,CREATED,2025-07-01 03:23:57,Mobile
6304,401290,ASSIGNED,2025-07-01 05:14:57,CRM
6305,401290,ENROUTE,2025-07-01 11:38:57,Dispatch
6306,401290,ARRIVED,2025-07-01 13:19:57,Mobile
6307,401290,COMPLETED,2025-07-01 13:50:57,Mobile
6308,401291,CREATED,2025-07-01 08:22:00,CRM
6309,401291,ASSIGNED,2025-07-01 10:12:00,Dispatch
6310,401291,ENROUTE,2025-07-01 17:22:00,Mobile
6311,401291,ARRIVED,2025-07-01 20:14:00,Mobile
6312,401291,COMPLETED,2025-07-02 04:54:00,Mobile
6313,401292,CREATED,2025-07-02 00:35:27,Mobile
6314,401292,ASSIGNED,2025-07-02 03:12:27,Mobile
6315,401292,ENROUTE,2025-07-02 07:35:27,Mobile
6316,401292,ARRIVED,2025-07-02 09:26:27,Mobile
6317,401292,COMPLETED,2025-07-02 17:32:27,Dispatch
6318,401293,CREATED,2025-07-02 00:44:48,Dispatch
6319,401293,ASSIGNED,2025-07-02 03:29:48,Dispatch
6320,401293,ENROUTE,2025-07-02 07:59:48,Mobile
6321,401293,ARRIVED,2025-07-02 09:31:48,Mobile
6322,401293,COMPLETED,2025-07-02 13:12:48,Dispatch
6323,401294,CREATED,2025-07-02 02:15:02,Dispatch
6324,401294,ASSIGNED,2025-07-02 04:02:02,Dispatch
6325,401294,ENROUTE,2025-07-02 07:41:02,Dispatch
6326,401294,ARRIVED,2025-07-02 09:32:02,Mobile
6327,401294,COMPLETED,2025-07-02 18:13:02,CRM
6328,401295,CREATED,2025-07-02 08:18:06,Dispatch
6329,401295,ASSIGNED,2025-07-02 11:43:06,Dispatch
6330,401295,ENROUTE,2025-07-02 18:27:06,CRM
6331,401295,ARRIVED,2025-07-02 19:24:06,Mobile
6332,401295,CANCELLED,2025-07-02 12:43:06,Dispatch
6333,401296,CREATED,2025-07-02 08:33:00,Dispatch
6334,401296,ASSIGNED,2025-07-02 08:49:00,Mobile
6335,401296,ENROUTE,2025-07-02 13:43:00,Dispatch
6336,401296,ARRIVED,2025-07-02 14:32:00,Mobile
6337,401296,COMPLETED,2025-07-02 16:13:00,Mobile
6338,401297,CREATED,2025-07-02 10:00:25,Dispatch
6339,401297,ASSIGNED,2025-07-02 10:21:25,Dispatch
6340,401297,ENROUTE,2025-07-02 17:02:25,Mobile
6341,401297,ARRIVED,2025-07-02 18:34:25,Mobile
6342,401297,COMPLETED,2025-07-02 20:58:25,Mobile
6343,401298,CREATED,2025-07-02 11:26:25,Dispatch
6344,401298,ASSIGNED,2025-07-02 12:32:25,Mobile
6345,401298,ENROUTE,2025-07-02 20:13:25,Mobile
6346,401298,ARRIVED,2025-07-02 22:43:25,Mobile
6347,401298,COMPLETED,2025-07-03 07:14:25,Mobile
6348,401299,CREATED,2025-07-02 15:26:33,Mobile
6349,401299,ASSIGNED,2025-07-02 18:21:33,CRM
6350,401299,ENROUTE,2025-07-02 22:40:33,CRM
6351,401299,ARRIVED,2025-07-03 00:48:33,CRM
6352,401299,COMPLETED,2025-07-03 08:57:33,Mobile
6353,401300,CREATED,2025-07-02 15:54:59,Dispatch
6354,401300,ASSIGNED,2025-07-02 16:56:59,Mobile
6355,401300,ENROUTE,2025-07-02 18:32:59,Mobile
6356,401300,ARRIVED,2025-07-02 19:24:59,Dispatch
6357,401300,COMPLETED,2025-07-03 02:45:59,Mobile
6358,401301,CREATED,2025-07-02 20:04:58,Mobile
6359,401301,ASSIGNED,2025-07-02 21:57:58,Mobile
6360,401301,ENROUTE,2025-07-02 23:42:58,Dispatch
6361,401301,ARRIVED,2025-07-03 00:10:58,Dispatch
6362,401301,COMPLETED,2025-07-03 10:02:58,Dispatch
6363,401302,CREATED,2025-07-03 00:29:00,Dispatch
6364,401302,ASSIGNED,2025-07-03 01:03:00,CRM
6365,401302,ENROUTE,2025-07-03 07:49:00,Dispatch
6366,401302,ARRIVED,2025-07-03 09:40:00,Mobile
6367,401302,COMPLETED,2025-07-03 17:40:00,Dispatch
6368,401303,CREATED,2025-07-03 07:43:03,Dispatch
6369,401303,ASSIGNED,2025-07-03 08:05:03,Dispatch
6370,401303,ENROUTE,2025-07-03 15:27:03,CRM
6371,401303,ARRIVED,2025-07-03 16:59:03,CRM
6372,401303,COMPLETED,2025-07-04 01:00:03,Dispatch
6373,401304,CREATED,2025-07-03 10:53:38,Dispatch
6374,401304,ASSIGNED,2025-07-03 14:02:38,CRM
6375,401304,ENROUTE,2025-07-03 21:22:38,Mobile
6376,401304,ARRIVED,2025-07-03 23:59:38,CRM
6377,401304,COMPLETED,2025-07-04 08:56:38,Dispatch
6378,401305,CREATED,2025-07-03 14:37:27,Dispatch
6379,401305,ASSIGNED,2025-07-03 15:51:27,Dispatch
6380,401305,ENROUTE,2025-07-03 22:29:27,Dispatch
6381,401305,ARRIVED,2025-07-03 23:25:27,Dispatch
6382,401305,COMPLETED,2025-07-04 02:21:27,Mobile
6383,401306,CREATED,2025-07-03 15:26:09,Mobile
6384,401306,ASSIGNED,2025-07-03 17:31:09,CRM
6385,401306,ENROUTE,2025-07-03 19:46:09,CRM
6386,401306,ARRIVED,2025-07-03 20:53:09,Mobile
6387,401306,COMPLETED,2025-07-04 00:50:09,Dispatch
6388,401307,CREATED,2025-07-03 17:52:13,Dispatch
6389,401307,ASSIGNED,2025-07-03 20:47:13,Dispatch
6390,401307,ENROUTE,2025-07-04 00:33:13,Mobile
6391,401307,ARRIVED,2025-07-04 00:57:13,Mobile
6392,401307,COMPLETED,2025-07-04 04:49:13,Dispatch
6393,401308,CREATED,2025-07-03 18:04:44,CRM
6394,401308,ASSIGNED,2025-07-03 18:32:44,Mobile
6395,401308,ENROUTE,2025-07-03 21:55:44,Dispatch
6396,401308,ARRIVED,2025-07-04 00:00:44,Mobile
6397,401308,COMPLETED,2025-07-04 09:15:44,Dispatch
6398,401309,CREATED,2025-07-03 21:11:31,Mobile
6399,401309,ASSIGNED,2025-07-04 00:10:31,Dispatch
6400,401309,ENROUTE,2025-07-04 03:02:31,Mobile
6401,401309,ARRIVED,2025-07-04 03:52:31,Mobile
6402,401309,COMPLETED,2025-07-04 13:49:31,Dispatch
6403,401310,CREATED,2025-07-04 00:35:37,Mobile
6404,401310,ASSIGNED,2025-07-04 01:58:37,CRM
6405,401310,ENROUTE,2025-07-04 06:16:37,Mobile
6406,401310,ARRIVED,2025-07-04 08:28:37,Mobile
6407,401310,COMPLETED,2025-07-04 12:14:37,Mobile
6408,401311,CREATED,2025-07-04 08:16:03,Dispatch
6409,401311,ASSIGNED,2025-07-04 11:58:03,Dispatch
6410,401311,ENROUTE,2025-07-04 12:48:03,Mobile
6411,401311,ARRIVED,2025-07-04 13:55:03,Dispatch
6412,401311,COMPLETED,2025-07-04 15:11:03,Mobile
6413,401312,CREATED,2025-07-04 13:37:54,Mobile
6414,401312,ASSIGNED,2025-07-04 16:52:54,Dispatch
6415,401312,ENROUTE,2025-07-05 00:21:54,Mobile
6416,401312,ARRIVED,2025-07-05 00:39:54,CRM
6417,401312,COMPLETED,2025-07-05 06:41:54,Dispatch
6418,401313,CREATED,2025-07-04 15:44:54,Dispatch
6419,401313,ASSIGNED,2025-07-04 17:55:54,Dispatch
6420,401313,ENROUTE,2025-07-04 21:57:54,Dispatch
6421,401313,ARRIVED,2025-07-05 00:34:54,Mobile
6422,401314,CREATED,2025-07-04 20:40:04,CRM
6423,401314,ASSIGNED,2025-07-05 00:36:04,Dispatch
6424,401314,ENROUTE,2025-07-05 06:14:04,Mobile
6425,401314,ARRIVED,2025-07-05 07:44:04,Dispatch
6426,401314,COMPLETED,2025-07-05 14:14:04,Dispatch
6427,401315,CREATED,2025-07-04 20:47:49,Mobile
6428,401315,ASSIGNED,2025-07-04 21:59:49,Mobile
6429,401315,ENROUTE,2025-07-05 02:35:49,Mobile
6430,401315,ARRIVED,2025-07-05 04:49:49,Dispatch
6431,401315,COMPLETED,2025-07-05 12:02:49,Dispatch
6432,401316,CREATED,2025-07-04 21:00:36,Dispatch
6433,401316,ASSIGNED,2025-07-04 21:44:36,Dispatch
6434,401316,ENROUTE,2025-07-05 01:12:36,Mobile
6435,401316,ARRIVED,2025-07-05 01:58:36,Mobile
6436,401316,COMPLETED,2025-07-05 05:48:36,Dispatch
6437,401317,CREATED,2025-07-05 06:06:34,Dispatch
6438,401317,ASSIGNED,2025-07-05 09:45:34,Dispatch
6439,401317,ENROUTE,2025-07-05 15:01:34,Mobile
6440,401317,ARRIVED,2025-07-05 16:29:34,Dispatch
6441,401317,COMPLETED,2025-07-06 01:46:34,Mobile
6442,401318,CREATED,2025-07-05 06:24:31,Mobile
6443,401318,ASSIGNED,2025-07-05 10:17:31,Dispatch
6444,401318,ENROUTE,2025-07-05 11:45:31,Mobile
6445,401318,ARRIVED,2025-07-05 12:46:31,Mobile
6446,401318,COMPLETED,2025-07-05 22:42:31,Mobile
6447,401319,CREATED,2025-07-05 06:35:31,CRM
6448,401319,ASSIGNED,2025-07-05 09:37:31,Dispatch
6449,401319,ENROUTE,2025-07-05 13:08:31,Mobile
6450,401319,ARRIVED,2025-07-05 13:21:31,Mobile
6451,401319,COMPLETED,2025-07-05 19:48:31,Dispatch
6452,401320,CREATED,2025-07-05 08:06:56,CRM
6453,401320,ASSIGNED,2025-07-05 11:28:56,Dispatch
6454,401320,ENROUTE,2025-07-05 17:42:56,Dispatch
6455,401320,ARRIVED,2025-07-05 18:03:56,Mobile
6456,401320,COMPLETED,2025-07-05 20:15:56,CRM
6457,401321,CREATED,2025-07-05 08:16:58,CRM
6458,401321,ASSIGNED,2025-07-05 09:44:58,Dispatch
6459,401321,ENROUTE,2025-07-05 14:49:58,Dispatch
6460,401321,ARRIVED,2025-07-05 17:30:58,Mobile
6461,401321,CANCELLED,2025-07-05 10:44:58,Dispatch
6462,401322,CREATED,2025-07-05 08:44:49,Mobile
6463,401322,ASSIGNED,2025-07-05 10:56:49,Dispatch
6464,401322,ENROUTE,2025-07-05 14:29:49,Mobile
6465,401322,ARRIVED,2025-07-05 15:06:49,CRM
6466,401322,COMPLETED,2025-07-06 00:08:49,Mobile
6467,401323,CREATED,2025-07-05 11:47:51,CRM
6468,401323,ASSIGNED,2025-07-05 13:21:51,Mobile
6469,401323,ENROUTE,2025-07-05 20:58:51,Mobile
6470,401323,ARRIVED,2025-07-05 21:19:51,Dispatch
6471,401323,COMPLETED,2025-07-06 02:54:51,Mobile
6472,401324,CREATED,2025-07-05 12:05:13,Dispatch
6473,401324,ASSIGNED,2025-07-05 13:03:13,Dispatch
6474,401324,ENROUTE,2025-07-05 15:49:13,Mobile
6475,401324,ARRIVED,2025-07-05 18:26:13,Dispatch
6476,401324,COMPLETED,2025-07-06 02:05:13,Dispatch
6477,401325,CREATED,2025-07-05 16:32:17,Dispatch
6478,401325,ASSIGNED,2025-07-05 17:11:17,Mobile
6479,401325,ENROUTE,2025-07-05 20:54:17,Mobile
6480,401325,ARRIVED,2025-07-05 21:29:17,Mobile
6481,401325,COMPLETED,2025-07-06 03:15:17,Mobile
6482,401326,CREATED,2025-07-05 16:55:14,Mobile
6483,401326,ASSIGNED,2025-07-05 18:27:14,Dispatch
6484,401326,ENROUTE,2025-07-05 22:59:14,Mobile
6485,401326,ARRIVED,2025-07-06 00:02:14,Dispatch
6486,401326,COMPLETED,2025-07-06 09:31:14,Mobile
6487,401327,CREATED,2025-07-05 19:22:41,CRM
6488,401327,ASSIGNED,2025-07-05 22:14:41,Dispatch
6489,401327,ENROUTE,2025-07-06 05:27:41,Mobile
6490,401327,ARRIVED,2025-07-06 08:25:41,Dispatch
6491,401327,COMPLETED,2025-07-06 16:32:41,Dispatch
6492,401328,CREATED,2025-07-05 20:23:49,Mobile
6493,401328,ASSIGNED,2025-07-05 23:23:49,Dispatch
6494,401328,ENROUTE,2025-07-06 02:11:49,Dispatch
6495,401328,ARRIVED,2025-07-06 05:09:49,Mobile
6496,401328,COMPLETED,2025-07-06 11:09:49,Dispatch
6497,401329,CREATED,2025-07-05 22:57:53,Dispatch
6498,401329,ASSIGNED,2025-07-06 01:21:53,CRM
6499,401329,ENROUTE,2025-07-06 07:11:53,Mobile
6500,401329,ARRIVED,2025-07-06 09:41:53,Dispatch
6501,401329,COMPLETED,2025-07-06 16:26:53,Mobile
6502,401330,CREATED,2025-07-06 00:58:30,Dispatch
6503,401330,ASSIGNED,2025-07-06 01:35:30,Mobile
6504,401330,ENROUTE,2025-07-06 03:38:30,Mobile
6505,401330,ARRIVED,2025-07-06 05:20:30,Dispatch
6506,401330,COMPLETED,2025-07-06 11:50:30,Mobile
6507,401331,CREATED,2025-07-06 01:54:50,Dispatch
6508,401331,ASSIGNED,2025-07-06 05:01:50,Mobile
6509,401331,ENROUTE,2025-07-06 07:39:50,Dispatch
6510,401331,ARRIVED,2025-07-06 09:46:50,Dispatch
6511,401331,CANCELLED,2025-07-06 06:01:50,Dispatch
6512,401332,CREATED,2025-07-06 02:55:50,Dispatch
6513,401332,ASSIGNED,2025-07-06 06:22:50,Mobile
6514,401332,ENROUTE,2025-07-06 09:42:50,Dispatch
6515,401332,ARRIVED,2025-07-06 10:03:50,Mobile
6516,401332,COMPLETED,2025-07-06 18:06:50,Dispatch
6517,401333,CREATED,2025-07-06 07:25:09,Mobile
6518,401333,ASSIGNED,2025-07-06 10:38:09,Mobile
6519,401333,ENROUTE,2025-07-06 16:07:09,Mobile
6520,401333,ARRIVED,2025-07-06 16:25:09,Dispatch
6521,401333,COMPLETED,2025-07-06 23:27:09,Dispatch
6522,401334,CREATED,2025-07-06 08:18:08,Mobile
6523,401334,ASSIGNED,2025-07-06 09:51:08,Mobile
6524,401334,ENROUTE,2025-07-06 12:06:08,Dispatch
6525,401334,ARRIVED,2025-07-06 12:56:08,Dispatch
6526,401334,COMPLETED,2025-07-06 14:36:08,Mobile
6527,401335,CREATED,2025-07-06 08:39:07,Dispatch
6528,401335,ASSIGNED,2025-07-06 12:20:07,Dispatch
6529,401335,ENROUTE,2025-07-06 13:03:07,Dispatch
6530,401335,ARRIVED,2025-07-06 15:25:07,Mobile
6531,401335,COMPLETED,2025-07-07 01:08:07,Dispatch
6532,401336,CREATED,2025-07-06 16:05:22,Dispatch
6533,401336,ASSIGNED,2025-07-06 19:56:22,Mobile
6534,401336,ENROUTE,2025-07-06 21:40:22,CRM
6535,401336,ARRIVED,2025-07-06 22:22:22,Dispatch
6536,401337,CREATED,2025-07-06 16:25:18,Dispatch
6537,401337,ASSIGNED,2025-07-06 17:10:18,Dispatch
6538,401337,ENROUTE,2025-07-06 18:27:18,Mobile
6539,401337,ARRIVED,2025-07-06 21:12:18,Dispatch
6540,401337,COMPLETED,2025-07-06 22:22:18,Dispatch
6541,401338,CREATED,2025-07-06 20:25:30,CRM
6542,401338,ASSIGNED,2025-07-06 21:53:30,Dispatch
6543,401338,ENROUTE,2025-07-07 03:35:30,Dispatch
6544,401338,ARRIVED,2025-07-07 05:50:30,Mobile
6545,401338,COMPLETED,2025-07-07 13:57:30,Mobile
6546,401339,CREATED,2025-07-07 00:45:29,Mobile
6547,401339,ASSIGNED,2025-07-07 02:44:29,Dispatch
6548,401339,ENROUTE,2025-07-07 06:16:29,Dispatch
6549,401339,ARRIVED,2025-07-07 08:00:29,CRM
6550,401339,COMPLETED,2025-07-07 17:28:29,Dispatch
6551,401340,CREATED,2025-07-07 04:31:07,Dispatch
6552,401340,ASSIGNED,2025-07-07 08:23:07,Dispatch
6553,401340,ENROUTE,2025-07-07 12:24:07,Mobile
6554,401340,ARRIVED,2025-07-07 15:11:07,Dispatch
6555,401340,COMPLETED,2025-07-07 23:19:07,Mobile
6556,401341,CREATED,2025-07-07 06:02:36,Mobile
6557,401341,ASSIGNED,2025-07-07 08:58:36,Dispatch
6558,401341,ENROUTE,2025-07-07 12:29:36,Mobile
6559,401341,ARRIVED,2025-07-07 14:49:36,Mobile
6560,401341,COMPLETED,2025-07-07 19:15:36,Dispatch
6561,401342,CREATED,2025-07-07 06:03:11,Dispatch
6562,401342,ASSIGNED,2025-07-07 07:17:11,Mobile
6563,401342,ENROUTE,2025-07-07 12:21:11,Mobile
6564,401342,ARRIVED,2025-07-07 14:33:11,Dispatch
6565,401342,CANCELLED,2025-07-07 08:17:11,Dispatch
6566,401343,CREATED,2025-07-07 06:37:42,Mobile
6567,401343,ASSIGNED,2025-07-07 06:43:42,Dispatch
6568,401343,ENROUTE,2025-07-07 13:34:42,Dispatch
6569,401343,ARRIVED,2025-07-07 13:54:42,Mobile
6570,401343,COMPLETED,2025-07-07 17:44:42,Mobile
6571,401344,CREATED,2025-07-08 00:19:40,Dispatch
6572,401344,ASSIGNED,2025-07-08 01:26:40,Mobile
6573,401344,ENROUTE,2025-07-08 04:06:40,Dispatch
6574,401344,ARRIVED,2025-07-08 04:37:40,Dispatch
6575,401344,COMPLETED,2025-07-08 11:38:40,Dispatch
6576,401345,CREATED,2025-07-08 00:25:08,Mobile
6577,401345,ASSIGNED,2025-07-08 02:24:08,Mobile
6578,401345,ENROUTE,2025-07-08 05:49:08,Mobile
6579,401345,ARRIVED,2025-07-08 07:28:08,Dispatch
6580,401346,CREATED,2025-07-08 01:01:01,Mobile
6581,401346,ASSIGNED,2025-07-08 03:14:01,CRM
6582,401346,ENROUTE,2025-07-08 10:01:01,Dispatch
6583,401346,ARRIVED,2025-07-08 10:27:01,Dispatch
6584,401346,COMPLETED,2025-07-08 13:12:01,Mobile
6585,401347,CREATED,2025-07-08 03:44:10,Mobile
6586,401347,ASSIGNED,2025-07-08 05:47:10,Dispatch
6587,401347,ENROUTE,2025-07-08 07:28:10,Dispatch
6588,401347,ARRIVED,2025-07-08 10:14:10,Mobile
6589,401347,COMPLETED,2025-07-08 16:34:10,Dispatch
6590,401348,CREATED,2025-07-08 08:25:59,Dispatch
6591,401348,ASSIGNED,2025-07-08 11:31:59,Mobile
6592,401348,ENROUTE,2025-07-08 17:56:59,CRM
6593,401348,ARRIVED,2025-07-08 20:36:59,Dispatch
6594,401348,COMPLETED,2025-07-09 04:46:59,Mobile
6595,401349,CREATED,2025-07-08 11:46:37,Mobile
6596,401349,ASSIGNED,2025-07-08 12:21:37,Dispatch
6597,401349,ENROUTE,2025-07-08 17:16:37,CRM
6598,401349,ARRIVED,2025-07-08 20:14:37,Dispatch
6599,401349,COMPLETED,2025-07-09 02:42:37,Mobile
6600,401350,CREATED,2025-07-08 14:04:05,Dispatch
6601,401350,ASSIGNED,2025-07-08 17:35:05,Dispatch
6602,401350,ENROUTE,2025-07-08 20:36:05,Mobile
6603,401350,ARRIVED,2025-07-08 22:46:05,Mobile
6604,401350,COMPLETED,2025-07-09 00:54:05,Mobile
6605,401351,CREATED,2025-07-08 22:06:46,Dispatch
6606,401351,ASSIGNED,2025-07-08 22:56:46,Mobile
6607,401351,ENROUTE,2025-07-09 03:38:46,Dispatch
6608,401351,ARRIVED,2025-07-09 04:40:46,Mobile
6609,401351,COMPLETED,2025-07-09 13:24:46,Dispatch
6610,401352,CREATED,2025-07-08 22:15:40,Mobile
6611,401352,ASSIGNED,2025-07-08 23:15:40,Dispatch
6612,401352,ENROUTE,2025-07-09 01:21:40,Dispatch
6613,401352,ARRIVED,2025-07-09 01:33:40,Dispatch
6614,401352,COMPLETED,2025-07-09 07:12:40,CRM
6615,401353,CREATED,2025-07-09 05:19:15,Dispatch
6616,401353,ASSIGNED,2025-07-09 06:19:15,Mobile
6617,401353,ENROUTE,2025-07-09 11:49:15,Mobile
6618,401353,ARRIVED,2025-07-09 13:27:15,Dispatch
6619,401353,COMPLETED,2025-07-09 19:51:15,Mobile
6620,401354,CREATED,2025-07-09 06:13:19,Dispatch
6621,401354,ASSIGNED,2025-07-09 08:19:19,Dispatch
6622,401354,ENROUTE,2025-07-09 13:56:19,Dispatch
6623,401354,ARRIVED,2025-07-09 15:15:19,Dispatch
6624,401354,COMPLETED,2025-07-09 19:32:19,Dispatch
6625,401355,CREATED,2025-07-09 07:24:20,Mobile
6626,401355,ASSIGNED,2025-07-09 10:47:20,CRM
6627,401355,ENROUTE,2025-07-09 14:12:20,CRM
6628,401355,ARRIVED,2025-07-09 14:28:20,Dispatch
6629,401355,COMPLETED,2025-07-09 23:43:20,Mobile
6630,401356,CREATED,2025-07-09 11:45:16,Mobile
6631,401356,ASSIGNED,2025-07-09 14:37:16,Mobile
6632,401356,ENROUTE,2025-07-09 18:39:16,Dispatch
6633,401356,ARRIVED,2025-07-09 21:28:16,Mobile
6634,401357,CREATED,2025-07-09 17:05:47,Dispatch
6635,401357,ASSIGNED,2025-07-09 20:11:47,Dispatch
6636,401357,ENROUTE,2025-07-10 02:37:47,Dispatch
6637,401357,ARRIVED,2025-07-10 04:44:47,CRM
6638,401358,CREATED,2025-07-10 01:47:36,Mobile
6639,401358,ASSIGNED,2025-07-10 03:38:36,CRM
6640,401358,ENROUTE,2025-07-10 10:21:36,Dispatch
6641,401358,ARRIVED,2025-07-10 12:48:36,Mobile
6642,401358,COMPLETED,2025-07-10 18:26:36,CRM
6643,401359,CREATED,2025-07-10 06:35:08,Dispatch
6644,401359,ASSIGNED,2025-07-10 09:51:08,Dispatch
6645,401359,ENROUTE,2025-07-10 11:46:08,Dispatch
6646,401359,ARRIVED,2025-07-10 12:49:08,Mobile
6647,401359,COMPLETED,2025-07-10 21:32:08,Dispatch
6648,401360,CREATED,2025-07-10 10:34:16,Dispatch
6649,401360,ASSIGNED,2025-07-10 10:50:16,Dispatch
6650,401360,ENROUTE,2025-07-10 13:36:16,Dispatch
6651,401360,ARRIVED,2025-07-10 14:34:16,Dispatch
6652,401360,COMPLETED,2025-07-10 20:50:16,Dispatch
6653,401361,CREATED,2025-07-10 14:27:09,CRM
6654,401361,ASSIGNED,2025-07-10 17:25:09,Dispatch
6655,401361,ENROUTE,2025-07-10 20:58:09,CRM
6656,401361,ARRIVED,2025-07-10 22:27:09,Mobile
6657,401361,COMPLETED,2025-07-11 07:20:09,CRM
6658,401362,CREATED,2025-07-10 16:51:10,Mobile
6659,401362,ASSIGNED,2025-07-10 17:57:10,Dispatch
6660,401362,ENROUTE,2025-07-10 21:51:10,Mobile
6661,401362,ARRIVED,2025-07-10 23:00:10,Mobile
6662,401362,COMPLETED,2025-07-11 04:38:10,Dispatch
6663,401363,CREATED,2025-07-10 17:56:29,Dispatch
6664,401363,ASSIGNED,2025-07-10 20:30:29,Mobile
6665,401363,ENROUTE,2025-07-11 01:38:29,Mobile
6666,401363,ARRIVED,2025-07-11 02:01:29,Dispatch
6667,401364,CREATED,2025-07-10 18:15:22,Dispatch
6668,401364,ASSIGNED,2025-07-10 21:13:22,Mobile
6669,401364,ENROUTE,2025-07-11 00:47:22,Dispatch
6670,401364,ARRIVED,2025-07-11 02:12:22,CRM
6671,401364,COMPLETED,2025-07-11 05:44:22,Dispatch
6672,401365,CREATED,2025-07-10 19:26:22,Dispatch
6673,401365,ASSIGNED,2025-07-10 21:33:22,Mobile
6674,401365,ENROUTE,2025-07-11 01:15:22,Mobile
6675,401365,ARRIVED,2025-07-11 02:10:22,Dispatch
6676,401365,COMPLETED,2025-07-11 06:34:22,Dispatch
6677,401366,CREATED,2025-07-10 21:49:51,CRM
6678,401366,ASSIGNED,2025-07-10 22:59:51,Mobile
6679,401366,ENROUTE,2025-07-11 00:00:51,CRM
6680,401366,ARRIVED,2025-07-11 00:28:51,Mobile
6681,401366,COMPLETED,2025-07-11 02:26:51,CRM
6682,401367,CREATED,2025-07-10 23:37:39,Dispatch
6683,401367,ASSIGNED,2025-07-11 00:23:39,Dispatch
6684,401367,ENROUTE,2025-07-11 05:01:39,Dispatch
6685,401367,ARRIVED,2025-07-11 07:29:39,Mobile
6686,401367,COMPLETED,2025-07-11 16:42:39,Dispatch
6687,401368,CREATED,2025-07-11 00:19:40,Dispatch
6688,401368,ASSIGNED,2025-07-11 01:56:40,Mobile
6689,401368,ENROUTE,2025-07-11 09:32:40,Dispatch
6690,401368,ARRIVED,2025-07-11 11:52:40,Dispatch
6691,401368,COMPLETED,2025-07-11 13:05:40,Dispatch
6692,401369,CREATED,2025-07-11 01:27:07,Mobile
6693,401369,ASSIGNED,2025-07-11 02:48:07,Dispatch
6694,401369,ENROUTE,2025-07-11 08:40:07,Mobile
6695,401369,ARRIVED,2025-07-11 11:06:07,Dispatch
6696,401369,COMPLETED,2025-07-11 16:10:07,CRM
6697,401370,CREATED,2025-07-11 03:53:46,Mobile
6698,401370,ASSIGNED,2025-07-11 06:53:46,Mobile
6699,401370,ENROUTE,2025-07-11 08:39:46,Mobile
6700,401370,ARRIVED,2025-07-11 10:56:46,Dispatch
6701,401370,COMPLETED,2025-07-11 16:39:46,Dispatch
6702,401371,CREATED,2025-07-11 05:50:11,CRM
6703,401371,ASSIGNED,2025-07-11 06:12:11,Dispatch
6704,401371,ENROUTE,2025-07-11 06:55:11,Mobile
6705,401371,ARRIVED,2025-07-11 07:31:11,Dispatch
6706,401372,CREATED,2025-07-11 06:46:01,Dispatch
6707,401372,ASSIGNED,2025-07-11 10:04:01,Mobile
6708,401372,ENROUTE,2025-07-11 15:09:01,Mobile
6709,401372,ARRIVED,2025-07-11 15:56:01,Dispatch
6710,401372,COMPLETED,2025-07-11 20:48:01,Mobile
6711,401373,CREATED,2025-07-11 10:57:22,CRM
6712,401373,ASSIGNED,2025-07-11 13:52:22,Dispatch
6713,401373,ENROUTE,2025-07-11 14:51:22,Mobile
6714,401373,ARRIVED,2025-07-11 16:01:22,Mobile
6715,401373,COMPLETED,2025-07-11 18:04:22,Dispatch
6716,401374,CREATED,2025-07-11 11:47:57,Dispatch
6717,401374,ASSIGNED,2025-07-11 14:10:57,Mobile
6718,401374,ENROUTE,2025-07-11 19:42:57,Dispatch
6719,401374,ARRIVED,2025-07-11 19:22:57,Dispatch
6720,401374,COMPLETED,2025-07-12 03:26:57,Mobile
6721,401375,CREATED,2025-07-11 12:26:35,Mobile
6722,401375,ASSIGNED,2025-07-11 16:05:35,Dispatch
6723,401375,ENROUTE,2025-07-11 23:58:35,Dispatch
6724,401375,ARRIVED,2025-07-12 01:15:35,Mobile
6725,401375,COMPLETED,2025-07-12 03:40:35,Dispatch
6726,401376,CREATED,2025-07-11 15:01:08,Mobile
6727,401376,ASSIGNED,2025-07-11 15:47:08,Mobile
6728,401376,ENROUTE,2025-07-11 18:57:08,Dispatch
6729,401376,ARRIVED,2025-07-11 21:26:08,Dispatch
6730,401376,COMPLETED,2025-07-11 22:26:08,Dispatch
6731,401377,CREATED,2025-07-11 20:08:55,Dispatch
6732,401377,ASSIGNED,2025-07-11 21:03:55,CRM
6733,401377,ENROUTE,2025-07-11 22:05:55,CRM
6734,401377,ARRIVED,2025-07-11 23:05:55,Dispatch
6735,401378,CREATED,2025-07-11 20:12:37,Dispatch
6736,401378,ASSIGNED,2025-07-11 22:29:37,Dispatch
6737,401378,ENROUTE,2025-07-12 00:04:37,Dispatch
6738,401378,ARRIVED,2025-07-12 02:28:37,Dispatch
6739,401378,COMPLETED,2025-07-12 10:50:37,Mobile
6740,401379,CREATED,2025-07-11 23:54:42,Mobile
6741,401379,ASSIGNED,2025-07-12 00:34:42,Mobile
6742,401379,ENROUTE,2025-07-12 05:55:42,Dispatch
6743,401379,ARRIVED,2025-07-12 06:14:42,Mobile
6744,401379,COMPLETED,2025-07-12 10:28:42,Dispatch
6745,401380,CREATED,2025-07-12 02:00:36,Mobile
6746,401380,ASSIGNED,2025-07-12 05:13:36,CRM
6747,401380,ENROUTE,2025-07-12 11:59:36,CRM
6748,401380,ARRIVED,2025-07-12 14:21:36,Dispatch
6749,401380,COMPLETED,2025-07-12 22:36:36,CRM
6750,401381,CREATED,2025-07-12 03:04:47,Dispatch
6751,401381,ASSIGNED,2025-07-12 04:49:47,Mobile
6752,401381,ENROUTE,2025-07-12 12:13:47,Dispatch
6753,401381,ARRIVED,2025-07-12 14:30:47,Dispatch
6754,401381,COMPLETED,2025-07-12 19:35:47,Dispatch
6755,401382,CREATED,2025-07-12 05:11:25,Dispatch
6756,401382,ASSIGNED,2025-07-12 06:05:25,Mobile
6757,401382,ENROUTE,2025-07-12 13:10:25,Mobile
6758,401382,ARRIVED,2025-07-12 14:21:25,Dispatch
6759,401382,COMPLETED,2025-07-12 20:03:25,Dispatch
6760,401383,CREATED,2025-07-12 07:34:51,Dispatch
6761,401383,ASSIGNED,2025-07-12 10:25:51,CRM
6762,401383,ENROUTE,2025-07-12 14:46:51,Mobile
6763,401383,ARRIVED,2025-07-12 15:45:51,Dispatch
6764,401383,COMPLETED,2025-07-13 01:36:51,Mobile
6765,401384,CREATED,2025-07-12 09:55:22,Mobile
6766,401384,ASSIGNED,2025-07-12 11:46:22,Dispatch
6767,401384,ENROUTE,2025-07-12 19:44:22,CRM
6768,401384,ARRIVED,2025-07-12 22:05:22,Mobile
6769,401384,COMPLETED,2025-07-13 00:16:22,Mobile
6770,401385,CREATED,2025-07-13 07:55:54,Dispatch
6771,401385,ASSIGNED,2025-07-13 09:26:54,Mobile
6772,401385,ENROUTE,2025-07-13 15:06:54,Dispatch
6773,401385,ARRIVED,2025-07-13 15:56:54,Dispatch
6774,401385,COMPLETED,2025-07-13 17:03:54,Mobile
6775,401386,CREATED,2025-07-13 10:23:08,Mobile
6776,401386,ASSIGNED,2025-07-13 14:19:08,Dispatch
6777,401386,ENROUTE,2025-07-13 19:41:08,Dispatch
6778,401386,ARRIVED,2025-07-13 21:34:08,Dispatch
6779,401386,COMPLETED,2025-07-14 03:34:08,Dispatch
6780,401387,CREATED,2025-07-13 14:03:33,Dispatch
6781,401387,ASSIGNED,2025-07-13 17:52:33,Dispatch
6782,401387,ENROUTE,2025-07-13 18:55:33,Dispatch
6783,401387,ARRIVED,2025-07-13 19:07:33,Dispatch
6784,401387,COMPLETED,2025-07-13 20:44:33,Mobile
6785,401388,CREATED,2025-07-13 21:56:06,Dispatch
6786,401388,ASSIGNED,2025-07-13 22:38:06,CRM
6787,401388,ENROUTE,2025-07-14 07:10:06,Dispatch
6788,401388,ARRIVED,2025-07-14 06:50:06,Dispatch
6789,401388,COMPLETED,2025-07-14 16:26:06,Mobile
6790,401389,CREATED,2025-07-14 00:51:06,Dispatch
6791,401389,ASSIGNED,2025-07-14 02:51:06,Mobile
6792,401389,ENROUTE,2025-07-14 10:42:06,CRM
6793,401389,ARRIVED,2025-07-14 13:31:06,Dispatch
6794,401389,COMPLETED,2025-07-14 17:22:06,Mobile
6795,401390,CREATED,2025-07-14 01:13:59,Mobile
6796,401390,ASSIGNED,2025-07-14 04:22:59,Mobile
6797,401390,ENROUTE,2025-07-14 10:44:59,CRM
6798,401390,ARRIVED,2025-07-14 13:41:59,Dispatch
6799,401390,COMPLETED,2025-07-14 21:29:59,Mobile
6800,401391,CREATED,2025-07-14 20:39:46,Mobile
6801,401391,ASSIGNED,2025-07-15 00:36:46,Mobile
6802,401391,ENROUTE,2025-07-15 00:52:46,Dispatch
6803,401391,ARRIVED,2025-07-15 03:35:46,Dispatch
6804,401391,COMPLETED,2025-07-15 11:41:46,Mobile
6805,401392,CREATED,2025-07-14 20:56:43,Dispatch
6806,401392,ASSIGNED,2025-07-14 22:51:43,Dispatch
6807,401392,ENROUTE,2025-07-15 02:16:43,Dispatch
6808,401392,ARRIVED,2025-07-15 02:41:43,Mobile
6809,401392,COMPLETED,2025-07-15 07:41:43,Dispatch
6810,401393,CREATED,2025-07-14 22:43:42,Dispatch
6811,401393,ASSIGNED,2025-07-15 00:32:42,Mobile
6812,401393,ENROUTE,2025-07-15 03:50:42,Mobile
6813,401393,ARRIVED,2025-07-15 05:58:42,Mobile
6814,401393,COMPLETED,2025-07-15 15:04:42,Dispatch
6815,401394,CREATED,2025-07-15 01:22:33,Mobile
6816,401394,ASSIGNED,2025-07-15 02:14:33,Mobile
6817,401394,ENROUTE,2025-07-15 10:10:33,Dispatch
6818,401394,ARRIVED,2025-07-15 12:22:33,Mobile
6819,401394,COMPLETED,2025-07-15 16:51:33,Mobile
6820,401395,CREATED,2025-07-15 02:27:32,Dispatch
6821,401395,ASSIGNED,2025-07-15 04:25:32,Dispatch
6822,401395,ENROUTE,2025-07-15 10:07:32,Mobile
6823,401395,ARRIVED,2025-07-15 10:36:32,Mobile
6824,401395,COMPLETED,2025-07-15 19:38:32,Dispatch
6825,401396,CREATED,2025-07-15 08:00:23,Mobile
6826,401396,ASSIGNED,2025-07-15 08:58:23,Dispatch
6827,401396,ENROUTE,2025-07-15 12:26:23,CRM
6828,401396,ARRIVED,2025-07-15 12:46:23,Mobile
6829,401397,CREATED,2025-07-15 09:39:54,Dispatch
6830,401397,ASSIGNED,2025-07-15 10:04:54,Dispatch
6831,401397,ENROUTE,2025-07-15 16:11:54,Dispatch
6832,401397,ARRIVED,2025-07-15 18:12:54,Mobile
6833,401398,CREATED,2025-07-15 10:11:14,CRM
6834,401398,ASSIGNED,2025-07-15 12:04:14,Dispatch
6835,401398,ENROUTE,2025-07-15 15:10:14,CRM
6836,401398,ARRIVED,2025-07-15 15:25:14,Dispatch
6837,401398,CANCELLED,2025-07-15 13:04:14,Dispatch
6838,401399,CREATED,2025-07-15 17:32:46,Mobile
6839,401399,ASSIGNED,2025-07-15 20:48:46,Mobile
6840,401399,ENROUTE,2025-07-15 22:14:46,Mobile
6841,401399,ARRIVED,2025-07-15 23:53:46,Mobile
6842,401400,CREATED,2025-07-15 21:13:00,Mobile
6843,401400,ASSIGNED,2025-07-15 23:37:00,Dispatch
6844,401400,ENROUTE,2025-07-16 05:53:00,Mobile
6845,401400,ARRIVED,2025-07-16 08:29:00,Mobile
6846,401400,COMPLETED,2025-07-16 11:00:00,Mobile
6847,401401,CREATED,2025-07-16 01:37:27,CRM
6848,401401,ASSIGNED,2025-07-16 02:27:27,Dispatch
6849,401401,ENROUTE,2025-07-16 06:59:27,Mobile
6850,401401,ARRIVED,2025-07-16 08:17:27,Dispatch
6851,401401,COMPLETED,2025-07-16 09:22:27,Dispatch
6852,401402,CREATED,2025-07-16 04:20:13,Mobile
6853,401402,ASSIGNED,2025-07-16 06:29:13,Dispatch
6854,401402,ENROUTE,2025-07-16 09:59:13,Mobile
6855,401402,ARRIVED,2025-07-16 12:28:13,Mobile
6856,401402,COMPLETED,2025-07-16 16:35:13,Mobile
6857,401403,CREATED,2025-07-16 12:09:11,Dispatch
6858,401403,ASSIGNED,2025-07-16 15:37:11,Dispatch
6859,401403,ENROUTE,2025-07-16 20:53:11,Dispatch
6860,401403,ARRIVED,2025-07-16 23:42:11,CRM
6861,401403,COMPLETED,2025-07-17 05:24:11,Dispatch
6862,401404,CREATED,2025-07-16 18:21:59,Mobile
6863,401404,ASSIGNED,2025-07-16 20:44:59,Dispatch
6864,401404,ENROUTE,2025-07-17 04:33:59,Mobile
6865,401404,ARRIVED,2025-07-17 06:37:59,Mobile
6866,401404,COMPLETED,2025-07-17 15:20:59,Dispatch
6867,401405,CREATED,2025-07-16 20:28:45,CRM
6868,401405,ASSIGNED,2025-07-16 21:02:45,Mobile
6869,401405,ENROUTE,2025-07-17 04:08:45,Dispatch
6870,401405,ARRIVED,2025-07-17 05:07:45,Dispatch
6871,401406,CREATED,2025-07-16 21:35:46,Mobile
6872,401406,ASSIGNED,2025-07-16 23:42:46,Mobile
6873,401406,ENROUTE,2025-07-17 06:21:46,Dispatch
6874,401406,ARRIVED,2025-07-17 07:41:46,Dispatch
6875,401406,COMPLETED,2025-07-17 13:36:46,Dispatch
6876,401407,CREATED,2025-07-17 04:42:53,Mobile
6877,401407,ASSIGNED,2025-07-17 06:23:53,CRM
6878,401407,ENROUTE,2025-07-17 13:56:53,Mobile
6879,401407,ARRIVED,2025-07-17 15:03:53,Mobile
6880,401408,CREATED,2025-07-17 06:58:24,CRM
6881,401408,ASSIGNED,2025-07-17 07:46:24,Dispatch
6882,401408,ENROUTE,2025-07-17 09:50:24,Dispatch
6883,401408,ARRIVED,2025-07-17 12:15:24,Dispatch
6884,401408,COMPLETED,2025-07-17 18:47:24,Mobile
6885,401409,CREATED,2025-07-17 14:58:24,Mobile
6886,401409,ASSIGNED,2025-07-17 18:45:24,CRM
6887,401409,ENROUTE,2025-07-17 20:57:24,Dispatch
6888,401409,ARRIVED,2025-07-17 21:46:24,Mobile
6889,401409,COMPLETED,2025-07-18 01:10:24,Mobile
6890,401410,CREATED,2025-07-17 22:04:39,Mobile
6891,401410,ASSIGNED,2025-07-18 01:10:39,Mobile
6892,401410,ENROUTE,2025-07-18 06:02:39,Mobile
6893,401410,ARRIVED,2025-07-18 08:08:39,Mobile
6894,401411,CREATED,2025-07-18 00:08:58,Mobile
6895,401411,ASSIGNED,2025-07-18 01:41:58,Mobile
6896,401411,ENROUTE,2025-07-18 07:07:58,Dispatch
6897,401411,ARRIVED,2025-07-18 09:22:58,Mobile
6898,401411,COMPLETED,2025-07-18 10:57:58,CRM
6899,401412,CREATED,2025-07-18 01:29:24,Dispatch
6900,401412,ASSIGNED,2025-07-18 04:19:24,Dispatch
6901,401412,ENROUTE,2025-07-18 04:43:24,Mobile
6902,401412,ARRIVED,2025-07-18 06:04:24,Dispatch
6903,401412,COMPLETED,2025-07-18 14:26:24,Mobile
6904,401413,CREATED,2025-07-18 05:14:16,Dispatch
6905,401413,ASSIGNED,2025-07-18 08:42:16,Mobile
6906,401413,ENROUTE,2025-07-18 15:06:16,Mobile
6907,401413,ARRIVED,2025-07-18 16:41:16,Dispatch
6908,401413,COMPLETED,2025-07-18 23:12:16,Dispatch
6909,401414,CREATED,2025-07-18 11:39:09,CRM
6910,401414,ASSIGNED,2025-07-18 11:55:09,Dispatch
6911,401414,ENROUTE,2025-07-18 16:57:09,Dispatch
6912,401414,ARRIVED,2025-07-18 19:30:09,Dispatch
6913,401414,COMPLETED,2025-07-19 04:37:09,CRM
6914,401415,CREATED,2025-07-18 17:29:18,Dispatch
6915,401415,ASSIGNED,2025-07-18 19:21:18,Mobile
6916,401415,ENROUTE,2025-07-19 02:13:18,Mobile
6917,401415,ARRIVED,2025-07-19 04:09:18,Dispatch
6918,401415,COMPLETED,2025-07-19 08:09:18,Dispatch
6919,401416,CREATED,2025-07-18 18:35:36,Dispatch
6920,401416,ASSIGNED,2025-07-18 20:28:36,Dispatch
6921,401416,ENROUTE,2025-07-19 02:04:36,Dispatch
6922,401416,ARRIVED,2025-07-19 05:00:36,CRM
6923,401416,COMPLETED,2025-07-19 13:29:36,Mobile
6924,401417,CREATED,2025-07-18 19:40:58,Dispatch
6925,401417,ASSIGNED,2025-07-18 20:30:58,Mobile
6926,401417,ENROUTE,2025-07-19 01:59:58,Dispatch
6927,401417,ARRIVED,2025-07-19 02:37:58,Dispatch
6928,401417,COMPLETED,2025-07-19 03:13:58,Mobile
6929,401418,CREATED,2025-07-19 00:25:15,Dispatch
6930,401418,ASSIGNED,2025-07-19 01:26:15,CRM
6931,401418,ENROUTE,2025-07-19 02:16:15,Dispatch
6932,401418,ARRIVED,2025-07-19 03:06:15,Dispatch
6933,401418,COMPLETED,2025-07-19 07:24:15,Dispatch
6934,401419,CREATED,2025-07-19 14:35:42,Dispatch
6935,401419,ASSIGNED,2025-07-19 17:01:42,Dispatch
6936,401419,ENROUTE,2025-07-19 18:50:42,Dispatch
6937,401419,ARRIVED,2025-07-19 20:57:42,Dispatch
6938,401419,COMPLETED,2025-07-20 06:53:42,Dispatch
6939,401420,CREATED,2025-07-19 15:31:39,Mobile
6940,401420,ASSIGNED,2025-07-19 17:47:39,Mobile
6941,401420,ENROUTE,2025-07-20 00:14:39,Dispatch
6942,401420,ARRIVED,2025-07-20 00:48:39,Dispatch
6943,401420,COMPLETED,2025-07-20 06:05:39,Mobile
6944,401421,CREATED,2025-07-19 15:33:36,Dispatch
6945,401421,ASSIGNED,2025-07-19 16:38:36,Mobile
6946,401421,ENROUTE,2025-07-19 21:28:36,Mobile
6947,401421,ARRIVED,2025-07-20 00:00:36,Mobile
6948,401421,COMPLETED,2025-07-20 08:17:36,CRM
6949,401422,CREATED,2025-07-19 15:35:24,Mobile
6950,401422,ASSIGNED,2025-07-19 18:44:24,Dispatch
6951,401422,ENROUTE,2025-07-20 01:56:24,CRM
6952,401422,ARRIVED,2025-07-20 02:47:24,Mobile
6953,401422,COMPLETED,2025-07-20 05:35:24,Mobile
6954,401423,CREATED,2025-07-19 23:17:10,Mobile
6955,401423,ASSIGNED,2025-07-20 02:25:10,Dispatch
6956,401423,ENROUTE,2025-07-20 06:48:10,Mobile
6957,401423,ARRIVED,2025-07-20 09:37:10,Dispatch
6958,401423,COMPLETED,2025-07-20 11:25:10,Mobile
6959,401424,CREATED,2025-07-20 09:12:06,Dispatch
6960,401424,ASSIGNED,2025-07-20 12:22:06,Mobile
6961,401424,ENROUTE,2025-07-20 15:06:06,Dispatch
6962,401424,ARRIVED,2025-07-20 16:35:06,Mobile
6963,401424,CANCELLED,2025-07-20 13:22:06,Dispatch
6964,401425,CREATED,2025-07-20 09:53:41,Mobile
6965,401425,ASSIGNED,2025-07-20 13:51:41,Mobile
6966,401425,ENROUTE,2025-07-20 21:29:41,Mobile
6967,401425,ARRIVED,2025-07-20 22:34:41,Dispatch
6968,401425,COMPLETED,2025-07-20 23:55:41,Dispatch
6969,401426,CREATED,2025-07-20 12:08:52,Mobile
6970,401426,ASSIGNED,2025-07-20 13:07:52,Dispatch
6971,401426,ENROUTE,2025-07-20 15:37:52,Dispatch
6972,401426,ARRIVED,2025-07-20 18:35:52,Dispatch
6973,401426,COMPLETED,2025-07-20 20:06:52,Dispatch
6974,401427,CREATED,2025-07-20 17:26:09,Dispatch
6975,401427,ASSIGNED,2025-07-20 21:18:09,Mobile
6976,401427,ENROUTE,2025-07-20 21:49:09,Mobile
6977,401427,ARRIVED,2025-07-20 22:26:09,Dispatch
6978,401428,CREATED,2025-07-20 18:48:33,Dispatch
6979,401428,ASSIGNED,2025-07-20 19:51:33,Dispatch
6980,401428,ENROUTE,2025-07-21 03:23:33,Mobile
6981,401428,ARRIVED,2025-07-21 06:14:33,Mobile
6982,401428,COMPLETED,2025-07-21 09:05:33,Mobile
6983,401429,CREATED,2025-07-21 08:24:23,Mobile
6984,401429,ASSIGNED,2025-07-21 09:20:23,Mobile
6985,401429,ENROUTE,2025-07-21 14:36:23,CRM
6986,401429,ARRIVED,2025-07-21 15:25:23,Mobile
6987,401430,CREATED,2025-07-21 12:04:28,Dispatch
6988,401430,ASSIGNED,2025-07-21 13:27:28,Mobile
6989,401430,ENROUTE,2025-07-21 14:50:28,CRM
6990,401430,ARRIVED,2025-07-21 15:39:28,Dispatch
6991,401430,CANCELLED,2025-07-21 14:27:28,Mobile
6992,401431,CREATED,2025-07-21 16:28:18,Dispatch
6993,401431,ASSIGNED,2025-07-21 17:17:18,Dispatch
6994,401431,ENROUTE,2025-07-21 18:11:18,Dispatch
6995,401431,ARRIVED,2025-07-21 20:21:18,Dispatch
6996,401431,COMPLETED,2025-07-22 04:33:18,Mobile
6997,401432,CREATED,2025-07-21 18:02:13,Mobile
6998,401432,ASSIGNED,2025-07-21 18:35:13,Dispatch
6999,401432,ENROUTE,2025-07-21 21:38:13,Mobile
7000,401432,ARRIVED,2025-07-21 22:32:13,Dispatch
7001,401432,COMPLETED,2025-07-22 05:47:13,Mobile
7002,401433,CREATED,2025-07-21 20:57:45,Dispatch
7003,401433,ASSIGNED,2025-07-21 22:59:45,Dispatch
7004,401433,ENROUTE,2025-07-22 02:37:45,CRM
7005,401433,ARRIVED,2025-07-22 03:37:45,CRM
7006,401433,COMPLETED,2025-07-22 06:51:45,Mobile
7007,401434,CREATED,2025-07-22 01:45:10,Mobile
7008,401434,ASSIGNED,2025-07-22 04:58:10,Mobile
7009,401434,ENROUTE,2025-07-22 05:37:10,Mobile
7010,401434,ARRIVED,2025-07-22 07:08:10,Mobile
7011,401434,COMPLETED,2025-07-22 15:22:10,Dispatch
7012,401435,CREATED,2025-07-22 02:23:38,Dispatch
7013,401435,ASSIGNED,2025-07-22 05:29:38,Mobile
7014,401435,ENROUTE,2025-07-22 09:41:38,Dispatch
7015,401435,ARRIVED,2025-07-22 12:38:38,Dispatch
7016,401435,COMPLETED,2025-07-22 18:43:38,Mobile
7017,401436,CREATED,2025-07-22 02:51:48,Mobile
7018,401436,ASSIGNED,2025-07-22 03:34:48,Dispatch
7019,401436,ENROUTE,2025-07-22 11:18:48,Mobile
7020,401436,ARRIVED,2025-07-22 12:26:48,Mobile
7021,401436,COMPLETED,2025-07-22 20:47:48,Mobile
7022,401436,REOPENED,2025-07-23 20:47:48,Mobile
7023,401436,ASSIGNED,2025-07-23 21:47:48,CRM
7024,401436,COMPLETED,2025-07-24 22:47:48,Dispatch
7025,401437,CREATED,2025-07-22 07:08:01,Dispatch
7026,401437,ASSIGNED,2025-07-22 09:56:01,Dispatch
7027,401437,ENROUTE,2025-07-22 13:53:01,CRM
7028,401437,ARRIVED,2025-07-22 15:28:01,Mobile
7029,401437,CANCELLED,2025-07-22 10:56:01,Dispatch
7030,401438,CREATED,2025-07-22 14:35:09,Mobile
7031,401438,ASSIGNED,2025-07-22 16:12:09,Dispatch
7032,401438,ENROUTE,2025-07-22 23:15:09,CRM
7033,401438,ARRIVED,2025-07-23 00:05:09,Dispatch
7034,401439,CREATED,2025-07-22 15:16:32,Mobile
7035,401439,ASSIGNED,2025-07-22 17:20:32,Dispatch
7036,401439,ENROUTE,2025-07-22 21:30:32,Dispatch
7037,401439,ARRIVED,2025-07-22 21:56:32,CRM
7038,401439,COMPLETED,2025-07-23 04:19:32,Dispatch
7039,401440,CREATED,2025-07-22 23:57:34,Mobile
7040,401440,ASSIGNED,2025-07-23 01:14:34,Mobile
7041,401440,ENROUTE,2025-07-23 04:30:34,Mobile
7042,401440,ARRIVED,2025-07-23 05:35:34,Dispatch
7043,401440,COMPLETED,2025-07-23 14:40:34,Mobile
7044,401441,CREATED,2025-07-23 02:14:35,Mobile
7045,401441,ASSIGNED,2025-07-23 04:31:35,Dispatch
7046,401441,ENROUTE,2025-07-23 06:38:35,Dispatch
7047,401441,ARRIVED,2025-07-23 07:26:35,Dispatch
7048,401441,COMPLETED,2025-07-23 11:03:35,Mobile
7049,401442,CREATED,2025-07-23 02:34:46,Dispatch
7050,401442,ASSIGNED,2025-07-23 04:16:46,Dispatch
7051,401442,ENROUTE,2025-07-23 05:36:46,Mobile
7052,401442,ARRIVED,2025-07-23 06:08:46,Dispatch
7053,401442,COMPLETED,2025-07-23 07:00:46,Dispatch
7054,401443,CREATED,2025-07-23 06:04:02,CRM
7055,401443,ASSIGNED,2025-07-23 06:32:02,CRM
7056,401443,ENROUTE,2025-07-23 11:47:02,Dispatch
7057,401443,ARRIVED,2025-07-23 13:26:02,Mobile
7058,401443,COMPLETED,2025-07-23 14:22:02,Dispatch
7059,401444,CREATED,2025-07-23 06:46:01,Mobile
7060,401444,ASSIGNED,2025-07-23 09:22:01,Dispatch
7061,401444,ENROUTE,2025-07-23 13:45:01,Mobile
7062,401444,ARRIVED,2025-07-23 16:10:01,Dispatch
7063,401445,CREATED,2025-07-23 08:01:21,Mobile
7064,401445,ASSIGNED,2025-07-23 08:09:21,Mobile
7065,401445,ENROUTE,2025-07-23 12:46:21,Mobile
7066,401445,ARRIVED,2025-07-23 14:18:21,Mobile
7067,401445,CANCELLED,2025-07-23 09:09:21,Mobile
7068,401446,CREATED,2025-07-23 11:49:47,Dispatch
7069,401446,ASSIGNED,2025-07-23 15:22:47,Mobile
7070,401446,ENROUTE,2025-07-23 22:38:47,Dispatch
7071,401446,ARRIVED,2025-07-24 01:31:47,Mobile
7072,401446,COMPLETED,2025-07-24 03:20:47,Mobile
7073,401447,CREATED,2025-07-23 13:33:15,Dispatch
7074,401447,ASSIGNED,2025-07-23 16:01:15,Mobile
7075,401447,ENROUTE,2025-07-23 20:20:15,Mobile
7076,401447,ARRIVED,2025-07-23 21:08:15,Dispatch
7077,401447,COMPLETED,2025-07-24 02:05:15,Mobile
7078,401448,CREATED,2025-07-23 15:08:17,Mobile
7079,401448,ASSIGNED,2025-07-23 16:54:17,CRM
7080,401448,ENROUTE,2025-07-23 19:15:17,Dispatch
7081,401448,ARRIVED,2025-07-23 19:51:17,Dispatch
7082,401448,COMPLETED,2025-07-23 20:44:17,Dispatch
7083,401449,CREATED,2025-07-23 15:33:21,Dispatch
7084,401449,ASSIGNED,2025-07-23 16:06:21,Dispatch
7085,401449,ENROUTE,2025-07-23 21:07:21,Mobile
7086,401449,ARRIVED,2025-07-23 21:28:21,Mobile
7087,401449,COMPLETED,2025-07-24 02:21:21,Mobile
7088,401450,CREATED,2025-07-23 18:19:24,Mobile
7089,401450,ASSIGNED,2025-07-23 21:55:24,Dispatch
7090,401450,ENROUTE,2025-07-24 02:30:24,CRM
7091,401450,ARRIVED,2025-07-24 04:29:24,CRM
7092,401450,COMPLETED,2025-07-24 08:13:24,Dispatch
7093,401451,CREATED,2025-07-23 20:52:00,CRM
7094,401451,ASSIGNED,2025-07-23 22:41:00,Dispatch
7095,401451,ENROUTE,2025-07-24 02:29:00,Dispatch
7096,401451,ARRIVED,2025-07-24 02:40:00,Dispatch
7097,401451,COMPLETED,2025-07-24 09:35:00,Mobile
7098,401452,CREATED,2025-07-23 22:28:30,Mobile
7099,401452,ASSIGNED,2025-07-24 00:43:30,Mobile
7100,401452,ENROUTE,2025-07-24 03:12:30,Dispatch
7101,401452,ARRIVED,2025-07-24 05:56:30,Dispatch
7102,401452,COMPLETED,2025-07-24 15:33:30,Dispatch
7103,401453,CREATED,2025-07-23 22:45:55,Dispatch
7104,401453,ASSIGNED,2025-07-24 01:16:55,Dispatch
7105,401453,ENROUTE,2025-07-24 08:57:55,Dispatch
7106,401453,ARRIVED,2025-07-24 09:12:55,Dispatch
7107,401454,CREATED,2025-07-24 03:10:33,CRM
7108,401454,ASSIGNED,2025-07-24 04:35:33,Mobile
7109,401454,ENROUTE,2025-07-24 08:29:33,Mobile
7110,401454,ARRIVED,2025-07-24 09:48:33,CRM
7111,401454,COMPLETED,2025-07-24 17:09:33,CRM
7112,401455,CREATED,2025-07-24 04:11:04,CRM
7113,401455,ASSIGNED,2025-07-24 07:30:04,Mobile
7114,401455,ENROUTE,2025-07-24 08:30:04,Mobile
7115,401455,ARRIVED,2025-07-24 09:48:04,Mobile
7116,401455,COMPLETED,2025-07-24 11:37:04,Dispatch
7117,401456,CREATED,2025-07-24 04:18:24,Mobile
7118,401456,ASSIGNED,2025-07-24 06:50:24,CRM
7119,401456,ENROUTE,2025-07-24 10:44:24,Mobile
7120,401456,ARRIVED,2025-07-24 11:25:24,Dispatch
7121,401456,COMPLETED,2025-07-24 19:21:24,Dispatch
7122,401457,CREATED,2025-07-24 05:09:38,Mobile
7123,401457,ASSIGNED,2025-07-24 07:34:38,Dispatch
7124,401457,ENROUTE,2025-07-24 15:01:38,Dispatch
7125,401457,ARRIVED,2025-07-24 16:33:38,Mobile
7126,401457,COMPLETED,2025-07-24 20:38:38,CRM
7127,401458,CREATED,2025-07-24 05:15:28,Dispatch
7128,401458,ASSIGNED,2025-07-24 07:52:28,Mobile
7129,401458,ENROUTE,2025-07-24 11:51:28,Dispatch
7130,401458,ARRIVED,2025-07-24 13:45:28,Dispatch
7131,401459,CREATED,2025-07-24 06:49:32,Dispatch
7132,401459,ASSIGNED,2025-07-24 07:06:32,CRM
7133,401459,ENROUTE,2025-07-24 08:44:32,Mobile
7134,401459,ARRIVED,2025-07-24 10:48:32,Mobile
7135,401459,COMPLETED,2025-07-24 20:13:32,Mobile
7136,401460,CREATED,2025-07-24 15:36:41,Dispatch
7137,401460,ASSIGNED,2025-07-24 17:53:41,Mobile
7138,401460,ENROUTE,2025-07-25 01:05:41,Dispatch
7139,401460,ARRIVED,2025-07-25 02:51:41,Dispatch
7140,401460,COMPLETED,2025-07-25 11:25:41,Dispatch
7141,401461,CREATED,2025-07-24 17:02:23,Dispatch
7142,401461,ASSIGNED,2025-07-24 21:00:23,Mobile
7143,401461,ENROUTE,2025-07-25 04:52:23,Mobile
7144,401461,ARRIVED,2025-07-25 07:32:23,Dispatch
7145,401462,CREATED,2025-07-24 23:05:03,Mobile
7146,401462,ASSIGNED,2025-07-25 02:37:03,Dispatch
7147,401462,ENROUTE,2025-07-25 05:27:03,Mobile
7148,401462,ARRIVED,2025-07-25 06:59:03,Mobile
7149,401462,COMPLETED,2025-07-25 16:29:03,Dispatch
7150,401463,CREATED,2025-07-25 01:43:12,Dispatch
7151,401463,ASSIGNED,2025-07-25 03:16:12,Dispatch
7152,401463,ENROUTE,2025-07-25 05:04:12,CRM
7153,401463,ARRIVED,2025-07-25 06:48:12,Dispatch
7154,401463,COMPLETED,2025-07-25 14:04:12,Dispatch
7155,401464,CREATED,2025-07-25 03:21:24,Mobile
7156,401464,ASSIGNED,2025-07-25 03:44:24,Mobile
7157,401464,ENROUTE,2025-07-25 10:11:24,Mobile
7158,401464,ARRIVED,2025-07-25 11:06:24,CRM
7159,401464,COMPLETED,2025-07-25 14:22:24,Mobile
7160,401465,CREATED,2025-07-25 03:42:21,CRM
7161,401465,ASSIGNED,2025-07-25 05:53:21,Mobile
7162,401465,ENROUTE,2025-07-25 07:18:21,Dispatch
7163,401465,ARRIVED,2025-07-25 09:58:21,Mobile
7164,401465,COMPLETED,2025-07-25 10:45:21,Dispatch
7165,401466,CREATED,2025-07-25 04:37:43,Dispatch
7166,401466,ASSIGNED,2025-07-25 07:49:43,Mobile
7167,401466,ENROUTE,2025-07-25 15:48:43,CRM
7168,401466,ARRIVED,2025-07-25 15:59:43,Mobile
7169,401466,COMPLETED,2025-07-25 19:22:43,Mobile
7170,401467,CREATED,2025-07-25 05:41:40,Mobile
7171,401467,ASSIGNED,2025-07-25 06:27:40,Mobile
7172,401467,ENROUTE,2025-07-25 12:51:40,Dispatch
7173,401467,ARRIVED,2025-07-25 14:22:40,CRM
7174,401467,COMPLETED,2025-07-25 19:40:40,Mobile
7175,401468,CREATED,2025-07-25 11:25:15,Mobile
7176,401468,ASSIGNED,2025-07-25 11:37:15,CRM
7177,401468,ENROUTE,2025-07-25 15:10:15,Mobile
7178,401468,ARRIVED,2025-07-25 18:03:15,CRM
7179,401468,CANCELLED,2025-07-25 12:37:15,Mobile
7180,401469,CREATED,2025-07-25 14:55:19,Mobile
7181,401469,ASSIGNED,2025-07-25 15:52:19,Dispatch
7182,401469,ENROUTE,2025-07-25 20:18:19,CRM
7183,401469,ARRIVED,2025-07-25 20:51:19,Dispatch
7184,401469,COMPLETED,2025-07-26 06:40:19,Dispatch
7185,401470,CREATED,2025-07-25 16:38:08,Mobile
7186,401470,ASSIGNED,2025-07-25 17:23:08,Dispatch
7187,401470,ENROUTE,2025-07-25 20:27:08,Dispatch
7188,401470,ARRIVED,2025-07-25 22:49:08,CRM
7189,401470,COMPLETED,2025-07-26 02:25:08,Dispatch
7190,401471,CREATED,2025-07-25 20:43:29,CRM
7191,401471,ASSIGNED,2025-07-25 22:48:29,Dispatch
7192,401471,ENROUTE,2025-07-26 00:14:29,Dispatch
7193,401471,ARRIVED,2025-07-26 01:44:29,Mobile
7194,401471,CANCELLED,2025-07-25 23:48:29,Dispatch
7195,401472,CREATED,2025-07-25 22:06:32,Dispatch
7196,401472,ASSIGNED,2025-07-26 00:32:32,Dispatch
7197,401472,ENROUTE,2025-07-26 03:34:32,Mobile
7198,401472,ARRIVED,2025-07-26 04:35:32,Dispatch
7199,401472,COMPLETED,2025-07-26 09:16:32,Dispatch
7200,401473,CREATED,2025-07-25 23:58:43,Mobile
7201,401473,ASSIGNED,2025-07-26 03:26:43,Mobile
7202,401473,ENROUTE,2025-07-26 06:08:43,Mobile
7203,401473,ARRIVED,2025-07-26 07:13:43,Dispatch
7204,401473,COMPLETED,2025-07-26 11:59:43,Dispatch
7205,401474,CREATED,2025-07-26 01:45:57,Mobile
7206,401474,ASSIGNED,2025-07-26 03:25:57,Dispatch
7207,401474,ENROUTE,2025-07-26 09:38:57,Mobile
7208,401474,ARRIVED,2025-07-26 11:31:57,Dispatch
7209,401474,COMPLETED,2025-07-26 12:49:57,Dispatch
7210,401475,CREATED,2025-07-26 04:00:18,Mobile
7211,401475,ASSIGNED,2025-07-26 06:49:18,Dispatch
7212,401475,ENROUTE,2025-07-26 10:55:18,Mobile
7213,401475,ARRIVED,2025-07-26 11:43:18,Mobile
7214,401475,COMPLETED,2025-07-26 13:39:18,Dispatch
7215,401476,CREATED,2025-07-26 06:09:03,Mobile
7216,401476,ASSIGNED,2025-07-26 09:03:03,Dispatch
7217,401476,ENROUTE,2025-07-26 11:18:03,Dispatch
7218,401476,ARRIVED,2025-07-26 13:26:03,Dispatch
7219,401476,COMPLETED,2025-07-26 23:07:03,Mobile
7220,401477,CREATED,2025-07-26 07:15:27,Dispatch
7221,401477,ASSIGNED,2025-07-26 09:05:27,Mobile
7222,401477,ENROUTE,2025-07-26 14:34:27,Mobile
7223,401477,ARRIVED,2025-07-26 15:31:27,CRM
7224,401477,COMPLETED,2025-07-27 00:24:27,Dispatch
7225,401478,CREATED,2025-07-26 07:18:03,Dispatch
7226,401478,ASSIGNED,2025-07-26 09:48:03,Mobile
7227,401478,ENROUTE,2025-07-26 16:49:03,Dispatch
7228,401478,ARRIVED,2025-07-26 19:10:03,Dispatch
7229,401478,COMPLETED,2025-07-26 21:47:03,Dispatch
7230,401479,CREATED,2025-07-26 08:12:58,Mobile
7231,401479,ASSIGNED,2025-07-26 09:08:58,Dispatch
7232,401479,ENROUTE,2025-07-26 12:11:58,Mobile
7233,401479,ARRIVED,2025-07-26 14:07:58,Mobile
7234,401479,COMPLETED,2025-07-26 14:44:58,Dispatch
7235,401480,CREATED,2025-07-26 13:24:58,Mobile
7236,401480,ASSIGNED,2025-07-26 16:14:58,Dispatch
7237,401480,ENROUTE,2025-07-26 21:12:58,Mobile
7238,401480,ARRIVED,2025-07-26 21:26:58,Dispatch
7239,401480,COMPLETED,2025-07-27 01:04:58,Dispatch
7240,401481,CREATED,2025-07-26 14:31:05,Mobile
7241,401481,ASSIGNED,2025-07-26 15:19:05,Mobile
7242,401481,ENROUTE,2025-07-26 19:53:05,Mobile
7243,401481,ARRIVED,2025-07-26 22:44:05,Dispatch
7244,401482,CREATED,2025-07-26 21:40:33,Mobile
7245,401482,ASSIGNED,2025-07-26 23:36:33,Dispatch
7246,401482,ENROUTE,2025-07-27 06:15:33,Mobile
7247,401482,ARRIVED,2025-07-27 06:59:33,Mobile
7248,401482,COMPLETED,2025-07-27 08:38:33,Dispatch
7249,401483,CREATED,2025-07-26 23:39:19,Dispatch
7250,401483,ASSIGNED,2025-07-27 03:08:19,Dispatch
7251,401483,ENROUTE,2025-07-27 05:35:19,Dispatch
7252,401483,ARRIVED,2025-07-27 05:56:19,Dispatch
7253,401483,CANCELLED,2025-07-27 04:08:19,Mobile
7254,401484,CREATED,2025-07-27 00:15:16,Dispatch
7255,401484,ASSIGNED,2025-07-27 03:33:16,Mobile
7256,401484,ENROUTE,2025-07-27 07:43:16,Dispatch
7257,401484,ARRIVED,2025-07-27 09:40:16,Dispatch
7258,401484,COMPLETED,2025-07-27 13:45:16,Mobile
7259,401485,CREATED,2025-07-27 04:47:32,Dispatch
7260,401485,ASSIGNED,2025-07-27 07:07:32,Dispatch
7261,401485,ENROUTE,2025-07-27 10:04:32,Mobile
7262,401485,ARRIVED,2025-07-27 10:50:32,Mobile
7263,401485,COMPLETED,2025-07-27 19:54:32,Dispatch
7264,401486,CREATED,2025-07-27 07:24:17,Mobile
7265,401486,ASSIGNED,2025-07-27 09:04:17,CRM
7266,401486,ENROUTE,2025-07-27 16:05:17,Dispatch
7267,401486,ARRIVED,2025-07-27 16:24:17,Dispatch
7268,401487,CREATED,2025-07-27 09:27:58,Dispatch
7269,401487,ASSIGNED,2025-07-27 10:13:58,CRM
7270,401487,ENROUTE,2025-07-27 16:36:58,Mobile
7271,401487,ARRIVED,2025-07-27 19:04:58,Mobile
7272,401487,COMPLETED,2025-07-27 19:44:58,Dispatch
7273,401488,CREATED,2025-07-27 10:52:32,Dispatch
7274,401488,ASSIGNED,2025-07-27 13:50:32,Dispatch
7275,401488,ENROUTE,2025-07-27 17:21:32,Dispatch
7276,401488,ARRIVED,2025-07-27 19:31:32,Dispatch
7277,401488,COMPLETED,2025-07-27 21:01:32,Mobile
7278,401489,CREATED,2025-07-27 13:25:07,Mobile
7279,401489,ASSIGNED,2025-07-27 14:58:07,CRM
7280,401489,ENROUTE,2025-07-27 16:04:07,Mobile
7281,401489,ARRIVED,2025-07-27 18:25:07,CRM
7282,401490,CREATED,2025-07-27 17:37:15,Mobile
7283,401490,ASSIGNED,2025-07-27 17:59:15,Dispatch
7284,401490,ENROUTE,2025-07-27 21:35:15,Dispatch
7285,401490,ARRIVED,2025-07-27 23:44:15,Mobile
7286,401490,COMPLETED,2025-07-28 03:51:15,CRM
7287,401491,CREATED,2025-07-27 17:56:34,Dispatch
7288,401491,ASSIGNED,2025-07-27 19:46:34,Dispatch
7289,401491,ENROUTE,2025-07-27 20:09:34,Dispatch
7290,401491,ARRIVED,2025-07-27 20:26:34,CRM
7291,401491,COMPLETED,2025-07-28 00:00:34,Dispatch
7292,401492,CREATED,2025-07-27 20:20:52,CRM
7293,401492,ASSIGNED,2025-07-28 00:01:52,Mobile
7294,401492,ENROUTE,2025-07-28 05:36:52,CRM
7295,401492,ARRIVED,2025-07-28 06:48:52,Mobile
7296,401492,COMPLETED,2025-07-28 09:37:52,Mobile
7297,401493,CREATED,2025-07-28 03:10:08,Mobile
7298,401493,ASSIGNED,2025-07-28 05:58:08,Dispatch
7299,401493,ENROUTE,2025-07-28 09:44:08,Dispatch
7300,401493,ARRIVED,2025-07-28 12:26:08,Dispatch
7301,401493,COMPLETED,2025-07-28 21:26:08,Mobile
7302,401494,CREATED,2025-07-28 07:22:33,Dispatch
7303,401494,ASSIGNED,2025-07-28 11:04:33,Mobile
7304,401494,ENROUTE,2025-07-28 12:28:33,Dispatch
7305,401494,ARRIVED,2025-07-28 15:22:33,Dispatch
7306,401495,CREATED,2025-07-28 10:48:58,Dispatch
7307,401495,ASSIGNED,2025-07-28 13:31:58,Dispatch
7308,401495,ENROUTE,2025-07-28 14:24:58,CRM
7309,401495,ARRIVED,2025-07-28 14:36:58,Dispatch
7310,401496,CREATED,2025-07-28 11:25:47,Dispatch
7311,401496,ASSIGNED,2025-07-28 12:48:47,Dispatch
7312,401496,ENROUTE,2025-07-28 18:49:47,CRM
7313,401496,ARRIVED,2025-07-28 20:10:47,CRM
7314,401496,COMPLETED,2025-07-28 23:53:47,Dispatch
7315,401497,CREATED,2025-07-28 12:07:00,CRM
7316,401497,ASSIGNED,2025-07-28 13:18:00,CRM
7317,401497,ENROUTE,2025-07-28 14:42:00,Dispatch
7318,401497,ARRIVED,2025-07-28 15:05:00,Dispatch
7319,401497,COMPLETED,2025-07-28 19:07:00,Mobile
7320,401498,CREATED,2025-07-28 13:01:17,Dispatch
7321,401498,ASSIGNED,2025-07-28 15:23:17,Mobile
7322,401498,ENROUTE,2025-07-28 22:10:17,Dispatch
7323,401498,ARRIVED,2025-07-29 00:07:17,Mobile
7324,401498,COMPLETED,2025-07-29 01:14:17,CRM
7325,401499,CREATED,2025-07-28 15:56:20,Mobile
7326,401499,ASSIGNED,2025-07-28 17:50:20,Dispatch
7327,401499,ENROUTE,2025-07-28 20:37:20,Mobile
7328,401499,ARRIVED,2025-07-28 21:18:20,CRM
7329,401500,CREATED,2025-07-29 03:15:42,Dispatch
7330,401500,ASSIGNED,2025-07-29 04:45:42,Mobile
7331,401500,ENROUTE,2025-07-29 06:46:42,Mobile
7332,401500,ARRIVED,2025-07-29 08:25:42,Mobile
7333,401500,COMPLETED,2025-07-29 10:30:42,Dispatch
7334,401501,CREATED,2025-07-29 04:15:04,Dispatch
7335,401501,ASSIGNED,2025-07-29 06:42:04,Dispatch
7336,401501,ENROUTE,2025-07-29 13:19:04,Dispatch
7337,401501,ARRIVED,2025-07-29 14:16:04,Dispatch
7338,401501,COMPLETED,2025-07-29 17:34:04,Mobile
7339,401502,CREATED,2025-07-29 04:24:57,CRM
7340,401502,ASSIGNED,2025-07-29 06:15:57,Dispatch
7341,401502,ENROUTE,2025-07-29 08:23:57,Dispatch
7342,401502,ARRIVED,2025-07-29 08:49:57,Dispatch
7343,401502,COMPLETED,2025-07-29 11:48:57,Mobile
7344,401502,REOPENED,2025-07-30 11:48:57,Dispatch
7345,401502,ASSIGNED,2025-07-30 12:48:57,Dispatch
7346,401502,COMPLETED,2025-07-31 13:48:57,Dispatch
7347,401503,CREATED,2025-07-29 04:48:05,Dispatch
7348,401503,ASSIGNED,2025-07-29 06:28:05,Mobile
7349,401503,ENROUTE,2025-07-29 08:03:05,Dispatch
7350,401503,ARRIVED,2025-07-29 09:48:05,Dispatch
7351,401503,COMPLETED,2025-07-29 11:59:05,Dispatch
7352,401504,CREATED,2025-07-29 06:08:50,Mobile
7353,401504,ASSIGNED,2025-07-29 08:13:50,Dispatch
7354,401504,ENROUTE,2025-07-29 13:58:50,Dispatch
7355,401504,ARRIVED,2025-07-29 15:51:50,Dispatch
7356,401504,COMPLETED,2025-07-29 21:31:50,Dispatch
7357,401505,CREATED,2025-07-29 07:41:08,Mobile
7358,401505,ASSIGNED,2025-07-29 09:49:08,Dispatch
7359,401505,ENROUTE,2025-07-29 10:25:08,Mobile
7360,401505,ARRIVED,2025-07-29 12:51:08,Dispatch
7361,401505,COMPLETED,2025-07-29 18:21:08,Mobile
7362,401506,CREATED,2025-07-29 09:40:06,Mobile
7363,401506,ASSIGNED,2025-07-29 10:20:06,Mobile
7364,401506,ENROUTE,2025-07-29 12:58:06,Dispatch
7365,401506,ARRIVED,2025-07-29 14:33:06,Mobile
7366,401506,COMPLETED,2025-07-29 22:31:06,Dispatch
7367,401507,CREATED,2025-07-29 09:52:21,Dispatch
7368,401507,ASSIGNED,2025-07-29 12:36:21,Mobile
7369,401507,ENROUTE,2025-07-29 20:25:21,Dispatch
7370,401507,ARRIVED,2025-07-29 22:27:21,Dispatch
7371,401507,COMPLETED,2025-07-30 06:31:21,Mobile
7372,401508,CREATED,2025-07-29 09:58:04,Mobile
7373,401508,ASSIGNED,2025-07-29 11:02:04,Mobile
7374,401508,ENROUTE,2025-07-29 14:48:04,Mobile
7375,401508,ARRIVED,2025-07-29 16:59:04,Dispatch
7376,401509,CREATED,2025-07-29 12:19:18,Dispatch
7377,401509,ASSIGNED,2025-07-29 13:32:18,Dispatch
7378,401509,ENROUTE,2025-07-29 18:26:18,Dispatch
7379,401509,ARRIVED,2025-07-29 19:06:18,CRM
7380,401509,COMPLETED,2025-07-30 00:59:18,Mobile
7381,401510,CREATED,2025-07-29 14:36:16,Dispatch
7382,401510,ASSIGNED,2025-07-29 15:30:16,Mobile
7383,401510,ENROUTE,2025-07-29 16:16:16,Dispatch
7384,401510,ARRIVED,2025-07-29 17:03:16,Dispatch
7385,401511,CREATED,2025-07-29 16:03:37,Dispatch
7386,401511,ASSIGNED,2025-07-29 17:50:37,Dispatch
7387,401511,ENROUTE,2025-07-29 20:44:37,CRM
7388,401511,ARRIVED,2025-07-29 23:06:37,CRM
7389,401511,COMPLETED,2025-07-30 04:04:37,CRM
7390,401512,CREATED,2025-07-29 16:09:58,CRM
7391,401512,ASSIGNED,2025-07-29 18:51:58,Mobile
7392,401512,ENROUTE,2025-07-29 20:25:58,CRM
7393,401512,ARRIVED,2025-07-29 20:55:58,Dispatch
7394,401512,COMPLETED,2025-07-29 23:44:58,Mobile
7395,401513,CREATED,2025-07-30 00:40:03,Dispatch
7396,401513,ASSIGNED,2025-07-30 04:17:03,Mobile
7397,401513,ENROUTE,2025-07-30 09:29:03,Dispatch
7398,401513,ARRIVED,2025-07-30 10:04:03,Dispatch
7399,401513,COMPLETED,2025-07-30 12:45:03,Dispatch
7400,401514,CREATED,2025-07-30 06:15:22,Mobile
7401,401514,ASSIGNED,2025-07-30 09:41:22,Mobile
7402,401514,ENROUTE,2025-07-30 12:37:22,Dispatch
7403,401514,ARRIVED,2025-07-30 12:48:22,Mobile
7404,401514,COMPLETED,2025-07-30 14:34:22,Mobile
7405,401515,CREATED,2025-07-30 09:06:05,Mobile
7406,401515,ASSIGNED,2025-07-30 09:46:05,CRM
7407,401515,ENROUTE,2025-07-30 10:02:05,Mobile
7408,401515,ARRIVED,2025-07-30 12:00:05,Mobile
7409,401515,COMPLETED,2025-07-30 14:30:05,Mobile
7410,401516,CREATED,2025-07-30 12:41:07,Dispatch
7411,401516,ASSIGNED,2025-07-30 15:27:07,Dispatch
7412,401516,ENROUTE,2025-07-30 23:13:07,Mobile
7413,401516,ARRIVED,2025-07-30 23:31:07,Mobile
7414,401516,CANCELLED,2025-07-30 16:27:07,Mobile
7415,401517,CREATED,2025-07-30 15:07:48,Dispatch
7416,401517,ASSIGNED,2025-07-30 17:25:48,Dispatch
7417,401517,ENROUTE,2025-07-30 19:07:48,Dispatch
7418,401517,ARRIVED,2025-07-30 21:24:48,Dispatch
7419,401517,COMPLETED,2025-07-30 23:53:48,Dispatch
7420,401518,CREATED,2025-07-30 20:38:36,Mobile
7421,401518,ASSIGNED,2025-07-30 21:34:36,Mobile
7422,401518,ENROUTE,2025-07-31 01:45:36,Dispatch
7423,401518,ARRIVED,2025-07-31 02:03:36,Mobile
7424,401518,COMPLETED,2025-07-31 04:04:36,Mobile
7425,401519,CREATED,2025-07-30 21:50:19,Mobile
7426,401519,ASSIGNED,2025-07-30 22:17:19,CRM
7427,401519,ENROUTE,2025-07-31 04:38:19,Dispatch
7428,401519,ARRIVED,2025-07-31 06:53:19,CRM
7429,401519,COMPLETED,2025-07-31 14:54:19,Dispatch
7430,401520,CREATED,2025-07-30 22:38:27,Mobile
7431,401520,ASSIGNED,2025-07-30 23:45:27,Dispatch
7432,401520,ENROUTE,2025-07-31 06:26:27,Dispatch
7433,401520,ARRIVED,2025-07-31 08:20:27,Mobile
7434,401520,COMPLETED,2025-07-31 14:30:27,Dispatch
7435,401521,CREATED,2025-07-31 01:49:07,Dispatch
7436,401521,ASSIGNED,2025-07-31 03:28:07,CRM
7437,401521,ENROUTE,2025-07-31 07:26:07,Mobile
7438,401521,ARRIVED,2025-07-31 10:09:07,Dispatch
7439,401522,CREATED,2025-07-31 03:09:54,Mobile
7440,401522,ASSIGNED,2025-07-31 05:23:54,Dispatch
7441,401522,ENROUTE,2025-07-31 12:38:54,Dispatch
7442,401522,ARRIVED,2025-07-31 15:26:54,Mobile
7443,401522,COMPLETED,2025-07-31 22:20:54,Mobile
7444,401523,CREATED,2025-07-31 06:08:41,Dispatch
7445,401523,ASSIGNED,2025-07-31 09:42:41,Mobile
7446,401523,ENROUTE,2025-07-31 14:29:41,CRM
7447,401523,ARRIVED,2025-07-31 16:29:41,Mobile
7448,401524,CREATED,2025-07-31 14:45:15,Mobile
7449,401524,ASSIGNED,2025-07-31 16:06:15,Mobile
7450,401524,ENROUTE,2025-07-31 23:27:15,CRM
7451,401524,ARRIVED,2025-08-01 00:49:15,Dispatch
7452,401524,COMPLETED,2025-08-01 10:26:15,Dispatch
7453,401525,CREATED,2025-07-31 15:19:51,Mobile
7454,401525,ASSIGNED,2025-07-31 18:59:51,Dispatch
7455,401525,ENROUTE,2025-07-31 22:32:51,Mobile
7456,401525,ARRIVED,2025-08-01 00:21:51,Dispatch
7457,401525,COMPLETED,2025-08-01 03:03:51,Mobile
7458,401526,CREATED,2025-07-31 15:27:06,Mobile
7459,401526,ASSIGNED,2025-07-31 18:05:06,Dispatch
7460,401526,ENROUTE,2025-08-01 02:01:06,Dispatch
7461,401526,ARRIVED,2025-08-01 04:54:06,Dispatch
7462,401526,COMPLETED,2025-08-01 07:10:06,Mobile
7463,401527,CREATED,2025-08-01 00:50:32,Dispatch
7464,401527,ASSIGNED,2025-08-01 02:55:32,Dispatch
7465,401527,ENROUTE,2025-08-01 10:47:32,Mobile
7466,401527,ARRIVED,2025-08-01 13:14:32,Mobile
7467,401528,CREATED,2025-08-01 06:37:46,Mobile
7468,401528,ASSIGNED,2025-08-01 09:16:46,CRM
7469,401528,ENROUTE,2025-08-01 10:05:46,Dispatch
7470,401528,ARRIVED,2025-08-01 11:38:46,Dispatch
7471,401528,COMPLETED,2025-08-01 17:30:46,CRM
7472,401529,CREATED,2025-08-01 06:51:56,Dispatch
7473,401529,ASSIGNED,2025-08-01 09:17:56,Mobile
7474,401529,ENROUTE,2025-08-01 18:11:56,Mobile
7475,401529,ARRIVED,2025-08-01 17:51:56,Mobile
7476,401529,COMPLETED,2025-08-02 02:33:56,Dispatch
7477,401530,CREATED,2025-08-01 07:59:01,Dispatch
7478,401530,ASSIGNED,2025-08-01 09:44:01,Dispatch
7479,401530,ENROUTE,2025-08-01 11:01:01,Mobile
7480,401530,ARRIVED,2025-08-01 13:03:01,Mobile
7481,401530,COMPLETED,2025-08-01 21:53:01,Dispatch
7482,401531,CREATED,2025-08-01 08:05:10,Dispatch
7483,401531,ASSIGNED,2025-08-01 12:00:10,Dispatch
7484,401531,ENROUTE,2025-08-01 12:52:10,Dispatch
7485,401531,ARRIVED,2025-08-01 13:44:10,CRM
7486,401531,COMPLETED,2025-08-01 20:23:10,Mobile
7487,401532,CREATED,2025-08-01 09:26:20,Mobile
7488,401532,ASSIGNED,2025-08-01 12:36:20,Mobile
7489,401532,ENROUTE,2025-08-01 17:18:20,Dispatch
7490,401532,ARRIVED,2025-08-01 19:26:20,Dispatch
7491,401532,CANCELLED,2025-08-01 13:36:20,Dispatch
7492,401533,CREATED,2025-08-01 12:25:08,CRM
7493,401533,ASSIGNED,2025-08-01 13:11:08,Dispatch
7494,401533,ENROUTE,2025-08-01 15:20:08,CRM
7495,401533,ARRIVED,2025-08-01 16:53:08,Dispatch
7496,401534,CREATED,2025-08-01 13:51:33,CRM
7497,401534,ASSIGNED,2025-08-01 17:37:33,Mobile
7498,401534,ENROUTE,2025-08-01 19:22:33,Dispatch
7499,401534,ARRIVED,2025-08-01 21:57:33,Dispatch
7500,401534,COMPLETED,2025-08-02 01:58:33,Dispatch
7501,401535,CREATED,2025-08-01 14:39:40,Dispatch
7502,401535,ASSIGNED,2025-08-01 16:49:40,Dispatch
7503,401535,ENROUTE,2025-08-01 18:45:40,Dispatch
7504,401535,ARRIVED,2025-08-01 19:23:40,CRM
7505,401535,COMPLETED,2025-08-02 01:09:40,Dispatch
7506,401536,CREATED,2025-08-01 17:22:49,Dispatch
7507,401536,ASSIGNED,2025-08-01 18:49:49,Dispatch
7508,401536,ENROUTE,2025-08-01 19:27:49,CRM
7509,401536,ARRIVED,2025-08-01 20:04:49,Dispatch
7510,401537,CREATED,2025-08-01 19:11:16,Dispatch
7511,401537,ASSIGNED,2025-08-01 19:51:16,Dispatch
7512,401537,ENROUTE,2025-08-02 01:49:16,Dispatch
7513,401537,ARRIVED,2025-08-02 02:18:16,Mobile
7514,401537,COMPLETED,2025-08-02 09:04:16,Mobile
7515,401538,CREATED,2025-08-01 21:32:34,Dispatch
7516,401538,ASSIGNED,2025-08-01 23:14:34,Mobile
7517,401538,ENROUTE,2025-08-02 00:06:34,Dispatch
7518,401538,ARRIVED,2025-08-02 03:05:34,CRM
7519,401539,CREATED,2025-08-02 00:16:25,Dispatch
7520,401539,ASSIGNED,2025-08-02 02:20:25,Mobile
7521,401539,ENROUTE,2025-08-02 08:15:25,Dispatch
7522,401539,ARRIVED,2025-08-02 10:15:25,Dispatch
7523,401539,COMPLETED,2025-08-02 16:29:25,Mobile
7524,401540,CREATED,2025-08-02 01:21:55,Dispatch
7525,401540,ASSIGNED,2025-08-02 05:04:55,Mobile
7526,401540,ENROUTE,2025-08-02 10:58:55,Dispatch
7527,401540,ARRIVED,2025-08-02 11:57:55,Dispatch
7528,401540,COMPLETED,2025-08-02 14:43:55,Dispatch
7529,401541,CREATED,2025-08-02 01:36:59,Dispatch
7530,401541,ASSIGNED,2025-08-02 04:15:59,Mobile
7531,401541,ENROUTE,2025-08-02 11:20:59,Mobile
7532,401541,ARRIVED,2025-08-02 13:00:59,Dispatch
7533,401542,CREATED,2025-08-02 03:23:33,Dispatch
7534,401542,ASSIGNED,2025-08-02 05:44:33,Mobile
7535,401542,ENROUTE,2025-08-02 11:49:33,Mobile
7536,401542,ARRIVED,2025-08-02 12:29:33,Dispatch
7537,401542,COMPLETED,2025-08-02 14:41:33,CRM
7538,401543,CREATED,2025-08-02 12:19:26,Dispatch
7539,401543,ASSIGNED,2025-08-02 15:39:26,Dispatch
7540,401543,ENROUTE,2025-08-02 17:01:26,Mobile
7541,401543,ARRIVED,2025-08-02 18:17:26,Dispatch
7542,401543,COMPLETED,2025-08-02 19:52:26,CRM
7543,401543,REOPENED,2025-08-03 19:52:26,Dispatch
7544,401543,ASSIGNED,2025-08-03 20:52:26,Dispatch
7545,401543,COMPLETED,2025-08-04 21:52:26,CRM
7546,401544,CREATED,2025-08-02 19:42:26,Mobile
7547,401544,ASSIGNED,2025-08-02 19:55:26,Mobile
7548,401544,ENROUTE,2025-08-02 21:59:26,CRM
7549,401544,ARRIVED,2025-08-03 00:20:26,Mobile
7550,401544,COMPLETED,2025-08-03 05:41:26,Mobile
7551,401545,CREATED,2025-08-02 22:02:15,Mobile
7552,401545,ASSIGNED,2025-08-03 01:05:15,Dispatch
7553,401545,ENROUTE,2025-08-03 06:29:15,Mobile
7554,401545,ARRIVED,2025-08-03 06:49:15,Dispatch
7555,401545,COMPLETED,2025-08-03 08:38:15,Mobile
7556,401546,CREATED,2025-08-02 22:59:01,Dispatch
7557,401546,ASSIGNED,2025-08-02 23:28:01,CRM
7558,401546,ENROUTE,2025-08-03 01:48:01,Dispatch
7559,401546,ARRIVED,2025-08-03 04:44:01,Dispatch
7560,401547,CREATED,2025-08-03 00:17:20,Mobile
7561,401547,ASSIGNED,2025-08-03 02:50:20,Dispatch
7562,401547,ENROUTE,2025-08-03 08:29:20,Dispatch
7563,401547,ARRIVED,2025-08-03 10:34:20,Mobile
7564,401547,COMPLETED,2025-08-03 15:55:20,CRM
7565,401548,CREATED,2025-08-03 01:43:28,Mobile
7566,401548,ASSIGNED,2025-08-03 04:17:28,CRM
7567,401548,ENROUTE,2025-08-03 06:56:28,Dispatch
7568,401548,ARRIVED,2025-08-03 08:43:28,Dispatch
7569,401548,COMPLETED,2025-08-03 17:32:28,Dispatch
7570,401549,CREATED,2025-08-03 02:33:45,Mobile
7571,401549,ASSIGNED,2025-08-03 03:09:45,Dispatch
7572,401549,ENROUTE,2025-08-03 06:34:45,CRM
7573,401549,ARRIVED,2025-08-03 07:07:45,Dispatch
7574,401549,COMPLETED,2025-08-03 14:07:45,Dispatch
7575,401550,CREATED,2025-08-03 03:36:56,CRM
7576,401550,ASSIGNED,2025-08-03 06:52:56,Dispatch
7577,401550,ENROUTE,2025-08-03 11:58:56,Mobile
7578,401550,ARRIVED,2025-08-03 13:52:56,Mobile
7579,401550,COMPLETED,2025-08-03 15:51:56,Mobile
7580,401551,CREATED,2025-08-03 06:12:47,Dispatch
7581,401551,ASSIGNED,2025-08-03 07:59:47,Dispatch
7582,401551,ENROUTE,2025-08-03 12:01:47,Mobile
7583,401551,ARRIVED,2025-08-03 13:06:47,Dispatch
7584,401551,COMPLETED,2025-08-03 13:50:47,Mobile
7585,401552,CREATED,2025-08-03 07:22:19,Dispatch
7586,401552,ASSIGNED,2025-08-03 08:35:19,Mobile
7587,401552,ENROUTE,2025-08-03 13:18:19,CRM
7588,401552,ARRIVED,2025-08-03 15:10:19,Mobile
7589,401552,COMPLETED,2025-08-03 22:50:19,Dispatch
7590,401553,CREATED,2025-08-03 08:31:28,Dispatch
7591,401553,ASSIGNED,2025-08-03 09:04:28,CRM
7592,401553,ENROUTE,2025-08-03 12:31:28,Dispatch
7593,401553,ARRIVED,2025-08-03 14:08:28,Dispatch
7594,401553,COMPLETED,2025-08-03 19:20:28,Dispatch
7595,401554,CREATED,2025-08-03 10:18:27,Mobile
7596,401554,ASSIGNED,2025-08-03 13:42:27,Mobile
7597,401554,ENROUTE,2025-08-03 21:28:27,Dispatch
7598,401554,ARRIVED,2025-08-03 23:02:27,Mobile
7599,401554,COMPLETED,2025-08-04 08:03:27,Dispatch
7600,401555,CREATED,2025-08-03 18:28:51,Dispatch
7601,401555,ASSIGNED,2025-08-03 18:50:51,Mobile
7602,401555,ENROUTE,2025-08-04 02:39:51,Dispatch
7603,401555,ARRIVED,2025-08-04 04:36:51,Dispatch
7604,401555,COMPLETED,2025-08-04 10:47:51,Mobile
7605,401556,CREATED,2025-08-03 18:57:05,Dispatch
7606,401556,ASSIGNED,2025-08-03 22:56:05,Mobile
7607,401556,ENROUTE,2025-08-04 01:04:05,Mobile
7608,401556,ARRIVED,2025-08-04 02:36:05,Mobile
7609,401556,COMPLETED,2025-08-04 10:53:05,Mobile
7610,401557,CREATED,2025-08-03 23:19:00,Dispatch
7611,401557,ASSIGNED,2025-08-04 03:09:00,Mobile
7612,401557,ENROUTE,2025-08-04 08:17:00,Mobile
7613,401557,ARRIVED,2025-08-04 10:20:00,Dispatch
7614,401557,COMPLETED,2025-08-04 13:33:00,Dispatch
7615,401558,CREATED,2025-08-03 23:51:30,Dispatch
7616,401558,ASSIGNED,2025-08-04 02:50:30,Dispatch
7617,401558,ENROUTE,2025-08-04 03:23:30,Mobile
7618,401558,ARRIVED,2025-08-04 04:03:30,Dispatch
7619,401558,COMPLETED,2025-08-04 08:24:30,Dispatch
7620,401559,CREATED,2025-08-04 04:46:37,Dispatch
7621,401559,ASSIGNED,2025-08-04 07:32:37,Mobile
7622,401559,ENROUTE,2025-08-04 11:42:37,Dispatch
7623,401559,ARRIVED,2025-08-04 13:11:37,Mobile
7624,401559,COMPLETED,2025-08-04 22:59:37,Dispatch
7625,401560,CREATED,2025-08-04 06:16:06,Mobile
7626,401560,ASSIGNED,2025-08-04 07:07:06,Dispatch
7627,401560,ENROUTE,2025-08-04 12:18:06,CRM
7628,401560,ARRIVED,2025-08-04 14:03:06,Dispatch
7629,401560,COMPLETED,2025-08-04 18:38:06,Dispatch
7630,401561,CREATED,2025-08-04 08:34:30,Dispatch
7631,401561,ASSIGNED,2025-08-04 10:20:30,Mobile
7632,401561,ENROUTE,2025-08-04 15:44:30,Mobile
7633,401561,ARRIVED,2025-08-04 17:48:30,Mobile
7634,401561,COMPLETED,2025-08-05 03:13:30,Mobile
7635,401562,CREATED,2025-08-04 10:39:24,CRM
7636,401562,ASSIGNED,2025-08-04 11:40:24,CRM
7637,401562,ENROUTE,2025-08-04 19:32:24,CRM
7638,401562,ARRIVED,2025-08-04 20:28:24,Dispatch
7639,401562,COMPLETED,2025-08-05 03:36:24,Mobile
7640,401563,CREATED,2025-08-04 15:04:20,Dispatch
7641,401563,ASSIGNED,2025-08-04 16:30:20,Dispatch
7642,401563,ENROUTE,2025-08-04 22:23:20,Mobile
7643,401563,ARRIVED,2025-08-05 00:24:20,Dispatch
7644,401564,CREATED,2025-08-04 15:43:45,Mobile
7645,401564,ASSIGNED,2025-08-04 15:52:45,Dispatch
7646,401564,ENROUTE,2025-08-04 19:16:45,Dispatch
7647,401564,ARRIVED,2025-08-04 19:31:45,CRM
7648,401564,COMPLETED,2025-08-05 00:16:45,Dispatch
7649,401565,CREATED,2025-08-04 17:54:12,Dispatch
7650,401565,ASSIGNED,2025-08-04 19:55:12,Dispatch
7651,401565,ENROUTE,2025-08-05 00:51:12,Dispatch
7652,401565,ARRIVED,2025-08-05 03:02:12,Mobile
7653,401565,CANCELLED,2025-08-04 20:55:12,Dispatch
7654,401566,CREATED,2025-08-04 22:12:09,Dispatch
7655,401566,ASSIGNED,2025-08-04 23:51:09,Mobile
7656,401566,ENROUTE,2025-08-05 01:54:09,Dispatch
7657,401566,ARRIVED,2025-08-05 02:15:09,Mobile
7658,401566,COMPLETED,2025-08-05 09:17:09,Dispatch
7659,401567,CREATED,2025-08-05 00:14:30,Mobile
7660,401567,ASSIGNED,2025-08-05 04:01:30,Mobile
7661,401567,ENROUTE,2025-08-05 08:31:30,Mobile
7662,401567,ARRIVED,2025-08-05 09:02:30,Dispatch
7663,401567,COMPLETED,2025-08-05 18:12:30,Dispatch
7664,401568,CREATED,2025-08-05 01:22:30,Mobile
7665,401568,ASSIGNED,2025-08-05 04:54:30,Mobile
7666,401568,ENROUTE,2025-08-05 11:18:30,Dispatch
7667,401568,ARRIVED,2025-08-05 13:04:30,Dispatch
7668,401569,CREATED,2025-08-05 04:09:05,Dispatch
7669,401569,ASSIGNED,2025-08-05 07:53:05,Dispatch
7670,401569,ENROUTE,2025-08-05 08:25:05,Dispatch
7671,401569,ARRIVED,2025-08-05 09:29:05,Mobile
7672,401569,COMPLETED,2025-08-05 14:40:05,CRM
7673,401570,CREATED,2025-08-05 04:21:09,Dispatch
7674,401570,ASSIGNED,2025-08-05 06:08:09,Mobile
7675,401570,ENROUTE,2025-08-05 09:35:09,CRM
7676,401570,ARRIVED,2025-08-05 11:28:09,Mobile
7677,401570,COMPLETED,2025-08-05 18:46:09,CRM
7678,401571,CREATED,2025-08-05 05:14:29,Dispatch
7679,401571,ASSIGNED,2025-08-05 06:02:29,Dispatch
7680,401571,ENROUTE,2025-08-05 07:56:29,Mobile
7681,401571,ARRIVED,2025-08-05 10:17:29,Dispatch
7682,401571,COMPLETED,2025-08-05 16:11:29,Dispatch
7683,401572,CREATED,2025-08-05 12:02:18,Mobile
7684,401572,ASSIGNED,2025-08-05 12:54:18,Dispatch
7685,401572,ENROUTE,2025-08-05 13:59:18,Dispatch
7686,401572,ARRIVED,2025-08-05 14:58:18,CRM
7687,401572,COMPLETED,2025-08-05 22:48:18,CRM
7688,401573,CREATED,2025-08-05 15:11:12,Mobile
7689,401573,ASSIGNED,2025-08-05 15:52:12,CRM
7690,401573,ENROUTE,2025-08-05 21:38:12,Mobile
7691,401573,ARRIVED,2025-08-06 00:23:12,CRM
7692,401573,COMPLETED,2025-08-06 05:12:12,CRM
7693,401574,CREATED,2025-08-05 16:58:54,Mobile
7694,401574,ASSIGNED,2025-08-05 18:47:54,Mobile
7695,401574,ENROUTE,2025-08-05 23:59:54,Dispatch
7696,401574,ARRIVED,2025-08-06 02:30:54,Dispatch
7697,401574,COMPLETED,2025-08-06 05:16:54,Dispatch
7698,401575,CREATED,2025-08-05 19:50:51,Mobile
7699,401575,ASSIGNED,2025-08-05 22:22:51,Mobile
7700,401575,ENROUTE,2025-08-06 05:14:51,Dispatch
7701,401575,ARRIVED,2025-08-06 07:31:51,Mobile
7702,401575,COMPLETED,2025-08-06 09:57:51,Mobile
7703,401576,CREATED,2025-08-05 22:54:04,Mobile
7704,401576,ASSIGNED,2025-08-05 23:00:04,Dispatch
7705,401576,ENROUTE,2025-08-06 02:47:04,Mobile
7706,401576,ARRIVED,2025-08-06 04:00:04,CRM
7707,401576,COMPLETED,2025-08-06 08:42:04,Dispatch
7708,401577,CREATED,2025-08-06 01:57:47,CRM
7709,401577,ASSIGNED,2025-08-06 04:40:47,CRM
7710,401577,ENROUTE,2025-08-06 11:17:47,Dispatch
7711,401577,ARRIVED,2025-08-06 12:13:47,CRM
7712,401577,COMPLETED,2025-08-06 15:51:47,Mobile
7713,401578,CREATED,2025-08-06 06:17:46,Dispatch
7714,401578,ASSIGNED,2025-08-06 06:26:46,Mobile
7715,401578,ENROUTE,2025-08-06 13:22:46,Mobile
7716,401578,ARRIVED,2025-08-06 14:34:46,Dispatch
7717,401578,COMPLETED,2025-08-06 19:08:46,Mobile
7718,401579,CREATED,2025-08-06 06:20:26,Mobile
7719,401579,ASSIGNED,2025-08-06 08:08:26,Mobile
7720,401579,ENROUTE,2025-08-06 15:22:26,Mobile
7721,401579,ARRIVED,2025-08-06 16:53:26,Dispatch
7722,401579,COMPLETED,2025-08-06 21:40:26,Dispatch
7723,401580,CREATED,2025-08-06 07:44:31,Dispatch
7724,401580,ASSIGNED,2025-08-06 08:29:31,Dispatch
7725,401580,ENROUTE,2025-08-06 16:27:31,Dispatch
7726,401580,ARRIVED,2025-08-06 18:19:31,CRM
7727,401580,COMPLETED,2025-08-07 01:16:31,Mobile
7728,401581,CREATED,2025-08-06 08:45:42,CRM
7729,401581,ASSIGNED,2025-08-06 11:00:42,Dispatch
7730,401581,ENROUTE,2025-08-06 11:30:42,Mobile
7731,401581,ARRIVED,2025-08-06 13:29:42,Dispatch
7732,401581,COMPLETED,2025-08-06 22:35:42,Dispatch
7733,401582,CREATED,2025-08-06 10:21:10,Mobile
7734,401582,ASSIGNED,2025-08-06 14:15:10,CRM
7735,401582,ENROUTE,2025-08-06 14:58:10,Dispatch
7736,401582,ARRIVED,2025-08-06 15:15:10,Dispatch
7737,401582,COMPLETED,2025-08-06 18:18:10,Mobile
7738,401583,CREATED,2025-08-06 12:50:33,Dispatch
7739,401583,ASSIGNED,2025-08-06 16:13:33,Dispatch
7740,401583,ENROUTE,2025-08-06 18:56:33,Dispatch
7741,401583,ARRIVED,2025-08-06 19:50:33,Dispatch
7742,401584,CREATED,2025-08-06 20:27:58,Dispatch
7743,401584,ASSIGNED,2025-08-06 21:13:58,Dispatch
7744,401584,ENROUTE,2025-08-07 04:03:58,Mobile
7745,401584,ARRIVED,2025-08-07 05:16:58,Mobile
7746,401584,COMPLETED,2025-08-07 10:26:58,Mobile
7747,401585,CREATED,2025-08-06 21:04:24,Mobile
7748,401585,ASSIGNED,2025-08-07 00:18:24,Dispatch
7749,401585,ENROUTE,2025-08-07 04:58:24,Dispatch
7750,401585,ARRIVED,2025-08-07 06:16:24,Dispatch
7751,401585,COMPLETED,2025-08-07 12:50:24,Mobile
7752,401586,CREATED,2025-08-06 23:59:19,Mobile
7753,401586,ASSIGNED,2025-08-07 03:05:19,Mobile
7754,401586,ENROUTE,2025-08-07 03:38:19,CRM
7755,401586,ARRIVED,2025-08-07 06:06:19,Dispatch
7756,401586,COMPLETED,2025-08-07 11:07:19,Mobile
7757,401587,CREATED,2025-08-07 02:51:59,CRM
7758,401587,ASSIGNED,2025-08-07 04:03:59,Mobile
7759,401587,ENROUTE,2025-08-07 05:19:59,Mobile
7760,401587,ARRIVED,2025-08-07 06:58:59,CRM
7761,401587,COMPLETED,2025-08-07 14:22:59,Dispatch
7762,401588,CREATED,2025-08-07 04:48:18,Mobile
7763,401588,ASSIGNED,2025-08-07 07:45:18,Mobile
7764,401588,ENROUTE,2025-08-07 08:14:18,Mobile
7765,401588,ARRIVED,2025-08-07 10:59:18,Mobile
7766,401588,COMPLETED,2025-08-07 19:25:18,Dispatch
7767,401589,CREATED,2025-08-07 06:05:32,Dispatch
7768,401589,ASSIGNED,2025-08-07 09:45:32,Dispatch
7769,401589,ENROUTE,2025-08-07 12:50:32,Mobile
7770,401589,ARRIVED,2025-08-07 13:06:32,Dispatch
7771,401589,COMPLETED,2025-08-07 19:19:32,Mobile
7772,401590,CREATED,2025-08-07 07:40:23,Dispatch
7773,401590,ASSIGNED,2025-08-07 11:00:23,Dispatch
7774,401590,ENROUTE,2025-08-07 15:23:23,Mobile
7775,401590,ARRIVED,2025-08-07 18:05:23,Mobile
7776,401590,COMPLETED,2025-08-08 01:39:23,Dispatch
7777,401591,CREATED,2025-08-07 15:56:45,CRM
7778,401591,ASSIGNED,2025-08-07 19:14:45,Mobile
7779,401591,ENROUTE,2025-08-07 21:24:45,Dispatch
7780,401591,ARRIVED,2025-08-07 23:26:45,Dispatch
7781,401591,COMPLETED,2025-08-08 02:45:45,Mobile
7782,401592,CREATED,2025-08-07 16:43:12,CRM
7783,401592,ASSIGNED,2025-08-07 19:31:12,Dispatch
7784,401592,ENROUTE,2025-08-07 22:57:12,Mobile
7785,401592,ARRIVED,2025-08-08 01:18:12,Dispatch
7786,401592,COMPLETED,2025-08-08 10:13:12,Mobile
7787,401593,CREATED,2025-08-07 17:55:03,Mobile
7788,401593,ASSIGNED,2025-08-07 21:02:03,Mobile
7789,401593,ENROUTE,2025-08-08 03:11:03,Dispatch
7790,401593,ARRIVED,2025-08-08 05:15:03,Dispatch
7791,401593,COMPLETED,2025-08-08 09:50:03,Mobile
7792,401594,CREATED,2025-08-08 01:19:05,Mobile
7793,401594,ASSIGNED,2025-08-08 04:56:05,Mobile
7794,401594,ENROUTE,2025-08-08 12:29:05,Mobile
7795,401594,ARRIVED,2025-08-08 12:58:05,Mobile
7796,401594,COMPLETED,2025-08-08 19:41:05,Mobile
7797,401595,CREATED,2025-08-08 04:08:55,Dispatch
7798,401595,ASSIGNED,2025-08-08 06:08:55,Dispatch
7799,401595,ENROUTE,2025-08-08 06:26:55,Dispatch
7800,401595,ARRIVED,2025-08-08 07:47:55,Mobile
7801,401595,COMPLETED,2025-08-08 12:54:55,Dispatch
7802,401596,CREATED,2025-08-08 05:24:03,Mobile
7803,401596,ASSIGNED,2025-08-08 08:09:03,Mobile
7804,401596,ENROUTE,2025-08-08 08:25:03,CRM
7805,401596,ARRIVED,2025-08-08 09:48:03,Dispatch
7806,401596,COMPLETED,2025-08-08 11:17:03,Dispatch
7807,401597,CREATED,2025-08-08 05:49:46,Mobile
7808,401597,ASSIGNED,2025-08-08 09:41:46,Mobile
7809,401597,ENROUTE,2025-08-08 10:54:46,Mobile
7810,401597,ARRIVED,2025-08-08 12:49:46,Dispatch
7811,401597,COMPLETED,2025-08-08 15:12:46,Mobile
7812,401598,CREATED,2025-08-08 09:04:28,Mobile
7813,401598,ASSIGNED,2025-08-08 09:33:28,Mobile
7814,401598,ENROUTE,2025-08-08 11:26:28,Dispatch
7815,401598,ARRIVED,2025-08-08 14:25:28,Mobile
7816,401598,COMPLETED,2025-08-08 15:32:28,Dispatch
7817,401599,CREATED,2025-08-08 09:39:43,Dispatch
7818,401599,ASSIGNED,2025-08-08 11:14:43,Mobile
7819,401599,ENROUTE,2025-08-08 17:52:43,Dispatch
7820,401599,ARRIVED,2025-08-08 18:38:43,Dispatch
7821,401599,COMPLETED,2025-08-09 03:57:43,Dispatch
7822,401600,CREATED,2025-08-08 10:16:55,Dispatch
7823,401600,ASSIGNED,2025-08-08 11:16:55,Mobile
7824,401600,ENROUTE,2025-08-08 13:00:55,Mobile
7825,401600,ARRIVED,2025-08-08 14:35:55,Dispatch
7826,401600,CANCELLED,2025-08-08 12:16:55,Mobile
7827,401601,CREATED,2025-08-08 12:09:11,Dispatch
7828,401601,ASSIGNED,2025-08-08 14:07:11,Dispatch
7829,401601,ENROUTE,2025-08-08 19:16:11,Mobile
7830,401601,ARRIVED,2025-08-08 21:31:11,Dispatch
7831,401602,CREATED,2025-08-08 12:39:12,Dispatch
7832,401602,ASSIGNED,2025-08-08 14:23:12,Dispatch
7833,401602,ENROUTE,2025-08-08 19:03:12,Mobile
7834,401602,ARRIVED,2025-08-08 19:25:12,Dispatch
7835,401603,CREATED,2025-08-08 13:31:44,Dispatch
7836,401603,ASSIGNED,2025-08-08 17:26:44,CRM
7837,401603,ENROUTE,2025-08-08 22:21:44,Dispatch
7838,401603,ARRIVED,2025-08-08 22:55:44,Mobile
7839,401603,COMPLETED,2025-08-09 07:40:44,Mobile
7840,401604,CREATED,2025-08-08 14:50:56,Mobile
7841,401604,ASSIGNED,2025-08-08 18:08:56,Dispatch
7842,401604,ENROUTE,2025-08-08 21:08:56,Mobile
7843,401604,ARRIVED,2025-08-08 23:33:56,Mobile
7844,401604,COMPLETED,2025-08-09 01:57:56,Dispatch
7845,401605,CREATED,2025-08-08 14:56:29,Mobile
7846,401605,ASSIGNED,2025-08-08 16:11:29,Mobile
7847,401605,ENROUTE,2025-08-08 21:52:29,Dispatch
7848,401605,ARRIVED,2025-08-08 23:51:29,Mobile
7849,401605,CANCELLED,2025-08-08 17:11:29,Dispatch
7850,401606,CREATED,2025-08-08 15:44:33,Mobile
7851,401606,ASSIGNED,2025-08-08 19:00:33,Dispatch
7852,401606,ENROUTE,2025-08-08 22:07:33,Dispatch
7853,401606,ARRIVED,2025-08-08 23:22:33,Mobile
7854,401606,COMPLETED,2025-08-09 01:56:33,Dispatch
7855,401607,CREATED,2025-08-08 22:49:38,Dispatch
7856,401607,ASSIGNED,2025-08-09 01:02:38,Dispatch
7857,401607,ENROUTE,2025-08-09 05:15:38,Mobile
7858,401607,ARRIVED,2025-08-09 06:44:38,Dispatch
7859,401607,COMPLETED,2025-08-09 12:28:38,Mobile
7860,401608,CREATED,2025-08-09 02:01:46,Dispatch
7861,401608,ASSIGNED,2025-08-09 05:51:46,Mobile
7862,401608,ENROUTE,2025-08-09 09:04:46,Mobile
7863,401608,ARRIVED,2025-08-09 10:11:46,Dispatch
7864,401608,COMPLETED,2025-08-09 18:50:46,Mobile
7865,401609,CREATED,2025-08-09 06:43:16,Dispatch
7866,401609,ASSIGNED,2025-08-09 09:19:16,Dispatch
7867,401609,ENROUTE,2025-08-09 13:42:16,Dispatch
7868,401609,ARRIVED,2025-08-09 15:21:16,Dispatch
7869,401609,COMPLETED,2025-08-09 22:11:16,Dispatch
7870,401610,CREATED,2025-08-09 15:03:44,Mobile
7871,401610,ASSIGNED,2025-08-09 16:27:44,CRM
7872,401610,ENROUTE,2025-08-09 17:42:44,Dispatch
7873,401610,ARRIVED,2025-08-09 18:57:44,Dispatch
7874,401610,COMPLETED,2025-08-09 20:35:44,Mobile
7875,401611,CREATED,2025-08-09 15:25:09,CRM
7876,401611,ASSIGNED,2025-08-09 17:09:09,Mobile
7877,401611,ENROUTE,2025-08-09 19:12:09,CRM
7878,401611,ARRIVED,2025-08-09 19:35:09,Dispatch
7879,401611,COMPLETED,2025-08-10 02:18:09,Dispatch
7880,401612,CREATED,2025-08-09 16:36:30,Mobile
7881,401612,ASSIGNED,2025-08-09 17:37:30,Mobile
7882,401612,ENROUTE,2025-08-10 00:48:30,Dispatch
7883,401612,ARRIVED,2025-08-10 02:17:30,Dispatch
7884,401613,CREATED,2025-08-09 17:07:17,Dispatch
7885,401613,ASSIGNED,2025-08-09 20:18:17,Dispatch
7886,401613,ENROUTE,2025-08-09 23:40:17,Dispatch
7887,401613,ARRIVED,2025-08-10 00:55:17,Mobile
7888,401613,COMPLETED,2025-08-10 01:53:17,Dispatch
7889,401614,CREATED,2025-08-10 00:13:08,Dispatch
7890,401614,ASSIGNED,2025-08-10 03:52:08,Mobile
7891,401614,ENROUTE,2025-08-10 04:40:08,Mobile
7892,401614,ARRIVED,2025-08-10 06:09:08,Mobile
7893,401615,CREATED,2025-08-10 04:21:13,Dispatch
7894,401615,ASSIGNED,2025-08-10 08:20:13,Dispatch
7895,401615,ENROUTE,2025-08-10 15:32:13,Dispatch
7896,401615,ARRIVED,2025-08-10 17:41:13,Mobile
7897,401615,COMPLETED,2025-08-11 01:01:13,Dispatch
7898,401616,CREATED,2025-08-10 05:54:28,Dispatch
7899,401616,ASSIGNED,2025-08-10 07:48:28,Dispatch
7900,401616,ENROUTE,2025-08-10 08:36:28,Dispatch
7901,401616,ARRIVED,2025-08-10 08:46:28,Mobile
7902,401616,COMPLETED,2025-08-10 09:56:28,Dispatch
7903,401617,CREATED,2025-08-10 09:28:17,Dispatch
7904,401617,ASSIGNED,2025-08-10 11:40:17,Dispatch
7905,401617,ENROUTE,2025-08-10 17:22:17,Dispatch
7906,401617,ARRIVED,2025-08-10 19:48:17,Dispatch
7907,401617,COMPLETED,2025-08-10 23:36:17,Dispatch
7908,401618,CREATED,2025-08-10 11:17:51,Dispatch
7909,401618,ASSIGNED,2025-08-10 14:53:51,CRM
7910,401618,ENROUTE,2025-08-10 22:27:51,Mobile
7911,401618,ARRIVED,2025-08-11 00:24:51,Mobile
7912,401618,COMPLETED,2025-08-11 08:35:51,Dispatch
7913,401619,CREATED,2025-08-10 11:45:18,CRM
7914,401619,ASSIGNED,2025-08-10 15:16:18,Dispatch
7915,401619,ENROUTE,2025-08-10 20:31:18,Mobile
7916,401619,ARRIVED,2025-08-10 23:17:18,Dispatch
7917,401619,COMPLETED,2025-08-11 03:55:18,Dispatch
7918,401620,CREATED,2025-08-10 12:01:26,Dispatch
7919,401620,ASSIGNED,2025-08-10 12:43:26,Dispatch
7920,401620,ENROUTE,2025-08-10 15:40:26,Dispatch
7921,401620,ARRIVED,2025-08-10 17:59:26,Mobile
7922,401620,COMPLETED,2025-08-11 01:06:26,Mobile
7923,401621,CREATED,2025-08-10 13:13:04,Dispatch
7924,401621,ASSIGNED,2025-08-10 15:25:04,Mobile
7925,401621,ENROUTE,2025-08-10 20:24:04,Dispatch
7926,401621,ARRIVED,2025-08-10 22:29:04,Dispatch
7927,401621,COMPLETED,2025-08-11 01:23:04,Dispatch
7928,401622,CREATED,2025-08-10 14:35:00,Dispatch
7929,401622,ASSIGNED,2025-08-10 14:43:00,Mobile
7930,401622,ENROUTE,2025-08-10 16:56:00,Dispatch
7931,401622,ARRIVED,2025-08-10 19:34:00,CRM
7932,401623,CREATED,2025-08-10 17:11:10,Mobile
7933,401623,ASSIGNED,2025-08-10 19:34:10,Dispatch
7934,401623,ENROUTE,2025-08-10 23:30:10,Dispatch
7935,401623,ARRIVED,2025-08-11 01:42:10,Mobile
7936,401623,COMPLETED,2025-08-11 03:38:10,Mobile
7937,401624,CREATED,2025-08-10 23:51:40,CRM
7938,401624,ASSIGNED,2025-08-11 01:00:40,Mobile
7939,401624,ENROUTE,2025-08-11 05:20:40,Dispatch
7940,401624,ARRIVED,2025-08-11 08:13:40,Dispatch
7941,401625,CREATED,2025-08-11 06:04:49,Dispatch
7942,401625,ASSIGNED,2025-08-11 09:31:49,Dispatch
7943,401625,ENROUTE,2025-08-11 09:54:49,Dispatch
7944,401625,ARRIVED,2025-08-11 12:15:49,Mobile
7945,401625,COMPLETED,2025-08-11 19:13:49,Mobile
7946,401626,CREATED,2025-08-11 06:06:14,Dispatch
7947,401626,ASSIGNED,2025-08-11 06:30:14,Dispatch
7948,401626,ENROUTE,2025-08-11 10:24:14,Dispatch
7949,401626,ARRIVED,2025-08-11 11:21:14,Mobile
7950,401626,COMPLETED,2025-08-11 16:04:14,Mobile
7951,401627,CREATED,2025-08-11 06:15:08,Dispatch
7952,401627,ASSIGNED,2025-08-11 10:00:08,Mobile
7953,401627,ENROUTE,2025-08-11 13:36:08,Mobile
7954,401627,ARRIVED,2025-08-11 14:45:08,Dispatch
7955,401627,COMPLETED,2025-08-11 18:17:08,Mobile
7956,401628,CREATED,2025-08-11 12:21:17,Dispatch
7957,401628,ASSIGNED,2025-08-11 12:47:17,Dispatch
7958,401628,ENROUTE,2025-08-11 19:43:17,Dispatch
7959,401628,ARRIVED,2025-08-11 20:44:17,Mobile
7960,401628,COMPLETED,2025-08-12 06:20:17,CRM
7961,401629,CREATED,2025-08-11 19:52:13,Mobile
7962,401629,ASSIGNED,2025-08-11 22:33:13,Mobile
7963,401629,ENROUTE,2025-08-12 04:44:13,Dispatch
7964,401629,ARRIVED,2025-08-12 07:12:13,Dispatch
7965,401629,COMPLETED,2025-08-12 09:22:13,Dispatch
7966,401630,CREATED,2025-08-11 23:56:55,Dispatch
7967,401630,ASSIGNED,2025-08-12 01:35:55,Mobile
7968,401630,ENROUTE,2025-08-12 06:01:55,Dispatch
7969,401630,ARRIVED,2025-08-12 06:24:55,Mobile
7970,401631,CREATED,2025-08-12 04:59:47,Dispatch
7971,401631,ASSIGNED,2025-08-12 06:55:47,Mobile
7972,401631,ENROUTE,2025-08-12 07:42:47,Mobile
7973,401631,ARRIVED,2025-08-12 08:43:47,Mobile
7974,401631,COMPLETED,2025-08-12 10:58:47,Dispatch
7975,401632,CREATED,2025-08-12 05:13:06,CRM
7976,401632,ASSIGNED,2025-08-12 05:31:06,Mobile
7977,401632,ENROUTE,2025-08-12 08:56:06,Dispatch
7978,401632,ARRIVED,2025-08-12 10:48:06,Mobile
7979,401632,COMPLETED,2025-08-12 15:19:06,Mobile
7980,401633,CREATED,2025-08-12 08:10:00,Dispatch
7981,401633,ASSIGNED,2025-08-12 09:13:00,Mobile
7982,401633,ENROUTE,2025-08-12 16:29:00,Mobile
7983,401633,ARRIVED,2025-08-12 19:17:00,Mobile
7984,401633,COMPLETED,2025-08-13 01:28:00,Dispatch
7985,401634,CREATED,2025-08-12 09:43:42,CRM
7986,401634,ASSIGNED,2025-08-12 11:18:42,CRM
7987,401634,ENROUTE,2025-08-12 15:18:42,Dispatch
7988,401634,ARRIVED,2025-08-12 15:48:42,Dispatch
7989,401634,COMPLETED,2025-08-12 18:58:42,Dispatch
7990,401635,CREATED,2025-08-12 12:06:47,Dispatch
7991,401635,ASSIGNED,2025-08-12 14:35:47,Mobile
7992,401635,ENROUTE,2025-08-12 20:54:47,Mobile
7993,401635,ARRIVED,2025-08-12 23:46:47,Dispatch
7994,401635,COMPLETED,2025-08-13 03:19:47,Dispatch
7995,401636,CREATED,2025-08-12 19:21:16,Dispatch
7996,401636,ASSIGNED,2025-08-12 23:16:16,Mobile
7997,401636,ENROUTE,2025-08-13 00:36:16,Mobile
7998,401636,ARRIVED,2025-08-13 02:10:16,Mobile
7999,401636,COMPLETED,2025-08-13 11:25:16,CRM
8000,401637,CREATED,2025-08-12 19:56:47,Mobile
8001,401637,ASSIGNED,2025-08-12 22:34:47,Dispatch
8002,401637,ENROUTE,2025-08-13 04:14:47,Mobile
8003,401637,ARRIVED,2025-08-13 05:54:47,CRM
8004,401637,COMPLETED,2025-08-13 12:45:47,Mobile
8005,401638,CREATED,2025-08-13 06:18:54,Dispatch
8006,401638,ASSIGNED,2025-08-13 08:00:54,CRM
8007,401638,ENROUTE,2025-08-13 13:36:54,Dispatch
8008,401638,ARRIVED,2025-08-13 14:17:54,Dispatch
8009,401638,COMPLETED,2025-08-13 19:22:54,Dispatch
8010,401639,CREATED,2025-08-13 07:19:30,Dispatch
8011,401639,ASSIGNED,2025-08-13 09:06:30,Mobile
8012,401639,ENROUTE,2025-08-13 11:30:30,CRM
8013,401639,ARRIVED,2025-08-13 11:40:30,Mobile
8014,401639,COMPLETED,2025-08-13 20:42:30,Mobile
8015,401640,CREATED,2025-08-13 11:15:54,Mobile
8016,401640,ASSIGNED,2025-08-13 13:24:54,CRM
8017,401640,ENROUTE,2025-08-13 17:24:54,Dispatch
8018,401640,ARRIVED,2025-08-13 19:32:54,Mobile
8019,401640,COMPLETED,2025-08-13 20:47:54,Dispatch
8020,401641,CREATED,2025-08-13 20:53:36,Dispatch
8021,401641,ASSIGNED,2025-08-13 23:08:36,Mobile
8022,401641,ENROUTE,2025-08-14 02:47:36,Mobile
8023,401641,ARRIVED,2025-08-14 05:31:36,Mobile
8024,401641,COMPLETED,2025-08-14 08:53:36,Dispatch
8025,401642,CREATED,2025-08-14 00:52:57,Mobile
8026,401642,ASSIGNED,2025-08-14 03:58:57,Mobile
8027,401642,ENROUTE,2025-08-14 05:32:57,Mobile
8028,401642,ARRIVED,2025-08-14 05:49:57,Dispatch
8029,401642,COMPLETED,2025-08-14 14:51:57,Mobile
8030,401643,CREATED,2025-08-14 02:12:55,Mobile
8031,401643,ASSIGNED,2025-08-14 05:54:55,Dispatch
8032,401643,ENROUTE,2025-08-14 07:18:55,Mobile
8033,401643,ARRIVED,2025-08-14 09:08:55,Mobile
8034,401643,COMPLETED,2025-08-14 11:43:55,Dispatch
8035,401644,CREATED,2025-08-14 04:18:50,Mobile
8036,401644,ASSIGNED,2025-08-14 04:51:50,Dispatch
8037,401644,ENROUTE,2025-08-14 08:26:50,CRM
8038,401644,ARRIVED,2025-08-14 10:44:50,Mobile
8039,401644,COMPLETED,2025-08-14 11:36:50,Mobile
8040,401645,CREATED,2025-08-14 09:17:42,Dispatch
8041,401645,ASSIGNED,2025-08-14 12:05:42,Mobile
8042,401645,ENROUTE,2025-08-14 16:54:42,Dispatch
8043,401645,ARRIVED,2025-08-14 18:23:42,Mobile
8044,401645,COMPLETED,2025-08-14 21:28:42,Dispatch
8045,401646,CREATED,2025-08-14 16:38:07,Dispatch
8046,401646,ASSIGNED,2025-08-14 18:24:07,Dispatch
8047,401646,ENROUTE,2025-08-14 23:30:07,Dispatch
8048,401646,ARRIVED,2025-08-15 01:02:07,Mobile
8049,401647,CREATED,2025-08-14 16:42:27,Dispatch
8050,401647,ASSIGNED,2025-08-14 16:59:27,Mobile
8051,401647,ENROUTE,2025-08-14 18:57:27,Dispatch
8052,401647,ARRIVED,2025-08-14 21:27:27,Dispatch
8053,401647,COMPLETED,2025-08-15 00:10:27,Dispatch
8054,401648,CREATED,2025-08-14 21:48:31,Mobile
8055,401648,ASSIGNED,2025-08-15 01:20:31,Dispatch
8056,401648,ENROUTE,2025-08-15 03:17:31,Mobile
8057,401648,ARRIVED,2025-08-15 06:07:31,Dispatch
8058,401648,COMPLETED,2025-08-15 15:55:31,Mobile
8059,401649,CREATED,2025-08-15 02:00:49,Dispatch
8060,401649,ASSIGNED,2025-08-15 02:48:49,Mobile
8061,401649,ENROUTE,2025-08-15 08:54:49,Dispatch
8062,401649,ARRIVED,2025-08-15 11:32:49,Mobile
8063,401649,COMPLETED,2025-08-15 16:18:49,Mobile
8064,401650,CREATED,2025-08-15 03:15:38,Mobile
8065,401650,ASSIGNED,2025-08-15 04:57:38,Dispatch
8066,401650,ENROUTE,2025-08-15 05:57:38,Dispatch
8067,401650,ARRIVED,2025-08-15 07:04:38,Dispatch
8068,401650,COMPLETED,2025-08-15 09:02:38,CRM
8069,401651,CREATED,2025-08-15 04:34:02,Mobile
8070,401651,ASSIGNED,2025-08-15 07:30:02,Dispatch
8071,401651,ENROUTE,2025-08-15 13:11:02,Dispatch
8072,401651,ARRIVED,2025-08-15 15:49:02,CRM
8073,401651,COMPLETED,2025-08-16 01:48:02,Dispatch
8074,401652,CREATED,2025-08-15 07:25:19,Dispatch
8075,401652,ASSIGNED,2025-08-15 10:11:19,Mobile
8076,401652,ENROUTE,2025-08-15 15:34:19,Mobile
8077,401652,ARRIVED,2025-08-15 15:55:19,Mobile
8078,401652,COMPLETED,2025-08-15 18:36:19,Mobile
8079,401653,CREATED,2025-08-15 12:22:56,Dispatch
8080,401653,ASSIGNED,2025-08-15 16:03:56,Mobile
8081,401653,ENROUTE,2025-08-16 00:02:56,CRM
8082,401653,ARRIVED,2025-08-16 01:45:56,Dispatch
8083,401653,COMPLETED,2025-08-16 04:54:56,Dispatch
8084,401654,CREATED,2025-08-15 12:47:13,Mobile
8085,401654,ASSIGNED,2025-08-15 16:02:13,Mobile
8086,401654,ENROUTE,2025-08-15 17:13:13,Dispatch
8087,401654,ARRIVED,2025-08-15 18:10:13,Dispatch
8088,401654,COMPLETED,2025-08-16 00:05:13,Dispatch
8089,401655,CREATED,2025-08-15 17:09:35,Dispatch
8090,401655,ASSIGNED,2025-08-15 18:39:35,Mobile
8091,401655,ENROUTE,2025-08-16 01:54:35,Mobile
8092,401655,ARRIVED,2025-08-16 02:29:35,CRM
8093,401655,COMPLETED,2025-08-16 06:00:35,Dispatch
8094,401656,CREATED,2025-08-15 17:53:58,Dispatch
8095,401656,ASSIGNED,2025-08-15 21:11:58,Dispatch
8096,401656,ENROUTE,2025-08-15 23:50:58,Dispatch
8097,401656,ARRIVED,2025-08-16 02:42:58,Dispatch
8098,401656,COMPLETED,2025-08-16 07:27:58,CRM
8099,401657,CREATED,2025-08-15 18:06:16,Mobile
8100,401657,ASSIGNED,2025-08-15 20:20:16,Dispatch
8101,401657,ENROUTE,2025-08-15 23:11:16,Dispatch
8102,401657,ARRIVED,2025-08-15 23:58:16,Mobile
8103,401657,COMPLETED,2025-08-16 03:26:16,Mobile
8104,401658,CREATED,2025-08-15 19:22:35,Dispatch
8105,401658,ASSIGNED,2025-08-15 20:26:35,Mobile
8106,401658,ENROUTE,2025-08-16 00:23:35,Mobile
8107,401658,ARRIVED,2025-08-16 02:04:35,Mobile
8108,401658,COMPLETED,2025-08-16 03:27:35,Dispatch
8109,401659,CREATED,2025-08-15 22:47:57,Dispatch
8110,401659,ASSIGNED,2025-08-15 22:58:57,Mobile
8111,401659,ENROUTE,2025-08-16 03:03:57,Dispatch
8112,401659,ARRIVED,2025-08-16 02:43:57,Dispatch
8113,401659,COMPLETED,2025-08-16 03:13:57,Dispatch
8114,401660,CREATED,2025-08-15 23:12:05,Mobile
8115,401660,ASSIGNED,2025-08-16 01:06:05,Mobile
8116,401660,ENROUTE,2025-08-16 01:38:05,Dispatch
8117,401660,ARRIVED,2025-08-16 02:12:05,CRM
8118,401660,COMPLETED,2025-08-16 11:09:05,Mobile
8119,401661,CREATED,2025-08-16 00:30:45,Dispatch
8120,401661,ASSIGNED,2025-08-16 01:12:45,Dispatch
8121,401661,ENROUTE,2025-08-16 03:16:45,Dispatch
8122,401661,ARRIVED,2025-08-16 05:03:45,Mobile
8123,401661,COMPLETED,2025-08-16 08:13:45,CRM
8124,401662,CREATED,2025-08-16 15:39:08,Dispatch
8125,401662,ASSIGNED,2025-08-16 16:30:08,Dispatch
8126,401662,ENROUTE,2025-08-16 17:51:08,Dispatch
8127,401662,ARRIVED,2025-08-16 19:04:08,Dispatch
8128,401662,COMPLETED,2025-08-17 01:30:08,Dispatch
8129,401663,CREATED,2025-08-16 17:45:25,Dispatch
8130,401663,ASSIGNED,2025-08-16 21:16:25,Dispatch
8131,401663,ENROUTE,2025-08-17 03:14:25,Dispatch
8132,401663,ARRIVED,2025-08-17 03:47:25,CRM
8133,401663,COMPLETED,2025-08-17 06:57:25,Dispatch
8134,401664,CREATED,2025-08-16 22:07:32,CRM
8135,401664,ASSIGNED,2025-08-16 23:17:32,Mobile
8136,401664,ENROUTE,2025-08-17 05:49:32,Dispatch
8137,401664,ARRIVED,2025-08-17 07:10:32,Mobile
8138,401664,COMPLETED,2025-08-17 14:27:32,Dispatch
8139,401665,CREATED,2025-08-16 23:18:28,Mobile
8140,401665,ASSIGNED,2025-08-17 02:01:28,CRM
8141,401665,ENROUTE,2025-08-17 06:53:28,Mobile
8142,401665,ARRIVED,2025-08-17 07:07:28,Mobile
8143,401666,CREATED,2025-08-17 02:43:36,Dispatch
8144,401666,ASSIGNED,2025-08-17 03:41:36,Dispatch
8145,401666,ENROUTE,2025-08-17 11:30:36,Mobile
8146,401666,ARRIVED,2025-08-17 12:48:36,Dispatch
8147,401666,COMPLETED,2025-08-17 14:56:36,Dispatch
8148,401667,CREATED,2025-08-17 06:10:30,Mobile
8149,401667,ASSIGNED,2025-08-17 09:33:30,Mobile
8150,401667,ENROUTE,2025-08-17 16:35:30,Dispatch
8151,401667,ARRIVED,2025-08-17 17:01:30,Mobile
8152,401667,COMPLETED,2025-08-18 01:41:30,Dispatch
8153,401668,CREATED,2025-08-17 07:32:04,Dispatch
8154,401668,ASSIGNED,2025-08-17 10:36:04,Mobile
8155,401668,ENROUTE,2025-08-17 14:19:04,Dispatch
8156,401668,ARRIVED,2025-08-17 16:02:04,Dispatch
8157,401668,COMPLETED,2025-08-17 19:17:04,Mobile
8158,401669,CREATED,2025-08-17 09:42:46,Mobile
8159,401669,ASSIGNED,2025-08-17 09:58:46,Dispatch
8160,401669,ENROUTE,2025-08-17 17:48:46,Mobile
8161,401669,ARRIVED,2025-08-17 20:42:46,Dispatch
8162,401669,COMPLETED,2025-08-18 00:33:46,Mobile
8163,401670,CREATED,2025-08-17 11:20:42,Dispatch
8164,401670,ASSIGNED,2025-08-17 13:58:42,Dispatch
8165,401670,ENROUTE,2025-08-17 18:57:42,CRM
8166,401670,ARRIVED,2025-08-17 20:36:42,Dispatch
8167,401670,COMPLETED,2025-08-18 02:35:42,CRM
8168,401671,CREATED,2025-08-17 13:36:15,Dispatch
8169,401671,ASSIGNED,2025-08-17 16:17:15,Dispatch
8170,401671,ENROUTE,2025-08-17 20:53:15,Mobile
8171,401671,ARRIVED,2025-08-17 22:56:15,Mobile
8172,401671,COMPLETED,2025-08-17 23:44:15,Dispatch
8173,401672,CREATED,2025-08-17 18:02:47,Mobile
8174,401672,ASSIGNED,2025-08-17 20:35:47,Dispatch
8175,401672,ENROUTE,2025-08-18 01:27:47,Mobile
8176,401672,ARRIVED,2025-08-18 02:38:47,Mobile
8177,401672,COMPLETED,2025-08-18 12:17:47,Dispatch
8178,401673,CREATED,2025-08-17 19:32:54,Mobile
8179,401673,ASSIGNED,2025-08-17 20:42:54,Dispatch
8180,401673,ENROUTE,2025-08-18 02:19:54,Dispatch
8181,401673,ARRIVED,2025-08-18 03:55:54,Dispatch
8182,401673,COMPLETED,2025-08-18 08:23:54,Dispatch
8183,401674,CREATED,2025-08-17 21:11:06,Dispatch
8184,401674,ASSIGNED,2025-08-18 01:10:06,CRM
8185,401674,ENROUTE,2025-08-18 08:50:06,Mobile
8186,401674,ARRIVED,2025-08-18 09:10:06,Mobile
8187,401674,COMPLETED,2025-08-18 12:32:06,Mobile
8188,401675,CREATED,2025-08-18 00:48:55,Mobile
8189,401675,ASSIGNED,2025-08-18 01:36:55,Mobile
8190,401675,ENROUTE,2025-08-18 02:18:55,Mobile
8191,401675,ARRIVED,2025-08-18 02:54:55,Dispatch
8192,401675,COMPLETED,2025-08-18 07:17:55,Dispatch
8193,401676,CREATED,2025-08-18 02:08:03,Mobile
8194,401676,ASSIGNED,2025-08-18 05:14:03,Dispatch
8195,401676,ENROUTE,2025-08-18 10:51:03,Dispatch
8196,401676,ARRIVED,2025-08-18 11:43:03,Mobile
8197,401676,COMPLETED,2025-08-18 16:36:03,Dispatch
8198,401677,CREATED,2025-08-18 07:03:05,Dispatch
8199,401677,ASSIGNED,2025-08-18 09:19:05,Dispatch
8200,401677,ENROUTE,2025-08-18 13:00:05,Dispatch
8201,401677,ARRIVED,2025-08-18 15:56:05,Dispatch
8202,401677,COMPLETED,2025-08-18 16:30:05,Dispatch
8203,401678,CREATED,2025-08-18 08:00:33,Mobile
8204,401678,ASSIGNED,2025-08-18 10:22:33,Mobile
8205,401678,ENROUTE,2025-08-18 15:17:33,Dispatch
8206,401678,ARRIVED,2025-08-18 17:49:33,Dispatch
8207,401678,COMPLETED,2025-08-18 18:28:33,CRM
8208,401679,CREATED,2025-08-18 15:05:23,Dispatch
8209,401679,ASSIGNED,2025-08-18 15:10:23,Mobile
8210,401679,ENROUTE,2025-08-18 17:17:23,CRM
8211,401679,ARRIVED,2025-08-18 18:24:23,CRM
8212,401679,COMPLETED,2025-08-18 19:49:23,Dispatch
8213,401680,CREATED,2025-08-18 18:14:13,Dispatch
8214,401680,ASSIGNED,2025-08-18 18:44:13,Dispatch
8215,401680,ENROUTE,2025-08-18 20:04:13,Mobile
8216,401680,ARRIVED,2025-08-18 21:07:13,Mobile
8217,401680,COMPLETED,2025-08-19 02:25:13,Mobile
8218,401681,CREATED,2025-08-18 20:39:46,Mobile
8219,401681,ASSIGNED,2025-08-18 21:16:46,Mobile
8220,401681,ENROUTE,2025-08-18 23:43:46,Mobile
8221,401681,ARRIVED,2025-08-19 02:24:46,Mobile
8222,401681,COMPLETED,2025-08-19 04:00:46,Mobile
8223,401682,CREATED,2025-08-18 22:08:20,Dispatch
8224,401682,ASSIGNED,2025-08-18 23:54:20,CRM
8225,401682,ENROUTE,2025-08-19 07:25:20,Dispatch
8226,401682,ARRIVED,2025-08-19 07:59:20,Dispatch
8227,401682,COMPLETED,2025-08-19 11:03:20,CRM
8228,401683,CREATED,2025-08-18 23:53:36,Mobile
8229,401683,ASSIGNED,2025-08-19 02:15:36,Mobile
8230,401683,ENROUTE,2025-08-19 07:45:36,CRM
8231,401683,ARRIVED,2025-08-19 08:10:36,Dispatch
8232,401683,COMPLETED,2025-08-19 09:19:36,CRM
8233,401684,CREATED,2025-08-19 06:28:52,Mobile
8234,401684,ASSIGNED,2025-08-19 08:58:52,Dispatch
8235,401684,ENROUTE,2025-08-19 16:56:52,Mobile
8236,401684,ARRIVED,2025-08-19 19:20:52,Dispatch
8237,401684,CANCELLED,2025-08-19 09:58:52,Mobile
8238,401685,CREATED,2025-08-19 06:52:04,Dispatch
8239,401685,ASSIGNED,2025-08-19 07:53:04,Mobile
8240,401685,ENROUTE,2025-08-19 11:05:04,Dispatch
8241,401685,ARRIVED,2025-08-19 13:30:04,CRM
8242,401685,COMPLETED,2025-08-19 15:29:04,Dispatch
8243,401686,CREATED,2025-08-19 14:14:41,Dispatch
8244,401686,ASSIGNED,2025-08-19 16:17:41,Dispatch
8245,401686,ENROUTE,2025-08-19 22:11:41,Mobile
8246,401686,ARRIVED,2025-08-19 23:37:41,Mobile
8247,401686,COMPLETED,2025-08-20 03:56:41,Dispatch
8248,401687,CREATED,2025-08-19 18:31:21,Mobile
8249,401687,ASSIGNED,2025-08-19 21:01:21,Dispatch
8250,401687,ENROUTE,2025-08-19 23:42:21,Dispatch
8251,401687,ARRIVED,2025-08-20 01:02:21,Dispatch
8252,401687,COMPLETED,2025-08-20 02:50:21,Dispatch
8253,401688,CREATED,2025-08-20 01:17:40,CRM
8254,401688,ASSIGNED,2025-08-20 01:39:40,Mobile
8255,401688,ENROUTE,2025-08-20 03:02:40,Mobile
8256,401688,ARRIVED,2025-08-20 05:04:40,CRM
8257,401688,COMPLETED,2025-08-20 10:46:40,Dispatch
8258,401689,CREATED,2025-08-20 06:34:20,Dispatch
8259,401689,ASSIGNED,2025-08-20 06:48:20,Mobile
8260,401689,ENROUTE,2025-08-20 07:10:20,Dispatch
8261,401689,ARRIVED,2025-08-20 09:20:20,Dispatch
8262,401689,COMPLETED,2025-08-20 16:44:20,Dispatch
8263,401690,CREATED,2025-08-20 06:51:47,Dispatch
8264,401690,ASSIGNED,2025-08-20 08:21:47,CRM
8265,401690,ENROUTE,2025-08-20 14:19:47,Mobile
8266,401690,ARRIVED,2025-08-20 15:05:47,Dispatch
8267,401690,COMPLETED,2025-08-20 18:44:47,Dispatch
8268,401691,CREATED,2025-08-20 07:45:41,Mobile
8269,401691,ASSIGNED,2025-08-20 09:02:41,Mobile
8270,401691,ENROUTE,2025-08-20 10:03:41,Mobile
8271,401691,ARRIVED,2025-08-20 12:45:41,Dispatch
8272,401692,CREATED,2025-08-20 08:34:34,Mobile
8273,401692,ASSIGNED,2025-08-20 11:05:34,CRM
8274,401692,ENROUTE,2025-08-20 15:44:34,Dispatch
8275,401692,ARRIVED,2025-08-20 17:31:34,Mobile
8276,401693,CREATED,2025-08-20 08:48:59,Dispatch
8277,401693,ASSIGNED,2025-08-20 11:59:59,Mobile
8278,401693,ENROUTE,2025-08-20 14:11:59,Dispatch
8279,401693,ARRIVED,2025-08-20 17:02:59,CRM
8280,401693,CANCELLED,2025-08-20 12:59:59,Mobile
8281,401694,CREATED,2025-08-20 09:34:57,Mobile
8282,401694,ASSIGNED,2025-08-20 10:15:57,Dispatch
8283,401694,ENROUTE,2025-08-20 15:43:57,Dispatch
8284,401694,ARRIVED,2025-08-20 18:36:57,Dispatch
8285,401694,COMPLETED,2025-08-21 01:05:57,Mobile
8286,401695,CREATED,2025-08-20 13:42:48,Dispatch
8287,401695,ASSIGNED,2025-08-20 17:34:48,Mobile
8288,401695,ENROUTE,2025-08-20 21:12:48,Mobile
8289,401695,ARRIVED,2025-08-20 23:02:48,Mobile
8290,401695,COMPLETED,2025-08-21 02:24:48,Mobile
8291,401696,CREATED,2025-08-21 00:57:08,Dispatch
8292,401696,ASSIGNED,2025-08-21 01:40:08,Mobile
8293,401696,ENROUTE,2025-08-21 07:29:08,Mobile
8294,401696,ARRIVED,2025-08-21 10:25:08,Mobile
8295,401696,COMPLETED,2025-08-21 14:51:08,Mobile
8296,401697,CREATED,2025-08-21 10:53:21,CRM
8297,401697,ASSIGNED,2025-08-21 14:40:21,Dispatch
8298,401697,ENROUTE,2025-08-21 20:30:21,Dispatch
8299,401697,ARRIVED,2025-08-21 21:44:21,Mobile
8300,401697,COMPLETED,2025-08-22 01:32:21,Dispatch
8301,401698,CREATED,2025-08-21 14:31:19,Dispatch
8302,401698,ASSIGNED,2025-08-21 17:11:19,Mobile
8303,401698,ENROUTE,2025-08-21 18:53:19,Dispatch
8304,401698,ARRIVED,2025-08-21 20:33:19,Mobile
8305,401698,CANCELLED,2025-08-21 18:11:19,Dispatch
8306,401699,CREATED,2025-08-21 17:18:43,Mobile
8307,401699,ASSIGNED,2025-08-21 21:10:43,Dispatch
8308,401699,ENROUTE,2025-08-22 03:54:43,Dispatch
8309,401699,ARRIVED,2025-08-22 06:11:43,Dispatch
8310,401699,CANCELLED,2025-08-21 22:10:43,Mobile
8311,401700,CREATED,2025-08-21 23:51:54,Mobile
8312,401700,ASSIGNED,2025-08-22 00:18:54,Dispatch
8313,401700,ENROUTE,2025-08-22 00:45:54,Dispatch
8314,401700,ARRIVED,2025-08-22 02:44:54,Mobile
8315,401701,CREATED,2025-08-22 01:19:47,Dispatch
8316,401701,ASSIGNED,2025-08-22 02:39:47,Dispatch
8317,401701,ENROUTE,2025-08-22 03:39:47,Mobile
8318,401701,ARRIVED,2025-08-22 04:21:47,CRM
8319,401701,COMPLETED,2025-08-22 06:46:47,Mobile
8320,401702,CREATED,2025-08-22 06:26:58,Mobile
8321,401702,ASSIGNED,2025-08-22 08:15:58,CRM
8322,401702,ENROUTE,2025-08-22 12:06:58,Mobile
8323,401702,ARRIVED,2025-08-22 13:15:58,Mobile
8324,401702,COMPLETED,2025-08-22 14:37:58,Mobile
8325,401703,CREATED,2025-08-22 07:33:39,Dispatch
8326,401703,ASSIGNED,2025-08-22 10:53:39,Dispatch
8327,401703,ENROUTE,2025-08-22 11:12:39,Dispatch
8328,401703,ARRIVED,2025-08-22 11:39:39,Dispatch
8329,401703,COMPLETED,2025-08-22 21:29:39,Mobile
8330,401704,CREATED,2025-08-22 10:35:27,Dispatch
8331,401704,ASSIGNED,2025-08-22 14:17:27,Mobile
8332,401704,ENROUTE,2025-08-22 17:32:27,Dispatch
8333,401704,ARRIVED,2025-08-22 19:50:27,Dispatch
8334,401704,COMPLETED,2025-08-23 00:46:27,Dispatch
8335,401705,CREATED,2025-08-22 17:43:01,CRM
8336,401705,ASSIGNED,2025-08-22 19:45:01,Mobile
8337,401705,ENROUTE,2025-08-23 02:38:01,Mobile
8338,401705,ARRIVED,2025-08-23 02:57:01,Dispatch
8339,401705,COMPLETED,2025-08-23 04:54:01,Mobile
8340,401706,CREATED,2025-08-22 19:27:39,Mobile
8341,401706,ASSIGNED,2025-08-22 22:15:39,Mobile
8342,401706,ENROUTE,2025-08-23 01:50:39,Mobile
8343,401706,ARRIVED,2025-08-23 02:46:39,Dispatch
8344,401706,COMPLETED,2025-08-23 11:53:39,Mobile
8345,401706,REOPENED,2025-08-24 11:53:39,Dispatch
8346,401706,ASSIGNED,2025-08-24 12:53:39,Dispatch
8347,401706,COMPLETED,2025-08-25 13:53:39,Dispatch
8348,401707,CREATED,2025-08-22 22:30:10,CRM
8349,401707,ASSIGNED,2025-08-23 00:42:10,Dispatch
8350,401707,ENROUTE,2025-08-23 03:03:10,Dispatch
8351,401707,ARRIVED,2025-08-23 03:34:10,Mobile
8352,401707,COMPLETED,2025-08-23 07:38:10,CRM
8353,401708,CREATED,2025-08-23 03:59:48,Dispatch
8354,401708,ASSIGNED,2025-08-23 06:58:48,Mobile
8355,401708,ENROUTE,2025-08-23 12:00:48,Dispatch
8356,401708,ARRIVED,2025-08-23 14:31:48,Dispatch
8357,401709,CREATED,2025-08-23 07:28:00,Dispatch
8358,401709,ASSIGNED,2025-08-23 08:08:00,Dispatch
8359,401709,ENROUTE,2025-08-23 11:24:00,Dispatch
8360,401709,ARRIVED,2025-08-23 14:02:00,Dispatch
8361,401710,CREATED,2025-08-23 19:49:38,Mobile
8362,401710,ASSIGNED,2025-08-23 23:36:38,Mobile
8363,401710,ENROUTE,2025-08-23 23:58:38,Mobile
8364,401710,ARRIVED,2025-08-24 01:34:38,CRM
8365,401711,CREATED,2025-08-23 20:42:05,Dispatch
8366,401711,ASSIGNED,2025-08-23 20:48:05,Dispatch
8367,401711,ENROUTE,2025-08-23 22:32:05,Dispatch
8368,401711,ARRIVED,2025-08-24 01:01:05,Dispatch
8369,401711,CANCELLED,2025-08-23 21:48:05,Mobile
8370,401712,CREATED,2025-08-24 00:26:25,Dispatch
8371,401712,ASSIGNED,2025-08-24 02:25:25,Mobile
8372,401712,ENROUTE,2025-08-24 08:13:25,Mobile
8373,401712,ARRIVED,2025-08-24 08:26:25,Mobile
8374,401712,CANCELLED,2025-08-24 03:25:25,Mobile
8375,401713,CREATED,2025-08-24 02:07:50,Mobile
8376,401713,ASSIGNED,2025-08-24 03:16:50,Mobile
8377,401713,ENROUTE,2025-08-24 10:41:50,CRM
8378,401713,ARRIVED,2025-08-24 11:14:50,Mobile
8379,401713,COMPLETED,2025-08-24 15:43:50,Dispatch
8380,401714,CREATED,2025-08-24 05:47:52,Mobile
8381,401714,ASSIGNED,2025-08-24 07:08:52,CRM
8382,401714,ENROUTE,2025-08-24 10:20:52,Mobile
8383,401714,ARRIVED,2025-08-24 13:08:52,Dispatch
8384,401714,COMPLETED,2025-08-24 18:10:52,Dispatch
8385,401715,CREATED,2025-08-24 08:12:48,CRM
8386,401715,ASSIGNED,2025-08-24 10:40:48,Mobile
8387,401715,ENROUTE,2025-08-24 12:03:48,CRM
8388,401715,ARRIVED,2025-08-24 12:52:48,Mobile
8389,401715,COMPLETED,2025-08-24 18:23:48,Dispatch
8390,401716,CREATED,2025-08-24 11:16:17,Dispatch
8391,401716,ASSIGNED,2025-08-24 12:03:17,Dispatch
8392,401716,ENROUTE,2025-08-24 20:00:17,Mobile
8393,401716,ARRIVED,2025-08-24 20:42:17,Dispatch
8394,401716,COMPLETED,2025-08-25 01:55:17,Mobile
8395,401717,CREATED,2025-08-24 15:51:01,Mobile
8396,401717,ASSIGNED,2025-08-24 19:41:01,Mobile
8397,401717,ENROUTE,2025-08-25 00:52:01,Dispatch
8398,401717,ARRIVED,2025-08-25 02:31:01,CRM
8399,401717,COMPLETED,2025-08-25 11:33:01,Mobile
8400,401718,CREATED,2025-08-24 15:56:32,CRM
8401,401718,ASSIGNED,2025-08-24 16:05:32,CRM
8402,401718,ENROUTE,2025-08-24 22:49:32,Dispatch
8403,401718,ARRIVED,2025-08-24 23:40:32,CRM
8404,401718,CANCELLED,2025-08-24 17:05:32,Mobile
8405,401719,CREATED,2025-08-24 20:12:05,Dispatch
8406,401719,ASSIGNED,2025-08-24 23:26:05,Mobile
8407,401719,ENROUTE,2025-08-25 02:40:05,Dispatch
8408,401719,ARRIVED,2025-08-25 02:52:05,Dispatch
8409,401719,COMPLETED,2025-08-25 08:44:05,Dispatch
8410,401720,CREATED,2025-08-24 20:26:34,Dispatch
8411,401720,ASSIGNED,2025-08-24 21:43:34,Dispatch
8412,401720,ENROUTE,2025-08-25 05:38:34,CRM
8413,401720,ARRIVED,2025-08-25 06:25:34,Mobile
8414,401720,COMPLETED,2025-08-25 07:20:34,Dispatch
8415,401721,CREATED,2025-08-24 23:02:17,CRM
8416,401721,ASSIGNED,2025-08-25 02:26:17,Dispatch
8417,401721,ENROUTE,2025-08-25 10:17:17,Dispatch
8418,401721,ARRIVED,2025-08-25 12:57:17,Dispatch
8419,401721,COMPLETED,2025-08-25 21:33:17,Dispatch
8420,401722,CREATED,2025-08-24 23:48:37,Dispatch
8421,401722,ASSIGNED,2025-08-25 00:19:37,Mobile
8422,401722,ENROUTE,2025-08-25 06:05:37,Dispatch
8423,401722,ARRIVED,2025-08-25 06:51:37,Dispatch
8424,401722,COMPLETED,2025-08-25 09:45:37,Mobile
8425,401723,CREATED,2025-08-25 01:35:16,Mobile
8426,401723,ASSIGNED,2025-08-25 04:45:16,CRM
8427,401723,ENROUTE,2025-08-25 05:38:16,Mobile
8428,401723,ARRIVED,2025-08-25 07:14:16,CRM
8429,401723,COMPLETED,2025-08-25 15:00:16,CRM
8430,401724,CREATED,2025-08-25 07:40:30,Dispatch
8431,401724,ASSIGNED,2025-08-25 08:23:30,Mobile
8432,401724,ENROUTE,2025-08-25 09:34:30,Dispatch
8433,401724,ARRIVED,2025-08-25 10:48:30,CRM
8434,401724,COMPLETED,2025-08-25 19:52:30,Dispatch
8435,401725,CREATED,2025-08-25 19:15:59,CRM
8436,401725,ASSIGNED,2025-08-25 22:29:59,Dispatch
8437,401725,ENROUTE,2025-08-26 05:06:59,Mobile
8438,401725,ARRIVED,2025-08-26 06:21:59,Mobile
8439,401725,COMPLETED,2025-08-26 09:33:59,Mobile
8440,401726,CREATED,2025-08-25 19:25:09,Mobile
8441,401726,ASSIGNED,2025-08-25 22:53:09,Dispatch
8442,401726,ENROUTE,2025-08-26 06:01:09,Mobile
8443,401726,ARRIVED,2025-08-26 07:04:09,Dispatch
8444,401726,COMPLETED,2025-08-26 16:33:09,Dispatch
8445,401727,CREATED,2025-08-26 00:42:07,Mobile
8446,401727,ASSIGNED,2025-08-26 01:21:07,Mobile
8447,401727,ENROUTE,2025-08-26 02:51:07,Dispatch
8448,401727,ARRIVED,2025-08-26 03:32:07,Dispatch
8449,401727,COMPLETED,2025-08-26 10:49:07,Dispatch
8450,401728,CREATED,2025-08-26 02:03:11,Dispatch
8451,401728,ASSIGNED,2025-08-26 04:06:11,Dispatch
8452,401728,ENROUTE,2025-08-26 11:52:11,Mobile
8453,401728,ARRIVED,2025-08-26 13:28:11,Dispatch
8454,401729,CREATED,2025-08-26 04:38:44,Dispatch
8455,401729,ASSIGNED,2025-08-26 07:35:44,Dispatch
8456,401729,ENROUTE,2025-08-26 13:22:44,Mobile
8457,401729,ARRIVED,2025-08-26 14:02:44,Dispatch
8458,401729,COMPLETED,2025-08-26 19:44:44,Mobile
8459,401730,CREATED,2025-08-26 04:40:13,Dispatch
8460,401730,ASSIGNED,2025-08-26 06:25:13,Mobile
8461,401730,ENROUTE,2025-08-26 13:31:13,Mobile
8462,401730,ARRIVED,2025-08-26 14:13:13,Dispatch
8463,401730,COMPLETED,2025-08-26 15:47:13,Mobile
8464,401731,CREATED,2025-08-26 07:04:56,Mobile
8465,401731,ASSIGNED,2025-08-26 07:23:56,Mobile
8466,401731,ENROUTE,2025-08-26 09:28:56,Mobile
8467,401731,ARRIVED,2025-08-26 09:43:56,Mobile
8468,401731,COMPLETED,2025-08-26 14:21:56,Mobile
8469,401732,CREATED,2025-08-26 07:19:18,Dispatch
8470,401732,ASSIGNED,2025-08-26 09:11:18,Dispatch
8471,401732,ENROUTE,2025-08-26 11:41:18,Mobile
8472,401732,ARRIVED,2025-08-26 13:10:18,Dispatch
8473,401732,COMPLETED,2025-08-26 17:02:18,Mobile
8474,401733,CREATED,2025-08-26 08:17:28,Mobile
8475,401733,ASSIGNED,2025-08-26 08:36:28,Mobile
8476,401733,ENROUTE,2025-08-26 15:53:28,Mobile
8477,401733,ARRIVED,2025-08-26 17:14:28,Mobile
8478,401733,CANCELLED,2025-08-26 09:36:28,Mobile
8479,401734,CREATED,2025-08-26 10:03:51,Dispatch
8480,401734,ASSIGNED,2025-08-26 12:30:51,Dispatch
8481,401734,ENROUTE,2025-08-26 18:09:51,Dispatch
8482,401734,ARRIVED,2025-08-26 19:29:51,Dispatch
8483,401734,COMPLETED,2025-08-27 03:06:51,Dispatch
8484,401735,CREATED,2025-08-26 11:05:04,Mobile
8485,401735,ASSIGNED,2025-08-26 11:19:04,Dispatch
8486,401735,ENROUTE,2025-08-26 13:16:04,Mobile
8487,401735,ARRIVED,2025-08-26 13:50:04,Dispatch
8488,401735,COMPLETED,2025-08-26 16:24:04,Mobile
8489,401736,CREATED,2025-08-26 11:15:00,Dispatch
8490,401736,ASSIGNED,2025-08-26 14:16:00,Dispatch
8491,401736,ENROUTE,2025-08-26 22:39:00,Mobile
8492,401736,ARRIVED,2025-08-26 22:19:00,Dispatch
8493,401736,COMPLETED,2025-08-27 05:10:00,Mobile
8494,401737,CREATED,2025-08-26 15:27:21,Dispatch
8495,401737,ASSIGNED,2025-08-26 16:50:21,Mobile
8496,401737,ENROUTE,2025-08-27 00:45:21,Mobile
8497,401737,ARRIVED,2025-08-27 03:13:21,Dispatch
8498,401738,CREATED,2025-08-26 17:21:00,Dispatch
8499,401738,ASSIGNED,2025-08-26 20:41:00,CRM
8500,401738,ENROUTE,2025-08-27 01:46:00,CRM
8501,401738,ARRIVED,2025-08-27 03:08:00,Mobile
8502,401738,COMPLETED,2025-08-27 11:04:00,Dispatch
8503,401739,CREATED,2025-08-26 20:39:15,Dispatch
8504,401739,ASSIGNED,2025-08-26 23:29:15,Mobile
8505,401739,ENROUTE,2025-08-27 01:59:15,Mobile
8506,401739,ARRIVED,2025-08-27 04:44:15,Mobile
8507,401739,COMPLETED,2025-08-27 10:34:15,Dispatch
8508,401740,CREATED,2025-08-27 01:53:44,Dispatch
8509,401740,ASSIGNED,2025-08-27 03:56:44,Dispatch
8510,401740,ENROUTE,2025-08-27 09:25:44,Mobile
8511,401740,ARRIVED,2025-08-27 09:55:44,Mobile
8512,401740,COMPLETED,2025-08-27 11:26:44,CRM
8513,401741,CREATED,2025-08-27 07:04:45,Dispatch
8514,401741,ASSIGNED,2025-08-27 10:39:45,CRM
8515,401741,ENROUTE,2025-08-27 16:04:45,Mobile
8516,401741,ARRIVED,2025-08-27 17:41:45,Dispatch
8517,401741,COMPLETED,2025-08-28 01:13:45,Mobile
8518,401742,CREATED,2025-08-27 12:00:08,Mobile
8519,401742,ASSIGNED,2025-08-27 13:19:08,CRM
8520,401742,ENROUTE,2025-08-27 18:51:08,Dispatch
8521,401742,ARRIVED,2025-08-27 19:03:08,Dispatch
8522,401742,COMPLETED,2025-08-27 21:29:08,Dispatch
8523,401743,CREATED,2025-08-27 17:00:28,Mobile
8524,401743,ASSIGNED,2025-08-27 17:06:28,Mobile
8525,401743,ENROUTE,2025-08-27 23:04:28,Dispatch
8526,401743,ARRIVED,2025-08-27 23:57:28,Mobile
8527,401743,COMPLETED,2025-08-28 07:09:28,Dispatch
8528,401744,CREATED,2025-08-27 18:27:39,Dispatch
8529,401744,ASSIGNED,2025-08-27 20:08:39,Dispatch
8530,401744,ENROUTE,2025-08-28 03:56:39,Mobile
8531,401744,ARRIVED,2025-08-28 04:50:39,Dispatch
8532,401744,CANCELLED,2025-08-27 21:08:39,Mobile
8533,401745,CREATED,2025-08-27 20:20:45,CRM
8534,401745,ASSIGNED,2025-08-27 21:43:45,Dispatch
8535,401745,ENROUTE,2025-08-27 22:18:45,Dispatch
8536,401745,ARRIVED,2025-08-27 23:11:45,Mobile
8537,401746,CREATED,2025-08-27 20:49:12,Dispatch
8538,401746,ASSIGNED,2025-08-28 00:05:12,Mobile
8539,401746,ENROUTE,2025-08-28 05:08:12,Mobile
8540,401746,ARRIVED,2025-08-28 06:02:12,CRM
8541,401746,COMPLETED,2025-08-28 12:14:12,Mobile
8542,401747,CREATED,2025-08-27 23:28:07,Dispatch
8543,401747,ASSIGNED,2025-08-28 02:29:07,Mobile
8544,401747,ENROUTE,2025-08-28 03:59:07,Mobile
8545,401747,ARRIVED,2025-08-28 06:04:07,Dispatch
8546,401747,COMPLETED,2025-08-28 13:04:07,Mobile
8547,401748,CREATED,2025-08-28 00:23:32,Dispatch
8548,401748,ASSIGNED,2025-08-28 02:31:32,CRM
8549,401748,ENROUTE,2025-08-28 05:59:32,Mobile
8550,401748,ARRIVED,2025-08-28 07:08:32,Dispatch
8551,401748,COMPLETED,2025-08-28 13:44:32,Mobile
8552,401749,CREATED,2025-08-28 05:12:02,Mobile
8553,401749,ASSIGNED,2025-08-28 05:45:02,Mobile
8554,401749,ENROUTE,2025-08-28 12:13:02,Mobile
8555,401749,ARRIVED,2025-08-28 14:21:02,Mobile
8556,401750,CREATED,2025-08-28 12:08:06,Mobile
8557,401750,ASSIGNED,2025-08-28 12:24:06,Mobile
8558,401750,ENROUTE,2025-08-28 18:31:06,CRM
8559,401750,ARRIVED,2025-08-28 19:43:06,Dispatch
8560,401750,COMPLETED,2025-08-29 02:17:06,Dispatch
8561,401751,CREATED,2025-08-28 13:17:41,Dispatch
8562,401751,ASSIGNED,2025-08-28 14:45:41,CRM
8563,401751,ENROUTE,2025-08-28 19:15:41,Dispatch
8564,401751,ARRIVED,2025-08-28 19:29:41,Mobile
8565,401751,COMPLETED,2025-08-28 21:53:41,CRM
8566,401752,CREATED,2025-08-28 14:55:01,Dispatch
8567,401752,ASSIGNED,2025-08-28 17:32:01,CRM
8568,401752,ENROUTE,2025-08-28 22:55:01,Mobile
8569,401752,ARRIVED,2025-08-29 00:34:01,Dispatch
8570,401752,COMPLETED,2025-08-29 06:49:01,CRM
8571,401753,CREATED,2025-08-28 15:22:36,CRM
8572,401753,ASSIGNED,2025-08-28 17:03:36,Mobile
8573,401753,ENROUTE,2025-08-28 21:21:36,Dispatch
8574,401753,ARRIVED,2025-08-28 22:53:36,Mobile
8575,401753,COMPLETED,2025-08-29 06:00:36,Dispatch
8576,401754,CREATED,2025-08-28 16:47:27,Mobile
8577,401754,ASSIGNED,2025-08-28 19:31:27,Dispatch
8578,401754,ENROUTE,2025-08-29 01:32:27,Mobile
8579,401754,ARRIVED,2025-08-29 03:55:27,Dispatch
8580,401754,COMPLETED,2025-08-29 10:05:27,Mobile
8581,401755,CREATED,2025-08-28 18:09:08,Dispatch
8582,401755,ASSIGNED,2025-08-28 20:23:08,Dispatch
8583,401755,ENROUTE,2025-08-29 03:42:08,Dispatch
8584,401755,ARRIVED,2025-08-29 06:01:08,Mobile
8585,401755,COMPLETED,2025-08-29 07:15:08,Dispatch
8586,401756,CREATED,2025-08-28 19:23:08,Dispatch
8587,401756,ASSIGNED,2025-08-28 23:17:08,CRM
8588,401756,ENROUTE,2025-08-29 01:39:08,Mobile
8589,401756,ARRIVED,2025-08-29 04:30:08,Dispatch
8590,401756,COMPLETED,2025-08-29 06:59:08,Dispatch
8591,401757,CREATED,2025-08-29 02:53:18,Dispatch
8592,401757,ASSIGNED,2025-08-29 04:34:18,Dispatch
8593,401757,ENROUTE,2025-08-29 05:37:18,Dispatch
8594,401757,ARRIVED,2025-08-29 06:03:18,Dispatch
8595,401757,COMPLETED,2025-08-29 14:19:18,Dispatch
8596,401758,CREATED,2025-08-29 02:53:35,Dispatch
8597,401758,ASSIGNED,2025-08-29 03:24:35,Mobile
8598,401758,ENROUTE,2025-08-29 08:52:35,Dispatch
8599,401758,ARRIVED,2025-08-29 09:17:35,Dispatch
8600,401758,COMPLETED,2025-08-29 16:38:35,Dispatch
8601,401759,CREATED,2025-08-29 04:38:23,CRM
8602,401759,ASSIGNED,2025-08-29 07:20:23,Dispatch
8603,401759,ENROUTE,2025-08-29 09:45:23,Dispatch
8604,401759,ARRIVED,2025-08-29 11:25:23,Mobile
8605,401759,COMPLETED,2025-08-29 15:07:23,Dispatch
8606,401760,CREATED,2025-08-29 08:48:16,Dispatch
8607,401760,ASSIGNED,2025-08-29 12:38:16,Dispatch
8608,401760,ENROUTE,2025-08-29 15:37:16,Dispatch
8609,401760,ARRIVED,2025-08-29 15:58:16,Dispatch
8610,401760,COMPLETED,2025-08-29 23:45:16,Mobile
8611,401761,CREATED,2025-08-29 10:42:34,Dispatch
8612,401761,ASSIGNED,2025-08-29 11:59:34,Dispatch
8613,401761,ENROUTE,2025-08-29 16:23:34,Mobile
8614,401761,ARRIVED,2025-08-29 17:20:34,Dispatch
8615,401761,COMPLETED,2025-08-30 02:59:34,Mobile
8616,401762,CREATED,2025-08-29 15:13:07,Mobile
8617,401762,ASSIGNED,2025-08-29 17:46:07,CRM
8618,401762,ENROUTE,2025-08-29 21:37:07,Mobile
8619,401762,ARRIVED,2025-08-29 23:22:07,Mobile
8620,401762,COMPLETED,2025-08-30 06:00:07,CRM
8621,401763,CREATED,2025-08-29 15:34:47,Mobile
8622,401763,ASSIGNED,2025-08-29 17:13:47,Mobile
8623,401763,ENROUTE,2025-08-30 00:19:47,Mobile
8624,401763,ARRIVED,2025-08-30 02:23:47,Dispatch
8625,401763,CANCELLED,2025-08-29 18:13:47,Mobile
8626,401764,CREATED,2025-08-29 20:31:33,Mobile
8627,401764,ASSIGNED,2025-08-29 22:20:33,Dispatch
8628,401764,ENROUTE,2025-08-29 22:56:33,Dispatch
8629,401764,ARRIVED,2025-08-29 23:22:33,Mobile
8630,401764,COMPLETED,2025-08-30 05:31:33,Dispatch
8631,401765,CREATED,2025-08-29 22:29:52,CRM
8632,401765,ASSIGNED,2025-08-30 00:09:52,Dispatch
8633,401765,ENROUTE,2025-08-30 01:08:52,Dispatch
8634,401765,ARRIVED,2025-08-30 03:41:52,CRM
8635,401765,COMPLETED,2025-08-30 05:12:52,Dispatch
8636,401766,CREATED,2025-08-30 06:26:42,Dispatch
8637,401766,ASSIGNED,2025-08-30 08:12:42,Dispatch
8638,401766,ENROUTE,2025-08-30 10:30:42,Dispatch
8639,401766,ARRIVED,2025-08-30 11:05:42,Dispatch
8640,401766,COMPLETED,2025-08-30 14:52:42,Mobile
8641,401767,CREATED,2025-08-30 16:20:35,Mobile
8642,401767,ASSIGNED,2025-08-30 19:57:35,Mobile
8643,401767,ENROUTE,2025-08-30 21:45:35,Dispatch
8644,401767,ARRIVED,2025-08-31 00:14:35,CRM
8645,401767,COMPLETED,2025-08-31 01:43:35,Dispatch
8646,401768,CREATED,2025-08-30 20:30:11,Dispatch
8647,401768,ASSIGNED,2025-08-30 21:09:11,Dispatch
8648,401768,ENROUTE,2025-08-30 21:40:11,CRM
8649,401768,ARRIVED,2025-08-30 21:57:11,Mobile
8650,401769,CREATED,2025-08-30 22:45:17,Dispatch
8651,401769,ASSIGNED,2025-08-31 01:41:17,Dispatch
8652,401769,ENROUTE,2025-08-31 07:10:17,Mobile
8653,401769,ARRIVED,2025-08-31 08:22:17,Mobile
8654,401769,COMPLETED,2025-08-31 15:34:17,Mobile
8655,401770,CREATED,2025-08-31 04:07:48,Dispatch
8656,401770,ASSIGNED,2025-08-31 07:55:48,Mobile
8657,401770,ENROUTE,2025-08-31 12:10:48,Mobile
8658,401770,ARRIVED,2025-08-31 13:15:48,Mobile
8659,401770,COMPLETED,2025-08-31 20:04:48,Dispatch
8660,401771,CREATED,2025-08-31 07:10:16,Mobile
8661,401771,ASSIGNED,2025-08-31 08:18:16,Dispatch
8662,401771,ENROUTE,2025-08-31 13:01:16,Mobile
8663,401771,ARRIVED,2025-08-31 13:56:16,Mobile
8664,401772,CREATED,2025-08-31 14:14:08,Dispatch
8665,401772,ASSIGNED,2025-08-31 16:18:08,Dispatch
8666,401772,ENROUTE,2025-08-31 16:39:08,Dispatch
8667,401772,ARRIVED,2025-08-31 19:16:08,Dispatch
8668,401772,COMPLETED,2025-09-01 03:29:08,Mobile
8669,401773,CREATED,2025-08-31 15:28:00,Dispatch
8670,401773,ASSIGNED,2025-08-31 15:59:00,Dispatch
8671,401773,ENROUTE,2025-08-31 18:31:00,Dispatch
8672,401773,ARRIVED,2025-08-31 20:10:00,Mobile
8673,401774,CREATED,2025-08-31 16:07:32,Dispatch
8674,401774,ASSIGNED,2025-08-31 19:44:32,Mobile
8675,401774,ENROUTE,2025-09-01 02:15:32,Mobile
8676,401774,ARRIVED,2025-09-01 04:59:32,Dispatch
8677,401774,COMPLETED,2025-09-01 13:03:32,Mobile
8678,401775,CREATED,2025-08-31 17:01:38,Mobile
8679,401775,ASSIGNED,2025-08-31 19:15:38,Dispatch
8680,401775,ENROUTE,2025-09-01 00:15:38,Dispatch
8681,401775,ARRIVED,2025-09-01 01:51:38,Mobile
8682,401775,COMPLETED,2025-09-01 03:10:38,Dispatch
8683,401776,CREATED,2025-08-31 17:08:19,CRM
8684,401776,ASSIGNED,2025-08-31 17:39:19,Dispatch
8685,401776,ENROUTE,2025-09-01 00:42:19,Dispatch
8686,401776,ARRIVED,2025-09-01 01:10:19,Mobile
8687,401776,COMPLETED,2025-09-01 07:07:19,Mobile
8688,401777,CREATED,2025-08-31 20:47:48,Mobile
8689,401777,ASSIGNED,2025-08-31 23:59:48,CRM
8690,401777,ENROUTE,2025-09-01 01:46:48,Dispatch
8691,401777,ARRIVED,2025-09-01 03:45:48,CRM
8692,401777,COMPLETED,2025-09-01 06:31:48,Mobile
8693,401778,CREATED,2025-09-01 03:49:59,CRM
8694,401778,ASSIGNED,2025-09-01 07:48:59,Mobile
8695,401778,ENROUTE,2025-09-01 10:23:59,CRM
8696,401778,ARRIVED,2025-09-01 12:54:59,Dispatch
8697,401778,COMPLETED,2025-09-01 14:58:59,Mobile
8698,401779,CREATED,2025-09-01 10:04:37,Dispatch
8699,401779,ASSIGNED,2025-09-01 11:55:37,Mobile
8700,401779,ENROUTE,2025-09-01 15:52:37,Dispatch
8701,401779,ARRIVED,2025-09-01 16:03:37,Mobile
8702,401779,COMPLETED,2025-09-01 17:38:37,Dispatch
8703,401780,CREATED,2025-09-01 12:24:33,Dispatch
8704,401780,ASSIGNED,2025-09-01 12:44:33,CRM
8705,401780,ENROUTE,2025-09-01 16:58:33,Dispatch
8706,401780,ARRIVED,2025-09-01 18:00:33,CRM
8707,401780,COMPLETED,2025-09-01 19:45:33,CRM
8708,401781,CREATED,2025-09-01 13:58:11,Dispatch
8709,401781,ASSIGNED,2025-09-01 15:09:11,Dispatch
8710,401781,ENROUTE,2025-09-01 20:22:11,Mobile
8711,401781,ARRIVED,2025-09-01 21:49:11,Mobile
8712,401781,COMPLETED,2025-09-01 23:51:11,Mobile
8713,401782,CREATED,2025-09-01 15:40:22,Dispatch
8714,401782,ASSIGNED,2025-09-01 18:08:22,Dispatch
8715,401782,ENROUTE,2025-09-02 00:37:22,Dispatch
8716,401782,ARRIVED,2025-09-02 03:01:22,Mobile
8717,401783,CREATED,2025-09-02 00:50:24,Mobile
8718,401783,ASSIGNED,2025-09-02 03:59:24,Mobile
8719,401783,ENROUTE,2025-09-02 06:12:24,Dispatch
8720,401783,ARRIVED,2025-09-02 06:23:24,Dispatch
8721,401783,COMPLETED,2025-09-02 11:53:24,Dispatch
8722,401784,CREATED,2025-09-02 01:07:59,Dispatch
8723,401784,ASSIGNED,2025-09-02 01:15:59,Dispatch
8724,401784,ENROUTE,2025-09-02 03:06:59,Dispatch
8725,401784,ARRIVED,2025-09-02 05:24:59,Dispatch
8726,401784,COMPLETED,2025-09-02 14:53:59,Mobile
8727,401785,CREATED,2025-09-02 02:37:17,Dispatch
8728,401785,ASSIGNED,2025-09-02 05:34:17,Dispatch
8729,401785,ENROUTE,2025-09-02 09:44:17,Mobile
8730,401785,ARRIVED,2025-09-02 12:17:17,Dispatch
8731,401785,CANCELLED,2025-09-02 06:34:17,Mobile
8732,401786,CREATED,2025-09-02 02:53:33,Mobile
8733,401786,ASSIGNED,2025-09-02 04:25:33,Mobile
8734,401786,ENROUTE,2025-09-02 10:11:33,Dispatch
8735,401786,ARRIVED,2025-09-02 12:44:33,Mobile
8736,401786,CANCELLED,2025-09-02 05:25:33,Mobile
8737,401787,CREATED,2025-09-02 03:41:50,Mobile
8738,401787,ASSIGNED,2025-09-02 07:21:50,Dispatch
8739,401787,ENROUTE,2025-09-02 14:19:50,Mobile
8740,401787,ARRIVED,2025-09-02 15:40:50,CRM
8741,401787,COMPLETED,2025-09-02 19:46:50,Dispatch
8742,401788,CREATED,2025-09-02 07:03:18,Dispatch
8743,401788,ASSIGNED,2025-09-02 07:09:18,Mobile
8744,401788,ENROUTE,2025-09-02 07:32:18,Dispatch
8745,401788,ARRIVED,2025-09-02 10:01:18,Dispatch
8746,401788,COMPLETED,2025-09-02 12:47:18,Mobile
8747,401789,CREATED,2025-09-02 07:03:55,CRM
8748,401789,ASSIGNED,2025-09-02 10:40:55,Mobile
8749,401789,ENROUTE,2025-09-02 13:19:55,Dispatch
8750,401789,ARRIVED,2025-09-02 14:48:55,Mobile
8751,401789,COMPLETED,2025-09-02 23:17:55,CRM
8752,401790,CREATED,2025-09-02 12:42:10,Dispatch
8753,401790,ASSIGNED,2025-09-02 12:49:10,Dispatch
8754,401790,ENROUTE,2025-09-02 14:13:10,Mobile
8755,401790,ARRIVED,2025-09-02 16:44:10,Dispatch
8756,401790,COMPLETED,2025-09-02 18:39:10,Mobile
8757,401791,CREATED,2025-09-02 15:01:19,Dispatch
8758,401791,ASSIGNED,2025-09-02 18:48:19,Mobile
8759,401791,ENROUTE,2025-09-02 21:15:19,Dispatch
8760,401791,ARRIVED,2025-09-02 21:52:19,Mobile
8761,401792,CREATED,2025-09-02 19:20:59,Dispatch
8762,401792,ASSIGNED,2025-09-02 21:10:59,CRM
8763,401792,ENROUTE,2025-09-03 00:09:59,Dispatch
8764,401792,ARRIVED,2025-09-03 01:40:59,CRM
8765,401792,CANCELLED,2025-09-02 22:10:59,Mobile
8766,401793,CREATED,2025-09-02 21:24:59,Mobile
8767,401793,ASSIGNED,2025-09-02 22:23:59,Mobile
8768,401793,ENROUTE,2025-09-03 04:01:59,Mobile
8769,401793,ARRIVED,2025-09-03 06:36:59,Mobile
8770,401793,COMPLETED,2025-09-03 13:09:59,Dispatch
8771,401794,CREATED,2025-09-03 07:12:12,Dispatch
8772,401794,ASSIGNED,2025-09-03 10:33:12,Mobile
8773,401794,ENROUTE,2025-09-03 12:15:12,CRM
8774,401794,ARRIVED,2025-09-03 15:05:12,Dispatch
8775,401794,COMPLETED,2025-09-03 21:03:12,Mobile
8776,401795,CREATED,2025-09-03 12:05:48,Dispatch
8777,401795,ASSIGNED,2025-09-03 15:37:48,Dispatch
8778,401795,ENROUTE,2025-09-03 20:19:48,Dispatch
8779,401795,ARRIVED,2025-09-03 22:34:48,Dispatch
8780,401795,COMPLETED,2025-09-04 01:00:48,Dispatch
8781,401796,CREATED,2025-09-03 14:21:32,Mobile
8782,401796,ASSIGNED,2025-09-03 15:51:32,Dispatch
8783,401796,ENROUTE,2025-09-03 21:29:32,Dispatch
8784,401796,ARRIVED,2025-09-03 22:00:32,Mobile
8785,401796,COMPLETED,2025-09-04 04:33:32,Dispatch
8786,401797,CREATED,2025-09-04 04:19:58,Dispatch
8787,401797,ASSIGNED,2025-09-04 07:00:58,Dispatch
8788,401797,ENROUTE,2025-09-04 09:04:58,Dispatch
8789,401797,ARRIVED,2025-09-04 10:05:58,Dispatch
8790,401797,COMPLETED,2025-09-04 16:38:58,Mobile
8791,401798,CREATED,2025-09-04 04:54:44,Mobile
8792,401798,ASSIGNED,2025-09-04 05:30:44,Dispatch
8793,401798,ENROUTE,2025-09-04 11:03:44,Dispatch
8794,401798,ARRIVED,2025-09-04 12:57:44,Dispatch
8795,401798,COMPLETED,2025-09-04 13:50:44,Mobile
8796,401799,CREATED,2025-09-04 05:59:55,Dispatch
8797,401799,ASSIGNED,2025-09-04 07:46:55,Mobile
8798,401799,ENROUTE,2025-09-04 13:56:55,Dispatch
8799,401799,ARRIVED,2025-09-04 16:36:55,Mobile
8800,401799,COMPLETED,2025-09-04 19:20:55,Dispatch
8801,401800,CREATED,2025-09-04 20:20:10,Mobile
8802,401800,ASSIGNED,2025-09-05 00:06:10,Dispatch
8803,401800,ENROUTE,2025-09-05 01:44:10,CRM
8804,401800,ARRIVED,2025-09-05 02:59:10,Mobile
8805,401800,COMPLETED,2025-09-05 10:06:10,Dispatch
8806,401801,CREATED,2025-09-04 22:56:13,Dispatch
8807,401801,ASSIGNED,2025-09-05 00:11:13,Dispatch
8808,401801,ENROUTE,2025-09-05 07:55:13,Mobile
8809,401801,ARRIVED,2025-09-05 08:05:13,Dispatch
8810,401801,COMPLETED,2025-09-05 10:04:13,Dispatch
8811,401802,CREATED,2025-09-05 04:27:38,Dispatch
8812,401802,ASSIGNED,2025-09-05 06:55:38,Dispatch
8813,401802,ENROUTE,2025-09-05 14:24:38,Dispatch
8814,401802,ARRIVED,2025-09-05 16:03:38,Mobile
8815,401802,COMPLETED,2025-09-06 00:43:38,Mobile
8816,401803,CREATED,2025-09-05 11:18:19,CRM
8817,401803,ASSIGNED,2025-09-05 12:40:19,Dispatch
8818,401803,ENROUTE,2025-09-05 13:16:19,Mobile
8819,401803,ARRIVED,2025-09-05 14:35:19,Mobile
8820,401803,CANCELLED,2025-09-05 13:40:19,Dispatch
8821,401804,CREATED,2025-09-05 12:36:58,Mobile
8822,401804,ASSIGNED,2025-09-05 12:50:58,Dispatch
8823,401804,ENROUTE,2025-09-05 13:41:58,Dispatch
8824,401804,ARRIVED,2025-09-05 15:53:58,Dispatch
8825,401805,CREATED,2025-09-05 12:44:44,CRM
8826,401805,ASSIGNED,2025-09-05 15:44:44,Dispatch
8827,401805,ENROUTE,2025-09-05 16:09:44,CRM
8828,401805,ARRIVED,2025-09-05 18:46:44,Dispatch
8829,401805,COMPLETED,2025-09-06 03:25:44,Dispatch
8830,401806,CREATED,2025-09-05 14:08:38,Mobile
8831,401806,ASSIGNED,2025-09-05 17:21:38,Mobile
8832,401806,ENROUTE,2025-09-05 21:31:38,Dispatch
8833,401806,ARRIVED,2025-09-05 23:56:38,Mobile
8834,401806,COMPLETED,2025-09-06 02:20:38,CRM
8835,401807,CREATED,2025-09-05 15:19:55,Mobile
8836,401807,ASSIGNED,2025-09-05 18:55:55,CRM
8837,401807,ENROUTE,2025-09-05 21:36:55,Dispatch
8838,401807,ARRIVED,2025-09-05 23:29:55,Dispatch
8839,401808,CREATED,2025-09-05 19:00:56,Dispatch
8840,401808,ASSIGNED,2025-09-05 20:44:56,Mobile
8841,401808,ENROUTE,2025-09-06 01:57:56,Dispatch
8842,401808,ARRIVED,2025-09-06 03:10:56,Dispatch
8843,401808,COMPLETED,2025-09-06 08:20:56,CRM
8844,401809,CREATED,2025-09-05 19:27:39,Dispatch
8845,401809,ASSIGNED,2025-09-05 20:51:39,Dispatch
8846,401809,ENROUTE,2025-09-06 03:16:39,Dispatch
8847,401809,ARRIVED,2025-09-06 05:31:39,CRM
8848,401809,COMPLETED,2025-09-06 07:45:39,Dispatch
8849,401810,CREATED,2025-09-05 20:34:08,Mobile
8850,401810,ASSIGNED,2025-09-06 00:16:08,Mobile
8851,401810,ENROUTE,2025-09-06 04:00:08,Dispatch
8852,401810,ARRIVED,2025-09-06 04:11:08,Mobile
8853,401810,COMPLETED,2025-09-06 09:16:08,Mobile
8854,401811,CREATED,2025-09-05 23:06:48,Dispatch
8855,401811,ASSIGNED,2025-09-06 00:11:48,Mobile
8856,401811,ENROUTE,2025-09-06 02:38:48,Dispatch
8857,401811,ARRIVED,2025-09-06 05:00:48,Mobile
8858,401811,COMPLETED,2025-09-06 10:05:48,Dispatch
8859,401812,CREATED,2025-09-06 03:27:58,Mobile
8860,401812,ASSIGNED,2025-09-06 06:45:58,Mobile
8861,401812,ENROUTE,2025-09-06 12:00:58,Dispatch
8862,401812,ARRIVED,2025-09-06 13:56:58,CRM
8863,401812,COMPLETED,2025-09-06 21:49:58,Dispatch
8864,401813,CREATED,2025-09-06 04:04:57,Dispatch
8865,401813,ASSIGNED,2025-09-06 07:52:57,Mobile
8866,401813,ENROUTE,2025-09-06 10:16:57,Dispatch
8867,401813,ARRIVED,2025-09-06 12:15:57,Mobile
8868,401813,COMPLETED,2025-09-06 15:57:57,Mobile
8869,401814,CREATED,2025-09-06 05:52:11,Mobile
8870,401814,ASSIGNED,2025-09-06 08:44:11,Mobile
8871,401814,ENROUTE,2025-09-06 12:23:11,Mobile
8872,401814,ARRIVED,2025-09-06 13:26:11,Dispatch
8873,401815,CREATED,2025-09-06 11:32:47,CRM
8874,401815,ASSIGNED,2025-09-06 13:05:47,Mobile
8875,401815,ENROUTE,2025-09-06 18:31:47,Mobile
8876,401815,ARRIVED,2025-09-06 20:37:47,Mobile
8877,401815,COMPLETED,2025-09-07 03:01:47,Dispatch
8878,401816,CREATED,2025-09-07 00:31:43,Mobile
8879,401816,ASSIGNED,2025-09-07 00:42:43,Dispatch
8880,401816,ENROUTE,2025-09-07 03:03:43,Mobile
8881,401816,ARRIVED,2025-09-07 03:43:43,Dispatch
8882,401816,COMPLETED,2025-09-07 09:10:43,Mobile
8883,401817,CREATED,2025-09-07 03:17:36,Dispatch
8884,401817,ASSIGNED,2025-09-07 05:18:36,CRM
8885,401817,ENROUTE,2025-09-07 08:56:36,Mobile
8886,401817,ARRIVED,2025-09-07 11:32:36,Dispatch
8887,401817,COMPLETED,2025-09-07 18:04:36,Mobile
8888,401818,CREATED,2025-09-07 04:57:15,Dispatch
8889,401818,ASSIGNED,2025-09-07 05:08:15,Mobile
8890,401818,ENROUTE,2025-09-07 12:35:15,Mobile
8891,401818,ARRIVED,2025-09-07 12:53:15,Dispatch
8892,401818,COMPLETED,2025-09-07 13:53:15,Dispatch
8893,401819,CREATED,2025-09-07 09:14:35,Dispatch
8894,401819,ASSIGNED,2025-09-07 09:33:35,Dispatch
8895,401819,ENROUTE,2025-09-07 14:05:35,Dispatch
8896,401819,ARRIVED,2025-09-07 16:09:35,CRM
8897,401819,COMPLETED,2025-09-07 20:06:35,Dispatch
8898,401820,CREATED,2025-09-07 11:09:32,Dispatch
8899,401820,ASSIGNED,2025-09-07 11:52:32,Dispatch
8900,401820,ENROUTE,2025-09-07 16:46:32,Dispatch
8901,401820,ARRIVED,2025-09-07 17:44:32,Dispatch
8902,401820,COMPLETED,2025-09-08 00:24:32,Dispatch
8903,401821,CREATED,2025-09-07 12:04:34,Dispatch
8904,401821,ASSIGNED,2025-09-07 14:52:34,Dispatch
8905,401821,ENROUTE,2025-09-07 22:49:34,Dispatch
8906,401821,ARRIVED,2025-09-08 00:36:34,Mobile
8907,401821,CANCELLED,2025-09-07 15:52:34,Mobile
8908,401822,CREATED,2025-09-07 16:59:49,Mobile
8909,401822,ASSIGNED,2025-09-07 19:32:49,Dispatch
8910,401822,ENROUTE,2025-09-08 01:43:49,Dispatch
8911,401822,ARRIVED,2025-09-08 02:32:49,Mobile
8912,401822,COMPLETED,2025-09-08 10:38:49,Mobile
8913,401823,CREATED,2025-09-07 18:37:54,Mobile
8914,401823,ASSIGNED,2025-09-07 19:08:54,Dispatch
8915,401823,ENROUTE,2025-09-08 00:19:54,Mobile
8916,401823,ARRIVED,2025-09-08 01:03:54,Mobile
8917,401823,COMPLETED,2025-09-08 01:54:54,Dispatch
8918,401824,CREATED,2025-09-07 18:47:05,Mobile
8919,401824,ASSIGNED,2025-09-07 20:31:05,Dispatch
8920,401824,ENROUTE,2025-09-07 21:17:05,CRM
8921,401824,ARRIVED,2025-09-07 23:24:05,Dispatch
8922,401824,COMPLETED,2025-09-08 02:48:05,Dispatch
8923,401825,CREATED,2025-09-07 22:43:40,Mobile
8924,401825,ASSIGNED,2025-09-08 00:20:40,Dispatch
8925,401825,ENROUTE,2025-09-08 05:59:40,Dispatch
8926,401825,ARRIVED,2025-09-08 07:02:40,CRM
8927,401825,CANCELLED,2025-09-08 01:20:40,Mobile
8928,401826,CREATED,2025-09-07 23:30:47,CRM
8929,401826,ASSIGNED,2025-09-08 01:32:47,Dispatch
8930,401826,ENROUTE,2025-09-08 03:44:47,Dispatch
8931,401826,ARRIVED,2025-09-08 06:10:47,Mobile
8932,401826,COMPLETED,2025-09-08 12:59:47,Mobile
8933,401827,CREATED,2025-09-08 05:39:54,Dispatch
8934,401827,ASSIGNED,2025-09-08 06:11:54,Mobile
8935,401827,ENROUTE,2025-09-08 10:59:54,Dispatch
8936,401827,ARRIVED,2025-09-08 13:01:54,Dispatch
8937,401828,CREATED,2025-09-08 05:55:11,Mobile
8938,401828,ASSIGNED,2025-09-08 08:07:11,Mobile
8939,401828,ENROUTE,2025-09-08 08:43:11,Mobile
8940,401828,ARRIVED,2025-09-08 10:47:11,Dispatch
8941,401828,COMPLETED,2025-09-08 14:54:11,Mobile
8942,401829,CREATED,2025-09-08 14:22:49,Dispatch
8943,401829,ASSIGNED,2025-09-08 17:00:49,Dispatch
8944,401829,ENROUTE,2025-09-09 00:49:49,CRM
8945,401829,ARRIVED,2025-09-09 01:58:49,Mobile
8946,401829,COMPLETED,2025-09-09 08:56:49,Mobile
8947,401830,CREATED,2025-09-08 16:15:48,Mobile
8948,401830,ASSIGNED,2025-09-08 17:36:48,CRM
8949,401830,ENROUTE,2025-09-08 20:32:48,Mobile
8950,401830,ARRIVED,2025-09-08 23:13:48,Dispatch
8951,401831,CREATED,2025-09-08 18:01:37,Dispatch
8952,401831,ASSIGNED,2025-09-08 18:33:37,Dispatch
8953,401831,ENROUTE,2025-09-08 21:35:37,CRM
8954,401831,ARRIVED,2025-09-08 22:38:37,Dispatch
8955,401831,COMPLETED,2025-09-08 23:41:37,Dispatch
8956,401832,CREATED,2025-09-09 00:39:30,Dispatch
8957,401832,ASSIGNED,2025-09-09 04:24:30,Mobile
8958,401832,ENROUTE,2025-09-09 07:51:30,Dispatch
8959,401832,ARRIVED,2025-09-09 08:45:30,Dispatch
8960,401833,CREATED,2025-09-09 03:08:06,Mobile
8961,401833,ASSIGNED,2025-09-09 06:34:06,Mobile
8962,401833,ENROUTE,2025-09-09 13:08:06,Mobile
8963,401833,ARRIVED,2025-09-09 13:54:06,Dispatch
8964,401834,CREATED,2025-09-09 07:23:18,Mobile
8965,401834,ASSIGNED,2025-09-09 10:16:18,Mobile
8966,401834,ENROUTE,2025-09-09 12:36:18,Dispatch
8967,401834,ARRIVED,2025-09-09 14:06:18,Dispatch
8968,401834,COMPLETED,2025-09-09 23:44:18,Mobile
8969,401835,CREATED,2025-09-09 10:02:13,Mobile
8970,401835,ASSIGNED,2025-09-09 12:32:13,Dispatch
8971,401835,ENROUTE,2025-09-09 16:49:13,Dispatch
8972,401835,ARRIVED,2025-09-09 17:33:13,Mobile
8973,401836,CREATED,2025-09-09 11:05:49,Mobile
8974,401836,ASSIGNED,2025-09-09 14:45:49,Mobile
8975,401836,ENROUTE,2025-09-09 19:54:49,Dispatch
8976,401836,ARRIVED,2025-09-09 20:38:49,Dispatch
8977,401836,COMPLETED,2025-09-10 05:35:49,Mobile
8978,401837,CREATED,2025-09-09 17:05:54,Dispatch
8979,401837,ASSIGNED,2025-09-09 18:52:54,CRM
8980,401837,ENROUTE,2025-09-09 22:12:54,CRM
8981,401837,ARRIVED,2025-09-10 00:33:54,Mobile
8982,401837,COMPLETED,2025-09-10 02:11:54,Dispatch
8983,401838,CREATED,2025-09-09 17:28:15,Dispatch
8984,401838,ASSIGNED,2025-09-09 18:31:15,Dispatch
8985,401838,ENROUTE,2025-09-09 21:18:15,Mobile
8986,401838,ARRIVED,2025-09-09 21:35:15,Mobile
8987,401838,COMPLETED,2025-09-09 22:27:15,Dispatch
8988,401839,CREATED,2025-09-10 00:31:44,CRM
8989,401839,ASSIGNED,2025-09-10 00:59:44,Mobile
8990,401839,ENROUTE,2025-09-10 03:42:44,Dispatch
8991,401839,ARRIVED,2025-09-10 06:33:44,Mobile
8992,401839,COMPLETED,2025-09-10 11:59:44,CRM
8993,401840,CREATED,2025-09-10 04:49:53,Dispatch
8994,401840,ASSIGNED,2025-09-10 07:26:53,Dispatch
8995,401840,ENROUTE,2025-09-10 10:38:53,Dispatch
8996,401840,ARRIVED,2025-09-10 12:28:53,Mobile
8997,401840,COMPLETED,2025-09-10 19:08:53,Dispatch
8998,401841,CREATED,2025-09-10 08:54:09,CRM
8999,401841,ASSIGNED,2025-09-10 11:05:09,Mobile
9000,401841,ENROUTE,2025-09-10 13:53:09,Mobile
9001,401841,ARRIVED,2025-09-10 16:28:09,Dispatch
9002,401841,COMPLETED,2025-09-10 22:22:09,Dispatch
9003,401842,CREATED,2025-09-10 13:06:36,Dispatch
9004,401842,ASSIGNED,2025-09-10 16:05:36,Dispatch
9005,401842,ENROUTE,2025-09-10 21:18:36,Dispatch
9006,401842,ARRIVED,2025-09-10 23:37:36,Mobile
9007,401842,COMPLETED,2025-09-11 03:53:36,CRM
9008,401843,CREATED,2025-09-10 18:07:53,Dispatch
9009,401843,ASSIGNED,2025-09-10 19:46:53,Mobile
9010,401843,ENROUTE,2025-09-10 23:03:53,Mobile
9011,401843,ARRIVED,2025-09-11 01:04:53,Dispatch
9012,401843,COMPLETED,2025-09-11 08:45:53,CRM
9013,401844,CREATED,2025-09-10 18:21:21,Dispatch
9014,401844,ASSIGNED,2025-09-10 18:47:21,Dispatch
9015,401844,ENROUTE,2025-09-11 00:30:21,Mobile
9016,401844,ARRIVED,2025-09-11 02:44:21,Mobile
9017,401844,COMPLETED,2025-09-11 08:31:21,Dispatch
9018,401845,CREATED,2025-09-10 18:34:33,CRM
9019,401845,ASSIGNED,2025-09-10 21:46:33,Dispatch
9020,401845,ENROUTE,2025-09-11 04:26:33,Dispatch
9021,401845,ARRIVED,2025-09-11 05:18:33,Dispatch
9022,401845,COMPLETED,2025-09-11 07:35:33,CRM
9023,401845,REOPENED,2025-09-12 07:35:33,Mobile
9024,401845,ASSIGNED,2025-09-12 08:35:33,Dispatch
9025,401845,COMPLETED,2025-09-13 09:35:33,Dispatch
9026,401846,CREATED,2025-09-10 18:54:35,Dispatch
9027,401846,ASSIGNED,2025-09-10 20:24:35,CRM
9028,401846,ENROUTE,2025-09-11 02:01:35,CRM
9029,401846,ARRIVED,2025-09-11 03:29:35,Mobile
9030,401846,CANCELLED,2025-09-10 21:24:35,Dispatch
9031,401847,CREATED,2025-09-10 19:45:48,Dispatch
9032,401847,ASSIGNED,2025-09-10 20:08:48,Mobile
9033,401847,ENROUTE,2025-09-10 21:50:48,Mobile
9034,401847,ARRIVED,2025-09-10 23:03:48,Mobile
9035,401847,COMPLETED,2025-09-11 00:55:48,Dispatch
9036,401848,CREATED,2025-09-10 21:03:11,CRM
9037,401848,ASSIGNED,2025-09-11 00:05:11,CRM
9038,401848,ENROUTE,2025-09-11 05:42:11,Dispatch
9039,401848,ARRIVED,2025-09-11 07:17:11,CRM
9040,401848,COMPLETED,2025-09-11 08:42:11,Dispatch
9041,401849,CREATED,2025-09-10 21:34:49,Mobile
9042,401849,ASSIGNED,2025-09-11 00:39:49,Mobile
9043,401849,ENROUTE,2025-09-11 04:56:49,Dispatch
9044,401849,ARRIVED,2025-09-11 06:56:49,Dispatch
9045,401849,COMPLETED,2025-09-11 14:59:49,Mobile
9046,401850,CREATED,2025-09-11 00:15:24,Dispatch
9047,401850,ASSIGNED,2025-09-11 00:31:24,CRM
9048,401850,ENROUTE,2025-09-11 01:29:24,Dispatch
9049,401850,ARRIVED,2025-09-11 04:17:24,Dispatch
9050,401850,COMPLETED,2025-09-11 09:18:24,Mobile
9051,401850,REOPENED,2025-09-12 09:18:24,Dispatch
9052,401850,ASSIGNED,2025-09-12 10:18:24,Dispatch
9053,401850,COMPLETED,2025-09-13 11:18:24,Dispatch
9054,401851,CREATED,2025-09-11 00:40:12,Mobile
9055,401851,ASSIGNED,2025-09-11 02:52:12,Dispatch
9056,401851,ENROUTE,2025-09-11 03:14:12,Dispatch
9057,401851,ARRIVED,2025-09-11 05:47:12,Mobile
9058,401851,COMPLETED,2025-09-11 09:28:12,Mobile
9059,401852,CREATED,2025-09-11 03:16:30,Dispatch
9060,401852,ASSIGNED,2025-09-11 06:14:30,Mobile
9061,401852,ENROUTE,2025-09-11 11:51:30,Dispatch
9062,401852,ARRIVED,2025-09-11 14:11:30,Dispatch
9063,401852,COMPLETED,2025-09-11 17:34:30,Dispatch
9064,401853,CREATED,2025-09-11 07:46:27,Mobile
9065,401853,ASSIGNED,2025-09-11 10:54:27,Mobile
9066,401853,ENROUTE,2025-09-11 13:17:27,Mobile
9067,401853,ARRIVED,2025-09-11 13:59:27,Mobile
9068,401853,COMPLETED,2025-09-11 19:00:27,Mobile
9069,401854,CREATED,2025-09-11 08:10:28,Dispatch
9070,401854,ASSIGNED,2025-09-11 10:12:28,Mobile
9071,401854,ENROUTE,2025-09-11 13:05:28,Dispatch
9072,401854,ARRIVED,2025-09-11 13:49:28,Mobile
9073,401854,COMPLETED,2025-09-11 14:30:28,Dispatch
9074,401855,CREATED,2025-09-11 11:55:16,Dispatch
9075,401855,ASSIGNED,2025-09-11 13:04:16,CRM
9076,401855,ENROUTE,2025-09-11 15:20:16,Mobile
9077,401855,ARRIVED,2025-09-11 18:19:16,Mobile
9078,401855,COMPLETED,2025-09-12 02:34:16,Dispatch
9079,401856,CREATED,2025-09-11 12:20:39,Dispatch
9080,401856,ASSIGNED,2025-09-11 15:28:39,Dispatch
9081,401856,ENROUTE,2025-09-11 23:18:39,Dispatch
9082,401856,ARRIVED,2025-09-11 23:41:39,Mobile
9083,401856,COMPLETED,2025-09-12 05:10:39,Dispatch
9084,401857,CREATED,2025-09-11 15:30:43,Dispatch
9085,401857,ASSIGNED,2025-09-11 17:53:43,Dispatch
9086,401857,ENROUTE,2025-09-12 01:05:43,Mobile
9087,401857,ARRIVED,2025-09-12 01:28:43,Dispatch
9088,401857,COMPLETED,2025-09-12 06:37:43,CRM
9089,401858,CREATED,2025-09-11 15:51:54,Dispatch
9090,401858,ASSIGNED,2025-09-11 18:08:54,Dispatch
9091,401858,ENROUTE,2025-09-12 02:01:54,Dispatch
9092,401858,ARRIVED,2025-09-12 02:16:54,Dispatch
9093,401858,COMPLETED,2025-09-12 10:05:54,Mobile
9094,401859,CREATED,2025-09-11 17:02:29,Dispatch
9095,401859,ASSIGNED,2025-09-11 19:20:29,Mobile
9096,401859,ENROUTE,2025-09-11 19:58:29,Mobile
9097,401859,ARRIVED,2025-09-11 20:10:29,Mobile
9098,401859,COMPLETED,2025-09-12 02:51:29,CRM
9099,401859,REOPENED,2025-09-13 02:51:29,Mobile
9100,401859,ASSIGNED,2025-09-13 03:51:29,Mobile
9101,401859,COMPLETED,2025-09-14 04:51:29,Dispatch
9102,401860,CREATED,2025-09-11 20:00:07,Mobile
9103,401860,ASSIGNED,2025-09-11 23:07:07,Mobile
9104,401860,ENROUTE,2025-09-12 06:20:07,Mobile
9105,401860,ARRIVED,2025-09-12 08:24:07,CRM
9106,401860,COMPLETED,2025-09-12 14:45:07,Mobile
9107,401861,CREATED,2025-09-11 20:51:08,Mobile
9108,401861,ASSIGNED,2025-09-11 22:48:08,Dispatch
9109,401861,ENROUTE,2025-09-12 03:02:08,Dispatch
9110,401861,ARRIVED,2025-09-12 04:56:08,Mobile
9111,401861,COMPLETED,2025-09-12 14:45:08,Mobile
9112,401862,CREATED,2025-09-11 21:35:34,Mobile
9113,401862,ASSIGNED,2025-09-12 01:06:34,Dispatch
9114,401862,ENROUTE,2025-09-12 05:13:34,Mobile
9115,401862,ARRIVED,2025-09-12 08:01:34,Mobile
9116,401862,COMPLETED,2025-09-12 14:12:34,Dispatch
9117,401863,CREATED,2025-09-11 21:56:54,Mobile
9118,401863,ASSIGNED,2025-09-11 22:42:54,Mobile
9119,401863,ENROUTE,2025-09-12 06:03:54,Mobile
9120,401863,ARRIVED,2025-09-12 07:02:54,Dispatch
9121,401863,COMPLETED,2025-09-12 16:32:54,Mobile
9122,401864,CREATED,2025-09-12 00:45:39,Mobile
9123,401864,ASSIGNED,2025-09-12 00:58:39,Dispatch
9124,401864,ENROUTE,2025-09-12 03:02:39,Mobile
9125,401864,ARRIVED,2025-09-12 05:17:39,Dispatch
9126,401864,COMPLETED,2025-09-12 11:36:39,Mobile
9127,401865,CREATED,2025-09-12 05:05:19,Mobile
9128,401865,ASSIGNED,2025-09-12 07:26:19,Mobile
9129,401865,ENROUTE,2025-09-12 15:17:19,Dispatch
9130,401865,ARRIVED,2025-09-12 15:59:19,Dispatch
9131,401865,COMPLETED,2025-09-13 00:08:19,Mobile
9132,401866,CREATED,2025-09-12 06:42:20,Dispatch
9133,401866,ASSIGNED,2025-09-12 10:02:20,Mobile
9134,401866,ENROUTE,2025-09-12 11:35:20,Mobile
9135,401866,ARRIVED,2025-09-12 13:25:20,CRM
9136,401866,COMPLETED,2025-09-12 18:35:20,Mobile
9137,401867,CREATED,2025-09-12 06:48:36,Dispatch
9138,401867,ASSIGNED,2025-09-12 08:11:36,Mobile
9139,401867,ENROUTE,2025-09-12 10:04:36,Mobile
9140,401867,ARRIVED,2025-09-12 11:08:36,Dispatch
9141,401867,COMPLETED,2025-09-12 17:24:36,Dispatch
9142,401868,CREATED,2025-09-12 09:05:43,Mobile
9143,401868,ASSIGNED,2025-09-12 11:48:43,Dispatch
9144,401868,ENROUTE,2025-09-12 16:59:43,Dispatch
9145,401868,ARRIVED,2025-09-12 19:28:43,Dispatch
9146,401868,COMPLETED,2025-09-13 03:56:43,Dispatch
9147,401869,CREATED,2025-09-12 09:34:19,Dispatch
9148,401869,ASSIGNED,2025-09-12 10:02:19,Dispatch
9149,401869,ENROUTE,2025-09-12 16:30:19,Dispatch
9150,401869,ARRIVED,2025-09-12 17:12:19,Dispatch
9151,401869,COMPLETED,2025-09-12 20:25:19,CRM
9152,401870,CREATED,2025-09-12 21:34:48,Dispatch
9153,401870,ASSIGNED,2025-09-13 00:49:48,Dispatch
9154,401870,ENROUTE,2025-09-13 03:34:48,CRM
9155,401870,ARRIVED,2025-09-13 03:14:48,Dispatch
9156,401870,COMPLETED,2025-09-13 11:29:48,Dispatch
9157,401871,CREATED,2025-09-13 04:40:31,Dispatch
9158,401871,ASSIGNED,2025-09-13 08:03:31,Dispatch
9159,401871,ENROUTE,2025-09-13 09:54:31,Mobile
9160,401871,ARRIVED,2025-09-13 10:57:31,Dispatch
9161,401871,COMPLETED,2025-09-13 20:54:31,Dispatch
9162,401872,CREATED,2025-09-13 15:48:36,Dispatch
9163,401872,ASSIGNED,2025-09-13 18:09:36,Dispatch
9164,401872,ENROUTE,2025-09-13 21:22:36,CRM
9165,401872,ARRIVED,2025-09-13 23:18:36,Mobile
9166,401872,COMPLETED,2025-09-14 02:24:36,Dispatch
9167,401873,CREATED,2025-09-13 21:58:25,Dispatch
9168,401873,ASSIGNED,2025-09-13 23:32:25,Dispatch
9169,401873,ENROUTE,2025-09-14 04:08:25,Dispatch
9170,401873,ARRIVED,2025-09-14 05:29:25,Mobile
9171,401873,COMPLETED,2025-09-14 10:35:25,Dispatch
9172,401874,CREATED,2025-09-13 22:27:30,Mobile
9173,401874,ASSIGNED,2025-09-13 22:38:30,Mobile
9174,401874,ENROUTE,2025-09-13 23:26:30,Dispatch
9175,401874,ARRIVED,2025-09-13 23:40:30,Dispatch
9176,401874,COMPLETED,2025-09-14 03:13:30,Mobile
9177,401875,CREATED,2025-09-14 01:09:56,Dispatch
9178,401875,ASSIGNED,2025-09-14 04:55:56,Dispatch
9179,401875,ENROUTE,2025-09-14 07:02:56,Dispatch
9180,401875,ARRIVED,2025-09-14 08:11:56,Mobile
9181,401875,COMPLETED,2025-09-14 17:09:56,Mobile
9182,401876,CREATED,2025-09-14 05:57:55,Dispatch
9183,401876,ASSIGNED,2025-09-14 07:18:55,CRM
9184,401876,ENROUTE,2025-09-14 09:07:55,Mobile
9185,401876,ARRIVED,2025-09-14 10:59:55,Mobile
9186,401876,COMPLETED,2025-09-14 14:05:55,Mobile
9187,401877,CREATED,2025-09-14 12:44:27,Mobile
9188,401877,ASSIGNED,2025-09-14 15:44:27,Dispatch
9189,401877,ENROUTE,2025-09-14 21:08:27,Dispatch
9190,401877,ARRIVED,2025-09-14 21:21:27,Dispatch
9191,401877,COMPLETED,2025-09-14 22:56:27,Mobile
9192,401878,CREATED,2025-09-14 19:14:45,Dispatch
9193,401878,ASSIGNED,2025-09-14 20:57:45,Dispatch
9194,401878,ENROUTE,2025-09-14 21:19:45,Dispatch
9195,401878,ARRIVED,2025-09-14 23:49:45,Mobile
9196,401878,CANCELLED,2025-09-14 21:57:45,Mobile
9197,401879,CREATED,2025-09-15 04:11:19,Mobile
9198,401879,ASSIGNED,2025-09-15 05:32:19,Dispatch
9199,401879,ENROUTE,2025-09-15 05:47:19,CRM
9200,401879,ARRIVED,2025-09-15 07:44:19,Mobile
9201,401879,COMPLETED,2025-09-15 08:55:19,Mobile
9202,401880,CREATED,2025-09-15 08:47:47,Mobile
9203,401880,ASSIGNED,2025-09-15 10:06:47,Mobile
9204,401880,ENROUTE,2025-09-15 13:25:47,Dispatch
9205,401880,ARRIVED,2025-09-15 14:35:47,Dispatch
9206,401880,COMPLETED,2025-09-15 19:38:47,Dispatch
9207,401881,CREATED,2025-09-15 09:41:37,Mobile
9208,401881,ASSIGNED,2025-09-15 12:52:37,Mobile
9209,401881,ENROUTE,2025-09-15 17:05:37,Dispatch
9210,401881,ARRIVED,2025-09-15 19:12:37,Dispatch
9211,401881,COMPLETED,2025-09-15 23:03:37,Mobile
9212,401882,CREATED,2025-09-15 10:53:16,Mobile
9213,401882,ASSIGNED,2025-09-15 12:20:16,Dispatch
9214,401882,ENROUTE,2025-09-15 18:54:16,CRM
9215,401882,ARRIVED,2025-09-15 21:41:16,Dispatch
9216,401882,COMPLETED,2025-09-16 01:47:16,Mobile
9217,401883,CREATED,2025-09-15 15:47:32,CRM
9218,401883,ASSIGNED,2025-09-15 16:12:32,Mobile
9219,401883,ENROUTE,2025-09-16 00:01:32,Dispatch
9220,401883,ARRIVED,2025-09-16 02:40:32,Dispatch
9221,401883,COMPLETED,2025-09-16 10:04:32,Dispatch
9222,401884,CREATED,2025-09-15 16:27:14,Mobile
9223,401884,ASSIGNED,2025-09-15 19:40:14,Mobile
9224,401884,ENROUTE,2025-09-16 03:36:14,Dispatch
9225,401884,ARRIVED,2025-09-16 06:12:14,Dispatch
9226,401884,COMPLETED,2025-09-16 11:39:14,Dispatch
9227,401885,CREATED,2025-09-15 18:11:46,Mobile
9228,401885,ASSIGNED,2025-09-15 18:46:46,Dispatch
9229,401885,ENROUTE,2025-09-16 02:15:46,Mobile
9230,401885,ARRIVED,2025-09-16 04:31:46,Mobile
9231,401885,COMPLETED,2025-09-16 08:14:46,Mobile
9232,401886,CREATED,2025-09-15 19:02:40,Dispatch
9233,401886,ASSIGNED,2025-09-15 20:48:40,Mobile
9234,401886,ENROUTE,2025-09-16 01:47:40,Mobile
9235,401886,ARRIVED,2025-09-16 04:04:40,Mobile
9236,401886,COMPLETED,2025-09-16 06:26:40,CRM
9237,401887,CREATED,2025-09-15 21:03:40,Dispatch
9238,401887,ASSIGNED,2025-09-16 00:47:40,Dispatch
9239,401887,ENROUTE,2025-09-16 07:22:40,Dispatch
9240,401887,ARRIVED,2025-09-16 09:30:40,Dispatch
9241,401887,COMPLETED,2025-09-16 17:34:40,Dispatch
9242,401888,CREATED,2025-09-15 22:05:54,CRM
9243,401888,ASSIGNED,2025-09-15 23:19:54,Dispatch
9244,401888,ENROUTE,2025-09-16 03:57:54,Mobile
9245,401888,ARRIVED,2025-09-16 05:11:54,Dispatch
9246,401888,COMPLETED,2025-09-16 12:36:54,Mobile
9247,401889,CREATED,2025-09-16 08:28:16,Dispatch
9248,401889,ASSIGNED,2025-09-16 09:35:16,Mobile
9249,401889,ENROUTE,2025-09-16 10:54:16,CRM
9250,401889,ARRIVED,2025-09-16 13:52:16,Dispatch
9251,401889,COMPLETED,2025-09-16 17:30:16,Dispatch
9252,401890,CREATED,2025-09-16 15:27:59,Dispatch
9253,401890,ASSIGNED,2025-09-16 18:44:59,Dispatch
9254,401890,ENROUTE,2025-09-17 02:10:59,Mobile
9255,401890,ARRIVED,2025-09-17 02:32:59,Dispatch
9256,401890,COMPLETED,2025-09-17 11:32:59,Mobile
9257,401891,CREATED,2025-09-16 18:17:28,CRM
9258,401891,ASSIGNED,2025-09-16 18:33:28,Mobile
9259,401891,ENROUTE,2025-09-17 00:27:28,Dispatch
9260,401891,ARRIVED,2025-09-17 03:10:28,Dispatch
9261,401891,COMPLETED,2025-09-17 12:26:28,Dispatch
9262,401892,CREATED,2025-09-16 19:25:02,Mobile
9263,401892,ASSIGNED,2025-09-16 22:10:02,Mobile
9264,401892,ENROUTE,2025-09-17 01:00:02,Mobile
9265,401892,ARRIVED,2025-09-17 01:35:02,Dispatch
9266,401893,CREATED,2025-09-16 19:32:53,Dispatch
9267,401893,ASSIGNED,2025-09-16 20:14:53,Dispatch
9268,401893,ENROUTE,2025-09-17 02:42:53,Dispatch
9269,401893,ARRIVED,2025-09-17 03:46:53,Mobile
9270,401893,COMPLETED,2025-09-17 07:50:53,Mobile
9271,401894,CREATED,2025-09-17 09:02:55,Mobile
9272,401894,ASSIGNED,2025-09-17 11:30:55,Mobile
9273,401894,ENROUTE,2025-09-17 14:29:55,Mobile
9274,401894,ARRIVED,2025-09-17 15:27:55,Mobile
9275,401894,COMPLETED,2025-09-17 21:00:55,Dispatch
9276,401895,CREATED,2025-09-17 10:57:41,Dispatch
9277,401895,ASSIGNED,2025-09-17 13:06:41,Dispatch
9278,401895,ENROUTE,2025-09-17 15:21:41,CRM
9279,401895,ARRIVED,2025-09-17 18:17:41,CRM
9280,401895,COMPLETED,2025-09-17 21:21:41,Dispatch
9281,401896,CREATED,2025-09-17 16:11:27,Mobile
9282,401896,ASSIGNED,2025-09-17 18:31:27,Dispatch
9283,401896,ENROUTE,2025-09-17 22:36:27,Mobile
9284,401896,ARRIVED,2025-09-18 01:13:27,Dispatch
9285,401896,COMPLETED,2025-09-18 04:51:27,Dispatch
9286,401897,CREATED,2025-09-17 17:35:03,CRM
9287,401897,ASSIGNED,2025-09-17 17:50:03,Mobile
9288,401897,ENROUTE,2025-09-17 23:02:03,Dispatch
9289,401897,ARRIVED,2025-09-18 00:44:03,Dispatch
9290,401897,COMPLETED,2025-09-18 07:38:03,Mobile
9291,401898,CREATED,2025-09-17 18:56:24,Dispatch
9292,401898,ASSIGNED,2025-09-17 19:25:24,Mobile
9293,401898,ENROUTE,2025-09-17 19:48:24,Mobile
9294,401898,ARRIVED,2025-09-17 20:50:24,Mobile
9295,401899,CREATED,2025-09-17 19:50:23,Dispatch
9296,401899,ASSIGNED,2025-09-17 21:13:23,Mobile
9297,401899,ENROUTE,2025-09-18 01:49:23,Mobile
9298,401899,ARRIVED,2025-09-18 03:39:23,Dispatch
9299,401900,CREATED,2025-09-18 00:06:13,Dispatch
9300,401900,ASSIGNED,2025-09-18 00:57:13,Dispatch
9301,401900,ENROUTE,2025-09-18 05:30:13,Dispatch
9302,401900,ARRIVED,2025-09-18 05:45:13,Dispatch
9303,401900,COMPLETED,2025-09-18 08:37:13,Mobile
9304,401901,CREATED,2025-09-18 03:19:46,Dispatch
9305,401901,ASSIGNED,2025-09-18 06:58:46,Dispatch
9306,401901,ENROUTE,2025-09-18 09:03:46,Dispatch
9307,401901,ARRIVED,2025-09-18 11:26:46,Mobile
9308,401901,COMPLETED,2025-09-18 15:40:46,Mobile
9309,401902,CREATED,2025-09-18 03:39:47,Dispatch
9310,401902,ASSIGNED,2025-09-18 07:26:47,Dispatch
9311,401902,ENROUTE,2025-09-18 12:48:47,Dispatch
9312,401902,ARRIVED,2025-09-18 13:44:47,Mobile
9313,401903,CREATED,2025-09-18 03:56:25,Dispatch
9314,401903,ASSIGNED,2025-09-18 05:01:25,Mobile
9315,401903,ENROUTE,2025-09-18 06:08:25,Dispatch
9316,401903,ARRIVED,2025-09-18 07:07:25,Dispatch
9317,401903,COMPLETED,2025-09-18 10:14:25,Mobile
9318,401904,CREATED,2025-09-18 14:36:31,Mobile
9319,401904,ASSIGNED,2025-09-18 15:41:31,Mobile
9320,401904,ENROUTE,2025-09-18 23:18:31,Mobile
9321,401904,ARRIVED,2025-09-19 01:02:31,Dispatch
9322,401904,COMPLETED,2025-09-19 03:33:31,Dispatch
9323,401905,CREATED,2025-09-18 21:48:09,Mobile
9324,401905,ASSIGNED,2025-09-18 22:07:09,Mobile
9325,401905,ENROUTE,2025-09-18 23:20:09,Dispatch
9326,401905,ARRIVED,2025-09-19 01:17:09,Dispatch
9327,401906,CREATED,2025-09-18 22:18:59,Mobile
9328,401906,ASSIGNED,2025-09-19 00:51:59,Dispatch
9329,401906,ENROUTE,2025-09-19 01:12:59,Mobile
9330,401906,ARRIVED,2025-09-19 01:41:59,Mobile
9331,401906,COMPLETED,2025-09-19 11:00:59,Dispatch
9332,401907,CREATED,2025-09-19 02:49:19,Dispatch
9333,401907,ASSIGNED,2025-09-19 05:14:19,Dispatch
9334,401907,ENROUTE,2025-09-19 07:30:19,Dispatch
9335,401907,ARRIVED,2025-09-19 10:29:19,Mobile
9336,401907,COMPLETED,2025-09-19 19:21:19,CRM
9337,401908,CREATED,2025-09-19 06:29:13,Mobile
9338,401908,ASSIGNED,2025-09-19 08:50:13,Dispatch
9339,401908,ENROUTE,2025-09-19 12:54:13,Dispatch
9340,401908,ARRIVED,2025-09-19 14:39:13,CRM
9341,401908,COMPLETED,2025-09-19 15:54:13,Dispatch
9342,401909,CREATED,2025-09-19 06:48:25,Dispatch
9343,401909,ASSIGNED,2025-09-19 09:48:25,Dispatch
9344,401909,ENROUTE,2025-09-19 12:08:25,Dispatch
9345,401909,ARRIVED,2025-09-19 13:21:25,Dispatch
9346,401909,COMPLETED,2025-09-19 19:54:25,Mobile
9347,401910,CREATED,2025-09-19 18:25:33,Dispatch
9348,401910,ASSIGNED,2025-09-19 20:16:33,Mobile
9349,401910,ENROUTE,2025-09-20 03:47:33,Dispatch
9350,401910,ARRIVED,2025-09-20 06:29:33,CRM
9351,401910,COMPLETED,2025-09-20 07:07:33,Dispatch
9352,401911,CREATED,2025-09-19 20:59:37,Mobile
9353,401911,ASSIGNED,2025-09-19 23:58:37,CRM
9354,401911,ENROUTE,2025-09-20 07:25:37,Dispatch
9355,401911,ARRIVED,2025-09-20 09:01:37,Mobile
9356,401911,CANCELLED,2025-09-20 00:58:37,Mobile
9357,401912,CREATED,2025-09-19 23:29:43,Mobile
9358,401912,ASSIGNED,2025-09-20 00:13:43,Dispatch
9359,401912,ENROUTE,2025-09-20 02:43:43,Dispatch
9360,401912,ARRIVED,2025-09-20 04:55:43,Mobile
9361,401912,COMPLETED,2025-09-20 12:51:43,Mobile
9362,401913,CREATED,2025-09-20 00:05:46,Dispatch
9363,401913,ASSIGNED,2025-09-20 03:34:46,Mobile
9364,401913,ENROUTE,2025-09-20 09:12:46,Dispatch
9365,401913,ARRIVED,2025-09-20 11:43:46,Mobile
9366,401913,COMPLETED,2025-09-20 17:35:46,Mobile
9367,401913,REOPENED,2025-09-21 17:35:46,Mobile
9368,401913,ASSIGNED,2025-09-21 18:35:46,Mobile
9369,401913,COMPLETED,2025-09-22 19:35:46,Dispatch
9370,401914,CREATED,2025-09-20 00:22:50,Dispatch
9371,401914,ASSIGNED,2025-09-20 00:30:50,Dispatch
9372,401914,ENROUTE,2025-09-20 06:25:50,Dispatch
9373,401914,ARRIVED,2025-09-20 06:59:50,Dispatch
9374,401914,COMPLETED,2025-09-20 13:41:50,Mobile
9375,401915,CREATED,2025-09-20 03:16:38,Mobile
9376,401915,ASSIGNED,2025-09-20 04:02:38,Dispatch
9377,401915,ENROUTE,2025-09-20 08:00:38,Mobile
9378,401915,ARRIVED,2025-09-20 09:08:38,Mobile
9379,401915,COMPLETED,2025-09-20 11:15:38,Mobile
9380,401916,CREATED,2025-09-20 10:38:48,Dispatch
9381,401916,ASSIGNED,2025-09-20 14:04:48,Mobile
9382,401916,ENROUTE,2025-09-20 20:29:48,Dispatch
9383,401916,ARRIVED,2025-09-20 22:40:48,Mobile
9384,401916,COMPLETED,2025-09-21 04:48:48,CRM
9385,401917,CREATED,2025-09-20 13:43:13,CRM
9386,401917,ASSIGNED,2025-09-20 15:30:13,Mobile
9387,401917,ENROUTE,2025-09-20 21:51:13,CRM
9388,401917,ARRIVED,2025-09-20 22:24:13,Dispatch
9389,401917,COMPLETED,2025-09-21 06:47:13,Dispatch
9390,401918,CREATED,2025-09-20 13:49:44,Mobile
9391,401918,ASSIGNED,2025-09-20 15:42:44,Mobile
9392,401918,ENROUTE,2025-09-20 22:54:44,Mobile
9393,401918,ARRIVED,2025-09-21 01:38:44,Mobile
9394,401918,COMPLETED,2025-09-21 09:59:44,Dispatch
9395,401919,CREATED,2025-09-20 15:33:15,Dispatch
9396,401919,ASSIGNED,2025-09-20 19:17:15,Dispatch
9397,401919,ENROUTE,2025-09-21 00:53:15,Mobile
9398,401919,ARRIVED,2025-09-21 02:07:15,Dispatch
9399,401920,CREATED,2025-09-20 22:34:38,Dispatch
9400,401920,ASSIGNED,2025-09-21 02:21:38,Dispatch
9401,401920,ENROUTE,2025-09-21 04:23:38,Dispatch
9402,401920,ARRIVED,2025-09-21 05:21:38,Mobile
9403,401920,COMPLETED,2025-09-21 11:16:38,Dispatch
9404,401921,CREATED,2025-09-21 01:41:27,CRM
9405,401921,ASSIGNED,2025-09-21 02:51:27,Dispatch
9406,401921,ENROUTE,2025-09-21 10:43:27,Dispatch
9407,401921,ARRIVED,2025-09-21 12:46:27,Dispatch
9408,401921,CANCELLED,2025-09-21 03:51:27,Dispatch
9409,401922,CREATED,2025-09-21 01:55:10,Dispatch
9410,401922,ASSIGNED,2025-09-21 05:04:10,CRM
9411,401922,ENROUTE,2025-09-21 12:57:10,Dispatch
9412,401922,ARRIVED,2025-09-21 14:24:10,Mobile
9413,401922,COMPLETED,2025-09-21 18:46:10,Mobile
9414,401923,CREATED,2025-09-21 04:19:11,Mobile
9415,401923,ASSIGNED,2025-09-21 04:25:11,Mobile
9416,401923,ENROUTE,2025-09-21 05:16:11,Mobile
9417,401923,ARRIVED,2025-09-21 06:24:11,Mobile
9418,401923,COMPLETED,2025-09-21 09:57:11,Mobile
9419,401924,CREATED,2025-09-21 07:50:24,Dispatch
9420,401924,ASSIGNED,2025-09-21 09:38:24,Dispatch
9421,401924,ENROUTE,2025-09-21 12:23:24,Dispatch
9422,401924,ARRIVED,2025-09-21 13:55:24,Mobile
9423,401924,COMPLETED,2025-09-21 18:30:24,CRM
9424,401925,CREATED,2025-09-21 08:49:14,Dispatch
9425,401925,ASSIGNED,2025-09-21 12:25:14,Dispatch
9426,401925,ENROUTE,2025-09-21 15:45:14,Mobile
9427,401925,ARRIVED,2025-09-21 16:54:14,Mobile
9428,401925,COMPLETED,2025-09-21 23:14:14,Mobile
9429,401926,CREATED,2025-09-21 09:51:32,Mobile
9430,401926,ASSIGNED,2025-09-21 10:10:32,CRM
9431,401926,ENROUTE,2025-09-21 16:06:32,Dispatch
9432,401926,ARRIVED,2025-09-21 17:17:32,Mobile
9433,401926,CANCELLED,2025-09-21 11:10:32,Mobile
9434,401927,CREATED,2025-09-21 23:12:46,Mobile
9435,401927,ASSIGNED,2025-09-22 02:51:46,Dispatch
9436,401927,ENROUTE,2025-09-22 04:42:46,Dispatch
9437,401927,ARRIVED,2025-09-22 05:12:46,CRM
9438,401928,CREATED,2025-09-22 00:54:01,Mobile
9439,401928,ASSIGNED,2025-09-22 01:28:01,Dispatch
9440,401928,ENROUTE,2025-09-22 02:00:01,Dispatch
9441,401928,ARRIVED,2025-09-22 04:04:01,Mobile
9442,401928,COMPLETED,2025-09-22 10:04:01,Mobile
9443,401929,CREATED,2025-09-22 02:35:54,Dispatch
9444,401929,ASSIGNED,2025-09-22 04:46:54,Mobile
9445,401929,ENROUTE,2025-09-22 09:51:54,Mobile
9446,401929,ARRIVED,2025-09-22 10:38:54,Dispatch
9447,401929,COMPLETED,2025-09-22 15:17:54,Mobile
9448,401930,CREATED,2025-09-22 04:12:02,Mobile
9449,401930,ASSIGNED,2025-09-22 06:51:02,Mobile
9450,401930,ENROUTE,2025-09-22 12:52:02,Dispatch
9451,401930,ARRIVED,2025-09-22 15:21:02,Dispatch
9452,401930,COMPLETED,2025-09-22 22:34:02,Dispatch
9453,401931,CREATED,2025-09-22 05:55:04,Mobile
9454,401931,ASSIGNED,2025-09-22 07:49:04,Mobile
9455,401931,ENROUTE,2025-09-22 15:18:04,Dispatch
9456,401931,ARRIVED,2025-09-22 16:22:04,Dispatch
9457,401931,COMPLETED,2025-09-22 18:10:04,Dispatch
9458,401932,CREATED,2025-09-22 08:32:02,Mobile
9459,401932,ASSIGNED,2025-09-22 09:35:02,Mobile
9460,401932,ENROUTE,2025-09-22 14:30:02,Dispatch
9461,401932,ARRIVED,2025-09-22 17:12:02,Dispatch
9462,401933,CREATED,2025-09-22 10:22:51,Dispatch
9463,401933,ASSIGNED,2025-09-22 13:13:51,Dispatch
9464,401933,ENROUTE,2025-09-22 20:32:51,CRM
9465,401933,ARRIVED,2025-09-22 21:38:51,Mobile
9466,401933,COMPLETED,2025-09-23 05:16:51,Dispatch
9467,401934,CREATED,2025-09-22 17:45:21,Dispatch
9468,401934,ASSIGNED,2025-09-22 21:11:21,Dispatch
9469,401934,ENROUTE,2025-09-22 22:12:21,Mobile
9470,401934,ARRIVED,2025-09-22 23:46:21,Dispatch
9471,401934,CANCELLED,2025-09-22 22:11:21,Mobile
9472,401935,CREATED,2025-09-22 18:18:19,Mobile
9473,401935,ASSIGNED,2025-09-22 20:50:19,CRM
9474,401935,ENROUTE,2025-09-23 00:19:19,Dispatch
9475,401935,ARRIVED,2025-09-23 02:45:19,Mobile
9476,401935,COMPLETED,2025-09-23 05:41:19,Dispatch
9477,401936,CREATED,2025-09-22 19:46:24,Dispatch
9478,401936,ASSIGNED,2025-09-22 23:17:24,Mobile
9479,401936,ENROUTE,2025-09-23 00:56:24,CRM
9480,401936,ARRIVED,2025-09-23 01:42:24,Mobile
9481,401936,COMPLETED,2025-09-23 08:42:24,Dispatch
9482,401937,CREATED,2025-09-23 00:05:07,CRM
9483,401937,ASSIGNED,2025-09-23 01:19:07,Dispatch
9484,401937,ENROUTE,2025-09-23 03:43:07,Dispatch
9485,401937,ARRIVED,2025-09-23 04:29:07,Dispatch
9486,401937,CANCELLED,2025-09-23 02:19:07,Dispatch
9487,401938,CREATED,2025-09-23 06:54:17,Mobile
9488,401938,ASSIGNED,2025-09-23 10:28:17,Dispatch
9489,401938,ENROUTE,2025-09-23 11:39:17,Dispatch
9490,401938,ARRIVED,2025-09-23 14:25:17,Mobile
9491,401938,COMPLETED,2025-09-23 16:57:17,Mobile
9492,401939,CREATED,2025-09-23 13:10:58,CRM
9493,401939,ASSIGNED,2025-09-23 16:02:58,Mobile
9494,401939,ENROUTE,2025-09-23 19:58:58,Mobile
9495,401939,ARRIVED,2025-09-23 21:05:58,Dispatch
9496,401939,COMPLETED,2025-09-24 01:22:58,Mobile
9497,401940,CREATED,2025-09-23 15:14:19,Mobile
9498,401940,ASSIGNED,2025-09-23 18:30:19,Mobile
9499,401940,ENROUTE,2025-09-23 23:22:19,CRM
9500,401940,ARRIVED,2025-09-24 00:44:19,Mobile
9501,401940,COMPLETED,2025-09-24 08:10:19,Dispatch
9502,401941,CREATED,2025-09-23 18:01:05,Dispatch
9503,401941,ASSIGNED,2025-09-23 21:11:05,Mobile
9504,401941,ENROUTE,2025-09-24 00:51:05,Dispatch
9505,401941,ARRIVED,2025-09-24 02:15:05,Mobile
9506,401941,COMPLETED,2025-09-24 10:47:05,Dispatch
9507,401942,CREATED,2025-09-23 22:41:56,Mobile
9508,401942,ASSIGNED,2025-09-24 01:03:56,Mobile
9509,401942,ENROUTE,2025-09-24 03:18:56,Dispatch
9510,401942,ARRIVED,2025-09-24 05:19:56,Mobile
9511,401942,COMPLETED,2025-09-24 10:22:56,Mobile
9512,401943,CREATED,2025-09-23 23:29:25,Mobile
9513,401943,ASSIGNED,2025-09-24 01:01:25,Dispatch
9514,401943,ENROUTE,2025-09-24 06:45:25,CRM
9515,401943,ARRIVED,2025-09-24 09:41:25,Mobile
9516,401943,COMPLETED,2025-09-24 12:52:25,CRM
9517,401944,CREATED,2025-09-24 03:51:14,Dispatch
9518,401944,ASSIGNED,2025-09-24 06:47:14,Mobile
9519,401944,ENROUTE,2025-09-24 13:24:14,Dispatch
9520,401944,ARRIVED,2025-09-24 15:46:14,Dispatch
9521,401944,COMPLETED,2025-09-24 16:43:14,Mobile
9522,401945,CREATED,2025-09-24 05:33:31,Dispatch
9523,401945,ASSIGNED,2025-09-24 07:08:31,Mobile
9524,401945,ENROUTE,2025-09-24 10:21:31,CRM
9525,401945,ARRIVED,2025-09-24 11:47:31,Dispatch
9526,401945,COMPLETED,2025-09-24 20:11:31,Mobile
9527,401946,CREATED,2025-09-24 08:56:39,CRM
9528,401946,ASSIGNED,2025-09-24 11:02:39,Mobile
9529,401946,ENROUTE,2025-09-24 16:47:39,Dispatch
9530,401946,ARRIVED,2025-09-24 18:42:39,Dispatch
9531,401946,COMPLETED,2025-09-25 02:09:39,Dispatch
9532,401947,CREATED,2025-09-24 09:24:23,CRM
9533,401947,ASSIGNED,2025-09-24 09:31:23,Dispatch
9534,401947,ENROUTE,2025-09-24 17:28:23,Dispatch
9535,401947,ARRIVED,2025-09-24 19:26:23,CRM
9536,401947,COMPLETED,2025-09-24 21:30:23,CRM
9537,401948,CREATED,2025-09-24 10:05:10,CRM
9538,401948,ASSIGNED,2025-09-24 10:32:10,Dispatch
9539,401948,ENROUTE,2025-09-24 14:06:10,Dispatch
9540,401948,ARRIVED,2025-09-24 15:53:10,Dispatch
9541,401948,COMPLETED,2025-09-24 20:21:10,Dispatch
9542,401949,CREATED,2025-09-24 10:19:32,CRM
9543,401949,ASSIGNED,2025-09-24 13:44:32,Dispatch
9544,401949,ENROUTE,2025-09-24 21:31:32,Dispatch
9545,401949,ARRIVED,2025-09-25 00:29:32,Mobile
9546,401949,COMPLETED,2025-09-25 08:54:32,Mobile
9547,401950,CREATED,2025-09-24 15:02:30,Dispatch
9548,401950,ASSIGNED,2025-09-24 18:12:30,Dispatch
9549,401950,ENROUTE,2025-09-24 19:42:30,Dispatch
9550,401950,ARRIVED,2025-09-24 20:05:30,Dispatch
9551,401951,CREATED,2025-09-24 16:11:22,Mobile
9552,401951,ASSIGNED,2025-09-24 17:14:22,Dispatch
9553,401951,ENROUTE,2025-09-24 17:51:22,Dispatch
9554,401951,ARRIVED,2025-09-24 19:03:22,Mobile
9555,401951,COMPLETED,2025-09-24 19:56:22,Mobile
9556,401952,CREATED,2025-09-24 17:22:48,Dispatch
9557,401952,ASSIGNED,2025-09-24 20:05:48,Dispatch
9558,401952,ENROUTE,2025-09-24 21:19:48,Mobile
9559,401952,ARRIVED,2025-09-25 00:14:48,Dispatch
9560,401952,COMPLETED,2025-09-25 07:05:48,Mobile
9561,401953,CREATED,2025-09-24 20:55:18,CRM
9562,401953,ASSIGNED,2025-09-24 22:43:18,Dispatch
9563,401953,ENROUTE,2025-09-25 03:27:18,Mobile
9564,401953,ARRIVED,2025-09-25 06:10:18,Dispatch
9565,401953,COMPLETED,2025-09-25 06:54:18,Dispatch
9566,401954,CREATED,2025-09-24 22:18:52,Dispatch
9567,401954,ASSIGNED,2025-09-25 01:40:52,CRM
9568,401954,ENROUTE,2025-09-25 06:13:52,CRM
9569,401954,ARRIVED,2025-09-25 08:41:52,CRM
9570,401955,CREATED,2025-09-24 23:29:47,Dispatch
9571,401955,ASSIGNED,2025-09-25 01:32:47,Mobile
9572,401955,ENROUTE,2025-09-25 04:56:47,Dispatch
9573,401955,ARRIVED,2025-09-25 06:13:47,Dispatch
9574,401955,COMPLETED,2025-09-25 14:58:47,Dispatch
9575,401956,CREATED,2025-09-25 00:35:21,Dispatch
9576,401956,ASSIGNED,2025-09-25 00:49:21,Mobile
9577,401956,ENROUTE,2025-09-25 02:59:21,Dispatch
9578,401956,ARRIVED,2025-09-25 04:56:21,CRM
9579,401956,CANCELLED,2025-09-25 01:49:21,Dispatch
9580,401957,CREATED,2025-09-25 03:38:53,Mobile
9581,401957,ASSIGNED,2025-09-25 07:35:53,Mobile
9582,401957,ENROUTE,2025-09-25 14:24:53,Dispatch
9583,401957,ARRIVED,2025-09-25 16:46:53,Mobile
9584,401957,COMPLETED,2025-09-25 17:29:53,Mobile
9585,401958,CREATED,2025-09-25 08:40:30,Dispatch
9586,401958,ASSIGNED,2025-09-25 08:45:30,CRM
9587,401958,ENROUTE,2025-09-25 11:19:30,Dispatch
9588,401958,ARRIVED,2025-09-25 13:43:30,Mobile
9589,401958,COMPLETED,2025-09-25 20:21:30,Dispatch
9590,401959,CREATED,2025-09-25 10:02:03,Mobile
9591,401959,ASSIGNED,2025-09-25 13:17:03,Mobile
9592,401959,ENROUTE,2025-09-25 14:26:03,Dispatch
9593,401959,ARRIVED,2025-09-25 14:56:03,Mobile
9594,401959,COMPLETED,2025-09-26 00:49:03,CRM
9595,401960,CREATED,2025-09-25 11:15:34,Dispatch
9596,401960,ASSIGNED,2025-09-25 13:03:34,Dispatch
9597,401960,ENROUTE,2025-09-25 14:56:34,Dispatch
9598,401960,ARRIVED,2025-09-25 15:40:34,CRM
9599,401960,COMPLETED,2025-09-25 16:12:34,Dispatch
9600,401961,CREATED,2025-09-25 14:39:21,Dispatch
9601,401961,ASSIGNED,2025-09-25 17:57:21,Dispatch
9602,401961,ENROUTE,2025-09-25 20:35:21,Dispatch
9603,401961,ARRIVED,2025-09-25 22:31:21,Dispatch
9604,401962,CREATED,2025-09-25 17:19:46,CRM
9605,401962,ASSIGNED,2025-09-25 19:02:46,Dispatch
9606,401962,ENROUTE,2025-09-25 21:53:46,CRM
9607,401962,ARRIVED,2025-09-25 23:17:46,Dispatch
9608,401962,COMPLETED,2025-09-26 05:31:46,Dispatch
9609,401963,CREATED,2025-09-25 21:52:14,Mobile
9610,401963,ASSIGNED,2025-09-26 00:35:14,Dispatch
9611,401963,ENROUTE,2025-09-26 06:30:14,Mobile
9612,401963,ARRIVED,2025-09-26 08:34:14,Dispatch
9613,401963,COMPLETED,2025-09-26 15:45:14,Mobile
9614,401964,CREATED,2025-09-25 22:54:19,Mobile
9615,401964,ASSIGNED,2025-09-26 00:33:19,Dispatch
9616,401964,ENROUTE,2025-09-26 06:07:19,CRM
9617,401964,ARRIVED,2025-09-26 07:41:19,Mobile
9618,401964,COMPLETED,2025-09-26 15:10:19,Dispatch
9619,401965,CREATED,2025-09-26 00:06:02,CRM
9620,401965,ASSIGNED,2025-09-26 00:53:02,Mobile
9621,401965,ENROUTE,2025-09-26 02:32:02,Mobile
9622,401965,ARRIVED,2025-09-26 05:07:02,Dispatch
9623,401966,CREATED,2025-09-26 00:39:34,Mobile
9624,401966,ASSIGNED,2025-09-26 01:50:34,Mobile
9625,401966,ENROUTE,2025-09-26 05:49:34,Dispatch
9626,401966,ARRIVED,2025-09-26 08:36:34,Mobile
9627,401966,COMPLETED,2025-09-26 16:37:34,Mobile
9628,401967,CREATED,2025-09-26 00:55:02,Mobile
9629,401967,ASSIGNED,2025-09-26 03:19:02,Dispatch
9630,401967,ENROUTE,2025-09-26 04:38:02,Mobile
9631,401967,ARRIVED,2025-09-26 07:23:02,Mobile
9632,401967,COMPLETED,2025-09-26 15:39:02,Mobile
9633,401968,CREATED,2025-09-26 01:27:30,Mobile
9634,401968,ASSIGNED,2025-09-26 04:33:30,Dispatch
9635,401968,ENROUTE,2025-09-26 10:15:30,Dispatch
9636,401968,ARRIVED,2025-09-26 11:54:30,Mobile
9637,401968,COMPLETED,2025-09-26 14:57:30,CRM
9638,401968,REOPENED,2025-09-27 14:57:30,Dispatch
9639,401968,ASSIGNED,2025-09-27 15:57:30,Mobile
9640,401968,COMPLETED,2025-09-28 16:57:30,Mobile
9641,401969,CREATED,2025-09-26 03:56:08,Mobile
9642,401969,ASSIGNED,2025-09-26 04:42:08,Dispatch
9643,401969,ENROUTE,2025-09-26 09:43:08,Mobile
9644,401969,ARRIVED,2025-09-26 12:27:08,Dispatch
9645,401969,COMPLETED,2025-09-26 21:35:08,Dispatch
9646,401970,CREATED,2025-09-26 07:49:30,Dispatch
9647,401970,ASSIGNED,2025-09-26 09:03:30,Mobile
9648,401970,ENROUTE,2025-09-26 14:24:30,Mobile
9649,401970,ARRIVED,2025-09-26 15:36:30,Dispatch
9650,401970,COMPLETED,2025-09-26 23:27:30,Dispatch
9651,401971,CREATED,2025-09-26 16:03:11,Mobile
9652,401971,ASSIGNED,2025-09-26 17:27:11,Mobile
9653,401971,ENROUTE,2025-09-26 18:06:11,Dispatch
9654,401971,ARRIVED,2025-09-26 20:32:11,Dispatch
9655,401971,COMPLETED,2025-09-27 02:01:11,Dispatch
9656,401972,CREATED,2025-09-26 20:14:53,Mobile
9657,401972,ASSIGNED,2025-09-26 23:25:53,Mobile
9658,401972,ENROUTE,2025-09-27 05:45:53,Mobile
9659,401972,ARRIVED,2025-09-27 07:55:53,Dispatch
9660,401972,COMPLETED,2025-09-27 14:19:53,CRM
9661,401973,CREATED,2025-09-26 22:12:36,Dispatch
9662,401973,ASSIGNED,2025-09-26 23:38:36,Mobile
9663,401973,ENROUTE,2025-09-27 00:36:36,Dispatch
9664,401973,ARRIVED,2025-09-27 02:20:36,Mobile
9665,401973,CANCELLED,2025-09-27 00:38:36,Mobile
9666,401974,CREATED,2025-09-27 00:08:29,CRM
9667,401974,ASSIGNED,2025-09-27 02:56:29,Dispatch
9668,401974,ENROUTE,2025-09-27 05:16:29,Mobile
9669,401974,ARRIVED,2025-09-27 05:41:29,Mobile
9670,401974,COMPLETED,2025-09-27 07:42:29,Mobile
9671,401975,CREATED,2025-09-27 16:35:00,Dispatch
9672,401975,ASSIGNED,2025-09-27 17:48:00,Dispatch
9673,401975,ENROUTE,2025-09-27 22:06:00,Dispatch
9674,401975,ARRIVED,2025-09-28 00:09:00,CRM
9675,401975,COMPLETED,2025-09-28 07:37:00,Dispatch
9676,401976,CREATED,2025-09-27 19:53:06,CRM
9677,401976,ASSIGNED,2025-09-27 20:05:06,Mobile
9678,401976,ENROUTE,2025-09-28 01:38:06,Mobile
9679,401976,ARRIVED,2025-09-28 02:39:06,Mobile
9680,401976,COMPLETED,2025-09-28 07:05:06,Mobile
9681,401977,CREATED,2025-09-27 21:44:23,Dispatch
9682,401977,ASSIGNED,2025-09-28 00:12:23,Mobile
9683,401977,ENROUTE,2025-09-28 02:34:23,Dispatch
9684,401977,ARRIVED,2025-09-28 05:05:23,Mobile
9685,401977,COMPLETED,2025-09-28 11:06:23,Dispatch
9686,401978,CREATED,2025-09-28 04:07:38,Mobile
9687,401978,ASSIGNED,2025-09-28 05:00:38,Dispatch
9688,401978,ENROUTE,2025-09-28 06:01:38,Dispatch
9689,401978,ARRIVED,2025-09-28 07:49:38,Dispatch
9690,401978,COMPLETED,2025-09-28 16:10:38,Mobile
9691,401979,CREATED,2025-09-28 05:28:46,CRM
9692,401979,ASSIGNED,2025-09-28 08:14:46,Mobile
9693,401979,ENROUTE,2025-09-28 10:51:46,Dispatch
9694,401979,ARRIVED,2025-09-28 13:39:46,Mobile
9695,401979,COMPLETED,2025-09-28 17:15:46,Mobile
9696,401980,CREATED,2025-09-28 16:45:16,Dispatch
9697,401980,ASSIGNED,2025-09-28 18:58:16,CRM
9698,401980,ENROUTE,2025-09-28 22:01:16,Dispatch
9699,401980,ARRIVED,2025-09-28 22:46:16,Dispatch
9700,401980,COMPLETED,2025-09-29 08:45:16,Mobile
9701,401981,CREATED,2025-09-28 18:34:14,Mobile
9702,401981,ASSIGNED,2025-09-28 20:53:14,Dispatch
9703,401981,ENROUTE,2025-09-28 23:42:14,Dispatch
9704,401981,ARRIVED,2025-09-29 00:38:14,Dispatch
9705,401981,COMPLETED,2025-09-29 05:52:14,Dispatch
9706,401982,CREATED,2025-09-29 01:13:03,Dispatch
9707,401982,ASSIGNED,2025-09-29 05:06:03,Dispatch
9708,401982,ENROUTE,2025-09-29 12:20:03,Mobile
9709,401982,ARRIVED,2025-09-29 14:40:03,Mobile
9710,401982,COMPLETED,2025-09-30 00:04:03,Dispatch
9711,401983,CREATED,2025-09-29 02:46:41,Dispatch
9712,401983,ASSIGNED,2025-09-29 03:21:41,Mobile
9713,401983,ENROUTE,2025-09-29 10:47:41,Dispatch
9714,401983,ARRIVED,2025-09-29 11:04:41,Dispatch
9715,401983,COMPLETED,2025-09-29 16:09:41,Mobile
9716,401984,CREATED,2025-09-29 03:45:53,Dispatch
9717,401984,ASSIGNED,2025-09-29 06:41:53,Dispatch
9718,401984,ENROUTE,2025-09-29 14:10:53,Dispatch
9719,401984,ARRIVED,2025-09-29 14:52:53,CRM
9720,401984,COMPLETED,2025-09-29 21:24:53,Dispatch
9721,401985,CREATED,2025-09-29 06:01:27,Dispatch
9722,401985,ASSIGNED,2025-09-29 06:14:27,Dispatch
9723,401985,ENROUTE,2025-09-29 11:03:27,Dispatch
9724,401985,ARRIVED,2025-09-29 13:23:27,Dispatch
9725,401985,COMPLETED,2025-09-29 23:22:27,Mobile
9726,401986,CREATED,2025-09-29 07:16:36,CRM
9727,401986,ASSIGNED,2025-09-29 08:52:36,Mobile
9728,401986,ENROUTE,2025-09-29 14:00:36,Dispatch
9729,401986,ARRIVED,2025-09-29 15:54:36,Mobile
9730,401986,COMPLETED,2025-09-29 22:57:36,Mobile
9731,401987,CREATED,2025-09-30 02:42:02,Mobile
9732,401987,ASSIGNED,2025-09-30 03:04:02,Dispatch
9733,401987,ENROUTE,2025-09-30 05:46:02,Dispatch
9734,401987,ARRIVED,2025-09-30 07:21:02,Mobile
9735,401987,COMPLETED,2025-09-30 08:36:02,Dispatch
9736,401988,CREATED,2025-09-30 07:26:09,Dispatch
9737,401988,ASSIGNED,2025-09-30 11:16:09,Dispatch
9738,401988,ENROUTE,2025-09-30 11:34:09,CRM
9739,401988,ARRIVED,2025-09-30 12:53:09,Mobile
9740,401989,CREATED,2025-09-30 08:16:45,Dispatch
9741,401989,ASSIGNED,2025-09-30 10:42:45,Mobile
9742,401989,ENROUTE,2025-09-30 11:30:45,Dispatch
9743,401989,ARRIVED,2025-09-30 13:58:45,Dispatch
9744,401990,CREATED,2025-09-30 08:38:09,Mobile
9745,401990,ASSIGNED,2025-09-30 12:30:09,Mobile
9746,401990,ENROUTE,2025-09-30 16:39:09,Mobile
9747,401990,ARRIVED,2025-09-30 18:15:09,CRM
9748,401990,COMPLETED,2025-09-30 23:02:09,Mobile
9749,401991,CREATED,2025-09-30 13:32:25,Mobile
9750,401991,ASSIGNED,2025-09-30 14:35:25,Mobile
9751,401991,ENROUTE,2025-09-30 15:01:25,Dispatch
9752,401991,ARRIVED,2025-09-30 16:04:25,Mobile
9753,401991,COMPLETED,2025-09-30 20:16:25,Dispatch
9754,401992,CREATED,2025-09-30 15:09:04,CRM
9755,401992,ASSIGNED,2025-09-30 15:52:04,Mobile
9756,401992,ENROUTE,2025-09-30 21:43:04,Mobile
9757,401992,ARRIVED,2025-09-30 22:19:04,CRM
9758,401992,COMPLETED,2025-10-01 02:02:04,Dispatch
9759,401993,CREATED,2025-09-30 16:22:47,Mobile
9760,401993,ASSIGNED,2025-09-30 19:46:47,Mobile
9761,401993,ENROUTE,2025-09-30 23:38:47,Dispatch
9762,401993,ARRIVED,2025-10-01 02:01:47,Mobile
9763,401994,CREATED,2025-09-30 17:37:38,Mobile
9764,401994,ASSIGNED,2025-09-30 19:29:38,CRM
9765,401994,ENROUTE,2025-09-30 21:08:38,Mobile
9766,401994,ARRIVED,2025-10-01 00:07:38,Mobile
9767,401994,COMPLETED,2025-10-01 07:05:38,Dispatch
9768,401995,CREATED,2025-09-30 23:24:04,Mobile
9769,401995,ASSIGNED,2025-10-01 03:17:04,Mobile
9770,401995,ENROUTE,2025-10-01 09:01:04,CRM
9771,401995,ARRIVED,2025-10-01 11:05:04,Dispatch
9772,401996,CREATED,2025-10-01 01:29:10,Dispatch
9773,401996,ASSIGNED,2025-10-01 03:02:10,Dispatch
9774,401996,ENROUTE,2025-10-01 03:20:10,Mobile
9775,401996,ARRIVED,2025-10-01 05:57:10,Mobile
9776,401996,COMPLETED,2025-10-01 10:10:10,Dispatch
9777,401997,CREATED,2025-10-01 01:41:55,CRM
9778,401997,ASSIGNED,2025-10-01 03:54:55,Mobile
9779,401997,ENROUTE,2025-10-01 09:39:55,Dispatch
9780,401997,ARRIVED,2025-10-01 11:57:55,Dispatch
9781,401997,COMPLETED,2025-10-01 15:55:55,Dispatch
9782,401998,CREATED,2025-10-01 02:09:56,Mobile
9783,401998,ASSIGNED,2025-10-01 03:37:56,Mobile
9784,401998,ENROUTE,2025-10-01 09:11:56,CRM
9785,401998,ARRIVED,2025-10-01 11:21:56,Mobile
9786,401998,COMPLETED,2025-10-01 12:17:56,CRM
9787,401999,CREATED,2025-10-01 02:20:56,Mobile
9788,401999,ASSIGNED,2025-10-01 04:49:56,Mobile
9789,401999,ENROUTE,2025-10-01 05:53:56,Dispatch
9790,401999,ARRIVED,2025-10-01 08:27:56,Dispatch
9791,401999,COMPLETED,2025-10-01 16:31:56,Dispatch
9792,402000,CREATED,2025-10-01 05:05:11,Dispatch
9793,402000,ASSIGNED,2025-10-01 07:57:11,Mobile
9794,402000,ENROUTE,2025-10-01 13:33:11,Mobile
9795,402000,ARRIVED,2025-10-01 15:40:11,CRM
9796,402000,COMPLETED,2025-10-01 20:08:11,Dispatch
9797,402001,CREATED,2025-10-01 14:20:18,Mobile
9798,402001,ASSIGNED,2025-10-01 17:21:18,Dispatch
9799,402001,ENROUTE,2025-10-01 21:45:18,Dispatch
9800,402001,ARRIVED,2025-10-01 22:51:18,Mobile
9801,402001,CANCELLED,2025-10-01 18:21:18,Dispatch
9802,402002,CREATED,2025-10-01 15:17:18,CRM
9803,402002,ASSIGNED,2025-10-01 18:56:18,Mobile
9804,402002,ENROUTE,2025-10-01 22:15:18,Mobile
9805,402002,ARRIVED,2025-10-02 01:01:18,Dispatch
9806,402002,COMPLETED,2025-10-02 05:28:18,CRM
9807,402003,CREATED,2025-10-01 20:53:02,Mobile
9808,402003,ASSIGNED,2025-10-01 21:22:02,Dispatch
9809,402003,ENROUTE,2025-10-02 03:08:02,Mobile
9810,402003,ARRIVED,2025-10-02 03:45:02,Mobile
9811,402004,CREATED,2025-10-01 23:08:21,Mobile
9812,402004,ASSIGNED,2025-10-01 23:36:21,Dispatch
9813,402004,ENROUTE,2025-10-02 07:34:21,Dispatch
9814,402004,ARRIVED,2025-10-02 10:33:21,CRM
9815,402004,COMPLETED,2025-10-02 13:13:21,Dispatch
9816,402005,CREATED,2025-10-02 12:42:54,Mobile
9817,402005,ASSIGNED,2025-10-02 13:08:54,Dispatch
9818,402005,ENROUTE,2025-10-02 19:49:54,Dispatch
9819,402005,ARRIVED,2025-10-02 20:09:54,Mobile
9820,402005,COMPLETED,2025-10-03 05:33:54,Dispatch
9821,402006,CREATED,2025-10-02 12:44:20,Dispatch
9822,402006,ASSIGNED,2025-10-02 13:21:20,Mobile
9823,402006,ENROUTE,2025-10-02 13:39:20,Mobile
9824,402006,ARRIVED,2025-10-02 15:13:20,Mobile
9825,402006,COMPLETED,2025-10-02 17:25:20,CRM
9826,402007,CREATED,2025-10-02 14:55:29,Dispatch
9827,402007,ASSIGNED,2025-10-02 17:51:29,Dispatch
9828,402007,ENROUTE,2025-10-02 19:27:29,Mobile
9829,402007,ARRIVED,2025-10-02 22:01:29,Mobile
9830,402007,COMPLETED,2025-10-03 02:46:29,Mobile
9831,402008,CREATED,2025-10-02 18:47:21,Mobile
9832,402008,ASSIGNED,2025-10-02 19:54:21,Mobile
9833,402008,ENROUTE,2025-10-03 00:05:21,Dispatch
9834,402008,ARRIVED,2025-10-03 02:19:21,CRM
9835,402009,CREATED,2025-10-02 19:56:56,Mobile
9836,402009,ASSIGNED,2025-10-02 21:21:56,Dispatch
9837,402009,ENROUTE,2025-10-02 22:59:56,Dispatch
9838,402009,ARRIVED,2025-10-03 01:09:56,Mobile
9839,402009,COMPLETED,2025-10-03 08:19:56,CRM
9840,402010,CREATED,2025-10-02 22:51:35,Mobile
9841,402010,ASSIGNED,2025-10-03 00:19:35,Mobile
9842,402010,ENROUTE,2025-10-03 06:27:35,Dispatch
9843,402010,ARRIVED,2025-10-03 08:32:35,Mobile
9844,402010,COMPLETED,2025-10-03 15:06:35,CRM
9845,402011,CREATED,2025-10-02 23:30:41,Mobile
9846,402011,ASSIGNED,2025-10-03 02:13:41,Mobile
9847,402011,ENROUTE,2025-10-03 06:02:41,Mobile
9848,402011,ARRIVED,2025-10-03 07:55:41,Dispatch
9849,402011,COMPLETED,2025-10-03 10:40:41,Mobile
9850,402012,CREATED,2025-10-02 23:31:22,Mobile
9851,402012,ASSIGNED,2025-10-03 03:06:22,Dispatch
9852,402012,ENROUTE,2025-10-03 03:37:22,Dispatch
9853,402012,ARRIVED,2025-10-03 05:35:22,Dispatch
9854,402012,COMPLETED,2025-10-03 13:43:22,Dispatch
9855,402013,CREATED,2025-10-02 23:44:16,CRM
9856,402013,ASSIGNED,2025-10-03 01:22:16,Dispatch
9857,402013,ENROUTE,2025-10-03 04:28:16,CRM
9858,402013,ARRIVED,2025-10-03 07:11:16,Mobile
9859,402013,COMPLETED,2025-10-03 15:32:16,CRM
9860,402014,CREATED,2025-10-03 07:18:07,Dispatch
9861,402014,ASSIGNED,2025-10-03 11:08:07,Dispatch
9862,402014,ENROUTE,2025-10-03 12:25:07,Mobile
9863,402014,ARRIVED,2025-10-03 15:07:07,Dispatch
9864,402014,COMPLETED,2025-10-03 22:20:07,Mobile
9865,402015,CREATED,2025-10-03 15:52:29,Mobile
9866,402015,ASSIGNED,2025-10-03 19:14:29,Mobile
9867,402015,ENROUTE,2025-10-03 21:37:29,Mobile
9868,402015,ARRIVED,2025-10-03 22:12:29,Dispatch
9869,402015,COMPLETED,2025-10-04 00:47:29,Mobile
9870,402016,CREATED,2025-10-03 16:07:54,Dispatch
9871,402016,ASSIGNED,2025-10-03 19:11:54,Mobile
9872,402016,ENROUTE,2025-10-03 20:27:54,Dispatch
9873,402016,ARRIVED,2025-10-03 20:51:54,Dispatch
9874,402016,COMPLETED,2025-10-03 21:43:54,Dispatch
9875,402017,CREATED,2025-10-03 18:11:08,Mobile
9876,402017,ASSIGNED,2025-10-03 20:57:08,Dispatch
9877,402017,ENROUTE,2025-10-04 04:33:08,Dispatch
9878,402017,ARRIVED,2025-10-04 06:50:08,CRM
9879,402017,COMPLETED,2025-10-04 11:08:08,CRM
9880,402018,CREATED,2025-10-03 23:53:08,Mobile
9881,402018,ASSIGNED,2025-10-04 00:53:08,Dispatch
9882,402018,ENROUTE,2025-10-04 01:52:08,Dispatch
9883,402018,ARRIVED,2025-10-04 02:46:08,Dispatch
9884,402019,CREATED,2025-10-04 02:45:52,Dispatch
9885,402019,ASSIGNED,2025-10-04 03:08:52,CRM
9886,402019,ENROUTE,2025-10-04 04:17:52,Mobile
9887,402019,ARRIVED,2025-10-04 05:36:52,Mobile
9888,402019,COMPLETED,2025-10-04 08:57:52,Dispatch
9889,402020,CREATED,2025-10-04 11:51:20,CRM
9890,402020,ASSIGNED,2025-10-04 13:02:20,Dispatch
9891,402020,ENROUTE,2025-10-04 17:00:20,Mobile
9892,402020,ARRIVED,2025-10-04 18:20:20,Dispatch
9893,402021,CREATED,2025-10-04 12:42:18,CRM
9894,402021,ASSIGNED,2025-10-04 15:40:18,Mobile
9895,402021,ENROUTE,2025-10-04 22:05:18,Mobile
9896,402021,ARRIVED,2025-10-05 00:33:18,Dispatch
9897,402022,CREATED,2025-10-04 15:02:33,Mobile
9898,402022,ASSIGNED,2025-10-04 16:25:33,Mobile
9899,402022,ENROUTE,2025-10-04 21:03:33,Mobile
9900,402022,ARRIVED,2025-10-04 21:21:33,Mobile
9901,402022,COMPLETED,2025-10-05 00:49:33,CRM
9902,402023,CREATED,2025-10-04 15:16:59,Dispatch
9903,402023,ASSIGNED,2025-10-04 17:53:59,Mobile
9904,402023,ENROUTE,2025-10-04 22:46:59,Mobile
9905,402023,ARRIVED,2025-10-05 00:58:59,CRM
9906,402023,CANCELLED,2025-10-04 18:53:59,Mobile
9907,402024,CREATED,2025-10-04 17:45:28,Dispatch
9908,402024,ASSIGNED,2025-10-04 20:17:28,Mobile
9909,402024,ENROUTE,2025-10-05 02:55:28,Mobile
9910,402024,ARRIVED,2025-10-05 05:26:28,Dispatch
9911,402024,COMPLETED,2025-10-05 11:03:28,Dispatch
9912,402025,CREATED,2025-10-04 20:08:31,Mobile
9913,402025,ASSIGNED,2025-10-04 23:46:31,Dispatch
9914,402025,ENROUTE,2025-10-05 06:51:31,CRM
9915,402025,ARRIVED,2025-10-05 08:49:31,Mobile
9916,402025,COMPLETED,2025-10-05 13:04:31,CRM
9917,402026,CREATED,2025-10-04 23:05:33,Mobile
9918,402026,ASSIGNED,2025-10-05 01:03:33,CRM
9919,402026,ENROUTE,2025-10-05 07:25:33,Dispatch
9920,402026,ARRIVED,2025-10-05 09:54:33,Mobile
9921,402026,COMPLETED,2025-10-05 13:49:33,Dispatch
9922,402027,CREATED,2025-10-05 08:45:16,Dispatch
9923,402027,ASSIGNED,2025-10-05 12:22:16,Dispatch
9924,402027,ENROUTE,2025-10-05 18:03:16,Dispatch
9925,402027,ARRIVED,2025-10-05 19:58:16,Dispatch
9926,402027,COMPLETED,2025-10-06 02:49:16,Mobile
9927,402028,CREATED,2025-10-05 09:03:44,Dispatch
9928,402028,ASSIGNED,2025-10-05 11:20:44,Mobile
9929,402028,ENROUTE,2025-10-05 13:44:44,Dispatch
9930,402028,ARRIVED,2025-10-05 16:24:44,Dispatch
9931,402028,COMPLETED,2025-10-05 20:03:44,Mobile
9932,402029,CREATED,2025-10-05 14:00:55,Dispatch
9933,402029,ASSIGNED,2025-10-05 16:53:55,Dispatch
9934,402029,ENROUTE,2025-10-05 23:13:55,CRM
9935,402029,ARRIVED,2025-10-06 01:35:55,Dispatch
9936,402029,COMPLETED,2025-10-06 07:31:55,Mobile
9937,402030,CREATED,2025-10-05 14:30:40,Dispatch
9938,402030,ASSIGNED,2025-10-05 17:28:40,Dispatch
9939,402030,ENROUTE,2025-10-06 01:23:40,Dispatch
9940,402030,ARRIVED,2025-10-06 04:15:40,Mobile
9941,402030,COMPLETED,2025-10-06 05:57:40,Dispatch
9942,402031,CREATED,2025-10-05 14:54:08,Dispatch
9943,402031,ASSIGNED,2025-10-05 17:52:08,Dispatch
9944,402031,ENROUTE,2025-10-06 00:13:08,Dispatch
9945,402031,ARRIVED,2025-10-06 02:58:08,Dispatch
9946,402031,COMPLETED,2025-10-06 12:17:08,Mobile
9947,402032,CREATED,2025-10-05 21:15:55,Dispatch
9948,402032,ASSIGNED,2025-10-06 01:13:55,Mobile
9949,402032,ENROUTE,2025-10-06 08:19:55,CRM
9950,402032,ARRIVED,2025-10-06 09:50:55,Dispatch
9951,402032,COMPLETED,2025-10-06 18:57:55,Mobile
9952,402033,CREATED,2025-10-05 21:25:59,Mobile
9953,402033,ASSIGNED,2025-10-06 00:22:59,Dispatch
9954,402033,ENROUTE,2025-10-06 04:57:59,Mobile
9955,402033,ARRIVED,2025-10-06 07:07:59,Dispatch
9956,402033,COMPLETED,2025-10-06 08:49:59,Dispatch
9957,402034,CREATED,2025-10-05 22:31:34,Dispatch
9958,402034,ASSIGNED,2025-10-06 01:35:34,Dispatch
9959,402034,ENROUTE,2025-10-06 10:11:34,Mobile
9960,402034,ARRIVED,2025-10-06 09:51:34,Dispatch
9961,402034,COMPLETED,2025-10-06 11:51:34,Dispatch
9962,402035,CREATED,2025-10-06 00:07:48,Dispatch
9963,402035,ASSIGNED,2025-10-06 00:54:48,Dispatch
9964,402035,ENROUTE,2025-10-06 02:23:48,Mobile
9965,402035,ARRIVED,2025-10-06 04:56:48,Mobile
9966,402035,COMPLETED,2025-10-06 09:56:48,CRM
9967,402036,CREATED,2025-10-06 00:36:59,Mobile
9968,402036,ASSIGNED,2025-10-06 04:06:59,Mobile
9969,402036,ENROUTE,2025-10-06 09:09:59,Mobile
9970,402036,ARRIVED,2025-10-06 11:37:59,Mobile
9971,402036,COMPLETED,2025-10-06 13:52:59,Dispatch
9972,402037,CREATED,2025-10-06 04:01:28,Dispatch
9973,402037,ASSIGNED,2025-10-06 05:21:28,Mobile
9974,402037,ENROUTE,2025-10-06 08:43:28,Dispatch
9975,402037,ARRIVED,2025-10-06 11:11:28,Mobile
9976,402037,COMPLETED,2025-10-06 20:27:28,Dispatch
9977,402038,CREATED,2025-10-06 04:16:49,Mobile
9978,402038,ASSIGNED,2025-10-06 05:40:49,CRM
9979,402038,ENROUTE,2025-10-06 12:31:49,Dispatch
9980,402038,ARRIVED,2025-10-06 13:38:49,Mobile
9981,402038,CANCELLED,2025-10-06 06:40:49,Dispatch
9982,402039,CREATED,2025-10-06 04:46:10,CRM
9983,402039,ASSIGNED,2025-10-06 05:29:10,Dispatch
9984,402039,ENROUTE,2025-10-06 11:05:10,Mobile
9985,402039,ARRIVED,2025-10-06 13:57:10,Dispatch
9986,402039,COMPLETED,2025-10-06 22:08:10,Dispatch
9987,402040,CREATED,2025-10-06 06:04:56,Dispatch
9988,402040,ASSIGNED,2025-10-06 07:22:56,Mobile
9989,402040,ENROUTE,2025-10-06 12:27:56,Mobile
9990,402040,ARRIVED,2025-10-06 13:03:56,Dispatch
9991,402040,COMPLETED,2025-10-06 17:26:56,Dispatch
9992,402041,CREATED,2025-10-06 08:01:40,Dispatch
9993,402041,ASSIGNED,2025-10-06 08:49:40,Dispatch
9994,402041,ENROUTE,2025-10-06 15:39:40,Mobile
9995,402041,ARRIVED,2025-10-06 16:14:40,Dispatch
9996,402041,COMPLETED,2025-10-06 19:13:40,Mobile
9997,402042,CREATED,2025-10-06 08:48:25,Mobile
9998,402042,ASSIGNED,2025-10-06 10:07:25,Mobile
9999,402042,ENROUTE,2025-10-06 13:10:25,Mobile
10000,402042,ARRIVED,2025-10-06 14:26:25,Mobile
10001,402042,COMPLETED,2025-10-06 19:31:25,Mobile
10002,402043,CREATED,2025-10-06 09:17:55,Mobile
10003,402043,ASSIGNED,2025-10-06 09:59:55,Dispatch
10004,402043,ENROUTE,2025-10-06 13:25:55,Dispatch
10005,402043,ARRIVED,2025-10-06 16:04:55,Dispatch
10006,402043,COMPLETED,2025-10-06 17:25:55,Dispatch
10007,402044,CREATED,2025-10-06 13:25:48,Dispatch
10008,402044,ASSIGNED,2025-10-06 14:29:48,Dispatch
10009,402044,ENROUTE,2025-10-06 17:12:48,Dispatch
10010,402044,ARRIVED,2025-10-06 18:11:48,Dispatch
10011,402045,CREATED,2025-10-06 19:01:34,Mobile
10012,402045,ASSIGNED,2025-10-06 22:34:34,Mobile
10013,402045,ENROUTE,2025-10-07 04:01:34,Dispatch
10014,402045,ARRIVED,2025-10-07 05:25:34,Dispatch
10015,402045,COMPLETED,2025-10-07 13:48:34,Mobile
10016,402046,CREATED,2025-10-07 00:48:23,Dispatch
10017,402046,ASSIGNED,2025-10-07 01:58:23,Mobile
10018,402046,ENROUTE,2025-10-07 05:58:23,Mobile
10019,402046,ARRIVED,2025-10-07 08:18:23,Dispatch
10020,402046,COMPLETED,2025-10-07 09:40:23,Dispatch
10021,402047,CREATED,2025-10-07 01:22:08,Mobile
10022,402047,ASSIGNED,2025-10-07 02:17:08,Dispatch
10023,402047,ENROUTE,2025-10-07 06:02:08,CRM
10024,402047,ARRIVED,2025-10-07 06:14:08,Dispatch
10025,402047,COMPLETED,2025-10-07 06:46:08,CRM
10026,402048,CREATED,2025-10-07 12:59:39,CRM
10027,402048,ASSIGNED,2025-10-07 15:10:39,Mobile
10028,402048,ENROUTE,2025-10-07 19:53:39,Dispatch
10029,402048,ARRIVED,2025-10-07 22:34:39,Mobile
10030,402048,CANCELLED,2025-10-07 16:10:39,Mobile
10031,402049,CREATED,2025-10-07 15:12:32,CRM
10032,402049,ASSIGNED,2025-10-07 18:51:32,Mobile
10033,402049,ENROUTE,2025-10-08 00:18:32,Dispatch
10034,402049,ARRIVED,2025-10-08 02:38:32,Mobile
10035,402049,COMPLETED,2025-10-08 11:41:32,Dispatch
10036,402050,CREATED,2025-10-07 16:35:41,Mobile
10037,402050,ASSIGNED,2025-10-07 20:30:41,Mobile
10038,402050,ENROUTE,2025-10-08 00:28:41,Dispatch
10039,402050,ARRIVED,2025-10-08 02:46:41,Dispatch
10040,402050,COMPLETED,2025-10-08 07:47:41,Dispatch
10041,402051,CREATED,2025-10-07 18:34:49,CRM
10042,402051,ASSIGNED,2025-10-07 19:25:49,Dispatch
10043,402051,ENROUTE,2025-10-08 00:25:49,CRM
10044,402051,ARRIVED,2025-10-08 01:20:49,Mobile
10045,402051,COMPLETED,2025-10-08 08:19:49,Mobile
10046,402052,CREATED,2025-10-07 20:25:07,Mobile
10047,402052,ASSIGNED,2025-10-07 22:58:07,Dispatch
10048,402052,ENROUTE,2025-10-07 23:49:07,Dispatch
10049,402052,ARRIVED,2025-10-08 01:40:07,Mobile
10050,402052,COMPLETED,2025-10-08 11:36:07,Dispatch
10051,402053,CREATED,2025-10-07 21:07:35,Dispatch
10052,402053,ASSIGNED,2025-10-08 00:29:35,CRM
10053,402053,ENROUTE,2025-10-08 01:42:35,CRM
10054,402053,ARRIVED,2025-10-08 02:55:35,Dispatch
10055,402053,COMPLETED,2025-10-08 12:14:35,Mobile
10056,402054,CREATED,2025-10-07 21:50:56,Dispatch
10057,402054,ASSIGNED,2025-10-07 23:54:56,Dispatch
10058,402054,ENROUTE,2025-10-08 05:30:56,Mobile
10059,402054,ARRIVED,2025-10-08 07:30:56,Mobile
10060,402054,COMPLETED,2025-10-08 10:15:56,Dispatch
10061,402055,CREATED,2025-10-08 00:26:52,Dispatch
10062,402055,ASSIGNED,2025-10-08 01:56:52,Mobile
10063,402055,ENROUTE,2025-10-08 08:16:52,Mobile
10064,402055,ARRIVED,2025-10-08 10:43:52,Mobile
10065,402055,COMPLETED,2025-10-08 11:17:52,Mobile
10066,402056,CREATED,2025-10-08 04:56:16,Mobile
10067,402056,ASSIGNED,2025-10-08 08:01:16,CRM
10068,402056,ENROUTE,2025-10-08 12:15:16,Mobile
10069,402056,ARRIVED,2025-10-08 14:22:16,Dispatch
10070,402057,CREATED,2025-10-08 05:10:28,Dispatch
10071,402057,ASSIGNED,2025-10-08 05:45:28,Dispatch
10072,402057,ENROUTE,2025-10-08 10:58:28,Mobile
10073,402057,ARRIVED,2025-10-08 13:00:28,Mobile
10074,402057,COMPLETED,2025-10-08 17:18:28,Dispatch
10075,402058,CREATED,2025-10-08 07:56:17,Mobile
10076,402058,ASSIGNED,2025-10-08 11:40:17,Mobile
10077,402058,ENROUTE,2025-10-08 14:44:17,Mobile
10078,402058,ARRIVED,2025-10-08 16:55:17,Mobile
10079,402058,COMPLETED,2025-10-08 19:28:17,Mobile
10080,402059,CREATED,2025-10-08 08:13:00,CRM
10081,402059,ASSIGNED,2025-10-08 12:01:00,Dispatch
10082,402059,ENROUTE,2025-10-08 14:48:00,Mobile
10083,402059,ARRIVED,2025-10-08 16:56:00,CRM
10084,402059,COMPLETED,2025-10-08 23:04:00,Dispatch
10085,402060,CREATED,2025-10-08 08:33:03,Dispatch
10086,402060,ASSIGNED,2025-10-08 09:19:03,Dispatch
10087,402060,ENROUTE,2025-10-08 11:39:03,Mobile
10088,402060,ARRIVED,2025-10-08 14:04:03,Mobile
10089,402060,COMPLETED,2025-10-08 14:42:03,Mobile
10090,402061,CREATED,2025-10-08 09:38:17,Mobile
10091,402061,ASSIGNED,2025-10-08 11:30:17,Dispatch
10092,402061,ENROUTE,2025-10-08 12:33:17,Mobile
10093,402061,ARRIVED,2025-10-08 14:50:17,Dispatch
10094,402061,COMPLETED,2025-10-08 20:20:17,Mobile
10095,402062,CREATED,2025-10-08 13:08:32,Dispatch
10096,402062,ASSIGNED,2025-10-08 15:15:32,Mobile
10097,402062,ENROUTE,2025-10-08 21:17:32,Mobile
10098,402062,ARRIVED,2025-10-08 22:26:32,CRM
10099,402062,COMPLETED,2025-10-09 00:57:32,Dispatch
10100,402063,CREATED,2025-10-08 20:03:55,Dispatch
10101,402063,ASSIGNED,2025-10-08 23:14:55,Dispatch
10102,402063,ENROUTE,2025-10-09 01:50:55,Mobile
10103,402063,ARRIVED,2025-10-09 02:17:55,Dispatch
10104,402063,COMPLETED,2025-10-09 04:59:55,Dispatch
10105,402064,CREATED,2025-10-08 23:08:21,Dispatch
10106,402064,ASSIGNED,2025-10-09 00:34:21,Dispatch
10107,402064,ENROUTE,2025-10-09 04:00:21,Mobile
10108,402064,ARRIVED,2025-10-09 04:37:21,Dispatch
10109,402064,COMPLETED,2025-10-09 11:04:21,Mobile
10110,402065,CREATED,2025-10-09 11:28:12,Dispatch
10111,402065,ASSIGNED,2025-10-09 11:39:12,CRM
10112,402065,ENROUTE,2025-10-09 15:48:12,Dispatch
10113,402065,ARRIVED,2025-10-09 17:02:12,CRM
10114,402065,COMPLETED,2025-10-09 23:56:12,Dispatch
10115,402066,CREATED,2025-10-09 16:24:32,Mobile
10116,402066,ASSIGNED,2025-10-09 16:54:32,Dispatch
10117,402066,ENROUTE,2025-10-09 20:23:32,Dispatch
10118,402066,ARRIVED,2025-10-09 22:23:32,Mobile
10119,402066,COMPLETED,2025-10-10 06:20:32,Dispatch
10120,402067,CREATED,2025-10-09 18:17:47,Mobile
10121,402067,ASSIGNED,2025-10-09 20:49:47,Mobile
10122,402067,ENROUTE,2025-10-10 02:29:47,Dispatch
10123,402067,ARRIVED,2025-10-10 04:20:47,Dispatch
10124,402067,COMPLETED,2025-10-10 12:23:47,Dispatch
10125,402068,CREATED,2025-10-09 19:49:43,Mobile
10126,402068,ASSIGNED,2025-10-09 21:40:43,Mobile
10127,402068,ENROUTE,2025-10-10 00:35:43,Dispatch
10128,402068,ARRIVED,2025-10-10 03:28:43,Dispatch
10129,402068,COMPLETED,2025-10-10 12:50:43,Dispatch
10130,402069,CREATED,2025-10-10 00:39:56,Mobile
10131,402069,ASSIGNED,2025-10-10 03:25:56,Mobile
10132,402069,ENROUTE,2025-10-10 08:57:56,CRM
10133,402069,ARRIVED,2025-10-10 10:57:56,Mobile
10134,402069,COMPLETED,2025-10-10 18:14:56,Dispatch
10135,402070,CREATED,2025-10-10 02:26:32,Dispatch
10136,402070,ASSIGNED,2025-10-10 04:10:32,Mobile
10137,402070,ENROUTE,2025-10-10 06:47:32,Dispatch
10138,402070,ARRIVED,2025-10-10 08:04:32,Dispatch
10139,402070,COMPLETED,2025-10-10 15:13:32,Mobile
10140,402071,CREATED,2025-10-10 03:48:05,Mobile
10141,402071,ASSIGNED,2025-10-10 04:04:05,Dispatch
10142,402071,ENROUTE,2025-10-10 07:39:05,Mobile
10143,402071,ARRIVED,2025-10-10 08:39:05,Dispatch
10144,402071,COMPLETED,2025-10-10 15:22:05,Dispatch
10145,402072,CREATED,2025-10-10 04:28:15,Dispatch
10146,402072,ASSIGNED,2025-10-10 06:11:15,Dispatch
10147,402072,ENROUTE,2025-10-10 12:21:15,Dispatch
10148,402072,ARRIVED,2025-10-10 15:03:15,Dispatch
10149,402072,COMPLETED,2025-10-10 18:47:15,Dispatch
10150,402072,REOPENED,2025-10-11 18:47:15,Mobile
10151,402072,ASSIGNED,2025-10-11 19:47:15,Dispatch
10152,402072,COMPLETED,2025-10-12 20:47:15,CRM
10153,402073,CREATED,2025-10-10 04:59:11,Dispatch
10154,402073,ASSIGNED,2025-10-10 08:54:11,CRM
10155,402073,ENROUTE,2025-10-10 14:16:11,Dispatch
10156,402073,ARRIVED,2025-10-10 17:03:11,Mobile
10157,402073,COMPLETED,2025-10-10 17:36:11,Dispatch
10158,402074,CREATED,2025-10-10 19:40:45,CRM
10159,402074,ASSIGNED,2025-10-10 22:46:45,Mobile
10160,402074,ENROUTE,2025-10-11 03:16:45,Dispatch
10161,402074,ARRIVED,2025-10-11 03:55:45,Mobile
10162,402074,COMPLETED,2025-10-11 06:19:45,CRM
10163,402075,CREATED,2025-10-10 20:11:57,Dispatch
10164,402075,ASSIGNED,2025-10-10 20:19:57,Dispatch
10165,402075,ENROUTE,2025-10-11 04:08:57,CRM
10166,402075,ARRIVED,2025-10-11 05:21:57,CRM
10167,402075,COMPLETED,2025-10-11 12:32:57,CRM
10168,402076,CREATED,2025-10-10 21:58:20,Mobile
10169,402076,ASSIGNED,2025-10-11 01:23:20,Mobile
10170,402076,ENROUTE,2025-10-11 06:15:20,Dispatch
10171,402076,ARRIVED,2025-10-11 07:14:20,Mobile
10172,402076,COMPLETED,2025-10-11 08:02:20,Dispatch
10173,402077,CREATED,2025-10-11 04:41:18,Mobile
10174,402077,ASSIGNED,2025-10-11 07:19:18,Dispatch
10175,402077,ENROUTE,2025-10-11 09:03:18,Dispatch
10176,402077,ARRIVED,2025-10-11 09:41:18,Dispatch
10177,402077,COMPLETED,2025-10-11 14:38:18,Dispatch
10178,402078,CREATED,2025-10-11 05:30:59,Dispatch
10179,402078,ASSIGNED,2025-10-11 08:47:59,Mobile
10180,402078,ENROUTE,2025-10-11 15:41:59,Dispatch
10181,402078,ARRIVED,2025-10-11 18:15:59,Dispatch
10182,402078,COMPLETED,2025-10-11 22:45:59,Dispatch
10183,402079,CREATED,2025-10-11 07:46:35,Mobile
10184,402079,ASSIGNED,2025-10-11 11:07:35,Dispatch
10185,402079,ENROUTE,2025-10-11 15:15:35,Dispatch
10186,402079,ARRIVED,2025-10-11 15:55:35,Mobile
10187,402079,COMPLETED,2025-10-11 18:42:35,Mobile
10188,402080,CREATED,2025-10-11 10:49:41,CRM
10189,402080,ASSIGNED,2025-10-11 11:46:41,Dispatch
10190,402080,ENROUTE,2025-10-11 19:41:41,Mobile
10191,402080,ARRIVED,2025-10-11 22:09:41,Dispatch
10192,402081,CREATED,2025-10-11 11:35:52,CRM
10193,402081,ASSIGNED,2025-10-11 14:48:52,Dispatch
10194,402081,ENROUTE,2025-10-11 21:19:52,Mobile
10195,402081,ARRIVED,2025-10-11 21:33:52,Dispatch
10196,402081,COMPLETED,2025-10-12 03:57:52,Dispatch
10197,402082,CREATED,2025-10-11 13:37:39,Mobile
10198,402082,ASSIGNED,2025-10-11 14:01:39,Mobile
10199,402082,ENROUTE,2025-10-11 14:27:39,Mobile
10200,402082,ARRIVED,2025-10-11 17:03:39,Mobile
10201,402083,CREATED,2025-10-11 13:46:15,Mobile
10202,402083,ASSIGNED,2025-10-11 15:30:15,Dispatch
10203,402083,ENROUTE,2025-10-11 20:31:15,CRM
10204,402083,ARRIVED,2025-10-11 22:30:15,Dispatch
10205,402083,CANCELLED,2025-10-11 16:30:15,CRM
10206,402084,CREATED,2025-10-11 15:36:45,Dispatch
10207,402084,ASSIGNED,2025-10-11 19:34:45,Mobile
10208,402084,ENROUTE,2025-10-12 01:58:45,CRM
10209,402084,ARRIVED,2025-10-12 03:34:45,Mobile
10210,402084,COMPLETED,2025-10-12 06:58:45,Mobile
10211,402085,CREATED,2025-10-11 17:58:29,Dispatch
10212,402085,ASSIGNED,2025-10-11 20:02:29,Mobile
10213,402085,ENROUTE,2025-10-12 03:49:29,Mobile
10214,402085,ARRIVED,2025-10-12 05:13:29,Mobile
10215,402085,COMPLETED,2025-10-12 09:27:29,Dispatch
10216,402086,CREATED,2025-10-11 20:30:41,Dispatch
10217,402086,ASSIGNED,2025-10-11 22:06:41,Mobile
10218,402086,ENROUTE,2025-10-12 04:18:41,CRM
10219,402086,ARRIVED,2025-10-12 04:46:41,Mobile
10220,402086,COMPLETED,2025-10-12 05:55:41,Dispatch
10221,402087,CREATED,2025-10-11 20:42:51,Mobile
10222,402087,ASSIGNED,2025-10-11 20:50:51,Dispatch
10223,402087,ENROUTE,2025-10-12 01:08:51,Mobile
10224,402087,ARRIVED,2025-10-12 02:16:51,CRM
10225,402087,COMPLETED,2025-10-12 09:52:51,Mobile
10226,402088,CREATED,2025-10-11 23:09:41,Dispatch
10227,402088,ASSIGNED,2025-10-12 00:01:41,Mobile
10228,402088,ENROUTE,2025-10-12 02:31:41,Dispatch
10229,402088,ARRIVED,2025-10-12 02:41:41,Mobile
10230,402088,CANCELLED,2025-10-12 01:01:41,Dispatch
10231,402089,CREATED,2025-10-12 01:33:52,Mobile
10232,402089,ASSIGNED,2025-10-12 03:16:52,Mobile
10233,402089,ENROUTE,2025-10-12 04:41:52,CRM
10234,402089,ARRIVED,2025-10-12 06:27:52,Dispatch
10235,402090,CREATED,2025-10-12 03:32:59,Dispatch
10236,402090,ASSIGNED,2025-10-12 07:14:59,Dispatch
10237,402090,ENROUTE,2025-10-12 10:56:59,CRM
10238,402090,ARRIVED,2025-10-12 11:14:59,Dispatch
10239,402090,COMPLETED,2025-10-12 20:24:59,Dispatch
10240,402091,CREATED,2025-10-12 04:25:51,Dispatch
10241,402091,ASSIGNED,2025-10-12 05:45:51,Dispatch
10242,402091,ENROUTE,2025-10-12 08:12:51,Dispatch
10243,402091,ARRIVED,2025-10-12 10:42:51,Dispatch
10244,402091,COMPLETED,2025-10-12 15:07:51,Dispatch
10245,402092,CREATED,2025-10-12 07:49:53,Dispatch
10246,402092,ASSIGNED,2025-10-12 11:22:53,Mobile
10247,402092,ENROUTE,2025-10-12 14:28:53,Mobile
10248,402092,ARRIVED,2025-10-12 15:24:53,Dispatch
10249,402092,COMPLETED,2025-10-12 17:21:53,Dispatch
10250,402093,CREATED,2025-10-12 10:59:04,Dispatch
10251,402093,ASSIGNED,2025-10-12 13:32:04,Dispatch
10252,402093,ENROUTE,2025-10-12 15:56:04,Mobile
10253,402093,ARRIVED,2025-10-12 18:29:04,Mobile
10254,402093,COMPLETED,2025-10-13 02:19:04,Dispatch
10255,402094,CREATED,2025-10-12 18:58:45,Dispatch
10256,402094,ASSIGNED,2025-10-12 21:35:45,Mobile
10257,402094,ENROUTE,2025-10-13 04:42:45,Mobile
10258,402094,ARRIVED,2025-10-13 06:54:45,Dispatch
10259,402094,COMPLETED,2025-10-13 13:31:45,Mobile
10260,402095,CREATED,2025-10-12 20:29:56,Mobile
10261,402095,ASSIGNED,2025-10-12 22:24:56,Dispatch
10262,402095,ENROUTE,2025-10-13 02:38:56,Mobile
10263,402095,ARRIVED,2025-10-13 04:17:56,Mobile
10264,402095,COMPLETED,2025-10-13 09:02:56,Dispatch
10265,402096,CREATED,2025-10-12 22:29:12,Dispatch
10266,402096,ASSIGNED,2025-10-13 02:19:12,Mobile
10267,402096,ENROUTE,2025-10-13 10:02:12,Dispatch
10268,402096,ARRIVED,2025-10-13 12:02:12,Mobile
10269,402096,COMPLETED,2025-10-13 19:58:12,Dispatch
10270,402097,CREATED,2025-10-12 22:55:21,Mobile
10271,402097,ASSIGNED,2025-10-12 23:47:21,Mobile
10272,402097,ENROUTE,2025-10-13 07:26:21,Mobile
10273,402097,ARRIVED,2025-10-13 09:20:21,Dispatch
10274,402097,COMPLETED,2025-10-13 11:26:21,CRM
10275,402098,CREATED,2025-10-13 00:48:59,Dispatch
10276,402098,ASSIGNED,2025-10-13 04:30:59,Dispatch
10277,402098,ENROUTE,2025-10-13 09:39:59,Dispatch
10278,402098,ARRIVED,2025-10-13 10:01:59,Dispatch
10279,402098,COMPLETED,2025-10-13 13:27:59,Dispatch
10280,402099,CREATED,2025-10-13 01:29:44,Dispatch
10281,402099,ASSIGNED,2025-10-13 04:19:44,Dispatch
10282,402099,ENROUTE,2025-10-13 07:18:44,Mobile
10283,402099,ARRIVED,2025-10-13 07:35:44,Dispatch
10284,402100,CREATED,2025-10-13 02:57:42,Mobile
10285,402100,ASSIGNED,2025-10-13 03:11:42,Dispatch
10286,402100,ENROUTE,2025-10-13 05:16:42,Mobile
10287,402100,ARRIVED,2025-10-13 07:57:42,Dispatch
10288,402100,COMPLETED,2025-10-13 09:59:42,Mobile
10289,402101,CREATED,2025-10-13 04:42:42,Mobile
10290,402101,ASSIGNED,2025-10-13 07:06:42,Dispatch
10291,402101,ENROUTE,2025-10-13 09:58:42,Mobile
10292,402101,ARRIVED,2025-10-13 12:14:42,Dispatch
10293,402101,COMPLETED,2025-10-13 16:17:42,Dispatch
10294,402102,CREATED,2025-10-13 04:59:51,Dispatch
10295,402102,ASSIGNED,2025-10-13 05:43:51,Dispatch
10296,402102,ENROUTE,2025-10-13 11:07:51,Dispatch
10297,402102,ARRIVED,2025-10-13 11:56:51,Dispatch
10298,402102,COMPLETED,2025-10-13 13:27:51,Dispatch
10299,402103,CREATED,2025-10-14 00:16:49,Mobile
10300,402103,ASSIGNED,2025-10-14 01:14:49,Mobile
10301,402103,ENROUTE,2025-10-14 04:02:49,Dispatch
10302,402103,ARRIVED,2025-10-14 04:20:49,Mobile
10303,402103,COMPLETED,2025-10-14 10:41:49,Dispatch
10304,402104,CREATED,2025-10-14 05:05:36,Dispatch
10305,402104,ASSIGNED,2025-10-14 06:14:36,Mobile
10306,402104,ENROUTE,2025-10-14 09:23:36,Dispatch
10307,402104,ARRIVED,2025-10-14 11:57:36,CRM
10308,402105,CREATED,2025-10-14 05:14:01,CRM
10309,402105,ASSIGNED,2025-10-14 08:57:01,Mobile
10310,402105,ENROUTE,2025-10-14 10:10:01,Dispatch
10311,402105,ARRIVED,2025-10-14 12:32:01,CRM
10312,402105,COMPLETED,2025-10-14 17:26:01,Dispatch
10313,402106,CREATED,2025-10-14 08:30:47,Mobile
10314,402106,ASSIGNED,2025-10-14 12:21:47,Mobile
10315,402106,ENROUTE,2025-10-14 14:49:47,Dispatch
10316,402106,ARRIVED,2025-10-14 16:56:47,Mobile
10317,402106,CANCELLED,2025-10-14 13:21:47,Dispatch
10318,402107,CREATED,2025-10-14 10:39:06,Dispatch
10319,402107,ASSIGNED,2025-10-14 13:41:06,Dispatch
10320,402107,ENROUTE,2025-10-14 14:23:06,Dispatch
10321,402107,ARRIVED,2025-10-14 16:04:06,Mobile
10322,402107,COMPLETED,2025-10-14 21:33:06,Dispatch
10323,402108,CREATED,2025-10-14 13:57:38,Dispatch
10324,402108,ASSIGNED,2025-10-14 15:28:38,Dispatch
10325,402108,ENROUTE,2025-10-14 19:38:38,Mobile
10326,402108,ARRIVED,2025-10-14 20:03:38,Dispatch
10327,402108,COMPLETED,2025-10-15 03:57:38,Mobile
10328,402109,CREATED,2025-10-14 17:26:37,Mobile
10329,402109,ASSIGNED,2025-10-14 20:16:37,CRM
10330,402109,ENROUTE,2025-10-14 21:27:37,CRM
10331,402109,ARRIVED,2025-10-14 23:55:37,Dispatch
10332,402109,COMPLETED,2025-10-15 02:20:37,Mobile
10333,402110,CREATED,2025-10-14 19:35:58,CRM
10334,402110,ASSIGNED,2025-10-14 22:50:58,Dispatch
10335,402110,ENROUTE,2025-10-14 23:32:58,Dispatch
10336,402110,ARRIVED,2025-10-15 01:55:58,CRM
10337,402110,COMPLETED,2025-10-15 10:56:58,Mobile
10338,402111,CREATED,2025-10-14 21:24:33,CRM
10339,402111,ASSIGNED,2025-10-15 01:23:33,Dispatch
10340,402111,ENROUTE,2025-10-15 08:50:33,CRM
10341,402111,ARRIVED,2025-10-15 11:23:33,Mobile
10342,402111,COMPLETED,2025-10-15 14:37:33,Mobile
10343,402112,CREATED,2025-10-14 21:32:57,Mobile
10344,402112,ASSIGNED,2025-10-14 22:08:57,Dispatch
10345,402112,ENROUTE,2025-10-15 05:14:57,Dispatch
10346,402112,ARRIVED,2025-10-15 06:47:57,Dispatch
10347,402112,COMPLETED,2025-10-15 15:02:57,Dispatch
10348,402113,CREATED,2025-10-14 22:53:29,Mobile
10349,402113,ASSIGNED,2025-10-15 02:25:29,CRM
10350,402113,ENROUTE,2025-10-15 03:46:29,Mobile
10351,402113,ARRIVED,2025-10-15 04:23:29,Dispatch
10352,402113,CANCELLED,2025-10-15 03:25:29,Dispatch
10353,402114,CREATED,2025-10-15 02:46:43,Mobile
10354,402114,ASSIGNED,2025-10-15 05:00:43,Dispatch
10355,402114,ENROUTE,2025-10-15 08:26:43,CRM
10356,402114,ARRIVED,2025-10-15 09:03:43,Dispatch
10357,402114,COMPLETED,2025-10-15 12:47:43,CRM
10358,402115,CREATED,2025-10-15 06:17:24,Dispatch
10359,402115,ASSIGNED,2025-10-15 07:45:24,CRM
10360,402115,ENROUTE,2025-10-15 12:31:24,Mobile
10361,402115,ARRIVED,2025-10-15 14:24:24,Mobile
10362,402115,COMPLETED,2025-10-15 20:53:24,Mobile
10363,402116,CREATED,2025-10-15 09:44:21,Mobile
10364,402116,ASSIGNED,2025-10-15 10:32:21,Mobile
10365,402116,ENROUTE,2025-10-15 14:55:21,Dispatch
10366,402116,ARRIVED,2025-10-15 16:06:21,Dispatch
10367,402117,CREATED,2025-10-15 16:06:02,CRM
10368,402117,ASSIGNED,2025-10-15 18:22:02,CRM
10369,402117,ENROUTE,2025-10-15 19:53:02,Mobile
10370,402117,ARRIVED,2025-10-15 20:34:02,Dispatch
10371,402117,CANCELLED,2025-10-15 19:22:02,Dispatch
10372,402118,CREATED,2025-10-15 17:14:13,Dispatch
10373,402118,ASSIGNED,2025-10-15 18:33:13,Mobile
10374,402118,ENROUTE,2025-10-15 19:50:13,Mobile
10375,402118,ARRIVED,2025-10-15 21:05:13,Mobile
10376,402118,COMPLETED,2025-10-15 22:46:13,Mobile
10377,402119,CREATED,2025-10-15 17:48:31,CRM
10378,402119,ASSIGNED,2025-10-15 20:20:31,Dispatch
10379,402119,ENROUTE,2025-10-16 01:19:31,Mobile
10380,402119,ARRIVED,2025-10-16 01:36:31,Mobile
10381,402119,COMPLETED,2025-10-16 05:13:31,Mobile
10382,402120,CREATED,2025-10-16 02:23:43,Dispatch
10383,402120,ASSIGNED,2025-10-16 02:31:43,Dispatch
10384,402120,ENROUTE,2025-10-16 03:45:43,Dispatch
10385,402120,ARRIVED,2025-10-16 03:57:43,Dispatch
10386,402120,COMPLETED,2025-10-16 07:54:43,Dispatch
10387,402121,CREATED,2025-10-16 09:09:41,CRM
10388,402121,ASSIGNED,2025-10-16 10:50:41,Mobile
10389,402121,ENROUTE,2025-10-16 12:31:41,Dispatch
10390,402121,ARRIVED,2025-10-16 13:18:41,Dispatch
10391,402121,COMPLETED,2025-10-16 17:09:41,Mobile
10392,402122,CREATED,2025-10-16 11:05:48,Dispatch
10393,402122,ASSIGNED,2025-10-16 13:34:48,Dispatch
10394,402122,ENROUTE,2025-10-16 17:03:48,Dispatch
10395,402122,ARRIVED,2025-10-16 18:12:48,Mobile
10396,402122,COMPLETED,2025-10-16 23:25:48,Mobile
10397,402123,CREATED,2025-10-16 12:24:28,Dispatch
10398,402123,ASSIGNED,2025-10-16 14:51:28,Dispatch
10399,402123,ENROUTE,2025-10-16 20:18:28,Mobile
10400,402123,ARRIVED,2025-10-16 21:51:28,Mobile
10401,402123,COMPLETED,2025-10-17 06:03:28,Dispatch
10402,402124,CREATED,2025-10-16 16:06:45,Dispatch
10403,402124,ASSIGNED,2025-10-16 18:14:45,Mobile
10404,402124,ENROUTE,2025-10-16 22:48:45,Dispatch
10405,402124,ARRIVED,2025-10-16 23:20:45,Dispatch
10406,402124,COMPLETED,2025-10-17 05:01:45,Mobile
10407,402125,CREATED,2025-10-16 16:48:58,Mobile
10408,402125,ASSIGNED,2025-10-16 17:26:58,Dispatch
10409,402125,ENROUTE,2025-10-17 00:35:58,Mobile
10410,402125,ARRIVED,2025-10-17 02:35:58,Mobile
10411,402125,COMPLETED,2025-10-17 03:38:58,CRM
10412,402126,CREATED,2025-10-16 19:00:53,Mobile
10413,402126,ASSIGNED,2025-10-16 22:37:53,Dispatch
10414,402126,ENROUTE,2025-10-17 06:30:53,Mobile
10415,402126,ARRIVED,2025-10-17 08:58:53,Dispatch
10416,402126,COMPLETED,2025-10-17 14:40:53,Dispatch
10417,402127,CREATED,2025-10-16 19:27:45,Mobile
10418,402127,ASSIGNED,2025-10-16 22:23:45,Mobile
10419,402127,ENROUTE,2025-10-17 00:04:45,Mobile
10420,402127,ARRIVED,2025-10-17 02:01:45,Mobile
10421,402127,COMPLETED,2025-10-17 09:43:45,Mobile
10422,402128,CREATED,2025-10-16 22:11:19,Mobile
10423,402128,ASSIGNED,2025-10-17 01:53:19,CRM
10424,402128,ENROUTE,2025-10-17 09:12:19,Dispatch
10425,402128,ARRIVED,2025-10-17 11:22:19,Mobile
10426,402128,COMPLETED,2025-10-17 19:25:19,Dispatch
10427,402129,CREATED,2025-10-17 08:03:17,Dispatch
10428,402129,ASSIGNED,2025-10-17 09:17:17,Dispatch
10429,402129,ENROUTE,2025-10-17 14:30:17,Mobile
10430,402129,ARRIVED,2025-10-17 15:11:17,Mobile
10431,402129,COMPLETED,2025-10-17 23:23:17,Dispatch
10432,402130,CREATED,2025-10-17 11:43:11,Mobile
10433,402130,ASSIGNED,2025-10-17 12:34:11,Dispatch
10434,402130,ENROUTE,2025-10-17 17:06:11,Mobile
10435,402130,ARRIVED,2025-10-17 19:15:11,Dispatch
10436,402130,COMPLETED,2025-10-18 02:00:11,Dispatch
10437,402131,CREATED,2025-10-17 18:45:41,Mobile
10438,402131,ASSIGNED,2025-10-17 18:56:41,Dispatch
10439,402131,ENROUTE,2025-10-17 23:33:41,Mobile
10440,402131,ARRIVED,2025-10-18 01:55:41,Mobile
10441,402131,COMPLETED,2025-10-18 05:06:41,Mobile
10442,402132,CREATED,2025-10-17 22:10:02,CRM
10443,402132,ASSIGNED,2025-10-17 23:31:02,Mobile
10444,402132,ENROUTE,2025-10-18 03:09:02,Dispatch
10445,402132,ARRIVED,2025-10-18 03:59:02,Dispatch
10446,402132,COMPLETED,2025-10-18 04:57:02,CRM
10447,402133,CREATED,2025-10-18 01:42:53,Dispatch
10448,402133,ASSIGNED,2025-10-18 03:21:53,Dispatch
10449,402133,ENROUTE,2025-10-18 04:30:53,Dispatch
10450,402133,ARRIVED,2025-10-18 05:26:53,Dispatch
10451,402133,COMPLETED,2025-10-18 12:21:53,Mobile
10452,402134,CREATED,2025-10-18 03:19:22,Dispatch
10453,402134,ASSIGNED,2025-10-18 04:24:22,Dispatch
10454,402134,ENROUTE,2025-10-18 12:00:22,CRM
10455,402134,ARRIVED,2025-10-18 14:17:22,Mobile
10456,402134,COMPLETED,2025-10-18 19:45:22,Dispatch
10457,402135,CREATED,2025-10-18 08:56:10,Dispatch
10458,402135,ASSIGNED,2025-10-18 09:20:10,Dispatch
10459,402135,ENROUTE,2025-10-18 14:53:10,Dispatch
10460,402135,ARRIVED,2025-10-18 17:50:10,Mobile
10461,402136,CREATED,2025-10-18 09:27:35,Dispatch
10462,402136,ASSIGNED,2025-10-18 09:45:35,Mobile
10463,402136,ENROUTE,2025-10-18 17:03:35,Dispatch
10464,402136,ARRIVED,2025-10-18 17:40:35,Mobile
10465,402136,COMPLETED,2025-10-18 19:42:35,Dispatch
10466,402137,CREATED,2025-10-18 12:45:19,CRM
10467,402137,ASSIGNED,2025-10-18 15:16:19,Dispatch
10468,402137,ENROUTE,2025-10-18 17:13:19,Dispatch
10469,402137,ARRIVED,2025-10-18 17:41:19,Dispatch
10470,402137,COMPLETED,2025-10-19 00:31:19,Mobile
10471,402138,CREATED,2025-10-18 13:09:36,CRM
10472,402138,ASSIGNED,2025-10-18 14:02:36,Mobile
10473,402138,ENROUTE,2025-10-18 21:40:36,Mobile
10474,402138,ARRIVED,2025-10-18 23:29:36,Mobile
10475,402139,CREATED,2025-10-18 14:46:13,Mobile
10476,402139,ASSIGNED,2025-10-18 17:34:13,CRM
10477,402139,ENROUTE,2025-10-18 21:14:13,Dispatch
10478,402139,ARRIVED,2025-10-18 23:59:13,Dispatch
10479,402139,COMPLETED,2025-10-19 02:02:13,Mobile
10480,402140,CREATED,2025-10-18 15:56:04,Mobile
10481,402140,ASSIGNED,2025-10-18 19:13:04,Dispatch
10482,402140,ENROUTE,2025-10-18 21:56:04,Mobile
10483,402140,ARRIVED,2025-10-18 23:47:04,Mobile
10484,402140,COMPLETED,2025-10-19 00:31:04,Dispatch
10485,402141,CREATED,2025-10-18 19:02:34,Dispatch
10486,402141,ASSIGNED,2025-10-18 20:29:34,Mobile
10487,402141,ENROUTE,2025-10-19 03:44:34,Mobile
10488,402141,ARRIVED,2025-10-19 06:25:34,Dispatch
10489,402141,COMPLETED,2025-10-19 15:55:34,Dispatch
10490,402142,CREATED,2025-10-18 23:23:44,Mobile
10491,402142,ASSIGNED,2025-10-18 23:52:44,Mobile
10492,402142,ENROUTE,2025-10-19 01:59:44,Dispatch
10493,402142,ARRIVED,2025-10-19 04:06:44,Dispatch
10494,402142,COMPLETED,2025-10-19 13:34:44,Dispatch
10495,402143,CREATED,2025-10-19 06:50:34,Mobile
10496,402143,ASSIGNED,2025-10-19 09:53:34,Dispatch
10497,402143,ENROUTE,2025-10-19 15:39:34,Dispatch
10498,402143,ARRIVED,2025-10-19 15:53:34,Mobile
10499,402144,CREATED,2025-10-19 07:35:33,Mobile
10500,402144,ASSIGNED,2025-10-19 08:46:33,Mobile
10501,402144,ENROUTE,2025-10-19 13:56:33,Dispatch
10502,402144,ARRIVED,2025-10-19 15:52:33,Mobile
10503,402144,COMPLETED,2025-10-19 18:22:33,Mobile
10504,402145,CREATED,2025-10-19 15:42:38,Dispatch
10505,402145,ASSIGNED,2025-10-19 16:31:38,CRM
10506,402145,ENROUTE,2025-10-19 20:40:38,Dispatch
10507,402145,ARRIVED,2025-10-19 22:39:38,Dispatch
10508,402145,COMPLETED,2025-10-20 05:42:38,Mobile
10509,402146,CREATED,2025-10-19 18:42:37,Dispatch
10510,402146,ASSIGNED,2025-10-19 21:38:37,Dispatch
10511,402146,ENROUTE,2025-10-20 04:05:37,Dispatch
10512,402146,ARRIVED,2025-10-20 04:35:37,CRM
10513,402146,COMPLETED,2025-10-20 07:05:37,Dispatch
10514,402147,CREATED,2025-10-19 20:40:20,Dispatch
10515,402147,ASSIGNED,2025-10-19 23:01:20,Mobile
10516,402147,ENROUTE,2025-10-19 23:34:20,Mobile
10517,402147,ARRIVED,2025-10-20 01:08:20,Dispatch
10518,402147,COMPLETED,2025-10-20 07:41:20,Dispatch
10519,402148,CREATED,2025-10-20 01:29:33,Mobile
10520,402148,ASSIGNED,2025-10-20 02:13:33,Dispatch
10521,402148,ENROUTE,2025-10-20 04:03:33,Mobile
10522,402148,ARRIVED,2025-10-20 04:52:33,CRM
10523,402148,COMPLETED,2025-10-20 06:31:33,Dispatch
10524,402149,CREATED,2025-10-20 06:07:02,Dispatch
10525,402149,ASSIGNED,2025-10-20 06:53:02,Mobile
10526,402149,ENROUTE,2025-10-20 10:58:02,Dispatch
10527,402149,ARRIVED,2025-10-20 13:27:02,Mobile
10528,402149,COMPLETED,2025-10-20 14:12:02,CRM
10529,402150,CREATED,2025-10-20 06:08:29,Mobile
10530,402150,ASSIGNED,2025-10-20 07:45:29,Dispatch
10531,402150,ENROUTE,2025-10-20 12:26:29,Mobile
10532,402150,ARRIVED,2025-10-20 14:37:29,Dispatch
10533,402150,CANCELLED,2025-10-20 08:45:29,Dispatch
10534,402151,CREATED,2025-10-20 07:36:01,Dispatch
10535,402151,ASSIGNED,2025-10-20 07:52:01,Mobile
10536,402151,ENROUTE,2025-10-20 08:29:01,Mobile
10537,402151,ARRIVED,2025-10-20 09:34:01,Mobile
10538,402151,COMPLETED,2025-10-20 16:25:01,Dispatch
10539,402152,CREATED,2025-10-20 09:56:38,Dispatch
10540,402152,ASSIGNED,2025-10-20 13:15:38,Dispatch
10541,402152,ENROUTE,2025-10-20 17:45:38,CRM
10542,402152,ARRIVED,2025-10-20 18:20:38,Dispatch
10543,402153,CREATED,2025-10-20 21:29:12,Dispatch
10544,402153,ASSIGNED,2025-10-21 01:21:12,Dispatch
10545,402153,ENROUTE,2025-10-21 05:13:12,Mobile
10546,402153,ARRIVED,2025-10-21 06:49:12,Dispatch
10547,402154,CREATED,2025-10-21 02:04:06,Dispatch
10548,402154,ASSIGNED,2025-10-21 03:25:06,Dispatch
10549,402154,ENROUTE,2025-10-21 10:49:06,Mobile
10550,402154,ARRIVED,2025-10-21 12:08:06,Dispatch
10551,402154,COMPLETED,2025-10-21 16:59:06,Mobile
10552,402155,CREATED,2025-10-21 02:46:39,Dispatch
10553,402155,ASSIGNED,2025-10-21 06:32:39,Mobile
10554,402155,ENROUTE,2025-10-21 12:28:39,Mobile
10555,402155,ARRIVED,2025-10-21 14:12:39,Dispatch
10556,402155,COMPLETED,2025-10-21 20:14:39,Dispatch
10557,402156,CREATED,2025-10-21 03:02:46,Dispatch
10558,402156,ASSIGNED,2025-10-21 06:19:46,Mobile
10559,402156,ENROUTE,2025-10-21 06:45:46,Mobile
10560,402156,ARRIVED,2025-10-21 08:10:46,Dispatch
10561,402156,COMPLETED,2025-10-21 16:12:46,Dispatch
10562,402157,CREATED,2025-10-21 03:59:47,Dispatch
10563,402157,ASSIGNED,2025-10-21 04:29:47,Dispatch
10564,402157,ENROUTE,2025-10-21 11:39:47,Mobile
10565,402157,ARRIVED,2025-10-21 13:33:47,Dispatch
10566,402158,CREATED,2025-10-21 09:24:41,Dispatch
10567,402158,ASSIGNED,2025-10-21 10:22:41,CRM
10568,402158,ENROUTE,2025-10-21 15:31:41,Dispatch
10569,402158,ARRIVED,2025-10-21 17:25:41,Dispatch
10570,402158,COMPLETED,2025-10-22 02:32:41,CRM
10571,402159,CREATED,2025-10-21 12:24:18,Mobile
10572,402159,ASSIGNED,2025-10-21 12:45:18,Dispatch
10573,402159,ENROUTE,2025-10-21 16:10:18,Dispatch
10574,402159,ARRIVED,2025-10-21 17:09:18,Mobile
10575,402159,CANCELLED,2025-10-21 13:45:18,Mobile
10576,402160,CREATED,2025-10-21 12:40:52,Dispatch
10577,402160,ASSIGNED,2025-10-21 14:51:52,CRM
10578,402160,ENROUTE,2025-10-21 16:58:52,Dispatch
10579,402160,ARRIVED,2025-10-21 19:24:52,Dispatch
10580,402160,COMPLETED,2025-10-21 20:04:52,Mobile
10581,402161,CREATED,2025-10-21 15:59:05,Mobile
10582,402161,ASSIGNED,2025-10-21 16:59:05,CRM
10583,402161,ENROUTE,2025-10-21 21:37:05,Dispatch
10584,402161,ARRIVED,2025-10-21 22:51:05,Dispatch
10585,402161,COMPLETED,2025-10-22 05:55:05,Mobile
10586,402162,CREATED,2025-10-21 16:37:15,Dispatch
10587,402162,ASSIGNED,2025-10-21 17:01:15,Mobile
10588,402162,ENROUTE,2025-10-21 22:21:15,Dispatch
10589,402162,ARRIVED,2025-10-21 22:34:15,Dispatch
10590,402162,COMPLETED,2025-10-22 02:26:15,CRM
10591,402163,CREATED,2025-10-21 18:53:55,Dispatch
10592,402163,ASSIGNED,2025-10-21 22:45:55,Dispatch
10593,402163,ENROUTE,2025-10-21 23:20:55,Dispatch
10594,402163,ARRIVED,2025-10-22 00:11:55,Dispatch
10595,402163,COMPLETED,2025-10-22 07:27:55,Dispatch
10596,402164,CREATED,2025-10-21 19:13:53,Mobile
10597,402164,ASSIGNED,2025-10-21 22:31:53,Dispatch
10598,402164,ENROUTE,2025-10-22 01:54:53,Dispatch
10599,402164,ARRIVED,2025-10-22 04:41:53,Dispatch
10600,402164,COMPLETED,2025-10-22 13:20:53,Dispatch
10601,402165,CREATED,2025-10-21 21:52:55,Mobile
10602,402165,ASSIGNED,2025-10-21 23:22:55,Dispatch
10603,402165,ENROUTE,2025-10-22 04:25:55,Mobile
10604,402165,ARRIVED,2025-10-22 05:09:55,Mobile
10605,402165,COMPLETED,2025-10-22 10:48:55,Mobile
10606,402166,CREATED,2025-10-21 21:57:13,Dispatch
10607,402166,ASSIGNED,2025-10-22 00:16:13,Dispatch
10608,402166,ENROUTE,2025-10-22 03:13:13,Dispatch
10609,402166,ARRIVED,2025-10-22 03:33:13,Dispatch
10610,402166,COMPLETED,2025-10-22 04:46:13,Mobile
10611,402167,CREATED,2025-10-22 02:00:36,CRM
10612,402167,ASSIGNED,2025-10-22 03:26:36,Dispatch
10613,402167,ENROUTE,2025-10-22 11:25:36,Dispatch
10614,402167,ARRIVED,2025-10-22 11:49:36,Dispatch
10615,402167,COMPLETED,2025-10-22 14:48:36,Mobile
10616,402168,CREATED,2025-10-22 08:11:12,Dispatch
10617,402168,ASSIGNED,2025-10-22 11:56:12,Mobile
10618,402168,ENROUTE,2025-10-22 13:15:12,Mobile
10619,402168,ARRIVED,2025-10-22 14:08:12,Dispatch
10620,402168,COMPLETED,2025-10-22 18:16:12,Mobile
10621,402169,CREATED,2025-10-22 10:02:09,Dispatch
10622,402169,ASSIGNED,2025-10-22 10:21:09,Mobile
10623,402169,ENROUTE,2025-10-22 17:37:09,CRM
10624,402169,ARRIVED,2025-10-22 19:07:09,Dispatch
10625,402169,COMPLETED,2025-10-23 02:21:09,Mobile
10626,402170,CREATED,2025-10-22 13:11:52,Dispatch
10627,402170,ASSIGNED,2025-10-22 17:02:52,Mobile
10628,402170,ENROUTE,2025-10-22 20:00:52,Dispatch
10629,402170,ARRIVED,2025-10-22 22:24:52,Dispatch
10630,402170,COMPLETED,2025-10-23 02:19:52,Dispatch
10631,402171,CREATED,2025-10-22 16:05:38,Dispatch
10632,402171,ASSIGNED,2025-10-22 19:09:38,Mobile
10633,402171,ENROUTE,2025-10-22 22:26:38,Dispatch
10634,402171,ARRIVED,2025-10-22 23:45:38,Mobile
10635,402172,CREATED,2025-10-22 18:31:44,Dispatch
10636,402172,ASSIGNED,2025-10-22 20:14:44,Dispatch
10637,402172,ENROUTE,2025-10-22 22:49:44,Dispatch
10638,402172,ARRIVED,2025-10-23 00:58:44,Dispatch
10639,402172,COMPLETED,2025-10-23 02:46:44,Mobile
10640,402173,CREATED,2025-10-23 01:49:57,Dispatch
10641,402173,ASSIGNED,2025-10-23 04:36:57,Mobile
10642,402173,ENROUTE,2025-10-23 08:39:57,Dispatch
10643,402173,ARRIVED,2025-10-23 09:42:57,Dispatch
10644,402173,COMPLETED,2025-10-23 18:38:57,Dispatch
10645,402174,CREATED,2025-10-23 08:16:23,Dispatch
10646,402174,ASSIGNED,2025-10-23 11:44:23,Dispatch
10647,402174,ENROUTE,2025-10-23 13:30:23,Mobile
10648,402174,ARRIVED,2025-10-23 13:58:23,Mobile
10649,402174,COMPLETED,2025-10-23 15:54:23,Mobile
10650,402175,CREATED,2025-10-23 11:32:31,Dispatch
10651,402175,ASSIGNED,2025-10-23 11:39:31,Dispatch
10652,402175,ENROUTE,2025-10-23 15:05:31,Mobile
10653,402175,ARRIVED,2025-10-23 17:28:31,Dispatch
10654,402175,COMPLETED,2025-10-23 18:10:31,Mobile
10655,402176,CREATED,2025-10-23 15:22:31,Dispatch
10656,402176,ASSIGNED,2025-10-23 15:36:31,Dispatch
10657,402176,ENROUTE,2025-10-23 21:15:31,Mobile
10658,402176,ARRIVED,2025-10-23 23:08:31,Mobile
10659,402176,COMPLETED,2025-10-24 02:30:31,Mobile
10660,402177,CREATED,2025-10-23 16:39:21,Dispatch
10661,402177,ASSIGNED,2025-10-23 17:57:21,Dispatch
10662,402177,ENROUTE,2025-10-23 20:47:21,Mobile
10663,402177,ARRIVED,2025-10-23 21:36:21,Mobile
10664,402177,COMPLETED,2025-10-24 05:37:21,Mobile
10665,402178,CREATED,2025-10-23 21:43:22,Dispatch
10666,402178,ASSIGNED,2025-10-23 22:50:22,Dispatch
10667,402178,ENROUTE,2025-10-24 06:16:22,Dispatch
10668,402178,ARRIVED,2025-10-24 09:03:22,Dispatch
10669,402178,COMPLETED,2025-10-24 17:35:22,Mobile
10670,402179,CREATED,2025-10-23 21:47:41,Mobile
10671,402179,ASSIGNED,2025-10-24 00:15:41,Dispatch
10672,402179,ENROUTE,2025-10-24 03:56:41,Mobile
10673,402179,ARRIVED,2025-10-24 06:55:41,Dispatch
10674,402179,COMPLETED,2025-10-24 13:33:41,Mobile
10675,402180,CREATED,2025-10-23 21:56:22,Dispatch
10676,402180,ASSIGNED,2025-10-24 01:03:22,Mobile
10677,402180,ENROUTE,2025-10-24 06:26:22,Mobile
10678,402180,ARRIVED,2025-10-24 08:39:22,Mobile
10679,402180,COMPLETED,2025-10-24 09:22:22,Mobile
10680,402181,CREATED,2025-10-24 03:58:09,CRM
10681,402181,ASSIGNED,2025-10-24 04:51:09,Mobile
10682,402181,ENROUTE,2025-10-24 07:57:09,Mobile
10683,402181,ARRIVED,2025-10-24 08:37:09,Mobile
10684,402181,COMPLETED,2025-10-24 09:53:09,Mobile
10685,402182,CREATED,2025-10-24 13:45:14,CRM
10686,402182,ASSIGNED,2025-10-24 13:59:14,Dispatch
10687,402182,ENROUTE,2025-10-24 19:14:14,Dispatch
10688,402182,ARRIVED,2025-10-24 20:42:14,Dispatch
10689,402182,COMPLETED,2025-10-24 21:27:14,Mobile
10690,402183,CREATED,2025-10-24 17:18:02,Dispatch
10691,402183,ASSIGNED,2025-10-24 18:21:02,Dispatch
10692,402183,ENROUTE,2025-10-24 19:58:02,Dispatch
10693,402183,ARRIVED,2025-10-24 22:23:02,Dispatch
10694,402183,COMPLETED,2025-10-24 23:54:02,Mobile
10695,402184,CREATED,2025-10-24 20:52:30,Dispatch
10696,402184,ASSIGNED,2025-10-24 23:23:30,Mobile
10697,402184,ENROUTE,2025-10-25 06:33:30,Mobile
10698,402184,ARRIVED,2025-10-25 07:30:30,Dispatch
10699,402184,COMPLETED,2025-10-25 13:52:30,Dispatch
10700,402185,CREATED,2025-10-24 22:23:00,Dispatch
10701,402185,ASSIGNED,2025-10-24 22:46:00,Mobile
10702,402185,ENROUTE,2025-10-25 05:50:00,Mobile
10703,402185,ARRIVED,2025-10-25 08:29:00,Dispatch
10704,402186,CREATED,2025-10-25 00:48:05,Mobile
10705,402186,ASSIGNED,2025-10-25 03:56:05,Dispatch
10706,402186,ENROUTE,2025-10-25 10:26:05,Dispatch
10707,402186,ARRIVED,2025-10-25 12:38:05,Mobile
10708,402186,COMPLETED,2025-10-25 19:36:05,Dispatch
10709,402187,CREATED,2025-10-25 06:24:11,Mobile
10710,402187,ASSIGNED,2025-10-25 06:46:11,Dispatch
10711,402187,ENROUTE,2025-10-25 09:51:11,CRM
10712,402187,ARRIVED,2025-10-25 10:29:11,Dispatch
10713,402187,COMPLETED,2025-10-25 20:26:11,Mobile
10714,402188,CREATED,2025-10-25 06:43:02,Mobile
10715,402188,ASSIGNED,2025-10-25 09:27:02,Dispatch
10716,402188,ENROUTE,2025-10-25 16:13:02,Dispatch
10717,402188,ARRIVED,2025-10-25 17:39:02,Dispatch
10718,402188,COMPLETED,2025-10-25 22:02:02,Dispatch
10719,402189,CREATED,2025-10-25 11:14:09,Mobile
10720,402189,ASSIGNED,2025-10-25 13:39:09,Mobile
10721,402189,ENROUTE,2025-10-25 15:42:09,Dispatch
10722,402189,ARRIVED,2025-10-25 16:18:09,Mobile
10723,402189,COMPLETED,2025-10-25 21:08:09,Mobile
10724,402190,CREATED,2025-10-25 16:32:31,Dispatch
10725,402190,ASSIGNED,2025-10-25 19:05:31,Dispatch
10726,402190,ENROUTE,2025-10-25 19:56:31,Dispatch
10727,402190,ARRIVED,2025-10-25 22:20:31,Dispatch
10728,402190,COMPLETED,2025-10-25 22:51:31,Mobile
10729,402191,CREATED,2025-10-25 18:02:49,Mobile
10730,402191,ASSIGNED,2025-10-25 18:14:49,Mobile
10731,402191,ENROUTE,2025-10-26 01:31:49,CRM
10732,402191,ARRIVED,2025-10-26 01:49:49,Dispatch
10733,402191,CANCELLED,2025-10-25 19:14:49,Dispatch
10734,402192,CREATED,2025-10-25 18:57:45,Dispatch
10735,402192,ASSIGNED,2025-10-25 21:15:45,Dispatch
10736,402192,ENROUTE,2025-10-26 01:53:45,Mobile
10737,402192,ARRIVED,2025-10-26 03:07:45,Mobile
10738,402193,CREATED,2025-10-26 00:51:07,Mobile
10739,402193,ASSIGNED,2025-10-26 03:37:07,Dispatch
10740,402193,ENROUTE,2025-10-26 09:56:07,Mobile
10741,402193,ARRIVED,2025-10-26 11:28:07,Dispatch
10742,402193,COMPLETED,2025-10-26 19:37:07,Dispatch
10743,402194,CREATED,2025-10-26 04:07:32,Dispatch
10744,402194,ASSIGNED,2025-10-26 05:48:32,Dispatch
10745,402194,ENROUTE,2025-10-26 09:47:32,Dispatch
10746,402194,ARRIVED,2025-10-26 12:06:32,Mobile
10747,402194,COMPLETED,2025-10-26 16:18:32,Mobile
10748,402195,CREATED,2025-10-26 07:34:34,Dispatch
10749,402195,ASSIGNED,2025-10-26 09:38:34,Mobile
10750,402195,ENROUTE,2025-10-26 10:28:34,Dispatch
10751,402195,ARRIVED,2025-10-26 10:56:34,Dispatch
10752,402195,COMPLETED,2025-10-26 13:29:34,Dispatch
10753,402196,CREATED,2025-10-26 08:49:54,Dispatch
10754,402196,ASSIGNED,2025-10-26 11:41:54,Mobile
10755,402196,ENROUTE,2025-10-26 14:53:54,Mobile
10756,402196,ARRIVED,2025-10-26 17:37:54,Dispatch
10757,402196,CANCELLED,2025-10-26 12:41:54,Mobile
10758,402197,CREATED,2025-10-26 11:25:14,Mobile
10759,402197,ASSIGNED,2025-10-26 14:02:14,CRM
10760,402197,ENROUTE,2025-10-26 20:49:14,Mobile
10761,402197,ARRIVED,2025-10-26 21:56:14,Dispatch
10762,402197,COMPLETED,2025-10-27 02:49:14,Mobile
10763,402198,CREATED,2025-10-26 11:45:52,Dispatch
10764,402198,ASSIGNED,2025-10-26 13:01:52,Dispatch
10765,402198,ENROUTE,2025-10-26 20:22:52,Dispatch
10766,402198,ARRIVED,2025-10-26 21:32:52,Dispatch
10767,402198,COMPLETED,2025-10-27 03:01:52,Dispatch
10768,402199,CREATED,2025-10-26 17:56:18,Mobile
10769,402199,ASSIGNED,2025-10-26 20:34:18,CRM
10770,402199,ENROUTE,2025-10-26 22:07:18,Dispatch
10771,402199,ARRIVED,2025-10-26 22:21:18,Mobile
10772,402200,CREATED,2025-10-26 17:56:47,Dispatch
10773,402200,ASSIGNED,2025-10-26 19:44:47,CRM
10774,402200,ENROUTE,2025-10-26 22:47:47,CRM
10775,402200,ARRIVED,2025-10-27 01:33:47,Dispatch
10776,402200,COMPLETED,2025-10-27 03:37:47,Dispatch
10777,402200,REOPENED,2025-10-28 03:37:47,Mobile
10778,402200,ASSIGNED,2025-10-28 04:37:47,Dispatch
10779,402200,COMPLETED,2025-10-29 05:37:47,CRM
10780,402201,CREATED,2025-10-27 02:14:03,Dispatch
10781,402201,ASSIGNED,2025-10-27 04:06:03,Dispatch
10782,402201,ENROUTE,2025-10-27 08:24:03,Dispatch
10783,402201,ARRIVED,2025-10-27 10:55:03,Dispatch
10784,402201,COMPLETED,2025-10-27 12:54:03,Mobile
10785,402202,CREATED,2025-10-27 04:11:50,Dispatch
10786,402202,ASSIGNED,2025-10-27 05:51:50,Dispatch
10787,402202,ENROUTE,2025-10-27 08:43:50,Dispatch
10788,402202,ARRIVED,2025-10-27 10:08:50,Dispatch
10789,402202,COMPLETED,2025-10-27 17:09:50,Dispatch
10790,402203,CREATED,2025-10-27 11:14:28,Dispatch
10791,402203,ASSIGNED,2025-10-27 12:40:28,Mobile
10792,402203,ENROUTE,2025-10-27 20:16:28,Dispatch
10793,402203,ARRIVED,2025-10-27 20:31:28,Dispatch
10794,402203,COMPLETED,2025-10-27 21:07:28,CRM
10795,402204,CREATED,2025-10-27 14:10:43,Mobile
10796,402204,ASSIGNED,2025-10-27 16:05:43,CRM
10797,402204,ENROUTE,2025-10-27 20:11:43,Dispatch
10798,402204,ARRIVED,2025-10-27 22:17:43,Dispatch
10799,402204,COMPLETED,2025-10-28 00:38:43,Mobile
10800,402205,CREATED,2025-10-27 15:46:41,Mobile
10801,402205,ASSIGNED,2025-10-27 18:07:41,Dispatch
10802,402205,ENROUTE,2025-10-27 20:48:41,Mobile
10803,402205,ARRIVED,2025-10-27 21:38:41,CRM
10804,402205,COMPLETED,2025-10-28 01:57:41,Dispatch
10805,402206,CREATED,2025-10-27 15:50:23,Dispatch
10806,402206,ASSIGNED,2025-10-27 18:26:23,Dispatch
10807,402206,ENROUTE,2025-10-27 20:03:23,Mobile
10808,402206,ARRIVED,2025-10-27 22:19:23,Dispatch
10809,402206,COMPLETED,2025-10-28 07:29:23,Mobile
10810,402207,CREATED,2025-10-27 16:42:30,Mobile
10811,402207,ASSIGNED,2025-10-27 17:55:30,Mobile
10812,402207,ENROUTE,2025-10-28 01:27:30,Dispatch
10813,402207,ARRIVED,2025-10-28 02:41:30,Mobile
10814,402208,CREATED,2025-10-27 22:09:00,Dispatch
10815,402208,ASSIGNED,2025-10-28 00:42:00,Mobile
10816,402208,ENROUTE,2025-10-28 08:26:00,Mobile
10817,402208,ARRIVED,2025-10-28 09:23:00,Dispatch
10818,402208,COMPLETED,2025-10-28 18:57:00,Dispatch
10819,402209,CREATED,2025-10-28 00:54:05,Mobile
10820,402209,ASSIGNED,2025-10-28 01:28:05,Dispatch
10821,402209,ENROUTE,2025-10-28 07:52:05,Dispatch
10822,402209,ARRIVED,2025-10-28 09:55:05,Dispatch
10823,402209,COMPLETED,2025-10-28 14:07:05,CRM
10824,402210,CREATED,2025-10-28 02:56:45,Dispatch
10825,402210,ASSIGNED,2025-10-28 05:53:45,Dispatch
10826,402210,ENROUTE,2025-10-28 06:44:45,Mobile
10827,402210,ARRIVED,2025-10-28 08:04:45,Mobile
10828,402210,COMPLETED,2025-10-28 14:36:45,Mobile
10829,402211,CREATED,2025-10-28 08:05:41,Dispatch
10830,402211,ASSIGNED,2025-10-28 08:44:41,Dispatch
10831,402211,ENROUTE,2025-10-28 16:21:41,Mobile
10832,402211,ARRIVED,2025-10-28 18:54:41,Dispatch
10833,402211,COMPLETED,2025-10-29 02:05:41,Dispatch
10834,402212,CREATED,2025-10-28 08:52:14,Dispatch
10835,402212,ASSIGNED,2025-10-28 10:03:14,Mobile
10836,402212,ENROUTE,2025-10-28 16:08:14,Mobile
10837,402212,ARRIVED,2025-10-28 16:31:14,Dispatch
10838,402212,COMPLETED,2025-10-29 00:24:14,Dispatch
10839,402213,CREATED,2025-10-28 10:23:49,Dispatch
10840,402213,ASSIGNED,2025-10-28 11:13:49,Dispatch
10841,402213,ENROUTE,2025-10-28 18:25:49,Dispatch
10842,402213,ARRIVED,2025-10-28 19:18:49,Dispatch
10843,402213,COMPLETED,2025-10-29 03:53:49,Dispatch
10844,402214,CREATED,2025-10-28 10:26:29,Mobile
10845,402214,ASSIGNED,2025-10-28 12:40:29,Dispatch
10846,402214,ENROUTE,2025-10-28 18:30:29,Mobile
10847,402214,ARRIVED,2025-10-28 20:02:29,Mobile
10848,402214,COMPLETED,2025-10-29 01:02:29,Mobile
10849,402215,CREATED,2025-10-28 13:41:54,Dispatch
10850,402215,ASSIGNED,2025-10-28 14:10:54,Dispatch
10851,402215,ENROUTE,2025-10-28 18:49:54,Mobile
10852,402215,ARRIVED,2025-10-28 19:45:54,CRM
10853,402215,COMPLETED,2025-10-28 21:35:54,Dispatch
10854,402216,CREATED,2025-10-28 18:15:07,Dispatch
10855,402216,ASSIGNED,2025-10-28 19:36:07,Mobile
10856,402216,ENROUTE,2025-10-28 22:15:07,Mobile
10857,402216,ARRIVED,2025-10-28 23:49:07,Dispatch
10858,402216,COMPLETED,2025-10-29 02:38:07,Dispatch
10859,402217,CREATED,2025-10-28 21:52:06,Dispatch
10860,402217,ASSIGNED,2025-10-28 23:55:06,CRM
10861,402217,ENROUTE,2025-10-29 03:00:06,Mobile
10862,402217,ARRIVED,2025-10-29 04:24:06,Dispatch
10863,402217,COMPLETED,2025-10-29 06:57:06,Dispatch
10864,402218,CREATED,2025-10-28 23:11:50,Mobile
10865,402218,ASSIGNED,2025-10-29 00:56:50,Mobile
10866,402218,ENROUTE,2025-10-29 05:21:50,Dispatch
10867,402218,ARRIVED,2025-10-29 07:45:50,Dispatch
10868,402218,COMPLETED,2025-10-29 08:18:50,Mobile
10869,402219,CREATED,2025-10-29 02:13:17,Dispatch
10870,402219,ASSIGNED,2025-10-29 03:27:17,Mobile
10871,402219,ENROUTE,2025-10-29 08:25:17,Dispatch
10872,402219,ARRIVED,2025-10-29 08:57:17,Mobile
10873,402219,COMPLETED,2025-10-29 10:12:17,Dispatch
10874,402220,CREATED,2025-10-29 02:49:50,Dispatch
10875,402220,ASSIGNED,2025-10-29 06:35:50,Mobile
10876,402220,ENROUTE,2025-10-29 12:11:50,Dispatch
10877,402220,ARRIVED,2025-10-29 13:58:50,Dispatch
10878,402220,COMPLETED,2025-10-29 22:00:50,Mobile
10879,402221,CREATED,2025-10-29 03:24:43,Dispatch
10880,402221,ASSIGNED,2025-10-29 05:20:43,Mobile
10881,402221,ENROUTE,2025-10-29 09:21:43,Mobile
10882,402221,ARRIVED,2025-10-29 11:03:43,CRM
10883,402221,COMPLETED,2025-10-29 17:17:43,Dispatch
10884,402222,CREATED,2025-10-29 04:19:37,CRM
10885,402222,ASSIGNED,2025-10-29 06:10:37,Dispatch
10886,402222,ENROUTE,2025-10-29 08:40:37,Dispatch
10887,402222,ARRIVED,2025-10-29 11:13:37,Dispatch
10888,402222,CANCELLED,2025-10-29 07:10:37,Dispatch
10889,402223,CREATED,2025-10-29 05:22:21,Dispatch
10890,402223,ASSIGNED,2025-10-29 07:41:21,Mobile
10891,402223,ENROUTE,2025-10-29 14:58:21,CRM
10892,402223,ARRIVED,2025-10-29 15:48:21,Mobile
10893,402223,COMPLETED,2025-10-29 22:45:21,Mobile
10894,402224,CREATED,2025-10-29 06:41:59,Mobile
10895,402224,ASSIGNED,2025-10-29 06:52:59,Dispatch
10896,402224,ENROUTE,2025-10-29 11:01:59,Dispatch
10897,402224,ARRIVED,2025-10-29 12:14:59,Dispatch
10898,402224,CANCELLED,2025-10-29 07:52:59,Mobile
10899,402225,CREATED,2025-10-29 06:55:30,Dispatch
10900,402225,ASSIGNED,2025-10-29 07:30:30,Dispatch
10901,402225,ENROUTE,2025-10-29 08:50:30,Mobile
10902,402225,ARRIVED,2025-10-29 09:01:30,Mobile
10903,402225,COMPLETED,2025-10-29 15:17:30,Dispatch
10904,402226,CREATED,2025-10-29 08:38:33,Mobile
10905,402226,ASSIGNED,2025-10-29 12:21:33,CRM
10906,402226,ENROUTE,2025-10-29 19:58:33,Dispatch
10907,402226,ARRIVED,2025-10-29 22:05:33,Mobile
10908,402227,CREATED,2025-10-29 12:09:47,Dispatch
10909,402227,ASSIGNED,2025-10-29 12:31:47,Dispatch
10910,402227,ENROUTE,2025-10-29 13:08:47,Dispatch
10911,402227,ARRIVED,2025-10-29 13:56:47,Mobile
10912,402227,CANCELLED,2025-10-29 13:31:47,Dispatch
10913,402228,CREATED,2025-10-29 12:34:47,Mobile
10914,402228,ASSIGNED,2025-10-29 13:02:47,Mobile
10915,402228,ENROUTE,2025-10-29 19:14:47,Mobile
10916,402228,ARRIVED,2025-10-29 21:51:47,Dispatch
10917,402228,COMPLETED,2025-10-30 07:25:47,Mobile
10918,402229,CREATED,2025-10-29 15:03:45,Dispatch
10919,402229,ASSIGNED,2025-10-29 16:10:45,Mobile
10920,402229,ENROUTE,2025-10-29 22:16:45,CRM
10921,402229,ARRIVED,2025-10-29 23:57:45,Mobile
10922,402229,COMPLETED,2025-10-30 06:53:45,Dispatch
10923,402230,CREATED,2025-10-29 22:05:38,Mobile
10924,402230,ASSIGNED,2025-10-29 22:20:38,Mobile
10925,402230,ENROUTE,2025-10-30 01:05:38,Mobile
10926,402230,ARRIVED,2025-10-30 01:15:38,Mobile
10927,402230,COMPLETED,2025-10-30 08:02:38,Mobile
10928,402231,CREATED,2025-10-30 03:31:33,Mobile
10929,402231,ASSIGNED,2025-10-30 03:37:33,Mobile
10930,402231,ENROUTE,2025-10-30 08:10:33,Mobile
10931,402231,ARRIVED,2025-10-30 10:44:33,Mobile
10932,402231,COMPLETED,2025-10-30 18:55:33,Mobile
10933,402232,CREATED,2025-10-30 16:17:59,Dispatch
10934,402232,ASSIGNED,2025-10-30 16:28:59,Dispatch
10935,402232,ENROUTE,2025-10-30 22:35:59,CRM
10936,402232,ARRIVED,2025-10-31 01:02:59,CRM
10937,402232,COMPLETED,2025-10-31 08:38:59,Dispatch
10938,402233,CREATED,2025-10-30 16:38:19,Dispatch
10939,402233,ASSIGNED,2025-10-30 17:46:19,Mobile
10940,402233,ENROUTE,2025-10-30 22:37:19,Dispatch
10941,402233,ARRIVED,2025-10-30 23:37:19,Dispatch
10942,402233,COMPLETED,2025-10-31 00:16:19,Dispatch
10943,402234,CREATED,2025-10-31 04:41:15,CRM
10944,402234,ASSIGNED,2025-10-31 06:13:15,Mobile
10945,402234,ENROUTE,2025-10-31 14:12:15,Dispatch
10946,402234,ARRIVED,2025-10-31 14:48:15,Mobile
10947,402235,CREATED,2025-10-31 06:17:31,Mobile
10948,402235,ASSIGNED,2025-10-31 09:23:31,Dispatch
10949,402235,ENROUTE,2025-10-31 10:16:31,Dispatch
10950,402235,ARRIVED,2025-10-31 12:35:31,Mobile
10951,402235,CANCELLED,2025-10-31 10:23:31,Dispatch
10952,402236,CREATED,2025-10-31 10:15:14,Dispatch
10953,402236,ASSIGNED,2025-10-31 12:42:14,Dispatch
10954,402236,ENROUTE,2025-10-31 18:12:14,Mobile
10955,402236,ARRIVED,2025-10-31 19:50:14,Dispatch
10956,402236,COMPLETED,2025-11-01 01:01:14,Dispatch
10957,402237,CREATED,2025-10-31 13:16:18,Dispatch
10958,402237,ASSIGNED,2025-10-31 16:08:18,Mobile
10959,402237,ENROUTE,2025-10-31 22:52:18,Mobile
10960,402237,ARRIVED,2025-11-01 00:37:18,Dispatch
10961,402237,COMPLETED,2025-11-01 03:52:18,Dispatch
10962,402238,CREATED,2025-10-31 13:16:29,Mobile
10963,402238,ASSIGNED,2025-10-31 14:44:29,CRM
10964,402238,ENROUTE,2025-10-31 18:01:29,Dispatch
10965,402238,ARRIVED,2025-10-31 19:00:29,Mobile
10966,402238,COMPLETED,2025-10-31 20:29:29,Mobile
10967,402239,CREATED,2025-10-31 19:24:40,Dispatch
10968,402239,ASSIGNED,2025-10-31 22:42:40,Mobile
10969,402239,ENROUTE,2025-10-31 23:33:40,Dispatch
10970,402239,ARRIVED,2025-11-01 02:11:40,Mobile
10971,402239,COMPLETED,2025-11-01 02:47:40,Dispatch
10972,402240,CREATED,2025-10-31 21:08:10,Dispatch
10973,402240,ASSIGNED,2025-10-31 23:43:10,Dispatch
10974,402240,ENROUTE,2025-11-01 01:37:10,Dispatch
10975,402240,ARRIVED,2025-11-01 03:21:10,Dispatch
10976,402240,COMPLETED,2025-11-01 12:42:10,Mobile
10977,402241,CREATED,2025-10-31 23:38:14,Dispatch
10978,402241,ASSIGNED,2025-11-01 03:12:14,Dispatch
10979,402241,ENROUTE,2025-11-01 04:02:14,Dispatch
10980,402241,ARRIVED,2025-11-01 05:51:14,Mobile
10981,402241,COMPLETED,2025-11-01 11:12:14,Dispatch
10982,402242,CREATED,2025-10-31 23:48:01,Dispatch
10983,402242,ASSIGNED,2025-11-01 01:50:01,Mobile
10984,402242,ENROUTE,2025-11-01 08:31:01,Dispatch
10985,402242,ARRIVED,2025-11-01 10:44:01,Dispatch
10986,402242,COMPLETED,2025-11-01 11:51:01,Dispatch
10987,402243,CREATED,2025-10-31 23:50:35,Mobile
10988,402243,ASSIGNED,2025-11-01 01:41:35,Dispatch
10989,402243,ENROUTE,2025-11-01 08:58:35,Dispatch
10990,402243,ARRIVED,2025-11-01 09:57:35,CRM
10991,402243,COMPLETED,2025-11-01 15:33:35,Dispatch
10992,402244,CREATED,2025-11-01 01:39:24,Dispatch
10993,402244,ASSIGNED,2025-11-01 01:57:24,Dispatch
10994,402244,ENROUTE,2025-11-01 09:18:24,Dispatch
10995,402244,ARRIVED,2025-11-01 11:46:24,Dispatch
10996,402244,COMPLETED,2025-11-01 16:52:24,Mobile
10997,402245,CREATED,2025-11-01 02:14:03,Mobile
10998,402245,ASSIGNED,2025-11-01 03:59:03,Dispatch
10999,402245,ENROUTE,2025-11-01 10:05:03,CRM
11000,402245,ARRIVED,2025-11-01 10:20:03,Mobile
11001,402245,COMPLETED,2025-11-01 12:00:03,Dispatch
11002,402246,CREATED,2025-11-01 05:32:58,Dispatch
11003,402246,ASSIGNED,2025-11-01 07:30:58,Mobile
11004,402246,ENROUTE,2025-11-01 10:44:58,Dispatch
11005,402246,ARRIVED,2025-11-01 12:50:58,Mobile
11006,402246,COMPLETED,2025-11-01 18:35:58,Dispatch
11007,402247,CREATED,2025-11-01 09:17:40,CRM
11008,402247,ASSIGNED,2025-11-01 10:01:40,Dispatch
11009,402247,ENROUTE,2025-11-01 13:02:40,Dispatch
11010,402247,ARRIVED,2025-11-01 14:19:40,Dispatch
11011,402247,COMPLETED,2025-11-01 19:08:40,Dispatch
11012,402248,CREATED,2025-11-01 09:28:45,Mobile
11013,402248,ASSIGNED,2025-11-01 11:26:45,Dispatch
11014,402248,ENROUTE,2025-11-01 18:38:45,Mobile
11015,402248,ARRIVED,2025-11-01 19:00:45,Mobile
11016,402248,COMPLETED,2025-11-02 02:27:45,Dispatch
11017,402249,CREATED,2025-11-01 13:17:14,CRM
11018,402249,ASSIGNED,2025-11-01 16:10:14,Mobile
11019,402249,ENROUTE,2025-11-01 22:25:14,Dispatch
11020,402249,ARRIVED,2025-11-02 01:02:14,Mobile
11021,402249,COMPLETED,2025-11-02 02:27:14,Mobile
11022,402250,CREATED,2025-11-01 15:37:23,Mobile
11023,402250,ASSIGNED,2025-11-01 18:30:23,Dispatch
11024,402250,ENROUTE,2025-11-01 22:08:23,Dispatch
11025,402250,ARRIVED,2025-11-01 22:46:23,Dispatch
11026,402250,COMPLETED,2025-11-02 02:49:23,Mobile
11027,402251,CREATED,2025-11-01 17:15:17,Mobile
11028,402251,ASSIGNED,2025-11-01 19:38:17,Mobile
11029,402251,ENROUTE,2025-11-02 00:09:17,Mobile
11030,402251,ARRIVED,2025-11-02 00:54:17,Mobile
11031,402251,COMPLETED,2025-11-02 04:05:17,Dispatch
11032,402252,CREATED,2025-11-01 17:35:09,Dispatch
11033,402252,ASSIGNED,2025-11-01 21:34:09,Mobile
11034,402252,ENROUTE,2025-11-02 00:21:09,Dispatch
11035,402252,ARRIVED,2025-11-02 03:04:09,Dispatch
11036,402253,CREATED,2025-11-01 19:35:33,Dispatch
11037,402253,ASSIGNED,2025-11-01 21:05:33,CRM
11038,402253,ENROUTE,2025-11-02 04:00:33,Dispatch
11039,402253,ARRIVED,2025-11-02 06:48:33,Mobile
11040,402253,COMPLETED,2025-11-02 16:16:33,Dispatch
11041,402254,CREATED,2025-11-01 22:31:51,Mobile
11042,402254,ASSIGNED,2025-11-02 02:03:51,Mobile
11043,402254,ENROUTE,2025-11-02 08:44:51,Dispatch
11044,402254,ARRIVED,2025-11-02 11:19:51,Mobile
11045,402254,COMPLETED,2025-11-02 13:23:51,Mobile
11046,402255,CREATED,2025-11-02 10:10:21,Mobile
11047,402255,ASSIGNED,2025-11-02 12:14:21,Dispatch
11048,402255,ENROUTE,2025-11-02 13:46:21,Dispatch
11049,402255,ARRIVED,2025-11-02 14:22:21,Dispatch
11050,402255,COMPLETED,2025-11-02 22:03:21,Dispatch
11051,402256,CREATED,2025-11-02 12:02:28,Mobile
11052,402256,ASSIGNED,2025-11-02 15:02:28,Mobile
11053,402256,ENROUTE,2025-11-02 21:38:28,Mobile
11054,402256,ARRIVED,2025-11-02 22:12:28,Dispatch
11055,402256,COMPLETED,2025-11-03 01:38:28,Mobile
11056,402257,CREATED,2025-11-02 15:50:20,Dispatch
11057,402257,ASSIGNED,2025-11-02 19:28:20,Mobile
11058,402257,ENROUTE,2025-11-03 01:08:20,Mobile
11059,402257,ARRIVED,2025-11-03 02:21:20,Mobile
11060,402258,CREATED,2025-11-03 02:09:41,Mobile
11061,402258,ASSIGNED,2025-11-03 04:14:41,Mobile
11062,402258,ENROUTE,2025-11-03 06:17:41,Dispatch
11063,402258,ARRIVED,2025-11-03 08:53:41,Dispatch
11064,402258,COMPLETED,2025-11-03 12:17:41,Mobile
11065,402259,CREATED,2025-11-03 02:21:27,Mobile
11066,402259,ASSIGNED,2025-11-03 04:08:27,Dispatch
11067,402259,ENROUTE,2025-11-03 11:20:27,Mobile
11068,402259,ARRIVED,2025-11-03 14:08:27,Dispatch
11069,402259,COMPLETED,2025-11-03 21:55:27,Mobile
11070,402260,CREATED,2025-11-03 04:49:44,Dispatch
11071,402260,ASSIGNED,2025-11-03 05:07:44,CRM
11072,402260,ENROUTE,2025-11-03 08:59:44,Dispatch
11073,402260,ARRIVED,2025-11-03 11:19:44,Dispatch
11074,402260,COMPLETED,2025-11-03 20:26:44,Dispatch
11075,402261,CREATED,2025-11-03 05:09:08,Dispatch
11076,402261,ASSIGNED,2025-11-03 09:07:08,Dispatch
11077,402261,ENROUTE,2025-11-03 12:09:08,Dispatch
11078,402261,ARRIVED,2025-11-03 12:30:08,Dispatch
11079,402261,COMPLETED,2025-11-03 16:59:08,CRM
11080,402262,CREATED,2025-11-03 07:56:29,Mobile
11081,402262,ASSIGNED,2025-11-03 08:47:29,Mobile
11082,402262,ENROUTE,2025-11-03 11:34:29,Dispatch
11083,402262,ARRIVED,2025-11-03 14:19:29,Dispatch
11084,402262,COMPLETED,2025-11-03 23:21:29,CRM
11085,402263,CREATED,2025-11-03 08:03:40,CRM
11086,402263,ASSIGNED,2025-11-03 10:26:40,Dispatch
11087,402263,ENROUTE,2025-11-03 14:20:40,Dispatch
11088,402263,ARRIVED,2025-11-03 15:20:40,Dispatch
11089,402263,COMPLETED,2025-11-03 21:53:40,Dispatch
11090,402264,CREATED,2025-11-03 09:01:28,Dispatch
11091,402264,ASSIGNED,2025-11-03 09:36:28,Dispatch
11092,402264,ENROUTE,2025-11-03 10:06:28,Mobile
11093,402264,ARRIVED,2025-11-03 11:24:28,Dispatch
11094,402264,COMPLETED,2025-11-03 12:01:28,Dispatch
11095,402265,CREATED,2025-11-03 11:07:00,Dispatch
11096,402265,ASSIGNED,2025-11-03 13:25:00,Dispatch
11097,402265,ENROUTE,2025-11-03 15:27:00,CRM
11098,402265,ARRIVED,2025-11-03 16:04:00,Mobile
11099,402265,COMPLETED,2025-11-03 22:21:00,Mobile
11100,402266,CREATED,2025-11-03 23:30:51,Dispatch
11101,402266,ASSIGNED,2025-11-04 02:45:51,Dispatch
11102,402266,ENROUTE,2025-11-04 10:42:51,Dispatch
11103,402266,ARRIVED,2025-11-04 11:29:51,Dispatch
11104,402266,COMPLETED,2025-11-04 18:15:51,Mobile
11105,402267,CREATED,2025-11-03 23:48:18,Dispatch
11106,402267,ASSIGNED,2025-11-04 00:55:18,Dispatch
11107,402267,ENROUTE,2025-11-04 04:35:18,Mobile
11108,402267,ARRIVED,2025-11-04 05:04:18,Dispatch
11109,402267,COMPLETED,2025-11-04 08:33:18,Dispatch
11110,402268,CREATED,2025-11-04 03:12:25,Mobile
11111,402268,ASSIGNED,2025-11-04 06:53:25,Mobile
11112,402268,ENROUTE,2025-11-04 13:09:25,Dispatch
11113,402268,ARRIVED,2025-11-04 14:33:25,Mobile
11114,402268,COMPLETED,2025-11-04 20:45:25,Dispatch
11115,402269,CREATED,2025-11-04 04:49:01,Mobile
11116,402269,ASSIGNED,2025-11-04 08:39:01,CRM
11117,402269,ENROUTE,2025-11-04 09:33:01,Dispatch
11118,402269,ARRIVED,2025-11-04 11:13:01,CRM
11119,402269,COMPLETED,2025-11-04 13:40:01,Mobile
11120,402270,CREATED,2025-11-04 13:18:27,Dispatch
11121,402270,ASSIGNED,2025-11-04 17:16:27,Dispatch
11122,402270,ENROUTE,2025-11-04 20:02:27,Dispatch
11123,402270,ARRIVED,2025-11-04 20:37:27,Mobile
11124,402270,COMPLETED,2025-11-04 22:48:27,Mobile
11125,402271,CREATED,2025-11-04 14:03:00,Dispatch
11126,402271,ASSIGNED,2025-11-04 14:57:00,Mobile
11127,402271,ENROUTE,2025-11-04 18:01:00,Mobile
11128,402271,ARRIVED,2025-11-04 20:58:00,Dispatch
11129,402271,COMPLETED,2025-11-04 21:57:00,Dispatch
11130,402272,CREATED,2025-11-04 14:25:06,CRM
11131,402272,ASSIGNED,2025-11-04 16:35:06,Dispatch
11132,402272,ENROUTE,2025-11-04 19:50:06,Dispatch
11133,402272,ARRIVED,2025-11-04 20:09:06,Dispatch
11134,402272,COMPLETED,2025-11-05 01:48:06,Mobile
11135,402273,CREATED,2025-11-04 17:35:51,Dispatch
11136,402273,ASSIGNED,2025-11-04 21:33:51,Dispatch
11137,402273,ENROUTE,2025-11-04 22:26:51,Mobile
11138,402273,ARRIVED,2025-11-04 23:35:51,Mobile
11139,402273,COMPLETED,2025-11-05 04:10:51,Mobile
11140,402274,CREATED,2025-11-04 19:58:53,Dispatch
11141,402274,ASSIGNED,2025-11-04 20:16:53,Mobile
11142,402274,ENROUTE,2025-11-05 02:48:53,Dispatch
11143,402274,ARRIVED,2025-11-05 03:26:53,Dispatch
11144,402274,COMPLETED,2025-11-05 08:35:53,Dispatch
11145,402275,CREATED,2025-11-05 00:24:24,Dispatch
11146,402275,ASSIGNED,2025-11-05 00:51:24,Mobile
11147,402275,ENROUTE,2025-11-05 04:58:24,CRM
11148,402275,ARRIVED,2025-11-05 06:30:24,Mobile
11149,402275,COMPLETED,2025-11-05 12:13:24,Dispatch
11150,402276,CREATED,2025-11-05 07:34:24,Dispatch
11151,402276,ASSIGNED,2025-11-05 09:25:24,Dispatch
11152,402276,ENROUTE,2025-11-05 10:19:24,Dispatch
11153,402276,ARRIVED,2025-11-05 12:14:24,CRM
11154,402276,COMPLETED,2025-11-05 16:14:24,Dispatch
11155,402277,CREATED,2025-11-05 08:22:05,Mobile
11156,402277,ASSIGNED,2025-11-05 12:18:05,Dispatch
11157,402277,ENROUTE,2025-11-05 16:46:05,Mobile
11158,402277,ARRIVED,2025-11-05 18:03:05,Dispatch
11159,402277,COMPLETED,2025-11-05 21:59:05,Dispatch
11160,402278,CREATED,2025-11-05 09:00:14,Dispatch
11161,402278,ASSIGNED,2025-11-05 11:49:14,Mobile
11162,402278,ENROUTE,2025-11-05 13:38:14,Dispatch
11163,402278,ARRIVED,2025-11-05 16:00:14,Mobile
11164,402278,COMPLETED,2025-11-06 01:31:14,Mobile
11165,402279,CREATED,2025-11-05 13:37:25,Dispatch
11166,402279,ASSIGNED,2025-11-05 13:46:25,Mobile
11167,402279,ENROUTE,2025-11-05 19:31:25,Mobile
11168,402279,ARRIVED,2025-11-05 20:32:25,Mobile
11169,402280,CREATED,2025-11-05 18:01:40,Dispatch
11170,402280,ASSIGNED,2025-11-05 18:47:40,Dispatch
11171,402280,ENROUTE,2025-11-06 01:10:40,Mobile
11172,402280,ARRIVED,2025-11-06 03:41:40,Dispatch
11173,402280,COMPLETED,2025-11-06 12:15:40,CRM
11174,402281,CREATED,2025-11-05 19:55:48,Dispatch
11175,402281,ASSIGNED,2025-11-05 22:59:48,CRM
11176,402281,ENROUTE,2025-11-06 00:52:48,Dispatch
11177,402281,ARRIVED,2025-11-06 02:08:48,Dispatch
11178,402281,COMPLETED,2025-11-06 02:49:48,Mobile
11179,402282,CREATED,2025-11-05 21:35:12,CRM
11180,402282,ASSIGNED,2025-11-05 23:49:12,Dispatch
11181,402282,ENROUTE,2025-11-06 00:37:12,Mobile
11182,402282,ARRIVED,2025-11-06 02:55:12,Mobile
11183,402282,COMPLETED,2025-11-06 11:44:12,Dispatch
11184,402283,CREATED,2025-11-05 23:17:25,Dispatch
11185,402283,ASSIGNED,2025-11-06 00:26:25,CRM
11186,402283,ENROUTE,2025-11-06 05:42:25,Dispatch
11187,402283,ARRIVED,2025-11-06 08:13:25,Dispatch
11188,402283,COMPLETED,2025-11-06 17:56:25,Mobile
11189,402284,CREATED,2025-11-06 01:00:50,Dispatch
11190,402284,ASSIGNED,2025-11-06 01:58:50,Mobile
11191,402284,ENROUTE,2025-11-06 06:06:50,Mobile
11192,402284,ARRIVED,2025-11-06 08:16:50,CRM
11193,402284,COMPLETED,2025-11-06 13:51:50,Mobile
11194,402285,CREATED,2025-11-06 01:31:08,Mobile
11195,402285,ASSIGNED,2025-11-06 03:37:08,Mobile
11196,402285,ENROUTE,2025-11-06 10:26:08,Dispatch
11197,402285,ARRIVED,2025-11-06 11:26:08,Mobile
11198,402285,COMPLETED,2025-11-06 12:59:08,Dispatch
11199,402286,CREATED,2025-11-06 13:31:58,Mobile
11200,402286,ASSIGNED,2025-11-06 16:40:58,Dispatch
11201,402286,ENROUTE,2025-11-06 18:56:58,Dispatch
11202,402286,ARRIVED,2025-11-06 19:29:58,Dispatch
11203,402286,CANCELLED,2025-11-06 17:40:58,Mobile
11204,402287,CREATED,2025-11-06 15:25:18,Dispatch
11205,402287,ASSIGNED,2025-11-06 18:36:18,Dispatch
11206,402287,ENROUTE,2025-11-07 00:28:18,Dispatch
11207,402287,ARRIVED,2025-11-07 01:45:18,Mobile
11208,402287,COMPLETED,2025-11-07 04:52:18,Mobile
11209,402288,CREATED,2025-11-06 22:46:39,Mobile
11210,402288,ASSIGNED,2025-11-07 02:12:39,Dispatch
11211,402288,ENROUTE,2025-11-07 08:10:39,CRM
11212,402288,ARRIVED,2025-11-07 09:37:39,Dispatch
11213,402288,COMPLETED,2025-11-07 15:00:39,Dispatch
11214,402289,CREATED,2025-11-07 03:22:27,CRM
11215,402289,ASSIGNED,2025-11-07 04:59:27,Mobile
11216,402289,ENROUTE,2025-11-07 06:30:27,Dispatch
11217,402289,ARRIVED,2025-11-07 08:28:27,Mobile
11218,402289,COMPLETED,2025-11-07 10:00:27,Dispatch
11219,402290,CREATED,2025-11-07 05:52:09,Mobile
11220,402290,ASSIGNED,2025-11-07 06:22:09,Dispatch
11221,402290,ENROUTE,2025-11-07 07:05:09,Mobile
11222,402290,ARRIVED,2025-11-07 09:13:09,Dispatch
11223,402290,COMPLETED,2025-11-07 16:17:09,Mobile
11224,402291,CREATED,2025-11-07 08:42:35,CRM
11225,402291,ASSIGNED,2025-11-07 12:25:35,CRM
11226,402291,ENROUTE,2025-11-07 19:41:35,Mobile
11227,402291,ARRIVED,2025-11-07 21:59:35,Dispatch
11228,402291,COMPLETED,2025-11-08 03:03:35,Mobile
11229,402292,CREATED,2025-11-07 13:50:54,Mobile
11230,402292,ASSIGNED,2025-11-07 14:21:54,Mobile
11231,402292,ENROUTE,2025-11-07 19:19:54,Mobile
11232,402292,ARRIVED,2025-11-07 20:27:54,Dispatch
11233,402292,COMPLETED,2025-11-08 02:50:54,Mobile
11234,402293,CREATED,2025-11-07 14:59:19,Mobile
11235,402293,ASSIGNED,2025-11-07 15:33:19,Mobile
11236,402293,ENROUTE,2025-11-07 22:31:19,Dispatch
11237,402293,ARRIVED,2025-11-08 01:01:19,Mobile
11238,402293,COMPLETED,2025-11-08 04:44:19,Mobile
11239,402294,CREATED,2025-11-07 19:36:32,Dispatch
11240,402294,ASSIGNED,2025-11-07 22:46:32,Mobile
11241,402294,ENROUTE,2025-11-08 01:32:32,Mobile
11242,402294,ARRIVED,2025-11-08 03:02:32,Dispatch
11243,402294,COMPLETED,2025-11-08 10:22:32,Mobile
11244,402295,CREATED,2025-11-08 02:07:42,Mobile
11245,402295,ASSIGNED,2025-11-08 03:10:42,Dispatch
11246,402295,ENROUTE,2025-11-08 03:36:42,CRM
11247,402295,ARRIVED,2025-11-08 05:26:42,Mobile
11248,402295,CANCELLED,2025-11-08 04:10:42,Mobile
11249,402296,CREATED,2025-11-08 03:26:09,Dispatch
11250,402296,ASSIGNED,2025-11-08 06:48:09,Dispatch
11251,402296,ENROUTE,2025-11-08 10:35:09,Mobile
11252,402296,ARRIVED,2025-11-08 12:26:09,Mobile
11253,402296,COMPLETED,2025-11-08 14:06:09,CRM
11254,402297,CREATED,2025-11-08 04:12:52,Dispatch
11255,402297,ASSIGNED,2025-11-08 06:32:52,CRM
11256,402297,ENROUTE,2025-11-08 14:00:52,Mobile
11257,402297,ARRIVED,2025-11-08 15:05:52,Mobile
11258,402297,COMPLETED,2025-11-09 00:27:52,Dispatch
11259,402298,CREATED,2025-11-08 05:25:26,Dispatch
11260,402298,ASSIGNED,2025-11-08 05:31:26,Mobile
11261,402298,ENROUTE,2025-11-08 08:10:26,Dispatch
11262,402298,ARRIVED,2025-11-08 10:15:26,Mobile
11263,402298,COMPLETED,2025-11-08 17:08:26,Dispatch
11264,402299,CREATED,2025-11-08 06:24:14,Mobile
11265,402299,ASSIGNED,2025-11-08 07:18:14,Mobile
11266,402299,ENROUTE,2025-11-08 12:25:14,Dispatch
11267,402299,ARRIVED,2025-11-08 13:07:14,Dispatch
11268,402300,CREATED,2025-11-08 17:46:39,Mobile
11269,402300,ASSIGNED,2025-11-08 20:40:39,Mobile
11270,402300,ENROUTE,2025-11-09 01:38:39,Dispatch
11271,402300,ARRIVED,2025-11-09 03:16:39,Dispatch
11272,402300,COMPLETED,2025-11-09 07:39:39,CRM
11273,402301,CREATED,2025-11-08 19:19:41,Dispatch
11274,402301,ASSIGNED,2025-11-08 20:47:41,Mobile
11275,402301,ENROUTE,2025-11-09 00:53:41,Dispatch
11276,402301,ARRIVED,2025-11-09 01:26:41,Dispatch
11277,402301,COMPLETED,2025-11-09 05:30:41,Mobile
11278,402302,CREATED,2025-11-08 22:13:37,Dispatch
11279,402302,ASSIGNED,2025-11-09 01:40:37,CRM
11280,402302,ENROUTE,2025-11-09 02:50:37,Dispatch
11281,402302,ARRIVED,2025-11-09 05:42:37,Mobile
11282,402302,COMPLETED,2025-11-09 11:23:37,Mobile
11283,402303,CREATED,2025-11-08 23:34:14,Dispatch
11284,402303,ASSIGNED,2025-11-09 02:25:14,Mobile
11285,402303,ENROUTE,2025-11-09 08:22:14,Mobile
11286,402303,ARRIVED,2025-11-09 10:47:14,Dispatch
11287,402304,CREATED,2025-11-08 23:59:53,Mobile
11288,402304,ASSIGNED,2025-11-09 00:10:53,Dispatch
11289,402304,ENROUTE,2025-11-09 04:11:53,Mobile
11290,402304,ARRIVED,2025-11-09 07:05:53,Mobile
11291,402304,COMPLETED,2025-11-09 15:35:53,Dispatch
11292,402305,CREATED,2025-11-09 03:08:07,Dispatch
11293,402305,ASSIGNED,2025-11-09 03:58:07,Mobile
11294,402305,ENROUTE,2025-11-09 11:41:07,Mobile
11295,402305,ARRIVED,2025-11-09 12:38:07,Dispatch
11296,402306,CREATED,2025-11-09 03:31:27,Mobile
11297,402306,ASSIGNED,2025-11-09 06:32:27,Dispatch
11298,402306,ENROUTE,2025-11-09 11:46:27,Mobile
11299,402306,ARRIVED,2025-11-09 12:54:27,Dispatch
11300,402306,COMPLETED,2025-11-09 21:32:27,Dispatch
11301,402307,CREATED,2025-11-09 04:20:20,CRM
11302,402307,ASSIGNED,2025-11-09 07:05:20,Mobile
11303,402307,ENROUTE,2025-11-09 10:30:20,Dispatch
11304,402307,ARRIVED,2025-11-09 13:01:20,Dispatch
11305,402308,CREATED,2025-11-09 07:47:16,Mobile
11306,402308,ASSIGNED,2025-11-09 10:30:16,Mobile
11307,402308,ENROUTE,2025-11-09 15:04:16,CRM
11308,402308,ARRIVED,2025-11-09 15:59:16,Dispatch
11309,402308,COMPLETED,2025-11-09 22:13:16,Dispatch
11310,402309,CREATED,2025-11-09 08:04:19,Dispatch
11311,402309,ASSIGNED,2025-11-09 10:52:19,Mobile
11312,402309,ENROUTE,2025-11-09 17:43:19,Mobile
11313,402309,ARRIVED,2025-11-09 18:11:19,Mobile
11314,402309,COMPLETED,2025-11-10 01:45:19,CRM
11315,402310,CREATED,2025-11-09 09:04:53,Dispatch
11316,402310,ASSIGNED,2025-11-09 11:35:53,Dispatch
11317,402310,ENROUTE,2025-11-09 17:51:53,Mobile
11318,402310,ARRIVED,2025-11-09 18:07:53,Dispatch
11319,402310,COMPLETED,2025-11-10 00:11:53,Dispatch
11320,402311,CREATED,2025-11-09 09:47:31,Dispatch
11321,402311,ASSIGNED,2025-11-09 13:38:31,Mobile
11322,402311,ENROUTE,2025-11-09 20:25:31,Mobile
11323,402311,ARRIVED,2025-11-09 22:45:31,Mobile
11324,402311,COMPLETED,2025-11-10 02:48:31,Mobile
11325,402312,CREATED,2025-11-09 17:01:41,Mobile
11326,402312,ASSIGNED,2025-11-09 17:38:41,Mobile
11327,402312,ENROUTE,2025-11-09 18:03:41,Mobile
11328,402312,ARRIVED,2025-11-09 20:35:41,Dispatch
11329,402313,CREATED,2025-11-09 17:48:30,Mobile
11330,402313,ASSIGNED,2025-11-09 18:56:30,Dispatch
11331,402313,ENROUTE,2025-11-10 00:53:30,Mobile
11332,402313,ARRIVED,2025-11-10 02:51:30,Mobile
11333,402313,COMPLETED,2025-11-10 08:09:30,Mobile
11334,402314,CREATED,2025-11-09 18:14:17,Dispatch
11335,402314,ASSIGNED,2025-11-09 20:05:17,Mobile
11336,402314,ENROUTE,2025-11-09 22:56:17,Mobile
11337,402314,ARRIVED,2025-11-10 01:05:17,CRM
11338,402314,COMPLETED,2025-11-10 08:50:17,Mobile
11339,402315,CREATED,2025-11-09 19:24:42,Dispatch
11340,402315,ASSIGNED,2025-11-09 22:46:42,Dispatch
11341,402315,ENROUTE,2025-11-10 05:57:42,Mobile
11342,402315,ARRIVED,2025-11-10 07:20:42,Dispatch
11343,402315,COMPLETED,2025-11-10 09:22:42,Mobile
11344,402316,CREATED,2025-11-09 22:43:45,Mobile
11345,402316,ASSIGNED,2025-11-10 00:03:45,Mobile
11346,402316,ENROUTE,2025-11-10 01:53:45,Mobile
11347,402316,ARRIVED,2025-11-10 04:50:45,Dispatch
11348,402316,COMPLETED,2025-11-10 10:19:45,Mobile
11349,402317,CREATED,2025-11-10 12:19:33,Mobile
11350,402317,ASSIGNED,2025-11-10 15:15:33,Dispatch
11351,402317,ENROUTE,2025-11-10 21:16:33,Dispatch
11352,402317,ARRIVED,2025-11-10 22:25:33,Mobile
11353,402317,COMPLETED,2025-11-11 07:15:33,Mobile
11354,402318,CREATED,2025-11-10 19:43:03,Mobile
11355,402318,ASSIGNED,2025-11-10 20:54:03,Dispatch
11356,402318,ENROUTE,2025-11-11 01:25:03,CRM
11357,402318,ARRIVED,2025-11-11 03:57:03,CRM
11358,402318,COMPLETED,2025-11-11 05:19:03,Dispatch
11359,402319,CREATED,2025-11-10 20:11:32,Mobile
11360,402319,ASSIGNED,2025-11-10 22:35:32,Mobile
11361,402319,ENROUTE,2025-11-10 23:36:32,Mobile
11362,402319,ARRIVED,2025-11-11 01:53:32,Mobile
11363,402319,COMPLETED,2025-11-11 05:28:32,CRM
11364,402320,CREATED,2025-11-11 00:16:39,Dispatch
11365,402320,ASSIGNED,2025-11-11 01:26:39,CRM
11366,402320,ENROUTE,2025-11-11 08:39:39,CRM
11367,402320,ARRIVED,2025-11-11 09:02:39,Mobile
11368,402320,COMPLETED,2025-11-11 12:14:39,Mobile
11369,402321,CREATED,2025-11-11 06:21:20,Dispatch
11370,402321,ASSIGNED,2025-11-11 09:06:20,Mobile
11371,402321,ENROUTE,2025-11-11 11:26:20,Dispatch
11372,402321,ARRIVED,2025-11-11 12:21:20,Dispatch
11373,402321,COMPLETED,2025-11-11 17:05:20,Dispatch
11374,402322,CREATED,2025-11-11 13:43:02,Mobile
11375,402322,ASSIGNED,2025-11-11 14:52:02,Mobile
11376,402322,ENROUTE,2025-11-11 19:55:02,Dispatch
11377,402322,ARRIVED,2025-11-11 21:54:02,Dispatch
11378,402323,CREATED,2025-11-11 14:00:36,Dispatch
11379,402323,ASSIGNED,2025-11-11 16:49:36,Mobile
11380,402323,ENROUTE,2025-11-11 23:35:36,Mobile
11381,402323,ARRIVED,2025-11-12 01:46:36,Mobile
11382,402323,CANCELLED,2025-11-11 17:49:36,Mobile
11383,402324,CREATED,2025-11-11 14:16:13,Dispatch
11384,402324,ASSIGNED,2025-11-11 17:26:13,Dispatch
11385,402324,ENROUTE,2025-11-11 22:18:13,CRM
11386,402324,ARRIVED,2025-11-11 22:54:13,Mobile
11387,402324,COMPLETED,2025-11-12 00:53:13,Mobile
11388,402325,CREATED,2025-11-11 18:54:33,Mobile
11389,402325,ASSIGNED,2025-11-11 21:01:33,Dispatch
11390,402325,ENROUTE,2025-11-11 22:19:33,Dispatch
11391,402325,ARRIVED,2025-11-11 22:56:33,Dispatch
11392,402325,COMPLETED,2025-11-12 00:30:33,Mobile
11393,402326,CREATED,2025-11-11 23:47:12,Dispatch
11394,402326,ASSIGNED,2025-11-12 01:10:12,Dispatch
11395,402326,ENROUTE,2025-11-12 05:58:12,CRM
11396,402326,ARRIVED,2025-11-12 06:59:12,Dispatch
11397,402326,COMPLETED,2025-11-12 13:44:12,Dispatch
11398,402327,CREATED,2025-11-12 03:06:50,Mobile
11399,402327,ASSIGNED,2025-11-12 06:02:50,Dispatch
11400,402327,ENROUTE,2025-11-12 08:38:50,Dispatch
11401,402327,ARRIVED,2025-11-12 10:54:50,Mobile
11402,402327,COMPLETED,2025-11-12 16:24:50,Mobile
11403,402328,CREATED,2025-11-12 14:55:18,Dispatch
11404,402328,ASSIGNED,2025-11-12 18:45:18,Dispatch
11405,402328,ENROUTE,2025-11-12 22:03:18,Dispatch
11406,402328,ARRIVED,2025-11-12 22:21:18,Mobile
11407,402328,COMPLETED,2025-11-13 07:40:18,CRM
11408,402329,CREATED,2025-11-12 15:49:19,Dispatch
11409,402329,ASSIGNED,2025-11-12 18:41:19,Dispatch
11410,402329,ENROUTE,2025-11-12 19:22:19,Dispatch
11411,402329,ARRIVED,2025-11-12 20:50:19,Dispatch
11412,402329,COMPLETED,2025-11-13 02:18:19,CRM
11413,402330,CREATED,2025-11-12 16:04:07,Dispatch
11414,402330,ASSIGNED,2025-11-12 17:04:07,Dispatch
11415,402330,ENROUTE,2025-11-12 17:50:07,Dispatch
11416,402330,ARRIVED,2025-11-12 19:44:07,Mobile
11417,402330,COMPLETED,2025-11-12 22:44:07,Mobile
11418,402331,CREATED,2025-11-12 17:02:46,Dispatch
11419,402331,ASSIGNED,2025-11-12 17:38:46,Mobile
11420,402331,ENROUTE,2025-11-13 01:29:46,Mobile
11421,402331,ARRIVED,2025-11-13 01:57:46,Mobile
11422,402331,COMPLETED,2025-11-13 11:34:46,Mobile
11423,402332,CREATED,2025-11-12 19:08:26,Mobile
11424,402332,ASSIGNED,2025-11-12 20:14:26,Mobile
11425,402332,ENROUTE,2025-11-13 02:14:26,Dispatch
11426,402332,ARRIVED,2025-11-13 03:30:26,Dispatch
11427,402332,COMPLETED,2025-11-13 11:19:26,Mobile
11428,402333,CREATED,2025-11-12 19:32:29,CRM
11429,402333,ASSIGNED,2025-11-12 20:48:29,Mobile
11430,402333,ENROUTE,2025-11-12 23:41:29,Dispatch
11431,402333,ARRIVED,2025-11-13 01:41:29,Mobile
11432,402333,COMPLETED,2025-11-13 03:22:29,Dispatch
11433,402334,CREATED,2025-11-12 21:21:31,Mobile
11434,402334,ASSIGNED,2025-11-12 22:45:31,Mobile
11435,402334,ENROUTE,2025-11-13 05:55:31,Dispatch
11436,402334,ARRIVED,2025-11-13 06:12:31,Mobile
11437,402335,CREATED,2025-11-13 02:03:59,Dispatch
11438,402335,ASSIGNED,2025-11-13 04:21:59,Mobile
11439,402335,ENROUTE,2025-11-13 11:29:59,Mobile
11440,402335,ARRIVED,2025-11-13 13:40:59,Dispatch
11441,402335,COMPLETED,2025-11-13 20:33:59,Dispatch
11442,402336,CREATED,2025-11-13 12:38:17,CRM
11443,402336,ASSIGNED,2025-11-13 13:07:17,Dispatch
11444,402336,ENROUTE,2025-11-13 14:04:17,Dispatch
11445,402336,ARRIVED,2025-11-13 15:11:17,Dispatch
11446,402336,COMPLETED,2025-11-13 21:16:17,Mobile
11447,402337,CREATED,2025-11-13 18:09:57,Dispatch
11448,402337,ASSIGNED,2025-11-13 20:48:57,Dispatch
11449,402337,ENROUTE,2025-11-13 23:44:57,Mobile
11450,402337,ARRIVED,2025-11-14 02:05:57,Dispatch
11451,402338,CREATED,2025-11-13 20:03:04,Mobile
11452,402338,ASSIGNED,2025-11-13 21:10:04,Dispatch
11453,402338,ENROUTE,2025-11-14 00:13:04,Mobile
11454,402338,ARRIVED,2025-11-14 01:30:04,Dispatch
11455,402338,COMPLETED,2025-11-14 09:05:04,Mobile
11456,402339,CREATED,2025-11-13 20:39:36,Mobile
11457,402339,ASSIGNED,2025-11-13 20:49:36,Dispatch
11458,402339,ENROUTE,2025-11-14 00:53:36,Dispatch
11459,402339,ARRIVED,2025-11-14 02:06:36,Dispatch
11460,402339,COMPLETED,2025-11-14 05:08:36,Mobile
11461,402340,CREATED,2025-11-14 08:33:28,Dispatch
11462,402340,ASSIGNED,2025-11-14 08:40:28,Dispatch
11463,402340,ENROUTE,2025-11-14 12:20:28,Dispatch
11464,402340,ARRIVED,2025-11-14 13:30:28,Dispatch
11465,402340,COMPLETED,2025-11-14 21:07:28,Dispatch
11466,402341,CREATED,2025-11-14 08:41:38,Dispatch
11467,402341,ASSIGNED,2025-11-14 09:21:38,Mobile
11468,402341,ENROUTE,2025-11-14 12:43:38,Dispatch
11469,402341,ARRIVED,2025-11-14 15:38:38,Dispatch
11470,402341,COMPLETED,2025-11-14 17:53:38,Dispatch
11471,402342,CREATED,2025-11-14 10:37:02,Mobile
11472,402342,ASSIGNED,2025-11-14 12:05:02,Dispatch
11473,402342,ENROUTE,2025-11-14 12:22:02,Mobile
11474,402342,ARRIVED,2025-11-14 13:01:02,CRM
11475,402343,CREATED,2025-11-14 16:33:24,Mobile
11476,402343,ASSIGNED,2025-11-14 16:47:24,Mobile
11477,402343,ENROUTE,2025-11-14 22:29:24,Mobile
11478,402343,ARRIVED,2025-11-15 00:36:24,Mobile
11479,402343,COMPLETED,2025-11-15 09:49:24,Mobile
11480,402344,CREATED,2025-11-14 19:49:19,Dispatch
11481,402344,ASSIGNED,2025-11-14 22:06:19,Dispatch
11482,402344,ENROUTE,2025-11-15 00:30:19,Dispatch
11483,402344,ARRIVED,2025-11-15 02:13:19,Dispatch
11484,402344,COMPLETED,2025-11-15 10:28:19,Mobile
11485,402345,CREATED,2025-11-15 00:34:09,Mobile
11486,402345,ASSIGNED,2025-11-15 02:13:09,CRM
11487,402345,ENROUTE,2025-11-15 08:28:09,Dispatch
11488,402345,ARRIVED,2025-11-15 11:14:09,Dispatch
11489,402345,COMPLETED,2025-11-15 15:55:09,Dispatch
11490,402346,CREATED,2025-11-15 00:39:50,Mobile
11491,402346,ASSIGNED,2025-11-15 03:06:50,Mobile
11492,402346,ENROUTE,2025-11-15 10:47:50,Mobile
11493,402346,ARRIVED,2025-11-15 12:27:50,Mobile
11494,402346,COMPLETED,2025-11-15 17:17:50,Dispatch
11495,402347,CREATED,2025-11-15 02:03:14,Dispatch
11496,402347,ASSIGNED,2025-11-15 05:09:14,Mobile
11497,402347,ENROUTE,2025-11-15 13:07:14,Mobile
11498,402347,ARRIVED,2025-11-15 13:43:14,Dispatch
11499,402347,COMPLETED,2025-11-15 20:07:14,Dispatch
11500,402348,CREATED,2025-11-15 05:36:09,Mobile
11501,402348,ASSIGNED,2025-11-15 07:42:09,Dispatch
11502,402348,ENROUTE,2025-11-15 11:05:09,Dispatch
11503,402348,ARRIVED,2025-11-15 13:48:09,Dispatch
11504,402348,COMPLETED,2025-11-15 17:57:09,Dispatch
11505,402349,CREATED,2025-11-15 09:05:57,CRM
11506,402349,ASSIGNED,2025-11-15 12:33:57,Dispatch
11507,402349,ENROUTE,2025-11-15 13:21:57,Dispatch
11508,402349,ARRIVED,2025-11-15 16:15:57,Dispatch
11509,402349,CANCELLED,2025-11-15 13:33:57,Dispatch
11510,402350,CREATED,2025-11-15 10:50:55,Mobile
11511,402350,ASSIGNED,2025-11-15 12:37:55,Dispatch
11512,402350,ENROUTE,2025-11-15 20:11:55,Mobile
11513,402350,ARRIVED,2025-11-15 20:27:55,Dispatch
11514,402350,COMPLETED,2025-11-16 02:59:55,Dispatch
11515,402351,CREATED,2025-11-15 11:42:36,Mobile
11516,402351,ASSIGNED,2025-11-15 13:49:36,CRM
11517,402351,ENROUTE,2025-11-15 18:53:36,Dispatch
11518,402351,ARRIVED,2025-11-15 19:37:36,Dispatch
11519,402351,COMPLETED,2025-11-15 23:36:36,Mobile
11520,402352,CREATED,2025-11-15 19:18:05,Dispatch
11521,402352,ASSIGNED,2025-11-15 21:39:05,Dispatch
11522,402352,ENROUTE,2025-11-16 02:14:05,Dispatch
11523,402352,ARRIVED,2025-11-16 04:18:05,Dispatch
11524,402352,COMPLETED,2025-11-16 13:11:05,Mobile
11525,402353,CREATED,2025-11-16 03:42:58,Dispatch
11526,402353,ASSIGNED,2025-11-16 07:05:58,Dispatch
11527,402353,ENROUTE,2025-11-16 09:51:58,Mobile
11528,402353,ARRIVED,2025-11-16 11:23:58,Mobile
11529,402354,CREATED,2025-11-16 05:29:30,CRM
11530,402354,ASSIGNED,2025-11-16 07:55:30,Dispatch
11531,402354,ENROUTE,2025-11-16 09:08:30,Mobile
11532,402354,ARRIVED,2025-11-16 11:47:30,Mobile
11533,402354,COMPLETED,2025-11-16 20:48:30,Mobile
11534,402355,CREATED,2025-11-16 06:44:13,Mobile
11535,402355,ASSIGNED,2025-11-16 07:48:13,Mobile
11536,402355,ENROUTE,2025-11-16 11:36:13,CRM
11537,402355,ARRIVED,2025-11-16 12:27:13,Dispatch
11538,402355,COMPLETED,2025-11-16 14:38:13,Dispatch
11539,402356,CREATED,2025-11-16 09:34:58,Mobile
11540,402356,ASSIGNED,2025-11-16 12:18:58,Mobile
11541,402356,ENROUTE,2025-11-16 18:14:58,Mobile
11542,402356,ARRIVED,2025-11-16 18:32:58,Mobile
11543,402356,COMPLETED,2025-11-16 21:36:58,Dispatch
11544,402357,CREATED,2025-11-16 15:44:53,CRM
11545,402357,ASSIGNED,2025-11-16 17:10:53,Mobile
11546,402357,ENROUTE,2025-11-16 21:05:53,Dispatch
11547,402357,ARRIVED,2025-11-16 23:44:53,Dispatch
11548,402357,COMPLETED,2025-11-17 00:45:53,Mobile
11549,402358,CREATED,2025-11-16 16:57:13,Mobile
11550,402358,ASSIGNED,2025-11-16 19:49:13,Mobile
11551,402358,ENROUTE,2025-11-16 20:52:13,Dispatch
11552,402358,ARRIVED,2025-11-16 22:56:13,Mobile
11553,402358,COMPLETED,2025-11-17 07:59:13,CRM
11554,402359,CREATED,2025-11-16 20:38:21,Dispatch
11555,402359,ASSIGNED,2025-11-16 22:20:21,Dispatch
11556,402359,ENROUTE,2025-11-17 04:05:21,Mobile
11557,402359,ARRIVED,2025-11-17 04:22:21,Mobile
11558,402359,CANCELLED,2025-11-16 23:20:21,Dispatch
11559,402360,CREATED,2025-11-17 02:44:46,Mobile
11560,402360,ASSIGNED,2025-11-17 04:53:46,Mobile
11561,402360,ENROUTE,2025-11-17 07:30:46,Dispatch
11562,402360,ARRIVED,2025-11-17 08:23:46,Mobile
11563,402360,COMPLETED,2025-11-17 14:55:46,Mobile
11564,402361,CREATED,2025-11-17 07:57:22,Mobile
11565,402361,ASSIGNED,2025-11-17 11:06:22,Mobile
11566,402361,ENROUTE,2025-11-17 18:49:22,Mobile
11567,402361,ARRIVED,2025-11-17 20:18:22,Dispatch
11568,402361,COMPLETED,2025-11-18 03:28:22,Dispatch
11569,402362,CREATED,2025-11-17 17:08:59,Dispatch
11570,402362,ASSIGNED,2025-11-17 17:16:59,Dispatch
11571,402362,ENROUTE,2025-11-17 20:07:59,Mobile
11572,402362,ARRIVED,2025-11-17 20:35:59,Mobile
11573,402362,COMPLETED,2025-11-17 21:36:59,Mobile
11574,402363,CREATED,2025-11-17 17:19:45,Dispatch
11575,402363,ASSIGNED,2025-11-17 18:44:45,Mobile
11576,402363,ENROUTE,2025-11-17 19:09:45,CRM
11577,402363,ARRIVED,2025-11-17 19:39:45,CRM
11578,402363,COMPLETED,2025-11-17 20:24:45,Mobile
11579,402364,CREATED,2025-11-17 17:38:23,Dispatch
11580,402364,ASSIGNED,2025-11-17 19:56:23,Mobile
11581,402364,ENROUTE,2025-11-18 03:02:23,Mobile
11582,402364,ARRIVED,2025-11-18 05:54:23,Dispatch
11583,402364,COMPLETED,2025-11-18 08:12:23,Dispatch
11584,402365,CREATED,2025-11-17 21:40:34,Dispatch
11585,402365,ASSIGNED,2025-11-18 00:39:34,Mobile
11586,402365,ENROUTE,2025-11-18 01:41:34,Mobile
11587,402365,ARRIVED,2025-11-18 03:06:34,Dispatch
11588,402365,COMPLETED,2025-11-18 04:51:34,Mobile
11589,402366,CREATED,2025-11-18 07:50:50,Dispatch
11590,402366,ASSIGNED,2025-11-18 11:02:50,Dispatch
11591,402366,ENROUTE,2025-11-18 14:26:50,Mobile
11592,402366,ARRIVED,2025-11-18 16:06:50,Mobile
11593,402367,CREATED,2025-11-18 09:09:38,Mobile
11594,402367,ASSIGNED,2025-11-18 10:14:38,Dispatch
11595,402367,ENROUTE,2025-11-18 18:08:38,Mobile
11596,402367,ARRIVED,2025-11-18 20:43:38,Dispatch
11597,402367,COMPLETED,2025-11-19 06:17:38,Dispatch
11598,402368,CREATED,2025-11-18 09:23:03,Dispatch
11599,402368,ASSIGNED,2025-11-18 12:08:03,Mobile
11600,402368,ENROUTE,2025-11-18 18:27:03,Mobile
11601,402368,ARRIVED,2025-11-18 19:17:03,Mobile
11602,402368,COMPLETED,2025-11-18 23:40:03,Dispatch
11603,402369,CREATED,2025-11-18 10:39:21,Dispatch
11604,402369,ASSIGNED,2025-11-18 11:07:21,Dispatch
11605,402369,ENROUTE,2025-11-18 18:09:21,Mobile
11606,402369,ARRIVED,2025-11-18 18:20:21,CRM
11607,402370,CREATED,2025-11-18 19:01:45,CRM
11608,402370,ASSIGNED,2025-11-18 20:37:45,Dispatch
11609,402370,ENROUTE,2025-11-19 02:21:45,Mobile
11610,402370,ARRIVED,2025-11-19 04:48:45,Mobile
11611,402370,COMPLETED,2025-11-19 09:00:45,Dispatch
11612,402371,CREATED,2025-11-19 01:43:33,CRM
11613,402371,ASSIGNED,2025-11-19 02:38:33,Mobile
11614,402371,ENROUTE,2025-11-19 10:19:33,Dispatch
11615,402371,ARRIVED,2025-11-19 11:29:33,Dispatch
11616,402371,CANCELLED,2025-11-19 03:38:33,Mobile
11617,402372,CREATED,2025-11-19 03:56:54,Mobile
11618,402372,ASSIGNED,2025-11-19 06:34:54,Dispatch
11619,402372,ENROUTE,2025-11-19 08:02:54,Dispatch
11620,402372,ARRIVED,2025-11-19 10:15:54,Mobile
11621,402372,COMPLETED,2025-11-19 13:24:54,Dispatch
11622,402373,CREATED,2025-11-19 04:17:49,Dispatch
11623,402373,ASSIGNED,2025-11-19 05:28:49,Mobile
11624,402373,ENROUTE,2025-11-19 07:39:49,CRM
11625,402373,ARRIVED,2025-11-19 10:17:49,Mobile
11626,402374,CREATED,2025-11-19 05:39:56,Dispatch
11627,402374,ASSIGNED,2025-11-19 08:27:56,Mobile
11628,402374,ENROUTE,2025-11-19 15:42:56,Mobile
11629,402374,ARRIVED,2025-11-19 17:53:56,Dispatch
11630,402374,COMPLETED,2025-11-19 20:11:56,Dispatch
11631,402375,CREATED,2025-11-19 06:33:19,Mobile
11632,402375,ASSIGNED,2025-11-19 07:32:19,Mobile
11633,402375,ENROUTE,2025-11-19 14:49:19,Mobile
11634,402375,ARRIVED,2025-11-19 17:29:19,Dispatch
11635,402375,COMPLETED,2025-11-19 20:24:19,Mobile
11636,402376,CREATED,2025-11-19 08:10:09,Dispatch
11637,402376,ASSIGNED,2025-11-19 10:57:09,Mobile
11638,402376,ENROUTE,2025-11-19 16:05:09,Dispatch
11639,402376,ARRIVED,2025-11-19 18:46:09,Dispatch
11640,402376,COMPLETED,2025-11-20 04:18:09,Dispatch
11641,402377,CREATED,2025-11-19 11:13:59,Mobile
11642,402377,ASSIGNED,2025-11-19 13:14:59,Mobile
11643,402377,ENROUTE,2025-11-19 18:44:59,Dispatch
11644,402377,ARRIVED,2025-11-19 20:05:59,Dispatch
11645,402377,COMPLETED,2025-11-19 23:36:59,Mobile
11646,402378,CREATED,2025-11-19 15:24:54,CRM
11647,402378,ASSIGNED,2025-11-19 18:37:54,Dispatch
11648,402378,ENROUTE,2025-11-19 23:01:54,Dispatch
11649,402378,ARRIVED,2025-11-20 01:39:54,Dispatch
11650,402378,COMPLETED,2025-11-20 02:22:54,Dispatch
11651,402379,CREATED,2025-11-19 16:03:27,Mobile
11652,402379,ASSIGNED,2025-11-19 19:42:27,Dispatch
11653,402379,ENROUTE,2025-11-20 00:05:27,Dispatch
11654,402379,ARRIVED,2025-11-20 00:19:27,Dispatch
11655,402379,COMPLETED,2025-11-20 08:45:27,Dispatch
11656,402380,CREATED,2025-11-20 00:21:16,Mobile
11657,402380,ASSIGNED,2025-11-20 01:17:16,Mobile
11658,402380,ENROUTE,2025-11-20 06:37:16,Dispatch
11659,402380,ARRIVED,2025-11-20 07:32:16,Dispatch
11660,402381,CREATED,2025-11-20 01:15:56,Dispatch
11661,402381,ASSIGNED,2025-11-20 03:59:56,Dispatch
11662,402381,ENROUTE,2025-11-20 05:39:56,Mobile
11663,402381,ARRIVED,2025-11-20 08:32:56,Mobile
11664,402381,CANCELLED,2025-11-20 04:59:56,Dispatch
11665,402382,CREATED,2025-11-20 07:42:16,Dispatch
11666,402382,ASSIGNED,2025-11-20 09:11:16,Mobile
11667,402382,ENROUTE,2025-11-20 12:57:16,Dispatch
11668,402382,ARRIVED,2025-11-20 15:20:16,Dispatch
11669,402382,COMPLETED,2025-11-20 22:59:16,Dispatch
11670,402383,CREATED,2025-11-20 21:54:07,Dispatch
11671,402383,ASSIGNED,2025-11-20 22:40:07,Dispatch
11672,402383,ENROUTE,2025-11-20 23:51:07,Mobile
11673,402383,ARRIVED,2025-11-21 01:51:07,Mobile
11674,402383,COMPLETED,2025-11-21 03:46:07,Mobile
11675,402384,CREATED,2025-11-21 00:36:52,Dispatch
11676,402384,ASSIGNED,2025-11-21 02:13:52,Dispatch
11677,402384,ENROUTE,2025-11-21 05:10:52,Mobile
11678,402384,ARRIVED,2025-11-21 05:28:52,Dispatch
11679,402384,COMPLETED,2025-11-21 10:34:52,Mobile
11680,402385,CREATED,2025-11-21 00:51:45,Mobile
11681,402385,ASSIGNED,2025-11-21 04:10:45,CRM
11682,402385,ENROUTE,2025-11-21 11:35:45,Dispatch
11683,402385,ARRIVED,2025-11-21 12:56:45,Mobile
11684,402385,COMPLETED,2025-11-21 18:37:45,Dispatch
11685,402386,CREATED,2025-11-21 04:34:37,Dispatch
11686,402386,ASSIGNED,2025-11-21 06:25:37,Dispatch
11687,402386,ENROUTE,2025-11-21 13:56:37,Dispatch
11688,402386,ARRIVED,2025-11-21 15:16:37,Dispatch
11689,402386,COMPLETED,2025-11-21 18:58:37,Mobile
11690,402387,CREATED,2025-11-21 07:44:33,Mobile
11691,402387,ASSIGNED,2025-11-21 09:21:33,Dispatch
11692,402387,ENROUTE,2025-11-21 11:13:33,Dispatch
11693,402387,ARRIVED,2025-11-21 13:41:33,Dispatch
11694,402387,COMPLETED,2025-11-21 22:18:33,CRM
11695,402388,CREATED,2025-11-21 10:15:29,Mobile
11696,402388,ASSIGNED,2025-11-21 10:38:29,Mobile
11697,402388,ENROUTE,2025-11-21 13:47:29,Dispatch
11698,402388,ARRIVED,2025-11-21 16:02:29,CRM
11699,402388,COMPLETED,2025-11-21 21:48:29,Mobile
11700,402389,CREATED,2025-11-21 20:21:15,Dispatch
11701,402389,ASSIGNED,2025-11-21 23:11:15,Dispatch
11702,402389,ENROUTE,2025-11-22 01:31:15,Mobile
11703,402389,ARRIVED,2025-11-22 03:15:15,CRM
11704,402389,COMPLETED,2025-11-22 07:41:15,Dispatch
11705,402390,CREATED,2025-11-21 21:09:41,CRM
11706,402390,ASSIGNED,2025-11-21 23:30:41,Dispatch
11707,402390,ENROUTE,2025-11-22 00:37:41,Dispatch
11708,402390,ARRIVED,2025-11-22 02:27:41,Dispatch
11709,402390,COMPLETED,2025-11-22 04:50:41,Dispatch
11710,402391,CREATED,2025-11-21 22:21:49,Dispatch
11711,402391,ASSIGNED,2025-11-21 22:44:49,Dispatch
11712,402391,ENROUTE,2025-11-22 06:39:49,Mobile
11713,402391,ARRIVED,2025-11-22 06:50:49,Dispatch
11714,402391,COMPLETED,2025-11-22 12:08:49,Mobile
11715,402392,CREATED,2025-11-21 23:01:12,CRM
11716,402392,ASSIGNED,2025-11-22 01:35:12,CRM
11717,402392,ENROUTE,2025-11-22 04:42:12,Mobile
11718,402392,ARRIVED,2025-11-22 05:49:12,Dispatch
11719,402392,COMPLETED,2025-11-22 09:55:12,Dispatch
11720,402393,CREATED,2025-11-22 00:46:28,Mobile
11721,402393,ASSIGNED,2025-11-22 03:03:28,Dispatch
11722,402393,ENROUTE,2025-11-22 03:25:28,Dispatch
11723,402393,ARRIVED,2025-11-22 05:04:28,Mobile
11724,402393,COMPLETED,2025-11-22 10:36:28,Dispatch
11725,402394,CREATED,2025-11-22 09:54:57,CRM
11726,402394,ASSIGNED,2025-11-22 10:43:57,Dispatch
11727,402394,ENROUTE,2025-11-22 11:37:57,Dispatch
11728,402394,ARRIVED,2025-11-22 12:38:57,Mobile
11729,402394,COMPLETED,2025-11-22 19:15:57,Dispatch
11730,402395,CREATED,2025-11-22 10:13:21,Dispatch
11731,402395,ASSIGNED,2025-11-22 10:32:21,Dispatch
11732,402395,ENROUTE,2025-11-22 15:37:21,Mobile
11733,402395,ARRIVED,2025-11-22 15:47:21,Dispatch
11734,402395,COMPLETED,2025-11-23 00:23:21,Dispatch
11735,402396,CREATED,2025-11-22 10:31:04,Mobile
11736,402396,ASSIGNED,2025-11-22 12:08:04,Mobile
11737,402396,ENROUTE,2025-11-22 17:21:04,Dispatch
11738,402396,ARRIVED,2025-11-22 19:40:04,Mobile
11739,402396,COMPLETED,2025-11-23 00:30:04,Mobile
11740,402397,CREATED,2025-11-22 13:06:47,CRM
11741,402397,ASSIGNED,2025-11-22 15:07:47,CRM
11742,402397,ENROUTE,2025-11-22 19:33:47,CRM
11743,402397,ARRIVED,2025-11-22 21:38:47,CRM
11744,402397,COMPLETED,2025-11-22 22:59:47,Mobile
11745,402398,CREATED,2025-11-22 14:09:08,CRM
11746,402398,ASSIGNED,2025-11-22 14:38:08,Dispatch
11747,402398,ENROUTE,2025-11-22 20:11:08,CRM
11748,402398,ARRIVED,2025-11-22 22:50:08,Dispatch
11749,402398,COMPLETED,2025-11-23 02:54:08,Mobile
11750,402399,CREATED,2025-11-22 14:40:33,Mobile
11751,402399,ASSIGNED,2025-11-22 18:29:33,CRM
11752,402399,ENROUTE,2025-11-23 01:46:33,Mobile
11753,402399,ARRIVED,2025-11-23 02:32:33,Dispatch
11754,402399,COMPLETED,2025-11-23 11:04:33,Mobile
11755,402400,CREATED,2025-11-22 15:55:37,Dispatch
11756,402400,ASSIGNED,2025-11-22 17:17:37,Dispatch
11757,402400,ENROUTE,2025-11-22 18:08:37,Dispatch
11758,402400,ARRIVED,2025-11-22 19:16:37,Dispatch
11759,402400,COMPLETED,2025-11-23 03:50:37,Dispatch
11760,402401,CREATED,2025-11-22 23:32:40,Dispatch
11761,402401,ASSIGNED,2025-11-23 02:44:40,Mobile
11762,402401,ENROUTE,2025-11-23 03:59:40,Dispatch
11763,402401,ARRIVED,2025-11-23 04:47:40,Dispatch
11764,402401,COMPLETED,2025-11-23 09:13:40,Dispatch
11765,402402,CREATED,2025-11-23 00:26:27,Dispatch
11766,402402,ASSIGNED,2025-11-23 02:30:27,Dispatch
11767,402402,ENROUTE,2025-11-23 04:12:27,Mobile
11768,402402,ARRIVED,2025-11-23 06:08:27,Dispatch
11769,402402,COMPLETED,2025-11-23 14:32:27,Dispatch
11770,402403,CREATED,2025-11-23 06:43:17,Mobile
11771,402403,ASSIGNED,2025-11-23 09:40:17,Dispatch
11772,402403,ENROUTE,2025-11-23 13:25:17,Dispatch
11773,402403,ARRIVED,2025-11-23 15:50:17,Dispatch
11774,402403,CANCELLED,2025-11-23 10:40:17,Mobile
11775,402404,CREATED,2025-11-23 08:18:43,Mobile
11776,402404,ASSIGNED,2025-11-23 09:38:43,CRM
11777,402404,ENROUTE,2025-11-23 17:05:43,Dispatch
11778,402404,ARRIVED,2025-11-23 18:50:43,Mobile
11779,402404,COMPLETED,2025-11-23 23:51:43,Mobile
11780,402405,CREATED,2025-11-23 08:35:32,CRM
11781,402405,ASSIGNED,2025-11-23 10:37:32,Dispatch
11782,402405,ENROUTE,2025-11-23 15:17:32,CRM
11783,402405,ARRIVED,2025-11-23 17:57:32,Dispatch
11784,402405,COMPLETED,2025-11-23 19:59:32,Dispatch
11785,402406,CREATED,2025-11-23 10:04:13,Dispatch
11786,402406,ASSIGNED,2025-11-23 11:04:13,Dispatch
11787,402406,ENROUTE,2025-11-23 15:26:13,Mobile
11788,402406,ARRIVED,2025-11-23 16:24:13,Dispatch
11789,402407,CREATED,2025-11-23 15:21:44,Dispatch
11790,402407,ASSIGNED,2025-11-23 17:12:44,Dispatch
11791,402407,ENROUTE,2025-11-23 20:32:44,Dispatch
11792,402407,ARRIVED,2025-11-23 23:24:44,Mobile
11793,402407,COMPLETED,2025-11-24 06:09:44,Mobile
11794,402408,CREATED,2025-11-23 16:59:40,Mobile
11795,402408,ASSIGNED,2025-11-23 18:15:40,Dispatch
11796,402408,ENROUTE,2025-11-24 01:48:40,CRM
11797,402408,ARRIVED,2025-11-24 02:14:40,Dispatch
11798,402408,COMPLETED,2025-11-24 07:17:40,Dispatch
11799,402409,CREATED,2025-11-24 03:06:07,Dispatch
11800,402409,ASSIGNED,2025-11-24 03:58:07,Dispatch
11801,402409,ENROUTE,2025-11-24 06:38:07,Dispatch
11802,402409,ARRIVED,2025-11-24 07:22:07,Dispatch
11803,402409,COMPLETED,2025-11-24 16:28:07,Mobile
11804,402410,CREATED,2025-11-24 03:12:55,Dispatch
11805,402410,ASSIGNED,2025-11-24 03:37:55,Mobile
11806,402410,ENROUTE,2025-11-24 08:13:55,Mobile
11807,402410,ARRIVED,2025-11-24 09:18:55,Mobile
11808,402410,COMPLETED,2025-11-24 16:26:55,Dispatch
11809,402411,CREATED,2025-11-24 07:52:25,Mobile
11810,402411,ASSIGNED,2025-11-24 10:23:25,Mobile
11811,402411,ENROUTE,2025-11-24 11:10:25,CRM
11812,402411,ARRIVED,2025-11-24 12:44:25,Dispatch
11813,402411,COMPLETED,2025-11-24 15:13:25,Dispatch
11814,402412,CREATED,2025-11-24 08:10:55,Dispatch
11815,402412,ASSIGNED,2025-11-24 10:40:55,Dispatch
11816,402412,ENROUTE,2025-11-24 13:08:55,Dispatch
11817,402412,ARRIVED,2025-11-24 14:30:55,Mobile
11818,402412,COMPLETED,2025-11-24 22:09:55,Dispatch
11819,402413,CREATED,2025-11-24 10:49:51,Dispatch
11820,402413,ASSIGNED,2025-11-24 12:37:51,Dispatch
11821,402413,ENROUTE,2025-11-24 17:36:51,Dispatch
11822,402413,ARRIVED,2025-11-24 19:50:51,CRM
11823,402413,COMPLETED,2025-11-25 03:23:51,Dispatch
11824,402414,CREATED,2025-11-24 15:54:17,Mobile
11825,402414,ASSIGNED,2025-11-24 17:18:17,Mobile
11826,402414,ENROUTE,2025-11-25 00:25:17,Mobile
11827,402414,ARRIVED,2025-11-25 02:54:17,Mobile
11828,402414,COMPLETED,2025-11-25 10:02:17,Dispatch
11829,402415,CREATED,2025-11-25 02:31:49,Dispatch
11830,402415,ASSIGNED,2025-11-25 04:55:49,Dispatch
11831,402415,ENROUTE,2025-11-25 05:33:49,Dispatch
11832,402415,ARRIVED,2025-11-25 07:25:49,Dispatch
11833,402415,COMPLETED,2025-11-25 14:41:49,CRM
11834,402416,CREATED,2025-11-25 03:03:15,Dispatch
11835,402416,ASSIGNED,2025-11-25 06:22:15,Dispatch
11836,402416,ENROUTE,2025-11-25 12:49:15,Mobile
11837,402416,ARRIVED,2025-11-25 13:36:15,Mobile
11838,402416,COMPLETED,2025-11-25 22:18:15,Mobile
11839,402417,CREATED,2025-11-25 08:33:09,Dispatch
11840,402417,ASSIGNED,2025-11-25 11:01:09,CRM
11841,402417,ENROUTE,2025-11-25 14:45:09,Mobile
11842,402417,ARRIVED,2025-11-25 17:25:09,Dispatch
11843,402417,COMPLETED,2025-11-25 20:59:09,Mobile
11844,402418,CREATED,2025-11-25 09:43:06,Mobile
11845,402418,ASSIGNED,2025-11-25 12:51:06,CRM
11846,402418,ENROUTE,2025-11-25 16:31:06,Mobile
11847,402418,ARRIVED,2025-11-25 17:23:06,Mobile
11848,402418,COMPLETED,2025-11-26 00:13:06,Mobile
11849,402419,CREATED,2025-11-25 09:51:14,Dispatch
11850,402419,ASSIGNED,2025-11-25 10:48:14,Mobile
11851,402419,ENROUTE,2025-11-25 15:50:14,Dispatch
11852,402419,ARRIVED,2025-11-25 18:29:14,Mobile
11853,402419,COMPLETED,2025-11-25 19:15:14,Mobile
11854,402420,CREATED,2025-11-25 11:02:26,Mobile
11855,402420,ASSIGNED,2025-11-25 14:17:26,Mobile
11856,402420,ENROUTE,2025-11-25 19:36:26,Dispatch
11857,402420,ARRIVED,2025-11-25 19:51:26,Mobile
11858,402420,COMPLETED,2025-11-25 22:02:26,Mobile
11859,402421,CREATED,2025-11-25 17:09:38,Dispatch
11860,402421,ASSIGNED,2025-11-25 19:53:38,Mobile
11861,402421,ENROUTE,2025-11-25 22:04:38,Dispatch
11862,402421,ARRIVED,2025-11-25 23:40:38,Dispatch
11863,402421,COMPLETED,2025-11-26 08:25:38,Dispatch
11864,402422,CREATED,2025-11-26 03:50:56,Dispatch
11865,402422,ASSIGNED,2025-11-26 04:21:56,Mobile
11866,402422,ENROUTE,2025-11-26 05:30:56,Mobile
11867,402422,ARRIVED,2025-11-26 07:22:56,Mobile
11868,402422,COMPLETED,2025-11-26 10:21:56,Dispatch
11869,402423,CREATED,2025-11-26 08:36:19,Dispatch
11870,402423,ASSIGNED,2025-11-26 10:49:19,Dispatch
11871,402423,ENROUTE,2025-11-26 11:24:19,Mobile
11872,402423,ARRIVED,2025-11-26 13:00:19,Dispatch
11873,402423,COMPLETED,2025-11-26 21:46:19,Dispatch
11874,402424,CREATED,2025-11-26 08:54:55,Mobile
11875,402424,ASSIGNED,2025-11-26 10:10:55,CRM
11876,402424,ENROUTE,2025-11-26 14:43:55,Dispatch
11877,402424,ARRIVED,2025-11-26 16:39:55,Dispatch
11878,402424,COMPLETED,2025-11-26 21:30:55,Mobile
11879,402425,CREATED,2025-11-26 12:01:46,Dispatch
11880,402425,ASSIGNED,2025-11-26 13:45:46,Mobile
11881,402425,ENROUTE,2025-11-26 19:26:46,Dispatch
11882,402425,ARRIVED,2025-11-26 20:07:46,Mobile
11883,402425,COMPLETED,2025-11-27 01:06:46,Dispatch
11884,402426,CREATED,2025-11-26 13:32:35,Mobile
11885,402426,ASSIGNED,2025-11-26 15:01:35,Dispatch
11886,402426,ENROUTE,2025-11-26 20:22:35,Dispatch
11887,402426,ARRIVED,2025-11-26 20:42:35,Dispatch
11888,402426,COMPLETED,2025-11-26 21:14:35,Dispatch
11889,402427,CREATED,2025-11-26 14:28:41,Dispatch
11890,402427,ASSIGNED,2025-11-26 16:31:41,Dispatch
11891,402427,ENROUTE,2025-11-26 22:26:41,Mobile
11892,402427,ARRIVED,2025-11-26 23:11:41,Mobile
11893,402427,COMPLETED,2025-11-27 04:58:41,Mobile
11894,402428,CREATED,2025-11-27 01:46:56,Mobile
11895,402428,ASSIGNED,2025-11-27 04:06:56,Dispatch
11896,402428,ENROUTE,2025-11-27 11:05:56,Dispatch
11897,402428,ARRIVED,2025-11-27 13:26:56,Mobile
11898,402428,COMPLETED,2025-11-27 18:17:56,Mobile
11899,402429,CREATED,2025-11-27 09:33:27,Dispatch
11900,402429,ASSIGNED,2025-11-27 13:30:27,Mobile
11901,402429,ENROUTE,2025-11-27 19:55:27,CRM
11902,402429,ARRIVED,2025-11-27 22:32:27,Dispatch
11903,402429,COMPLETED,2025-11-28 00:19:27,Dispatch
11904,402430,CREATED,2025-11-27 12:30:51,Dispatch
11905,402430,ASSIGNED,2025-11-27 15:56:51,Mobile
11906,402430,ENROUTE,2025-11-27 16:35:51,Mobile
11907,402430,ARRIVED,2025-11-27 18:21:51,CRM
11908,402430,COMPLETED,2025-11-27 22:04:51,Dispatch
11909,402431,CREATED,2025-11-27 13:03:24,Mobile
11910,402431,ASSIGNED,2025-11-27 13:47:24,Dispatch
11911,402431,ENROUTE,2025-11-27 20:54:24,Dispatch
11912,402431,ARRIVED,2025-11-27 22:30:24,Mobile
11913,402431,COMPLETED,2025-11-28 03:29:24,Dispatch
11914,402432,CREATED,2025-11-27 14:46:42,Dispatch
11915,402432,ASSIGNED,2025-11-27 15:18:42,Dispatch
11916,402432,ENROUTE,2025-11-27 15:34:42,CRM
11917,402432,ARRIVED,2025-11-27 17:33:42,Dispatch
11918,402432,COMPLETED,2025-11-27 23:03:42,Mobile
11919,402433,CREATED,2025-11-27 18:28:12,Dispatch
11920,402433,ASSIGNED,2025-11-27 20:35:12,Mobile
11921,402433,ENROUTE,2025-11-28 03:07:12,Dispatch
11922,402433,ARRIVED,2025-11-28 05:02:12,Mobile
11923,402433,COMPLETED,2025-11-28 09:31:12,CRM
11924,402434,CREATED,2025-11-27 21:59:06,Dispatch
11925,402434,ASSIGNED,2025-11-28 00:10:06,Dispatch
11926,402434,ENROUTE,2025-11-28 06:00:06,Dispatch
11927,402434,ARRIVED,2025-11-28 08:14:06,CRM
11928,402434,CANCELLED,2025-11-28 01:10:06,Mobile
11929,402435,CREATED,2025-11-28 05:42:18,Mobile
11930,402435,ASSIGNED,2025-11-28 09:09:18,Mobile
11931,402435,ENROUTE,2025-11-28 10:46:18,CRM
11932,402435,ARRIVED,2025-11-28 13:24:18,Dispatch
11933,402435,COMPLETED,2025-11-28 23:19:18,Mobile
11934,402436,CREATED,2025-11-28 08:08:53,Mobile
11935,402436,ASSIGNED,2025-11-28 11:19:53,Mobile
11936,402436,ENROUTE,2025-11-28 13:56:53,Dispatch
11937,402436,ARRIVED,2025-11-28 14:10:53,Mobile
11938,402436,COMPLETED,2025-11-28 21:50:53,Dispatch
11939,402437,CREATED,2025-11-28 14:50:58,CRM
11940,402437,ASSIGNED,2025-11-28 17:45:58,Dispatch
11941,402437,ENROUTE,2025-11-29 00:52:58,Dispatch
11942,402437,ARRIVED,2025-11-29 02:03:58,Dispatch
11943,402438,CREATED,2025-11-28 15:47:38,Dispatch
11944,402438,ASSIGNED,2025-11-28 15:54:38,Dispatch
11945,402438,ENROUTE,2025-11-28 19:49:38,Dispatch
11946,402438,ARRIVED,2025-11-28 22:05:38,Mobile
11947,402438,COMPLETED,2025-11-29 00:46:38,Mobile
11948,402439,CREATED,2025-11-28 16:43:01,Mobile
11949,402439,ASSIGNED,2025-11-28 17:40:01,Mobile
11950,402439,ENROUTE,2025-11-28 20:58:01,Dispatch
11951,402439,ARRIVED,2025-11-28 21:23:01,CRM
11952,402439,COMPLETED,2025-11-29 01:33:01,Mobile
11953,402440,CREATED,2025-11-28 21:06:41,Mobile
11954,402440,ASSIGNED,2025-11-28 22:31:41,Mobile
11955,402440,ENROUTE,2025-11-28 23:43:41,Dispatch
11956,402440,ARRIVED,2025-11-29 00:03:41,Mobile
11957,402440,COMPLETED,2025-11-29 09:47:41,Mobile
11958,402441,CREATED,2025-11-29 02:14:46,Dispatch
11959,402441,ASSIGNED,2025-11-29 04:36:46,Mobile
11960,402441,ENROUTE,2025-11-29 07:19:46,Dispatch
11961,402441,ARRIVED,2025-11-29 08:55:46,Dispatch
11962,402441,COMPLETED,2025-11-29 16:07:46,Dispatch
11963,402442,CREATED,2025-11-29 02:18:59,Dispatch
11964,402442,ASSIGNED,2025-11-29 03:44:59,Mobile
11965,402442,ENROUTE,2025-11-29 07:14:59,Dispatch
11966,402442,ARRIVED,2025-11-29 09:41:59,Mobile
11967,402442,COMPLETED,2025-11-29 11:00:59,Dispatch
11968,402443,CREATED,2025-11-29 06:22:56,Dispatch
11969,402443,ASSIGNED,2025-11-29 08:46:56,Dispatch
11970,402443,ENROUTE,2025-11-29 14:52:56,Dispatch
11971,402443,ARRIVED,2025-11-29 16:52:56,Dispatch
11972,402443,COMPLETED,2025-11-29 20:23:56,Dispatch
11973,402444,CREATED,2025-11-29 06:57:06,Dispatch
11974,402444,ASSIGNED,2025-11-29 10:48:06,Dispatch
11975,402444,ENROUTE,2025-11-29 12:31:06,Mobile
11976,402444,ARRIVED,2025-11-29 13:07:06,Dispatch
11977,402445,CREATED,2025-11-29 15:32:36,Mobile
11978,402445,ASSIGNED,2025-11-29 16:38:36,Mobile
11979,402445,ENROUTE,2025-11-29 20:19:36,Dispatch
11980,402445,ARRIVED,2025-11-29 22:37:36,Dispatch
11981,402446,CREATED,2025-11-30 04:58:57,Dispatch
11982,402446,ASSIGNED,2025-11-30 06:18:57,Dispatch
11983,402446,ENROUTE,2025-11-30 07:24:57,Mobile
11984,402446,ARRIVED,2025-11-30 09:46:57,Dispatch
11985,402446,COMPLETED,2025-11-30 11:12:57,CRM
11986,402447,CREATED,2025-11-30 08:33:34,Dispatch
11987,402447,ASSIGNED,2025-11-30 11:34:34,Mobile
11988,402447,ENROUTE,2025-11-30 16:39:34,Mobile
11989,402447,ARRIVED,2025-11-30 18:46:34,CRM
11990,402447,COMPLETED,2025-11-30 20:52:34,Mobile
11991,402448,CREATED,2025-11-30 09:30:35,Mobile
11992,402448,ASSIGNED,2025-11-30 12:10:35,Mobile
11993,402448,ENROUTE,2025-11-30 16:05:35,Dispatch
11994,402448,ARRIVED,2025-11-30 18:00:35,Dispatch
11995,402448,COMPLETED,2025-12-01 01:45:35,Dispatch
11996,402449,CREATED,2025-11-30 11:01:49,Mobile
11997,402449,ASSIGNED,2025-11-30 13:53:49,Dispatch
11998,402449,ENROUTE,2025-11-30 18:55:49,Mobile
11999,402449,ARRIVED,2025-11-30 21:30:49,Dispatch
12000,402449,COMPLETED,2025-12-01 04:33:49,CRM
12001,402450,CREATED,2025-11-30 11:14:58,Mobile
12002,402450,ASSIGNED,2025-11-30 12:41:58,CRM
12003,402450,ENROUTE,2025-11-30 13:19:58,Dispatch
12004,402450,ARRIVED,2025-11-30 14:29:58,Mobile
12005,402450,COMPLETED,2025-11-30 22:45:58,Dispatch
12006,402451,CREATED,2025-11-30 13:36:10,Dispatch
12007,402451,ASSIGNED,2025-11-30 13:50:10,Dispatch
12008,402451,ENROUTE,2025-11-30 14:25:10,Dispatch
12009,402451,ARRIVED,2025-11-30 17:09:10,Dispatch
12010,402451,COMPLETED,2025-11-30 23:55:10,Dispatch
12011,402452,CREATED,2025-11-30 15:30:02,Mobile
12012,402452,ASSIGNED,2025-11-30 15:58:02,Dispatch
12013,402452,ENROUTE,2025-11-30 16:20:02,Dispatch
12014,402452,ARRIVED,2025-11-30 18:44:02,Mobile
12015,402452,COMPLETED,2025-12-01 00:43:02,Mobile
12016,402453,CREATED,2025-11-30 15:31:45,Dispatch
12017,402453,ASSIGNED,2025-11-30 17:26:45,Mobile
12018,402453,ENROUTE,2025-11-30 20:34:45,Dispatch
12019,402453,ARRIVED,2025-11-30 21:09:45,Mobile
12020,402454,CREATED,2025-11-30 17:57:20,Dispatch
12021,402454,ASSIGNED,2025-11-30 20:11:20,Mobile
12022,402454,ENROUTE,2025-12-01 00:35:20,Mobile
12023,402454,ARRIVED,2025-12-01 01:27:20,Mobile
12024,402454,COMPLETED,2025-12-01 05:12:20,Mobile
12025,402455,CREATED,2025-11-30 20:00:31,Dispatch
12026,402455,ASSIGNED,2025-11-30 21:19:31,Dispatch
12027,402455,ENROUTE,2025-11-30 23:27:31,Dispatch
12028,402455,ARRIVED,2025-12-01 01:51:31,Mobile
12029,402455,CANCELLED,2025-11-30 22:19:31,Mobile
12030,402456,CREATED,2025-11-30 21:13:52,Dispatch
12031,402456,ASSIGNED,2025-11-30 23:39:52,Dispatch
12032,402456,ENROUTE,2025-12-01 07:03:52,Dispatch
12033,402456,ARRIVED,2025-12-01 08:55:52,Mobile
12034,402456,COMPLETED,2025-12-01 12:10:52,Dispatch
12035,402457,CREATED,2025-12-01 01:15:55,Mobile
12036,402457,ASSIGNED,2025-12-01 04:52:55,Dispatch
12037,402457,ENROUTE,2025-12-01 08:08:55,CRM
12038,402457,ARRIVED,2025-12-01 10:45:55,Dispatch
12039,402457,COMPLETED,2025-12-01 20:37:55,Dispatch
12040,402458,CREATED,2025-12-01 03:16:22,Dispatch
12041,402458,ASSIGNED,2025-12-01 03:54:22,Dispatch
12042,402458,ENROUTE,2025-12-01 11:12:22,Dispatch
12043,402458,ARRIVED,2025-12-01 12:06:22,Mobile
12044,402458,COMPLETED,2025-12-01 19:27:22,Mobile
12045,402459,CREATED,2025-12-01 06:32:37,Mobile
12046,402459,ASSIGNED,2025-12-01 10:03:37,Dispatch
12047,402459,ENROUTE,2025-12-01 15:16:37,Mobile
12048,402459,ARRIVED,2025-12-01 16:20:37,Mobile
12049,402459,CANCELLED,2025-12-01 11:03:37,CRM
12050,402460,CREATED,2025-12-01 06:56:17,Mobile
12051,402460,ASSIGNED,2025-12-01 07:52:17,Dispatch
12052,402460,ENROUTE,2025-12-01 09:00:17,Dispatch
12053,402460,ARRIVED,2025-12-01 11:22:17,Dispatch
12054,402460,COMPLETED,2025-12-01 15:53:17,Dispatch
12055,402461,CREATED,2025-12-01 09:00:09,Mobile
12056,402461,ASSIGNED,2025-12-01 12:56:09,Dispatch
12057,402461,ENROUTE,2025-12-01 14:25:09,Mobile
12058,402461,ARRIVED,2025-12-01 16:04:09,CRM
12059,402461,COMPLETED,2025-12-02 01:12:09,CRM
12060,402462,CREATED,2025-12-01 09:31:30,Dispatch
12061,402462,ASSIGNED,2025-12-01 12:12:30,Dispatch
12062,402462,ENROUTE,2025-12-01 13:08:30,Mobile
12063,402462,ARRIVED,2025-12-01 15:31:30,Dispatch
12064,402463,CREATED,2025-12-01 13:03:29,Dispatch
12065,402463,ASSIGNED,2025-12-01 16:47:29,Dispatch
12066,402463,ENROUTE,2025-12-01 20:34:29,Dispatch
12067,402463,ARRIVED,2025-12-01 22:36:29,Mobile
12068,402463,COMPLETED,2025-12-02 01:15:29,CRM
12069,402464,CREATED,2025-12-01 20:51:51,Dispatch
12070,402464,ASSIGNED,2025-12-02 00:26:51,Dispatch
12071,402464,ENROUTE,2025-12-02 03:22:51,CRM
12072,402464,ARRIVED,2025-12-02 05:37:51,Dispatch
12073,402464,COMPLETED,2025-12-02 06:58:51,Mobile
12074,402465,CREATED,2025-12-01 22:42:34,CRM
12075,402465,ASSIGNED,2025-12-02 00:49:34,Mobile
12076,402465,ENROUTE,2025-12-02 02:07:34,Dispatch
12077,402465,ARRIVED,2025-12-02 03:41:34,Dispatch
12078,402465,COMPLETED,2025-12-02 05:11:34,Dispatch
12079,402466,CREATED,2025-12-01 23:28:01,Dispatch
12080,402466,ASSIGNED,2025-12-02 03:25:01,Dispatch
12081,402466,ENROUTE,2025-12-02 06:15:01,Mobile
12082,402466,ARRIVED,2025-12-02 08:33:01,Dispatch
12083,402466,COMPLETED,2025-12-02 15:25:01,Dispatch
12084,402467,CREATED,2025-12-02 01:49:09,Dispatch
12085,402467,ASSIGNED,2025-12-02 02:56:09,Dispatch
12086,402467,ENROUTE,2025-12-02 09:38:09,Dispatch
12087,402467,ARRIVED,2025-12-02 11:09:09,Mobile
12088,402467,COMPLETED,2025-12-02 11:55:09,Mobile
12089,402468,CREATED,2025-12-02 07:09:52,Dispatch
12090,402468,ASSIGNED,2025-12-02 07:48:52,CRM
12091,402468,ENROUTE,2025-12-02 15:11:52,Dispatch
12092,402468,ARRIVED,2025-12-02 17:34:52,Dispatch
12093,402468,COMPLETED,2025-12-03 00:25:52,Dispatch
12094,402469,CREATED,2025-12-02 13:52:50,Mobile
12095,402469,ASSIGNED,2025-12-02 14:49:50,Mobile
12096,402469,ENROUTE,2025-12-02 19:07:50,Mobile
12097,402469,ARRIVED,2025-12-02 21:32:50,CRM
12098,402469,COMPLETED,2025-12-02 22:46:50,Dispatch
12099,402470,CREATED,2025-12-03 09:00:26,Dispatch
12100,402470,ASSIGNED,2025-12-03 12:53:26,Mobile
12101,402470,ENROUTE,2025-12-03 18:19:26,CRM
12102,402470,ARRIVED,2025-12-03 18:44:26,Dispatch
12103,402470,COMPLETED,2025-12-03 23:17:26,CRM
12104,402471,CREATED,2025-12-03 09:24:21,Dispatch
12105,402471,ASSIGNED,2025-12-03 10:41:21,Dispatch
12106,402471,ENROUTE,2025-12-03 11:56:21,Dispatch
12107,402471,ARRIVED,2025-12-03 14:05:21,Dispatch
12108,402471,COMPLETED,2025-12-03 16:21:21,Dispatch
12109,402472,CREATED,2025-12-03 10:57:10,CRM
12110,402472,ASSIGNED,2025-12-03 12:13:10,Dispatch
12111,402472,ENROUTE,2025-12-03 14:25:10,Dispatch
12112,402472,ARRIVED,2025-12-03 17:21:10,Mobile
12113,402472,CANCELLED,2025-12-03 13:13:10,Mobile
12114,402473,CREATED,2025-12-03 18:45:21,Dispatch
12115,402473,ASSIGNED,2025-12-03 19:57:21,Dispatch
12116,402473,ENROUTE,2025-12-04 02:32:21,Mobile
12117,402473,ARRIVED,2025-12-04 03:25:21,Dispatch
12118,402473,COMPLETED,2025-12-04 05:13:21,Dispatch
12119,402474,CREATED,2025-12-03 23:22:57,Mobile
12120,402474,ASSIGNED,2025-12-04 02:21:57,Dispatch
12121,402474,ENROUTE,2025-12-04 09:37:57,Dispatch
12122,402474,ARRIVED,2025-12-04 10:27:57,Dispatch
12123,402474,COMPLETED,2025-12-04 17:57:57,Dispatch
12124,402475,CREATED,2025-12-03 23:59:51,Dispatch
12125,402475,ASSIGNED,2025-12-04 01:36:51,CRM
12126,402475,ENROUTE,2025-12-04 03:08:51,Mobile
12127,402475,ARRIVED,2025-12-04 05:49:51,CRM
12128,402475,CANCELLED,2025-12-04 02:36:51,Dispatch
12129,402476,CREATED,2025-12-04 00:22:41,Mobile
12130,402476,ASSIGNED,2025-12-04 01:11:41,Dispatch
12131,402476,ENROUTE,2025-12-04 07:39:41,CRM
12132,402476,ARRIVED,2025-12-04 10:33:41,Mobile
12133,402476,COMPLETED,2025-12-04 16:46:41,Mobile
12134,402477,CREATED,2025-12-04 04:20:02,Dispatch
12135,402477,ASSIGNED,2025-12-04 08:15:02,Dispatch
12136,402477,ENROUTE,2025-12-04 10:12:02,Dispatch
12137,402477,ARRIVED,2025-12-04 10:56:02,Mobile
12138,402477,COMPLETED,2025-12-04 12:50:02,Dispatch
12139,402478,CREATED,2025-12-04 12:33:05,Mobile
12140,402478,ASSIGNED,2025-12-04 13:23:05,Mobile
12141,402478,ENROUTE,2025-12-04 20:34:05,Mobile
12142,402478,ARRIVED,2025-12-04 22:35:05,Mobile
12143,402479,CREATED,2025-12-04 12:35:04,Dispatch
12144,402479,ASSIGNED,2025-12-04 12:44:04,Mobile
12145,402479,ENROUTE,2025-12-04 14:22:04,Dispatch
12146,402479,ARRIVED,2025-12-04 15:00:04,Mobile
12147,402479,COMPLETED,2025-12-05 00:23:04,CRM
12148,402480,CREATED,2025-12-04 17:40:26,Dispatch
12149,402480,ASSIGNED,2025-12-04 18:37:26,Mobile
12150,402480,ENROUTE,2025-12-04 23:52:26,Mobile
12151,402480,ARRIVED,2025-12-05 02:25:26,Dispatch
12152,402480,COMPLETED,2025-12-05 11:08:26,Dispatch
12153,402480,REOPENED,2025-12-06 11:08:26,Mobile
12154,402480,ASSIGNED,2025-12-06 12:08:26,Dispatch
12155,402480,COMPLETED,2025-12-07 13:08:26,Mobile
12156,402481,CREATED,2025-12-04 18:48:28,Dispatch
12157,402481,ASSIGNED,2025-12-04 18:53:28,CRM
12158,402481,ENROUTE,2025-12-04 22:20:28,Dispatch
12159,402481,ARRIVED,2025-12-04 23:10:28,Mobile
12160,402481,COMPLETED,2025-12-04 23:42:28,Mobile
12161,402482,CREATED,2025-12-04 20:45:52,Mobile
12162,402482,ASSIGNED,2025-12-05 00:27:52,CRM
12163,402482,ENROUTE,2025-12-05 07:19:52,Mobile
12164,402482,ARRIVED,2025-12-05 08:02:52,Dispatch
12165,402482,COMPLETED,2025-12-05 14:45:52,Dispatch
12166,402483,CREATED,2025-12-05 07:04:51,Dispatch
12167,402483,ASSIGNED,2025-12-05 08:57:51,Mobile
12168,402483,ENROUTE,2025-12-05 15:44:51,Mobile
12169,402483,ARRIVED,2025-12-05 17:11:51,Mobile
12170,402483,COMPLETED,2025-12-05 21:37:51,Mobile
12171,402484,CREATED,2025-12-05 07:27:28,Dispatch
12172,402484,ASSIGNED,2025-12-05 08:29:28,Mobile
12173,402484,ENROUTE,2025-12-05 13:09:28,Mobile
12174,402484,ARRIVED,2025-12-05 13:21:28,Dispatch
12175,402484,COMPLETED,2025-12-05 17:32:28,Dispatch
12176,402485,CREATED,2025-12-05 09:52:13,Dispatch
12177,402485,ASSIGNED,2025-12-05 11:31:13,Mobile
12178,402485,ENROUTE,2025-12-05 14:54:13,Mobile
12179,402485,ARRIVED,2025-12-05 17:23:13,Dispatch
12180,402485,COMPLETED,2025-12-06 00:45:13,CRM
12181,402486,CREATED,2025-12-05 10:26:37,Dispatch
12182,402486,ASSIGNED,2025-12-05 12:53:37,Dispatch
12183,402486,ENROUTE,2025-12-05 18:07:37,Dispatch
12184,402486,ARRIVED,2025-12-05 19:41:37,Mobile
12185,402486,COMPLETED,2025-12-06 02:38:37,Mobile
12186,402487,CREATED,2025-12-05 12:49:22,CRM
12187,402487,ASSIGNED,2025-12-05 16:02:22,Mobile
12188,402487,ENROUTE,2025-12-05 23:25:22,Dispatch
12189,402487,ARRIVED,2025-12-06 00:53:22,Dispatch
12190,402487,COMPLETED,2025-12-06 07:47:22,Dispatch
12191,402488,CREATED,2025-12-05 14:22:04,Mobile
12192,402488,ASSIGNED,2025-12-05 17:13:04,Mobile
12193,402488,ENROUTE,2025-12-05 20:25:04,Mobile
12194,402488,ARRIVED,2025-12-05 22:00:04,CRM
12195,402488,COMPLETED,2025-12-06 07:41:04,Dispatch
12196,402489,CREATED,2025-12-06 01:41:35,Dispatch
12197,402489,ASSIGNED,2025-12-06 02:10:35,Dispatch
12198,402489,ENROUTE,2025-12-06 07:13:35,Dispatch
12199,402489,ARRIVED,2025-12-06 09:46:35,Mobile
12200,402489,COMPLETED,2025-12-06 10:54:35,Dispatch
12201,402490,CREATED,2025-12-06 02:28:05,Mobile
12202,402490,ASSIGNED,2025-12-06 03:44:05,Mobile
12203,402490,ENROUTE,2025-12-06 06:06:05,Dispatch
12204,402490,ARRIVED,2025-12-06 07:59:05,CRM
12205,402490,COMPLETED,2025-12-06 09:06:05,Mobile
12206,402491,CREATED,2025-12-06 07:56:48,Mobile
12207,402491,ASSIGNED,2025-12-06 10:30:48,Dispatch
12208,402491,ENROUTE,2025-12-06 11:39:48,Mobile
12209,402491,ARRIVED,2025-12-06 13:44:48,Mobile
12210,402491,COMPLETED,2025-12-06 21:42:48,Dispatch
12211,402492,CREATED,2025-12-06 12:08:55,Mobile
12212,402492,ASSIGNED,2025-12-06 15:18:55,Dispatch
12213,402492,ENROUTE,2025-12-06 20:41:55,Dispatch
12214,402492,ARRIVED,2025-12-06 22:20:55,Dispatch
12215,402492,COMPLETED,2025-12-07 03:00:55,Mobile
12216,402493,CREATED,2025-12-06 13:41:27,Mobile
12217,402493,ASSIGNED,2025-12-06 13:59:27,Mobile
12218,402493,ENROUTE,2025-12-06 18:30:27,Dispatch
12219,402493,ARRIVED,2025-12-06 21:00:27,Mobile
12220,402493,COMPLETED,2025-12-07 03:40:27,Dispatch
12221,402494,CREATED,2025-12-06 17:38:25,Dispatch
12222,402494,ASSIGNED,2025-12-06 19:03:25,Dispatch
12223,402494,ENROUTE,2025-12-06 23:42:25,Mobile
12224,402494,ARRIVED,2025-12-07 01:05:25,Mobile
12225,402494,COMPLETED,2025-12-07 09:17:25,Mobile
12226,402495,CREATED,2025-12-06 19:16:56,Mobile
12227,402495,ASSIGNED,2025-12-06 19:31:56,Mobile
12228,402495,ENROUTE,2025-12-07 01:06:56,Mobile
12229,402495,ARRIVED,2025-12-07 01:51:56,CRM
12230,402495,COMPLETED,2025-12-07 08:21:56,Mobile
12231,402496,CREATED,2025-12-06 21:26:03,Dispatch
12232,402496,ASSIGNED,2025-12-06 23:26:03,Mobile
12233,402496,ENROUTE,2025-12-07 07:11:03,Dispatch
12234,402496,ARRIVED,2025-12-07 08:39:03,Mobile
12235,402496,COMPLETED,2025-12-07 09:19:03,Mobile
12236,402497,CREATED,2025-12-07 02:52:56,CRM
12237,402497,ASSIGNED,2025-12-07 04:38:56,Mobile
12238,402497,ENROUTE,2025-12-07 12:21:56,Mobile
12239,402497,ARRIVED,2025-12-07 15:02:56,Mobile
12240,402497,CANCELLED,2025-12-07 05:38:56,Mobile
12241,402498,CREATED,2025-12-07 10:06:38,Mobile
12242,402498,ASSIGNED,2025-12-07 12:19:38,Dispatch
12243,402498,ENROUTE,2025-12-07 12:41:38,Dispatch
12244,402498,ARRIVED,2025-12-07 15:15:38,Dispatch
12245,402498,COMPLETED,2025-12-07 17:49:38,Dispatch
12246,402499,CREATED,2025-12-07 10:46:38,Dispatch
12247,402499,ASSIGNED,2025-12-07 13:40:38,Dispatch
12248,402499,ENROUTE,2025-12-07 19:13:38,Mobile
12249,402499,ARRIVED,2025-12-07 21:17:38,Mobile
12250,402499,COMPLETED,2025-12-08 04:14:38,Mobile
12251,402500,CREATED,2025-12-07 18:18:42,CRM
12252,402500,ASSIGNED,2025-12-07 21:37:42,Dispatch
12253,402500,ENROUTE,2025-12-08 03:08:42,Mobile
12254,402500,ARRIVED,2025-12-08 04:31:42,Mobile
12255,402500,COMPLETED,2025-12-08 08:14:42,Dispatch
12256,402501,CREATED,2025-12-07 20:46:23,Mobile
12257,402501,ASSIGNED,2025-12-08 00:05:23,Dispatch
12258,402501,ENROUTE,2025-12-08 07:54:23,Dispatch
12259,402501,ARRIVED,2025-12-08 09:52:23,Mobile
12260,402501,COMPLETED,2025-12-08 11:48:23,Mobile
12261,402502,CREATED,2025-12-07 21:25:23,Dispatch
12262,402502,ASSIGNED,2025-12-07 23:56:23,CRM
12263,402502,ENROUTE,2025-12-08 07:43:23,CRM
12264,402502,ARRIVED,2025-12-08 08:56:23,Mobile
12265,402503,CREATED,2025-12-07 22:11:00,Dispatch
12266,402503,ASSIGNED,2025-12-07 23:18:00,Dispatch
12267,402503,ENROUTE,2025-12-08 05:28:00,Mobile
12268,402503,ARRIVED,2025-12-08 07:20:00,Mobile
12269,402503,COMPLETED,2025-12-08 09:54:00,Dispatch
12270,402504,CREATED,2025-12-07 22:14:54,Mobile
12271,402504,ASSIGNED,2025-12-07 23:47:54,Mobile
12272,402504,ENROUTE,2025-12-08 01:15:54,Dispatch
12273,402504,ARRIVED,2025-12-08 02:56:54,Mobile
12274,402504,COMPLETED,2025-12-08 08:44:54,Mobile
12275,402505,CREATED,2025-12-08 00:05:22,Dispatch
12276,402505,ASSIGNED,2025-12-08 00:11:22,Mobile
12277,402505,ENROUTE,2025-12-08 04:34:22,Mobile
12278,402505,ARRIVED,2025-12-08 05:13:22,Mobile
12279,402505,COMPLETED,2025-12-08 10:02:22,Dispatch
12280,402506,CREATED,2025-12-08 00:29:08,Mobile
12281,402506,ASSIGNED,2025-12-08 02:26:08,Dispatch
12282,402506,ENROUTE,2025-12-08 03:10:08,Dispatch
12283,402506,ARRIVED,2025-12-08 06:08:08,Dispatch
12284,402506,COMPLETED,2025-12-08 14:14:08,Dispatch
12285,402507,CREATED,2025-12-08 00:47:21,Dispatch
12286,402507,ASSIGNED,2025-12-08 02:02:21,Dispatch
12287,402507,ENROUTE,2025-12-08 06:43:21,CRM
12288,402507,ARRIVED,2025-12-08 08:37:21,Mobile
12289,402507,COMPLETED,2025-12-08 10:23:21,Dispatch
12290,402508,CREATED,2025-12-08 04:01:27,Mobile
12291,402508,ASSIGNED,2025-12-08 06:08:27,Mobile
12292,402508,ENROUTE,2025-12-08 12:13:27,CRM
12293,402508,ARRIVED,2025-12-08 14:59:27,Mobile
12294,402508,COMPLETED,2025-12-08 16:26:27,Dispatch
12295,402509,CREATED,2025-12-08 05:43:13,CRM
12296,402509,ASSIGNED,2025-12-08 06:07:13,Mobile
12297,402509,ENROUTE,2025-12-08 10:57:13,CRM
12298,402509,ARRIVED,2025-12-08 12:34:13,Mobile
12299,402509,COMPLETED,2025-12-08 18:30:13,Mobile
12300,402510,CREATED,2025-12-08 07:08:15,Dispatch
12301,402510,ASSIGNED,2025-12-08 07:18:15,Mobile
12302,402510,ENROUTE,2025-12-08 08:35:15,Dispatch
12303,402510,ARRIVED,2025-12-08 10:21:15,Dispatch
12304,402510,COMPLETED,2025-12-08 13:07:15,Dispatch
12305,402511,CREATED,2025-12-08 10:16:59,Dispatch
12306,402511,ASSIGNED,2025-12-08 10:55:59,Dispatch
12307,402511,ENROUTE,2025-12-08 12:29:59,Mobile
12308,402511,ARRIVED,2025-12-08 13:40:59,Dispatch
12309,402511,COMPLETED,2025-12-08 18:20:59,Dispatch
12310,402512,CREATED,2025-12-08 11:23:09,Dispatch
12311,402512,ASSIGNED,2025-12-08 13:21:09,Mobile
12312,402512,ENROUTE,2025-12-08 16:21:09,Dispatch
12313,402512,ARRIVED,2025-12-08 17:16:09,Dispatch
12314,402512,COMPLETED,2025-12-09 00:55:09,Mobile
12315,402513,CREATED,2025-12-08 14:45:07,Mobile
12316,402513,ASSIGNED,2025-12-08 15:45:07,Mobile
12317,402513,ENROUTE,2025-12-08 17:49:07,Mobile
12318,402513,ARRIVED,2025-12-08 20:46:07,Dispatch
12319,402513,COMPLETED,2025-12-09 01:41:07,Dispatch
12320,402514,CREATED,2025-12-08 14:49:06,Dispatch
12321,402514,ASSIGNED,2025-12-08 15:22:06,Dispatch
12322,402514,ENROUTE,2025-12-08 19:39:06,CRM
12323,402514,ARRIVED,2025-12-08 21:41:06,Mobile
12324,402514,COMPLETED,2025-12-09 00:01:06,Mobile
12325,402515,CREATED,2025-12-08 21:19:28,Mobile
12326,402515,ASSIGNED,2025-12-09 01:17:28,Mobile
12327,402515,ENROUTE,2025-12-09 05:01:28,Mobile
12328,402515,ARRIVED,2025-12-09 07:35:28,Dispatch
12329,402515,CANCELLED,2025-12-09 02:17:28,Mobile
12330,402516,CREATED,2025-12-08 22:32:09,Dispatch
12331,402516,ASSIGNED,2025-12-09 01:29:09,Mobile
12332,402516,ENROUTE,2025-12-09 04:20:09,Dispatch
12333,402516,ARRIVED,2025-12-09 06:24:09,Dispatch
12334,402516,COMPLETED,2025-12-09 14:14:09,Mobile
12335,402517,CREATED,2025-12-09 05:01:11,Mobile
12336,402517,ASSIGNED,2025-12-09 08:18:11,Dispatch
12337,402517,ENROUTE,2025-12-09 16:14:11,Dispatch
12338,402517,ARRIVED,2025-12-09 18:17:11,CRM
12339,402517,COMPLETED,2025-12-10 03:50:11,Dispatch
12340,402518,CREATED,2025-12-09 08:08:00,Mobile
12341,402518,ASSIGNED,2025-12-09 11:38:00,Dispatch
12342,402518,ENROUTE,2025-12-09 17:20:00,Dispatch
12343,402518,ARRIVED,2025-12-09 19:24:00,Mobile
12344,402518,COMPLETED,2025-12-10 04:46:00,Mobile
12345,402519,CREATED,2025-12-09 09:07:35,Dispatch
12346,402519,ASSIGNED,2025-12-09 10:22:35,Mobile
12347,402519,ENROUTE,2025-12-09 12:24:35,Dispatch
12348,402519,ARRIVED,2025-12-09 13:53:35,CRM
12349,402519,CANCELLED,2025-12-09 11:22:35,Dispatch
12350,402520,CREATED,2025-12-09 09:13:30,Mobile
12351,402520,ASSIGNED,2025-12-09 09:31:30,Dispatch
12352,402520,ENROUTE,2025-12-09 13:10:30,Mobile
12353,402520,ARRIVED,2025-12-09 14:40:30,Dispatch
12354,402520,CANCELLED,2025-12-09 10:31:30,Mobile
12355,402521,CREATED,2025-12-09 11:53:14,Dispatch
12356,402521,ASSIGNED,2025-12-09 12:36:14,Dispatch
12357,402521,ENROUTE,2025-12-09 18:59:14,Dispatch
12358,402521,ARRIVED,2025-12-09 20:48:14,Mobile
12359,402521,COMPLETED,2025-12-10 06:20:14,Dispatch
12360,402522,CREATED,2025-12-10 04:16:53,Dispatch
12361,402522,ASSIGNED,2025-12-10 06:09:53,Dispatch
12362,402522,ENROUTE,2025-12-10 10:31:53,Mobile
12363,402522,ARRIVED,2025-12-10 12:02:53,Dispatch
12364,402522,COMPLETED,2025-12-10 17:40:53,Dispatch
12365,402523,CREATED,2025-12-10 06:31:15,Mobile
12366,402523,ASSIGNED,2025-12-10 10:01:15,Mobile
12367,402523,ENROUTE,2025-12-10 12:02:15,CRM
12368,402523,ARRIVED,2025-12-10 13:49:15,Mobile
12369,402523,COMPLETED,2025-12-10 18:43:15,CRM
12370,402524,CREATED,2025-12-10 10:29:28,Mobile
12371,402524,ASSIGNED,2025-12-10 13:52:28,Mobile
12372,402524,ENROUTE,2025-12-10 15:49:28,CRM
12373,402524,ARRIVED,2025-12-10 16:30:28,Dispatch
12374,402524,COMPLETED,2025-12-10 18:10:28,Dispatch
12375,402525,CREATED,2025-12-10 10:52:10,Mobile
12376,402525,ASSIGNED,2025-12-10 13:09:10,Mobile
12377,402525,ENROUTE,2025-12-10 13:39:10,Dispatch
12378,402525,ARRIVED,2025-12-10 15:01:10,Dispatch
12379,402525,COMPLETED,2025-12-10 20:35:10,Mobile
12380,402526,CREATED,2025-12-10 11:26:46,Dispatch
12381,402526,ASSIGNED,2025-12-10 14:20:46,CRM
12382,402526,ENROUTE,2025-12-10 20:35:46,Dispatch
12383,402526,ARRIVED,2025-12-10 21:14:46,Mobile
12384,402526,COMPLETED,2025-12-10 23:18:46,Dispatch
12385,402526,REOPENED,2025-12-11 23:18:46,Dispatch
12386,402526,ASSIGNED,2025-12-12 00:18:46,Dispatch
12387,402526,COMPLETED,2025-12-13 01:18:46,Mobile
12388,402527,CREATED,2025-12-10 15:13:24,Mobile
12389,402527,ASSIGNED,2025-12-10 17:27:24,Mobile
12390,402527,ENROUTE,2025-12-11 00:27:24,Mobile
12391,402527,ARRIVED,2025-12-11 03:16:24,Dispatch
12392,402527,COMPLETED,2025-12-11 07:33:24,Dispatch
12393,402528,CREATED,2025-12-10 15:54:14,Mobile
12394,402528,ASSIGNED,2025-12-10 18:07:14,Dispatch
12395,402528,ENROUTE,2025-12-10 21:51:14,Dispatch
12396,402528,ARRIVED,2025-12-10 22:16:14,Dispatch
12397,402528,COMPLETED,2025-12-11 02:32:14,Mobile
12398,402529,CREATED,2025-12-11 00:13:34,Dispatch
12399,402529,ASSIGNED,2025-12-11 01:19:34,Dispatch
12400,402529,ENROUTE,2025-12-11 07:45:34,CRM
12401,402529,ARRIVED,2025-12-11 08:56:34,Dispatch
12402,402530,CREATED,2025-12-11 04:46:09,Dispatch
12403,402530,ASSIGNED,2025-12-11 07:03:09,Mobile
12404,402530,ENROUTE,2025-12-11 07:23:09,Dispatch
12405,402530,ARRIVED,2025-12-11 08:10:09,Dispatch
12406,402531,CREATED,2025-12-11 09:54:52,Dispatch
12407,402531,ASSIGNED,2025-12-11 13:12:52,Mobile
12408,402531,ENROUTE,2025-12-11 15:37:52,Dispatch
12409,402531,ARRIVED,2025-12-11 17:56:52,Dispatch
12410,402531,CANCELLED,2025-12-11 14:12:52,Mobile
12411,402532,CREATED,2025-12-11 10:44:38,Mobile
12412,402532,ASSIGNED,2025-12-11 11:19:38,Dispatch
12413,402532,ENROUTE,2025-12-11 13:08:38,Dispatch
12414,402532,ARRIVED,2025-12-11 13:38:38,Mobile
12415,402532,COMPLETED,2025-12-11 22:25:38,Dispatch
12416,402533,CREATED,2025-12-11 17:24:21,Dispatch
12417,402533,ASSIGNED,2025-12-11 19:17:21,Dispatch
12418,402533,ENROUTE,2025-12-11 21:48:21,Dispatch
12419,402533,ARRIVED,2025-12-11 23:11:21,CRM
12420,402533,COMPLETED,2025-12-12 04:17:21,Dispatch
12421,402534,CREATED,2025-12-11 21:09:09,Dispatch
12422,402534,ASSIGNED,2025-12-11 23:50:09,Dispatch
12423,402534,ENROUTE,2025-12-12 01:59:09,Dispatch
12424,402534,ARRIVED,2025-12-12 02:49:09,CRM
12425,402535,CREATED,2025-12-12 00:18:22,Mobile
12426,402535,ASSIGNED,2025-12-12 01:44:22,Dispatch
12427,402535,ENROUTE,2025-12-12 02:55:22,Dispatch
12428,402535,ARRIVED,2025-12-12 05:38:22,Mobile
12429,402535,COMPLETED,2025-12-12 10:17:22,Dispatch
12430,402536,CREATED,2025-12-12 00:38:20,Dispatch
12431,402536,ASSIGNED,2025-12-12 02:02:20,Mobile
12432,402536,ENROUTE,2025-12-12 06:29:20,Mobile
12433,402536,ARRIVED,2025-12-12 07:20:20,Dispatch
12434,402536,COMPLETED,2025-12-12 15:56:20,Mobile
12435,402537,CREATED,2025-12-12 00:39:15,Dispatch
12436,402537,ASSIGNED,2025-12-12 03:54:15,Mobile
12437,402537,ENROUTE,2025-12-12 05:44:15,Dispatch
12438,402537,ARRIVED,2025-12-12 05:56:15,CRM
12439,402537,COMPLETED,2025-12-12 07:49:15,Dispatch
12440,402538,CREATED,2025-12-12 02:02:57,Dispatch
12441,402538,ASSIGNED,2025-12-12 05:39:57,CRM
12442,402538,ENROUTE,2025-12-12 09:28:57,Dispatch
12443,402538,ARRIVED,2025-12-12 10:45:57,Dispatch
12444,402538,COMPLETED,2025-12-12 11:53:57,Mobile
12445,402539,CREATED,2025-12-12 02:15:25,Mobile
12446,402539,ASSIGNED,2025-12-12 05:39:25,CRM
12447,402539,ENROUTE,2025-12-12 10:22:25,Dispatch
12448,402539,ARRIVED,2025-12-12 10:53:25,Mobile
12449,402539,COMPLETED,2025-12-12 19:19:25,Dispatch
12450,402540,CREATED,2025-12-12 02:40:04,Mobile
12451,402540,ASSIGNED,2025-12-12 04:21:04,Mobile
12452,402540,ENROUTE,2025-12-12 09:40:04,Dispatch
12453,402540,ARRIVED,2025-12-12 11:48:04,Dispatch
12454,402540,COMPLETED,2025-12-12 21:30:04,Dispatch
12455,402541,CREATED,2025-12-12 02:59:21,Dispatch
12456,402541,ASSIGNED,2025-12-12 04:09:21,Mobile
12457,402541,ENROUTE,2025-12-12 06:46:21,CRM
12458,402541,ARRIVED,2025-12-12 09:13:21,Mobile
12459,402542,CREATED,2025-12-12 05:21:54,CRM
12460,402542,ASSIGNED,2025-12-12 07:30:54,Mobile
12461,402542,ENROUTE,2025-12-12 13:25:54,Mobile
12462,402542,ARRIVED,2025-12-12 14:57:54,Dispatch
12463,402542,COMPLETED,2025-12-12 20:28:54,Mobile
12464,402543,CREATED,2025-12-12 12:14:51,Dispatch
12465,402543,ASSIGNED,2025-12-12 13:34:51,Mobile
12466,402543,ENROUTE,2025-12-12 16:23:51,Dispatch
12467,402543,ARRIVED,2025-12-12 16:54:51,Mobile
12468,402543,COMPLETED,2025-12-12 19:51:51,Dispatch
12469,402544,CREATED,2025-12-12 16:19:42,Mobile
12470,402544,ASSIGNED,2025-12-12 18:15:42,Mobile
12471,402544,ENROUTE,2025-12-12 21:23:42,Dispatch
12472,402544,ARRIVED,2025-12-12 23:09:42,CRM
12473,402544,COMPLETED,2025-12-13 05:07:42,Dispatch
12474,402545,CREATED,2025-12-12 16:33:13,Dispatch
12475,402545,ASSIGNED,2025-12-12 19:33:13,Dispatch
12476,402545,ENROUTE,2025-12-13 00:10:13,Mobile
12477,402545,ARRIVED,2025-12-13 02:53:13,Dispatch
12478,402546,CREATED,2025-12-12 18:13:08,CRM
12479,402546,ASSIGNED,2025-12-12 20:15:08,Dispatch
12480,402546,ENROUTE,2025-12-12 23:48:08,Dispatch
12481,402546,ARRIVED,2025-12-13 01:41:08,CRM
12482,402547,CREATED,2025-12-12 18:24:02,Dispatch
12483,402547,ASSIGNED,2025-12-12 20:45:02,CRM
12484,402547,ENROUTE,2025-12-13 02:30:02,Mobile
12485,402547,ARRIVED,2025-12-13 05:02:02,Dispatch
12486,402547,COMPLETED,2025-12-13 14:34:02,Dispatch
12487,402548,CREATED,2025-12-12 23:44:47,Mobile
12488,402548,ASSIGNED,2025-12-13 01:19:47,Dispatch
12489,402548,ENROUTE,2025-12-13 04:50:47,Dispatch
12490,402548,ARRIVED,2025-12-13 07:31:47,Mobile
12491,402549,CREATED,2025-12-13 01:30:13,Dispatch
12492,402549,ASSIGNED,2025-12-13 04:02:13,Dispatch
12493,402549,ENROUTE,2025-12-13 08:03:13,CRM
12494,402549,ARRIVED,2025-12-13 10:27:13,Dispatch
12495,402549,COMPLETED,2025-12-13 17:25:13,Mobile
12496,402550,CREATED,2025-12-13 02:44:55,Mobile
12497,402550,ASSIGNED,2025-12-13 03:09:55,Dispatch
12498,402550,ENROUTE,2025-12-13 09:52:55,Dispatch
12499,402550,ARRIVED,2025-12-13 11:54:55,Dispatch
12500,402550,COMPLETED,2025-12-13 13:12:55,Dispatch
12501,402551,CREATED,2025-12-13 04:10:09,Dispatch
12502,402551,ASSIGNED,2025-12-13 07:16:09,Mobile
12503,402551,ENROUTE,2025-12-13 14:06:09,Mobile
12504,402551,ARRIVED,2025-12-13 15:59:09,Mobile
12505,402551,COMPLETED,2025-12-13 21:02:09,Dispatch
12506,402552,CREATED,2025-12-13 05:11:17,CRM
12507,402552,ASSIGNED,2025-12-13 06:24:17,Mobile
12508,402552,ENROUTE,2025-12-13 13:12:17,Dispatch
12509,402552,ARRIVED,2025-12-13 14:41:17,Dispatch
12510,402552,COMPLETED,2025-12-13 17:37:17,Mobile
12511,402553,CREATED,2025-12-13 06:03:46,Dispatch
12512,402553,ASSIGNED,2025-12-13 08:21:46,Dispatch
12513,402553,ENROUTE,2025-12-13 15:33:46,CRM
12514,402553,ARRIVED,2025-12-13 16:41:46,Mobile
12515,402554,CREATED,2025-12-13 18:06:56,Mobile
12516,402554,ASSIGNED,2025-12-13 18:58:56,Mobile
12517,402554,ENROUTE,2025-12-13 23:01:56,Dispatch
12518,402554,ARRIVED,2025-12-13 23:53:56,Mobile
12519,402555,CREATED,2025-12-13 18:59:53,Dispatch
12520,402555,ASSIGNED,2025-12-13 19:29:53,Dispatch
12521,402555,ENROUTE,2025-12-14 00:35:53,Mobile
12522,402555,ARRIVED,2025-12-14 02:30:53,Dispatch
12523,402555,COMPLETED,2025-12-14 09:41:53,Dispatch
12524,402556,CREATED,2025-12-13 19:26:31,Mobile
12525,402556,ASSIGNED,2025-12-13 19:39:31,Mobile
12526,402556,ENROUTE,2025-12-14 03:03:31,Mobile
12527,402556,ARRIVED,2025-12-14 05:47:31,Mobile
12528,402556,COMPLETED,2025-12-14 15:28:31,Dispatch
12529,402557,CREATED,2025-12-13 19:38:07,CRM
12530,402557,ASSIGNED,2025-12-13 22:36:07,Mobile
12531,402557,ENROUTE,2025-12-14 04:41:07,Dispatch
12532,402557,ARRIVED,2025-12-14 06:17:07,Mobile
12533,402557,COMPLETED,2025-12-14 07:42:07,Dispatch
12534,402558,CREATED,2025-12-14 09:42:42,Dispatch
12535,402558,ASSIGNED,2025-12-14 12:11:42,Mobile
12536,402558,ENROUTE,2025-12-14 13:22:42,Dispatch
12537,402558,ARRIVED,2025-12-14 14:30:42,Mobile
12538,402558,COMPLETED,2025-12-14 15:38:42,Dispatch
12539,402559,CREATED,2025-12-14 10:39:09,Mobile
12540,402559,ASSIGNED,2025-12-14 13:46:09,Dispatch
12541,402559,ENROUTE,2025-12-14 15:00:09,Mobile
12542,402559,ARRIVED,2025-12-14 16:15:09,CRM
12543,402559,COMPLETED,2025-12-15 00:43:09,Mobile
12544,402560,CREATED,2025-12-14 11:41:20,Dispatch
12545,402560,ASSIGNED,2025-12-14 15:21:20,Mobile
12546,402560,ENROUTE,2025-12-14 21:39:20,Mobile
12547,402560,ARRIVED,2025-12-14 23:06:20,Dispatch
12548,402561,CREATED,2025-12-14 12:01:06,Mobile
12549,402561,ASSIGNED,2025-12-14 13:15:06,Dispatch
12550,402561,ENROUTE,2025-12-14 14:45:06,Dispatch
12551,402561,ARRIVED,2025-12-14 16:11:06,Mobile
12552,402562,CREATED,2025-12-14 14:42:17,Mobile
12553,402562,ASSIGNED,2025-12-14 17:29:17,Dispatch
12554,402562,ENROUTE,2025-12-14 22:19:17,Dispatch
12555,402562,ARRIVED,2025-12-14 23:51:17,Mobile
12556,402562,COMPLETED,2025-12-15 08:18:17,Dispatch
12557,402563,CREATED,2025-12-14 18:33:23,Dispatch
12558,402563,ASSIGNED,2025-12-14 19:08:23,Dispatch
12559,402563,ENROUTE,2025-12-14 19:32:23,Dispatch
12560,402563,ARRIVED,2025-12-14 21:56:23,Dispatch
12561,402563,COMPLETED,2025-12-15 00:18:23,Mobile
12562,402564,CREATED,2025-12-14 18:55:46,Dispatch
12563,402564,ASSIGNED,2025-12-14 20:18:46,Mobile
12564,402564,ENROUTE,2025-12-14 21:05:46,Dispatch
12565,402564,ARRIVED,2025-12-14 22:40:46,Mobile
12566,402565,CREATED,2025-12-15 00:47:18,Dispatch
12567,402565,ASSIGNED,2025-12-15 04:28:18,Dispatch
12568,402565,ENROUTE,2025-12-15 05:29:18,Dispatch
12569,402565,ARRIVED,2025-12-15 06:34:18,Dispatch
12570,402565,COMPLETED,2025-12-15 11:26:18,Dispatch
12571,402566,CREATED,2025-12-15 17:02:34,Dispatch
12572,402566,ASSIGNED,2025-12-15 17:43:34,Mobile
12573,402566,ENROUTE,2025-12-16 01:05:34,Mobile
12574,402566,ARRIVED,2025-12-16 03:37:34,Mobile
12575,402566,COMPLETED,2025-12-16 12:54:34,Dispatch
12576,402567,CREATED,2025-12-15 18:15:10,Dispatch
12577,402567,ASSIGNED,2025-12-15 20:52:10,CRM
12578,402567,ENROUTE,2025-12-15 23:30:10,Dispatch
12579,402567,ARRIVED,2025-12-16 02:26:10,Mobile
12580,402567,COMPLETED,2025-12-16 06:21:10,Dispatch
12581,402568,CREATED,2025-12-15 18:45:23,Dispatch
12582,402568,ASSIGNED,2025-12-15 20:24:23,Dispatch
12583,402568,ENROUTE,2025-12-16 02:21:23,Dispatch
12584,402568,ARRIVED,2025-12-16 02:43:23,Dispatch
12585,402568,COMPLETED,2025-12-16 07:04:23,CRM
12586,402569,CREATED,2025-12-15 22:03:23,CRM
12587,402569,ASSIGNED,2025-12-16 01:04:23,Dispatch
12588,402569,ENROUTE,2025-12-16 04:39:23,Dispatch
12589,402569,ARRIVED,2025-12-16 06:39:23,Mobile
12590,402569,COMPLETED,2025-12-16 09:21:23,Dispatch
12591,402570,CREATED,2025-12-15 22:23:47,Mobile
12592,402570,ASSIGNED,2025-12-15 22:35:47,Mobile
12593,402570,ENROUTE,2025-12-16 00:15:47,Dispatch
12594,402570,ARRIVED,2025-12-16 02:09:47,Dispatch
12595,402571,CREATED,2025-12-15 22:33:16,Dispatch
12596,402571,ASSIGNED,2025-12-16 00:33:16,Mobile
12597,402571,ENROUTE,2025-12-16 05:37:16,CRM
12598,402571,ARRIVED,2025-12-16 06:00:16,Dispatch
12599,402571,COMPLETED,2025-12-16 14:30:16,Dispatch
12600,402572,CREATED,2025-12-16 01:28:03,Mobile
12601,402572,ASSIGNED,2025-12-16 02:38:03,Mobile
12602,402572,ENROUTE,2025-12-16 07:38:03,Dispatch
12603,402572,ARRIVED,2025-12-16 08:47:03,Mobile
12604,402572,COMPLETED,2025-12-16 14:57:03,Dispatch
12605,402573,CREATED,2025-12-16 02:24:25,Mobile
12606,402573,ASSIGNED,2025-12-16 06:18:25,Dispatch
12607,402573,ENROUTE,2025-12-16 11:10:25,Dispatch
12608,402573,ARRIVED,2025-12-16 11:24:25,Dispatch
12609,402573,COMPLETED,2025-12-16 20:59:25,Dispatch
12610,402574,CREATED,2025-12-16 10:18:37,Dispatch
12611,402574,ASSIGNED,2025-12-16 11:24:37,Dispatch
12612,402574,ENROUTE,2025-12-16 13:34:37,Dispatch
12613,402574,ARRIVED,2025-12-16 14:42:37,CRM
12614,402574,COMPLETED,2025-12-16 16:44:37,Dispatch
12615,402575,CREATED,2025-12-16 17:53:05,CRM
12616,402575,ASSIGNED,2025-12-16 18:56:05,Dispatch
12617,402575,ENROUTE,2025-12-17 01:07:05,Mobile
12618,402575,ARRIVED,2025-12-17 02:42:05,Mobile
12619,402575,COMPLETED,2025-12-17 09:06:05,Dispatch
12620,402576,CREATED,2025-12-16 22:15:35,Dispatch
12621,402576,ASSIGNED,2025-12-16 22:20:35,CRM
12622,402576,ENROUTE,2025-12-17 05:44:35,CRM
12623,402576,ARRIVED,2025-12-17 06:58:35,Mobile
12624,402576,COMPLETED,2025-12-17 15:37:35,Mobile
12625,402577,CREATED,2025-12-17 01:09:42,Dispatch
12626,402577,ASSIGNED,2025-12-17 02:27:42,Dispatch
12627,402577,ENROUTE,2025-12-17 05:01:42,Dispatch
12628,402577,ARRIVED,2025-12-17 05:36:42,Mobile
12629,402578,CREATED,2025-12-17 01:42:51,Mobile
12630,402578,ASSIGNED,2025-12-17 02:06:51,Dispatch
12631,402578,ENROUTE,2025-12-17 05:55:51,Dispatch
12632,402578,ARRIVED,2025-12-17 07:03:51,Dispatch
12633,402578,COMPLETED,2025-12-17 09:31:51,Dispatch
12634,402579,CREATED,2025-12-17 02:52:16,Mobile
12635,402579,ASSIGNED,2025-12-17 04:28:16,Mobile
12636,402579,ENROUTE,2025-12-17 06:24:16,Dispatch
12637,402579,ARRIVED,2025-12-17 07:38:16,Dispatch
12638,402579,COMPLETED,2025-12-17 15:36:16,Dispatch
12639,402580,CREATED,2025-12-17 04:45:38,Dispatch
12640,402580,ASSIGNED,2025-12-17 08:09:38,Mobile
12641,402580,ENROUTE,2025-12-17 10:27:38,CRM
12642,402580,ARRIVED,2025-12-17 12:49:38,Dispatch
12643,402580,CANCELLED,2025-12-17 09:09:38,Mobile
12644,402581,CREATED,2025-12-17 04:58:02,CRM
12645,402581,ASSIGNED,2025-12-17 07:44:02,CRM
12646,402581,ENROUTE,2025-12-17 15:22:02,Dispatch
12647,402581,ARRIVED,2025-12-17 17:34:02,Dispatch
12648,402581,COMPLETED,2025-12-17 21:36:02,Dispatch
12649,402582,CREATED,2025-12-17 06:58:22,Dispatch
12650,402582,ASSIGNED,2025-12-17 07:37:22,Dispatch
12651,402582,ENROUTE,2025-12-17 13:39:22,Dispatch
12652,402582,ARRIVED,2025-12-17 15:00:22,Mobile
12653,402583,CREATED,2025-12-17 08:45:06,Mobile
12654,402583,ASSIGNED,2025-12-17 12:14:06,Dispatch
12655,402583,ENROUTE,2025-12-17 14:52:06,Dispatch
12656,402583,ARRIVED,2025-12-17 17:45:06,Mobile
12657,402584,CREATED,2025-12-17 10:41:40,Mobile
12658,402584,ASSIGNED,2025-12-17 12:27:40,Dispatch
12659,402584,ENROUTE,2025-12-17 15:12:40,Dispatch
12660,402584,ARRIVED,2025-12-17 17:25:40,Dispatch
12661,402584,COMPLETED,2025-12-17 22:31:40,Dispatch
12662,402585,CREATED,2025-12-17 13:59:28,Dispatch
12663,402585,ASSIGNED,2025-12-17 16:00:28,Mobile
12664,402585,ENROUTE,2025-12-17 19:17:28,CRM
12665,402585,ARRIVED,2025-12-17 20:03:28,Mobile
12666,402586,CREATED,2025-12-17 15:21:58,Mobile
12667,402586,ASSIGNED,2025-12-17 17:55:58,CRM
12668,402586,ENROUTE,2025-12-17 19:24:58,Mobile
12669,402586,ARRIVED,2025-12-17 21:36:58,Dispatch
12670,402586,COMPLETED,2025-12-18 01:34:58,Mobile
12671,402587,CREATED,2025-12-17 19:26:40,Dispatch
12672,402587,ASSIGNED,2025-12-17 22:47:40,Mobile
12673,402587,ENROUTE,2025-12-18 00:23:40,Dispatch
12674,402587,ARRIVED,2025-12-18 00:50:40,Dispatch
12675,402587,COMPLETED,2025-12-18 05:50:40,Mobile
12676,402588,CREATED,2025-12-17 21:32:29,Dispatch
12677,402588,ASSIGNED,2025-12-18 00:07:29,Mobile
12678,402588,ENROUTE,2025-12-18 05:24:29,Mobile
12679,402588,ARRIVED,2025-12-18 07:33:29,Mobile
12680,402588,COMPLETED,2025-12-18 14:54:29,Mobile
12681,402588,REOPENED,2025-12-19 14:54:29,Mobile
12682,402588,ASSIGNED,2025-12-19 15:54:29,Mobile
12683,402588,COMPLETED,2025-12-20 16:54:29,Dispatch
12684,402589,CREATED,2025-12-18 00:29:23,Mobile
12685,402589,ASSIGNED,2025-12-18 04:17:23,Mobile
12686,402589,ENROUTE,2025-12-18 09:39:23,Dispatch
12687,402589,ARRIVED,2025-12-18 10:20:23,Dispatch
12688,402589,COMPLETED,2025-12-18 14:42:23,Dispatch
12689,402590,CREATED,2025-12-18 07:00:32,Dispatch
12690,402590,ASSIGNED,2025-12-18 08:26:32,CRM
12691,402590,ENROUTE,2025-12-18 14:10:32,Mobile
12692,402590,ARRIVED,2025-12-18 16:20:32,Dispatch
12693,402590,COMPLETED,2025-12-19 01:05:32,Dispatch
12694,402591,CREATED,2025-12-18 08:28:34,Dispatch
12695,402591,ASSIGNED,2025-12-18 11:23:34,Dispatch
12696,402591,ENROUTE,2025-12-18 18:19:34,Mobile
12697,402591,ARRIVED,2025-12-18 20:23:34,Dispatch
12698,402591,COMPLETED,2025-12-19 01:39:34,Mobile
12699,402592,CREATED,2025-12-18 08:49:41,Dispatch
12700,402592,ASSIGNED,2025-12-18 11:34:41,Dispatch
12701,402592,ENROUTE,2025-12-18 18:58:41,Dispatch
12702,402592,ARRIVED,2025-12-18 20:40:41,Dispatch
12703,402593,CREATED,2025-12-18 17:31:54,Dispatch
12704,402593,ASSIGNED,2025-12-18 20:59:54,Mobile
12705,402593,ENROUTE,2025-12-18 21:36:54,Dispatch
12706,402593,ARRIVED,2025-12-18 23:07:54,Mobile
12707,402593,COMPLETED,2025-12-19 00:28:54,Mobile
12708,402594,CREATED,2025-12-18 21:06:46,CRM
12709,402594,ASSIGNED,2025-12-18 23:25:46,Dispatch
12710,402594,ENROUTE,2025-12-19 04:49:46,Dispatch
12711,402594,ARRIVED,2025-12-19 05:08:46,Mobile
12712,402594,COMPLETED,2025-12-19 05:54:46,Mobile
12713,402595,CREATED,2025-12-18 22:03:15,Dispatch
12714,402595,ASSIGNED,2025-12-19 01:43:15,Mobile
12715,402595,ENROUTE,2025-12-19 08:13:15,Dispatch
12716,402595,ARRIVED,2025-12-19 10:10:15,Dispatch
12717,402595,COMPLETED,2025-12-19 15:10:15,Dispatch
12718,402596,CREATED,2025-12-19 01:05:12,Dispatch
12719,402596,ASSIGNED,2025-12-19 01:33:12,Mobile
12720,402596,ENROUTE,2025-12-19 02:46:12,Mobile
12721,402596,ARRIVED,2025-12-19 03:00:12,Mobile
12722,402596,COMPLETED,2025-12-19 11:53:12,Dispatch
12723,402597,CREATED,2025-12-19 03:12:49,Mobile
12724,402597,ASSIGNED,2025-12-19 06:17:49,Dispatch
12725,402597,ENROUTE,2025-12-19 10:48:49,Mobile
12726,402597,ARRIVED,2025-12-19 11:45:49,Mobile
12727,402597,COMPLETED,2025-12-19 20:39:49,Dispatch
12728,402598,CREATED,2025-12-19 04:24:57,Dispatch
12729,402598,ASSIGNED,2025-12-19 07:04:57,Dispatch
12730,402598,ENROUTE,2025-12-19 14:52:57,Dispatch
12731,402598,ARRIVED,2025-12-19 17:33:57,Mobile
12732,402598,COMPLETED,2025-12-20 02:13:57,CRM
12733,402599,CREATED,2025-12-19 08:58:09,Dispatch
12734,402599,ASSIGNED,2025-12-19 10:05:09,Dispatch
12735,402599,ENROUTE,2025-12-19 12:54:09,Mobile
12736,402599,ARRIVED,2025-12-19 13:57:09,Dispatch
12737,402600,CREATED,2025-12-19 10:06:45,Dispatch
12738,402600,ASSIGNED,2025-12-19 12:36:45,Mobile
12739,402600,ENROUTE,2025-12-19 17:27:45,Mobile
12740,402600,ARRIVED,2025-12-19 20:24:45,Dispatch
12741,402600,COMPLETED,2025-12-20 03:15:45,Mobile
12742,402601,CREATED,2025-12-19 10:56:50,CRM
12743,402601,ASSIGNED,2025-12-19 13:55:50,Dispatch
12744,402601,ENROUTE,2025-12-19 21:35:50,Dispatch
12745,402601,ARRIVED,2025-12-19 22:26:50,Dispatch
12746,402601,COMPLETED,2025-12-19 23:51:50,Mobile
12747,402602,CREATED,2025-12-19 11:05:55,CRM
12748,402602,ASSIGNED,2025-12-19 11:23:55,CRM
12749,402602,ENROUTE,2025-12-19 17:53:55,Mobile
12750,402602,ARRIVED,2025-12-19 19:27:55,Dispatch
12751,402603,CREATED,2025-12-19 13:30:47,Dispatch
12752,402603,ASSIGNED,2025-12-19 14:33:47,Dispatch
12753,402603,ENROUTE,2025-12-19 17:32:47,Dispatch
12754,402603,ARRIVED,2025-12-19 19:26:47,Mobile
12755,402603,COMPLETED,2025-12-20 00:54:47,Dispatch
12756,402604,CREATED,2025-12-19 13:32:00,Dispatch
12757,402604,ASSIGNED,2025-12-19 16:38:00,Dispatch
12758,402604,ENROUTE,2025-12-19 23:04:00,Mobile
12759,402604,ARRIVED,2025-12-20 00:27:00,Mobile
12760,402604,COMPLETED,2025-12-20 06:04:00,Dispatch
12761,402605,CREATED,2025-12-19 19:01:31,Dispatch
12762,402605,ASSIGNED,2025-12-19 19:22:31,Dispatch
12763,402605,ENROUTE,2025-12-19 22:54:31,Dispatch
12764,402605,ARRIVED,2025-12-20 01:07:31,CRM
12765,402605,COMPLETED,2025-12-20 07:34:31,Dispatch
12766,402606,CREATED,2025-12-19 20:18:51,Mobile
12767,402606,ASSIGNED,2025-12-19 21:52:51,Dispatch
12768,402606,ENROUTE,2025-12-20 02:35:51,Dispatch
12769,402606,ARRIVED,2025-12-20 03:55:51,Dispatch
12770,402606,COMPLETED,2025-12-20 09:05:51,CRM
12771,402607,CREATED,2025-12-20 01:06:21,Dispatch
12772,402607,ASSIGNED,2025-12-20 01:15:21,Mobile
12773,402607,ENROUTE,2025-12-20 04:43:21,Dispatch
12774,402607,ARRIVED,2025-12-20 05:35:21,Dispatch
12775,402607,COMPLETED,2025-12-20 11:08:21,CRM
12776,402608,CREATED,2025-12-20 01:25:11,Dispatch
12777,402608,ASSIGNED,2025-12-20 02:20:11,Dispatch
12778,402608,ENROUTE,2025-12-20 05:12:11,Mobile
12779,402608,ARRIVED,2025-12-20 06:27:11,Mobile
12780,402608,COMPLETED,2025-12-20 16:18:11,Dispatch
12781,402609,CREATED,2025-12-20 04:06:07,Dispatch
12782,402609,ASSIGNED,2025-12-20 04:36:07,Dispatch
12783,402609,ENROUTE,2025-12-20 09:03:07,Mobile
12784,402609,ARRIVED,2025-12-20 11:15:07,Dispatch
12785,402610,CREATED,2025-12-20 06:47:31,Dispatch
12786,402610,ASSIGNED,2025-12-20 10:18:31,Mobile
12787,402610,ENROUTE,2025-12-20 16:28:31,Mobile
12788,402610,ARRIVED,2025-12-20 19:00:31,Dispatch
12789,402611,CREATED,2025-12-20 06:50:38,Dispatch
12790,402611,ASSIGNED,2025-12-20 08:15:38,CRM
12791,402611,ENROUTE,2025-12-20 08:50:38,Mobile
12792,402611,ARRIVED,2025-12-20 10:23:38,Dispatch
12793,402611,COMPLETED,2025-12-20 15:03:38,Mobile
12794,402612,CREATED,2025-12-20 06:53:39,Mobile
12795,402612,ASSIGNED,2025-12-20 07:10:39,Mobile
12796,402612,ENROUTE,2025-12-20 14:04:39,Mobile
12797,402612,ARRIVED,2025-12-20 16:39:39,Dispatch
12798,402612,COMPLETED,2025-12-20 19:03:39,Mobile
12799,402613,CREATED,2025-12-20 12:52:56,CRM
12800,402613,ASSIGNED,2025-12-20 14:29:56,Mobile
12801,402613,ENROUTE,2025-12-20 17:01:56,Dispatch
12802,402613,ARRIVED,2025-12-20 19:15:56,Dispatch
12803,402613,COMPLETED,2025-12-21 02:34:56,Dispatch
12804,402614,CREATED,2025-12-20 13:20:18,Mobile
12805,402614,ASSIGNED,2025-12-20 15:54:18,Mobile
12806,402614,ENROUTE,2025-12-20 18:50:18,CRM
12807,402614,ARRIVED,2025-12-20 19:18:18,Dispatch
12808,402615,CREATED,2025-12-21 01:44:32,Dispatch
12809,402615,ASSIGNED,2025-12-21 03:43:32,Dispatch
12810,402615,ENROUTE,2025-12-21 08:16:32,Dispatch
12811,402615,ARRIVED,2025-12-21 08:35:32,Dispatch
12812,402616,CREATED,2025-12-21 04:03:39,CRM
12813,402616,ASSIGNED,2025-12-21 07:57:39,Dispatch
12814,402616,ENROUTE,2025-12-21 12:57:39,Dispatch
12815,402616,ARRIVED,2025-12-21 15:09:39,Dispatch
12816,402616,CANCELLED,2025-12-21 08:57:39,Mobile
12817,402617,CREATED,2025-12-21 10:21:33,Dispatch
12818,402617,ASSIGNED,2025-12-21 11:17:33,Dispatch
12819,402617,ENROUTE,2025-12-21 11:36:33,Dispatch
12820,402617,ARRIVED,2025-12-21 13:47:33,Mobile
12821,402617,COMPLETED,2025-12-21 19:28:33,Dispatch
12822,402618,CREATED,2025-12-21 11:06:55,Mobile
12823,402618,ASSIGNED,2025-12-21 11:31:55,CRM
12824,402618,ENROUTE,2025-12-21 18:32:55,Dispatch
12825,402618,ARRIVED,2025-12-21 20:18:55,Dispatch
12826,402618,COMPLETED,2025-12-22 04:58:55,Dispatch
12827,402619,CREATED,2025-12-21 11:51:46,Mobile
12828,402619,ASSIGNED,2025-12-21 13:46:46,Dispatch
12829,402619,ENROUTE,2025-12-21 17:50:46,CRM
12830,402619,ARRIVED,2025-12-21 19:55:46,Dispatch
12831,402620,CREATED,2025-12-21 15:23:34,CRM
12832,402620,ASSIGNED,2025-12-21 15:57:34,Mobile
12833,402620,ENROUTE,2025-12-21 23:53:34,Mobile
12834,402620,ARRIVED,2025-12-22 00:48:34,Dispatch
12835,402620,COMPLETED,2025-12-22 03:20:34,CRM
12836,402621,CREATED,2025-12-21 17:13:06,Dispatch
12837,402621,ASSIGNED,2025-12-21 17:28:06,Dispatch
12838,402621,ENROUTE,2025-12-21 18:20:06,Dispatch
12839,402621,ARRIVED,2025-12-21 19:02:06,Dispatch
12840,402621,COMPLETED,2025-12-22 02:38:06,Mobile
12841,402622,CREATED,2025-12-21 21:24:58,CRM
12842,402622,ASSIGNED,2025-12-22 00:10:58,Mobile
12843,402622,ENROUTE,2025-12-22 04:12:58,Mobile
12844,402622,ARRIVED,2025-12-22 04:55:58,Dispatch
12845,402622,COMPLETED,2025-12-22 09:55:58,Dispatch
12846,402623,CREATED,2025-12-22 03:33:28,Mobile
12847,402623,ASSIGNED,2025-12-22 07:10:28,Dispatch
12848,402623,ENROUTE,2025-12-22 09:13:28,Dispatch
12849,402623,ARRIVED,2025-12-22 10:18:28,Mobile
12850,402623,COMPLETED,2025-12-22 14:31:28,Mobile
12851,402624,CREATED,2025-12-22 06:07:51,Dispatch
12852,402624,ASSIGNED,2025-12-22 06:27:51,Mobile
12853,402624,ENROUTE,2025-12-22 08:49:51,Dispatch
12854,402624,ARRIVED,2025-12-22 10:35:51,Dispatch
12855,402624,COMPLETED,2025-12-22 19:37:51,Dispatch
12856,402625,CREATED,2025-12-22 18:43:07,Mobile
12857,402625,ASSIGNED,2025-12-22 21:32:07,Dispatch
12858,402625,ENROUTE,2025-12-23 00:28:07,CRM
12859,402625,ARRIVED,2025-12-23 02:48:07,Dispatch
12860,402625,COMPLETED,2025-12-23 11:46:07,Dispatch
12861,402626,CREATED,2025-12-22 19:58:56,Dispatch
12862,402626,ASSIGNED,2025-12-22 21:24:56,CRM
12863,402626,ENROUTE,2025-12-23 00:23:56,Dispatch
12864,402626,ARRIVED,2025-12-23 01:04:56,Dispatch
12865,402626,COMPLETED,2025-12-23 03:14:56,Mobile
12866,402627,CREATED,2025-12-23 01:06:24,Dispatch
12867,402627,ASSIGNED,2025-12-23 02:17:24,Dispatch
12868,402627,ENROUTE,2025-12-23 09:36:24,Mobile
12869,402627,ARRIVED,2025-12-23 11:19:24,Dispatch
12870,402627,COMPLETED,2025-12-23 18:27:24,Dispatch
12871,402628,CREATED,2025-12-23 02:42:48,Dispatch
12872,402628,ASSIGNED,2025-12-23 05:08:48,Dispatch
12873,402628,ENROUTE,2025-12-23 07:07:48,Dispatch
12874,402628,ARRIVED,2025-12-23 08:02:48,Dispatch
12875,402628,COMPLETED,2025-12-23 11:25:48,CRM
12876,402629,CREATED,2025-12-23 04:48:57,Dispatch
12877,402629,ASSIGNED,2025-12-23 05:02:57,Mobile
12878,402629,ENROUTE,2025-12-23 11:54:57,Mobile
12879,402629,ARRIVED,2025-12-23 14:37:57,Dispatch
12880,402629,COMPLETED,2025-12-23 15:19:57,Dispatch
12881,402630,CREATED,2025-12-23 07:33:27,Dispatch
12882,402630,ASSIGNED,2025-12-23 10:15:27,Mobile
12883,402630,ENROUTE,2025-12-23 11:03:27,Dispatch
12884,402630,ARRIVED,2025-12-23 12:16:27,Dispatch
12885,402630,COMPLETED,2025-12-23 15:48:27,Dispatch
12886,402631,CREATED,2025-12-23 08:32:36,CRM
12887,402631,ASSIGNED,2025-12-23 10:49:36,Dispatch
12888,402631,ENROUTE,2025-12-23 15:01:36,Dispatch
12889,402631,ARRIVED,2025-12-23 15:25:36,Mobile
12890,402631,COMPLETED,2025-12-24 00:16:36,Dispatch
12891,402632,CREATED,2025-12-23 11:53:29,Dispatch
12892,402632,ASSIGNED,2025-12-23 12:34:29,Mobile
12893,402632,ENROUTE,2025-12-23 15:27:29,Dispatch
12894,402632,ARRIVED,2025-12-23 18:15:29,Dispatch
12895,402632,COMPLETED,2025-12-24 02:24:29,Dispatch
12896,402633,CREATED,2025-12-23 16:46:50,Mobile
12897,402633,ASSIGNED,2025-12-23 20:00:50,Dispatch
12898,402633,ENROUTE,2025-12-24 00:48:50,Mobile
12899,402633,ARRIVED,2025-12-24 01:39:50,Mobile
12900,402633,COMPLETED,2025-12-24 05:00:50,Dispatch
12901,402633,REOPENED,2025-12-25 05:00:50,Dispatch
12902,402633,ASSIGNED,2025-12-25 06:00:50,Mobile
12903,402633,COMPLETED,2025-12-26 07:00:50,Dispatch
12904,402634,CREATED,2025-12-23 19:23:25,Dispatch
12905,402634,ASSIGNED,2025-12-23 20:30:25,Mobile
12906,402634,ENROUTE,2025-12-23 23:48:25,Dispatch
12907,402634,ARRIVED,2025-12-24 01:34:25,Dispatch
12908,402634,COMPLETED,2025-12-24 07:30:25,Dispatch
12909,402635,CREATED,2025-12-24 03:13:00,Dispatch
12910,402635,ASSIGNED,2025-12-24 06:05:00,Mobile
12911,402635,ENROUTE,2025-12-24 13:32:00,Mobile
12912,402635,ARRIVED,2025-12-24 16:12:00,Mobile
12913,402635,COMPLETED,2025-12-24 22:33:00,Mobile
12914,402636,CREATED,2025-12-24 04:35:25,Dispatch
12915,402636,ASSIGNED,2025-12-24 07:16:25,Mobile
12916,402636,ENROUTE,2025-12-24 09:42:25,Mobile
12917,402636,ARRIVED,2025-12-24 11:19:25,Dispatch
12918,402636,COMPLETED,2025-12-24 16:37:25,Dispatch
12919,402637,CREATED,2025-12-24 04:36:42,Mobile
12920,402637,ASSIGNED,2025-12-24 04:49:42,Mobile
12921,402637,ENROUTE,2025-12-24 08:28:42,Mobile
12922,402637,ARRIVED,2025-12-24 10:46:42,Mobile
12923,402637,CANCELLED,2025-12-24 05:49:42,Mobile
12924,402638,CREATED,2025-12-24 06:50:06,Dispatch
12925,402638,ASSIGNED,2025-12-24 10:40:06,Dispatch
12926,402638,ENROUTE,2025-12-24 17:33:06,Mobile
12927,402638,ARRIVED,2025-12-24 18:08:06,Dispatch
12928,402638,COMPLETED,2025-12-25 03:17:06,Dispatch
12929,402639,CREATED,2025-12-24 07:22:40,Mobile
12930,402639,ASSIGNED,2025-12-24 11:04:40,Mobile
12931,402639,ENROUTE,2025-12-24 13:47:40,CRM
12932,402639,ARRIVED,2025-12-24 15:31:40,Mobile
12933,402639,COMPLETED,2025-12-24 17:57:40,Mobile
12934,402640,CREATED,2025-12-24 10:36:10,Mobile
12935,402640,ASSIGNED,2025-12-24 14:26:10,Mobile
12936,402640,ENROUTE,2025-12-24 16:20:10,Dispatch
12937,402640,ARRIVED,2025-12-24 18:17:10,Dispatch
12938,402640,COMPLETED,2025-12-25 01:23:10,Mobile
12939,402641,CREATED,2025-12-24 17:02:23,Dispatch
12940,402641,ASSIGNED,2025-12-24 18:51:23,Mobile
12941,402641,ENROUTE,2025-12-24 21:51:23,Dispatch
12942,402641,ARRIVED,2025-12-25 00:27:23,Dispatch
12943,402641,COMPLETED,2025-12-25 05:57:23,Mobile
12944,402642,CREATED,2025-12-24 19:48:16,Mobile
12945,402642,ASSIGNED,2025-12-24 20:59:16,Dispatch
12946,402642,ENROUTE,2025-12-25 02:25:16,CRM
12947,402642,ARRIVED,2025-12-25 05:08:16,Dispatch
12948,402642,COMPLETED,2025-12-25 07:36:16,Dispatch
12949,402643,CREATED,2025-12-24 22:26:24,Dispatch
12950,402643,ASSIGNED,2025-12-25 02:08:24,Mobile
12951,402643,ENROUTE,2025-12-25 05:33:24,Dispatch
12952,402643,ARRIVED,2025-12-25 06:17:24,CRM
12953,402643,COMPLETED,2025-12-25 13:37:24,Mobile
12954,402644,CREATED,2025-12-24 22:58:43,Mobile
12955,402644,ASSIGNED,2025-12-24 23:05:43,Mobile
12956,402644,ENROUTE,2025-12-25 02:57:43,Dispatch
12957,402644,ARRIVED,2025-12-25 03:09:43,Dispatch
12958,402644,COMPLETED,2025-12-25 11:25:43,Dispatch
12959,402645,CREATED,2025-12-25 04:13:46,Mobile
12960,402645,ASSIGNED,2025-12-25 04:41:46,Dispatch
12961,402645,ENROUTE,2025-12-25 10:36:46,Dispatch
12962,402645,ARRIVED,2025-12-25 10:57:46,CRM
12963,402645,COMPLETED,2025-12-25 13:21:46,Dispatch
12964,402646,CREATED,2025-12-25 04:51:45,Mobile
12965,402646,ASSIGNED,2025-12-25 08:27:45,CRM
12966,402646,ENROUTE,2025-12-25 13:41:45,Mobile
12967,402646,ARRIVED,2025-12-25 15:58:45,CRM
12968,402646,COMPLETED,2025-12-25 17:21:45,Dispatch
12969,402647,CREATED,2025-12-25 05:31:16,Mobile
12970,402647,ASSIGNED,2025-12-25 05:57:16,Dispatch
12971,402647,ENROUTE,2025-12-25 10:25:16,Mobile
12972,402647,ARRIVED,2025-12-25 12:06:16,Dispatch
12973,402647,COMPLETED,2025-12-25 18:40:16,CRM
12974,402648,CREATED,2025-12-25 11:12:19,Dispatch
12975,402648,ASSIGNED,2025-12-25 13:08:19,Dispatch
12976,402648,ENROUTE,2025-12-25 17:20:19,Mobile
12977,402648,ARRIVED,2025-12-25 18:55:19,Dispatch
12978,402648,COMPLETED,2025-12-25 21:40:19,Mobile
12979,402649,CREATED,2025-12-25 11:25:58,Mobile
12980,402649,ASSIGNED,2025-12-25 13:59:58,Dispatch
12981,402649,ENROUTE,2025-12-25 17:33:58,Dispatch
12982,402649,ARRIVED,2025-12-25 19:18:58,Dispatch
12983,402649,COMPLETED,2025-12-26 01:43:58,Mobile
12984,402650,CREATED,2025-12-25 13:09:39,Mobile
12985,402650,ASSIGNED,2025-12-25 15:07:39,Dispatch
12986,402650,ENROUTE,2025-12-25 16:46:39,Dispatch
12987,402650,ARRIVED,2025-12-25 19:27:39,Dispatch
12988,402650,COMPLETED,2025-12-25 22:33:39,Mobile
12989,402651,CREATED,2025-12-25 13:55:14,Mobile
12990,402651,ASSIGNED,2025-12-25 17:07:14,Mobile
12991,402651,ENROUTE,2025-12-25 19:17:14,CRM
12992,402651,ARRIVED,2025-12-25 19:37:14,Dispatch
12993,402652,CREATED,2025-12-25 15:03:18,Dispatch
12994,402652,ASSIGNED,2025-12-25 17:20:18,Dispatch
12995,402652,ENROUTE,2025-12-25 19:24:18,Mobile
12996,402652,ARRIVED,2025-12-25 22:22:18,Dispatch
12997,402652,COMPLETED,2025-12-26 07:09:18,Mobile
12998,402653,CREATED,2025-12-25 18:32:12,Dispatch
12999,402653,ASSIGNED,2025-12-25 20:27:12,Mobile
13000,402653,ENROUTE,2025-12-26 02:26:12,Dispatch
13001,402653,ARRIVED,2025-12-26 04:20:12,Dispatch
13002,402654,CREATED,2025-12-25 19:20:25,Mobile
13003,402654,ASSIGNED,2025-12-25 19:58:25,Dispatch
13004,402654,ENROUTE,2025-12-26 00:14:25,Mobile
13005,402654,ARRIVED,2025-12-26 01:24:25,Mobile
13006,402654,COMPLETED,2025-12-26 08:06:25,Dispatch
13007,402655,CREATED,2025-12-25 23:10:42,Dispatch
13008,402655,ASSIGNED,2025-12-26 00:39:42,Mobile
13009,402655,ENROUTE,2025-12-26 02:45:42,Dispatch
13010,402655,ARRIVED,2025-12-26 03:15:42,Mobile
13011,402655,COMPLETED,2025-12-26 11:05:42,Dispatch
13012,402656,CREATED,2025-12-25 23:38:41,Mobile
13013,402656,ASSIGNED,2025-12-26 02:22:41,CRM
13014,402656,ENROUTE,2025-12-26 09:50:41,Dispatch
13015,402656,ARRIVED,2025-12-26 10:53:41,Dispatch
13016,402656,COMPLETED,2025-12-26 14:44:41,CRM
13017,402657,CREATED,2025-12-26 01:15:49,Mobile
13018,402657,ASSIGNED,2025-12-26 04:11:49,CRM
13019,402657,ENROUTE,2025-12-26 11:24:49,CRM
13020,402657,ARRIVED,2025-12-26 13:18:49,Dispatch
13021,402657,COMPLETED,2025-12-26 15:16:49,Dispatch
13022,402658,CREATED,2025-12-26 01:54:39,Dispatch
13023,402658,ASSIGNED,2025-12-26 05:34:39,Dispatch
13024,402658,ENROUTE,2025-12-26 12:52:39,Mobile
13025,402658,ARRIVED,2025-12-26 15:32:39,Mobile
13026,402659,CREATED,2025-12-26 06:15:58,Dispatch
13027,402659,ASSIGNED,2025-12-26 07:54:58,Mobile
13028,402659,ENROUTE,2025-12-26 12:26:58,CRM
13029,402659,ARRIVED,2025-12-26 15:05:58,Dispatch
13030,402659,COMPLETED,2025-12-26 22:18:58,Dispatch
13031,402660,CREATED,2025-12-26 11:09:02,Mobile
13032,402660,ASSIGNED,2025-12-26 14:16:02,Dispatch
13033,402660,ENROUTE,2025-12-26 22:04:02,Dispatch
13034,402660,ARRIVED,2025-12-26 21:44:02,Dispatch
13035,402660,COMPLETED,2025-12-27 00:13:02,Mobile
13036,402661,CREATED,2025-12-26 11:43:52,Mobile
13037,402661,ASSIGNED,2025-12-26 13:09:52,Mobile
13038,402661,ENROUTE,2025-12-26 17:19:52,Mobile
13039,402661,ARRIVED,2025-12-26 17:50:52,Mobile
13040,402661,COMPLETED,2025-12-26 20:56:52,Dispatch
13041,402662,CREATED,2025-12-26 16:10:38,Dispatch
13042,402662,ASSIGNED,2025-12-26 19:12:38,Dispatch
13043,402662,ENROUTE,2025-12-26 20:05:38,Dispatch
13044,402662,ARRIVED,2025-12-26 21:07:38,Dispatch
13045,402662,COMPLETED,2025-12-27 04:35:38,CRM
13046,402663,CREATED,2025-12-26 16:44:41,Mobile
13047,402663,ASSIGNED,2025-12-26 19:41:41,Mobile
13048,402663,ENROUTE,2025-12-27 00:24:41,Dispatch
13049,402663,ARRIVED,2025-12-27 01:35:41,Mobile
13050,402664,CREATED,2025-12-26 20:19:58,Dispatch
13051,402664,ASSIGNED,2025-12-26 23:38:58,Mobile
13052,402664,ENROUTE,2025-12-27 02:11:58,Dispatch
13053,402664,ARRIVED,2025-12-27 03:46:58,Dispatch
13054,402664,COMPLETED,2025-12-27 10:45:58,Dispatch
13055,402665,CREATED,2025-12-26 21:00:17,Mobile
13056,402665,ASSIGNED,2025-12-27 00:03:17,Mobile
13057,402665,ENROUTE,2025-12-27 05:18:17,Mobile
13058,402665,ARRIVED,2025-12-27 05:30:17,Dispatch
13059,402665,COMPLETED,2025-12-27 06:47:17,Dispatch
13060,402666,CREATED,2025-12-26 23:39:36,Mobile
13061,402666,ASSIGNED,2025-12-27 02:35:36,Mobile
13062,402666,ENROUTE,2025-12-27 07:19:36,Dispatch
13063,402666,ARRIVED,2025-12-27 08:24:36,Dispatch
13064,402666,CANCELLED,2025-12-27 03:35:36,Dispatch
13065,402667,CREATED,2025-12-27 00:54:49,Mobile
13066,402667,ASSIGNED,2025-12-27 01:21:49,Mobile
13067,402667,ENROUTE,2025-12-27 01:49:49,Dispatch
13068,402667,ARRIVED,2025-12-27 04:14:49,Dispatch
13069,402667,COMPLETED,2025-12-27 06:35:49,Mobile
13070,402668,CREATED,2025-12-27 01:25:59,CRM
13071,402668,ASSIGNED,2025-12-27 01:33:59,Mobile
13072,402668,ENROUTE,2025-12-27 07:35:59,Mobile
13073,402668,ARRIVED,2025-12-27 08:18:59,Dispatch
13074,402669,CREATED,2025-12-27 01:34:02,Mobile
13075,402669,ASSIGNED,2025-12-27 05:02:02,Mobile
13076,402669,ENROUTE,2025-12-27 10:11:02,Dispatch
13077,402669,ARRIVED,2025-12-27 12:09:02,Mobile
13078,402669,COMPLETED,2025-12-27 21:45:02,Dispatch
13079,402670,CREATED,2025-12-27 01:59:00,Dispatch
13080,402670,ASSIGNED,2025-12-27 02:54:00,Mobile
13081,402670,ENROUTE,2025-12-27 04:40:00,Mobile
13082,402670,ARRIVED,2025-12-27 06:26:00,Dispatch
13083,402670,COMPLETED,2025-12-27 12:09:00,CRM
13084,402671,CREATED,2025-12-27 03:01:24,Dispatch
13085,402671,ASSIGNED,2025-12-27 03:29:24,Dispatch
13086,402671,ENROUTE,2025-12-27 04:58:24,Dispatch
13087,402671,ARRIVED,2025-12-27 07:55:24,Mobile
13088,402671,COMPLETED,2025-12-27 14:50:24,Dispatch
13089,402672,CREATED,2025-12-27 04:56:52,Dispatch
13090,402672,ASSIGNED,2025-12-27 07:26:52,Dispatch
13091,402672,ENROUTE,2025-12-27 10:19:52,Dispatch
13092,402672,ARRIVED,2025-12-27 11:57:52,Mobile
13093,402672,COMPLETED,2025-12-27 16:35:52,Mobile
13094,402673,CREATED,2025-12-27 11:57:59,Dispatch
13095,402673,ASSIGNED,2025-12-27 13:32:59,Mobile
13096,402673,ENROUTE,2025-12-27 19:08:59,Dispatch
13097,402673,ARRIVED,2025-12-27 18:48:59,Mobile
13098,402673,COMPLETED,2025-12-28 04:05:59,Mobile
13099,402674,CREATED,2025-12-27 13:57:07,Mobile
13100,402674,ASSIGNED,2025-12-27 16:53:07,Dispatch
13101,402674,ENROUTE,2025-12-27 22:18:07,Mobile
13102,402674,ARRIVED,2025-12-28 00:06:07,Mobile
13103,402674,COMPLETED,2025-12-28 06:05:07,Dispatch
13104,402675,CREATED,2025-12-27 20:33:29,Dispatch
13105,402675,ASSIGNED,2025-12-27 22:59:29,Dispatch
13106,402675,ENROUTE,2025-12-28 04:11:29,Dispatch
13107,402675,ARRIVED,2025-12-28 05:22:29,Mobile
13108,402676,CREATED,2025-12-27 21:48:46,Mobile
13109,402676,ASSIGNED,2025-12-27 23:43:46,Mobile
13110,402676,ENROUTE,2025-12-28 05:10:46,Dispatch
13111,402676,ARRIVED,2025-12-28 07:56:46,Mobile
13112,402676,COMPLETED,2025-12-28 09:07:46,Dispatch
13113,402677,CREATED,2025-12-27 22:22:22,Dispatch
13114,402677,ASSIGNED,2025-12-28 01:49:22,Mobile
13115,402677,ENROUTE,2025-12-28 09:12:22,Dispatch
13116,402677,ARRIVED,2025-12-28 11:30:22,Mobile
13117,402677,COMPLETED,2025-12-28 17:48:22,Mobile
13118,402678,CREATED,2025-12-27 23:14:33,CRM
13119,402678,ASSIGNED,2025-12-28 00:39:33,Mobile
13120,402678,ENROUTE,2025-12-28 07:59:33,Mobile
13121,402678,ARRIVED,2025-12-28 08:20:33,Dispatch
13122,402678,CANCELLED,2025-12-28 01:39:33,Dispatch
13123,402679,CREATED,2025-12-28 12:19:17,Mobile
13124,402679,ASSIGNED,2025-12-28 13:47:17,Mobile
13125,402679,ENROUTE,2025-12-28 20:20:17,Mobile
13126,402679,ARRIVED,2025-12-28 21:49:17,Dispatch
13127,402679,COMPLETED,2025-12-29 06:34:17,Dispatch
13128,402680,CREATED,2025-12-29 03:45:05,Dispatch
13129,402680,ASSIGNED,2025-12-29 04:37:05,Mobile
13130,402680,ENROUTE,2025-12-29 05:02:05,Dispatch
13131,402680,ARRIVED,2025-12-29 07:18:05,Dispatch
13132,402680,COMPLETED,2025-12-29 17:10:05,Mobile
13133,402681,CREATED,2025-12-29 03:54:51,Dispatch
13134,402681,ASSIGNED,2025-12-29 05:55:51,Mobile
13135,402681,ENROUTE,2025-12-29 06:20:51,Mobile
13136,402681,ARRIVED,2025-12-29 06:41:51,Dispatch
13137,402681,COMPLETED,2025-12-29 15:52:51,Mobile
13138,402682,CREATED,2025-12-29 05:08:51,Dispatch
13139,402682,ASSIGNED,2025-12-29 07:10:51,Dispatch
13140,402682,ENROUTE,2025-12-29 08:41:51,Mobile
13141,402682,ARRIVED,2025-12-29 09:51:51,Mobile
13142,402683,CREATED,2025-12-29 05:15:30,Dispatch
13143,402683,ASSIGNED,2025-12-29 06:22:30,Dispatch
13144,402683,ENROUTE,2025-12-29 13:16:30,Dispatch
13145,402683,ARRIVED,2025-12-29 15:12:30,Dispatch
13146,402683,COMPLETED,2025-12-29 22:27:30,Mobile
13147,402684,CREATED,2025-12-29 05:30:36,Dispatch
13148,402684,ASSIGNED,2025-12-29 09:11:36,Mobile
13149,402684,ENROUTE,2025-12-29 12:16:36,Dispatch
13150,402684,ARRIVED,2025-12-29 14:12:36,Mobile
13151,402684,COMPLETED,2025-12-29 21:18:36,Mobile
13152,402685,CREATED,2025-12-29 08:06:28,Mobile
13153,402685,ASSIGNED,2025-12-29 10:37:28,Dispatch
13154,402685,ENROUTE,2025-12-29 14:03:28,Dispatch
13155,402685,ARRIVED,2025-12-29 14:50:28,Dispatch
13156,402685,COMPLETED,2025-12-29 23:01:28,Dispatch
13157,402686,CREATED,2025-12-29 09:09:42,Dispatch
13158,402686,ASSIGNED,2025-12-29 10:27:42,Dispatch
13159,402686,ENROUTE,2025-12-29 17:06:42,Dispatch
13160,402686,ARRIVED,2025-12-29 17:57:42,Dispatch
13161,402686,COMPLETED,2025-12-29 18:29:42,Dispatch
13162,402687,CREATED,2025-12-29 10:26:50,Mobile
13163,402687,ASSIGNED,2025-12-29 12:18:50,Mobile
13164,402687,ENROUTE,2025-12-29 17:41:50,Dispatch
13165,402687,ARRIVED,2025-12-29 20:18:50,Mobile
13166,402687,COMPLETED,2025-12-29 23:05:50,Mobile
13167,402688,CREATED,2025-12-29 13:25:19,Dispatch
13168,402688,ASSIGNED,2025-12-29 13:55:19,Dispatch
13169,402688,ENROUTE,2025-12-29 19:55:19,Mobile
13170,402688,ARRIVED,2025-12-29 21:57:19,Mobile
13171,402688,COMPLETED,2025-12-30 07:21:19,Dispatch
13172,402689,CREATED,2025-12-29 18:43:20,Mobile
13173,402689,ASSIGNED,2025-12-29 18:51:20,Mobile
13174,402689,ENROUTE,2025-12-29 20:21:20,Dispatch
13175,402689,ARRIVED,2025-12-29 23:05:20,Dispatch
13176,402689,COMPLETED,2025-12-30 04:17:20,Dispatch
13177,402690,CREATED,2025-12-30 03:56:17,Mobile
13178,402690,ASSIGNED,2025-12-30 05:34:17,Dispatch
13179,402690,ENROUTE,2025-12-30 10:01:17,Mobile
13180,402690,ARRIVED,2025-12-30 11:55:17,Mobile
13181,402690,COMPLETED,2025-12-30 17:01:17,Mobile
13182,402691,CREATED,2025-12-30 10:44:26,Dispatch
13183,402691,ASSIGNED,2025-12-30 14:42:26,Dispatch
13184,402691,ENROUTE,2025-12-30 19:01:26,Dispatch
13185,402691,ARRIVED,2025-12-30 21:15:26,Dispatch
13186,402691,COMPLETED,2025-12-31 02:33:26,CRM
13187,402692,CREATED,2025-12-30 16:35:23,Mobile
13188,402692,ASSIGNED,2025-12-30 17:54:23,Dispatch
13189,402692,ENROUTE,2025-12-30 20:57:23,Mobile
13190,402692,ARRIVED,2025-12-30 21:38:23,Dispatch
13191,402692,COMPLETED,2025-12-31 01:53:23,CRM
13192,402693,CREATED,2025-12-30 23:43:28,Dispatch
13193,402693,ASSIGNED,2025-12-30 23:59:28,Mobile
13194,402693,ENROUTE,2025-12-31 07:56:28,Mobile
13195,402693,ARRIVED,2025-12-31 10:34:28,Dispatch
13196,402693,COMPLETED,2025-12-31 18:21:28,Dispatch
13197,402694,CREATED,2025-12-31 01:24:24,Mobile
13198,402694,ASSIGNED,2025-12-31 02:37:24,Dispatch
13199,402694,ENROUTE,2025-12-31 03:11:24,Dispatch
13200,402694,ARRIVED,2025-12-31 05:04:24,Mobile
13201,402694,CANCELLED,2025-12-31 03:37:24,Dispatch
13202,402695,CREATED,2025-12-31 03:14:08,Dispatch
13203,402695,ASSIGNED,2025-12-31 04:40:08,Mobile
13204,402695,ENROUTE,2025-12-31 06:03:08,CRM
13205,402695,ARRIVED,2025-12-31 08:21:08,Dispatch
13206,402695,COMPLETED,2025-12-31 17:12:08,Dispatch
13207,402696,CREATED,2025-12-31 06:17:06,Mobile
13208,402696,ASSIGNED,2025-12-31 08:46:06,Mobile
13209,402696,ENROUTE,2025-12-31 13:11:06,Dispatch
13210,402696,ARRIVED,2025-12-31 15:12:06,Mobile
13211,402696,COMPLETED,2025-12-31 19:09:06,Dispatch
13212,402697,CREATED,2025-12-31 06:20:29,CRM
13213,402697,ASSIGNED,2025-12-31 07:04:29,Dispatch
13214,402697,ENROUTE,2025-12-31 13:53:29,Dispatch
13215,402697,ARRIVED,2025-12-31 16:16:29,Dispatch
13216,402697,COMPLETED,2025-12-31 23:55:29,Dispatch
13217,402698,CREATED,2025-12-31 06:53:26,Dispatch
13218,402698,ASSIGNED,2025-12-31 09:34:26,Dispatch
13219,402698,ENROUTE,2025-12-31 14:37:26,Dispatch
13220,402698,ARRIVED,2025-12-31 15:17:26,Mobile
13221,402698,COMPLETED,2025-12-31 16:49:26,Dispatch
13222,402699,CREATED,2025-12-31 07:44:40,Dispatch
13223,402699,ASSIGNED,2025-12-31 09:43:40,Mobile
13224,402699,ENROUTE,2025-12-31 14:18:40,Mobile
13225,402699,ARRIVED,2025-12-31 15:52:40,CRM
13226,402699,COMPLETED,2026-01-01 01:17:40,Dispatch
13227,402700,CREATED,2025-12-31 10:57:18,Mobile
13228,402700,ASSIGNED,2025-12-31 14:48:18,Mobile
13229,402700,ENROUTE,2025-12-31 17:18:18,Dispatch
13230,402700,ARRIVED,2025-12-31 18:21:18,Dispatch
13231,402700,COMPLETED,2025-12-31 21:17:18,Dispatch
13232,402701,CREATED,2025-12-31 12:40:58,Mobile
13233,402701,ASSIGNED,2025-12-31 14:21:58,Mobile
13234,402701,ENROUTE,2025-12-31 21:16:58,Dispatch
13235,402701,ARRIVED,2025-12-31 23:39:58,Mobile
13236,402701,COMPLETED,2026-01-01 02:40:58,Mobile
13237,402702,CREATED,2025-12-31 15:20:40,Mobile
13238,402702,ASSIGNED,2025-12-31 17:44:40,Dispatch
13239,402702,ENROUTE,2025-12-31 23:54:40,Dispatch
13240,402702,ARRIVED,2026-01-01 02:02:40,Mobile
13241,402703,CREATED,2025-12-31 20:40:03,Dispatch
13242,402703,ASSIGNED,2026-01-01 00:30:03,Mobile
13243,402703,ENROUTE,2026-01-01 03:43:03,Mobile
13244,402703,ARRIVED,2026-01-01 05:05:03,Mobile
13245,402703,COMPLETED,2026-01-01 09:55:03,Mobile
13246,402703,REOPENED,2026-01-02 09:55:03,Dispatch
13247,402703,ASSIGNED,2026-01-02 10:55:03,Dispatch
13248,402703,COMPLETED,2026-01-03 11:55:03,Dispatch
13249,402704,CREATED,2025-12-31 22:30:55,Dispatch
13250,402704,ASSIGNED,2026-01-01 02:19:55,Mobile
13251,402704,ENROUTE,2026-01-01 07:23:55,Dispatch
13252,402704,ARRIVED,2026-01-01 07:40:55,Mobile
13253,402704,COMPLETED,2026-01-01 16:01:55,Dispatch
13254,402705,CREATED,2026-01-01 00:17:02,Dispatch
13255,402705,ASSIGNED,2026-01-01 00:59:02,Dispatch
13256,402705,ENROUTE,2026-01-01 06:07:02,Dispatch
13257,402705,ARRIVED,2026-01-01 07:43:02,Dispatch
13258,402705,COMPLETED,2026-01-01 14:28:02,Dispatch
13259,402706,CREATED,2026-01-01 01:15:30,CRM
13260,402706,ASSIGNED,2026-01-01 03:36:30,CRM
13261,402706,ENROUTE,2026-01-01 06:12:30,Dispatch
13262,402706,ARRIVED,2026-01-01 07:00:30,CRM
13263,402707,CREATED,2026-01-01 03:31:43,Dispatch
13264,402707,ASSIGNED,2026-01-01 06:16:43,Mobile
13265,402707,ENROUTE,2026-01-01 11:26:43,Dispatch
13266,402707,ARRIVED,2026-01-01 12:43:43,Mobile
13267,402707,CANCELLED,2026-01-01 07:16:43,Mobile
13268,402708,CREATED,2026-01-01 04:09:12,Dispatch
13269,402708,ASSIGNED,2026-01-01 04:38:12,Dispatch
13270,402708,ENROUTE,2026-01-01 10:38:12,Mobile
13271,402708,ARRIVED,2026-01-01 12:54:12,Mobile
13272,402708,COMPLETED,2026-01-01 13:50:12,Mobile
13273,402709,CREATED,2026-01-01 11:04:22,Dispatch
13274,402709,ASSIGNED,2026-01-01 11:11:22,Dispatch
13275,402709,ENROUTE,2026-01-01 16:17:22,Dispatch
13276,402709,ARRIVED,2026-01-01 17:41:22,Mobile
13277,402709,COMPLETED,2026-01-02 03:04:22,Dispatch
13278,402710,CREATED,2026-01-01 14:22:54,Mobile
13279,402710,ASSIGNED,2026-01-01 15:54:54,Mobile
13280,402710,ENROUTE,2026-01-01 22:14:54,Mobile
13281,402710,ARRIVED,2026-01-02 00:18:54,CRM
13282,402711,CREATED,2026-01-01 16:22:03,Dispatch
13283,402711,ASSIGNED,2026-01-01 19:42:03,Dispatch
13284,402711,ENROUTE,2026-01-02 03:12:03,Dispatch
13285,402711,ARRIVED,2026-01-02 03:49:03,Mobile
13286,402711,COMPLETED,2026-01-02 09:07:03,Mobile
13287,402712,CREATED,2026-01-01 20:00:18,Mobile
13288,402712,ASSIGNED,2026-01-01 21:00:18,Dispatch
13289,402712,ENROUTE,2026-01-01 21:37:18,Dispatch
13290,402712,ARRIVED,2026-01-01 22:21:18,Mobile
13291,402712,COMPLETED,2026-01-02 03:42:18,Mobile
13292,402713,CREATED,2026-01-01 20:29:20,Mobile
13293,402713,ASSIGNED,2026-01-01 22:08:20,Dispatch
13294,402713,ENROUTE,2026-01-02 03:45:20,Dispatch
13295,402713,ARRIVED,2026-01-02 05:33:20,Dispatch
13296,402713,COMPLETED,2026-01-02 11:36:20,Mobile
13297,402714,CREATED,2026-01-01 21:33:11,Dispatch
13298,402714,ASSIGNED,2026-01-02 01:12:11,Mobile
13299,402714,ENROUTE,2026-01-02 09:00:11,Mobile
13300,402714,ARRIVED,2026-01-02 10:53:11,Mobile
13301,402714,COMPLETED,2026-01-02 15:22:11,CRM
13302,402715,CREATED,2026-01-01 23:55:39,Mobile
13303,402715,ASSIGNED,2026-01-02 01:01:39,Dispatch
13304,402715,ENROUTE,2026-01-02 07:51:39,Dispatch
13305,402715,ARRIVED,2026-01-02 10:35:39,Mobile
13306,402715,COMPLETED,2026-01-02 12:03:39,Dispatch
13307,402716,CREATED,2026-01-02 01:46:17,Dispatch
13308,402716,ASSIGNED,2026-01-02 02:07:17,Mobile
13309,402716,ENROUTE,2026-01-02 02:28:17,Dispatch
13310,402716,ARRIVED,2026-01-02 02:43:17,Dispatch
13311,402717,CREATED,2026-01-02 03:18:51,Mobile
13312,402717,ASSIGNED,2026-01-02 06:58:51,Dispatch
13313,402717,ENROUTE,2026-01-02 09:40:51,Dispatch
13314,402717,ARRIVED,2026-01-02 10:08:51,Dispatch
13315,402717,COMPLETED,2026-01-02 18:28:51,Dispatch
13316,402718,CREATED,2026-01-02 06:46:48,Mobile
13317,402718,ASSIGNED,2026-01-02 07:06:48,Mobile
13318,402718,ENROUTE,2026-01-02 08:11:48,Dispatch
13319,402718,ARRIVED,2026-01-02 10:15:48,Dispatch
13320,402718,COMPLETED,2026-01-02 14:53:48,CRM
13321,402719,CREATED,2026-01-02 09:28:35,Dispatch
13322,402719,ASSIGNED,2026-01-02 12:48:35,CRM
13323,402719,ENROUTE,2026-01-02 14:59:35,Dispatch
13324,402719,ARRIVED,2026-01-02 17:46:35,Dispatch
13325,402719,COMPLETED,2026-01-02 21:37:35,Mobile
13326,402720,CREATED,2026-01-02 10:21:17,Mobile
13327,402720,ASSIGNED,2026-01-02 10:29:17,Mobile
13328,402720,ENROUTE,2026-01-02 13:11:17,Dispatch
13329,402720,ARRIVED,2026-01-02 13:34:17,CRM
13330,402720,COMPLETED,2026-01-02 14:28:17,Mobile
13331,402721,CREATED,2026-01-02 11:50:45,Dispatch
13332,402721,ASSIGNED,2026-01-02 14:37:45,Mobile
13333,402721,ENROUTE,2026-01-02 15:45:45,Dispatch
13334,402721,ARRIVED,2026-01-02 18:22:45,Dispatch
13335,402722,CREATED,2026-01-02 12:01:29,Mobile
13336,402722,ASSIGNED,2026-01-02 14:15:29,Dispatch
13337,402722,ENROUTE,2026-01-02 19:20:29,Dispatch
13338,402722,ARRIVED,2026-01-02 22:05:29,Dispatch
13339,402723,CREATED,2026-01-02 12:45:11,CRM
13340,402723,ASSIGNED,2026-01-02 15:35:11,Mobile
13341,402723,ENROUTE,2026-01-02 21:51:11,Dispatch
13342,402723,ARRIVED,2026-01-03 00:39:11,CRM
13343,402723,COMPLETED,2026-01-03 01:33:11,CRM
13344,402724,CREATED,2026-01-02 14:26:45,Dispatch
13345,402724,ASSIGNED,2026-01-02 17:22:45,Dispatch
13346,402724,ENROUTE,2026-01-03 01:12:45,Dispatch
13347,402724,ARRIVED,2026-01-03 01:37:45,Mobile
13348,402724,COMPLETED,2026-01-03 08:18:45,Mobile
13349,402725,CREATED,2026-01-02 15:57:13,Mobile
13350,402725,ASSIGNED,2026-01-02 18:20:13,Mobile
13351,402725,ENROUTE,2026-01-03 01:42:13,Mobile
13352,402725,ARRIVED,2026-01-03 02:24:13,Mobile
13353,402725,COMPLETED,2026-01-03 08:14:13,Mobile
13354,402726,CREATED,2026-01-02 16:42:48,Dispatch
13355,402726,ASSIGNED,2026-01-02 18:48:48,Dispatch
13356,402726,ENROUTE,2026-01-02 23:09:48,Mobile
13357,402726,ARRIVED,2026-01-03 01:07:48,CRM
13358,402726,COMPLETED,2026-01-03 03:38:48,Dispatch
13359,402727,CREATED,2026-01-02 19:31:58,Dispatch
13360,402727,ASSIGNED,2026-01-02 23:10:58,Mobile
13361,402727,ENROUTE,2026-01-03 02:18:58,Dispatch
13362,402727,ARRIVED,2026-01-03 03:18:58,Dispatch
13363,402727,COMPLETED,2026-01-03 11:11:58,Mobile
13364,402728,CREATED,2026-01-02 22:16:34,Dispatch
13365,402728,ASSIGNED,2026-01-02 23:59:34,Mobile
13366,402728,ENROUTE,2026-01-03 01:04:34,Dispatch
13367,402728,ARRIVED,2026-01-03 03:13:34,Mobile
13368,402728,COMPLETED,2026-01-03 03:51:34,Mobile
13369,402729,CREATED,2026-01-02 22:55:08,Dispatch
13370,402729,ASSIGNED,2026-01-03 00:55:08,Mobile
13371,402729,ENROUTE,2026-01-03 01:40:08,Dispatch
13372,402729,ARRIVED,2026-01-03 03:06:08,Mobile
13373,402729,COMPLETED,2026-01-03 04:50:08,Mobile
13374,402730,CREATED,2026-01-03 03:34:55,Dispatch
13375,402730,ASSIGNED,2026-01-03 04:39:55,Mobile
13376,402730,ENROUTE,2026-01-03 06:10:55,Dispatch
13377,402730,ARRIVED,2026-01-03 06:58:55,Dispatch
13378,402730,COMPLETED,2026-01-03 10:23:55,Dispatch
13379,402730,REOPENED,2026-01-04 10:23:55,Dispatch
13380,402730,ASSIGNED,2026-01-04 11:23:55,Dispatch
13381,402730,COMPLETED,2026-01-05 12:23:55,CRM
13382,402731,CREATED,2026-01-03 07:25:33,Mobile
13383,402731,ASSIGNED,2026-01-03 10:28:33,Dispatch
13384,402731,ENROUTE,2026-01-03 18:03:33,Mobile
13385,402731,ARRIVED,2026-01-03 20:24:33,Dispatch
13386,402732,CREATED,2026-01-03 07:45:12,Mobile
13387,402732,ASSIGNED,2026-01-03 10:22:12,Mobile
13388,402732,ENROUTE,2026-01-03 14:54:12,Dispatch
13389,402732,ARRIVED,2026-01-03 15:49:12,Dispatch
13390,402732,COMPLETED,2026-01-03 18:26:12,Mobile
13391,402733,CREATED,2026-01-03 07:45:24,Dispatch
13392,402733,ASSIGNED,2026-01-03 08:54:24,Mobile
13393,402733,ENROUTE,2026-01-03 12:51:24,Dispatch
13394,402733,ARRIVED,2026-01-03 15:09:24,Mobile
13395,402733,CANCELLED,2026-01-03 09:54:24,Mobile
13396,402734,CREATED,2026-01-03 09:30:46,Mobile
13397,402734,ASSIGNED,2026-01-03 09:42:46,CRM
13398,402734,ENROUTE,2026-01-03 15:59:46,CRM
13399,402734,ARRIVED,2026-01-03 17:18:46,Dispatch
13400,402735,CREATED,2026-01-03 12:34:50,Dispatch
13401,402735,ASSIGNED,2026-01-03 15:56:50,Mobile
13402,402735,ENROUTE,2026-01-03 18:13:50,Dispatch
13403,402735,ARRIVED,2026-01-03 19:18:50,CRM
13404,402735,COMPLETED,2026-01-03 21:47:50,CRM
13405,402736,CREATED,2026-01-03 13:50:41,Mobile
13406,402736,ASSIGNED,2026-01-03 14:12:41,Dispatch
13407,402736,ENROUTE,2026-01-03 19:09:41,Mobile
13408,402736,ARRIVED,2026-01-03 20:28:41,Mobile
13409,402736,COMPLETED,2026-01-04 02:34:41,Dispatch
13410,402737,CREATED,2026-01-03 19:30:42,Mobile
13411,402737,ASSIGNED,2026-01-03 22:24:42,Mobile
13412,402737,ENROUTE,2026-01-04 03:41:42,Dispatch
13413,402737,ARRIVED,2026-01-04 04:43:42,Dispatch
13414,402737,COMPLETED,2026-01-04 11:01:42,Mobile
13415,402738,CREATED,2026-01-03 19:37:11,CRM
13416,402738,ASSIGNED,2026-01-03 20:33:11,Dispatch
13417,402738,ENROUTE,2026-01-04 01:50:11,Dispatch
13418,402738,ARRIVED,2026-01-04 02:25:11,Dispatch
13419,402738,COMPLETED,2026-01-04 10:10:11,Mobile
13420,402739,CREATED,2026-01-03 20:39:49,CRM
13421,402739,ASSIGNED,2026-01-03 23:33:49,Mobile
13422,402739,ENROUTE,2026-01-04 01:27:49,CRM
13423,402739,ARRIVED,2026-01-04 01:55:49,Mobile
13424,402739,COMPLETED,2026-01-04 04:25:49,Dispatch
13425,402740,CREATED,2026-01-03 22:12:28,Mobile
13426,402740,ASSIGNED,2026-01-04 01:47:28,Dispatch
13427,402740,ENROUTE,2026-01-04 07:44:28,Dispatch
13428,402740,ARRIVED,2026-01-04 08:32:28,Dispatch
13429,402740,COMPLETED,2026-01-04 11:59:28,CRM
13430,402741,CREATED,2026-01-04 00:02:33,CRM
13431,402741,ASSIGNED,2026-01-04 01:02:33,Mobile
13432,402741,ENROUTE,2026-01-04 02:27:33,Dispatch
13433,402741,ARRIVED,2026-01-04 03:18:33,CRM
13434,402741,COMPLETED,2026-01-04 07:09:33,CRM
13435,402742,CREATED,2026-01-04 05:18:11,Mobile
13436,402742,ASSIGNED,2026-01-04 06:47:11,Dispatch
13437,402742,ENROUTE,2026-01-04 11:25:11,Dispatch
13438,402742,ARRIVED,2026-01-04 11:58:11,Mobile
13439,402742,COMPLETED,2026-01-04 18:08:11,Dispatch
13440,402743,CREATED,2026-01-04 07:14:12,CRM
13441,402743,ASSIGNED,2026-01-04 07:28:12,Dispatch
13442,402743,ENROUTE,2026-01-04 11:22:12,Mobile
13443,402743,ARRIVED,2026-01-04 12:09:12,Dispatch
13444,402743,COMPLETED,2026-01-04 13:23:12,Mobile
13445,402744,CREATED,2026-01-04 08:47:18,Dispatch
13446,402744,ASSIGNED,2026-01-04 09:11:18,Mobile
13447,402744,ENROUTE,2026-01-04 14:11:18,Dispatch
13448,402744,ARRIVED,2026-01-04 15:58:18,Mobile
13449,402744,COMPLETED,2026-01-04 22:17:18,Dispatch
13450,402745,CREATED,2026-01-04 09:45:04,Mobile
13451,402745,ASSIGNED,2026-01-04 11:51:04,Mobile
13452,402745,ENROUTE,2026-01-04 19:12:04,Mobile
13453,402745,ARRIVED,2026-01-04 20:26:04,Dispatch
13454,402746,CREATED,2026-01-04 13:21:54,Dispatch
13455,402746,ASSIGNED,2026-01-04 17:01:54,Mobile
13456,402746,ENROUTE,2026-01-04 21:40:54,Dispatch
13457,402746,ARRIVED,2026-01-04 23:27:54,Dispatch
13458,402746,COMPLETED,2026-01-05 00:08:54,Mobile
13459,402747,CREATED,2026-01-04 21:32:59,Dispatch
13460,402747,ASSIGNED,2026-01-04 21:48:59,Mobile
13461,402747,ENROUTE,2026-01-05 01:03:59,Dispatch
13462,402747,ARRIVED,2026-01-05 01:21:59,Dispatch
13463,402747,CANCELLED,2026-01-04 22:48:59,Dispatch
13464,402748,CREATED,2026-01-04 22:34:35,CRM
13465,402748,ASSIGNED,2026-01-04 22:39:35,Mobile
13466,402748,ENROUTE,2026-01-05 00:18:35,Mobile
13467,402748,ARRIVED,2026-01-05 02:37:35,Dispatch
13468,402748,COMPLETED,2026-01-05 08:32:35,Mobile
13469,402749,CREATED,2026-01-05 03:20:44,CRM
13470,402749,ASSIGNED,2026-01-05 06:34:44,Mobile
13471,402749,ENROUTE,2026-01-05 10:08:44,Mobile
13472,402749,ARRIVED,2026-01-05 10:29:44,Dispatch
13473,402749,COMPLETED,2026-01-05 13:57:44,Dispatch
13474,402750,CREATED,2026-01-05 13:39:54,Dispatch
13475,402750,ASSIGNED,2026-01-05 14:15:54,Dispatch
13476,402750,ENROUTE,2026-01-05 15:00:54,Dispatch
13477,402750,ARRIVED,2026-01-05 15:28:54,Mobile
13478,402750,COMPLETED,2026-01-05 17:23:54,Mobile
13479,402751,CREATED,2026-01-05 16:43:08,Dispatch
13480,402751,ASSIGNED,2026-01-05 17:14:08,Mobile
13481,402751,ENROUTE,2026-01-05 18:16:08,Mobile
13482,402751,ARRIVED,2026-01-05 19:23:08,Mobile
13483,402751,COMPLETED,2026-01-05 23:57:08,Dispatch
13484,402752,CREATED,2026-01-05 17:05:40,Dispatch
13485,402752,ASSIGNED,2026-01-05 18:23:40,CRM
13486,402752,ENROUTE,2026-01-05 22:26:40,Mobile
13487,402752,ARRIVED,2026-01-05 22:42:40,Dispatch
13488,402752,CANCELLED,2026-01-05 19:23:40,Dispatch
13489,402753,CREATED,2026-01-05 19:19:33,Dispatch
13490,402753,ASSIGNED,2026-01-05 22:56:33,Dispatch
13491,402753,ENROUTE,2026-01-06 00:58:33,CRM
13492,402753,ARRIVED,2026-01-06 02:37:33,Mobile
13493,402754,CREATED,2026-01-05 21:04:32,Mobile
13494,402754,ASSIGNED,2026-01-05 23:02:32,Dispatch
13495,402754,ENROUTE,2026-01-06 01:56:32,Dispatch
13496,402754,ARRIVED,2026-01-06 03:29:32,Dispatch
13497,402754,COMPLETED,2026-01-06 06:27:32,Mobile
13498,402755,CREATED,2026-01-06 05:47:09,Dispatch
13499,402755,ASSIGNED,2026-01-06 08:41:09,Dispatch
13500,402755,ENROUTE,2026-01-06 10:57:09,Mobile
13501,402755,ARRIVED,2026-01-06 11:08:09,Dispatch
13502,402755,COMPLETED,2026-01-06 12:03:09,Mobile
13503,402756,CREATED,2026-01-06 07:07:54,Mobile
13504,402756,ASSIGNED,2026-01-06 09:57:54,Dispatch
13505,402756,ENROUTE,2026-01-06 16:34:54,Mobile
13506,402756,ARRIVED,2026-01-06 18:47:54,CRM
13507,402756,COMPLETED,2026-01-07 03:31:54,Dispatch
13508,402757,CREATED,2026-01-06 10:22:51,Mobile
13509,402757,ASSIGNED,2026-01-06 10:40:51,Dispatch
13510,402757,ENROUTE,2026-01-06 17:34:51,Dispatch
13511,402757,ARRIVED,2026-01-06 20:04:51,CRM
13512,402757,COMPLETED,2026-01-06 22:46:51,CRM
13513,402758,CREATED,2026-01-06 16:46:45,Dispatch
13514,402758,ASSIGNED,2026-01-06 19:43:45,Mobile
13515,402758,ENROUTE,2026-01-07 01:21:45,Dispatch
13516,402758,ARRIVED,2026-01-07 02:37:45,Mobile
13517,402758,COMPLETED,2026-01-07 05:50:45,Dispatch
13518,402759,CREATED,2026-01-06 17:41:05,Dispatch
13519,402759,ASSIGNED,2026-01-06 21:33:05,Dispatch
13520,402759,ENROUTE,2026-01-07 05:14:05,CRM
13521,402759,ARRIVED,2026-01-07 05:30:05,Dispatch
13522,402759,COMPLETED,2026-01-07 09:02:05,CRM
13523,402760,CREATED,2026-01-06 18:46:06,Dispatch
13524,402760,ASSIGNED,2026-01-06 20:19:06,Dispatch
13525,402760,ENROUTE,2026-01-07 02:38:06,Dispatch
13526,402760,ARRIVED,2026-01-07 04:05:06,Dispatch
13527,402760,COMPLETED,2026-01-07 13:31:06,Mobile
13528,402761,CREATED,2026-01-06 22:47:42,CRM
13529,402761,ASSIGNED,2026-01-07 02:28:42,Dispatch
13530,402761,ENROUTE,2026-01-07 05:36:42,Dispatch
13531,402761,ARRIVED,2026-01-07 06:16:42,Dispatch
13532,402761,COMPLETED,2026-01-07 12:04:42,Dispatch
13533,402762,CREATED,2026-01-07 00:15:08,Mobile
13534,402762,ASSIGNED,2026-01-07 02:00:08,Dispatch
13535,402762,ENROUTE,2026-01-07 03:34:08,Mobile
13536,402762,ARRIVED,2026-01-07 05:46:08,Mobile
13537,402762,COMPLETED,2026-01-07 06:52:08,Dispatch
13538,402763,CREATED,2026-01-07 00:49:40,Mobile
13539,402763,ASSIGNED,2026-01-07 01:11:40,CRM
13540,402763,ENROUTE,2026-01-07 08:10:40,Dispatch
13541,402763,ARRIVED,2026-01-07 09:51:40,Mobile
13542,402763,COMPLETED,2026-01-07 17:29:40,Dispatch
13543,402764,CREATED,2026-01-07 06:48:09,Dispatch
13544,402764,ASSIGNED,2026-01-07 09:27:09,Dispatch
13545,402764,ENROUTE,2026-01-07 19:18:09,CRM
13546,402764,ARRIVED,2026-01-07 18:58:09,Mobile
13547,402764,COMPLETED,2026-01-08 01:40:09,Dispatch
13548,402765,CREATED,2026-01-07 15:04:40,Dispatch
13549,402765,ASSIGNED,2026-01-07 16:16:40,Mobile
13550,402765,ENROUTE,2026-01-07 17:16:40,CRM
13551,402765,ARRIVED,2026-01-07 19:19:40,Dispatch
13552,402765,COMPLETED,2026-01-08 01:20:40,CRM
13553,402766,CREATED,2026-01-07 15:09:55,CRM
13554,402766,ASSIGNED,2026-01-07 17:20:55,Dispatch
13555,402766,ENROUTE,2026-01-07 21:00:55,Dispatch
13556,402766,ARRIVED,2026-01-07 21:56:55,Mobile
13557,402767,CREATED,2026-01-08 01:48:13,Dispatch
13558,402767,ASSIGNED,2026-01-08 03:38:13,Dispatch
13559,402767,ENROUTE,2026-01-08 04:36:13,Dispatch
13560,402767,ARRIVED,2026-01-08 05:03:13,Mobile
13561,402767,COMPLETED,2026-01-08 14:09:13,Mobile
13562,402768,CREATED,2026-01-08 04:46:45,Mobile
13563,402768,ASSIGNED,2026-01-08 06:30:45,CRM
13564,402768,ENROUTE,2026-01-08 11:26:45,Dispatch
13565,402768,ARRIVED,2026-01-08 11:42:45,Dispatch
13566,402768,COMPLETED,2026-01-08 19:46:45,CRM
13567,402769,CREATED,2026-01-08 16:44:09,Mobile
13568,402769,ASSIGNED,2026-01-08 19:52:09,Dispatch
13569,402769,ENROUTE,2026-01-09 00:58:09,Dispatch
13570,402769,ARRIVED,2026-01-09 03:33:09,Dispatch
13571,402769,COMPLETED,2026-01-09 11:34:09,Mobile
13572,402770,CREATED,2026-01-08 22:30:30,Dispatch
13573,402770,ASSIGNED,2026-01-09 02:03:30,Dispatch
13574,402770,ENROUTE,2026-01-09 05:08:30,Dispatch
13575,402770,ARRIVED,2026-01-09 06:18:30,Mobile
13576,402770,COMPLETED,2026-01-09 10:26:30,Dispatch
13577,402771,CREATED,2026-01-08 22:37:01,Mobile
13578,402771,ASSIGNED,2026-01-09 01:23:01,CRM
13579,402771,ENROUTE,2026-01-09 02:22:01,Dispatch
13580,402771,ARRIVED,2026-01-09 03:53:01,Mobile
13581,402772,CREATED,2026-01-09 00:12:48,Dispatch
13582,402772,ASSIGNED,2026-01-09 02:55:48,Mobile
13583,402772,ENROUTE,2026-01-09 07:43:48,Mobile
13584,402772,ARRIVED,2026-01-09 10:10:48,Dispatch
13585,402772,COMPLETED,2026-01-09 10:49:48,CRM
13586,402773,CREATED,2026-01-09 05:45:35,Dispatch
13587,402773,ASSIGNED,2026-01-09 06:04:35,Mobile
13588,402773,ENROUTE,2026-01-09 11:23:35,Mobile
13589,402773,ARRIVED,2026-01-09 13:51:35,Dispatch
13590,402773,COMPLETED,2026-01-09 15:53:35,Mobile
13591,402774,CREATED,2026-01-09 07:01:03,Mobile
13592,402774,ASSIGNED,2026-01-09 10:56:03,Mobile
13593,402774,ENROUTE,2026-01-09 14:16:03,Dispatch
13594,402774,ARRIVED,2026-01-09 15:57:03,Dispatch
13595,402774,COMPLETED,2026-01-09 22:42:03,Dispatch
13596,402775,CREATED,2026-01-09 07:04:47,Mobile
13597,402775,ASSIGNED,2026-01-09 08:57:47,Mobile
13598,402775,ENROUTE,2026-01-09 12:31:47,CRM
13599,402775,ARRIVED,2026-01-09 13:32:47,Mobile
13600,402775,COMPLETED,2026-01-09 19:18:47,CRM
13601,402776,CREATED,2026-01-09 09:29:31,Mobile
13602,402776,ASSIGNED,2026-01-09 12:30:31,Dispatch
13603,402776,ENROUTE,2026-01-09 15:41:31,Dispatch
13604,402776,ARRIVED,2026-01-09 17:49:31,Mobile
13605,402776,COMPLETED,2026-01-09 18:54:31,CRM
13606,402777,CREATED,2026-01-09 10:06:02,Mobile
13607,402777,ASSIGNED,2026-01-09 12:40:02,Dispatch
13608,402777,ENROUTE,2026-01-09 16:53:02,Mobile
13609,402777,ARRIVED,2026-01-09 18:02:02,Mobile
13610,402777,COMPLETED,2026-01-09 22:39:02,Dispatch
13611,402778,CREATED,2026-01-09 11:27:11,Mobile
13612,402778,ASSIGNED,2026-01-09 12:08:11,Mobile
13613,402778,ENROUTE,2026-01-09 13:31:11,Dispatch
13614,402778,ARRIVED,2026-01-09 15:10:11,Dispatch
13615,402778,COMPLETED,2026-01-09 16:49:11,Dispatch
13616,402779,CREATED,2026-01-09 12:54:42,Mobile
13617,402779,ASSIGNED,2026-01-09 14:19:42,Mobile
13618,402779,ENROUTE,2026-01-09 16:51:42,Mobile
13619,402779,ARRIVED,2026-01-09 17:42:42,Dispatch
13620,402779,COMPLETED,2026-01-09 22:54:42,Mobile
13621,402780,CREATED,2026-01-09 13:14:51,Dispatch
13622,402780,ASSIGNED,2026-01-09 14:03:51,Mobile
13623,402780,ENROUTE,2026-01-09 21:56:51,CRM
13624,402780,ARRIVED,2026-01-09 22:40:51,Dispatch
13625,402781,CREATED,2026-01-09 14:29:15,Dispatch
13626,402781,ASSIGNED,2026-01-09 16:46:15,Dispatch
13627,402781,ENROUTE,2026-01-10 00:23:15,Dispatch
13628,402781,ARRIVED,2026-01-10 01:40:15,Dispatch
13629,402781,CANCELLED,2026-01-09 17:46:15,Dispatch
13630,402782,CREATED,2026-01-09 16:41:20,Mobile
13631,402782,ASSIGNED,2026-01-09 18:07:20,Mobile
13632,402782,ENROUTE,2026-01-09 22:22:20,Mobile
13633,402782,ARRIVED,2026-01-10 01:07:20,Dispatch
13634,402782,COMPLETED,2026-01-10 09:10:20,Dispatch
13635,402783,CREATED,2026-01-10 15:06:36,Dispatch
13636,402783,ASSIGNED,2026-01-10 15:25:36,CRM
13637,402783,ENROUTE,2026-01-10 17:37:36,Dispatch
13638,402783,ARRIVED,2026-01-10 19:46:36,Mobile
13639,402783,COMPLETED,2026-01-10 23:16:36,Dispatch
13640,402784,CREATED,2026-01-10 15:42:10,CRM
13641,402784,ASSIGNED,2026-01-10 18:22:10,CRM
13642,402784,ENROUTE,2026-01-10 22:01:10,Dispatch
13643,402784,ARRIVED,2026-01-11 00:19:10,Dispatch
13644,402784,COMPLETED,2026-01-11 00:56:10,Mobile
13645,402785,CREATED,2026-01-11 02:00:22,Dispatch
13646,402785,ASSIGNED,2026-01-11 04:50:22,Mobile
13647,402785,ENROUTE,2026-01-11 05:28:22,Dispatch
13648,402785,ARRIVED,2026-01-11 05:54:22,Dispatch
13649,402786,CREATED,2026-01-11 02:19:13,Dispatch
13650,402786,ASSIGNED,2026-01-11 04:29:13,Mobile
13651,402786,ENROUTE,2026-01-11 06:33:13,Dispatch
13652,402786,ARRIVED,2026-01-11 09:11:13,Mobile
13653,402786,COMPLETED,2026-01-11 17:22:13,CRM
13654,402787,CREATED,2026-01-11 03:42:17,CRM
13655,402787,ASSIGNED,2026-01-11 04:05:17,CRM
13656,402787,ENROUTE,2026-01-11 06:49:17,Dispatch
13657,402787,ARRIVED,2026-01-11 08:17:17,Dispatch
13658,402787,COMPLETED,2026-01-11 15:08:17,Dispatch
13659,402788,CREATED,2026-01-11 07:26:13,Dispatch
13660,402788,ASSIGNED,2026-01-11 11:07:13,Mobile
13661,402788,ENROUTE,2026-01-11 15:39:13,Dispatch
13662,402788,ARRIVED,2026-01-11 18:34:13,CRM
13663,402788,COMPLETED,2026-01-12 03:24:13,Dispatch
13664,402789,CREATED,2026-01-11 10:53:37,Dispatch
13665,402789,ASSIGNED,2026-01-11 13:52:37,CRM
13666,402789,ENROUTE,2026-01-11 20:18:37,Mobile
13667,402789,ARRIVED,2026-01-11 22:56:37,Mobile
13668,402789,COMPLETED,2026-01-12 08:29:37,Mobile
13669,402789,REOPENED,2026-01-13 08:29:37,Dispatch
13670,402789,ASSIGNED,2026-01-13 09:29:37,Mobile
13671,402789,COMPLETED,2026-01-14 10:29:37,Mobile
13672,402790,CREATED,2026-01-11 12:40:19,Dispatch
13673,402790,ASSIGNED,2026-01-11 14:23:19,Dispatch
13674,402790,ENROUTE,2026-01-11 19:17:19,Mobile
13675,402790,ARRIVED,2026-01-11 21:40:19,Dispatch
13676,402790,COMPLETED,2026-01-12 02:28:19,Mobile
13677,402791,CREATED,2026-01-11 16:32:35,Mobile
13678,402791,ASSIGNED,2026-01-11 19:42:35,Dispatch
13679,402791,ENROUTE,2026-01-11 23:42:35,Mobile
13680,402791,ARRIVED,2026-01-12 02:18:35,CRM
13681,402791,COMPLETED,2026-01-12 06:32:35,Dispatch
13682,402792,CREATED,2026-01-11 23:01:01,Dispatch
13683,402792,ASSIGNED,2026-01-12 00:25:01,Mobile
13684,402792,ENROUTE,2026-01-12 02:53:01,CRM
13685,402792,ARRIVED,2026-01-12 05:29:01,CRM
13686,402792,COMPLETED,2026-01-12 06:54:01,CRM
13687,402793,CREATED,2026-01-11 23:05:12,CRM
13688,402793,ASSIGNED,2026-01-12 00:10:12,Dispatch
13689,402793,ENROUTE,2026-01-12 03:29:12,CRM
13690,402793,ARRIVED,2026-01-12 03:51:12,Dispatch
13691,402793,COMPLETED,2026-01-12 12:18:12,Mobile
13692,402794,CREATED,2026-01-12 02:41:55,Dispatch
13693,402794,ASSIGNED,2026-01-12 05:15:55,Mobile
13694,402794,ENROUTE,2026-01-12 13:11:55,CRM
13695,402794,ARRIVED,2026-01-12 13:41:55,Mobile
13696,402794,COMPLETED,2026-01-12 17:10:55,Dispatch
13697,402795,CREATED,2026-01-12 05:13:38,Mobile
13698,402795,ASSIGNED,2026-01-12 08:19:38,Mobile
13699,402795,ENROUTE,2026-01-12 09:50:38,Dispatch
13700,402795,ARRIVED,2026-01-12 10:16:38,Dispatch
13701,402795,COMPLETED,2026-01-12 13:44:38,Mobile
13702,402796,CREATED,2026-01-12 09:06:49,CRM
13703,402796,ASSIGNED,2026-01-12 10:16:49,Mobile
13704,402796,ENROUTE,2026-01-12 18:09:49,Mobile
13705,402796,ARRIVED,2026-01-12 20:38:49,Dispatch
13706,402796,COMPLETED,2026-01-12 21:13:49,CRM
13707,402797,CREATED,2026-01-12 09:45:12,Mobile
13708,402797,ASSIGNED,2026-01-12 12:36:12,Mobile
13709,402797,ENROUTE,2026-01-12 16:38:12,Dispatch
13710,402797,ARRIVED,2026-01-12 18:32:12,Mobile
13711,402797,COMPLETED,2026-01-13 03:49:12,Mobile
13712,402798,CREATED,2026-01-12 09:54:40,CRM
13713,402798,ASSIGNED,2026-01-12 10:49:40,Dispatch
13714,402798,ENROUTE,2026-01-12 12:38:40,Dispatch
13715,402798,ARRIVED,2026-01-12 13:08:40,Dispatch
13716,402798,COMPLETED,2026-01-12 22:36:40,Dispatch
13717,402799,CREATED,2026-01-12 12:11:30,Mobile
13718,402799,ASSIGNED,2026-01-12 15:59:30,Mobile
13719,402799,ENROUTE,2026-01-12 18:11:30,Mobile
13720,402799,ARRIVED,2026-01-12 19:07:30,Dispatch
13721,402799,COMPLETED,2026-01-12 23:08:30,CRM
13722,402800,CREATED,2026-01-12 14:00:11,Mobile
13723,402800,ASSIGNED,2026-01-12 17:02:11,Dispatch
13724,402800,ENROUTE,2026-01-12 22:07:11,Dispatch
13725,402800,ARRIVED,2026-01-12 22:24:11,Mobile
13726,402800,COMPLETED,2026-01-13 07:25:11,Dispatch
13727,402801,CREATED,2026-01-12 14:26:02,CRM
13728,402801,ASSIGNED,2026-01-12 15:37:02,Dispatch
13729,402801,ENROUTE,2026-01-12 17:43:02,Mobile
13730,402801,ARRIVED,2026-01-12 18:00:02,Dispatch
13731,402801,COMPLETED,2026-01-13 01:09:02,Dispatch
13732,402802,CREATED,2026-01-12 14:44:42,CRM
13733,402802,ASSIGNED,2026-01-12 17:38:42,Mobile
13734,402802,ENROUTE,2026-01-13 00:48:42,Mobile
13735,402802,ARRIVED,2026-01-13 02:29:42,Dispatch
13736,402802,COMPLETED,2026-01-13 10:47:42,Dispatch
13737,402803,CREATED,2026-01-12 16:06:57,CRM
13738,402803,ASSIGNED,2026-01-12 16:39:57,Mobile
13739,402803,ENROUTE,2026-01-12 21:59:57,Dispatch
13740,402803,ARRIVED,2026-01-13 00:52:57,Dispatch
13741,402803,COMPLETED,2026-01-13 01:31:57,Dispatch
13742,402804,CREATED,2026-01-13 02:26:07,Mobile
13743,402804,ASSIGNED,2026-01-13 04:53:07,Dispatch
13744,402804,ENROUTE,2026-01-13 11:17:07,Dispatch
13745,402804,ARRIVED,2026-01-13 14:12:07,CRM
13746,402805,CREATED,2026-01-13 18:50:50,Dispatch
13747,402805,ASSIGNED,2026-01-13 18:58:50,Dispatch
13748,402805,ENROUTE,2026-01-14 01:51:50,Dispatch
13749,402805,ARRIVED,2026-01-14 04:49:50,Mobile
13750,402805,COMPLETED,2026-01-14 11:56:50,Dispatch
13751,402806,CREATED,2026-01-13 19:54:26,Dispatch
13752,402806,ASSIGNED,2026-01-13 22:36:26,Mobile
13753,402806,ENROUTE,2026-01-14 04:08:26,Dispatch
13754,402806,ARRIVED,2026-01-14 06:34:26,Dispatch
13755,402806,COMPLETED,2026-01-14 14:26:26,Mobile
13756,402807,CREATED,2026-01-14 05:44:48,CRM
13757,402807,ASSIGNED,2026-01-14 06:14:48,Mobile
13758,402807,ENROUTE,2026-01-14 06:37:48,Mobile
13759,402807,ARRIVED,2026-01-14 08:23:48,Mobile
13760,402807,COMPLETED,2026-01-14 16:35:48,Mobile
13761,402808,CREATED,2026-01-14 06:49:53,Dispatch
13762,402808,ASSIGNED,2026-01-14 08:42:53,Dispatch
13763,402808,ENROUTE,2026-01-14 13:41:53,Dispatch
13764,402808,ARRIVED,2026-01-14 13:59:53,Dispatch
13765,402808,COMPLETED,2026-01-14 19:42:53,Dispatch
13766,402809,CREATED,2026-01-14 08:28:21,Dispatch
13767,402809,ASSIGNED,2026-01-14 10:05:21,Mobile
13768,402809,ENROUTE,2026-01-14 10:46:21,Mobile
13769,402809,ARRIVED,2026-01-14 12:34:21,Dispatch
13770,402809,COMPLETED,2026-01-14 21:38:21,Mobile
13771,402810,CREATED,2026-01-14 17:16:58,Dispatch
13772,402810,ASSIGNED,2026-01-14 18:08:58,Mobile
13773,402810,ENROUTE,2026-01-14 18:43:58,Dispatch
13774,402810,ARRIVED,2026-01-14 20:12:58,Dispatch
13775,402810,COMPLETED,2026-01-15 02:47:58,Mobile
13776,402811,CREATED,2026-01-15 11:42:41,Dispatch
13777,402811,ASSIGNED,2026-01-15 14:00:41,Mobile
13778,402811,ENROUTE,2026-01-15 18:28:41,Mobile
13779,402811,ARRIVED,2026-01-15 19:33:41,Mobile
13780,402811,COMPLETED,2026-01-15 21:43:41,Dispatch
13781,402812,CREATED,2026-01-15 13:13:08,Mobile
13782,402812,ASSIGNED,2026-01-15 17:02:08,Dispatch
13783,402812,ENROUTE,2026-01-16 00:56:08,Dispatch
13784,402812,ARRIVED,2026-01-16 03:41:08,Dispatch
13785,402812,COMPLETED,2026-01-16 04:52:08,Mobile
13786,402813,CREATED,2026-01-15 13:42:14,Dispatch
13787,402813,ASSIGNED,2026-01-15 16:21:14,CRM
13788,402813,ENROUTE,2026-01-15 19:19:14,Dispatch
13789,402813,ARRIVED,2026-01-15 20:29:14,Mobile
13790,402813,COMPLETED,2026-01-16 00:42:14,Mobile
13791,402814,CREATED,2026-01-15 15:37:17,Mobile
13792,402814,ASSIGNED,2026-01-15 16:52:17,Dispatch
13793,402814,ENROUTE,2026-01-15 19:32:17,Dispatch
13794,402814,ARRIVED,2026-01-15 22:10:17,Dispatch
13795,402814,COMPLETED,2026-01-16 01:18:17,CRM
13796,402815,CREATED,2026-01-15 18:04:45,Dispatch
13797,402815,ASSIGNED,2026-01-15 18:43:45,Dispatch
13798,402815,ENROUTE,2026-01-15 21:55:45,Dispatch
13799,402815,ARRIVED,2026-01-15 22:17:45,Mobile
13800,402815,COMPLETED,2026-01-16 04:36:45,Dispatch
13801,402816,CREATED,2026-01-15 23:11:23,Dispatch
13802,402816,ASSIGNED,2026-01-16 01:00:23,Dispatch
13803,402816,ENROUTE,2026-01-16 03:04:23,Mobile
13804,402816,ARRIVED,2026-01-16 05:09:23,Dispatch
13805,402816,COMPLETED,2026-01-16 06:54:23,Mobile
13806,402817,CREATED,2026-01-16 00:56:00,Mobile
13807,402817,ASSIGNED,2026-01-16 02:32:00,Dispatch
13808,402817,ENROUTE,2026-01-16 08:31:00,Mobile
13809,402817,ARRIVED,2026-01-16 09:30:00,CRM
13810,402817,COMPLETED,2026-01-16 16:58:00,Dispatch
13811,402818,CREATED,2026-01-16 04:48:23,Dispatch
13812,402818,ASSIGNED,2026-01-16 07:15:23,Mobile
13813,402818,ENROUTE,2026-01-16 12:10:23,Mobile
13814,402818,ARRIVED,2026-01-16 14:17:23,Dispatch
13815,402818,COMPLETED,2026-01-16 14:52:23,Mobile
13816,402819,CREATED,2026-01-16 06:45:21,Mobile
13817,402819,ASSIGNED,2026-01-16 09:10:21,Dispatch
13818,402819,ENROUTE,2026-01-16 13:49:21,Dispatch
13819,402819,ARRIVED,2026-01-16 15:40:21,CRM
13820,402819,COMPLETED,2026-01-16 18:55:21,Dispatch
13821,402820,CREATED,2026-01-16 07:47:22,Dispatch
13822,402820,ASSIGNED,2026-01-16 09:09:22,Mobile
13823,402820,ENROUTE,2026-01-16 14:54:22,Mobile
13824,402820,ARRIVED,2026-01-16 15:37:22,Dispatch
13825,402820,COMPLETED,2026-01-16 23:44:22,Dispatch
13826,402821,CREATED,2026-01-16 07:53:09,Mobile
13827,402821,ASSIGNED,2026-01-16 08:15:09,Dispatch
13828,402821,ENROUTE,2026-01-16 16:06:09,Mobile
13829,402821,ARRIVED,2026-01-16 18:21:09,Mobile
13830,402821,COMPLETED,2026-01-17 01:53:09,Dispatch
13831,402822,CREATED,2026-01-16 08:47:32,Mobile
13832,402822,ASSIGNED,2026-01-16 11:58:32,Dispatch
13833,402822,ENROUTE,2026-01-16 18:51:32,Dispatch
13834,402822,ARRIVED,2026-01-16 19:09:32,Dispatch
13835,402822,COMPLETED,2026-01-16 22:02:32,Mobile
13836,402823,CREATED,2026-01-16 13:20:08,Mobile
13837,402823,ASSIGNED,2026-01-16 17:11:08,Dispatch
13838,402823,ENROUTE,2026-01-17 00:35:08,Mobile
13839,402823,ARRIVED,2026-01-17 01:23:08,Dispatch
13840,402823,COMPLETED,2026-01-17 08:57:08,Mobile
13841,402824,CREATED,2026-01-16 14:33:06,Dispatch
13842,402824,ASSIGNED,2026-01-16 15:52:06,Mobile
13843,402824,ENROUTE,2026-01-16 19:08:06,Mobile
13844,402824,ARRIVED,2026-01-16 20:35:06,Dispatch
13845,402825,CREATED,2026-01-16 16:07:20,Dispatch
13846,402825,ASSIGNED,2026-01-16 17:55:20,Dispatch
13847,402825,ENROUTE,2026-01-16 19:12:20,Mobile
13848,402825,ARRIVED,2026-01-16 21:32:20,Mobile
13849,402825,COMPLETED,2026-01-17 07:12:20,Dispatch
13850,402826,CREATED,2026-01-17 03:55:18,Dispatch
13851,402826,ASSIGNED,2026-01-17 05:12:18,Mobile
13852,402826,ENROUTE,2026-01-17 12:50:18,Mobile
13853,402826,ARRIVED,2026-01-17 15:40:18,Mobile
13854,402826,COMPLETED,2026-01-17 19:24:18,CRM
13855,402827,CREATED,2026-01-17 08:29:17,Dispatch
13856,402827,ASSIGNED,2026-01-17 11:57:17,Dispatch
13857,402827,ENROUTE,2026-01-17 13:55:17,CRM
13858,402827,ARRIVED,2026-01-17 16:41:17,Mobile
13859,402827,COMPLETED,2026-01-17 23:53:17,Mobile
13860,402828,CREATED,2026-01-17 17:02:39,Dispatch
13861,402828,ASSIGNED,2026-01-17 18:27:39,Dispatch
13862,402828,ENROUTE,2026-01-18 01:44:39,Mobile
13863,402828,ARRIVED,2026-01-18 02:33:39,Mobile
13864,402828,COMPLETED,2026-01-18 07:52:39,Dispatch
13865,402829,CREATED,2026-01-17 18:52:48,Mobile
13866,402829,ASSIGNED,2026-01-17 21:50:48,Mobile
13867,402829,ENROUTE,2026-01-18 03:50:48,Dispatch
13868,402829,ARRIVED,2026-01-18 05:11:48,Mobile
13869,402829,COMPLETED,2026-01-18 08:38:48,Dispatch
13870,402830,CREATED,2026-01-18 00:00:06,Mobile
13871,402830,ASSIGNED,2026-01-18 01:01:06,Mobile
13872,402830,ENROUTE,2026-01-18 07:12:06,Mobile
13873,402830,ARRIVED,2026-01-18 09:14:06,Mobile
13874,402830,COMPLETED,2026-01-18 10:19:06,Dispatch
13875,402831,CREATED,2026-01-18 03:16:20,Dispatch
13876,402831,ASSIGNED,2026-01-18 06:08:20,Mobile
13877,402831,ENROUTE,2026-01-18 07:17:20,Dispatch
13878,402831,ARRIVED,2026-01-18 09:04:20,Mobile
13879,402831,CANCELLED,2026-01-18 07:08:20,Dispatch
13880,402832,CREATED,2026-01-18 21:57:49,Mobile
13881,402832,ASSIGNED,2026-01-19 00:41:49,Dispatch
13882,402832,ENROUTE,2026-01-19 06:12:49,Mobile
13883,402832,ARRIVED,2026-01-19 08:33:49,Mobile
13884,402833,CREATED,2026-01-19 01:20:34,Mobile
13885,402833,ASSIGNED,2026-01-19 02:30:34,Mobile
13886,402833,ENROUTE,2026-01-19 02:48:34,Mobile
13887,402833,ARRIVED,2026-01-19 04:27:34,Dispatch
13888,402833,COMPLETED,2026-01-19 11:37:34,Mobile
13889,402834,CREATED,2026-01-19 05:13:47,CRM
13890,402834,ASSIGNED,2026-01-19 08:02:47,Dispatch
13891,402834,ENROUTE,2026-01-19 08:19:47,Dispatch
13892,402834,ARRIVED,2026-01-19 10:19:47,Mobile
13893,402835,CREATED,2026-01-19 19:58:47,Mobile
13894,402835,ASSIGNED,2026-01-19 23:14:47,Mobile
13895,402835,ENROUTE,2026-01-20 00:31:47,Dispatch
13896,402835,ARRIVED,2026-01-20 02:12:47,Mobile
13897,402835,CANCELLED,2026-01-20 00:14:47,Mobile
13898,402836,CREATED,2026-01-19 20:06:07,Dispatch
13899,402836,ASSIGNED,2026-01-19 20:22:07,Mobile
13900,402836,ENROUTE,2026-01-19 21:11:07,CRM
13901,402836,ARRIVED,2026-01-19 22:23:07,Mobile
13902,402836,COMPLETED,2026-01-20 03:06:07,Dispatch
13903,402837,CREATED,2026-01-19 20:12:21,Dispatch
13904,402837,ASSIGNED,2026-01-19 23:44:21,CRM
13905,402837,ENROUTE,2026-01-20 00:01:21,Mobile
13906,402837,ARRIVED,2026-01-20 00:12:21,Dispatch
13907,402837,COMPLETED,2026-01-20 05:56:21,Dispatch
13908,402838,CREATED,2026-01-20 00:06:00,Mobile
13909,402838,ASSIGNED,2026-01-20 00:18:00,CRM
13910,402838,ENROUTE,2026-01-20 01:27:00,Dispatch
13911,402838,ARRIVED,2026-01-20 03:22:00,Dispatch
13912,402839,CREATED,2026-01-21 01:02:14,Mobile
13913,402839,ASSIGNED,2026-01-21 03:49:14,Mobile
13914,402839,ENROUTE,2026-01-21 05:23:14,Mobile
13915,402839,ARRIVED,2026-01-21 07:45:14,CRM
13916,402839,CANCELLED,2026-01-21 04:49:14,Dispatch
13917,402840,CREATED,2026-01-21 01:24:35,Mobile
13918,402840,ASSIGNED,2026-01-21 02:27:35,Dispatch
13919,402840,ENROUTE,2026-01-21 05:58:35,Mobile
13920,402840,ARRIVED,2026-01-21 07:04:35,Dispatch
13921,402840,COMPLETED,2026-01-21 09:41:35,Dispatch
13922,402841,CREATED,2026-01-21 01:54:39,Dispatch
13923,402841,ASSIGNED,2026-01-21 02:55:39,Mobile
13924,402841,ENROUTE,2026-01-21 08:42:39,Dispatch
13925,402841,ARRIVED,2026-01-21 09:05:39,Mobile
13926,402842,CREATED,2026-01-21 11:25:32,Dispatch
13927,402842,ASSIGNED,2026-01-21 14:57:32,Dispatch
13928,402842,ENROUTE,2026-01-21 15:21:32,Mobile
13929,402842,ARRIVED,2026-01-21 17:58:32,CRM
13930,402842,COMPLETED,2026-01-21 19:38:32,Dispatch
13931,402843,CREATED,2026-01-21 18:03:31,Dispatch
13932,402843,ASSIGNED,2026-01-21 21:57:31,Dispatch
13933,402843,ENROUTE,2026-01-22 05:46:31,Dispatch
13934,402843,ARRIVED,2026-01-22 06:07:31,Mobile
13935,402843,COMPLETED,2026-01-22 11:37:31,Dispatch
13936,402844,CREATED,2026-01-21 20:30:45,Dispatch
13937,402844,ASSIGNED,2026-01-21 22:49:45,Dispatch
13938,402844,ENROUTE,2026-01-22 06:03:45,Dispatch
13939,402844,ARRIVED,2026-01-22 06:25:45,Mobile
13940,402844,COMPLETED,2026-01-22 14:07:45,Mobile
13941,402845,CREATED,2026-01-22 05:10:20,Dispatch
13942,402845,ASSIGNED,2026-01-22 05:51:20,Dispatch
13943,402845,ENROUTE,2026-01-22 09:19:20,Mobile
13944,402845,ARRIVED,2026-01-22 10:52:20,Dispatch
13945,402845,CANCELLED,2026-01-22 06:51:20,Dispatch
13946,402846,CREATED,2026-01-22 06:17:33,Dispatch
13947,402846,ASSIGNED,2026-01-22 10:10:33,Dispatch
13948,402846,ENROUTE,2026-01-22 16:18:33,Dispatch
13949,402846,ARRIVED,2026-01-22 17:42:33,Dispatch
13950,402846,COMPLETED,2026-01-23 03:09:33,CRM
13951,402847,CREATED,2026-01-22 19:54:05,Dispatch
13952,402847,ASSIGNED,2026-01-22 23:48:05,Mobile
13953,402847,ENROUTE,2026-01-23 07:35:05,Dispatch
13954,402847,ARRIVED,2026-01-23 10:34:05,Mobile
13955,402847,COMPLETED,2026-01-23 12:28:05,Mobile
13956,402848,CREATED,2026-01-22 21:16:10,CRM
13957,402848,ASSIGNED,2026-01-22 23:04:10,Mobile
13958,402848,ENROUTE,2026-01-23 06:45:10,Dispatch
13959,402848,ARRIVED,2026-01-23 08:40:10,CRM
13960,402848,COMPLETED,2026-01-23 15:19:10,Dispatch
13961,402849,CREATED,2026-01-23 00:42:47,Dispatch
13962,402849,ASSIGNED,2026-01-23 01:54:47,Dispatch
13963,402849,ENROUTE,2026-01-23 03:37:47,Dispatch
13964,402849,ARRIVED,2026-01-23 06:30:47,Mobile
13965,402849,CANCELLED,2026-01-23 02:54:47,CRM
13966,402850,CREATED,2026-01-23 01:46:40,Dispatch
13967,402850,ASSIGNED,2026-01-23 05:30:40,Mobile
13968,402850,ENROUTE,2026-01-23 12:54:40,CRM
13969,402850,ARRIVED,2026-01-23 14:04:40,CRM
13970,402851,CREATED,2026-01-23 09:31:17,Mobile
13971,402851,ASSIGNED,2026-01-23 12:45:17,Dispatch
13972,402851,ENROUTE,2026-01-23 16:17:17,Dispatch
13973,402851,ARRIVED,2026-01-23 18:10:17,Mobile
13974,402851,COMPLETED,2026-01-24 03:56:17,Dispatch
13975,402852,CREATED,2026-01-23 12:21:52,CRM
13976,402852,ASSIGNED,2026-01-23 14:00:52,Dispatch
13977,402852,ENROUTE,2026-01-23 21:46:52,Dispatch
13978,402852,ARRIVED,2026-01-24 00:23:52,Dispatch
13979,402852,COMPLETED,2026-01-24 03:51:52,Dispatch
13980,402853,CREATED,2026-01-23 18:48:38,Dispatch
13981,402853,ASSIGNED,2026-01-23 21:59:38,Dispatch
13982,402853,ENROUTE,2026-01-24 03:36:38,Mobile
13983,402853,ARRIVED,2026-01-24 05:41:38,Dispatch
13984,402853,COMPLETED,2026-01-24 13:04:38,Dispatch
13985,402854,CREATED,2026-01-23 22:41:34,Dispatch
13986,402854,ASSIGNED,2026-01-24 00:41:34,Dispatch
13987,402854,ENROUTE,2026-01-24 03:47:34,Mobile
13988,402854,ARRIVED,2026-01-24 04:35:34,Dispatch
13989,402854,COMPLETED,2026-01-24 09:07:34,Dispatch
13990,402855,CREATED,2026-01-24 02:50:36,Dispatch
13991,402855,ASSIGNED,2026-01-24 06:38:36,CRM
13992,402855,ENROUTE,2026-01-24 11:42:36,Dispatch
13993,402855,ARRIVED,2026-01-24 12:16:36,Dispatch
13994,402855,COMPLETED,2026-01-24 13:38:36,Dispatch
13995,402856,CREATED,2026-01-24 07:26:40,Mobile
13996,402856,ASSIGNED,2026-01-24 10:18:40,Dispatch
13997,402856,ENROUTE,2026-01-24 15:35:40,Dispatch
13998,402856,ARRIVED,2026-01-24 17:03:40,Mobile
13999,402856,COMPLETED,2026-01-24 20:23:40,Mobile
14000,402857,CREATED,2026-01-24 08:54:12,Dispatch
14001,402857,ASSIGNED,2026-01-24 12:17:12,CRM
14002,402857,ENROUTE,2026-01-24 14:47:12,Dispatch
14003,402857,ARRIVED,2026-01-24 15:37:12,Mobile
14004,402858,CREATED,2026-01-24 16:39:18,Dispatch
14005,402858,ASSIGNED,2026-01-24 19:26:18,Dispatch
14006,402858,ENROUTE,2026-01-25 00:19:18,Dispatch
14007,402858,ARRIVED,2026-01-25 03:11:18,Mobile
14008,402858,COMPLETED,2026-01-25 03:51:18,Dispatch
14009,402859,CREATED,2026-01-24 18:06:40,CRM
14010,402859,ASSIGNED,2026-01-24 20:06:40,Mobile
14011,402859,ENROUTE,2026-01-25 00:31:40,Mobile
14012,402859,ARRIVED,2026-01-25 02:30:40,Mobile
14013,402859,CANCELLED,2026-01-24 21:06:40,Mobile
14014,402860,CREATED,2026-01-24 18:59:05,Dispatch
14015,402860,ASSIGNED,2026-01-24 21:06:05,Mobile
14016,402860,ENROUTE,2026-01-24 23:14:05,Mobile
14017,402860,ARRIVED,2026-01-25 01:04:05,Mobile
14018,402860,COMPLETED,2026-01-25 05:42:05,CRM
14019,402861,CREATED,2026-01-24 20:00:21,Dispatch
14020,402861,ASSIGNED,2026-01-24 20:40:21,Dispatch
14021,402861,ENROUTE,2026-01-25 03:35:21,Mobile
14022,402861,ARRIVED,2026-01-25 04:44:21,Mobile
14023,402861,COMPLETED,2026-01-25 06:23:21,Mobile
14024,402862,CREATED,2026-01-24 20:45:54,Dispatch
14025,402862,ASSIGNED,2026-01-25 00:39:54,Mobile
14026,402862,ENROUTE,2026-01-25 08:22:54,Dispatch
14027,402862,ARRIVED,2026-01-25 10:08:54,Mobile
14028,402862,COMPLETED,2026-01-25 17:37:54,Mobile
14029,402863,CREATED,2026-01-24 23:55:12,Dispatch
14030,402863,ASSIGNED,2026-01-25 01:26:12,Dispatch
14031,402863,ENROUTE,2026-01-25 02:26:12,Dispatch
14032,402863,ARRIVED,2026-01-25 03:25:12,Mobile
14033,402863,COMPLETED,2026-01-25 10:33:12,Dispatch
14034,402864,CREATED,2026-01-25 06:44:04,Dispatch
14035,402864,ASSIGNED,2026-01-25 10:21:04,Dispatch
14036,402864,ENROUTE,2026-01-25 13:56:04,Mobile
14037,402864,ARRIVED,2026-01-25 14:36:04,Mobile
14038,402864,COMPLETED,2026-01-25 21:51:04,Mobile
14039,402865,CREATED,2026-01-25 07:40:58,Dispatch
14040,402865,ASSIGNED,2026-01-25 10:43:58,CRM
14041,402865,ENROUTE,2026-01-25 11:40:58,Dispatch
14042,402865,ARRIVED,2026-01-25 12:24:58,Mobile
14043,402866,CREATED,2026-01-25 13:11:04,CRM
14044,402866,ASSIGNED,2026-01-25 15:38:04,Dispatch
14045,402866,ENROUTE,2026-01-25 19:52:04,Dispatch
14046,402866,ARRIVED,2026-01-25 20:47:04,Dispatch
14047,402866,COMPLETED,2026-01-26 00:22:04,Mobile
14048,402867,CREATED,2026-01-25 13:42:24,Dispatch
14049,402867,ASSIGNED,2026-01-25 14:34:24,Dispatch
14050,402867,ENROUTE,2026-01-25 21:54:24,Dispatch
14051,402867,ARRIVED,2026-01-26 00:16:24,Dispatch
14052,402867,COMPLETED,2026-01-26 03:46:24,Dispatch
14053,402868,CREATED,2026-01-25 16:00:17,Mobile
14054,402868,ASSIGNED,2026-01-25 17:27:17,Dispatch
14055,402868,ENROUTE,2026-01-25 18:58:17,Dispatch
14056,402868,ARRIVED,2026-01-25 20:48:17,Dispatch
14057,402868,COMPLETED,2026-01-26 00:30:17,Mobile
14058,402869,CREATED,2026-01-25 19:18:03,Mobile
14059,402869,ASSIGNED,2026-01-25 21:52:03,Dispatch
14060,402869,ENROUTE,2026-01-26 04:04:03,Dispatch
14061,402869,ARRIVED,2026-01-26 04:26:03,Mobile
14062,402869,COMPLETED,2026-01-26 13:48:03,Mobile
14063,402870,CREATED,2026-01-25 20:23:37,Mobile
14064,402870,ASSIGNED,2026-01-25 22:25:37,CRM
14065,402870,ENROUTE,2026-01-26 02:13:37,Dispatch
14066,402870,ARRIVED,2026-01-26 02:29:37,Mobile
14067,402870,COMPLETED,2026-01-26 05:12:37,Dispatch
14068,402871,CREATED,2026-01-25 22:05:07,Mobile
14069,402871,ASSIGNED,2026-01-26 00:29:07,Mobile
14070,402871,ENROUTE,2026-01-26 06:55:07,CRM
14071,402871,ARRIVED,2026-01-26 07:06:07,Dispatch
14072,402871,COMPLETED,2026-01-26 14:46:07,Mobile
14073,402872,CREATED,2026-01-26 04:45:01,Dispatch
14074,402872,ASSIGNED,2026-01-26 06:15:01,Dispatch
14075,402872,ENROUTE,2026-01-26 10:41:01,Dispatch
14076,402872,ARRIVED,2026-01-26 12:09:01,Dispatch
14077,402873,CREATED,2026-01-26 07:11:59,Mobile
14078,402873,ASSIGNED,2026-01-26 08:45:59,Dispatch
14079,402873,ENROUTE,2026-01-26 15:54:59,Dispatch
14080,402873,ARRIVED,2026-01-26 16:47:59,Mobile
14081,402873,COMPLETED,2026-01-26 20:51:59,CRM
14082,402874,CREATED,2026-01-26 14:56:03,Dispatch
14083,402874,ASSIGNED,2026-01-26 15:29:03,Dispatch
14084,402874,ENROUTE,2026-01-26 21:40:03,Dispatch
14085,402874,ARRIVED,2026-01-26 22:52:03,Dispatch
14086,402874,COMPLETED,2026-01-27 02:49:03,Dispatch
14087,402875,CREATED,2026-01-26 18:11:48,Mobile
14088,402875,ASSIGNED,2026-01-26 20:01:48,CRM
14089,402875,ENROUTE,2026-01-27 01:36:48,Dispatch
14090,402875,ARRIVED,2026-01-27 04:18:48,Dispatch
14091,402875,COMPLETED,2026-01-27 13:23:48,Dispatch
14092,402875,REOPENED,2026-01-28 13:23:48,Dispatch
14093,402875,ASSIGNED,2026-01-28 14:23:48,Mobile
14094,402875,COMPLETED,2026-01-29 15:23:48,Dispatch
14095,402876,CREATED,2026-01-26 19:12:35,Dispatch
14096,402876,ASSIGNED,2026-01-26 21:22:35,Mobile
14097,402876,ENROUTE,2026-01-26 23:06:35,Mobile
14098,402876,ARRIVED,2026-01-27 00:48:35,Dispatch
14099,402876,COMPLETED,2026-01-27 02:37:35,Dispatch
14100,402877,CREATED,2026-01-26 19:16:29,Mobile
14101,402877,ASSIGNED,2026-01-26 21:25:29,Mobile
14102,402877,ENROUTE,2026-01-27 04:13:29,Mobile
14103,402877,ARRIVED,2026-01-27 06:21:29,Dispatch
14104,402877,COMPLETED,2026-01-27 10:47:29,Mobile
14105,402878,CREATED,2026-01-26 20:16:52,Mobile
14106,402878,ASSIGNED,2026-01-26 23:40:52,Dispatch
14107,402878,ENROUTE,2026-01-27 07:25:52,Mobile
14108,402878,ARRIVED,2026-01-27 10:20:52,CRM
14109,402878,COMPLETED,2026-01-27 15:33:52,Mobile
14110,402879,CREATED,2026-01-26 23:58:51,Mobile
14111,402879,ASSIGNED,2026-01-27 01:26:51,Dispatch
14112,402879,ENROUTE,2026-01-27 07:50:51,Mobile
14113,402879,ARRIVED,2026-01-27 08:50:51,Mobile
14114,402880,CREATED,2026-01-27 01:20:50,CRM
14115,402880,ASSIGNED,2026-01-27 03:08:50,Dispatch
14116,402880,ENROUTE,2026-01-27 04:29:50,Dispatch
14117,402880,ARRIVED,2026-01-27 06:34:50,Dispatch
14118,402880,COMPLETED,2026-01-27 14:38:50,Dispatch
14119,402881,CREATED,2026-01-27 04:36:36,Mobile
14120,402881,ASSIGNED,2026-01-27 06:46:36,Dispatch
14121,402881,ENROUTE,2026-01-27 13:12:36,CRM
14122,402881,ARRIVED,2026-01-27 15:35:36,Mobile
14123,402881,COMPLETED,2026-01-27 18:31:36,Mobile
14124,402882,CREATED,2026-01-27 07:43:15,Dispatch
14125,402882,ASSIGNED,2026-01-27 10:28:15,Mobile
14126,402882,ENROUTE,2026-01-27 16:42:15,Dispatch
14127,402882,ARRIVED,2026-01-27 19:24:15,Mobile
14128,402882,COMPLETED,2026-01-28 01:54:15,Dispatch
14129,402883,CREATED,2026-01-27 14:19:06,Dispatch
14130,402883,ASSIGNED,2026-01-27 16:42:06,CRM
14131,402883,ENROUTE,2026-01-27 20:49:06,Mobile
14132,402883,ARRIVED,2026-01-27 23:44:06,Mobile
14133,402883,COMPLETED,2026-01-28 04:54:06,Mobile
14134,402884,CREATED,2026-01-27 18:12:48,Dispatch
14135,402884,ASSIGNED,2026-01-27 19:15:48,Mobile
14136,402884,ENROUTE,2026-01-27 20:14:48,Dispatch
14137,402884,ARRIVED,2026-01-27 22:19:48,CRM
14138,402884,COMPLETED,2026-01-28 05:51:48,Dispatch
14139,402885,CREATED,2026-01-28 02:13:33,Mobile
14140,402885,ASSIGNED,2026-01-28 05:49:33,Mobile
14141,402885,ENROUTE,2026-01-28 11:41:33,CRM
14142,402885,ARRIVED,2026-01-28 12:53:33,CRM
14143,402885,COMPLETED,2026-01-28 15:03:33,Mobile
14144,402886,CREATED,2026-01-28 03:32:34,Dispatch
14145,402886,ASSIGNED,2026-01-28 05:35:34,Mobile
14146,402886,ENROUTE,2026-01-28 08:28:34,Dispatch
14147,402886,ARRIVED,2026-01-28 11:15:34,Dispatch
14148,402886,COMPLETED,2026-01-28 13:05:34,Dispatch
14149,402887,CREATED,2026-01-28 14:50:35,Mobile
14150,402887,ASSIGNED,2026-01-28 18:35:35,Dispatch
14151,402887,ENROUTE,2026-01-28 22:18:35,CRM
14152,402887,ARRIVED,2026-01-29 00:52:35,Dispatch
14153,402888,CREATED,2026-01-28 21:00:44,Mobile
14154,402888,ASSIGNED,2026-01-28 21:46:44,Mobile
14155,402888,ENROUTE,2026-01-29 04:21:44,Dispatch
14156,402888,ARRIVED,2026-01-29 05:30:44,Mobile
14157,402888,COMPLETED,2026-01-29 13:06:44,Dispatch
14158,402889,CREATED,2026-01-28 21:29:20,Mobile
14159,402889,ASSIGNED,2026-01-29 00:32:20,Dispatch
14160,402889,ENROUTE,2026-01-29 04:31:20,CRM
14161,402889,ARRIVED,2026-01-29 04:53:20,Dispatch
14162,402889,COMPLETED,2026-01-29 05:50:20,Mobile
14163,402890,CREATED,2026-01-29 01:46:16,Mobile
14164,402890,ASSIGNED,2026-01-29 04:07:16,Dispatch
14165,402890,ENROUTE,2026-01-29 11:07:16,Dispatch
14166,402890,ARRIVED,2026-01-29 13:02:16,CRM
14167,402890,COMPLETED,2026-01-29 22:38:16,Dispatch
14168,402891,CREATED,2026-01-29 03:27:31,Dispatch
14169,402891,ASSIGNED,2026-01-29 04:35:31,Dispatch
14170,402891,ENROUTE,2026-01-29 06:33:31,Mobile
14171,402891,ARRIVED,2026-01-29 07:35:31,CRM
14172,402891,COMPLETED,2026-01-29 13:01:31,Mobile
14173,402892,CREATED,2026-01-29 06:48:12,Mobile
14174,402892,ASSIGNED,2026-01-29 07:28:12,Dispatch
14175,402892,ENROUTE,2026-01-29 12:11:12,Mobile
14176,402892,ARRIVED,2026-01-29 12:45:12,Mobile
14177,402892,COMPLETED,2026-01-29 21:45:12,Dispatch
14178,402893,CREATED,2026-01-29 08:21:11,Dispatch
14179,402893,ASSIGNED,2026-01-29 09:51:11,Dispatch
14180,402893,ENROUTE,2026-01-29 10:50:11,Mobile
14181,402893,ARRIVED,2026-01-29 12:06:11,Mobile
14182,402893,COMPLETED,2026-01-29 13:26:11,Mobile
14183,402894,CREATED,2026-01-29 08:22:26,Mobile
14184,402894,ASSIGNED,2026-01-29 10:00:26,Dispatch
14185,402894,ENROUTE,2026-01-29 10:31:26,Mobile
14186,402894,ARRIVED,2026-01-29 13:27:26,Mobile
14187,402894,COMPLETED,2026-01-29 23:17:26,Mobile
14188,402894,REOPENED,2026-01-30 23:17:26,Dispatch
14189,402894,ASSIGNED,2026-01-31 00:17:26,Dispatch
14190,402894,COMPLETED,2026-02-01 01:17:26,Mobile
14191,402895,CREATED,2026-01-29 12:01:52,Dispatch
14192,402895,ASSIGNED,2026-01-29 13:22:52,Mobile
14193,402895,ENROUTE,2026-01-29 16:29:52,CRM
14194,402895,ARRIVED,2026-01-29 16:43:52,Mobile
14195,402895,COMPLETED,2026-01-30 00:58:52,Mobile
14196,402896,CREATED,2026-01-29 20:56:24,Mobile
14197,402896,ASSIGNED,2026-01-30 00:11:24,Mobile
14198,402896,ENROUTE,2026-01-30 02:09:24,CRM
14199,402896,ARRIVED,2026-01-30 03:50:24,Mobile
14200,402896,COMPLETED,2026-01-30 04:31:24,Dispatch
14201,402897,CREATED,2026-01-30 10:15:36,Dispatch
14202,402897,ASSIGNED,2026-01-30 11:42:36,Dispatch
14203,402897,ENROUTE,2026-01-30 15:44:36,Dispatch
14204,402897,ARRIVED,2026-01-30 16:28:36,Dispatch
14205,402898,CREATED,2026-01-30 13:08:31,Mobile
14206,402898,ASSIGNED,2026-01-30 13:52:31,CRM
14207,402898,ENROUTE,2026-01-30 21:31:31,Mobile
14208,402898,ARRIVED,2026-01-31 00:11:31,CRM
14209,402898,CANCELLED,2026-01-30 14:52:31,Mobile
14210,402899,CREATED,2026-01-30 13:42:55,Dispatch
14211,402899,ASSIGNED,2026-01-30 17:12:55,Dispatch
14212,402899,ENROUTE,2026-01-30 23:53:55,Mobile
14213,402899,ARRIVED,2026-01-31 00:42:55,Dispatch
14214,402899,COMPLETED,2026-01-31 02:35:55,CRM
14215,402900,CREATED,2026-01-30 18:02:18,Mobile
14216,402900,ASSIGNED,2026-01-30 21:45:18,CRM
14217,402900,ENROUTE,2026-01-31 03:24:18,Dispatch
14218,402900,ARRIVED,2026-01-31 03:47:18,Dispatch
14219,402900,COMPLETED,2026-01-31 06:54:18,Mobile
14220,402901,CREATED,2026-01-30 18:24:22,Dispatch
14221,402901,ASSIGNED,2026-01-30 19:35:22,Dispatch
14222,402901,ENROUTE,2026-01-31 00:27:22,Dispatch
14223,402901,ARRIVED,2026-01-31 00:42:22,Mobile
14224,402901,COMPLETED,2026-01-31 06:37:22,Mobile
14225,402902,CREATED,2026-01-30 18:31:32,Dispatch
14226,402902,ASSIGNED,2026-01-30 21:40:32,CRM
14227,402902,ENROUTE,2026-01-31 01:37:32,Mobile
14228,402902,ARRIVED,2026-01-31 03:43:32,CRM
14229,402902,COMPLETED,2026-01-31 10:56:32,CRM
14230,402903,CREATED,2026-01-31 00:44:18,Dispatch
14231,402903,ASSIGNED,2026-01-31 02:14:18,Mobile
14232,402903,ENROUTE,2026-01-31 04:19:18,Dispatch
14233,402903,ARRIVED,2026-01-31 07:06:18,Mobile
14234,402903,COMPLETED,2026-01-31 10:44:18,Mobile
14235,402904,CREATED,2026-01-31 00:54:01,Mobile
14236,402904,ASSIGNED,2026-01-31 04:18:01,Mobile
14237,402904,ENROUTE,2026-01-31 07:56:01,Dispatch
14238,402904,ARRIVED,2026-01-31 09:21:01,Dispatch
14239,402904,COMPLETED,2026-01-31 10:09:01,Mobile
14240,402905,CREATED,2026-01-31 01:14:16,Mobile
14241,402905,ASSIGNED,2026-01-31 04:07:16,CRM
14242,402905,ENROUTE,2026-01-31 05:26:16,Dispatch
14243,402905,ARRIVED,2026-01-31 07:31:16,CRM
14244,402905,COMPLETED,2026-01-31 11:47:16,Dispatch
14245,402906,CREATED,2026-01-31 10:21:02,Dispatch
14246,402906,ASSIGNED,2026-01-31 11:34:02,Dispatch
14247,402906,ENROUTE,2026-01-31 17:03:02,Dispatch
14248,402906,ARRIVED,2026-01-31 17:24:02,Dispatch
14249,402906,COMPLETED,2026-01-31 19:07:02,Dispatch
14250,402907,CREATED,2026-01-31 11:03:41,Dispatch
14251,402907,ASSIGNED,2026-01-31 14:29:41,CRM
14252,402907,ENROUTE,2026-01-31 18:48:41,Mobile
14253,402907,ARRIVED,2026-01-31 21:22:41,Mobile
14254,402907,COMPLETED,2026-02-01 00:20:41,Mobile
14255,402908,CREATED,2026-01-31 14:13:51,Mobile
14256,402908,ASSIGNED,2026-01-31 15:15:51,Mobile
14257,402908,ENROUTE,2026-01-31 19:29:51,Mobile
14258,402908,ARRIVED,2026-01-31 20:37:51,Dispatch
14259,402908,COMPLETED,2026-01-31 21:41:51,Dispatch
14260,402909,CREATED,2026-01-31 14:42:24,Mobile
14261,402909,ASSIGNED,2026-01-31 14:54:24,Dispatch
14262,402909,ENROUTE,2026-01-31 22:28:24,Dispatch
14263,402909,ARRIVED,2026-02-01 01:16:24,CRM
14264,402909,COMPLETED,2026-02-01 02:49:24,CRM
14265,402910,CREATED,2026-01-31 19:12:48,Mobile
14266,402910,ASSIGNED,2026-01-31 22:20:48,Mobile
14267,402910,ENROUTE,2026-02-01 03:43:48,Mobile
14268,402910,ARRIVED,2026-02-01 06:38:48,CRM
14269,402910,COMPLETED,2026-02-01 12:19:48,Dispatch
14270,402911,CREATED,2026-01-31 21:51:37,Mobile
14271,402911,ASSIGNED,2026-01-31 23:18:37,Dispatch
14272,402911,ENROUTE,2026-02-01 02:09:37,CRM
14273,402911,ARRIVED,2026-02-01 03:36:37,Mobile
14274,402912,CREATED,2026-01-31 23:47:14,Dispatch
14275,402912,ASSIGNED,2026-02-01 01:58:14,Mobile
14276,402912,ENROUTE,2026-02-01 03:51:14,Mobile
14277,402912,ARRIVED,2026-02-01 05:49:14,Mobile
14278,402912,CANCELLED,2026-02-01 02:58:14,CRM
14279,402913,CREATED,2026-02-01 02:06:53,Dispatch
14280,402913,ASSIGNED,2026-02-01 04:38:53,Dispatch
14281,402913,ENROUTE,2026-02-01 05:16:53,CRM
14282,402913,ARRIVED,2026-02-01 06:33:53,Dispatch
14283,402913,COMPLETED,2026-02-01 10:38:53,Mobile
14284,402914,CREATED,2026-02-01 03:33:48,Mobile
14285,402914,ASSIGNED,2026-02-01 05:18:48,Dispatch
14286,402914,ENROUTE,2026-02-01 09:21:48,Dispatch
14287,402914,ARRIVED,2026-02-01 11:09:48,Mobile
14288,402914,COMPLETED,2026-02-01 16:38:48,Dispatch
14289,402915,CREATED,2026-02-01 04:02:22,Dispatch
14290,402915,ASSIGNED,2026-02-01 07:06:22,Dispatch
14291,402915,ENROUTE,2026-02-01 12:55:22,Dispatch
14292,402915,ARRIVED,2026-02-01 15:31:22,Mobile
14293,402915,COMPLETED,2026-02-01 16:28:22,Dispatch
14294,402916,CREATED,2026-02-01 04:21:38,Mobile
14295,402916,ASSIGNED,2026-02-01 07:41:38,Mobile
14296,402916,ENROUTE,2026-02-01 08:37:38,Mobile
14297,402916,ARRIVED,2026-02-01 09:40:38,Mobile
14298,402916,COMPLETED,2026-02-01 14:34:38,Dispatch
14299,402917,CREATED,2026-02-01 06:11:40,Dispatch
14300,402917,ASSIGNED,2026-02-01 09:53:40,Mobile
14301,402917,ENROUTE,2026-02-01 13:59:40,Mobile
14302,402917,ARRIVED,2026-02-01 16:01:40,Dispatch
14303,402917,COMPLETED,2026-02-01 22:26:40,Mobile
14304,402918,CREATED,2026-02-01 15:49:19,Dispatch
14305,402918,ASSIGNED,2026-02-01 17:14:19,Dispatch
14306,402918,ENROUTE,2026-02-01 22:07:19,Mobile
14307,402918,ARRIVED,2026-02-01 22:55:19,Dispatch
14308,402918,COMPLETED,2026-02-02 05:32:19,Dispatch
14309,402919,CREATED,2026-02-02 00:16:24,Mobile
14310,402919,ASSIGNED,2026-02-02 01:28:24,Dispatch
14311,402919,ENROUTE,2026-02-02 03:45:24,Mobile
14312,402919,ARRIVED,2026-02-02 05:59:24,Dispatch
14313,402919,COMPLETED,2026-02-02 10:46:24,Dispatch
14314,402920,CREATED,2026-02-02 01:12:37,Mobile
14315,402920,ASSIGNED,2026-02-02 04:00:37,Dispatch
14316,402920,ENROUTE,2026-02-02 11:22:37,Dispatch
14317,402920,ARRIVED,2026-02-02 14:21:37,Mobile
14318,402920,COMPLETED,2026-02-02 21:34:37,Mobile
14319,402921,CREATED,2026-02-02 07:19:08,CRM
14320,402921,ASSIGNED,2026-02-02 08:38:08,Mobile
14321,402921,ENROUTE,2026-02-02 15:57:08,Dispatch
14322,402921,ARRIVED,2026-02-02 16:30:08,Mobile
14323,402921,COMPLETED,2026-02-02 19:20:08,Dispatch
14324,402922,CREATED,2026-02-02 08:54:06,Mobile
14325,402922,ASSIGNED,2026-02-02 12:39:06,Mobile
14326,402922,ENROUTE,2026-02-02 13:10:06,CRM
14327,402922,ARRIVED,2026-02-02 15:40:06,Dispatch
14328,402922,COMPLETED,2026-02-02 19:33:06,Dispatch
14329,402923,CREATED,2026-02-02 11:46:47,Dispatch
14330,402923,ASSIGNED,2026-02-02 14:55:47,Dispatch
14331,402923,ENROUTE,2026-02-02 22:27:47,Mobile
14332,402923,ARRIVED,2026-02-02 23:53:47,CRM
14333,402923,COMPLETED,2026-02-03 06:24:47,Dispatch
14334,402924,CREATED,2026-02-02 14:26:42,Mobile
14335,402924,ASSIGNED,2026-02-02 16:59:42,Dispatch
14336,402924,ENROUTE,2026-02-02 20:23:42,Mobile
14337,402924,ARRIVED,2026-02-02 21:40:42,Dispatch
14338,402925,CREATED,2026-02-02 14:38:30,Dispatch
14339,402925,ASSIGNED,2026-02-02 14:55:30,Mobile
14340,402925,ENROUTE,2026-02-02 21:50:30,Dispatch
14341,402925,ARRIVED,2026-02-03 00:18:30,Dispatch
14342,402925,CANCELLED,2026-02-02 15:55:30,Mobile
14343,402926,CREATED,2026-02-02 15:11:30,Dispatch
14344,402926,ASSIGNED,2026-02-02 16:36:30,Dispatch
14345,402926,ENROUTE,2026-02-03 00:25:30,Dispatch
14346,402926,ARRIVED,2026-02-03 02:02:30,Mobile
14347,402927,CREATED,2026-02-02 15:48:03,Dispatch
14348,402927,ASSIGNED,2026-02-02 16:49:03,Dispatch
14349,402927,ENROUTE,2026-02-03 00:15:03,CRM
14350,402927,ARRIVED,2026-02-03 01:34:03,Dispatch
14351,402928,CREATED,2026-02-02 17:46:15,CRM
14352,402928,ASSIGNED,2026-02-02 18:36:15,Mobile
14353,402928,ENROUTE,2026-02-03 00:21:15,Dispatch
14354,402928,ARRIVED,2026-02-03 00:59:15,Mobile
14355,402928,COMPLETED,2026-02-03 02:57:15,Mobile
14356,402929,CREATED,2026-02-02 19:09:48,Mobile
14357,402929,ASSIGNED,2026-02-02 21:05:48,Dispatch
14358,402929,ENROUTE,2026-02-03 02:44:48,Dispatch
14359,402929,ARRIVED,2026-02-03 04:29:48,Dispatch
14360,402929,COMPLETED,2026-02-03 10:25:48,Dispatch
14361,402930,CREATED,2026-02-02 22:24:11,Mobile
14362,402930,ASSIGNED,2026-02-02 23:44:11,Mobile
14363,402930,ENROUTE,2026-02-03 04:03:11,Dispatch
14364,402930,ARRIVED,2026-02-03 05:01:11,Mobile
14365,402930,COMPLETED,2026-02-03 12:58:11,Mobile
14366,402931,CREATED,2026-02-03 00:46:04,Dispatch
14367,402931,ASSIGNED,2026-02-03 04:17:04,Mobile
14368,402931,ENROUTE,2026-02-03 04:47:04,Mobile
14369,402931,ARRIVED,2026-02-03 05:58:04,Mobile
14370,402931,COMPLETED,2026-02-03 11:24:04,Dispatch
14371,402932,CREATED,2026-02-03 03:41:04,Dispatch
14372,402932,ASSIGNED,2026-02-03 04:04:04,Mobile
14373,402932,ENROUTE,2026-02-03 06:47:04,Mobile
14374,402932,ARRIVED,2026-02-03 07:49:04,Mobile
14375,402932,COMPLETED,2026-02-03 10:38:04,Dispatch
14376,402933,CREATED,2026-02-03 04:01:09,CRM
14377,402933,ASSIGNED,2026-02-03 07:26:09,Mobile
14378,402933,ENROUTE,2026-02-03 08:41:09,Mobile
14379,402933,ARRIVED,2026-02-03 11:18:09,CRM
14380,402933,COMPLETED,2026-02-03 13:39:09,Dispatch
14381,402934,CREATED,2026-02-03 08:14:04,Mobile
14382,402934,ASSIGNED,2026-02-03 12:07:04,Mobile
14383,402934,ENROUTE,2026-02-03 15:27:04,Dispatch
14384,402934,ARRIVED,2026-02-03 15:40:04,Mobile
14385,402934,COMPLETED,2026-02-03 19:13:04,Mobile
14386,402935,CREATED,2026-02-03 14:42:20,Dispatch
14387,402935,ASSIGNED,2026-02-03 18:31:20,Mobile
14388,402935,ENROUTE,2026-02-03 19:09:20,Dispatch
14389,402935,ARRIVED,2026-02-03 21:12:20,Dispatch
14390,402935,COMPLETED,2026-02-03 22:12:20,Mobile
14391,402936,CREATED,2026-02-03 15:54:35,Mobile
14392,402936,ASSIGNED,2026-02-03 19:19:35,Dispatch
14393,402936,ENROUTE,2026-02-03 23:46:35,CRM
14394,402936,ARRIVED,2026-02-04 02:45:35,Mobile
14395,402936,COMPLETED,2026-02-04 11:48:35,Dispatch
14396,402937,CREATED,2026-02-03 16:49:41,Dispatch
14397,402937,ASSIGNED,2026-02-03 19:01:41,Mobile
14398,402937,ENROUTE,2026-02-03 22:10:41,Dispatch
14399,402937,ARRIVED,2026-02-03 23:02:41,Mobile
14400,402937,COMPLETED,2026-02-04 01:24:41,Dispatch
14401,402938,CREATED,2026-02-03 18:04:01,Mobile
14402,402938,ASSIGNED,2026-02-03 20:33:01,Mobile
14403,402938,ENROUTE,2026-02-04 02:39:01,Dispatch
14404,402938,ARRIVED,2026-02-04 03:36:01,Mobile
14405,402938,CANCELLED,2026-02-03 21:33:01,Dispatch
14406,402939,CREATED,2026-02-03 20:30:26,Dispatch
14407,402939,ASSIGNED,2026-02-04 00:16:26,Dispatch
14408,402939,ENROUTE,2026-02-04 06:09:26,Mobile
14409,402939,ARRIVED,2026-02-04 07:31:26,Mobile
14410,402939,COMPLETED,2026-02-04 10:29:26,Dispatch
14411,402940,CREATED,2026-02-03 20:45:56,Mobile
14412,402940,ASSIGNED,2026-02-03 22:45:56,Dispatch
14413,402940,ENROUTE,2026-02-04 04:05:56,Dispatch
14414,402940,ARRIVED,2026-02-04 05:13:56,Mobile
14415,402940,COMPLETED,2026-02-04 05:49:56,Mobile
14416,402941,CREATED,2026-02-04 02:43:15,Dispatch
14417,402941,ASSIGNED,2026-02-04 03:21:15,Dispatch
14418,402941,ENROUTE,2026-02-04 11:09:15,Dispatch
14419,402941,ARRIVED,2026-02-04 11:33:15,CRM
14420,402941,COMPLETED,2026-02-04 12:46:15,Dispatch
14421,402942,CREATED,2026-02-04 03:15:14,Dispatch
14422,402942,ASSIGNED,2026-02-04 06:35:14,CRM
14423,402942,ENROUTE,2026-02-04 11:03:14,Dispatch
14424,402942,ARRIVED,2026-02-04 12:15:14,CRM
14425,402942,COMPLETED,2026-02-04 15:56:14,Dispatch
14426,402943,CREATED,2026-02-04 08:10:56,Dispatch
14427,402943,ASSIGNED,2026-02-04 08:43:56,Mobile
14428,402943,ENROUTE,2026-02-04 13:49:56,Dispatch
14429,402943,ARRIVED,2026-02-04 14:31:56,Mobile
14430,402943,COMPLETED,2026-02-04 17:13:56,Mobile
14431,402944,CREATED,2026-02-04 08:37:49,Mobile
14432,402944,ASSIGNED,2026-02-04 12:02:49,CRM
14433,402944,ENROUTE,2026-02-04 12:36:49,Dispatch
14434,402944,ARRIVED,2026-02-04 13:43:49,Dispatch
14435,402944,COMPLETED,2026-02-04 23:06:49,Dispatch
14436,402945,CREATED,2026-02-04 10:58:19,Mobile
14437,402945,ASSIGNED,2026-02-04 14:41:19,Dispatch
14438,402945,ENROUTE,2026-02-04 18:47:19,Dispatch
14439,402945,ARRIVED,2026-02-04 18:57:19,Dispatch
14440,402946,CREATED,2026-02-04 12:35:26,Dispatch
14441,402946,ASSIGNED,2026-02-04 15:26:26,Dispatch
14442,402946,ENROUTE,2026-02-04 16:04:26,Mobile
14443,402946,ARRIVED,2026-02-04 17:47:26,Dispatch
14444,402946,COMPLETED,2026-02-04 19:05:26,Dispatch
14445,402947,CREATED,2026-02-04 14:29:49,Mobile
14446,402947,ASSIGNED,2026-02-04 14:41:49,Mobile
14447,402947,ENROUTE,2026-02-04 20:19:49,Dispatch
14448,402947,ARRIVED,2026-02-04 21:38:49,Mobile
14449,402947,COMPLETED,2026-02-05 05:20:49,Dispatch
14450,402948,CREATED,2026-02-04 20:07:34,Dispatch
14451,402948,ASSIGNED,2026-02-04 22:56:34,CRM
14452,402948,ENROUTE,2026-02-05 05:00:34,Mobile
14453,402948,ARRIVED,2026-02-05 06:03:34,Dispatch
14454,402948,COMPLETED,2026-02-05 13:45:34,Dispatch
14455,402949,CREATED,2026-02-04 20:09:43,Dispatch
14456,402949,ASSIGNED,2026-02-04 23:05:43,Mobile
14457,402949,ENROUTE,2026-02-05 02:07:43,Dispatch
14458,402949,ARRIVED,2026-02-05 03:33:43,Dispatch
14459,402949,COMPLETED,2026-02-05 11:56:43,Dispatch
14460,402950,CREATED,2026-02-04 21:36:21,Mobile
14461,402950,ASSIGNED,2026-02-05 00:32:21,Mobile
14462,402950,ENROUTE,2026-02-05 03:23:21,Mobile
14463,402950,ARRIVED,2026-02-05 04:59:21,Dispatch
14464,402950,COMPLETED,2026-02-05 14:29:21,Mobile
14465,402951,CREATED,2026-02-05 01:05:22,Mobile
14466,402951,ASSIGNED,2026-02-05 01:12:22,Dispatch
14467,402951,ENROUTE,2026-02-05 06:28:22,Mobile
14468,402951,ARRIVED,2026-02-05 07:39:22,Dispatch
14469,402951,COMPLETED,2026-02-05 12:54:22,Dispatch
14470,402952,CREATED,2026-02-05 04:18:29,Dispatch
14471,402952,ASSIGNED,2026-02-05 04:41:29,Mobile
14472,402952,ENROUTE,2026-02-05 08:33:29,CRM
14473,402952,ARRIVED,2026-02-05 11:12:29,Mobile
14474,402953,CREATED,2026-02-05 05:21:01,Dispatch
14475,402953,ASSIGNED,2026-02-05 08:33:01,Mobile
14476,402953,ENROUTE,2026-02-05 15:29:01,Mobile
14477,402953,ARRIVED,2026-02-05 17:54:01,Dispatch
14478,402954,CREATED,2026-02-05 08:01:27,Mobile
14479,402954,ASSIGNED,2026-02-05 10:36:27,Mobile
14480,402954,ENROUTE,2026-02-05 17:29:27,Dispatch
14481,402954,ARRIVED,2026-02-05 17:59:27,CRM
14482,402955,CREATED,2026-02-05 09:38:47,Dispatch
14483,402955,ASSIGNED,2026-02-05 10:15:47,Mobile
14484,402955,ENROUTE,2026-02-05 13:08:47,Mobile
14485,402955,ARRIVED,2026-02-05 15:24:47,Mobile
14486,402955,COMPLETED,2026-02-05 17:05:47,Mobile
14487,402956,CREATED,2026-02-05 11:19:03,Dispatch
14488,402956,ASSIGNED,2026-02-05 13:54:03,Mobile
14489,402956,ENROUTE,2026-02-05 21:10:03,Mobile
14490,402956,ARRIVED,2026-02-05 21:55:03,Dispatch
14491,402956,COMPLETED,2026-02-06 03:13:03,Dispatch
14492,402957,CREATED,2026-02-05 11:25:06,Dispatch
14493,402957,ASSIGNED,2026-02-05 13:06:06,Dispatch
14494,402957,ENROUTE,2026-02-05 20:18:06,CRM
14495,402957,ARRIVED,2026-02-05 20:37:06,Dispatch
14496,402958,CREATED,2026-02-05 20:14:35,Mobile
14497,402958,ASSIGNED,2026-02-05 23:30:35,CRM
14498,402958,ENROUTE,2026-02-06 00:15:35,Mobile
14499,402958,ARRIVED,2026-02-06 03:01:35,CRM
14500,402958,COMPLETED,2026-02-06 05:34:35,Dispatch
14501,402959,CREATED,2026-02-06 01:22:45,Dispatch
14502,402959,ASSIGNED,2026-02-06 03:02:45,Mobile
14503,402959,ENROUTE,2026-02-06 06:29:45,Dispatch
14504,402959,ARRIVED,2026-02-06 06:55:45,Mobile
14505,402959,COMPLETED,2026-02-06 09:29:45,Mobile
14506,402960,CREATED,2026-02-06 03:40:28,Dispatch
14507,402960,ASSIGNED,2026-02-06 06:22:28,Dispatch
14508,402960,ENROUTE,2026-02-06 11:02:28,Mobile
14509,402960,ARRIVED,2026-02-06 13:52:28,Mobile
14510,402960,COMPLETED,2026-02-06 23:04:28,Dispatch
14511,402961,CREATED,2026-02-06 05:16:58,Dispatch
14512,402961,ASSIGNED,2026-02-06 07:30:58,Dispatch
14513,402961,ENROUTE,2026-02-06 12:13:58,Mobile
14514,402961,ARRIVED,2026-02-06 13:10:58,Dispatch
14515,402961,COMPLETED,2026-02-06 15:11:58,Dispatch
14516,402962,CREATED,2026-02-06 07:47:43,CRM
14517,402962,ASSIGNED,2026-02-06 09:46:43,Dispatch
14518,402962,ENROUTE,2026-02-06 14:07:43,Dispatch
14519,402962,ARRIVED,2026-02-06 15:45:43,Dispatch
14520,402962,COMPLETED,2026-02-06 22:57:43,Mobile
14521,402963,CREATED,2026-02-06 11:36:50,Mobile
14522,402963,ASSIGNED,2026-02-06 15:31:50,Mobile
14523,402963,ENROUTE,2026-02-06 22:32:50,Mobile
14524,402963,ARRIVED,2026-02-07 00:07:50,Dispatch
14525,402963,COMPLETED,2026-02-07 04:55:50,Mobile
14526,402964,CREATED,2026-02-06 13:12:57,Mobile
14527,402964,ASSIGNED,2026-02-06 16:49:57,Dispatch
14528,402964,ENROUTE,2026-02-06 19:18:57,Dispatch
14529,402964,ARRIVED,2026-02-06 19:43:57,Mobile
14530,402964,COMPLETED,2026-02-07 04:41:57,CRM
14531,402965,CREATED,2026-02-07 00:11:43,CRM
14532,402965,ASSIGNED,2026-02-07 01:17:43,CRM
14533,402965,ENROUTE,2026-02-07 07:05:43,Mobile
14534,402965,ARRIVED,2026-02-07 07:16:43,Dispatch
14535,402965,COMPLETED,2026-02-07 16:22:43,CRM
14536,402966,CREATED,2026-02-07 04:09:00,CRM
14537,402966,ASSIGNED,2026-02-07 07:09:00,Dispatch
14538,402966,ENROUTE,2026-02-07 12:09:00,Mobile
14539,402966,ARRIVED,2026-02-07 14:31:00,Dispatch
14540,402966,COMPLETED,2026-02-07 23:33:00,Mobile
14541,402967,CREATED,2026-02-07 06:01:17,Mobile
14542,402967,ASSIGNED,2026-02-07 09:36:17,Dispatch
14543,402967,ENROUTE,2026-02-07 16:41:17,CRM
14544,402967,ARRIVED,2026-02-07 18:09:17,Mobile
14545,402967,COMPLETED,2026-02-07 20:50:17,Mobile
14546,402968,CREATED,2026-02-07 09:43:59,CRM
14547,402968,ASSIGNED,2026-02-07 11:33:59,Mobile
14548,402968,ENROUTE,2026-02-07 17:55:59,Dispatch
14549,402968,ARRIVED,2026-02-07 19:31:59,Dispatch
14550,402968,COMPLETED,2026-02-07 21:22:59,Dispatch
14551,402969,CREATED,2026-02-07 11:15:08,Dispatch
14552,402969,ASSIGNED,2026-02-07 14:32:08,Dispatch
14553,402969,ENROUTE,2026-02-07 18:31:08,Mobile
14554,402969,ARRIVED,2026-02-07 21:23:08,CRM
14555,402969,COMPLETED,2026-02-08 02:06:08,Mobile
14556,402970,CREATED,2026-02-07 14:14:08,Dispatch
14557,402970,ASSIGNED,2026-02-07 14:23:08,Dispatch
14558,402970,ENROUTE,2026-02-07 15:27:08,CRM
14559,402970,ARRIVED,2026-02-07 17:07:08,Mobile
14560,402970,COMPLETED,2026-02-08 01:06:08,Mobile
14561,402971,CREATED,2026-02-07 20:50:29,CRM
14562,402971,ASSIGNED,2026-02-07 23:26:29,Dispatch
14563,402971,ENROUTE,2026-02-08 02:25:29,Mobile
14564,402971,ARRIVED,2026-02-08 04:12:29,Mobile
14565,402972,CREATED,2026-02-08 03:05:23,CRM
14566,402972,ASSIGNED,2026-02-08 04:27:23,Mobile
14567,402972,ENROUTE,2026-02-08 07:51:23,Mobile
14568,402972,ARRIVED,2026-02-08 10:23:23,Dispatch
14569,402972,COMPLETED,2026-02-08 17:47:23,Dispatch
14570,402973,CREATED,2026-02-08 07:01:52,Mobile
14571,402973,ASSIGNED,2026-02-08 09:23:52,CRM
14572,402973,ENROUTE,2026-02-08 13:13:52,Dispatch
14573,402973,ARRIVED,2026-02-08 15:49:52,Mobile
14574,402974,CREATED,2026-02-08 07:24:04,Dispatch
14575,402974,ASSIGNED,2026-02-08 07:56:04,CRM
14576,402974,ENROUTE,2026-02-08 14:44:04,CRM
14577,402974,ARRIVED,2026-02-08 16:19:04,Dispatch
14578,402974,COMPLETED,2026-02-08 19:05:04,Dispatch
14579,402975,CREATED,2026-02-08 13:30:21,Dispatch
14580,402975,ASSIGNED,2026-02-08 16:42:21,Mobile
14581,402975,ENROUTE,2026-02-08 23:32:21,Dispatch
14582,402975,ARRIVED,2026-02-09 02:01:21,Dispatch
14583,402975,COMPLETED,2026-02-09 09:00:21,Dispatch
14584,402976,CREATED,2026-02-08 13:41:47,CRM
14585,402976,ASSIGNED,2026-02-08 16:23:47,Dispatch
14586,402976,ENROUTE,2026-02-08 19:35:47,Mobile
14587,402976,ARRIVED,2026-02-08 20:29:47,Mobile
14588,402976,COMPLETED,2026-02-09 01:46:47,Mobile
14589,402977,CREATED,2026-02-08 13:56:24,Dispatch
14590,402977,ASSIGNED,2026-02-08 17:24:24,Dispatch
14591,402977,ENROUTE,2026-02-08 21:35:24,Dispatch
14592,402977,ARRIVED,2026-02-08 23:15:24,Dispatch
14593,402977,COMPLETED,2026-02-09 02:41:24,Dispatch
14594,402978,CREATED,2026-02-08 14:54:15,Mobile
14595,402978,ASSIGNED,2026-02-08 16:10:15,Mobile
14596,402978,ENROUTE,2026-02-08 21:55:15,Dispatch
14597,402978,ARRIVED,2026-02-08 23:14:15,Dispatch
14598,402978,CANCELLED,2026-02-08 17:10:15,Mobile
14599,402979,CREATED,2026-02-08 21:01:57,Mobile
14600,402979,ASSIGNED,2026-02-08 23:39:57,Dispatch
14601,402979,ENROUTE,2026-02-08 23:58:57,Mobile
14602,402979,ARRIVED,2026-02-09 00:36:57,Mobile
14603,402979,COMPLETED,2026-02-09 04:18:57,CRM
14604,402980,CREATED,2026-02-08 21:11:48,CRM
14605,402980,ASSIGNED,2026-02-08 23:37:48,Mobile
14606,402980,ENROUTE,2026-02-09 02:30:48,Dispatch
14607,402980,ARRIVED,2026-02-09 03:20:48,Mobile
14608,402980,COMPLETED,2026-02-09 09:01:48,Mobile
14609,402981,CREATED,2026-02-08 23:46:20,Dispatch
14610,402981,ASSIGNED,2026-02-09 02:19:20,Mobile
14611,402981,ENROUTE,2026-02-09 05:39:20,Dispatch
14612,402981,ARRIVED,2026-02-09 07:50:20,Dispatch
14613,402981,COMPLETED,2026-02-09 11:44:20,Dispatch
14614,402982,CREATED,2026-02-08 23:58:48,Dispatch
14615,402982,ASSIGNED,2026-02-09 02:11:48,Mobile
14616,402982,ENROUTE,2026-02-09 06:57:48,CRM
14617,402982,ARRIVED,2026-02-09 09:09:48,Dispatch
14618,402982,COMPLETED,2026-02-09 13:20:48,Dispatch
14619,402983,CREATED,2026-02-09 07:44:57,Dispatch
14620,402983,ASSIGNED,2026-02-09 10:28:57,Mobile
14621,402983,ENROUTE,2026-02-09 13:34:57,Mobile
14622,402983,ARRIVED,2026-02-09 15:23:57,Dispatch
14623,402983,COMPLETED,2026-02-09 22:26:57,Mobile
14624,402984,CREATED,2026-02-09 10:25:50,Dispatch
14625,402984,ASSIGNED,2026-02-09 11:43:50,Dispatch
14626,402984,ENROUTE,2026-02-09 17:59:50,Mobile
14627,402984,ARRIVED,2026-02-09 20:07:50,CRM
14628,402984,COMPLETED,2026-02-10 04:06:50,Mobile
14629,402985,CREATED,2026-02-09 11:19:02,Dispatch
14630,402985,ASSIGNED,2026-02-09 14:50:02,Mobile
14631,402985,ENROUTE,2026-02-09 16:04:02,Dispatch
14632,402985,ARRIVED,2026-02-09 16:21:02,CRM
14633,402986,CREATED,2026-02-09 12:16:15,Dispatch
14634,402986,ASSIGNED,2026-02-09 14:19:15,Dispatch
14635,402986,ENROUTE,2026-02-09 15:39:15,Dispatch
14636,402986,ARRIVED,2026-02-09 17:58:15,Dispatch
14637,402986,COMPLETED,2026-02-10 03:24:15,CRM
14638,402987,CREATED,2026-02-09 14:17:38,Dispatch
14639,402987,ASSIGNED,2026-02-09 17:03:38,Mobile
14640,402987,ENROUTE,2026-02-09 23:13:38,Mobile
14641,402987,ARRIVED,2026-02-09 23:56:38,Dispatch
14642,402987,COMPLETED,2026-02-10 03:21:38,Dispatch
14643,402988,CREATED,2026-02-09 21:21:21,CRM
14644,402988,ASSIGNED,2026-02-10 00:26:21,Mobile
14645,402988,ENROUTE,2026-02-10 03:29:21,Dispatch
14646,402988,ARRIVED,2026-02-10 05:46:21,Mobile
14647,402988,COMPLETED,2026-02-10 07:56:21,Dispatch
14648,402989,CREATED,2026-02-10 09:33:40,Dispatch
14649,402989,ASSIGNED,2026-02-10 09:53:40,CRM
14650,402989,ENROUTE,2026-02-10 16:25:40,Dispatch
14651,402989,ARRIVED,2026-02-10 18:03:40,Mobile
14652,402989,COMPLETED,2026-02-10 21:50:40,Dispatch
14653,402990,CREATED,2026-02-10 13:24:49,Dispatch
14654,402990,ASSIGNED,2026-02-10 16:06:49,Mobile
14655,402990,ENROUTE,2026-02-10 23:27:49,Mobile
14656,402990,ARRIVED,2026-02-11 00:51:49,Dispatch
14657,402990,COMPLETED,2026-02-11 04:17:49,Dispatch
14658,402991,CREATED,2026-02-10 13:48:20,Dispatch
14659,402991,ASSIGNED,2026-02-10 14:08:20,Dispatch
14660,402991,ENROUTE,2026-02-10 14:37:20,Dispatch
14661,402991,ARRIVED,2026-02-10 15:42:20,Mobile
14662,402992,CREATED,2026-02-10 15:13:57,Mobile
14663,402992,ASSIGNED,2026-02-10 19:09:57,Mobile
14664,402992,ENROUTE,2026-02-11 01:06:57,Dispatch
14665,402992,ARRIVED,2026-02-11 03:53:57,CRM
14666,402992,COMPLETED,2026-02-11 12:03:57,Mobile
14667,402993,CREATED,2026-02-10 16:53:09,Dispatch
14668,402993,ASSIGNED,2026-02-10 17:25:09,CRM
14669,402993,ENROUTE,2026-02-11 00:54:09,Mobile
14670,402993,ARRIVED,2026-02-11 02:08:09,Dispatch
14671,402993,COMPLETED,2026-02-11 07:49:09,Mobile
14672,402994,CREATED,2026-02-10 18:45:28,Dispatch
14673,402994,ASSIGNED,2026-02-10 22:28:28,Dispatch
14674,402994,ENROUTE,2026-02-11 02:59:28,Dispatch
14675,402994,ARRIVED,2026-02-11 04:33:28,Dispatch
14676,402994,COMPLETED,2026-02-11 08:18:28,Dispatch
14677,402995,CREATED,2026-02-11 04:38:19,Mobile
14678,402995,ASSIGNED,2026-02-11 07:26:19,Dispatch
14679,402995,ENROUTE,2026-02-11 13:32:19,Mobile
14680,402995,ARRIVED,2026-02-11 14:30:19,Mobile
14681,402995,COMPLETED,2026-02-11 22:07:19,Dispatch
14682,402996,CREATED,2026-02-11 07:10:17,CRM
14683,402996,ASSIGNED,2026-02-11 09:24:17,Dispatch
14684,402996,ENROUTE,2026-02-11 16:49:17,Dispatch
14685,402996,ARRIVED,2026-02-11 17:10:17,Dispatch
14686,402996,COMPLETED,2026-02-12 01:25:17,Mobile
14687,402997,CREATED,2026-02-11 07:52:15,Dispatch
14688,402997,ASSIGNED,2026-02-11 09:54:15,Mobile
14689,402997,ENROUTE,2026-02-11 11:07:15,Mobile
14690,402997,ARRIVED,2026-02-11 12:53:15,CRM
14691,402998,CREATED,2026-02-11 09:47:46,Dispatch
14692,402998,ASSIGNED,2026-02-11 11:11:46,Mobile
14693,402998,ENROUTE,2026-02-11 14:55:46,CRM
14694,402998,ARRIVED,2026-02-11 15:42:46,CRM
14695,402998,COMPLETED,2026-02-11 20:03:46,Mobile
14696,402999,CREATED,2026-02-11 13:20:42,Dispatch
14697,402999,ASSIGNED,2026-02-11 13:50:42,CRM
14698,402999,ENROUTE,2026-02-11 19:07:42,Dispatch
14699,402999,ARRIVED,2026-02-11 20:58:42,Mobile
14700,402999,COMPLETED,2026-02-12 01:02:42,Mobile
14701,403000,CREATED,2026-02-11 17:30:35,Dispatch
14702,403000,ASSIGNED,2026-02-11 18:37:35,Dispatch
14703,403000,ENROUTE,2026-02-11 19:22:35,CRM
14704,403000,ARRIVED,2026-02-11 21:38:35,Mobile
14705,403000,COMPLETED,2026-02-12 00:13:35,Dispatch
14706,403001,CREATED,2026-02-11 22:49:52,Dispatch
14707,403001,ASSIGNED,2026-02-12 02:17:52,Dispatch
14708,403001,ENROUTE,2026-02-12 03:11:52,Mobile
14709,403001,ARRIVED,2026-02-12 03:26:52,Dispatch
14710,403001,COMPLETED,2026-02-12 11:03:52,Mobile
14711,403002,CREATED,2026-02-11 23:55:04,CRM
14712,403002,ASSIGNED,2026-02-12 02:43:04,Dispatch
14713,403002,ENROUTE,2026-02-12 05:35:04,Mobile
14714,403002,ARRIVED,2026-02-12 05:46:04,Dispatch
14715,403003,CREATED,2026-02-12 02:00:15,Dispatch
14716,403003,ASSIGNED,2026-02-12 02:10:15,Mobile
14717,403003,ENROUTE,2026-02-12 07:22:15,Mobile
14718,403003,ARRIVED,2026-02-12 09:14:15,Dispatch
14719,403003,COMPLETED,2026-02-12 12:32:15,Dispatch
14720,403004,CREATED,2026-02-12 04:03:28,Dispatch
14721,403004,ASSIGNED,2026-02-12 07:15:28,Mobile
14722,403004,ENROUTE,2026-02-12 07:41:28,Dispatch
14723,403004,ARRIVED,2026-02-12 08:08:28,Dispatch
14724,403005,CREATED,2026-02-12 07:28:18,Mobile
14725,403005,ASSIGNED,2026-02-12 08:31:18,Dispatch
14726,403005,ENROUTE,2026-02-12 13:14:18,Dispatch
14727,403005,ARRIVED,2026-02-12 16:13:18,Mobile
14728,403005,COMPLETED,2026-02-12 23:43:18,Dispatch
14729,403006,CREATED,2026-02-12 08:30:11,Dispatch
14730,403006,ASSIGNED,2026-02-12 10:14:11,Mobile
14731,403006,ENROUTE,2026-02-12 12:18:11,Dispatch
14732,403006,ARRIVED,2026-02-12 12:49:11,CRM
14733,403006,CANCELLED,2026-02-12 11:14:11,Dispatch
14734,403007,CREATED,2026-02-12 10:12:30,CRM
14735,403007,ASSIGNED,2026-02-12 11:06:30,Dispatch
14736,403007,ENROUTE,2026-02-12 14:07:30,Mobile
14737,403007,ARRIVED,2026-02-12 16:09:30,Dispatch
14738,403007,COMPLETED,2026-02-12 18:00:30,Mobile
14739,403008,CREATED,2026-02-12 14:03:35,Mobile
14740,403008,ASSIGNED,2026-02-12 17:24:35,Dispatch
14741,403008,ENROUTE,2026-02-12 23:05:35,Dispatch
14742,403008,ARRIVED,2026-02-13 01:43:35,Dispatch
14743,403008,COMPLETED,2026-02-13 08:18:35,Mobile
14744,403009,CREATED,2026-02-12 15:03:31,Dispatch
14745,403009,ASSIGNED,2026-02-12 15:24:31,Dispatch
14746,403009,ENROUTE,2026-02-12 17:34:31,Mobile
14747,403009,ARRIVED,2026-02-12 19:29:31,Mobile
14748,403009,COMPLETED,2026-02-13 03:02:31,Dispatch
14749,403010,CREATED,2026-02-12 16:16:00,CRM
14750,403010,ASSIGNED,2026-02-12 17:25:00,Dispatch
14751,403010,ENROUTE,2026-02-12 23:36:00,Mobile
14752,403010,ARRIVED,2026-02-13 02:30:00,Dispatch
14753,403011,CREATED,2026-02-12 17:16:17,Dispatch
14754,403011,ASSIGNED,2026-02-12 18:19:17,Mobile
14755,403011,ENROUTE,2026-02-12 20:09:17,Mobile
14756,403011,ARRIVED,2026-02-12 21:16:17,Dispatch
14757,403011,COMPLETED,2026-02-13 00:27:17,Dispatch
14758,403012,CREATED,2026-02-12 18:23:59,Dispatch
14759,403012,ASSIGNED,2026-02-12 18:41:59,Dispatch
14760,403012,ENROUTE,2026-02-12 21:14:59,CRM
14761,403012,ARRIVED,2026-02-12 21:48:59,CRM
14762,403012,COMPLETED,2026-02-12 23:08:59,Dispatch
14763,403013,CREATED,2026-02-12 22:22:06,Mobile
14764,403013,ASSIGNED,2026-02-13 01:06:06,Dispatch
14765,403013,ENROUTE,2026-02-13 08:05:06,CRM
14766,403013,ARRIVED,2026-02-13 10:24:06,Dispatch
14767,403013,COMPLETED,2026-02-13 19:19:06,Mobile
14768,403014,CREATED,2026-02-12 22:42:39,Mobile
14769,403014,ASSIGNED,2026-02-13 01:09:39,Mobile
14770,403014,ENROUTE,2026-02-13 01:39:39,Mobile
14771,403014,ARRIVED,2026-02-13 04:13:39,Dispatch
14772,403014,COMPLETED,2026-02-13 06:17:39,Dispatch
14773,403015,CREATED,2026-02-13 01:26:53,Mobile
14774,403015,ASSIGNED,2026-02-13 04:16:53,Dispatch
14775,403015,ENROUTE,2026-02-13 11:16:53,Dispatch
14776,403015,ARRIVED,2026-02-13 13:40:53,Mobile
14777,403015,COMPLETED,2026-02-13 18:32:53,Mobile
14778,403016,CREATED,2026-02-13 02:24:39,Dispatch
14779,403016,ASSIGNED,2026-02-13 05:19:39,Dispatch
14780,403016,ENROUTE,2026-02-13 07:03:39,CRM
14781,403016,ARRIVED,2026-02-13 09:37:39,Dispatch
14782,403016,COMPLETED,2026-02-13 18:12:39,Dispatch
14783,403017,CREATED,2026-02-13 02:29:40,CRM
14784,403017,ASSIGNED,2026-02-13 05:57:40,Mobile
14785,403017,ENROUTE,2026-02-13 10:20:40,Dispatch
14786,403017,ARRIVED,2026-02-13 12:48:40,Dispatch
14787,403017,COMPLETED,2026-02-13 15:09:40,Dispatch
14788,403018,CREATED,2026-02-13 11:22:29,Dispatch
14789,403018,ASSIGNED,2026-02-13 14:00:29,Mobile
14790,403018,ENROUTE,2026-02-13 17:51:29,Dispatch
14791,403018,ARRIVED,2026-02-13 20:49:29,Dispatch
14792,403018,COMPLETED,2026-02-14 01:21:29,Dispatch
14793,403019,CREATED,2026-02-13 13:16:56,Dispatch
14794,403019,ASSIGNED,2026-02-13 14:11:56,Dispatch
14795,403019,ENROUTE,2026-02-13 17:52:56,Mobile
14796,403019,ARRIVED,2026-02-13 18:30:56,Dispatch
14797,403019,COMPLETED,2026-02-13 20:36:56,Mobile
14798,403020,CREATED,2026-02-13 15:33:06,Dispatch
14799,403020,ASSIGNED,2026-02-13 19:18:06,Mobile
14800,403020,ENROUTE,2026-02-14 01:08:06,Dispatch
14801,403020,ARRIVED,2026-02-14 02:03:06,Mobile
14802,403021,CREATED,2026-02-13 16:16:17,Dispatch
14803,403021,ASSIGNED,2026-02-13 18:24:17,Dispatch
14804,403021,ENROUTE,2026-02-13 18:44:17,Dispatch
14805,403021,ARRIVED,2026-02-13 19:12:17,Dispatch
14806,403021,COMPLETED,2026-02-13 22:05:17,Dispatch
14807,403022,CREATED,2026-02-13 18:29:40,Dispatch
14808,403022,ASSIGNED,2026-02-13 19:59:40,Dispatch
14809,403022,ENROUTE,2026-02-13 23:20:40,Mobile
14810,403022,ARRIVED,2026-02-14 01:09:40,Dispatch
14811,403022,COMPLETED,2026-02-14 01:57:40,Mobile
14812,403023,CREATED,2026-02-13 18:55:50,Dispatch
14813,403023,ASSIGNED,2026-02-13 22:13:50,Mobile
14814,403023,ENROUTE,2026-02-14 00:16:50,Dispatch
14815,403023,ARRIVED,2026-02-14 02:22:50,Mobile
14816,403023,COMPLETED,2026-02-14 09:13:50,Mobile
14817,403024,CREATED,2026-02-13 20:41:33,Mobile
14818,403024,ASSIGNED,2026-02-13 23:50:33,Dispatch
14819,403024,ENROUTE,2026-02-14 02:35:33,Mobile
14820,403024,ARRIVED,2026-02-14 04:20:33,Dispatch
14821,403024,COMPLETED,2026-02-14 07:33:33,CRM
14822,403025,CREATED,2026-02-14 02:15:51,Dispatch
14823,403025,ASSIGNED,2026-02-14 02:50:51,Mobile
14824,403025,ENROUTE,2026-02-14 03:19:51,Mobile
14825,403025,ARRIVED,2026-02-14 05:01:51,Dispatch
14826,403025,COMPLETED,2026-02-14 13:06:51,Dispatch
14827,403026,CREATED,2026-02-14 02:49:10,Mobile
14828,403026,ASSIGNED,2026-02-14 04:01:10,Dispatch
14829,403026,ENROUTE,2026-02-14 08:23:10,Dispatch
14830,403026,ARRIVED,2026-02-14 09:02:10,CRM
14831,403026,COMPLETED,2026-02-14 14:38:10,Mobile
14832,403027,CREATED,2026-02-14 06:15:33,Mobile
14833,403027,ASSIGNED,2026-02-14 09:48:33,Dispatch
14834,403027,ENROUTE,2026-02-14 14:01:33,Dispatch
14835,403027,ARRIVED,2026-02-14 14:49:33,Mobile
14836,403027,COMPLETED,2026-02-14 20:37:33,Dispatch
14837,403028,CREATED,2026-02-14 10:26:45,Dispatch
14838,403028,ASSIGNED,2026-02-14 12:54:45,Mobile
14839,403028,ENROUTE,2026-02-14 16:14:45,Dispatch
14840,403028,ARRIVED,2026-02-14 18:36:45,Dispatch
14841,403028,COMPLETED,2026-02-14 21:03:45,Dispatch
14842,403029,CREATED,2026-02-14 11:38:49,Dispatch
14843,403029,ASSIGNED,2026-02-14 13:55:49,Dispatch
14844,403029,ENROUTE,2026-02-14 16:10:49,Mobile
14845,403029,ARRIVED,2026-02-14 16:51:49,Dispatch
14846,403029,COMPLETED,2026-02-14 17:54:49,Dispatch
14847,403030,CREATED,2026-02-14 14:39:03,Dispatch
14848,403030,ASSIGNED,2026-02-14 16:50:03,Mobile
14849,403030,ENROUTE,2026-02-14 18:46:03,Mobile
14850,403030,ARRIVED,2026-02-14 21:20:03,Mobile
14851,403030,COMPLETED,2026-02-15 03:43:03,Mobile
14852,403031,CREATED,2026-02-14 18:00:52,Mobile
14853,403031,ASSIGNED,2026-02-14 19:16:52,Dispatch
14854,403031,ENROUTE,2026-02-14 23:25:52,Mobile
14855,403031,ARRIVED,2026-02-15 00:11:52,Dispatch
14856,403031,COMPLETED,2026-02-15 08:37:52,Mobile
14857,403032,CREATED,2026-02-14 18:22:50,Mobile
14858,403032,ASSIGNED,2026-02-14 20:11:50,CRM
14859,403032,ENROUTE,2026-02-15 01:10:50,Dispatch
14860,403032,ARRIVED,2026-02-15 03:34:50,Dispatch
14861,403032,CANCELLED,2026-02-14 21:11:50,Dispatch
14862,403033,CREATED,2026-02-14 18:25:49,Dispatch
14863,403033,ASSIGNED,2026-02-14 18:36:49,Dispatch
14864,403033,ENROUTE,2026-02-15 00:53:49,Mobile
14865,403033,ARRIVED,2026-02-15 02:27:49,Dispatch
14866,403033,COMPLETED,2026-02-15 12:20:49,Mobile
14867,403034,CREATED,2026-02-14 20:00:13,Dispatch
14868,403034,ASSIGNED,2026-02-14 22:57:13,Dispatch
14869,403034,ENROUTE,2026-02-15 05:33:13,Mobile
14870,403034,ARRIVED,2026-02-15 07:27:13,Mobile
14871,403034,COMPLETED,2026-02-15 14:51:13,CRM
14872,403035,CREATED,2026-02-14 22:09:35,Dispatch
14873,403035,ASSIGNED,2026-02-15 00:12:35,Mobile
14874,403035,ENROUTE,2026-02-15 07:29:35,Mobile
14875,403035,ARRIVED,2026-02-15 08:28:35,Dispatch
14876,403035,COMPLETED,2026-02-15 11:53:35,Dispatch
14877,403036,CREATED,2026-02-14 22:34:01,Dispatch
14878,403036,ASSIGNED,2026-02-15 01:56:01,Mobile
14879,403036,ENROUTE,2026-02-15 08:45:01,Dispatch
14880,403036,ARRIVED,2026-02-15 09:03:01,Mobile
14881,403037,CREATED,2026-02-15 01:06:08,Dispatch
14882,403037,ASSIGNED,2026-02-15 03:40:08,Dispatch
14883,403037,ENROUTE,2026-02-15 04:29:08,Mobile
14884,403037,ARRIVED,2026-02-15 06:04:08,Mobile
14885,403037,CANCELLED,2026-02-15 04:40:08,CRM
14886,403038,CREATED,2026-02-15 06:44:38,Dispatch
14887,403038,ASSIGNED,2026-02-15 07:11:38,Dispatch
14888,403038,ENROUTE,2026-02-15 08:07:38,Mobile
14889,403038,ARRIVED,2026-02-15 08:56:38,Mobile
14890,403039,CREATED,2026-02-15 12:03:48,Dispatch
14891,403039,ASSIGNED,2026-02-15 12:42:48,Dispatch
14892,403039,ENROUTE,2026-02-15 13:18:48,Mobile
14893,403039,ARRIVED,2026-02-15 15:25:48,Mobile
14894,403039,COMPLETED,2026-02-15 17:10:48,Dispatch
14895,403040,CREATED,2026-02-15 14:37:45,CRM
14896,403040,ASSIGNED,2026-02-15 16:44:45,Dispatch
14897,403040,ENROUTE,2026-02-15 17:43:45,Mobile
14898,403040,ARRIVED,2026-02-15 19:28:45,Mobile
14899,403040,COMPLETED,2026-02-15 23:47:45,CRM
14900,403041,CREATED,2026-02-15 14:43:50,Dispatch
14901,403041,ASSIGNED,2026-02-15 16:02:50,Mobile
14902,403041,ENROUTE,2026-02-15 19:00:50,Dispatch
14903,403041,ARRIVED,2026-02-15 21:55:50,Mobile
14904,403042,CREATED,2026-02-15 17:45:38,Mobile
14905,403042,ASSIGNED,2026-02-15 19:30:38,Dispatch
14906,403042,ENROUTE,2026-02-15 22:58:38,Dispatch
14907,403042,ARRIVED,2026-02-16 00:35:38,Dispatch
14908,403043,CREATED,2026-02-15 23:34:28,Mobile
14909,403043,ASSIGNED,2026-02-16 00:30:28,Dispatch
14910,403043,ENROUTE,2026-02-16 07:10:28,Dispatch
14911,403043,ARRIVED,2026-02-16 08:49:28,Dispatch
14912,403043,COMPLETED,2026-02-16 16:42:28,Dispatch
14913,403044,CREATED,2026-02-16 10:26:56,Dispatch
14914,403044,ASSIGNED,2026-02-16 10:37:56,Mobile
14915,403044,ENROUTE,2026-02-16 18:29:56,Dispatch
14916,403044,ARRIVED,2026-02-16 19:26:56,Mobile
14917,403044,COMPLETED,2026-02-16 20:40:56,Mobile
14918,403045,CREATED,2026-02-16 14:42:12,Mobile
14919,403045,ASSIGNED,2026-02-16 14:55:12,Dispatch
14920,403045,ENROUTE,2026-02-16 15:22:12,Dispatch
14921,403045,ARRIVED,2026-02-16 15:40:12,Dispatch
14922,403045,COMPLETED,2026-02-16 23:12:12,Mobile
14923,403046,CREATED,2026-02-16 20:35:29,Dispatch
14924,403046,ASSIGNED,2026-02-16 22:08:29,Dispatch
14925,403046,ENROUTE,2026-02-17 00:25:29,Mobile
14926,403046,ARRIVED,2026-02-17 02:27:29,Dispatch
14927,403046,COMPLETED,2026-02-17 03:24:29,CRM
14928,403047,CREATED,2026-02-16 22:35:53,Dispatch
14929,403047,ASSIGNED,2026-02-17 00:38:53,CRM
14930,403047,ENROUTE,2026-02-17 04:38:53,Mobile
14931,403047,ARRIVED,2026-02-17 05:06:53,Dispatch
14932,403047,COMPLETED,2026-02-17 13:38:53,Dispatch
14933,403048,CREATED,2026-02-17 00:37:45,Dispatch
14934,403048,ASSIGNED,2026-02-17 02:23:45,Mobile
14935,403048,ENROUTE,2026-02-17 09:20:45,Mobile
14936,403048,ARRIVED,2026-02-17 10:39:45,Mobile
14937,403048,COMPLETED,2026-02-17 16:35:45,Dispatch
14938,403049,CREATED,2026-02-17 01:14:25,Dispatch
14939,403049,ASSIGNED,2026-02-17 01:40:25,Dispatch
14940,403049,ENROUTE,2026-02-17 04:25:25,Dispatch
14941,403049,ARRIVED,2026-02-17 05:05:25,Dispatch
14942,403049,COMPLETED,2026-02-17 11:43:25,Dispatch
14943,403050,CREATED,2026-02-17 07:05:53,Mobile
14944,403050,ASSIGNED,2026-02-17 09:23:53,Mobile
14945,403050,ENROUTE,2026-02-17 11:01:53,Dispatch
14946,403050,ARRIVED,2026-02-17 13:57:53,CRM
14947,403051,CREATED,2026-02-17 10:57:08,Mobile
14948,403051,ASSIGNED,2026-02-17 12:09:08,Dispatch
14949,403051,ENROUTE,2026-02-17 16:10:08,Mobile
14950,403051,ARRIVED,2026-02-17 17:54:08,Dispatch
14951,403051,COMPLETED,2026-02-18 02:12:08,CRM
14952,403052,CREATED,2026-02-17 12:02:20,Dispatch
14953,403052,ASSIGNED,2026-02-17 15:47:20,Dispatch
14954,403052,ENROUTE,2026-02-17 23:21:20,Dispatch
14955,403052,ARRIVED,2026-02-18 01:13:20,Dispatch
14956,403052,COMPLETED,2026-02-18 06:59:20,Dispatch
14957,403053,CREATED,2026-02-17 12:50:55,Dispatch
14958,403053,ASSIGNED,2026-02-17 13:13:55,CRM
14959,403053,ENROUTE,2026-02-17 14:17:55,Dispatch
14960,403053,ARRIVED,2026-02-17 15:25:55,Mobile
14961,403053,COMPLETED,2026-02-17 20:06:55,Dispatch
14962,403054,CREATED,2026-02-17 19:25:30,Mobile
14963,403054,ASSIGNED,2026-02-17 22:10:30,Mobile
14964,403054,ENROUTE,2026-02-18 00:29:30,Dispatch
14965,403054,ARRIVED,2026-02-18 03:11:30,Dispatch
14966,403054,COMPLETED,2026-02-18 08:02:30,Dispatch
14967,403055,CREATED,2026-02-17 22:53:24,Mobile
14968,403055,ASSIGNED,2026-02-18 00:05:24,Mobile
14969,403055,ENROUTE,2026-02-18 06:29:24,Mobile
14970,403055,ARRIVED,2026-02-18 07:47:24,Mobile
14971,403055,COMPLETED,2026-02-18 15:45:24,Dispatch
14972,403056,CREATED,2026-02-18 00:08:46,Dispatch
14973,403056,ASSIGNED,2026-02-18 03:20:46,Mobile
14974,403056,ENROUTE,2026-02-18 10:33:46,Mobile
14975,403056,ARRIVED,2026-02-18 13:18:46,Mobile
14976,403056,COMPLETED,2026-02-18 17:29:46,Dispatch
14977,403057,CREATED,2026-02-18 02:07:20,Mobile
14978,403057,ASSIGNED,2026-02-18 05:14:20,Dispatch
14979,403057,ENROUTE,2026-02-18 08:28:20,CRM
14980,403057,ARRIVED,2026-02-18 08:47:20,Dispatch
14981,403057,COMPLETED,2026-02-18 09:52:20,Mobile
14982,403058,CREATED,2026-02-18 04:57:29,Dispatch
14983,403058,ASSIGNED,2026-02-18 07:16:29,Dispatch
14984,403058,ENROUTE,2026-02-18 12:48:29,CRM
14985,403058,ARRIVED,2026-02-18 12:28:29,Mobile
14986,403058,COMPLETED,2026-02-18 17:11:29,Dispatch
14987,403059,CREATED,2026-02-18 05:05:36,Dispatch
14988,403059,ASSIGNED,2026-02-18 08:24:36,CRM
14989,403059,ENROUTE,2026-02-18 09:33:36,CRM
14990,403059,ARRIVED,2026-02-18 11:54:36,Mobile
14991,403059,COMPLETED,2026-02-18 17:44:36,Dispatch
14992,403060,CREATED,2026-02-18 06:23:09,Mobile
14993,403060,ASSIGNED,2026-02-18 07:55:09,Dispatch
14994,403060,ENROUTE,2026-02-18 14:24:09,Dispatch
14995,403060,ARRIVED,2026-02-18 17:17:09,Mobile
14996,403060,COMPLETED,2026-02-18 19:46:09,Dispatch
14997,403061,CREATED,2026-02-18 06:35:23,Dispatch
14998,403061,ASSIGNED,2026-02-18 06:42:23,Mobile
14999,403061,ENROUTE,2026-02-18 08:42:23,Dispatch
15000,403061,ARRIVED,2026-02-18 10:06:23,CRM
15001,403062,CREATED,2026-02-18 12:55:31,Dispatch
15002,403062,ASSIGNED,2026-02-18 15:22:31,Mobile
15003,403062,ENROUTE,2026-02-18 19:37:31,Mobile
15004,403062,ARRIVED,2026-02-18 20:01:31,CRM
15005,403063,CREATED,2026-02-19 02:23:14,Dispatch
15006,403063,ASSIGNED,2026-02-19 05:10:14,Mobile
15007,403063,ENROUTE,2026-02-19 09:33:14,Mobile
15008,403063,ARRIVED,2026-02-19 11:17:14,Dispatch
15009,403063,COMPLETED,2026-02-19 15:48:14,Mobile
15010,403064,CREATED,2026-02-19 03:18:25,Mobile
15011,403064,ASSIGNED,2026-02-19 06:36:25,Mobile
15012,403064,ENROUTE,2026-02-19 12:53:25,Dispatch
15013,403064,ARRIVED,2026-02-19 15:01:25,Mobile
15014,403064,COMPLETED,2026-02-19 15:58:25,Mobile
15015,403065,CREATED,2026-02-19 17:04:55,Dispatch
15016,403065,ASSIGNED,2026-02-19 17:30:55,CRM
15017,403065,ENROUTE,2026-02-19 20:36:55,CRM
15018,403065,ARRIVED,2026-02-19 21:07:55,Dispatch
15019,403065,COMPLETED,2026-02-20 00:27:55,Mobile
15020,403066,CREATED,2026-02-19 17:22:43,CRM
15021,403066,ASSIGNED,2026-02-19 21:07:43,Dispatch
15022,403066,ENROUTE,2026-02-20 03:15:43,Dispatch
15023,403066,ARRIVED,2026-02-20 05:20:43,Dispatch
15024,403066,COMPLETED,2026-02-20 15:09:43,Dispatch
15025,403067,CREATED,2026-02-19 23:16:58,Dispatch
15026,403067,ASSIGNED,2026-02-20 00:29:58,Dispatch
15027,403067,ENROUTE,2026-02-20 04:53:58,Dispatch
15028,403067,ARRIVED,2026-02-20 05:48:58,CRM
15029,403067,COMPLETED,2026-02-20 13:52:58,CRM
15030,403068,CREATED,2026-02-19 23:19:19,Mobile
15031,403068,ASSIGNED,2026-02-20 02:54:19,Mobile
15032,403068,ENROUTE,2026-02-20 09:23:19,Mobile
15033,403068,ARRIVED,2026-02-20 11:46:19,Dispatch
15034,403068,COMPLETED,2026-02-20 19:27:19,Mobile
15035,403069,CREATED,2026-02-20 00:29:56,Dispatch
15036,403069,ASSIGNED,2026-02-20 04:01:56,CRM
15037,403069,ENROUTE,2026-02-20 10:40:56,Dispatch
15038,403069,ARRIVED,2026-02-20 11:16:56,Dispatch
15039,403069,COMPLETED,2026-02-20 13:43:56,Dispatch
15040,403070,CREATED,2026-02-20 02:30:05,Dispatch
15041,403070,ASSIGNED,2026-02-20 03:22:05,Mobile
15042,403070,ENROUTE,2026-02-20 04:42:05,Dispatch
15043,403070,ARRIVED,2026-02-20 06:51:05,CRM
15044,403070,COMPLETED,2026-02-20 16:50:05,CRM
15045,403071,CREATED,2026-02-20 02:36:21,Dispatch
15046,403071,ASSIGNED,2026-02-20 02:44:21,Dispatch
15047,403071,ENROUTE,2026-02-20 04:57:21,Mobile
15048,403071,ARRIVED,2026-02-20 06:44:21,CRM
15049,403071,COMPLETED,2026-02-20 07:46:21,Dispatch
15050,403072,CREATED,2026-02-20 03:29:40,Mobile
15051,403072,ASSIGNED,2026-02-20 04:01:40,Dispatch
15052,403072,ENROUTE,2026-02-20 04:33:40,Mobile
15053,403072,ARRIVED,2026-02-20 05:21:40,Dispatch
15054,403073,CREATED,2026-02-20 04:54:10,Mobile
15055,403073,ASSIGNED,2026-02-20 07:01:10,Mobile
15056,403073,ENROUTE,2026-02-20 13:16:10,Dispatch
15057,403073,ARRIVED,2026-02-20 13:34:10,Dispatch
15058,403073,COMPLETED,2026-02-20 16:37:10,Dispatch
15059,403074,CREATED,2026-02-20 05:13:34,Dispatch
15060,403074,ASSIGNED,2026-02-20 09:01:34,Dispatch
15061,403074,ENROUTE,2026-02-20 14:12:34,CRM
15062,403074,ARRIVED,2026-02-20 17:00:34,Dispatch
15063,403074,COMPLETED,2026-02-20 22:19:34,Dispatch
15064,403075,CREATED,2026-02-20 08:44:49,Dispatch
15065,403075,ASSIGNED,2026-02-20 09:58:49,Dispatch
15066,403075,ENROUTE,2026-02-20 11:44:49,Mobile
15067,403075,ARRIVED,2026-02-20 12:13:49,CRM
15068,403075,COMPLETED,2026-02-20 21:27:49,CRM
15069,403076,CREATED,2026-02-20 10:07:15,Dispatch
15070,403076,ASSIGNED,2026-02-20 11:51:15,Dispatch
15071,403076,ENROUTE,2026-02-20 15:25:15,Dispatch
15072,403076,ARRIVED,2026-02-20 15:38:15,Dispatch
15073,403076,COMPLETED,2026-02-20 23:29:15,Mobile
15074,403077,CREATED,2026-02-20 12:58:17,CRM
15075,403077,ASSIGNED,2026-02-20 13:49:17,Dispatch
15076,403077,ENROUTE,2026-02-20 21:37:17,Mobile
15077,403077,ARRIVED,2026-02-20 23:39:17,Dispatch
15078,403077,COMPLETED,2026-02-21 01:15:17,Dispatch
15079,403078,CREATED,2026-02-20 15:53:49,Dispatch
15080,403078,ASSIGNED,2026-02-20 17:45:49,CRM
15081,403078,ENROUTE,2026-02-20 23:36:49,Dispatch
15082,403078,ARRIVED,2026-02-21 00:07:49,Dispatch
15083,403078,COMPLETED,2026-02-21 04:43:49,CRM
15084,403079,CREATED,2026-02-21 00:59:18,Mobile
15085,403079,ASSIGNED,2026-02-21 04:13:18,Mobile
15086,403079,ENROUTE,2026-02-21 07:17:18,Dispatch
15087,403079,ARRIVED,2026-02-21 07:29:18,CRM
15088,403079,COMPLETED,2026-02-21 14:33:18,Dispatch
15089,403080,CREATED,2026-02-21 11:07:50,Mobile
15090,403080,ASSIGNED,2026-02-21 13:37:50,Mobile
15091,403080,ENROUTE,2026-02-21 17:08:50,Mobile
15092,403080,ARRIVED,2026-02-21 18:33:50,Mobile
15093,403080,COMPLETED,2026-02-22 00:29:50,Mobile
15094,403081,CREATED,2026-02-21 13:44:59,Mobile
15095,403081,ASSIGNED,2026-02-21 16:59:59,Dispatch
15096,403081,ENROUTE,2026-02-21 20:47:59,Dispatch
15097,403081,ARRIVED,2026-02-21 22:52:59,Mobile
15098,403081,COMPLETED,2026-02-22 01:35:59,Dispatch
15099,403082,CREATED,2026-02-21 20:18:19,Dispatch
15100,403082,ASSIGNED,2026-02-21 21:07:19,Mobile
15101,403082,ENROUTE,2026-02-22 00:03:19,Dispatch
15102,403082,ARRIVED,2026-02-22 00:57:19,Mobile
15103,403082,COMPLETED,2026-02-22 02:26:19,Mobile
15104,403083,CREATED,2026-02-21 20:50:20,Mobile
15105,403083,ASSIGNED,2026-02-21 23:09:20,Dispatch
15106,403083,ENROUTE,2026-02-22 04:53:20,Mobile
15107,403083,ARRIVED,2026-02-22 07:39:20,Mobile
15108,403083,COMPLETED,2026-02-22 15:51:20,Mobile
15109,403084,CREATED,2026-02-21 23:07:40,Dispatch
15110,403084,ASSIGNED,2026-02-22 01:05:40,Dispatch
15111,403084,ENROUTE,2026-02-22 07:09:40,Dispatch
15112,403084,ARRIVED,2026-02-22 07:49:40,Mobile
15113,403084,COMPLETED,2026-02-22 15:23:40,Dispatch
15114,403085,CREATED,2026-02-22 02:12:47,Dispatch
15115,403085,ASSIGNED,2026-02-22 06:01:47,Dispatch
15116,403085,ENROUTE,2026-02-22 06:29:47,Mobile
15117,403085,ARRIVED,2026-02-22 08:35:47,Mobile
15118,403085,CANCELLED,2026-02-22 07:01:47,CRM
15119,403086,CREATED,2026-02-22 06:49:23,Dispatch
15120,403086,ASSIGNED,2026-02-22 07:54:23,Mobile
15121,403086,ENROUTE,2026-02-22 09:24:23,Dispatch
15122,403086,ARRIVED,2026-02-22 09:49:23,Dispatch
15123,403086,CANCELLED,2026-02-22 08:54:23,Dispatch
15124,403087,CREATED,2026-02-22 10:34:38,Mobile
15125,403087,ASSIGNED,2026-02-22 14:04:38,Mobile
15126,403087,ENROUTE,2026-02-22 15:40:38,Dispatch
15127,403087,ARRIVED,2026-02-22 16:00:38,Dispatch
15128,403087,COMPLETED,2026-02-23 00:35:38,Mobile
15129,403088,CREATED,2026-02-22 13:51:44,CRM
15130,403088,ASSIGNED,2026-02-22 14:24:44,CRM
15131,403088,ENROUTE,2026-02-22 17:44:44,Dispatch
15132,403088,ARRIVED,2026-02-22 20:06:44,Dispatch
15133,403088,COMPLETED,2026-02-22 21:48:44,Dispatch
15134,403089,CREATED,2026-02-22 16:15:38,Mobile
15135,403089,ASSIGNED,2026-02-22 16:49:38,Mobile
15136,403089,ENROUTE,2026-02-22 20:05:38,Mobile
15137,403089,ARRIVED,2026-02-22 20:27:38,Dispatch
15138,403089,COMPLETED,2026-02-23 02:31:38,Dispatch
15139,403090,CREATED,2026-02-22 20:24:18,Dispatch
15140,403090,ASSIGNED,2026-02-22 21:48:18,Mobile
15141,403090,ENROUTE,2026-02-22 23:35:18,Dispatch
15142,403090,ARRIVED,2026-02-23 00:22:18,CRM
15143,403090,COMPLETED,2026-02-23 01:33:18,Mobile
15144,403091,CREATED,2026-02-22 21:32:55,Mobile
15145,403091,ASSIGNED,2026-02-22 22:58:55,Dispatch
15146,403091,ENROUTE,2026-02-23 05:27:55,Dispatch
15147,403091,ARRIVED,2026-02-23 06:50:55,Dispatch
15148,403091,COMPLETED,2026-02-23 09:04:55,Mobile
15149,403092,CREATED,2026-02-23 03:24:16,Mobile
15150,403092,ASSIGNED,2026-02-23 03:51:16,Dispatch
15151,403092,ENROUTE,2026-02-23 05:52:16,Dispatch
15152,403092,ARRIVED,2026-02-23 06:14:16,Dispatch
15153,403093,CREATED,2026-02-23 15:24:34,Dispatch
15154,403093,ASSIGNED,2026-02-23 19:15:34,Mobile
15155,403093,ENROUTE,2026-02-24 06:13:34,Mobile
15156,403093,ARRIVED,2026-02-24 05:53:34,Dispatch
15157,403093,COMPLETED,2026-02-24 08:31:34,Dispatch
15158,403094,CREATED,2026-02-23 17:24:52,Dispatch
15159,403094,ASSIGNED,2026-02-23 20:32:52,Mobile
15160,403094,ENROUTE,2026-02-24 01:25:52,Mobile
15161,403094,ARRIVED,2026-02-24 03:23:52,CRM
15162,403094,CANCELLED,2026-02-23 21:32:52,Dispatch
15163,403095,CREATED,2026-02-23 19:42:19,Dispatch
15164,403095,ASSIGNED,2026-02-23 22:01:19,Mobile
15165,403095,ENROUTE,2026-02-24 01:48:19,Mobile
15166,403095,ARRIVED,2026-02-24 02:17:19,Dispatch
15167,403095,CANCELLED,2026-02-23 23:01:19,Dispatch
15168,403096,CREATED,2026-02-23 21:28:14,Mobile
15169,403096,ASSIGNED,2026-02-24 00:31:14,Dispatch
15170,403096,ENROUTE,2026-02-24 01:00:14,Mobile
15171,403096,ARRIVED,2026-02-24 03:41:14,Mobile
15172,403096,COMPLETED,2026-02-24 08:44:14,Dispatch
15173,403097,CREATED,2026-02-23 22:54:50,Dispatch
15174,403097,ASSIGNED,2026-02-24 02:11:50,Dispatch
15175,403097,ENROUTE,2026-02-24 04:22:50,Dispatch
15176,403097,ARRIVED,2026-02-24 05:11:50,Dispatch
15177,403097,COMPLETED,2026-02-24 06:38:50,Mobile
15178,403098,CREATED,2026-02-24 02:17:48,Dispatch
15179,403098,ASSIGNED,2026-02-24 04:22:48,Mobile
15180,403098,ENROUTE,2026-02-24 10:25:48,Dispatch
15181,403098,ARRIVED,2026-02-24 11:05:48,Mobile
15182,403098,COMPLETED,2026-02-24 15:58:48,Dispatch
15183,403099,CREATED,2026-02-24 02:35:59,Dispatch
15184,403099,ASSIGNED,2026-02-24 04:07:59,Dispatch
15185,403099,ENROUTE,2026-02-24 11:20:59,Mobile
15186,403099,ARRIVED,2026-02-24 13:48:59,Dispatch
15187,403099,COMPLETED,2026-02-24 16:55:59,Mobile
15188,403100,CREATED,2026-02-24 06:16:17,Dispatch
15189,403100,ASSIGNED,2026-02-24 09:51:17,Mobile
15190,403100,ENROUTE,2026-02-24 13:53:17,Dispatch
15191,403100,ARRIVED,2026-02-24 14:13:17,Mobile
15192,403100,COMPLETED,2026-02-24 19:17:17,Dispatch
15193,403101,CREATED,2026-02-24 08:44:29,Dispatch
15194,403101,ASSIGNED,2026-02-24 09:38:29,Dispatch
15195,403101,ENROUTE,2026-02-24 15:23:29,Dispatch
15196,403101,ARRIVED,2026-02-24 16:16:29,Mobile
15197,403101,COMPLETED,2026-02-24 23:42:29,Dispatch
15198,403102,CREATED,2026-02-24 10:37:57,Dispatch
15199,403102,ASSIGNED,2026-02-24 13:19:57,Mobile
15200,403102,ENROUTE,2026-02-24 21:16:57,Dispatch
15201,403102,ARRIVED,2026-02-24 22:04:57,Mobile
15202,403103,CREATED,2026-02-24 15:29:53,Dispatch
15203,403103,ASSIGNED,2026-02-24 18:57:53,Mobile
15204,403103,ENROUTE,2026-02-24 20:24:53,Mobile
15205,403103,ARRIVED,2026-02-24 23:20:53,Dispatch
15206,403103,COMPLETED,2026-02-25 07:51:53,Dispatch
15207,403104,CREATED,2026-02-24 21:56:52,Mobile
15208,403104,ASSIGNED,2026-02-25 00:55:52,Mobile
15209,403104,ENROUTE,2026-02-25 06:14:52,CRM
15210,403104,ARRIVED,2026-02-25 07:21:52,CRM
15211,403104,COMPLETED,2026-02-25 16:29:52,Mobile
15212,403105,CREATED,2026-02-25 02:14:06,Dispatch
15213,403105,ASSIGNED,2026-02-25 02:45:06,Dispatch
15214,403105,ENROUTE,2026-02-25 03:40:06,Mobile
15215,403105,ARRIVED,2026-02-25 05:44:06,Dispatch
15216,403105,COMPLETED,2026-02-25 09:20:06,Dispatch
15217,403106,CREATED,2026-02-25 06:03:46,Mobile
15218,403106,ASSIGNED,2026-02-25 07:17:46,Dispatch
15219,403106,ENROUTE,2026-02-25 12:54:46,Dispatch
15220,403106,ARRIVED,2026-02-25 14:14:46,Mobile
15221,403106,COMPLETED,2026-02-25 19:41:46,Mobile
15222,403107,CREATED,2026-02-25 06:14:15,Dispatch
15223,403107,ASSIGNED,2026-02-25 07:14:15,Mobile
15224,403107,ENROUTE,2026-02-25 09:45:15,Dispatch
15225,403107,ARRIVED,2026-02-25 12:22:15,Mobile
15226,403108,CREATED,2026-02-25 07:09:31,Mobile
15227,403108,ASSIGNED,2026-02-25 08:14:31,Mobile
15228,403108,ENROUTE,2026-02-25 09:52:31,Dispatch
15229,403108,ARRIVED,2026-02-25 11:14:31,Dispatch
15230,403109,CREATED,2026-02-25 08:28:46,CRM
15231,403109,ASSIGNED,2026-02-25 09:04:46,Dispatch
15232,403109,ENROUTE,2026-02-25 14:23:46,Mobile
15233,403109,ARRIVED,2026-02-25 16:24:46,Mobile
15234,403109,CANCELLED,2026-02-25 10:04:46,CRM
15235,403110,CREATED,2026-02-25 10:10:56,Dispatch
15236,403110,ASSIGNED,2026-02-25 11:14:56,Dispatch
15237,403110,ENROUTE,2026-02-25 14:30:56,Mobile
15238,403110,ARRIVED,2026-02-25 16:34:56,Mobile
15239,403110,COMPLETED,2026-02-26 01:17:56,Dispatch
15240,403111,CREATED,2026-02-25 12:39:32,Dispatch
15241,403111,ASSIGNED,2026-02-25 16:04:32,Mobile
15242,403111,ENROUTE,2026-02-25 16:28:32,Mobile
15243,403111,ARRIVED,2026-02-25 17:08:32,Dispatch
15244,403112,CREATED,2026-02-25 19:24:08,Dispatch
15245,403112,ASSIGNED,2026-02-25 22:31:08,Dispatch
15246,403112,ENROUTE,2026-02-25 22:58:08,Dispatch
15247,403112,ARRIVED,2026-02-26 01:00:08,CRM
15248,403112,COMPLETED,2026-02-26 10:53:08,Mobile
15249,403113,CREATED,2026-02-25 21:06:12,Dispatch
15250,403113,ASSIGNED,2026-02-25 22:38:12,Mobile
15251,403113,ENROUTE,2026-02-26 04:49:12,CRM
15252,403113,ARRIVED,2026-02-26 07:45:12,CRM
15253,403113,COMPLETED,2026-02-26 10:56:12,Mobile
15254,403114,CREATED,2026-02-25 21:46:55,Dispatch
15255,403114,ASSIGNED,2026-02-25 22:03:55,Mobile
15256,403114,ENROUTE,2026-02-26 03:15:55,Mobile
15257,403114,ARRIVED,2026-02-26 03:55:55,Mobile
15258,403114,COMPLETED,2026-02-26 13:39:55,Mobile
15259,403115,CREATED,2026-02-26 04:36:51,Dispatch
15260,403115,ASSIGNED,2026-02-26 06:52:51,Mobile
15261,403115,ENROUTE,2026-02-26 08:20:51,Dispatch
15262,403115,ARRIVED,2026-02-26 09:03:51,Mobile
15263,403115,COMPLETED,2026-02-26 17:10:51,Mobile
15264,403116,CREATED,2026-02-26 07:39:13,Dispatch
15265,403116,ASSIGNED,2026-02-26 11:37:13,CRM
15266,403116,ENROUTE,2026-02-26 16:44:13,Dispatch
15267,403116,ARRIVED,2026-02-26 19:37:13,Dispatch
15268,403116,COMPLETED,2026-02-26 23:58:13,Dispatch
15269,403117,CREATED,2026-02-26 10:16:35,Mobile
15270,403117,ASSIGNED,2026-02-26 10:39:35,Mobile
15271,403117,ENROUTE,2026-02-26 12:28:35,Mobile
15272,403117,ARRIVED,2026-02-26 14:54:35,Mobile
15273,403117,COMPLETED,2026-02-26 20:24:35,Dispatch
15274,403118,CREATED,2026-02-26 22:02:39,Dispatch
15275,403118,ASSIGNED,2026-02-27 00:14:39,CRM
15276,403118,ENROUTE,2026-02-27 01:59:39,Dispatch
15277,403118,ARRIVED,2026-02-27 02:46:39,Mobile
15278,403118,COMPLETED,2026-02-27 11:08:39,Dispatch
15279,403119,CREATED,2026-02-27 01:07:27,Mobile
15280,403119,ASSIGNED,2026-02-27 04:36:27,Dispatch
15281,403119,ENROUTE,2026-02-27 10:51:27,Dispatch
15282,403119,ARRIVED,2026-02-27 13:37:27,CRM
15283,403119,COMPLETED,2026-02-27 17:20:27,Dispatch
15284,403120,CREATED,2026-02-27 07:15:05,Dispatch
15285,403120,ASSIGNED,2026-02-27 10:37:05,Dispatch
15286,403120,ENROUTE,2026-02-27 18:26:05,Mobile
15287,403120,ARRIVED,2026-02-27 20:04:05,Mobile
15288,403120,COMPLETED,2026-02-27 22:09:05,Mobile
15289,403121,CREATED,2026-02-27 13:23:24,CRM
15290,403121,ASSIGNED,2026-02-27 15:44:24,CRM
15291,403121,ENROUTE,2026-02-27 16:13:24,Mobile
15292,403121,ARRIVED,2026-02-27 18:28:24,Mobile
15293,403121,COMPLETED,2026-02-27 21:34:24,Mobile
15294,403122,CREATED,2026-02-27 19:18:42,Mobile
15295,403122,ASSIGNED,2026-02-27 20:26:42,Dispatch
15296,403122,ENROUTE,2026-02-27 21:17:42,Dispatch
15297,403122,ARRIVED,2026-02-27 22:42:42,Mobile
15298,403122,COMPLETED,2026-02-28 03:02:42,Mobile
15299,403123,CREATED,2026-02-27 20:08:06,Mobile
15300,403123,ASSIGNED,2026-02-27 20:43:06,Mobile
15301,403123,ENROUTE,2026-02-28 00:19:06,Mobile
15302,403123,ARRIVED,2026-02-28 02:14:06,Dispatch
15303,403124,CREATED,2026-02-27 21:21:58,CRM
15304,403124,ASSIGNED,2026-02-28 01:16:58,Mobile
15305,403124,ENROUTE,2026-02-28 06:22:58,Mobile
15306,403124,ARRIVED,2026-02-28 09:18:58,Mobile
15307,403124,COMPLETED,2026-02-28 14:44:58,Dispatch
15308,403125,CREATED,2026-02-27 22:11:15,Mobile
15309,403125,ASSIGNED,2026-02-28 00:53:15,Dispatch
15310,403125,ENROUTE,2026-02-28 03:53:15,Mobile
15311,403125,ARRIVED,2026-02-28 05:13:15,Mobile
15312,403126,CREATED,2026-02-28 02:26:14,Dispatch
15313,403126,ASSIGNED,2026-02-28 03:58:14,Mobile
15314,403126,ENROUTE,2026-02-28 06:34:14,Mobile
15315,403126,ARRIVED,2026-02-28 08:54:14,CRM
15316,403126,COMPLETED,2026-02-28 12:25:14,Dispatch
15317,403127,CREATED,2026-02-28 06:05:48,Dispatch
15318,403127,ASSIGNED,2026-02-28 07:36:48,Dispatch
15319,403127,ENROUTE,2026-02-28 14:11:48,Mobile
15320,403127,ARRIVED,2026-02-28 17:01:48,CRM
15321,403127,COMPLETED,2026-02-28 19:12:48,Mobile
15322,403128,CREATED,2026-02-28 06:18:31,Dispatch
15323,403128,ASSIGNED,2026-02-28 08:46:31,Mobile
15324,403128,ENROUTE,2026-02-28 13:52:31,Dispatch
15325,403128,ARRIVED,2026-02-28 15:42:31,CRM
15326,403129,CREATED,2026-02-28 06:25:27,Dispatch
15327,403129,ASSIGNED,2026-02-28 07:06:27,Mobile
15328,403129,ENROUTE,2026-02-28 11:11:27,Dispatch
15329,403129,ARRIVED,2026-02-28 11:47:27,CRM
15330,403129,COMPLETED,2026-02-28 17:25:27,Dispatch
15331,403130,CREATED,2026-02-28 22:06:24,Dispatch
15332,403130,ASSIGNED,2026-03-01 00:53:24,Mobile
15333,403130,ENROUTE,2026-03-01 05:56:24,CRM
15334,403130,ARRIVED,2026-03-01 07:38:24,Dispatch
15335,403130,COMPLETED,2026-03-01 09:58:24,Dispatch
15336,403131,CREATED,2026-03-01 08:27:18,Dispatch
15337,403131,ASSIGNED,2026-03-01 11:38:18,Dispatch
15338,403131,ENROUTE,2026-03-01 13:27:18,Mobile
15339,403131,ARRIVED,2026-03-01 14:32:18,Mobile
15340,403131,COMPLETED,2026-03-01 21:16:18,Mobile
15341,403131,REOPENED,2026-03-02 21:16:18,Mobile
15342,403131,ASSIGNED,2026-03-02 22:16:18,Dispatch
15343,403131,COMPLETED,2026-03-03 23:16:18,Dispatch
15344,403132,CREATED,2026-03-01 11:27:47,Mobile
15345,403132,ASSIGNED,2026-03-01 13:57:47,Dispatch
15346,403132,ENROUTE,2026-03-01 17:33:47,Mobile
15347,403132,ARRIVED,2026-03-01 18:08:47,Mobile
15348,403132,COMPLETED,2026-03-02 00:55:47,Mobile
15349,403133,CREATED,2026-03-01 11:49:30,Dispatch
15350,403133,ASSIGNED,2026-03-01 13:58:30,Mobile
15351,403133,ENROUTE,2026-03-01 15:28:30,Dispatch
15352,403133,ARRIVED,2026-03-01 18:24:30,Dispatch
15353,403134,CREATED,2026-03-02 01:13:53,Dispatch
15354,403134,ASSIGNED,2026-03-02 01:25:53,Dispatch
15355,403134,ENROUTE,2026-03-02 10:00:53,Dispatch
15356,403134,ARRIVED,2026-03-02 09:40:53,Dispatch
15357,403134,COMPLETED,2026-03-02 19:37:53,Dispatch
15358,403135,CREATED,2026-03-02 01:54:32,Mobile
15359,403135,ASSIGNED,2026-03-02 04:11:32,Mobile
15360,403135,ENROUTE,2026-03-02 11:03:32,Dispatch
15361,403135,ARRIVED,2026-03-02 12:55:32,Dispatch
15362,403135,COMPLETED,2026-03-02 19:59:32,Dispatch
15363,403136,CREATED,2026-03-02 03:24:38,Mobile
15364,403136,ASSIGNED,2026-03-02 06:48:38,Mobile
15365,403136,ENROUTE,2026-03-02 07:45:38,Dispatch
15366,403136,ARRIVED,2026-03-02 09:52:38,Mobile
15367,403136,COMPLETED,2026-03-02 13:53:38,Dispatch
15368,403137,CREATED,2026-03-02 04:53:33,Dispatch
15369,403137,ASSIGNED,2026-03-02 07:12:33,Dispatch
15370,403137,ENROUTE,2026-03-02 07:38:33,Mobile
15371,403137,ARRIVED,2026-03-02 09:34:33,CRM
15372,403137,COMPLETED,2026-03-02 19:02:33,Mobile
15373,403138,CREATED,2026-03-02 13:35:03,Dispatch
15374,403138,ASSIGNED,2026-03-02 14:38:03,Mobile
15375,403138,ENROUTE,2026-03-02 16:16:03,CRM
15376,403138,ARRIVED,2026-03-02 19:07:03,Mobile
15377,403138,COMPLETED,2026-03-02 19:46:03,Mobile
15378,403139,CREATED,2026-03-02 20:13:06,CRM
15379,403139,ASSIGNED,2026-03-02 23:21:06,Mobile
15380,403139,ENROUTE,2026-03-03 02:55:06,Mobile
15381,403139,ARRIVED,2026-03-03 05:26:06,Mobile
15382,403139,CANCELLED,2026-03-03 00:21:06,CRM
15383,403140,CREATED,2026-03-03 02:53:57,Dispatch
15384,403140,ASSIGNED,2026-03-03 05:22:57,Mobile
15385,403140,ENROUTE,2026-03-03 07:18:57,Dispatch
15386,403140,ARRIVED,2026-03-03 08:01:57,Mobile
15387,403140,COMPLETED,2026-03-03 16:15:57,Dispatch
15388,403141,CREATED,2026-03-03 05:15:43,Dispatch
15389,403141,ASSIGNED,2026-03-03 06:12:43,Mobile
15390,403141,ENROUTE,2026-03-03 10:10:43,Mobile
15391,403141,ARRIVED,2026-03-03 11:42:43,Dispatch
15392,403141,COMPLETED,2026-03-03 12:38:43,CRM
15393,403142,CREATED,2026-03-03 08:27:22,Dispatch
15394,403142,ASSIGNED,2026-03-03 11:39:22,Mobile
15395,403142,ENROUTE,2026-03-03 19:04:22,Mobile
15396,403142,ARRIVED,2026-03-03 19:43:22,Dispatch
15397,403142,COMPLETED,2026-03-03 22:52:22,Mobile
15398,403143,CREATED,2026-03-03 12:01:49,Dispatch
15399,403143,ASSIGNED,2026-03-03 13:32:49,Dispatch
15400,403143,ENROUTE,2026-03-03 18:59:49,Dispatch
15401,403143,ARRIVED,2026-03-03 19:26:49,Mobile
15402,403143,COMPLETED,2026-03-04 02:51:49,CRM
15403,403144,CREATED,2026-03-03 12:12:00,Mobile
15404,403144,ASSIGNED,2026-03-03 14:42:00,Dispatch
15405,403144,ENROUTE,2026-03-03 15:48:00,Dispatch
15406,403144,ARRIVED,2026-03-03 18:09:00,Mobile
15407,403144,COMPLETED,2026-03-03 20:10:00,Dispatch
15408,403145,CREATED,2026-03-03 12:37:26,Dispatch
15409,403145,ASSIGNED,2026-03-03 13:10:26,Mobile
15410,403145,ENROUTE,2026-03-03 17:46:26,Dispatch
15411,403145,ARRIVED,2026-03-03 18:49:26,Dispatch
15412,403145,CANCELLED,2026-03-03 14:10:26,Dispatch
15413,403146,CREATED,2026-03-03 14:12:13,Mobile
15414,403146,ASSIGNED,2026-03-03 16:57:13,Dispatch
15415,403146,ENROUTE,2026-03-03 18:23:13,Mobile
15416,403146,ARRIVED,2026-03-03 18:49:13,Dispatch
15417,403146,COMPLETED,2026-03-04 04:47:13,Dispatch
15418,403147,CREATED,2026-03-03 15:37:31,Mobile
15419,403147,ASSIGNED,2026-03-03 16:08:31,Dispatch
15420,403147,ENROUTE,2026-03-03 21:27:31,Mobile
15421,403147,ARRIVED,2026-03-03 22:12:31,Dispatch
15422,403148,CREATED,2026-03-03 17:58:31,Dispatch
15423,403148,ASSIGNED,2026-03-03 21:23:31,Mobile
15424,403148,ENROUTE,2026-03-03 22:27:31,Dispatch
15425,403148,ARRIVED,2026-03-04 00:40:31,Mobile
15426,403148,COMPLETED,2026-03-04 06:30:31,Mobile
15427,403149,CREATED,2026-03-03 21:34:57,Mobile
15428,403149,ASSIGNED,2026-03-04 00:26:57,Dispatch
15429,403149,ENROUTE,2026-03-04 03:28:57,Mobile
15430,403149,ARRIVED,2026-03-04 05:37:57,Mobile
15431,403149,CANCELLED,2026-03-04 01:26:57,Dispatch
15432,403150,CREATED,2026-03-04 00:09:05,Dispatch
15433,403150,ASSIGNED,2026-03-04 01:18:05,Mobile
15434,403150,ENROUTE,2026-03-04 01:35:05,Mobile
15435,403150,ARRIVED,2026-03-04 04:28:05,Dispatch
15436,403150,COMPLETED,2026-03-04 10:22:05,Mobile
15437,403151,CREATED,2026-03-04 01:30:23,CRM
15438,403151,ASSIGNED,2026-03-04 02:54:23,CRM
15439,403151,ENROUTE,2026-03-04 08:01:23,Dispatch
15440,403151,ARRIVED,2026-03-04 08:18:23,Dispatch
15441,403151,COMPLETED,2026-03-04 09:21:23,Mobile
15442,403152,CREATED,2026-03-04 01:38:34,Dispatch
15443,403152,ASSIGNED,2026-03-04 02:21:34,Dispatch
15444,403152,ENROUTE,2026-03-04 10:12:34,Dispatch
15445,403152,ARRIVED,2026-03-04 11:43:34,Mobile
15446,403152,COMPLETED,2026-03-04 16:42:34,CRM
15447,403153,CREATED,2026-03-04 10:53:26,Dispatch
15448,403153,ASSIGNED,2026-03-04 14:01:26,Dispatch
15449,403153,ENROUTE,2026-03-04 16:18:26,Mobile
15450,403153,ARRIVED,2026-03-04 18:06:26,Mobile
15451,403154,CREATED,2026-03-04 14:20:21,Mobile
15452,403154,ASSIGNED,2026-03-04 16:14:21,Mobile
15453,403154,ENROUTE,2026-03-04 19:42:21,Dispatch
15454,403154,ARRIVED,2026-03-04 22:28:21,Mobile
15455,403154,COMPLETED,2026-03-05 03:54:21,Mobile
15456,403155,CREATED,2026-03-04 17:45:45,CRM
15457,403155,ASSIGNED,2026-03-04 19:25:45,CRM
15458,403155,ENROUTE,2026-03-04 20:14:45,Mobile
15459,403155,ARRIVED,2026-03-04 22:57:45,Dispatch
15460,403155,COMPLETED,2026-03-05 03:35:45,Mobile
15461,403156,CREATED,2026-03-04 19:10:29,CRM
15462,403156,ASSIGNED,2026-03-04 20:59:29,Dispatch
15463,403156,ENROUTE,2026-03-04 23:41:29,CRM
15464,403156,ARRIVED,2026-03-05 01:31:29,Dispatch
15465,403156,COMPLETED,2026-03-05 04:50:29,Dispatch
15466,403157,CREATED,2026-03-04 19:16:28,Mobile
15467,403157,ASSIGNED,2026-03-04 23:08:28,Mobile
15468,403157,ENROUTE,2026-03-05 01:11:28,Dispatch
15469,403157,ARRIVED,2026-03-05 01:21:28,Dispatch
15470,403157,CANCELLED,2026-03-05 00:08:28,Mobile
15471,403158,CREATED,2026-03-04 22:07:08,Mobile
15472,403158,ASSIGNED,2026-03-04 23:20:08,Mobile
15473,403158,ENROUTE,2026-03-05 01:40:08,Dispatch
15474,403158,ARRIVED,2026-03-05 02:06:08,Dispatch
15475,403158,COMPLETED,2026-03-05 10:22:08,Dispatch
15476,403159,CREATED,2026-03-04 23:26:36,Mobile
15477,403159,ASSIGNED,2026-03-05 03:06:36,Dispatch
15478,403159,ENROUTE,2026-03-05 03:59:36,Mobile
15479,403159,ARRIVED,2026-03-05 04:21:36,Mobile
15480,403159,COMPLETED,2026-03-05 12:28:36,Dispatch
15481,403160,CREATED,2026-03-04 23:55:28,CRM
15482,403160,ASSIGNED,2026-03-05 02:46:28,Dispatch
15483,403160,ENROUTE,2026-03-05 08:35:28,CRM
15484,403160,ARRIVED,2026-03-05 09:21:28,CRM
15485,403160,COMPLETED,2026-03-05 10:16:28,Dispatch
15486,403161,CREATED,2026-03-05 02:44:39,Mobile
15487,403161,ASSIGNED,2026-03-05 02:59:39,Mobile
15488,403161,ENROUTE,2026-03-05 08:02:39,CRM
15489,403161,ARRIVED,2026-03-05 10:53:39,Dispatch
15490,403161,COMPLETED,2026-03-05 20:30:39,Dispatch
15491,403162,CREATED,2026-03-05 04:58:16,Mobile
15492,403162,ASSIGNED,2026-03-05 05:27:16,Dispatch
15493,403162,ENROUTE,2026-03-05 12:07:16,Mobile
15494,403162,ARRIVED,2026-03-05 13:24:16,Mobile
15495,403162,COMPLETED,2026-03-05 15:50:16,Dispatch
15496,403163,CREATED,2026-03-05 08:49:47,Mobile
15497,403163,ASSIGNED,2026-03-05 12:25:47,Dispatch
15498,403163,ENROUTE,2026-03-05 18:44:47,Dispatch
15499,403163,ARRIVED,2026-03-05 19:39:47,Mobile
15500,403163,COMPLETED,2026-03-05 22:21:47,Dispatch
15501,403164,CREATED,2026-03-05 14:05:46,Dispatch
15502,403164,ASSIGNED,2026-03-05 14:10:46,Dispatch
15503,403164,ENROUTE,2026-03-05 18:59:46,Dispatch
15504,403164,ARRIVED,2026-03-05 21:15:46,Dispatch
15505,403164,COMPLETED,2026-03-06 00:21:46,Mobile
15506,403165,CREATED,2026-03-05 16:44:37,Dispatch
15507,403165,ASSIGNED,2026-03-05 17:46:37,Mobile
15508,403165,ENROUTE,2026-03-06 01:20:37,Dispatch
15509,403165,ARRIVED,2026-03-06 02:28:37,Mobile
15510,403166,CREATED,2026-03-05 20:15:01,Dispatch
15511,403166,ASSIGNED,2026-03-05 22:05:01,Mobile
15512,403166,ENROUTE,2026-03-06 04:46:01,CRM
15513,403166,ARRIVED,2026-03-06 06:10:01,Dispatch
15514,403166,COMPLETED,2026-03-06 11:07:01,Dispatch
15515,403167,CREATED,2026-03-06 09:12:35,Dispatch
15516,403167,ASSIGNED,2026-03-06 09:58:35,Mobile
15517,403167,ENROUTE,2026-03-06 16:29:35,Dispatch
15518,403167,ARRIVED,2026-03-06 17:35:35,Dispatch
15519,403167,COMPLETED,2026-03-07 02:51:35,Dispatch
15520,403168,CREATED,2026-03-06 10:33:27,Mobile
15521,403168,ASSIGNED,2026-03-06 14:05:27,Dispatch
15522,403168,ENROUTE,2026-03-06 16:16:27,Dispatch
15523,403168,ARRIVED,2026-03-06 18:11:27,Mobile
15524,403169,CREATED,2026-03-06 11:05:10,Dispatch
15525,403169,ASSIGNED,2026-03-06 14:21:10,Mobile
15526,403169,ENROUTE,2026-03-06 21:33:10,Mobile
15527,403169,ARRIVED,2026-03-06 22:53:10,CRM
15528,403169,COMPLETED,2026-03-07 01:55:10,Mobile
15529,403170,CREATED,2026-03-06 16:48:15,Mobile
15530,403170,ASSIGNED,2026-03-06 18:01:15,Mobile
15531,403170,ENROUTE,2026-03-06 18:51:15,Dispatch
15532,403170,ARRIVED,2026-03-06 21:00:15,Mobile
15533,403170,COMPLETED,2026-03-07 06:37:15,Mobile
15534,403171,CREATED,2026-03-06 17:43:11,Dispatch
15535,403171,ASSIGNED,2026-03-06 18:56:11,Dispatch
15536,403171,ENROUTE,2026-03-07 02:02:11,Mobile
15537,403171,ARRIVED,2026-03-07 03:37:11,Mobile
15538,403171,COMPLETED,2026-03-07 07:05:11,Dispatch
15539,403172,CREATED,2026-03-06 18:51:19,Mobile
15540,403172,ASSIGNED,2026-03-06 22:36:19,Mobile
15541,403172,ENROUTE,2026-03-07 06:05:19,Dispatch
15542,403172,ARRIVED,2026-03-07 08:30:19,Dispatch
15543,403172,COMPLETED,2026-03-07 13:40:19,Mobile
15544,403173,CREATED,2026-03-06 20:34:34,CRM
15545,403173,ASSIGNED,2026-03-06 23:40:34,CRM
15546,403173,ENROUTE,2026-03-07 03:40:34,Dispatch
15547,403173,ARRIVED,2026-03-07 05:49:34,Dispatch
15548,403173,COMPLETED,2026-03-07 11:53:34,Mobile
15549,403174,CREATED,2026-03-07 03:19:19,Mobile
15550,403174,ASSIGNED,2026-03-07 05:10:19,Mobile
15551,403174,ENROUTE,2026-03-07 06:29:19,Mobile
15552,403174,ARRIVED,2026-03-07 07:45:19,CRM
15553,403174,COMPLETED,2026-03-07 16:25:19,Dispatch
15554,403175,CREATED,2026-03-07 04:29:45,Mobile
15555,403175,ASSIGNED,2026-03-07 04:44:45,Mobile
15556,403175,ENROUTE,2026-03-07 07:44:45,Mobile
15557,403175,ARRIVED,2026-03-07 08:37:45,Mobile
15558,403175,COMPLETED,2026-03-07 13:09:45,Dispatch
15559,403176,CREATED,2026-03-07 05:06:18,Mobile
15560,403176,ASSIGNED,2026-03-07 07:23:18,Dispatch
15561,403176,ENROUTE,2026-03-07 12:13:18,Mobile
15562,403176,ARRIVED,2026-03-07 15:06:18,Dispatch
15563,403176,COMPLETED,2026-03-07 18:36:18,Mobile
15564,403177,CREATED,2026-03-07 05:56:58,CRM
15565,403177,ASSIGNED,2026-03-07 09:52:58,Dispatch
15566,403177,ENROUTE,2026-03-07 14:50:58,Mobile
15567,403177,ARRIVED,2026-03-07 15:40:58,Mobile
15568,403177,COMPLETED,2026-03-07 17:53:58,Mobile
15569,403178,CREATED,2026-03-07 06:15:57,Mobile
15570,403178,ASSIGNED,2026-03-07 09:45:57,Mobile
15571,403178,ENROUTE,2026-03-07 16:01:57,Mobile
15572,403178,ARRIVED,2026-03-07 17:48:57,Dispatch
15573,403178,COMPLETED,2026-03-08 02:19:57,Dispatch
15574,403179,CREATED,2026-03-07 06:30:43,Mobile
15575,403179,ASSIGNED,2026-03-07 09:53:43,Dispatch
15576,403179,ENROUTE,2026-03-07 13:02:43,Mobile
15577,403179,ARRIVED,2026-03-07 15:20:43,Dispatch
15578,403179,COMPLETED,2026-03-07 22:06:43,Dispatch
15579,403180,CREATED,2026-03-07 07:02:11,CRM
15580,403180,ASSIGNED,2026-03-07 08:31:11,Mobile
15581,403180,ENROUTE,2026-03-07 14:20:11,Dispatch
15582,403180,ARRIVED,2026-03-07 14:36:11,Mobile
15583,403180,COMPLETED,2026-03-08 00:30:11,Dispatch
15584,403181,CREATED,2026-03-07 12:32:28,Dispatch
15585,403181,ASSIGNED,2026-03-07 16:11:28,Dispatch
15586,403181,ENROUTE,2026-03-07 23:40:28,Dispatch
15587,403181,ARRIVED,2026-03-08 01:41:28,Dispatch
15588,403181,COMPLETED,2026-03-08 04:09:28,Dispatch
15589,403182,CREATED,2026-03-07 15:52:28,Dispatch
15590,403182,ASSIGNED,2026-03-07 17:13:28,Mobile
15591,403182,ENROUTE,2026-03-07 22:48:28,CRM
15592,403182,ARRIVED,2026-03-08 01:17:28,Mobile
15593,403182,COMPLETED,2026-03-08 08:23:28,Mobile
15594,403183,CREATED,2026-03-07 22:45:12,Dispatch
15595,403183,ASSIGNED,2026-03-08 01:22:12,Mobile
15596,403183,ENROUTE,2026-03-08 03:31:12,Dispatch
15597,403183,ARRIVED,2026-03-08 05:57:12,Dispatch
15598,403183,COMPLETED,2026-03-08 13:05:12,Dispatch
15599,403184,CREATED,2026-03-08 09:44:28,CRM
15600,403184,ASSIGNED,2026-03-08 13:23:28,Mobile
15601,403184,ENROUTE,2026-03-08 17:33:28,CRM
15602,403184,ARRIVED,2026-03-08 19:09:28,Dispatch
15603,403184,COMPLETED,2026-03-09 01:40:28,Mobile
15604,403185,CREATED,2026-03-08 10:52:56,Mobile
15605,403185,ASSIGNED,2026-03-08 14:28:56,Mobile
15606,403185,ENROUTE,2026-03-08 16:59:56,Dispatch
15607,403185,ARRIVED,2026-03-08 18:12:56,Dispatch
15608,403185,COMPLETED,2026-03-08 23:40:56,Mobile
15609,403186,CREATED,2026-03-08 12:02:18,Dispatch
15610,403186,ASSIGNED,2026-03-08 15:45:18,Dispatch
15611,403186,ENROUTE,2026-03-08 19:42:18,Dispatch
15612,403186,ARRIVED,2026-03-08 21:31:18,Mobile
15613,403187,CREATED,2026-03-08 15:57:35,Dispatch
15614,403187,ASSIGNED,2026-03-08 16:47:35,Mobile
15615,403187,ENROUTE,2026-03-09 00:07:35,Dispatch
15616,403187,ARRIVED,2026-03-09 01:49:35,Mobile
15617,403187,COMPLETED,2026-03-09 09:53:35,CRM
15618,403188,CREATED,2026-03-08 16:51:01,CRM
15619,403188,ASSIGNED,2026-03-08 17:59:01,Dispatch
15620,403188,ENROUTE,2026-03-08 22:53:01,Mobile
15621,403188,ARRIVED,2026-03-08 23:39:01,Dispatch
15622,403188,COMPLETED,2026-03-09 04:07:01,Dispatch
15623,403189,CREATED,2026-03-09 00:47:09,Mobile
15624,403189,ASSIGNED,2026-03-09 03:24:09,Dispatch
15625,403189,ENROUTE,2026-03-09 05:38:09,Dispatch
15626,403189,ARRIVED,2026-03-09 06:26:09,Dispatch
15627,403189,COMPLETED,2026-03-09 16:23:09,Mobile
15628,403190,CREATED,2026-03-09 01:42:05,Dispatch
15629,403190,ASSIGNED,2026-03-09 04:00:05,Dispatch
15630,403190,ENROUTE,2026-03-09 05:50:05,Mobile
15631,403190,ARRIVED,2026-03-09 07:36:05,Mobile
15632,403190,COMPLETED,2026-03-09 09:20:05,Mobile
15633,403191,CREATED,2026-03-09 04:52:41,Dispatch
15634,403191,ASSIGNED,2026-03-09 08:04:41,Dispatch
15635,403191,ENROUTE,2026-03-09 08:22:41,Dispatch
15636,403191,ARRIVED,2026-03-09 11:19:41,Mobile
15637,403191,COMPLETED,2026-03-09 13:43:41,Dispatch
15638,403192,CREATED,2026-03-09 06:03:24,Mobile
15639,403192,ASSIGNED,2026-03-09 09:38:24,Dispatch
15640,403192,ENROUTE,2026-03-09 13:07:24,Dispatch
15641,403192,ARRIVED,2026-03-09 15:21:24,Mobile
15642,403192,COMPLETED,2026-03-09 20:09:24,CRM
15643,403193,CREATED,2026-03-09 08:56:10,Mobile
15644,403193,ASSIGNED,2026-03-09 10:43:10,Dispatch
15645,403193,ENROUTE,2026-03-09 12:22:10,Dispatch
15646,403193,ARRIVED,2026-03-09 14:09:10,CRM
15647,403193,COMPLETED,2026-03-09 19:21:10,CRM
15648,403194,CREATED,2026-03-09 09:51:02,Dispatch
15649,403194,ASSIGNED,2026-03-09 12:28:02,Mobile
15650,403194,ENROUTE,2026-03-09 17:15:02,Mobile
15651,403194,ARRIVED,2026-03-09 19:50:02,Dispatch
15652,403194,COMPLETED,2026-03-10 00:34:02,Dispatch
15653,403195,CREATED,2026-03-09 11:27:17,Mobile
15654,403195,ASSIGNED,2026-03-09 12:25:17,Dispatch
15655,403195,ENROUTE,2026-03-09 17:37:17,Mobile
15656,403195,ARRIVED,2026-03-09 20:22:17,Dispatch
15657,403195,CANCELLED,2026-03-09 13:25:17,Dispatch
15658,403196,CREATED,2026-03-09 14:02:25,Mobile
15659,403196,ASSIGNED,2026-03-09 15:20:25,Dispatch
15660,403196,ENROUTE,2026-03-10 00:05:25,CRM
15661,403196,ARRIVED,2026-03-09 23:45:25,Dispatch
15662,403196,COMPLETED,2026-03-10 08:08:25,Mobile
15663,403197,CREATED,2026-03-09 15:57:16,Mobile
15664,403197,ASSIGNED,2026-03-09 17:10:16,Dispatch
15665,403197,ENROUTE,2026-03-10 00:13:16,Dispatch
15666,403197,ARRIVED,2026-03-10 03:03:16,Dispatch
15667,403197,COMPLETED,2026-03-10 06:19:16,Mobile
15668,403198,CREATED,2026-03-09 16:34:04,Mobile
15669,403198,ASSIGNED,2026-03-09 18:07:04,Dispatch
15670,403198,ENROUTE,2026-03-09 22:05:04,Dispatch
15671,403198,ARRIVED,2026-03-10 00:02:04,Mobile
15672,403198,COMPLETED,2026-03-10 07:14:04,Dispatch
15673,403199,CREATED,2026-03-09 17:49:24,Mobile
15674,403199,ASSIGNED,2026-03-09 19:29:24,Dispatch
15675,403199,ENROUTE,2026-03-10 01:48:24,Dispatch
15676,403199,ARRIVED,2026-03-10 01:28:24,CRM
15677,403199,COMPLETED,2026-03-10 11:24:24,Mobile
15678,403200,CREATED,2026-03-09 21:20:40,Dispatch
15679,403200,ASSIGNED,2026-03-10 01:18:40,CRM
15680,403200,ENROUTE,2026-03-10 08:28:40,Dispatch
15681,403200,ARRIVED,2026-03-10 11:07:40,Dispatch
15682,403200,COMPLETED,2026-03-10 21:05:40,Dispatch
15683,403201,CREATED,2026-03-09 22:15:49,Mobile
15684,403201,ASSIGNED,2026-03-09 23:27:49,Dispatch
15685,403201,ENROUTE,2026-03-10 06:16:49,Dispatch
15686,403201,ARRIVED,2026-03-10 08:17:49,CRM
15687,403201,COMPLETED,2026-03-10 13:01:49,Dispatch
15688,403202,CREATED,2026-03-10 01:59:46,Dispatch
15689,403202,ASSIGNED,2026-03-10 04:29:46,Mobile
15690,403202,ENROUTE,2026-03-10 08:26:46,Dispatch
15691,403202,ARRIVED,2026-03-10 10:47:46,Mobile
15692,403202,COMPLETED,2026-03-10 17:17:46,Mobile
15693,403203,CREATED,2026-03-10 03:59:18,Mobile
15694,403203,ASSIGNED,2026-03-10 06:49:18,Mobile
15695,403203,ENROUTE,2026-03-10 08:08:18,CRM
15696,403203,ARRIVED,2026-03-10 10:42:18,Dispatch
15697,403203,COMPLETED,2026-03-10 17:32:18,Mobile
15698,403204,CREATED,2026-03-10 04:04:10,CRM
15699,403204,ASSIGNED,2026-03-10 07:33:10,Mobile
15700,403204,ENROUTE,2026-03-10 14:07:10,Dispatch
15701,403204,ARRIVED,2026-03-10 16:22:10,Dispatch
15702,403204,COMPLETED,2026-03-10 22:02:10,Dispatch
15703,403205,CREATED,2026-03-10 08:23:45,Mobile
15704,403205,ASSIGNED,2026-03-10 10:00:45,Dispatch
15705,403205,ENROUTE,2026-03-10 14:07:45,Mobile
15706,403205,ARRIVED,2026-03-10 15:48:45,Dispatch
15707,403205,COMPLETED,2026-03-10 20:39:45,Dispatch
15708,403205,REOPENED,2026-03-11 20:39:45,Mobile
15709,403205,ASSIGNED,2026-03-11 21:39:45,Dispatch
15710,403205,COMPLETED,2026-03-12 22:39:45,Mobile
15711,403206,CREATED,2026-03-10 12:16:41,Dispatch
15712,403206,ASSIGNED,2026-03-10 15:39:41,Dispatch
15713,403206,ENROUTE,2026-03-10 18:38:41,Mobile
15714,403206,ARRIVED,2026-03-10 18:55:41,Dispatch
15715,403207,CREATED,2026-03-10 13:44:13,Dispatch
15716,403207,ASSIGNED,2026-03-10 16:14:13,Mobile
15717,403207,ENROUTE,2026-03-10 20:37:13,Dispatch
15718,403207,ARRIVED,2026-03-10 21:05:13,Dispatch
15719,403207,COMPLETED,2026-03-11 04:02:13,Mobile
15720,403208,CREATED,2026-03-10 17:30:59,Mobile
15721,403208,ASSIGNED,2026-03-10 20:33:59,Dispatch
15722,403208,ENROUTE,2026-03-10 21:09:59,CRM
15723,403208,ARRIVED,2026-03-10 23:22:59,Mobile
15724,403208,COMPLETED,2026-03-11 01:50:59,Dispatch
15725,403209,CREATED,2026-03-10 18:43:14,Dispatch
15726,403209,ASSIGNED,2026-03-10 19:14:14,Dispatch
15727,403209,ENROUTE,2026-03-11 02:05:14,Mobile
15728,403209,ARRIVED,2026-03-11 02:26:14,Mobile
15729,403209,COMPLETED,2026-03-11 05:38:14,CRM
15730,403210,CREATED,2026-03-10 19:52:35,Dispatch
15731,403210,ASSIGNED,2026-03-10 23:29:35,Mobile
15732,403210,ENROUTE,2026-03-11 00:07:35,Mobile
15733,403210,ARRIVED,2026-03-11 02:48:35,Mobile
15734,403210,COMPLETED,2026-03-11 04:24:35,CRM
15735,403211,CREATED,2026-03-11 00:24:16,Mobile
15736,403211,ASSIGNED,2026-03-11 03:23:16,Dispatch
15737,403211,ENROUTE,2026-03-11 06:07:16,Mobile
15738,403211,ARRIVED,2026-03-11 08:35:16,Mobile
15739,403211,COMPLETED,2026-03-11 10:09:16,Mobile
15740,403212,CREATED,2026-03-11 00:26:50,CRM
15741,403212,ASSIGNED,2026-03-11 02:19:50,Mobile
15742,403212,ENROUTE,2026-03-11 07:41:50,CRM
15743,403212,ARRIVED,2026-03-11 09:17:50,Dispatch
15744,403212,COMPLETED,2026-03-11 10:28:50,Mobile
15745,403213,CREATED,2026-03-11 02:56:00,Dispatch
15746,403213,ASSIGNED,2026-03-11 05:20:00,Mobile
15747,403213,ENROUTE,2026-03-11 13:06:00,Mobile
15748,403213,ARRIVED,2026-03-11 14:26:00,Mobile
15749,403213,COMPLETED,2026-03-11 21:04:00,Mobile
15750,403214,CREATED,2026-03-11 13:43:10,CRM
15751,403214,ASSIGNED,2026-03-11 15:32:10,Mobile
15752,403214,ENROUTE,2026-03-11 18:50:10,Dispatch
15753,403214,ARRIVED,2026-03-11 19:55:10,Mobile
15754,403214,COMPLETED,2026-03-12 02:33:10,Mobile
15755,403215,CREATED,2026-03-11 14:06:03,Dispatch
15756,403215,ASSIGNED,2026-03-11 14:23:03,Dispatch
15757,403215,ENROUTE,2026-03-11 16:49:03,Dispatch
15758,403215,ARRIVED,2026-03-11 17:56:03,Dispatch
15759,403215,COMPLETED,2026-03-12 03:18:03,Mobile
15760,403216,CREATED,2026-03-12 00:19:16,Mobile
15761,403216,ASSIGNED,2026-03-12 02:48:16,Mobile
15762,403216,ENROUTE,2026-03-12 07:21:16,Dispatch
15763,403216,ARRIVED,2026-03-12 09:52:16,Mobile
15764,403216,COMPLETED,2026-03-12 14:10:16,Dispatch
15765,403217,CREATED,2026-03-12 01:14:39,CRM
15766,403217,ASSIGNED,2026-03-12 01:42:39,Dispatch
15767,403217,ENROUTE,2026-03-12 06:45:39,Dispatch
15768,403217,ARRIVED,2026-03-12 09:15:39,Mobile
15769,403217,COMPLETED,2026-03-12 17:26:39,CRM
15770,403218,CREATED,2026-03-12 05:12:25,Mobile
15771,403218,ASSIGNED,2026-03-12 06:41:25,Mobile
15772,403218,ENROUTE,2026-03-12 11:48:25,Dispatch
15773,403218,ARRIVED,2026-03-12 13:01:25,Dispatch
15774,403218,COMPLETED,2026-03-12 22:14:25,Dispatch
15775,403219,CREATED,2026-03-12 09:22:19,Dispatch
15776,403219,ASSIGNED,2026-03-12 11:38:19,Mobile
15777,403219,ENROUTE,2026-03-12 19:18:19,Dispatch
15778,403219,ARRIVED,2026-03-12 21:59:19,Dispatch
15779,403219,COMPLETED,2026-03-13 04:37:19,Dispatch
15780,403220,CREATED,2026-03-12 13:18:21,Mobile
15781,403220,ASSIGNED,2026-03-12 13:57:21,Mobile
15782,403220,ENROUTE,2026-03-12 16:20:21,Dispatch
15783,403220,ARRIVED,2026-03-12 18:15:21,Dispatch
15784,403221,CREATED,2026-03-12 14:03:40,Mobile
15785,403221,ASSIGNED,2026-03-12 16:19:40,Dispatch
15786,403221,ENROUTE,2026-03-12 23:10:40,Dispatch
15787,403221,ARRIVED,2026-03-13 01:51:40,Dispatch
15788,403221,COMPLETED,2026-03-13 11:04:40,Dispatch
15789,403222,CREATED,2026-03-12 23:43:29,Dispatch
15790,403222,ASSIGNED,2026-03-13 02:06:29,Dispatch
15791,403222,ENROUTE,2026-03-13 09:15:29,Dispatch
15792,403222,ARRIVED,2026-03-13 12:06:29,Dispatch
15793,403222,COMPLETED,2026-03-13 18:32:29,Mobile
15794,403223,CREATED,2026-03-13 13:36:16,Mobile
15795,403223,ASSIGNED,2026-03-13 16:14:16,Dispatch
15796,403223,ENROUTE,2026-03-13 19:14:16,Mobile
15797,403223,ARRIVED,2026-03-13 19:41:16,Mobile
15798,403223,COMPLETED,2026-03-14 03:03:16,CRM
15799,403224,CREATED,2026-03-13 14:35:54,Mobile
15800,403224,ASSIGNED,2026-03-13 17:57:54,Dispatch
15801,403224,ENROUTE,2026-03-13 23:16:54,Dispatch
15802,403224,ARRIVED,2026-03-14 01:51:54,Dispatch
15803,403224,COMPLETED,2026-03-14 09:06:54,Dispatch
15804,403225,CREATED,2026-03-13 17:48:07,CRM
15805,403225,ASSIGNED,2026-03-13 20:58:07,Mobile
15806,403225,ENROUTE,2026-03-13 22:49:07,Dispatch
15807,403225,ARRIVED,2026-03-13 22:59:07,Dispatch
15808,403225,COMPLETED,2026-03-14 00:49:07,Mobile
15809,403226,CREATED,2026-03-13 22:18:04,Mobile
15810,403226,ASSIGNED,2026-03-14 01:26:04,Mobile
15811,403226,ENROUTE,2026-03-14 05:55:04,Dispatch
15812,403226,ARRIVED,2026-03-14 06:05:04,Dispatch
15813,403226,COMPLETED,2026-03-14 14:53:04,Mobile
15814,403227,CREATED,2026-03-14 05:45:49,Dispatch
15815,403227,ASSIGNED,2026-03-14 06:50:49,Dispatch
15816,403227,ENROUTE,2026-03-14 07:07:49,Dispatch
15817,403227,ARRIVED,2026-03-14 09:41:49,Dispatch
15818,403227,COMPLETED,2026-03-14 14:43:49,Dispatch
15819,403228,CREATED,2026-03-14 08:19:27,Dispatch
15820,403228,ASSIGNED,2026-03-14 09:25:27,CRM
15821,403228,ENROUTE,2026-03-14 13:17:27,CRM
15822,403228,ARRIVED,2026-03-14 14:01:27,Dispatch
15823,403228,COMPLETED,2026-03-14 18:10:27,Mobile
15824,403229,CREATED,2026-03-14 15:27:09,Dispatch
15825,403229,ASSIGNED,2026-03-14 17:56:09,Dispatch
15826,403229,ENROUTE,2026-03-14 20:36:09,Mobile
15827,403229,ARRIVED,2026-03-14 22:43:09,Dispatch
15828,403229,COMPLETED,2026-03-15 05:20:09,Mobile
15829,403230,CREATED,2026-03-14 16:54:22,Dispatch
15830,403230,ASSIGNED,2026-03-14 17:08:22,Dispatch
15831,403230,ENROUTE,2026-03-14 21:16:22,Mobile
15832,403230,ARRIVED,2026-03-14 22:04:22,Mobile
15833,403230,COMPLETED,2026-03-15 03:34:22,Mobile
15834,403231,CREATED,2026-03-14 18:28:09,Dispatch
15835,403231,ASSIGNED,2026-03-14 21:42:09,Dispatch
15836,403231,ENROUTE,2026-03-14 23:09:09,Dispatch
15837,403231,ARRIVED,2026-03-15 00:19:09,Dispatch
15838,403231,COMPLETED,2026-03-15 05:32:09,Mobile
15839,403232,CREATED,2026-03-14 19:05:07,Mobile
15840,403232,ASSIGNED,2026-03-14 21:06:07,Dispatch
15841,403232,ENROUTE,2026-03-15 03:02:07,Mobile
15842,403232,ARRIVED,2026-03-15 03:39:07,Mobile
15843,403232,COMPLETED,2026-03-15 12:35:07,Dispatch
15844,403233,CREATED,2026-03-14 20:49:47,Dispatch
15845,403233,ASSIGNED,2026-03-14 23:32:47,Mobile
15846,403233,ENROUTE,2026-03-15 06:26:47,Dispatch
15847,403233,ARRIVED,2026-03-15 08:19:47,Dispatch
15848,403234,CREATED,2026-03-14 22:38:27,Dispatch
15849,403234,ASSIGNED,2026-03-15 00:45:27,Dispatch
15850,403234,ENROUTE,2026-03-15 05:29:27,Dispatch
15851,403234,ARRIVED,2026-03-15 06:03:27,Mobile
15852,403234,COMPLETED,2026-03-15 13:42:27,Mobile
15853,403235,CREATED,2026-03-15 02:37:18,Mobile
15854,403235,ASSIGNED,2026-03-15 04:41:18,Mobile
15855,403235,ENROUTE,2026-03-15 10:18:18,CRM
15856,403235,ARRIVED,2026-03-15 11:43:18,Mobile
15857,403235,COMPLETED,2026-03-15 15:27:18,Mobile
15858,403236,CREATED,2026-03-15 06:34:38,CRM
15859,403236,ASSIGNED,2026-03-15 07:31:38,Dispatch
15860,403236,ENROUTE,2026-03-15 13:21:38,Mobile
15861,403236,ARRIVED,2026-03-15 15:28:38,Dispatch
15862,403236,COMPLETED,2026-03-15 21:02:38,Mobile
15863,403237,CREATED,2026-03-15 10:35:29,Mobile
15864,403237,ASSIGNED,2026-03-15 11:48:29,CRM
15865,403237,ENROUTE,2026-03-15 17:34:29,Mobile
15866,403237,ARRIVED,2026-03-15 19:27:29,Dispatch
15867,403238,CREATED,2026-03-15 17:37:17,Dispatch
15868,403238,ASSIGNED,2026-03-15 20:27:17,Mobile
15869,403238,ENROUTE,2026-03-15 23:23:17,Dispatch
15870,403238,ARRIVED,2026-03-16 01:21:17,Dispatch
15871,403238,COMPLETED,2026-03-16 04:32:17,Mobile
15872,403239,CREATED,2026-03-16 00:11:43,Dispatch
15873,403239,ASSIGNED,2026-03-16 02:01:43,Dispatch
15874,403239,ENROUTE,2026-03-16 08:59:43,Dispatch
15875,403239,ARRIVED,2026-03-16 09:20:43,Dispatch
15876,403239,COMPLETED,2026-03-16 19:17:43,CRM
15877,403240,CREATED,2026-03-16 01:06:32,Mobile
15878,403240,ASSIGNED,2026-03-16 02:20:32,Dispatch
15879,403240,ENROUTE,2026-03-16 07:22:32,Mobile
15880,403240,ARRIVED,2026-03-16 09:24:32,Mobile
15881,403240,COMPLETED,2026-03-16 16:03:32,Mobile
15882,403241,CREATED,2026-03-16 01:20:51,Mobile
15883,403241,ASSIGNED,2026-03-16 01:49:51,Mobile
15884,403241,ENROUTE,2026-03-16 08:07:51,Mobile
15885,403241,ARRIVED,2026-03-16 08:37:51,Dispatch
15886,403241,COMPLETED,2026-03-16 18:04:51,Dispatch
15887,403242,CREATED,2026-03-16 01:28:59,Mobile
15888,403242,ASSIGNED,2026-03-16 03:42:59,Dispatch
15889,403242,ENROUTE,2026-03-16 07:36:59,Dispatch
15890,403242,ARRIVED,2026-03-16 09:47:59,Mobile
15891,403242,COMPLETED,2026-03-16 10:21:59,Dispatch
15892,403243,CREATED,2026-03-16 11:00:04,Mobile
15893,403243,ASSIGNED,2026-03-16 14:45:04,Mobile
15894,403243,ENROUTE,2026-03-16 18:32:04,Mobile
15895,403243,ARRIVED,2026-03-16 21:31:04,CRM
15896,403243,COMPLETED,2026-03-16 23:02:04,Dispatch
15897,403244,CREATED,2026-03-16 11:42:49,Dispatch
15898,403244,ASSIGNED,2026-03-16 13:07:49,Dispatch
15899,403244,ENROUTE,2026-03-16 15:56:49,Mobile
15900,403244,ARRIVED,2026-03-16 17:06:49,Dispatch
15901,403244,COMPLETED,2026-03-16 23:12:49,Dispatch
15902,403245,CREATED,2026-03-16 13:48:12,Mobile
15903,403245,ASSIGNED,2026-03-16 15:30:12,CRM
15904,403245,ENROUTE,2026-03-16 23:26:12,Mobile
15905,403245,ARRIVED,2026-03-16 23:44:12,Mobile
15906,403245,COMPLETED,2026-03-17 08:03:12,Dispatch
15907,403246,CREATED,2026-03-16 15:41:19,Mobile
15908,403246,ASSIGNED,2026-03-16 19:07:19,Dispatch
15909,403246,ENROUTE,2026-03-17 01:21:19,Dispatch
15910,403246,ARRIVED,2026-03-17 03:44:19,Mobile
15911,403246,COMPLETED,2026-03-17 09:27:19,Dispatch
15912,403247,CREATED,2026-03-16 16:33:57,Dispatch
15913,403247,ASSIGNED,2026-03-16 17:05:57,Dispatch
15914,403247,ENROUTE,2026-03-16 17:35:57,Mobile
15915,403247,ARRIVED,2026-03-16 19:42:57,Mobile
15916,403247,COMPLETED,2026-03-16 20:30:57,Mobile
15917,403248,CREATED,2026-03-16 16:37:50,Mobile
15918,403248,ASSIGNED,2026-03-16 17:49:50,CRM
15919,403248,ENROUTE,2026-03-17 00:20:50,Dispatch
15920,403248,ARRIVED,2026-03-17 02:48:50,Dispatch
15921,403248,COMPLETED,2026-03-17 12:15:50,Mobile
15922,403249,CREATED,2026-03-16 21:02:57,Dispatch
15923,403249,ASSIGNED,2026-03-16 22:40:57,Dispatch
15924,403249,ENROUTE,2026-03-17 01:20:57,Mobile
15925,403249,ARRIVED,2026-03-17 03:58:57,Mobile
15926,403249,COMPLETED,2026-03-17 08:37:57,CRM
15927,403250,CREATED,2026-03-16 22:25:34,CRM
15928,403250,ASSIGNED,2026-03-17 00:57:34,Mobile
15929,403250,ENROUTE,2026-03-17 05:33:34,Dispatch
15930,403250,ARRIVED,2026-03-17 08:13:34,Dispatch
15931,403250,COMPLETED,2026-03-17 15:45:34,Mobile
15932,403251,CREATED,2026-03-17 01:10:25,CRM
15933,403251,ASSIGNED,2026-03-17 05:01:25,Dispatch
15934,403251,ENROUTE,2026-03-17 07:03:25,Dispatch
15935,403251,ARRIVED,2026-03-17 07:56:25,Mobile
15936,403251,COMPLETED,2026-03-17 08:26:25,CRM
15937,403252,CREATED,2026-03-17 06:00:07,Dispatch
15938,403252,ASSIGNED,2026-03-17 08:17:07,Dispatch
15939,403252,ENROUTE,2026-03-17 10:35:07,Dispatch
15940,403252,ARRIVED,2026-03-17 13:30:07,Mobile
15941,403252,COMPLETED,2026-03-17 18:24:07,Dispatch
15942,403253,CREATED,2026-03-17 06:39:44,CRM
15943,403253,ASSIGNED,2026-03-17 08:07:44,Dispatch
15944,403253,ENROUTE,2026-03-17 12:46:44,Dispatch
15945,403253,ARRIVED,2026-03-17 13:25:44,Dispatch
15946,403253,COMPLETED,2026-03-17 21:19:44,Dispatch
15947,403254,CREATED,2026-03-17 10:33:56,Dispatch
15948,403254,ASSIGNED,2026-03-17 12:43:56,Mobile
15949,403254,ENROUTE,2026-03-17 13:51:56,Dispatch
15950,403254,ARRIVED,2026-03-17 15:19:56,Dispatch
15951,403254,COMPLETED,2026-03-17 22:26:56,Dispatch
15952,403255,CREATED,2026-03-17 11:10:10,Dispatch
15953,403255,ASSIGNED,2026-03-17 13:50:10,Mobile
15954,403255,ENROUTE,2026-03-17 14:28:10,CRM
15955,403255,ARRIVED,2026-03-17 17:22:10,Dispatch
15956,403255,COMPLETED,2026-03-17 21:27:10,Mobile
15957,403256,CREATED,2026-03-17 11:35:25,Dispatch
15958,403256,ASSIGNED,2026-03-17 11:54:25,Dispatch
15959,403256,ENROUTE,2026-03-17 18:29:25,Mobile
15960,403256,ARRIVED,2026-03-17 20:12:25,CRM
15961,403257,CREATED,2026-03-17 16:17:10,Mobile
15962,403257,ASSIGNED,2026-03-17 18:24:10,Dispatch
15963,403257,ENROUTE,2026-03-18 00:19:10,Mobile
15964,403257,ARRIVED,2026-03-18 02:36:10,Mobile
15965,403257,COMPLETED,2026-03-18 04:54:10,Mobile
15966,403258,CREATED,2026-03-18 01:09:39,Dispatch
15967,403258,ASSIGNED,2026-03-18 04:09:39,Dispatch
15968,403258,ENROUTE,2026-03-18 07:32:39,Dispatch
15969,403258,ARRIVED,2026-03-18 08:37:39,Dispatch
15970,403258,COMPLETED,2026-03-18 16:40:39,Mobile
15971,403259,CREATED,2026-03-18 02:22:07,Dispatch
15972,403259,ASSIGNED,2026-03-18 05:05:07,Mobile
15973,403259,ENROUTE,2026-03-18 06:48:07,Dispatch
15974,403259,ARRIVED,2026-03-18 08:32:07,Mobile
15975,403259,COMPLETED,2026-03-18 13:20:07,Dispatch
15976,403260,CREATED,2026-03-18 08:45:19,CRM
15977,403260,ASSIGNED,2026-03-18 12:21:19,Mobile
15978,403260,ENROUTE,2026-03-18 13:38:19,Mobile
15979,403260,ARRIVED,2026-03-18 16:13:19,Dispatch
15980,403260,COMPLETED,2026-03-19 01:29:19,Dispatch
15981,403261,CREATED,2026-03-18 12:14:35,Dispatch
15982,403261,ASSIGNED,2026-03-18 13:26:35,Dispatch
15983,403261,ENROUTE,2026-03-18 15:22:35,Mobile
15984,403261,ARRIVED,2026-03-18 16:26:35,Dispatch
15985,403261,COMPLETED,2026-03-18 17:35:35,Dispatch
15986,403262,CREATED,2026-03-18 15:46:34,CRM
15987,403262,ASSIGNED,2026-03-18 18:47:34,Mobile
15988,403262,ENROUTE,2026-03-19 02:34:34,Dispatch
15989,403262,ARRIVED,2026-03-19 03:34:34,Dispatch
15990,403262,COMPLETED,2026-03-19 11:15:34,Dispatch
15991,403263,CREATED,2026-03-18 16:09:04,Mobile
15992,403263,ASSIGNED,2026-03-18 17:44:04,Mobile
15993,403263,ENROUTE,2026-03-18 23:26:04,Dispatch
15994,403263,ARRIVED,2026-03-19 01:23:04,Mobile
15995,403263,COMPLETED,2026-03-19 05:37:04,Dispatch
15996,403264,CREATED,2026-03-19 12:51:08,Dispatch
15997,403264,ASSIGNED,2026-03-19 16:16:08,Dispatch
15998,403264,ENROUTE,2026-03-19 17:11:08,Mobile
15999,403264,ARRIVED,2026-03-19 17:24:08,Mobile
16000,403264,COMPLETED,2026-03-19 18:34:08,Mobile
16001,403265,CREATED,2026-03-19 14:43:40,Mobile
16002,403265,ASSIGNED,2026-03-19 18:17:40,Dispatch
16003,403265,ENROUTE,2026-03-19 19:15:40,Dispatch
16004,403265,ARRIVED,2026-03-19 21:02:40,CRM
16005,403265,COMPLETED,2026-03-20 05:47:40,Dispatch
16006,403266,CREATED,2026-03-19 18:07:57,Dispatch
16007,403266,ASSIGNED,2026-03-19 21:21:57,Dispatch
16008,403266,ENROUTE,2026-03-20 01:15:57,Dispatch
16009,403266,ARRIVED,2026-03-20 02:22:57,Mobile
16010,403266,COMPLETED,2026-03-20 11:52:57,Dispatch
16011,403267,CREATED,2026-03-20 04:34:52,Dispatch
16012,403267,ASSIGNED,2026-03-20 06:06:52,Mobile
16013,403267,ENROUTE,2026-03-20 11:10:52,Dispatch
16014,403267,ARRIVED,2026-03-20 13:37:52,Mobile
16015,403267,COMPLETED,2026-03-20 15:10:52,Dispatch
16016,403268,CREATED,2026-03-20 09:42:13,CRM
16017,403268,ASSIGNED,2026-03-20 10:41:13,Mobile
16018,403268,ENROUTE,2026-03-20 18:04:13,Dispatch
16019,403268,ARRIVED,2026-03-20 19:23:13,Mobile
16020,403268,COMPLETED,2026-03-21 02:58:13,Dispatch
16021,403269,CREATED,2026-03-20 10:07:17,Mobile
16022,403269,ASSIGNED,2026-03-20 11:44:17,Mobile
16023,403269,ENROUTE,2026-03-20 16:30:17,Mobile
16024,403269,ARRIVED,2026-03-20 16:59:17,Dispatch
16025,403269,COMPLETED,2026-03-21 02:19:17,Mobile
16026,403270,CREATED,2026-03-20 11:16:01,Mobile
16027,403270,ASSIGNED,2026-03-20 11:28:01,Dispatch
16028,403270,ENROUTE,2026-03-20 18:00:01,Dispatch
16029,403270,ARRIVED,2026-03-20 18:31:01,Mobile
16030,403270,COMPLETED,2026-03-21 01:37:01,Dispatch
16031,403271,CREATED,2026-03-20 12:26:18,Mobile
16032,403271,ASSIGNED,2026-03-20 12:41:18,Mobile
16033,403271,ENROUTE,2026-03-20 18:43:18,CRM
16034,403271,ARRIVED,2026-03-20 20:02:18,Mobile
16035,403271,COMPLETED,2026-03-21 00:17:18,CRM
16036,403272,CREATED,2026-03-20 17:59:54,Mobile
16037,403272,ASSIGNED,2026-03-20 21:50:54,Mobile
16038,403272,ENROUTE,2026-03-20 22:52:54,Mobile
16039,403272,ARRIVED,2026-03-20 23:54:54,Mobile
16040,403272,COMPLETED,2026-03-21 02:17:54,Dispatch
16041,403273,CREATED,2026-03-21 12:39:16,Dispatch
16042,403273,ASSIGNED,2026-03-21 12:50:16,Dispatch
16043,403273,ENROUTE,2026-03-21 17:48:16,Dispatch
16044,403273,ARRIVED,2026-03-21 18:02:16,Dispatch
16045,403273,COMPLETED,2026-03-22 01:37:16,Dispatch
16046,403274,CREATED,2026-03-21 13:52:13,Dispatch
16047,403274,ASSIGNED,2026-03-21 14:49:13,Dispatch
16048,403274,ENROUTE,2026-03-21 20:10:13,Mobile
16049,403274,ARRIVED,2026-03-21 20:26:13,CRM
16050,403274,COMPLETED,2026-03-22 01:35:13,Mobile
16051,403275,CREATED,2026-03-21 19:32:28,Dispatch
16052,403275,ASSIGNED,2026-03-21 23:25:28,Dispatch
16053,403275,ENROUTE,2026-03-22 04:27:28,Mobile
16054,403275,ARRIVED,2026-03-22 05:09:28,Dispatch
16055,403275,COMPLETED,2026-03-22 14:55:28,Dispatch
16056,403276,CREATED,2026-03-22 05:33:35,Mobile
16057,403276,ASSIGNED,2026-03-22 09:13:35,Dispatch
16058,403276,ENROUTE,2026-03-22 17:49:35,Mobile
16059,403276,ARRIVED,2026-03-22 17:29:35,CRM
16060,403276,COMPLETED,2026-03-23 03:11:35,Dispatch
16061,403277,CREATED,2026-03-22 05:38:50,Dispatch
16062,403277,ASSIGNED,2026-03-22 06:44:50,Mobile
16063,403277,ENROUTE,2026-03-22 13:05:50,Mobile
16064,403277,ARRIVED,2026-03-22 15:56:50,Mobile
16065,403278,CREATED,2026-03-23 19:14:33,Mobile
16066,403278,ASSIGNED,2026-03-23 21:09:33,Dispatch
16067,403278,ENROUTE,2026-03-23 23:26:33,Dispatch
16068,403278,ARRIVED,2026-03-24 00:43:33,CRM
16069,403278,COMPLETED,2026-03-24 03:06:33,Dispatch
16070,403279,CREATED,2026-03-23 19:59:52,Dispatch
16071,403279,ASSIGNED,2026-03-23 20:27:52,Dispatch
16072,403279,ENROUTE,2026-03-23 22:16:52,Dispatch
16073,403279,ARRIVED,2026-03-24 00:17:52,Mobile
16074,403279,COMPLETED,2026-03-24 01:42:52,Dispatch
16075,403280,CREATED,2026-03-24 01:27:25,Dispatch
16076,403280,ASSIGNED,2026-03-24 04:53:25,Dispatch
16077,403280,ENROUTE,2026-03-24 07:37:25,Dispatch
16078,403280,ARRIVED,2026-03-24 08:02:25,Dispatch
16079,403280,COMPLETED,2026-03-24 15:15:25,Dispatch
16080,403281,CREATED,2026-03-24 06:00:56,Dispatch
16081,403281,ASSIGNED,2026-03-24 06:18:56,Dispatch
16082,403281,ENROUTE,2026-03-24 13:09:56,Dispatch
16083,403281,ARRIVED,2026-03-24 13:51:56,Mobile
16084,403281,COMPLETED,2026-03-24 16:48:56,Mobile
16085,403282,CREATED,2026-03-24 07:17:01,Dispatch
16086,403282,ASSIGNED,2026-03-24 11:04:01,Dispatch
16087,403282,ENROUTE,2026-03-24 11:34:01,Dispatch
16088,403282,ARRIVED,2026-03-24 12:58:01,Dispatch
16089,403282,CANCELLED,2026-03-24 12:04:01,Mobile
16090,403283,CREATED,2026-03-24 15:24:08,Mobile
16091,403283,ASSIGNED,2026-03-24 16:39:08,Dispatch
16092,403283,ENROUTE,2026-03-24 20:11:08,CRM
16093,403283,ARRIVED,2026-03-24 21:35:08,Dispatch
16094,403283,COMPLETED,2026-03-24 23:01:08,Dispatch
16095,403284,CREATED,2026-03-24 16:09:44,Mobile
16096,403284,ASSIGNED,2026-03-24 17:03:44,Dispatch
16097,403284,ENROUTE,2026-03-25 00:52:44,Mobile
16098,403284,ARRIVED,2026-03-25 02:10:44,Mobile
16099,403284,COMPLETED,2026-03-25 10:13:44,Dispatch
16100,403285,CREATED,2026-03-24 17:37:34,Dispatch
16101,403285,ASSIGNED,2026-03-24 18:05:34,Dispatch
16102,403285,ENROUTE,2026-03-25 00:58:34,Dispatch
16103,403285,ARRIVED,2026-03-25 01:28:34,Mobile
16104,403285,COMPLETED,2026-03-25 02:56:34,Dispatch
16105,403286,CREATED,2026-03-24 18:28:03,Mobile
16106,403286,ASSIGNED,2026-03-24 19:44:03,CRM
16107,403286,ENROUTE,2026-03-24 21:12:03,CRM
16108,403286,ARRIVED,2026-03-24 22:11:03,Dispatch
16109,403286,COMPLETED,2026-03-25 07:02:03,Mobile
16110,403287,CREATED,2026-03-25 02:51:03,Dispatch
16111,403287,ASSIGNED,2026-03-25 03:18:03,Mobile
16112,403287,ENROUTE,2026-03-25 08:22:03,Dispatch
16113,403287,ARRIVED,2026-03-25 09:55:03,Dispatch
16114,403287,COMPLETED,2026-03-25 18:38:03,Mobile
16115,403288,CREATED,2026-03-25 04:14:10,Dispatch
16116,403288,ASSIGNED,2026-03-25 07:19:10,Mobile
16117,403288,ENROUTE,2026-03-25 14:33:10,Mobile
16118,403288,ARRIVED,2026-03-25 16:00:10,CRM
16119,403288,COMPLETED,2026-03-25 21:10:10,Dispatch
16120,403288,REOPENED,2026-03-26 21:10:10,Dispatch
16121,403288,ASSIGNED,2026-03-26 22:10:10,Dispatch
16122,403288,COMPLETED,2026-03-27 23:10:10,Mobile
16123,403289,CREATED,2026-03-25 07:34:45,Mobile
16124,403289,ASSIGNED,2026-03-25 11:25:45,Dispatch
16125,403289,ENROUTE,2026-03-25 18:22:45,Dispatch
16126,403289,ARRIVED,2026-03-25 20:30:45,Mobile
16127,403289,COMPLETED,2026-03-26 05:23:45,Dispatch
16128,403290,CREATED,2026-03-25 07:45:10,Mobile
16129,403290,ASSIGNED,2026-03-25 08:00:10,Mobile
16130,403290,ENROUTE,2026-03-25 15:33:10,Mobile
16131,403290,ARRIVED,2026-03-25 16:06:10,Dispatch
16132,403291,CREATED,2026-03-25 09:21:19,Dispatch
16133,403291,ASSIGNED,2026-03-25 10:30:19,Dispatch
16134,403291,ENROUTE,2026-03-25 17:01:19,Dispatch
16135,403291,ARRIVED,2026-03-25 17:35:19,Dispatch
16136,403291,COMPLETED,2026-03-25 19:36:19,CRM
16137,403292,CREATED,2026-03-25 17:39:28,Mobile
16138,403292,ASSIGNED,2026-03-25 20:50:28,Dispatch
16139,403292,ENROUTE,2026-03-26 04:11:28,Dispatch
16140,403292,ARRIVED,2026-03-26 05:04:28,Dispatch
16141,403292,COMPLETED,2026-03-26 09:05:28,Mobile
16142,403293,CREATED,2026-03-25 20:13:52,Mobile
16143,403293,ASSIGNED,2026-03-25 21:58:52,Mobile
16144,403293,ENROUTE,2026-03-25 23:05:52,Mobile
16145,403293,ARRIVED,2026-03-25 23:48:52,Dispatch
16146,403294,CREATED,2026-03-26 02:13:29,Mobile
16147,403294,ASSIGNED,2026-03-26 05:17:29,Dispatch
16148,403294,ENROUTE,2026-03-26 11:01:29,Mobile
16149,403294,ARRIVED,2026-03-26 10:41:29,Dispatch
16150,403294,COMPLETED,2026-03-26 15:59:29,CRM
16151,403295,CREATED,2026-03-26 05:50:59,Mobile
16152,403295,ASSIGNED,2026-03-26 08:44:59,Mobile
16153,403295,ENROUTE,2026-03-26 13:47:59,CRM
16154,403295,ARRIVED,2026-03-26 14:51:59,Mobile
16155,403295,COMPLETED,2026-03-26 16:24:59,Dispatch
16156,403296,CREATED,2026-03-26 07:19:34,Dispatch
16157,403296,ASSIGNED,2026-03-26 08:52:34,Dispatch
16158,403296,ENROUTE,2026-03-26 10:46:34,Mobile
16159,403296,ARRIVED,2026-03-26 11:33:34,Dispatch
16160,403296,COMPLETED,2026-03-26 17:39:34,Mobile
16161,403297,CREATED,2026-03-26 10:21:37,Mobile
16162,403297,ASSIGNED,2026-03-26 10:29:37,Dispatch
16163,403297,ENROUTE,2026-03-26 14:05:37,Mobile
16164,403297,ARRIVED,2026-03-26 15:11:37,Dispatch
16165,403297,COMPLETED,2026-03-26 20:12:37,Dispatch
16166,403298,CREATED,2026-03-26 15:04:08,Dispatch
16167,403298,ASSIGNED,2026-03-26 16:56:08,Dispatch
16168,403298,ENROUTE,2026-03-26 21:46:08,Dispatch
16169,403298,ARRIVED,2026-03-26 23:05:08,Dispatch
16170,403298,COMPLETED,2026-03-27 02:38:08,Dispatch
16171,403299,CREATED,2026-03-26 17:10:54,Dispatch
16172,403299,ASSIGNED,2026-03-26 20:16:54,Dispatch
16173,403299,ENROUTE,2026-03-26 21:54:54,CRM
16174,403299,ARRIVED,2026-03-27 00:19:54,CRM
16175,403299,COMPLETED,2026-03-27 10:01:54,Mobile
16176,403300,CREATED,2026-03-26 20:23:05,CRM
16177,403300,ASSIGNED,2026-03-26 23:23:05,CRM
16178,403300,ENROUTE,2026-03-27 05:54:05,Mobile
16179,403300,ARRIVED,2026-03-27 06:07:05,Dispatch
16180,403300,COMPLETED,2026-03-27 15:43:05,Dispatch
16181,403301,CREATED,2026-03-26 20:57:29,Mobile
16182,403301,ASSIGNED,2026-03-26 21:46:29,Mobile
16183,403301,ENROUTE,2026-03-27 03:30:29,Dispatch
16184,403301,ARRIVED,2026-03-27 05:42:29,Dispatch
16185,403301,COMPLETED,2026-03-27 08:04:29,Dispatch
16186,403302,CREATED,2026-03-26 21:10:50,Mobile
16187,403302,ASSIGNED,2026-03-26 23:21:50,CRM
16188,403302,ENROUTE,2026-03-27 02:32:50,Dispatch
16189,403302,ARRIVED,2026-03-27 03:02:50,Mobile
16190,403302,COMPLETED,2026-03-27 06:38:50,Dispatch
16191,403303,CREATED,2026-03-26 22:24:26,Mobile
16192,403303,ASSIGNED,2026-03-27 01:58:26,Mobile
16193,403303,ENROUTE,2026-03-27 08:40:26,Dispatch
16194,403303,ARRIVED,2026-03-27 10:38:26,Mobile
16195,403303,COMPLETED,2026-03-27 19:14:26,Mobile
16196,403304,CREATED,2026-03-27 05:30:07,Mobile
16197,403304,ASSIGNED,2026-03-27 07:48:07,Dispatch
16198,403304,ENROUTE,2026-03-27 08:52:07,Mobile
16199,403304,ARRIVED,2026-03-27 09:10:07,Dispatch
16200,403304,COMPLETED,2026-03-27 11:22:07,Dispatch
16201,403305,CREATED,2026-03-27 07:13:48,Dispatch
16202,403305,ASSIGNED,2026-03-27 09:39:48,Mobile
16203,403305,ENROUTE,2026-03-27 11:20:48,Mobile
16204,403305,ARRIVED,2026-03-27 12:58:48,Mobile
16205,403305,CANCELLED,2026-03-27 10:39:48,Mobile
16206,403306,CREATED,2026-03-27 23:16:38,Mobile
16207,403306,ASSIGNED,2026-03-28 02:09:38,Mobile
16208,403306,ENROUTE,2026-03-28 04:07:38,Mobile
16209,403306,ARRIVED,2026-03-28 06:48:38,Dispatch
16210,403306,COMPLETED,2026-03-28 08:15:38,Mobile
16211,403307,CREATED,2026-03-27 23:46:32,Dispatch
16212,403307,ASSIGNED,2026-03-28 00:22:32,Dispatch
16213,403307,ENROUTE,2026-03-28 06:37:32,CRM
16214,403307,ARRIVED,2026-03-28 09:02:32,Dispatch
16215,403307,COMPLETED,2026-03-28 17:37:32,Dispatch
16216,403308,CREATED,2026-03-28 02:33:32,Dispatch
16217,403308,ASSIGNED,2026-03-28 05:01:32,Mobile
16218,403308,ENROUTE,2026-03-28 08:04:32,Dispatch
16219,403308,ARRIVED,2026-03-28 10:18:32,Dispatch
16220,403308,COMPLETED,2026-03-28 15:19:32,Mobile
16221,403309,CREATED,2026-03-28 08:17:30,Dispatch
16222,403309,ASSIGNED,2026-03-28 09:04:30,Mobile
16223,403309,ENROUTE,2026-03-28 12:25:30,Dispatch
16224,403309,ARRIVED,2026-03-28 14:59:30,Dispatch
16225,403309,COMPLETED,2026-03-28 18:47:30,Mobile
16226,403310,CREATED,2026-03-28 11:00:31,Dispatch
16227,403310,ASSIGNED,2026-03-28 11:48:31,Dispatch
16228,403310,ENROUTE,2026-03-28 16:36:31,Mobile
16229,403310,ARRIVED,2026-03-28 18:40:31,Dispatch
16230,403310,COMPLETED,2026-03-29 03:14:31,CRM
16231,403311,CREATED,2026-03-28 13:14:19,Dispatch
16232,403311,ASSIGNED,2026-03-28 13:25:19,Mobile
16233,403311,ENROUTE,2026-03-28 19:58:19,Dispatch
16234,403311,ARRIVED,2026-03-28 22:47:19,Mobile
16235,403311,COMPLETED,2026-03-29 08:00:19,Mobile
16236,403312,CREATED,2026-03-28 16:49:21,Dispatch
16237,403312,ASSIGNED,2026-03-28 20:38:21,Dispatch
16238,403312,ENROUTE,2026-03-29 00:51:21,CRM
16239,403312,ARRIVED,2026-03-29 02:15:21,CRM
16240,403313,CREATED,2026-03-28 18:20:50,Dispatch
16241,403313,ASSIGNED,2026-03-28 19:19:50,Mobile
16242,403313,ENROUTE,2026-03-28 21:52:50,CRM
16243,403313,ARRIVED,2026-03-28 22:52:50,Dispatch
16244,403313,COMPLETED,2026-03-29 00:45:50,Mobile
16245,403314,CREATED,2026-03-28 19:06:20,Dispatch
16246,403314,ASSIGNED,2026-03-28 22:21:20,Mobile
16247,403314,ENROUTE,2026-03-29 04:58:20,Dispatch
16248,403314,ARRIVED,2026-03-29 06:39:20,Dispatch
16249,403314,COMPLETED,2026-03-29 16:15:20,Dispatch
16250,403315,CREATED,2026-03-28 19:40:58,CRM
16251,403315,ASSIGNED,2026-03-28 21:47:58,Dispatch
16252,403315,ENROUTE,2026-03-29 05:12:58,Dispatch
16253,403315,ARRIVED,2026-03-29 08:11:58,Mobile
16254,403315,COMPLETED,2026-03-29 12:32:58,Dispatch
16255,403316,CREATED,2026-03-28 20:22:55,CRM
16256,403316,ASSIGNED,2026-03-28 23:28:55,Mobile
16257,403316,ENROUTE,2026-03-29 03:08:55,Dispatch
16258,403316,ARRIVED,2026-03-29 03:25:55,Dispatch
16259,403316,COMPLETED,2026-03-29 13:14:55,Mobile
16260,403317,CREATED,2026-03-28 22:42:10,Dispatch
16261,403317,ASSIGNED,2026-03-29 01:21:10,Dispatch
16262,403317,ENROUTE,2026-03-29 03:58:10,Mobile
16263,403317,ARRIVED,2026-03-29 05:38:10,Dispatch
16264,403317,COMPLETED,2026-03-29 10:22:10,Mobile
16265,403318,CREATED,2026-03-28 22:46:27,Mobile
16266,403318,ASSIGNED,2026-03-29 01:40:27,Dispatch
16267,403318,ENROUTE,2026-03-29 02:18:27,Dispatch
16268,403318,ARRIVED,2026-03-29 04:19:27,Mobile
16269,403318,COMPLETED,2026-03-29 12:30:27,Dispatch
16270,403319,CREATED,2026-03-29 00:34:36,Dispatch
16271,403319,ASSIGNED,2026-03-29 03:56:36,Dispatch
16272,403319,ENROUTE,2026-03-29 07:37:36,Dispatch
16273,403319,ARRIVED,2026-03-29 08:19:36,Mobile
16274,403319,COMPLETED,2026-03-29 17:09:36,Mobile
16275,403320,CREATED,2026-03-29 01:25:30,Dispatch
16276,403320,ASSIGNED,2026-03-29 02:22:30,Mobile
16277,403320,ENROUTE,2026-03-29 05:53:30,Dispatch
16278,403320,ARRIVED,2026-03-29 08:38:30,Mobile
16279,403320,COMPLETED,2026-03-29 11:37:30,Mobile
16280,403321,CREATED,2026-03-29 03:16:14,Mobile
16281,403321,ASSIGNED,2026-03-29 05:09:14,Mobile
16282,403321,ENROUTE,2026-03-29 08:11:14,Mobile
16283,403321,ARRIVED,2026-03-29 09:09:14,Dispatch
16284,403321,COMPLETED,2026-03-29 11:49:14,Mobile
16285,403322,CREATED,2026-03-29 22:45:01,Mobile
16286,403322,ASSIGNED,2026-03-30 02:34:01,Dispatch
16287,403322,ENROUTE,2026-03-30 08:12:01,Dispatch
16288,403322,ARRIVED,2026-03-30 09:06:01,Dispatch
16289,403323,CREATED,2026-03-30 00:41:23,Dispatch
16290,403323,ASSIGNED,2026-03-30 04:03:23,Dispatch
16291,403323,ENROUTE,2026-03-30 08:04:23,Dispatch
16292,403323,ARRIVED,2026-03-30 10:37:23,Dispatch
16293,403323,CANCELLED,2026-03-30 05:03:23,Dispatch
16294,403324,CREATED,2026-03-30 02:22:15,Dispatch
16295,403324,ASSIGNED,2026-03-30 05:44:15,Dispatch
16296,403324,ENROUTE,2026-03-30 07:21:15,CRM
16297,403324,ARRIVED,2026-03-30 08:12:15,Dispatch
16298,403324,COMPLETED,2026-03-30 08:59:15,Dispatch
16299,403325,CREATED,2026-03-30 05:22:17,Mobile
16300,403325,ASSIGNED,2026-03-30 07:55:17,Mobile
16301,403325,ENROUTE,2026-03-30 08:57:17,Mobile
16302,403325,ARRIVED,2026-03-30 09:08:17,Dispatch
16303,403325,COMPLETED,2026-03-30 18:25:17,Dispatch
16304,403326,CREATED,2026-03-30 12:09:55,Dispatch
16305,403326,ASSIGNED,2026-03-30 13:51:55,Mobile
16306,403326,ENROUTE,2026-03-30 20:40:55,CRM
16307,403326,ARRIVED,2026-03-30 21:29:55,Dispatch
16308,403326,CANCELLED,2026-03-30 14:51:55,Dispatch
16309,403327,CREATED,2026-03-30 15:33:20,Mobile
16310,403327,ASSIGNED,2026-03-30 15:56:20,Dispatch
16311,403327,ENROUTE,2026-03-30 20:07:20,Dispatch
16312,403327,ARRIVED,2026-03-30 20:42:20,Dispatch
16313,403327,COMPLETED,2026-03-31 00:42:20,Mobile
16314,403328,CREATED,2026-03-31 01:58:54,Mobile
16315,403328,ASSIGNED,2026-03-31 04:21:54,Dispatch
16316,403328,ENROUTE,2026-03-31 08:07:54,Mobile
16317,403328,ARRIVED,2026-03-31 09:31:54,Mobile
16318,403328,COMPLETED,2026-03-31 14:31:54,Mobile
16319,403329,CREATED,2026-03-31 08:57:01,Mobile
16320,403329,ASSIGNED,2026-03-31 12:54:01,Mobile
16321,403329,ENROUTE,2026-03-31 18:05:01,Mobile
16322,403329,ARRIVED,2026-03-31 20:35:01,Mobile
16323,403329,COMPLETED,2026-03-31 23:17:01,Mobile
16324,403330,CREATED,2026-03-31 10:09:31,Mobile
16325,403330,ASSIGNED,2026-03-31 11:33:31,Mobile
16326,403330,ENROUTE,2026-03-31 19:01:31,Mobile
16327,403330,ARRIVED,2026-03-31 19:41:31,Mobile
16328,403330,COMPLETED,2026-03-31 20:47:31,CRM
16329,403331,CREATED,2026-03-31 23:55:50,Dispatch
16330,403331,ASSIGNED,2026-04-01 00:06:50,Mobile
16331,403331,ENROUTE,2026-04-01 03:56:50,CRM
16332,403331,ARRIVED,2026-04-01 06:19:50,Dispatch
16333,403331,COMPLETED,2026-04-01 15:46:50,Dispatch
16334,403332,CREATED,2026-04-01 04:05:00,Dispatch
16335,403332,ASSIGNED,2026-04-01 07:28:00,Mobile
16336,403332,ENROUTE,2026-04-01 14:47:00,Mobile
16337,403332,ARRIVED,2026-04-01 17:26:00,Dispatch
16338,403333,CREATED,2026-04-01 05:31:16,Dispatch
16339,403333,ASSIGNED,2026-04-01 09:07:16,Dispatch
16340,403333,ENROUTE,2026-04-01 16:02:16,Dispatch
16341,403333,ARRIVED,2026-04-01 18:24:16,Mobile
16342,403333,COMPLETED,2026-04-01 22:22:16,Mobile
16343,403334,CREATED,2026-04-01 05:42:36,Mobile
16344,403334,ASSIGNED,2026-04-01 09:38:36,CRM
16345,403334,ENROUTE,2026-04-01 17:28:36,Dispatch
16346,403334,ARRIVED,2026-04-01 20:23:36,Mobile
16347,403335,CREATED,2026-04-01 05:52:36,Dispatch
16348,403335,ASSIGNED,2026-04-01 09:48:36,Dispatch
16349,403335,ENROUTE,2026-04-01 16:32:36,Dispatch
16350,403335,ARRIVED,2026-04-01 18:34:36,Dispatch
16351,403335,COMPLETED,2026-04-01 23:18:36,Mobile
16352,403336,CREATED,2026-04-01 07:24:43,Dispatch
16353,403336,ASSIGNED,2026-04-01 09:06:43,Mobile
16354,403336,ENROUTE,2026-04-01 13:41:43,Mobile
16355,403336,ARRIVED,2026-04-01 15:10:43,Mobile
16356,403337,CREATED,2026-04-01 08:26:35,Mobile
16357,403337,ASSIGNED,2026-04-01 10:34:35,CRM
16358,403337,ENROUTE,2026-04-01 15:33:35,Mobile
16359,403337,ARRIVED,2026-04-01 17:54:35,Dispatch
16360,403338,CREATED,2026-04-01 11:19:30,Dispatch
16361,403338,ASSIGNED,2026-04-01 13:38:30,Mobile
16362,403338,ENROUTE,2026-04-01 17:45:30,Mobile
16363,403338,ARRIVED,2026-04-01 20:37:30,Mobile
16364,403338,COMPLETED,2026-04-01 21:27:30,Mobile
16365,403339,CREATED,2026-04-01 13:33:50,Mobile
16366,403339,ASSIGNED,2026-04-01 15:26:50,CRM
16367,403339,ENROUTE,2026-04-01 20:55:50,Mobile
16368,403339,ARRIVED,2026-04-01 22:30:50,Dispatch
16369,403339,COMPLETED,2026-04-02 04:58:50,CRM
16370,403340,CREATED,2026-04-01 17:57:11,Dispatch
16371,403340,ASSIGNED,2026-04-01 20:33:11,Mobile
16372,403340,ENROUTE,2026-04-02 00:42:11,Dispatch
16373,403340,ARRIVED,2026-04-02 02:48:11,Dispatch
16374,403340,COMPLETED,2026-04-02 05:00:11,Mobile
16375,403341,CREATED,2026-04-01 22:29:19,Dispatch
16376,403341,ASSIGNED,2026-04-01 23:27:19,Mobile
16377,403341,ENROUTE,2026-04-02 00:12:19,Dispatch
16378,403341,ARRIVED,2026-04-02 00:48:19,Dispatch
16379,403341,COMPLETED,2026-04-02 02:45:19,Mobile
16380,403342,CREATED,2026-04-01 22:59:38,Dispatch
16381,403342,ASSIGNED,2026-04-01 23:13:38,Dispatch
16382,403342,ENROUTE,2026-04-02 05:11:38,CRM
16383,403342,ARRIVED,2026-04-02 07:38:38,Dispatch
16384,403342,COMPLETED,2026-04-02 13:30:38,Mobile
16385,403343,CREATED,2026-04-02 05:31:57,Mobile
16386,403343,ASSIGNED,2026-04-02 06:46:57,Dispatch
16387,403343,ENROUTE,2026-04-02 11:14:57,Dispatch
16388,403343,ARRIVED,2026-04-02 13:15:57,Mobile
16389,403343,COMPLETED,2026-04-02 14:25:57,Mobile
16390,403344,CREATED,2026-04-02 12:15:05,Mobile
16391,403344,ASSIGNED,2026-04-02 12:20:05,Dispatch
16392,403344,ENROUTE,2026-04-02 18:06:05,Mobile
16393,403344,ARRIVED,2026-04-02 19:25:05,CRM
16394,403345,CREATED,2026-04-02 12:21:34,Dispatch
16395,403345,ASSIGNED,2026-04-02 15:31:34,Dispatch
16396,403345,ENROUTE,2026-04-02 17:03:34,Dispatch
16397,403345,ARRIVED,2026-04-02 18:32:34,Mobile
16398,403345,COMPLETED,2026-04-03 04:17:34,Mobile
16399,403346,CREATED,2026-04-02 14:06:51,Dispatch
16400,403346,ASSIGNED,2026-04-02 17:09:51,Mobile
16401,403346,ENROUTE,2026-04-02 22:37:51,Dispatch
16402,403346,ARRIVED,2026-04-02 23:45:51,Mobile
16403,403346,COMPLETED,2026-04-03 09:22:51,Dispatch
16404,403347,CREATED,2026-04-02 16:17:19,Dispatch
16405,403347,ASSIGNED,2026-04-02 18:20:19,Mobile
16406,403347,ENROUTE,2026-04-02 19:40:19,Mobile
16407,403347,ARRIVED,2026-04-02 20:50:19,Dispatch
16408,403347,COMPLETED,2026-04-03 02:54:19,Mobile
16409,403348,CREATED,2026-04-02 21:01:42,CRM
16410,403348,ASSIGNED,2026-04-02 22:20:42,Dispatch
16411,403348,ENROUTE,2026-04-03 03:27:42,Mobile
16412,403348,ARRIVED,2026-04-03 03:58:42,Mobile
16413,403348,COMPLETED,2026-04-03 09:12:42,Mobile
16414,403349,CREATED,2026-04-03 03:58:11,Dispatch
16415,403349,ASSIGNED,2026-04-03 07:33:11,Dispatch
16416,403349,ENROUTE,2026-04-03 14:42:11,Mobile
16417,403349,ARRIVED,2026-04-03 16:04:11,Dispatch
16418,403349,CANCELLED,2026-04-03 08:33:11,Dispatch
16419,403350,CREATED,2026-04-03 05:47:16,Mobile
16420,403350,ASSIGNED,2026-04-03 06:42:16,Mobile
16421,403350,ENROUTE,2026-04-03 12:31:16,Mobile
16422,403350,ARRIVED,2026-04-03 14:05:16,Mobile
16423,403350,COMPLETED,2026-04-03 20:35:16,Dispatch
16424,403351,CREATED,2026-04-03 09:01:19,Dispatch
16425,403351,ASSIGNED,2026-04-03 11:57:19,Dispatch
16426,403351,ENROUTE,2026-04-03 12:36:19,Mobile
16427,403351,ARRIVED,2026-04-03 14:42:19,Mobile
16428,403351,COMPLETED,2026-04-03 22:16:19,Dispatch
16429,403352,CREATED,2026-04-03 09:43:31,Dispatch
16430,403352,ASSIGNED,2026-04-03 12:00:31,Mobile
16431,403352,ENROUTE,2026-04-03 17:35:31,Dispatch
16432,403352,ARRIVED,2026-04-03 20:30:31,CRM
16433,403352,COMPLETED,2026-04-04 05:42:31,Dispatch
16434,403353,CREATED,2026-04-03 19:27:24,Mobile
16435,403353,ASSIGNED,2026-04-03 20:30:24,CRM
16436,403353,ENROUTE,2026-04-04 02:22:24,Dispatch
16437,403353,ARRIVED,2026-04-04 05:14:24,Mobile
16438,403353,CANCELLED,2026-04-03 21:30:24,Dispatch
16439,403354,CREATED,2026-04-03 19:49:10,Dispatch
16440,403354,ASSIGNED,2026-04-03 22:03:10,Mobile
16441,403354,ENROUTE,2026-04-04 01:15:10,Dispatch
16442,403354,ARRIVED,2026-04-04 04:00:10,Dispatch
16443,403354,COMPLETED,2026-04-04 05:31:10,CRM
16444,403355,CREATED,2026-04-03 23:46:50,Mobile
16445,403355,ASSIGNED,2026-04-04 03:27:50,Dispatch
16446,403355,ENROUTE,2026-04-04 09:10:50,CRM
16447,403355,ARRIVED,2026-04-04 09:23:50,Mobile
16448,403355,COMPLETED,2026-04-04 11:02:50,Dispatch
16449,403356,CREATED,2026-04-04 02:05:51,Dispatch
16450,403356,ASSIGNED,2026-04-04 05:07:51,Dispatch
16451,403356,ENROUTE,2026-04-04 05:22:51,Dispatch
16452,403356,ARRIVED,2026-04-04 08:02:51,Dispatch
16453,403356,COMPLETED,2026-04-04 14:50:51,Dispatch
16454,403357,CREATED,2026-04-04 02:54:02,Dispatch
16455,403357,ASSIGNED,2026-04-04 06:32:02,Dispatch
16456,403357,ENROUTE,2026-04-04 09:06:02,Mobile
16457,403357,ARRIVED,2026-04-04 10:25:02,Mobile
16458,403357,COMPLETED,2026-04-04 14:37:02,Dispatch
16459,403357,REOPENED,2026-04-05 14:37:02,Dispatch
16460,403357,ASSIGNED,2026-04-05 15:37:02,Mobile
16461,403357,COMPLETED,2026-04-06 16:37:02,Mobile
16462,403358,CREATED,2026-04-04 06:10:51,Dispatch
16463,403358,ASSIGNED,2026-04-04 06:54:51,Mobile
16464,403358,ENROUTE,2026-04-04 14:53:51,Mobile
16465,403358,ARRIVED,2026-04-04 17:27:51,Mobile
16466,403358,COMPLETED,2026-04-04 23:33:51,Mobile
16467,403359,CREATED,2026-04-04 07:22:50,Mobile
16468,403359,ASSIGNED,2026-04-04 08:15:50,Dispatch
16469,403359,ENROUTE,2026-04-04 09:31:50,Dispatch
16470,403359,ARRIVED,2026-04-04 12:12:50,Dispatch
16471,403359,COMPLETED,2026-04-04 18:57:50,Dispatch
16472,403360,CREATED,2026-04-04 15:36:06,Dispatch
16473,403360,ASSIGNED,2026-04-04 18:43:06,Mobile
16474,403360,ENROUTE,2026-04-04 20:11:06,Dispatch
16475,403360,ARRIVED,2026-04-04 21:17:06,Dispatch
16476,403360,COMPLETED,2026-04-04 22:23:06,Dispatch
16477,403361,CREATED,2026-04-04 16:12:28,Mobile
16478,403361,ASSIGNED,2026-04-04 20:09:28,Mobile
16479,403361,ENROUTE,2026-04-04 23:47:28,Mobile
16480,403361,ARRIVED,2026-04-05 01:14:28,Dispatch
16481,403361,CANCELLED,2026-04-04 21:09:28,Mobile
16482,403362,CREATED,2026-04-04 16:43:10,Dispatch
16483,403362,ASSIGNED,2026-04-04 19:36:10,Dispatch
16484,403362,ENROUTE,2026-04-05 00:14:10,Mobile
16485,403362,ARRIVED,2026-04-05 02:55:10,Dispatch
16486,403362,CANCELLED,2026-04-04 20:36:10,Mobile
16487,403363,CREATED,2026-04-04 17:17:34,Mobile
16488,403363,ASSIGNED,2026-04-04 17:22:34,Dispatch
16489,403363,ENROUTE,2026-04-04 21:22:34,Dispatch
16490,403363,ARRIVED,2026-04-04 21:59:34,Dispatch
16491,403364,CREATED,2026-04-05 04:21:28,Mobile
16492,403364,ASSIGNED,2026-04-05 07:44:28,Dispatch
16493,403364,ENROUTE,2026-04-05 10:17:28,Mobile
16494,403364,ARRIVED,2026-04-05 12:20:28,Dispatch
16495,403364,COMPLETED,2026-04-05 20:02:28,Dispatch
16496,403365,CREATED,2026-04-05 17:56:37,Dispatch
16497,403365,ASSIGNED,2026-04-05 20:23:37,Mobile
16498,403365,ENROUTE,2026-04-06 03:32:37,Dispatch
16499,403365,ARRIVED,2026-04-06 04:20:37,Mobile
16500,403365,COMPLETED,2026-04-06 13:02:37,Dispatch
16501,403366,CREATED,2026-04-05 20:31:58,Mobile
16502,403366,ASSIGNED,2026-04-05 22:49:58,Dispatch
16503,403366,ENROUTE,2026-04-06 04:36:58,Mobile
16504,403366,ARRIVED,2026-04-06 04:58:58,Mobile
16505,403366,COMPLETED,2026-04-06 07:21:58,Mobile
16506,403367,CREATED,2026-04-05 21:49:02,Mobile
16507,403367,ASSIGNED,2026-04-05 23:29:02,Dispatch
16508,403367,ENROUTE,2026-04-06 05:23:02,Mobile
16509,403367,ARRIVED,2026-04-06 07:07:02,Dispatch
16510,403367,COMPLETED,2026-04-06 13:41:02,Dispatch
16511,403368,CREATED,2026-04-06 00:11:45,Dispatch
16512,403368,ASSIGNED,2026-04-06 02:22:45,Dispatch
16513,403368,ENROUTE,2026-04-06 03:01:45,Mobile
16514,403368,ARRIVED,2026-04-06 04:34:45,Mobile
16515,403369,CREATED,2026-04-06 10:46:46,Mobile
16516,403369,ASSIGNED,2026-04-06 12:41:46,Dispatch
16517,403369,ENROUTE,2026-04-06 19:50:46,Dispatch
16518,403369,ARRIVED,2026-04-06 20:57:46,Dispatch
16519,403369,COMPLETED,2026-04-07 03:17:46,Mobile
16520,403370,CREATED,2026-04-06 11:18:51,Dispatch
16521,403370,ASSIGNED,2026-04-06 14:35:51,Mobile
16522,403370,ENROUTE,2026-04-06 19:48:51,Dispatch
16523,403370,ARRIVED,2026-04-06 20:10:51,Dispatch
16524,403370,COMPLETED,2026-04-07 00:09:51,Mobile
16525,403371,CREATED,2026-04-06 12:34:40,Dispatch
16526,403371,ASSIGNED,2026-04-06 13:49:40,Mobile
16527,403371,ENROUTE,2026-04-06 20:58:40,Dispatch
16528,403371,ARRIVED,2026-04-06 21:40:40,CRM
16529,403371,COMPLETED,2026-04-06 22:29:40,Mobile
16530,403372,CREATED,2026-04-06 12:48:53,Dispatch
16531,403372,ASSIGNED,2026-04-06 16:17:53,Dispatch
16532,403372,ENROUTE,2026-04-06 17:28:53,Mobile
16533,403372,ARRIVED,2026-04-06 19:33:53,Dispatch
16534,403372,COMPLETED,2026-04-07 04:53:53,Dispatch
16535,403373,CREATED,2026-04-06 14:48:16,Mobile
16536,403373,ASSIGNED,2026-04-06 16:54:16,Dispatch
16537,403373,ENROUTE,2026-04-07 00:05:16,Mobile
16538,403373,ARRIVED,2026-04-07 03:04:16,Mobile
16539,403374,CREATED,2026-04-06 17:29:16,Mobile
16540,403374,ASSIGNED,2026-04-06 20:52:16,Dispatch
16541,403374,ENROUTE,2026-04-06 22:00:16,Dispatch
16542,403374,ARRIVED,2026-04-07 00:19:16,Dispatch
16543,403374,COMPLETED,2026-04-07 03:28:16,Dispatch
16544,403375,CREATED,2026-04-06 23:14:32,CRM
16545,403375,ASSIGNED,2026-04-07 02:14:32,Dispatch
16546,403375,ENROUTE,2026-04-07 08:22:32,Dispatch
16547,403375,ARRIVED,2026-04-07 09:43:32,CRM
16548,403376,CREATED,2026-04-07 02:12:53,Mobile
16549,403376,ASSIGNED,2026-04-07 05:34:53,Mobile
16550,403376,ENROUTE,2026-04-07 11:50:53,Dispatch
16551,403376,ARRIVED,2026-04-07 14:27:53,Mobile
16552,403376,COMPLETED,2026-04-07 23:22:53,Mobile
16553,403377,CREATED,2026-04-07 03:03:34,Dispatch
16554,403377,ASSIGNED,2026-04-07 04:34:34,Mobile
16555,403377,ENROUTE,2026-04-07 07:05:34,CRM
16556,403377,ARRIVED,2026-04-07 07:21:34,Dispatch
16557,403377,COMPLETED,2026-04-07 14:01:34,Mobile
16558,403378,CREATED,2026-04-07 03:15:54,Dispatch
16559,403378,ASSIGNED,2026-04-07 06:49:54,Dispatch
16560,403378,ENROUTE,2026-04-07 07:20:54,Dispatch
16561,403378,ARRIVED,2026-04-07 08:38:54,Mobile
16562,403378,COMPLETED,2026-04-07 11:46:54,Mobile
16563,403379,CREATED,2026-04-07 05:09:54,Dispatch
16564,403379,ASSIGNED,2026-04-07 08:59:54,Dispatch
16565,403379,ENROUTE,2026-04-07 10:26:54,Dispatch
16566,403379,ARRIVED,2026-04-07 12:24:54,Mobile
16567,403379,CANCELLED,2026-04-07 09:59:54,Dispatch
16568,403380,CREATED,2026-04-07 07:14:52,Dispatch
16569,403380,ASSIGNED,2026-04-07 10:56:52,Mobile
16570,403380,ENROUTE,2026-04-07 14:04:52,Mobile
16571,403380,ARRIVED,2026-04-07 15:55:52,Mobile
16572,403380,COMPLETED,2026-04-07 22:51:52,Dispatch
16573,403381,CREATED,2026-04-07 07:33:28,Dispatch
16574,403381,ASSIGNED,2026-04-07 10:30:28,Dispatch
16575,403381,ENROUTE,2026-04-07 17:33:28,Mobile
16576,403381,ARRIVED,2026-04-07 19:51:28,Mobile
16577,403381,COMPLETED,2026-04-07 23:04:28,CRM
16578,403382,CREATED,2026-04-07 11:43:49,Dispatch
16579,403382,ASSIGNED,2026-04-07 14:10:49,Mobile
16580,403382,ENROUTE,2026-04-07 17:51:49,Mobile
16581,403382,ARRIVED,2026-04-07 20:28:49,CRM
16582,403382,COMPLETED,2026-04-08 04:29:49,Dispatch
16583,403383,CREATED,2026-04-07 12:08:42,Mobile
16584,403383,ASSIGNED,2026-04-07 12:26:42,Dispatch
16585,403383,ENROUTE,2026-04-07 19:48:42,Mobile
16586,403383,ARRIVED,2026-04-07 21:37:42,Dispatch
16587,403383,COMPLETED,2026-04-07 23:26:42,CRM
16588,403383,REOPENED,2026-04-08 23:26:42,Dispatch
16589,403383,ASSIGNED,2026-04-09 00:26:42,Mobile
16590,403383,COMPLETED,2026-04-10 01:26:42,Dispatch
16591,403384,CREATED,2026-04-07 14:22:38,Dispatch
16592,403384,ASSIGNED,2026-04-07 17:34:38,Mobile
16593,403384,ENROUTE,2026-04-07 20:52:38,Dispatch
16594,403384,ARRIVED,2026-04-07 20:32:38,Mobile
16595,403384,COMPLETED,2026-04-08 03:53:38,Dispatch
16596,403385,CREATED,2026-04-07 17:04:01,CRM
16597,403385,ASSIGNED,2026-04-07 19:24:01,Dispatch
16598,403385,ENROUTE,2026-04-07 22:44:01,Mobile
16599,403385,ARRIVED,2026-04-08 01:09:01,Dispatch
16600,403385,COMPLETED,2026-04-08 03:29:01,Dispatch
16601,403386,CREATED,2026-04-07 19:37:29,Dispatch
16602,403386,ASSIGNED,2026-04-07 21:58:29,Mobile
16603,403386,ENROUTE,2026-04-08 01:35:29,Mobile
16604,403386,ARRIVED,2026-04-08 04:06:29,Mobile
16605,403386,COMPLETED,2026-04-08 10:03:29,Mobile
16606,403387,CREATED,2026-04-08 08:50:23,CRM
16607,403387,ASSIGNED,2026-04-08 11:21:23,Dispatch
16608,403387,ENROUTE,2026-04-08 14:06:23,Dispatch
16609,403387,ARRIVED,2026-04-08 16:14:23,Dispatch
16610,403387,COMPLETED,2026-04-08 21:44:23,Dispatch
16611,403388,CREATED,2026-04-08 08:56:36,CRM
16612,403388,ASSIGNED,2026-04-08 10:01:36,Dispatch
16613,403388,ENROUTE,2026-04-08 10:40:36,Dispatch
16614,403388,ARRIVED,2026-04-08 11:42:36,Dispatch
16615,403389,CREATED,2026-04-08 12:16:24,Dispatch
16616,403389,ASSIGNED,2026-04-08 13:04:24,Mobile
16617,403389,ENROUTE,2026-04-08 16:32:24,Mobile
16618,403389,ARRIVED,2026-04-08 18:46:24,Mobile
16619,403389,COMPLETED,2026-04-09 02:17:24,Mobile
16620,403390,CREATED,2026-04-08 13:56:40,Mobile
16621,403390,ASSIGNED,2026-04-08 15:44:40,Dispatch
16622,403390,ENROUTE,2026-04-08 18:08:40,Dispatch
16623,403390,ARRIVED,2026-04-08 19:02:40,Dispatch
16624,403390,COMPLETED,2026-04-08 20:23:40,Dispatch
16625,403391,CREATED,2026-04-08 19:32:27,Dispatch
16626,403391,ASSIGNED,2026-04-08 19:50:27,Mobile
16627,403391,ENROUTE,2026-04-09 01:26:27,Dispatch
16628,403391,ARRIVED,2026-04-09 03:17:27,CRM
16629,403391,COMPLETED,2026-04-09 09:15:27,Dispatch
16630,403392,CREATED,2026-04-08 21:03:30,CRM
16631,403392,ASSIGNED,2026-04-08 22:49:30,Dispatch
16632,403392,ENROUTE,2026-04-09 04:02:30,Dispatch
16633,403392,ARRIVED,2026-04-09 04:15:30,Dispatch
16634,403392,COMPLETED,2026-04-09 10:48:30,Dispatch
16635,403393,CREATED,2026-04-08 22:30:46,Mobile
16636,403393,ASSIGNED,2026-04-09 01:57:46,Dispatch
16637,403393,ENROUTE,2026-04-09 02:21:46,Dispatch
16638,403393,ARRIVED,2026-04-09 03:12:46,Mobile
16639,403393,COMPLETED,2026-04-09 12:11:46,Mobile
16640,403394,CREATED,2026-04-09 01:55:48,Mobile
16641,403394,ASSIGNED,2026-04-09 03:20:48,Mobile
16642,403394,ENROUTE,2026-04-09 11:12:48,Dispatch
16643,403394,ARRIVED,2026-04-09 13:51:48,CRM
16644,403394,COMPLETED,2026-04-09 19:04:48,CRM
16645,403395,CREATED,2026-04-09 03:32:23,CRM
16646,403395,ASSIGNED,2026-04-09 04:47:23,Dispatch
16647,403395,ENROUTE,2026-04-09 05:19:23,Mobile
16648,403395,ARRIVED,2026-04-09 05:42:23,Mobile
16649,403395,COMPLETED,2026-04-09 10:26:23,Mobile
16650,403396,CREATED,2026-04-09 09:21:29,CRM
16651,403396,ASSIGNED,2026-04-09 09:41:29,Dispatch
16652,403396,ENROUTE,2026-04-09 12:58:29,Mobile
16653,403396,ARRIVED,2026-04-09 14:34:29,Mobile
16654,403396,COMPLETED,2026-04-09 22:43:29,Mobile
16655,403397,CREATED,2026-04-09 10:27:24,Mobile
16656,403397,ASSIGNED,2026-04-09 11:05:24,Dispatch
16657,403397,ENROUTE,2026-04-09 16:16:24,Mobile
16658,403397,ARRIVED,2026-04-09 16:56:24,Dispatch
16659,403397,COMPLETED,2026-04-09 17:51:24,CRM
16660,403398,CREATED,2026-04-09 11:38:21,CRM
16661,403398,ASSIGNED,2026-04-09 13:30:21,CRM
16662,403398,ENROUTE,2026-04-09 19:51:21,Dispatch
16663,403398,ARRIVED,2026-04-09 21:11:21,Dispatch
16664,403398,COMPLETED,2026-04-10 02:45:21,Mobile
16665,403399,CREATED,2026-04-09 12:30:33,CRM
16666,403399,ASSIGNED,2026-04-09 13:08:33,Dispatch
16667,403399,ENROUTE,2026-04-09 19:20:33,Mobile
16668,403399,ARRIVED,2026-04-09 20:39:33,Dispatch
16669,403400,CREATED,2026-04-09 15:25:41,Dispatch
16670,403400,ASSIGNED,2026-04-09 18:34:41,Dispatch
16671,403400,ENROUTE,2026-04-09 23:25:41,Mobile
16672,403400,ARRIVED,2026-04-09 23:45:41,Mobile
16673,403400,COMPLETED,2026-04-10 02:20:41,Dispatch
16674,403401,CREATED,2026-04-09 15:40:57,Mobile
16675,403401,ASSIGNED,2026-04-09 17:58:57,Mobile
16676,403401,ENROUTE,2026-04-09 18:27:57,Dispatch
16677,403401,ARRIVED,2026-04-09 20:09:57,Dispatch
16678,403401,COMPLETED,2026-04-10 03:10:57,Dispatch
16679,403402,CREATED,2026-04-09 17:28:00,Mobile
16680,403402,ASSIGNED,2026-04-09 17:41:00,Mobile
16681,403402,ENROUTE,2026-04-09 19:10:00,Dispatch
16682,403402,ARRIVED,2026-04-09 19:35:00,Mobile
16683,403402,COMPLETED,2026-04-10 00:23:00,Mobile
16684,403403,CREATED,2026-04-09 20:05:04,Dispatch
16685,403403,ASSIGNED,2026-04-09 21:12:04,Mobile
16686,403403,ENROUTE,2026-04-09 23:20:04,Mobile
16687,403403,ARRIVED,2026-04-10 01:04:04,Mobile
16688,403403,COMPLETED,2026-04-10 05:07:04,Dispatch
16689,403404,CREATED,2026-04-10 03:29:10,Dispatch
16690,403404,ASSIGNED,2026-04-10 05:40:10,Dispatch
16691,403404,ENROUTE,2026-04-10 12:18:10,Dispatch
16692,403404,ARRIVED,2026-04-10 14:57:10,Dispatch
16693,403404,COMPLETED,2026-04-10 19:40:10,Dispatch
16694,403405,CREATED,2026-04-10 12:40:41,Mobile
16695,403405,ASSIGNED,2026-04-10 16:07:41,Dispatch
16696,403405,ENROUTE,2026-04-10 17:02:41,Dispatch
16697,403405,ARRIVED,2026-04-10 17:42:41,Dispatch
16698,403405,COMPLETED,2026-04-10 22:47:41,Mobile
16699,403406,CREATED,2026-04-10 13:18:52,Dispatch
16700,403406,ASSIGNED,2026-04-10 16:41:52,Mobile
16701,403406,ENROUTE,2026-04-10 23:21:52,Dispatch
16702,403406,ARRIVED,2026-04-10 23:01:52,Dispatch
16703,403406,COMPLETED,2026-04-10 23:45:52,Mobile
16704,403407,CREATED,2026-04-10 15:18:29,Dispatch
16705,403407,ASSIGNED,2026-04-10 19:09:29,Dispatch
16706,403407,ENROUTE,2026-04-11 00:09:29,Dispatch
16707,403407,ARRIVED,2026-04-11 02:12:29,Dispatch
16708,403407,COMPLETED,2026-04-11 04:51:29,Mobile
16709,403408,CREATED,2026-04-10 16:42:48,CRM
16710,403408,ASSIGNED,2026-04-10 18:03:48,Dispatch
16711,403408,ENROUTE,2026-04-10 21:57:48,Dispatch
16712,403408,ARRIVED,2026-04-10 22:47:48,Mobile
16713,403408,COMPLETED,2026-04-11 08:25:48,Dispatch
16714,403409,CREATED,2026-04-10 18:55:58,CRM
16715,403409,ASSIGNED,2026-04-10 20:45:58,Dispatch
16716,403409,ENROUTE,2026-04-11 02:19:58,Dispatch
16717,403409,ARRIVED,2026-04-11 04:09:58,Dispatch
16718,403409,COMPLETED,2026-04-11 07:41:58,Dispatch
16719,403410,CREATED,2026-04-10 19:37:04,Mobile
16720,403410,ASSIGNED,2026-04-10 22:44:04,Dispatch
16721,403410,ENROUTE,2026-04-11 02:01:04,Mobile
16722,403410,ARRIVED,2026-04-11 04:32:04,Mobile
16723,403410,COMPLETED,2026-04-11 07:44:04,CRM
16724,403411,CREATED,2026-04-10 19:40:39,Dispatch
16725,403411,ASSIGNED,2026-04-10 22:19:39,Dispatch
16726,403411,ENROUTE,2026-04-11 00:19:39,Dispatch
16727,403411,ARRIVED,2026-04-11 02:17:39,Dispatch
16728,403411,COMPLETED,2026-04-11 07:44:39,Mobile
16729,403412,CREATED,2026-04-10 22:41:27,Dispatch
16730,403412,ASSIGNED,2026-04-11 00:24:27,Dispatch
16731,403412,ENROUTE,2026-04-11 08:14:27,Mobile
16732,403412,ARRIVED,2026-04-11 08:34:27,Mobile
16733,403412,COMPLETED,2026-04-11 12:30:27,Dispatch
16734,403413,CREATED,2026-04-11 06:04:37,Mobile
16735,403413,ASSIGNED,2026-04-11 09:19:37,Mobile
16736,403413,ENROUTE,2026-04-11 17:04:37,Dispatch
16737,403413,ARRIVED,2026-04-11 18:38:37,Mobile
16738,403413,COMPLETED,2026-04-12 02:48:37,Dispatch
16739,403414,CREATED,2026-04-11 06:10:49,Dispatch
16740,403414,ASSIGNED,2026-04-11 07:03:49,Mobile
16741,403414,ENROUTE,2026-04-11 11:29:49,Mobile
16742,403414,ARRIVED,2026-04-11 12:39:49,Dispatch
16743,403414,COMPLETED,2026-04-11 20:25:49,Dispatch
16744,403415,CREATED,2026-04-11 07:26:43,Mobile
16745,403415,ASSIGNED,2026-04-11 10:52:43,Dispatch
16746,403415,ENROUTE,2026-04-11 13:44:43,Dispatch
16747,403415,ARRIVED,2026-04-11 14:05:43,Mobile
16748,403415,COMPLETED,2026-04-11 16:30:43,Mobile
16749,403416,CREATED,2026-04-11 09:07:14,Mobile
16750,403416,ASSIGNED,2026-04-11 10:58:14,Dispatch
16751,403416,ENROUTE,2026-04-11 17:34:14,CRM
16752,403416,ARRIVED,2026-04-11 20:28:14,Mobile
16753,403416,COMPLETED,2026-04-12 01:15:14,Mobile
16754,403417,CREATED,2026-04-11 15:37:30,Dispatch
16755,403417,ASSIGNED,2026-04-11 17:47:30,CRM
16756,403417,ENROUTE,2026-04-12 01:09:30,Mobile
16757,403417,ARRIVED,2026-04-12 03:46:30,Mobile
16758,403417,COMPLETED,2026-04-12 07:31:30,Dispatch
16759,403418,CREATED,2026-04-12 04:15:18,Mobile
16760,403418,ASSIGNED,2026-04-12 04:46:18,Mobile
16761,403418,ENROUTE,2026-04-12 11:33:18,Mobile
16762,403418,ARRIVED,2026-04-12 12:49:18,Dispatch
16763,403418,COMPLETED,2026-04-12 22:26:18,Dispatch
16764,403419,CREATED,2026-04-12 08:10:33,Mobile
16765,403419,ASSIGNED,2026-04-12 10:38:33,Mobile
16766,403419,ENROUTE,2026-04-12 17:46:33,Mobile
16767,403419,ARRIVED,2026-04-12 20:17:33,Mobile
16768,403419,COMPLETED,2026-04-12 21:11:33,Dispatch
16769,403420,CREATED,2026-04-12 08:30:37,Dispatch
16770,403420,ASSIGNED,2026-04-12 11:44:37,Dispatch
16771,403420,ENROUTE,2026-04-12 14:30:37,Dispatch
16772,403420,ARRIVED,2026-04-12 17:02:37,Dispatch
16773,403421,CREATED,2026-04-12 09:11:38,Mobile
16774,403421,ASSIGNED,2026-04-12 12:22:38,Dispatch
16775,403421,ENROUTE,2026-04-12 16:03:38,Dispatch
16776,403421,ARRIVED,2026-04-12 17:22:38,Mobile
16777,403421,COMPLETED,2026-04-12 23:21:38,Dispatch
16778,403422,CREATED,2026-04-12 12:40:33,Dispatch
16779,403422,ASSIGNED,2026-04-12 12:47:33,Dispatch
16780,403422,ENROUTE,2026-04-12 14:28:33,Mobile
16781,403422,ARRIVED,2026-04-12 15:49:33,Mobile
16782,403423,CREATED,2026-04-12 13:39:50,Dispatch
16783,403423,ASSIGNED,2026-04-12 14:35:50,Mobile
16784,403423,ENROUTE,2026-04-12 17:27:50,CRM
16785,403423,ARRIVED,2026-04-12 19:11:50,Dispatch
16786,403423,COMPLETED,2026-04-13 00:08:50,Dispatch
16787,403424,CREATED,2026-04-12 20:42:49,Dispatch
16788,403424,ASSIGNED,2026-04-13 00:17:49,Dispatch
16789,403424,ENROUTE,2026-04-13 04:28:49,CRM
16790,403424,ARRIVED,2026-04-13 06:03:49,Dispatch
16791,403424,COMPLETED,2026-04-13 15:46:49,CRM
16792,403425,CREATED,2026-04-13 00:52:09,Mobile
16793,403425,ASSIGNED,2026-04-13 02:41:09,Dispatch
16794,403425,ENROUTE,2026-04-13 06:40:09,Mobile
16795,403425,ARRIVED,2026-04-13 08:03:09,Dispatch
16796,403425,COMPLETED,2026-04-13 09:38:09,Dispatch
16797,403426,CREATED,2026-04-13 04:06:30,CRM
16798,403426,ASSIGNED,2026-04-13 06:17:30,Dispatch
16799,403426,ENROUTE,2026-04-13 09:03:30,Mobile
16800,403426,ARRIVED,2026-04-13 09:40:30,Dispatch
16801,403426,COMPLETED,2026-04-13 18:29:30,Mobile
16802,403427,CREATED,2026-04-13 06:40:58,Dispatch
16803,403427,ASSIGNED,2026-04-13 07:47:58,Mobile
16804,403427,ENROUTE,2026-04-13 08:36:58,Mobile
16805,403427,ARRIVED,2026-04-13 09:11:58,Dispatch
16806,403428,CREATED,2026-04-13 11:00:24,Mobile
16807,403428,ASSIGNED,2026-04-13 11:09:24,CRM
16808,403428,ENROUTE,2026-04-13 14:17:24,Mobile
16809,403428,ARRIVED,2026-04-13 15:33:24,Dispatch
16810,403428,COMPLETED,2026-04-13 22:21:24,Mobile
16811,403429,CREATED,2026-04-13 14:39:35,Dispatch
16812,403429,ASSIGNED,2026-04-13 15:22:35,Dispatch
16813,403429,ENROUTE,2026-04-13 18:24:35,Mobile
16814,403429,ARRIVED,2026-04-13 19:12:35,Dispatch
16815,403429,COMPLETED,2026-04-14 03:54:35,Mobile
16816,403430,CREATED,2026-04-13 16:06:23,Dispatch
16817,403430,ASSIGNED,2026-04-13 16:35:23,Dispatch
16818,403430,ENROUTE,2026-04-13 22:20:23,Mobile
16819,403430,ARRIVED,2026-04-13 23:17:23,Dispatch
16820,403430,COMPLETED,2026-04-14 03:53:23,Mobile
16821,403431,CREATED,2026-04-13 19:11:46,Mobile
16822,403431,ASSIGNED,2026-04-13 20:46:46,Dispatch
16823,403431,ENROUTE,2026-04-14 00:19:46,Dispatch
16824,403431,ARRIVED,2026-04-14 02:48:46,Mobile
16825,403431,COMPLETED,2026-04-14 12:00:46,Mobile
16826,403432,CREATED,2026-04-13 23:37:02,Dispatch
16827,403432,ASSIGNED,2026-04-14 02:47:02,Mobile
16828,403432,ENROUTE,2026-04-14 05:03:02,Mobile
16829,403432,ARRIVED,2026-04-14 07:48:02,Dispatch
16830,403432,COMPLETED,2026-04-14 17:01:02,Dispatch
16831,403433,CREATED,2026-04-14 00:28:49,Mobile
16832,403433,ASSIGNED,2026-04-14 02:32:49,Dispatch
16833,403433,ENROUTE,2026-04-14 09:09:49,Dispatch
16834,403433,ARRIVED,2026-04-14 10:10:49,Mobile
16835,403433,COMPLETED,2026-04-14 10:49:49,Dispatch
16836,403434,CREATED,2026-04-14 01:36:56,CRM
16837,403434,ASSIGNED,2026-04-14 05:06:56,CRM
16838,403434,ENROUTE,2026-04-14 08:51:56,Dispatch
16839,403434,ARRIVED,2026-04-14 11:11:56,Dispatch
16840,403434,COMPLETED,2026-04-14 12:50:56,Mobile
16841,403435,CREATED,2026-04-14 04:27:11,Dispatch
16842,403435,ASSIGNED,2026-04-14 04:51:11,Dispatch
16843,403435,ENROUTE,2026-04-14 08:36:11,Mobile
16844,403435,ARRIVED,2026-04-14 08:57:11,Mobile
16845,403436,CREATED,2026-04-14 06:28:41,Mobile
16846,403436,ASSIGNED,2026-04-14 07:20:41,Dispatch
16847,403436,ENROUTE,2026-04-14 12:21:41,Dispatch
16848,403436,ARRIVED,2026-04-14 13:18:41,Mobile
16849,403436,CANCELLED,2026-04-14 08:20:41,Mobile
16850,403437,CREATED,2026-04-14 07:13:52,Dispatch
16851,403437,ASSIGNED,2026-04-14 10:32:52,Dispatch
16852,403437,ENROUTE,2026-04-14 11:36:52,Mobile
16853,403437,ARRIVED,2026-04-14 11:59:52,Mobile
16854,403438,CREATED,2026-04-14 13:10:29,Dispatch
16855,403438,ASSIGNED,2026-04-14 14:25:29,Dispatch
16856,403438,ENROUTE,2026-04-14 17:20:29,Dispatch
16857,403438,ARRIVED,2026-04-14 20:14:29,Dispatch
16858,403438,COMPLETED,2026-04-15 01:38:29,Dispatch
16859,403439,CREATED,2026-04-14 19:14:48,Mobile
16860,403439,ASSIGNED,2026-04-14 19:46:48,Dispatch
16861,403439,ENROUTE,2026-04-14 22:37:48,Dispatch
16862,403439,ARRIVED,2026-04-15 01:34:48,Mobile
16863,403439,COMPLETED,2026-04-15 05:04:48,Dispatch
16864,403440,CREATED,2026-04-14 21:15:41,Dispatch
16865,403440,ASSIGNED,2026-04-15 01:00:41,CRM
16866,403440,ENROUTE,2026-04-15 08:11:41,Dispatch
16867,403440,ARRIVED,2026-04-15 09:10:41,Mobile
16868,403440,COMPLETED,2026-04-15 13:32:41,Mobile
16869,403441,CREATED,2026-04-14 22:16:32,Mobile
16870,403441,ASSIGNED,2026-04-15 00:52:32,Dispatch
16871,403441,ENROUTE,2026-04-15 01:09:32,CRM
16872,403441,ARRIVED,2026-04-15 03:33:32,Dispatch
16873,403441,COMPLETED,2026-04-15 06:17:32,Mobile
16874,403442,CREATED,2026-04-14 23:24:19,Dispatch
16875,403442,ASSIGNED,2026-04-15 00:52:19,Dispatch
16876,403442,ENROUTE,2026-04-15 04:03:19,Dispatch
16877,403442,ARRIVED,2026-04-15 05:25:19,Dispatch
16878,403442,CANCELLED,2026-04-15 01:52:19,Dispatch
16879,403443,CREATED,2026-04-15 04:49:42,Mobile
16880,403443,ASSIGNED,2026-04-15 04:56:42,Dispatch
16881,403443,ENROUTE,2026-04-15 09:43:42,CRM
16882,403443,ARRIVED,2026-04-15 12:22:42,Mobile
16883,403443,COMPLETED,2026-04-15 20:43:42,Dispatch
16884,403444,CREATED,2026-04-15 09:31:30,Dispatch
16885,403444,ASSIGNED,2026-04-15 10:23:30,Mobile
16886,403444,ENROUTE,2026-04-15 16:55:30,Mobile
16887,403444,ARRIVED,2026-04-15 19:26:30,Dispatch
16888,403444,COMPLETED,2026-04-15 21:03:30,Dispatch
16889,403445,CREATED,2026-04-15 10:45:40,CRM
16890,403445,ASSIGNED,2026-04-15 14:09:40,Dispatch
16891,403445,ENROUTE,2026-04-15 15:58:40,Mobile
16892,403445,ARRIVED,2026-04-15 17:51:40,Mobile
16893,403445,COMPLETED,2026-04-16 03:28:40,Dispatch
16894,403446,CREATED,2026-04-15 11:46:13,CRM
16895,403446,ASSIGNED,2026-04-15 14:00:13,Mobile
16896,403446,ENROUTE,2026-04-15 18:34:13,Dispatch
16897,403446,ARRIVED,2026-04-15 20:14:13,Dispatch
16898,403446,COMPLETED,2026-04-16 01:27:13,Mobile
16899,403447,CREATED,2026-04-15 21:00:45,Mobile
16900,403447,ASSIGNED,2026-04-15 22:32:45,Mobile
16901,403447,ENROUTE,2026-04-16 05:31:45,CRM
16902,403447,ARRIVED,2026-04-16 07:04:45,Dispatch
16903,403447,CANCELLED,2026-04-15 23:32:45,Mobile
16904,403448,CREATED,2026-04-15 22:30:12,Dispatch
16905,403448,ASSIGNED,2026-04-16 01:37:12,CRM
16906,403448,ENROUTE,2026-04-16 07:08:12,Dispatch
16907,403448,ARRIVED,2026-04-16 08:51:12,Mobile
16908,403448,COMPLETED,2026-04-16 10:40:12,Mobile
16909,403449,CREATED,2026-04-16 00:29:24,Mobile
16910,403449,ASSIGNED,2026-04-16 03:05:24,Dispatch
16911,403449,ENROUTE,2026-04-16 05:29:24,Dispatch
16912,403449,ARRIVED,2026-04-16 07:59:24,Mobile
16913,403450,CREATED,2026-04-16 05:16:53,Mobile
16914,403450,ASSIGNED,2026-04-16 05:42:53,Dispatch
16915,403450,ENROUTE,2026-04-16 08:55:53,Mobile
16916,403450,ARRIVED,2026-04-16 11:14:53,Dispatch
16917,403450,COMPLETED,2026-04-16 20:45:53,Mobile
16918,403451,CREATED,2026-04-16 05:51:30,CRM
16919,403451,ASSIGNED,2026-04-16 06:58:30,Mobile
16920,403451,ENROUTE,2026-04-16 12:23:30,Dispatch
16921,403451,ARRIVED,2026-04-16 15:11:30,Mobile
16922,403451,COMPLETED,2026-04-16 22:44:30,Mobile
16923,403452,CREATED,2026-04-16 11:10:21,Dispatch
16924,403452,ASSIGNED,2026-04-16 14:47:21,Mobile
16925,403452,ENROUTE,2026-04-16 20:33:21,Dispatch
16926,403452,ARRIVED,2026-04-16 23:26:21,CRM
16927,403452,COMPLETED,2026-04-17 04:08:21,Mobile
16928,403453,CREATED,2026-04-16 14:10:01,CRM
16929,403453,ASSIGNED,2026-04-16 17:05:01,Dispatch
16930,403453,ENROUTE,2026-04-16 18:07:01,Dispatch
16931,403453,ARRIVED,2026-04-16 19:42:01,Dispatch
16932,403454,CREATED,2026-04-16 18:13:47,Mobile
16933,403454,ASSIGNED,2026-04-16 18:54:47,Mobile
16934,403454,ENROUTE,2026-04-16 21:24:47,Mobile
16935,403454,ARRIVED,2026-04-17 00:05:47,CRM
16936,403455,CREATED,2026-04-16 20:50:13,Mobile
16937,403455,ASSIGNED,2026-04-16 21:09:13,Dispatch
16938,403455,ENROUTE,2026-04-17 02:43:13,Dispatch
16939,403455,ARRIVED,2026-04-17 04:42:13,Mobile
16940,403455,COMPLETED,2026-04-17 09:57:13,CRM
16941,403456,CREATED,2026-04-16 22:50:57,Dispatch
16942,403456,ASSIGNED,2026-04-17 01:52:57,Mobile
16943,403456,ENROUTE,2026-04-17 06:42:57,Mobile
16944,403456,ARRIVED,2026-04-17 07:13:57,Mobile
16945,403456,COMPLETED,2026-04-17 12:15:57,Dispatch
16946,403457,CREATED,2026-04-17 04:24:21,Dispatch
16947,403457,ASSIGNED,2026-04-17 04:38:21,Mobile
16948,403457,ENROUTE,2026-04-17 12:10:21,Mobile
16949,403457,ARRIVED,2026-04-17 12:38:21,Dispatch
16950,403457,COMPLETED,2026-04-17 20:44:21,Mobile
16951,403458,CREATED,2026-04-17 06:04:10,Dispatch
16952,403458,ASSIGNED,2026-04-17 08:32:10,Dispatch
16953,403458,ENROUTE,2026-04-17 13:26:10,CRM
16954,403458,ARRIVED,2026-04-17 16:07:10,CRM
16955,403458,COMPLETED,2026-04-17 19:02:10,Dispatch
16956,403459,CREATED,2026-04-17 06:59:27,Dispatch
16957,403459,ASSIGNED,2026-04-17 08:17:27,Mobile
16958,403459,ENROUTE,2026-04-17 12:57:27,Mobile
16959,403459,ARRIVED,2026-04-17 13:19:27,Dispatch
16960,403459,COMPLETED,2026-04-17 22:04:27,CRM
16961,403460,CREATED,2026-04-17 09:16:23,Dispatch
16962,403460,ASSIGNED,2026-04-17 13:02:23,Mobile
16963,403460,ENROUTE,2026-04-17 19:04:23,Dispatch
16964,403460,ARRIVED,2026-04-17 19:42:23,Mobile
16965,403460,COMPLETED,2026-04-17 20:19:23,Mobile
16966,403461,CREATED,2026-04-17 10:28:45,Mobile
16967,403461,ASSIGNED,2026-04-17 12:43:45,Mobile
16968,403461,ENROUTE,2026-04-17 17:41:45,Dispatch
16969,403461,ARRIVED,2026-04-17 20:40:45,Mobile
16970,403461,COMPLETED,2026-04-18 04:55:45,Mobile
16971,403462,CREATED,2026-04-17 21:56:37,Dispatch
16972,403462,ASSIGNED,2026-04-18 00:25:37,Mobile
16973,403462,ENROUTE,2026-04-18 02:09:37,Dispatch
16974,403462,ARRIVED,2026-04-18 04:14:37,Dispatch
16975,403463,CREATED,2026-04-18 13:29:38,Dispatch
16976,403463,ASSIGNED,2026-04-18 14:26:38,Dispatch
16977,403463,ENROUTE,2026-04-18 18:50:38,Dispatch
16978,403463,ARRIVED,2026-04-18 21:30:38,Mobile
16979,403463,COMPLETED,2026-04-18 23:06:38,Mobile
16980,403464,CREATED,2026-04-18 14:52:48,CRM
16981,403464,ASSIGNED,2026-04-18 17:39:48,Dispatch
16982,403464,ENROUTE,2026-04-18 20:19:48,Mobile
16983,403464,ARRIVED,2026-04-18 22:26:48,Dispatch
16984,403464,COMPLETED,2026-04-18 23:33:48,Dispatch
16985,403465,CREATED,2026-04-18 16:02:55,Dispatch
16986,403465,ASSIGNED,2026-04-18 16:48:55,Dispatch
16987,403465,ENROUTE,2026-04-18 23:04:55,CRM
16988,403465,ARRIVED,2026-04-18 23:14:55,Dispatch
16989,403465,COMPLETED,2026-04-19 06:37:55,CRM
16990,403466,CREATED,2026-04-18 17:16:15,Dispatch
16991,403466,ASSIGNED,2026-04-18 20:55:15,Mobile
16992,403466,ENROUTE,2026-04-19 01:39:15,Mobile
16993,403466,ARRIVED,2026-04-19 02:35:15,Dispatch
16994,403466,COMPLETED,2026-04-19 11:49:15,Mobile
16995,403467,CREATED,2026-04-18 19:23:47,Dispatch
16996,403467,ASSIGNED,2026-04-18 19:56:47,Mobile
16997,403467,ENROUTE,2026-04-19 00:01:47,Dispatch
16998,403467,ARRIVED,2026-04-19 02:55:47,Mobile
16999,403467,COMPLETED,2026-04-19 12:01:47,Mobile
17000,403468,CREATED,2026-04-18 19:49:54,CRM
17001,403468,ASSIGNED,2026-04-18 20:32:54,Dispatch
17002,403468,ENROUTE,2026-04-19 02:37:54,Dispatch
17003,403468,ARRIVED,2026-04-19 04:41:54,Mobile
17004,403468,COMPLETED,2026-04-19 07:50:54,Dispatch
17005,403469,CREATED,2026-04-19 00:58:09,Mobile
17006,403469,ASSIGNED,2026-04-19 03:11:09,Dispatch
17007,403469,ENROUTE,2026-04-19 09:30:09,Mobile
17008,403469,ARRIVED,2026-04-19 11:39:09,Dispatch
17009,403470,CREATED,2026-04-19 01:15:46,Dispatch
17010,403470,ASSIGNED,2026-04-19 04:58:46,Mobile
17011,403470,ENROUTE,2026-04-19 09:48:46,Mobile
17012,403470,ARRIVED,2026-04-19 12:21:46,Dispatch
17013,403470,COMPLETED,2026-04-19 16:38:46,Dispatch
17014,403471,CREATED,2026-04-19 02:31:28,Dispatch
17015,403471,ASSIGNED,2026-04-19 03:04:28,Mobile
17016,403471,ENROUTE,2026-04-19 04:51:28,Mobile
17017,403471,ARRIVED,2026-04-19 06:10:28,Mobile
17018,403471,COMPLETED,2026-04-19 14:04:28,Dispatch
17019,403472,CREATED,2026-04-19 07:59:52,Dispatch
17020,403472,ASSIGNED,2026-04-19 08:08:52,Mobile
17021,403472,ENROUTE,2026-04-19 11:32:52,Dispatch
17022,403472,ARRIVED,2026-04-19 11:44:52,Dispatch
17023,403472,COMPLETED,2026-04-19 14:14:52,Dispatch
17024,403473,CREATED,2026-04-19 08:29:34,CRM
17025,403473,ASSIGNED,2026-04-19 09:18:34,Mobile
17026,403473,ENROUTE,2026-04-19 11:42:34,Mobile
17027,403473,ARRIVED,2026-04-19 12:04:34,Dispatch
17028,403474,CREATED,2026-04-19 09:31:49,Dispatch
17029,403474,ASSIGNED,2026-04-19 09:58:49,CRM
17030,403474,ENROUTE,2026-04-19 17:29:49,Dispatch
17031,403474,ARRIVED,2026-04-19 18:01:49,Dispatch
17032,403474,COMPLETED,2026-04-20 02:22:49,Dispatch
17033,403475,CREATED,2026-04-19 09:50:16,Mobile
17034,403475,ASSIGNED,2026-04-19 10:39:16,Mobile
17035,403475,ENROUTE,2026-04-19 12:32:16,Mobile
17036,403475,ARRIVED,2026-04-19 14:49:16,Dispatch
17037,403475,COMPLETED,2026-04-19 18:44:16,Mobile
17038,403476,CREATED,2026-04-19 10:41:01,CRM
17039,403476,ASSIGNED,2026-04-19 14:19:01,Dispatch
17040,403476,ENROUTE,2026-04-19 17:47:01,Mobile
17041,403476,ARRIVED,2026-04-19 19:07:01,Mobile
17042,403476,COMPLETED,2026-04-19 23:32:01,Dispatch
17043,403477,CREATED,2026-04-19 22:38:04,Mobile
17044,403477,ASSIGNED,2026-04-20 00:20:04,Mobile
17045,403477,ENROUTE,2026-04-20 05:42:04,Mobile
17046,403477,ARRIVED,2026-04-20 08:29:04,Mobile
17047,403477,COMPLETED,2026-04-20 13:11:04,Dispatch
17048,403478,CREATED,2026-04-19 23:42:52,Mobile
17049,403478,ASSIGNED,2026-04-20 02:48:52,Mobile
17050,403478,ENROUTE,2026-04-20 04:32:52,Dispatch
17051,403478,ARRIVED,2026-04-20 05:07:52,Dispatch
17052,403478,COMPLETED,2026-04-20 10:55:52,Dispatch
17053,403479,CREATED,2026-04-20 05:22:54,Dispatch
17054,403479,ASSIGNED,2026-04-20 09:00:54,Dispatch
17055,403479,ENROUTE,2026-04-20 10:16:54,Dispatch
17056,403479,ARRIVED,2026-04-20 10:41:54,Mobile
17057,403479,COMPLETED,2026-04-20 11:52:54,Mobile
17058,403480,CREATED,2026-04-20 05:27:31,Dispatch
17059,403480,ASSIGNED,2026-04-20 08:34:31,Mobile
17060,403480,ENROUTE,2026-04-20 11:39:31,CRM
17061,403480,ARRIVED,2026-04-20 11:53:31,Dispatch
17062,403480,COMPLETED,2026-04-20 15:35:31,Mobile
17063,403481,CREATED,2026-04-20 07:56:26,Dispatch
17064,403481,ASSIGNED,2026-04-20 09:07:26,Dispatch
17065,403481,ENROUTE,2026-04-20 15:27:26,Dispatch
17066,403481,ARRIVED,2026-04-20 15:51:26,Dispatch
17067,403482,CREATED,2026-04-20 13:35:07,Dispatch
17068,403482,ASSIGNED,2026-04-20 17:15:07,Dispatch
17069,403482,ENROUTE,2026-04-21 02:13:07,Dispatch
17070,403482,ARRIVED,2026-04-21 01:53:07,Dispatch
17071,403482,COMPLETED,2026-04-21 10:52:07,Mobile
17072,403483,CREATED,2026-04-20 22:43:55,Dispatch
17073,403483,ASSIGNED,2026-04-21 00:54:55,Dispatch
17074,403483,ENROUTE,2026-04-21 03:12:55,CRM
17075,403483,ARRIVED,2026-04-21 05:32:55,Dispatch
17076,403484,CREATED,2026-04-21 02:17:04,Mobile
17077,403484,ASSIGNED,2026-04-21 03:29:04,Mobile
17078,403484,ENROUTE,2026-04-21 11:12:04,Dispatch
17079,403484,ARRIVED,2026-04-21 13:49:04,Dispatch
17080,403484,CANCELLED,2026-04-21 04:29:04,Mobile
17081,403485,CREATED,2026-04-21 02:57:27,CRM
17082,403485,ASSIGNED,2026-04-21 06:33:27,Dispatch
17083,403485,ENROUTE,2026-04-21 09:28:27,Mobile
17084,403485,ARRIVED,2026-04-21 09:46:27,Dispatch
17085,403485,COMPLETED,2026-04-21 17:10:27,Dispatch
17086,403486,CREATED,2026-04-21 03:01:14,Dispatch
17087,403486,ASSIGNED,2026-04-21 05:21:14,Mobile
17088,403486,ENROUTE,2026-04-21 09:16:14,Dispatch
17089,403486,ARRIVED,2026-04-21 10:17:14,Dispatch
17090,403486,COMPLETED,2026-04-21 11:28:14,CRM
17091,403487,CREATED,2026-04-21 06:07:29,Dispatch
17092,403487,ASSIGNED,2026-04-21 07:38:29,Dispatch
17093,403487,ENROUTE,2026-04-21 08:28:29,Mobile
17094,403487,ARRIVED,2026-04-21 09:04:29,Dispatch
17095,403487,COMPLETED,2026-04-21 09:52:29,Mobile
17096,403488,CREATED,2026-04-21 06:14:29,Dispatch
17097,403488,ASSIGNED,2026-04-21 09:48:29,Dispatch
17098,403488,ENROUTE,2026-04-21 14:34:29,Dispatch
17099,403488,ARRIVED,2026-04-21 17:21:29,Dispatch
17100,403488,COMPLETED,2026-04-22 02:52:29,Mobile
17101,403489,CREATED,2026-04-21 10:05:49,Dispatch
17102,403489,ASSIGNED,2026-04-21 11:41:49,CRM
17103,403489,ENROUTE,2026-04-21 18:43:49,Dispatch
17104,403489,ARRIVED,2026-04-21 20:43:49,Dispatch
17105,403489,CANCELLED,2026-04-21 12:41:49,CRM
17106,403490,CREATED,2026-04-21 12:49:17,Mobile
17107,403490,ASSIGNED,2026-04-21 15:34:17,Mobile
17108,403490,ENROUTE,2026-04-21 21:26:17,Mobile
17109,403490,ARRIVED,2026-04-21 23:32:17,Dispatch
17110,403490,COMPLETED,2026-04-22 07:28:17,Dispatch
17111,403491,CREATED,2026-04-21 14:01:57,Mobile
17112,403491,ASSIGNED,2026-04-21 17:15:57,Mobile
17113,403491,ENROUTE,2026-04-21 21:42:57,CRM
17114,403491,ARRIVED,2026-04-21 23:38:57,Mobile
17115,403491,COMPLETED,2026-04-22 04:06:57,Mobile
17116,403492,CREATED,2026-04-21 18:12:52,Dispatch
17117,403492,ASSIGNED,2026-04-21 18:21:52,Dispatch
17118,403492,ENROUTE,2026-04-21 23:25:52,Dispatch
17119,403492,ARRIVED,2026-04-22 02:24:52,Dispatch
17120,403492,COMPLETED,2026-04-22 05:30:52,Mobile
17121,403493,CREATED,2026-04-21 19:46:59,Mobile
17122,403493,ASSIGNED,2026-04-21 22:22:59,Mobile
17123,403493,ENROUTE,2026-04-22 00:26:59,Dispatch
17124,403493,ARRIVED,2026-04-22 00:53:59,Mobile
17125,403493,COMPLETED,2026-04-22 09:16:59,Mobile
17126,403494,CREATED,2026-04-21 23:09:40,Mobile
17127,403494,ASSIGNED,2026-04-21 23:26:40,Dispatch
17128,403494,ENROUTE,2026-04-22 02:14:40,Mobile
17129,403494,ARRIVED,2026-04-22 02:55:40,Dispatch
17130,403494,CANCELLED,2026-04-22 00:26:40,Dispatch
17131,403495,CREATED,2026-04-22 03:37:33,Dispatch
17132,403495,ASSIGNED,2026-04-22 07:21:33,Dispatch
17133,403495,ENROUTE,2026-04-22 08:47:33,Dispatch
17134,403495,ARRIVED,2026-04-22 11:12:33,Dispatch
17135,403495,COMPLETED,2026-04-22 16:34:33,Dispatch
17136,403496,CREATED,2026-04-22 11:07:31,Mobile
17137,403496,ASSIGNED,2026-04-22 11:30:31,Mobile
17138,403496,ENROUTE,2026-04-22 18:56:31,CRM
17139,403496,ARRIVED,2026-04-22 21:37:31,Dispatch
17140,403497,CREATED,2026-04-22 11:24:51,Mobile
17141,403497,ASSIGNED,2026-04-22 11:35:51,Dispatch
17142,403497,ENROUTE,2026-04-22 17:27:51,Dispatch
17143,403497,ARRIVED,2026-04-22 18:03:51,Dispatch
17144,403497,COMPLETED,2026-04-22 20:04:51,Mobile
17145,403498,CREATED,2026-04-22 15:14:40,Mobile
17146,403498,ASSIGNED,2026-04-22 17:22:40,Mobile
17147,403498,ENROUTE,2026-04-23 01:01:40,CRM
17148,403498,ARRIVED,2026-04-23 02:08:40,Dispatch
17149,403498,COMPLETED,2026-04-23 04:04:40,Dispatch
17150,403499,CREATED,2026-04-22 16:03:14,Dispatch
17151,403499,ASSIGNED,2026-04-22 18:15:14,Dispatch
17152,403499,ENROUTE,2026-04-22 20:25:14,Dispatch
17153,403499,ARRIVED,2026-04-22 23:13:14,Mobile
17154,403499,COMPLETED,2026-04-23 02:02:14,CRM
17155,403500,CREATED,2026-04-22 16:26:56,Dispatch
17156,403500,ASSIGNED,2026-04-22 19:37:56,Mobile
17157,403500,ENROUTE,2026-04-22 21:04:56,Dispatch
17158,403500,ARRIVED,2026-04-22 23:32:56,Dispatch
17159,403500,CANCELLED,2026-04-22 20:37:56,Mobile
17160,403501,CREATED,2026-04-23 00:01:46,Mobile
17161,403501,ASSIGNED,2026-04-23 03:23:46,Dispatch
17162,403501,ENROUTE,2026-04-23 08:39:46,Mobile
17163,403501,ARRIVED,2026-04-23 09:50:46,Mobile
17164,403501,COMPLETED,2026-04-23 13:35:46,Dispatch
17165,403502,CREATED,2026-04-23 00:14:09,Dispatch
17166,403502,ASSIGNED,2026-04-23 04:07:09,Dispatch
17167,403502,ENROUTE,2026-04-23 05:13:09,Dispatch
17168,403502,ARRIVED,2026-04-23 05:32:09,Dispatch
17169,403502,COMPLETED,2026-04-23 09:15:09,Mobile
17170,403503,CREATED,2026-04-23 00:42:16,CRM
17171,403503,ASSIGNED,2026-04-23 01:47:16,Dispatch
17172,403503,ENROUTE,2026-04-23 03:26:16,Mobile
17173,403503,ARRIVED,2026-04-23 04:54:16,Dispatch
17174,403503,COMPLETED,2026-04-23 06:51:16,Dispatch
17175,403504,CREATED,2026-04-23 01:50:21,Dispatch
17176,403504,ASSIGNED,2026-04-23 02:51:21,CRM
17177,403504,ENROUTE,2026-04-23 09:12:21,Dispatch
17178,403504,ARRIVED,2026-04-23 11:39:21,Dispatch
17179,403504,COMPLETED,2026-04-23 17:03:21,Mobile
17180,403505,CREATED,2026-04-23 04:25:39,Mobile
17181,403505,ASSIGNED,2026-04-23 05:43:39,Mobile
17182,403505,ENROUTE,2026-04-23 08:27:39,Dispatch
17183,403505,ARRIVED,2026-04-23 11:08:39,Dispatch
17184,403505,COMPLETED,2026-04-23 15:39:39,Dispatch
17185,403506,CREATED,2026-04-23 06:09:23,Mobile
17186,403506,ASSIGNED,2026-04-23 06:34:23,Dispatch
17187,403506,ENROUTE,2026-04-23 11:15:23,Dispatch
17188,403506,ARRIVED,2026-04-23 11:35:23,Mobile
17189,403506,COMPLETED,2026-04-23 14:33:23,Dispatch
17190,403507,CREATED,2026-04-23 13:29:27,Mobile
17191,403507,ASSIGNED,2026-04-23 16:40:27,Mobile
17192,403507,ENROUTE,2026-04-23 20:12:27,Dispatch
17193,403507,ARRIVED,2026-04-23 22:52:27,Dispatch
17194,403507,COMPLETED,2026-04-23 23:35:27,Mobile
17195,403508,CREATED,2026-04-23 16:10:31,Mobile
17196,403508,ASSIGNED,2026-04-23 19:45:31,Mobile
17197,403508,ENROUTE,2026-04-24 03:17:31,Dispatch
17198,403508,ARRIVED,2026-04-24 05:36:31,Mobile
17199,403508,COMPLETED,2026-04-24 08:44:31,Dispatch
17200,403509,CREATED,2026-04-23 16:24:04,Dispatch
17201,403509,ASSIGNED,2026-04-23 17:30:04,Mobile
17202,403509,ENROUTE,2026-04-23 22:12:04,Dispatch
17203,403509,ARRIVED,2026-04-24 00:32:04,Mobile
17204,403509,COMPLETED,2026-04-24 08:06:04,Mobile
17205,403510,CREATED,2026-04-23 17:55:10,Dispatch
17206,403510,ASSIGNED,2026-04-23 20:34:10,Mobile
17207,403510,ENROUTE,2026-04-24 01:19:10,Mobile
17208,403510,ARRIVED,2026-04-24 02:51:10,Dispatch
17209,403510,COMPLETED,2026-04-24 05:29:10,CRM
17210,403511,CREATED,2026-04-23 21:53:36,Dispatch
17211,403511,ASSIGNED,2026-04-24 00:46:36,Dispatch
17212,403511,ENROUTE,2026-04-24 02:27:36,Dispatch
17213,403511,ARRIVED,2026-04-24 04:01:36,CRM
17214,403511,COMPLETED,2026-04-24 07:42:36,Mobile
17215,403512,CREATED,2026-04-23 21:54:45,Mobile
17216,403512,ASSIGNED,2026-04-24 01:16:45,Mobile
17217,403512,ENROUTE,2026-04-24 02:03:45,Mobile
17218,403512,ARRIVED,2026-04-24 04:43:45,Mobile
17219,403512,CANCELLED,2026-04-24 02:16:45,Mobile
17220,403513,CREATED,2026-04-24 00:08:45,Dispatch
17221,403513,ASSIGNED,2026-04-24 02:09:45,Dispatch
17222,403513,ENROUTE,2026-04-24 07:07:45,Dispatch
17223,403513,ARRIVED,2026-04-24 09:53:45,Mobile
17224,403513,COMPLETED,2026-04-24 17:36:45,Mobile
17225,403514,CREATED,2026-04-24 04:47:54,CRM
17226,403514,ASSIGNED,2026-04-24 06:24:54,CRM
17227,403514,ENROUTE,2026-04-24 07:04:54,Dispatch
17228,403514,ARRIVED,2026-04-24 07:27:54,Mobile
17229,403514,COMPLETED,2026-04-24 12:42:54,Dispatch
17230,403515,CREATED,2026-04-24 20:20:52,Mobile
17231,403515,ASSIGNED,2026-04-24 22:56:52,Dispatch
17232,403515,ENROUTE,2026-04-25 00:19:52,Mobile
17233,403515,ARRIVED,2026-04-25 02:16:52,Mobile
17234,403515,COMPLETED,2026-04-25 08:43:52,Mobile
17235,403516,CREATED,2026-04-24 23:31:29,CRM
17236,403516,ASSIGNED,2026-04-25 00:33:29,Dispatch
17237,403516,ENROUTE,2026-04-25 04:14:29,Mobile
17238,403516,ARRIVED,2026-04-25 04:29:29,Dispatch
17239,403517,CREATED,2026-04-25 00:01:01,Dispatch
17240,403517,ASSIGNED,2026-04-25 01:58:01,Dispatch
17241,403517,ENROUTE,2026-04-25 04:19:01,Mobile
17242,403517,ARRIVED,2026-04-25 05:32:01,Dispatch
17243,403518,CREATED,2026-04-25 05:14:48,Dispatch
17244,403518,ASSIGNED,2026-04-25 07:59:48,Dispatch
17245,403518,ENROUTE,2026-04-25 09:43:48,Dispatch
17246,403518,ARRIVED,2026-04-25 10:21:48,Mobile
17247,403518,COMPLETED,2026-04-25 12:40:48,Mobile
17248,403519,CREATED,2026-04-25 05:19:10,Dispatch
17249,403519,ASSIGNED,2026-04-25 09:07:10,Mobile
17250,403519,ENROUTE,2026-04-25 13:43:10,Dispatch
17251,403519,ARRIVED,2026-04-25 15:17:10,Dispatch
17252,403519,COMPLETED,2026-04-25 23:02:10,CRM
17253,403520,CREATED,2026-04-25 05:21:21,Dispatch
17254,403520,ASSIGNED,2026-04-25 06:18:21,Dispatch
17255,403520,ENROUTE,2026-04-25 13:49:21,Mobile
17256,403520,ARRIVED,2026-04-25 16:43:21,Dispatch
17257,403520,COMPLETED,2026-04-26 00:30:21,Mobile
17258,403521,CREATED,2026-04-25 11:24:08,Mobile
17259,403521,ASSIGNED,2026-04-25 12:32:08,Mobile
17260,403521,ENROUTE,2026-04-25 15:02:08,Dispatch
17261,403521,ARRIVED,2026-04-25 16:54:08,Mobile
17262,403521,COMPLETED,2026-04-26 02:06:08,Dispatch
17263,403522,CREATED,2026-04-25 21:11:53,Dispatch
17264,403522,ASSIGNED,2026-04-25 21:22:53,Dispatch
17265,403522,ENROUTE,2026-04-26 04:07:53,Mobile
17266,403522,ARRIVED,2026-04-26 06:56:53,Dispatch
17267,403522,COMPLETED,2026-04-26 15:54:53,Mobile
17268,403523,CREATED,2026-04-25 21:26:00,Mobile
17269,403523,ASSIGNED,2026-04-25 21:43:00,Dispatch
17270,403523,ENROUTE,2026-04-26 01:25:00,Dispatch
17271,403523,ARRIVED,2026-04-26 02:47:00,Mobile
17272,403523,COMPLETED,2026-04-26 06:31:00,Mobile
17273,403524,CREATED,2026-04-26 01:59:02,Dispatch
17274,403524,ASSIGNED,2026-04-26 03:47:02,Mobile
17275,403524,ENROUTE,2026-04-26 08:00:02,Dispatch
17276,403524,ARRIVED,2026-04-26 09:20:02,Dispatch
17277,403524,COMPLETED,2026-04-26 18:49:02,Dispatch
17278,403525,CREATED,2026-04-26 03:44:08,Dispatch
17279,403525,ASSIGNED,2026-04-26 05:46:08,Mobile
17280,403525,ENROUTE,2026-04-26 09:55:08,Dispatch
17281,403525,ARRIVED,2026-04-26 10:42:08,Mobile
17282,403525,COMPLETED,2026-04-26 19:47:08,Mobile
17283,403526,CREATED,2026-04-26 04:55:12,Dispatch
17284,403526,ASSIGNED,2026-04-26 06:16:12,Dispatch
17285,403526,ENROUTE,2026-04-26 12:08:12,Mobile
17286,403526,ARRIVED,2026-04-26 12:39:12,CRM
17287,403526,COMPLETED,2026-04-26 18:16:12,Dispatch
17288,403527,CREATED,2026-04-26 10:25:08,Dispatch
17289,403527,ASSIGNED,2026-04-26 11:01:08,Dispatch
17290,403527,ENROUTE,2026-04-26 14:33:08,Dispatch
17291,403527,ARRIVED,2026-04-26 15:19:08,Mobile
17292,403527,COMPLETED,2026-04-26 21:22:08,CRM
17293,403528,CREATED,2026-04-26 13:41:11,Dispatch
17294,403528,ASSIGNED,2026-04-26 13:46:11,Mobile
17295,403528,ENROUTE,2026-04-26 19:10:11,Dispatch
17296,403528,ARRIVED,2026-04-26 21:22:11,Mobile
17297,403528,COMPLETED,2026-04-27 03:30:11,Mobile
17298,403529,CREATED,2026-04-26 17:11:15,Mobile
17299,403529,ASSIGNED,2026-04-26 17:41:15,Dispatch
17300,403529,ENROUTE,2026-04-26 19:47:15,Mobile
17301,403529,ARRIVED,2026-04-26 22:36:15,Dispatch
17302,403529,COMPLETED,2026-04-27 07:47:15,Dispatch
17303,403530,CREATED,2026-04-26 18:23:06,Dispatch
17304,403530,ASSIGNED,2026-04-26 20:03:06,Dispatch
17305,403530,ENROUTE,2026-04-27 00:01:06,Dispatch
17306,403530,ARRIVED,2026-04-27 02:27:06,CRM
17307,403530,COMPLETED,2026-04-27 12:25:06,Mobile
17308,403531,CREATED,2026-04-27 02:02:35,CRM
17309,403531,ASSIGNED,2026-04-27 03:24:35,Dispatch
17310,403531,ENROUTE,2026-04-27 06:16:35,CRM
17311,403531,ARRIVED,2026-04-27 08:07:35,Dispatch
17312,403531,COMPLETED,2026-04-27 08:38:35,CRM
17313,403532,CREATED,2026-04-27 04:34:36,Mobile
17314,403532,ASSIGNED,2026-04-27 07:28:36,Dispatch
17315,403532,ENROUTE,2026-04-27 09:12:36,Dispatch
17316,403532,ARRIVED,2026-04-27 11:47:36,Mobile
17317,403532,COMPLETED,2026-04-27 12:52:36,CRM
17318,403533,CREATED,2026-04-27 17:16:05,CRM
17319,403533,ASSIGNED,2026-04-27 19:49:05,CRM
17320,403533,ENROUTE,2026-04-27 22:42:05,Mobile
17321,403533,ARRIVED,2026-04-28 00:05:05,Dispatch
17322,403533,COMPLETED,2026-04-28 01:08:05,Mobile
17323,403534,CREATED,2026-04-28 00:55:28,Mobile
17324,403534,ASSIGNED,2026-04-28 02:05:28,Dispatch
17325,403534,ENROUTE,2026-04-28 03:50:28,Dispatch
17326,403534,ARRIVED,2026-04-28 05:02:28,Mobile
17327,403534,COMPLETED,2026-04-28 11:37:28,Dispatch
17328,403535,CREATED,2026-04-28 08:12:51,Dispatch
17329,403535,ASSIGNED,2026-04-28 10:05:51,Dispatch
17330,403535,ENROUTE,2026-04-28 11:01:51,Dispatch
17331,403535,ARRIVED,2026-04-28 11:33:51,CRM
17332,403535,COMPLETED,2026-04-28 19:45:51,Mobile
17333,403536,CREATED,2026-04-28 13:10:08,Dispatch
17334,403536,ASSIGNED,2026-04-28 13:38:08,Dispatch
17335,403536,ENROUTE,2026-04-28 17:07:08,Dispatch
17336,403536,ARRIVED,2026-04-28 19:48:08,Dispatch
17337,403536,COMPLETED,2026-04-29 04:35:08,Dispatch
17338,403537,CREATED,2026-04-28 15:46:04,Dispatch
17339,403537,ASSIGNED,2026-04-28 19:38:04,Dispatch
17340,403537,ENROUTE,2026-04-28 21:58:04,Dispatch
17341,403537,ARRIVED,2026-04-28 23:32:04,Dispatch
17342,403537,COMPLETED,2026-04-29 07:43:04,Mobile
17343,403538,CREATED,2026-04-29 00:32:54,CRM
17344,403538,ASSIGNED,2026-04-29 02:02:54,Dispatch
17345,403538,ENROUTE,2026-04-29 07:03:54,Mobile
17346,403538,ARRIVED,2026-04-29 07:21:54,Mobile
17347,403538,CANCELLED,2026-04-29 03:02:54,Dispatch
17348,403539,CREATED,2026-04-29 08:34:17,Dispatch
17349,403539,ASSIGNED,2026-04-29 11:45:17,Mobile
17350,403539,ENROUTE,2026-04-29 16:05:17,Dispatch
17351,403539,ARRIVED,2026-04-29 18:25:17,Dispatch
17352,403539,CANCELLED,2026-04-29 12:45:17,Dispatch
17353,403540,CREATED,2026-04-29 11:45:44,Dispatch
17354,403540,ASSIGNED,2026-04-29 12:12:44,Mobile
17355,403540,ENROUTE,2026-04-29 17:37:44,Dispatch
17356,403540,ARRIVED,2026-04-29 17:49:44,Dispatch
17357,403540,COMPLETED,2026-04-29 21:37:44,Mobile
17358,403541,CREATED,2026-04-29 15:15:01,Mobile
17359,403541,ASSIGNED,2026-04-29 16:55:01,Mobile
17360,403541,ENROUTE,2026-04-29 22:51:01,Dispatch
17361,403541,ARRIVED,2026-04-29 23:12:01,Dispatch
17362,403541,COMPLETED,2026-04-30 09:00:01,Dispatch
17363,403542,CREATED,2026-04-29 17:11:13,Mobile
17364,403542,ASSIGNED,2026-04-29 20:56:13,Mobile
17365,403542,ENROUTE,2026-04-30 04:43:13,Mobile
17366,403542,ARRIVED,2026-04-30 06:08:13,Dispatch
17367,403542,COMPLETED,2026-04-30 14:15:13,Dispatch
17368,403543,CREATED,2026-04-29 18:50:37,Dispatch
17369,403543,ASSIGNED,2026-04-29 20:38:37,Mobile
17370,403543,ENROUTE,2026-04-30 00:40:37,Dispatch
17371,403543,ARRIVED,2026-04-30 02:43:37,Dispatch
17372,403543,COMPLETED,2026-04-30 03:46:37,Dispatch
17373,403544,CREATED,2026-04-29 20:17:38,Mobile
17374,403544,ASSIGNED,2026-04-29 22:18:38,Mobile
17375,403544,ENROUTE,2026-04-30 02:19:38,CRM
17376,403544,ARRIVED,2026-04-30 03:08:38,Mobile
17377,403544,COMPLETED,2026-04-30 09:44:38,Dispatch
17378,403545,CREATED,2026-04-29 20:53:11,Mobile
17379,403545,ASSIGNED,2026-04-30 00:48:11,Mobile
17380,403545,ENROUTE,2026-04-30 05:29:11,Dispatch
17381,403545,ARRIVED,2026-04-30 06:13:11,Mobile
17382,403545,COMPLETED,2026-04-30 09:24:11,Dispatch
17383,403546,CREATED,2026-04-30 13:02:38,Mobile
17384,403546,ASSIGNED,2026-04-30 13:39:38,Mobile
17385,403546,ENROUTE,2026-04-30 14:49:38,Dispatch
17386,403546,ARRIVED,2026-04-30 15:57:38,Mobile
17387,403546,COMPLETED,2026-04-30 19:08:38,CRM
17388,403547,CREATED,2026-04-30 15:42:31,CRM
17389,403547,ASSIGNED,2026-04-30 17:00:31,Mobile
17390,403547,ENROUTE,2026-04-30 23:49:31,Dispatch
17391,403547,ARRIVED,2026-05-01 00:41:31,Dispatch
17392,403548,CREATED,2026-04-30 21:35:02,Dispatch
17393,403548,ASSIGNED,2026-04-30 22:25:02,Dispatch
17394,403548,ENROUTE,2026-05-01 04:52:02,Dispatch
17395,403548,ARRIVED,2026-05-01 05:42:02,Mobile
17396,403548,COMPLETED,2026-05-01 08:34:02,Mobile
17397,403549,CREATED,2026-05-01 03:46:56,Dispatch
17398,403549,ASSIGNED,2026-05-01 06:09:56,Mobile
17399,403549,ENROUTE,2026-05-01 11:11:56,Dispatch
17400,403549,ARRIVED,2026-05-01 13:04:56,Dispatch
17401,403549,CANCELLED,2026-05-01 07:09:56,Dispatch
17402,403550,CREATED,2026-05-01 03:55:05,Mobile
17403,403550,ASSIGNED,2026-05-01 07:24:05,Mobile
17404,403550,ENROUTE,2026-05-01 12:38:05,Dispatch
17405,403550,ARRIVED,2026-05-01 12:53:05,CRM
17406,403550,COMPLETED,2026-05-01 16:07:05,Dispatch
17407,403551,CREATED,2026-05-01 03:58:37,Mobile
17408,403551,ASSIGNED,2026-05-01 06:02:37,Dispatch
17409,403551,ENROUTE,2026-05-01 13:54:37,Dispatch
17410,403551,ARRIVED,2026-05-01 15:27:37,Dispatch
17411,403551,COMPLETED,2026-05-01 22:09:37,Mobile
17412,403552,CREATED,2026-05-01 04:03:26,Dispatch
17413,403552,ASSIGNED,2026-05-01 07:13:26,Dispatch
17414,403552,ENROUTE,2026-05-01 08:24:26,Mobile
17415,403552,ARRIVED,2026-05-01 10:26:26,Dispatch
17416,403552,COMPLETED,2026-05-01 16:02:26,Mobile
17417,403553,CREATED,2026-05-01 10:37:18,CRM
17418,403553,ASSIGNED,2026-05-01 10:43:18,Mobile
17419,403553,ENROUTE,2026-05-01 17:18:18,Dispatch
17420,403553,ARRIVED,2026-05-01 19:14:18,Dispatch
17421,403553,COMPLETED,2026-05-02 03:47:18,Mobile
17422,403553,REOPENED,2026-05-03 03:47:18,Mobile
17423,403553,ASSIGNED,2026-05-03 04:47:18,Dispatch
17424,403553,COMPLETED,2026-05-04 05:47:18,Mobile
17425,403554,CREATED,2026-05-01 10:45:48,Dispatch
17426,403554,ASSIGNED,2026-05-01 11:26:48,Mobile
17427,403554,ENROUTE,2026-05-01 19:14:48,Mobile
17428,403554,ARRIVED,2026-05-01 20:43:48,Dispatch
17429,403554,COMPLETED,2026-05-02 00:36:48,Dispatch
17430,403555,CREATED,2026-05-01 11:23:32,Mobile
17431,403555,ASSIGNED,2026-05-01 11:49:32,Mobile
17432,403555,ENROUTE,2026-05-01 12:38:32,Dispatch
17433,403555,ARRIVED,2026-05-01 14:08:32,CRM
17434,403555,COMPLETED,2026-05-01 21:10:32,Mobile
17435,403556,CREATED,2026-05-01 22:27:46,CRM
17436,403556,ASSIGNED,2026-05-02 02:20:46,Dispatch
17437,403556,ENROUTE,2026-05-02 04:34:46,Dispatch
17438,403556,ARRIVED,2026-05-02 05:26:46,Dispatch
17439,403556,COMPLETED,2026-05-02 10:10:46,Mobile
17440,403557,CREATED,2026-05-01 22:31:21,Mobile
17441,403557,ASSIGNED,2026-05-02 00:46:21,CRM
17442,403557,ENROUTE,2026-05-02 03:12:21,Mobile
17443,403557,ARRIVED,2026-05-02 03:47:21,Dispatch
17444,403557,COMPLETED,2026-05-02 06:13:21,Mobile
17445,403558,CREATED,2026-05-02 01:31:06,Mobile
17446,403558,ASSIGNED,2026-05-02 04:06:06,Dispatch
17447,403558,ENROUTE,2026-05-02 07:10:06,Dispatch
17448,403558,ARRIVED,2026-05-02 08:09:06,Mobile
17449,403559,CREATED,2026-05-02 10:52:30,Mobile
17450,403559,ASSIGNED,2026-05-02 14:26:30,Dispatch
17451,403559,ENROUTE,2026-05-02 18:46:30,Dispatch
17452,403559,ARRIVED,2026-05-02 20:03:30,Mobile
17453,403559,COMPLETED,2026-05-03 01:09:30,Dispatch
17454,403560,CREATED,2026-05-02 17:28:23,Mobile
17455,403560,ASSIGNED,2026-05-02 20:22:23,Dispatch
17456,403560,ENROUTE,2026-05-02 20:56:23,Mobile
17457,403560,ARRIVED,2026-05-02 23:44:23,Mobile
17458,403560,COMPLETED,2026-05-03 01:10:23,Dispatch
17459,403561,CREATED,2026-05-03 00:45:24,Mobile
17460,403561,ASSIGNED,2026-05-03 02:02:24,Mobile
17461,403561,ENROUTE,2026-05-03 09:22:24,Mobile
17462,403561,ARRIVED,2026-05-03 09:43:24,Dispatch
17463,403561,COMPLETED,2026-05-03 10:40:24,Mobile
17464,403562,CREATED,2026-05-03 03:01:06,Dispatch
17465,403562,ASSIGNED,2026-05-03 06:14:06,Dispatch
17466,403562,ENROUTE,2026-05-03 11:02:06,Dispatch
17467,403562,ARRIVED,2026-05-03 11:25:06,Mobile
17468,403562,CANCELLED,2026-05-03 07:14:06,Dispatch
17469,403563,CREATED,2026-05-03 03:06:06,Dispatch
17470,403563,ASSIGNED,2026-05-03 06:34:06,Mobile
17471,403563,ENROUTE,2026-05-03 14:22:06,Dispatch
17472,403563,ARRIVED,2026-05-03 16:14:06,CRM
17473,403563,COMPLETED,2026-05-03 23:33:06,Mobile
17474,403564,CREATED,2026-05-03 07:01:14,Dispatch
17475,403564,ASSIGNED,2026-05-03 09:00:14,Dispatch
17476,403564,ENROUTE,2026-05-03 11:46:14,CRM
17477,403564,ARRIVED,2026-05-03 12:03:14,Mobile
17478,403564,COMPLETED,2026-05-03 16:41:14,Mobile
17479,403565,CREATED,2026-05-03 07:16:50,Dispatch
17480,403565,ASSIGNED,2026-05-03 09:39:50,Mobile
17481,403565,ENROUTE,2026-05-03 14:09:50,CRM
17482,403565,ARRIVED,2026-05-03 16:58:50,Mobile
17483,403565,COMPLETED,2026-05-04 02:29:50,Dispatch
17484,403566,CREATED,2026-05-03 16:23:04,Dispatch
17485,403566,ASSIGNED,2026-05-03 17:24:04,Dispatch
17486,403566,ENROUTE,2026-05-03 21:12:04,CRM
17487,403566,ARRIVED,2026-05-03 23:04:04,Mobile
17488,403566,COMPLETED,2026-05-04 07:53:04,Mobile
17489,403567,CREATED,2026-05-03 18:51:23,Dispatch
17490,403567,ASSIGNED,2026-05-03 19:50:23,Mobile
17491,403567,ENROUTE,2026-05-04 01:55:23,Dispatch
17492,403567,ARRIVED,2026-05-04 04:31:23,Dispatch
17493,403567,COMPLETED,2026-05-04 09:16:23,Dispatch
17494,403567,REOPENED,2026-05-05 09:16:23,Mobile
17495,403567,ASSIGNED,2026-05-05 10:16:23,Dispatch
17496,403567,COMPLETED,2026-05-06 11:16:23,Mobile
17497,403568,CREATED,2026-05-03 20:07:53,Dispatch
17498,403568,ASSIGNED,2026-05-03 23:43:53,Dispatch
17499,403568,ENROUTE,2026-05-04 01:30:53,Dispatch
17500,403568,ARRIVED,2026-05-04 04:17:53,Mobile
17501,403568,COMPLETED,2026-05-04 09:09:53,Dispatch
17502,403569,CREATED,2026-05-03 22:05:55,Mobile
17503,403569,ASSIGNED,2026-05-04 01:26:55,CRM
17504,403569,ENROUTE,2026-05-04 02:14:55,Dispatch
17505,403569,ARRIVED,2026-05-04 03:01:55,Dispatch
17506,403569,COMPLETED,2026-05-04 12:14:55,CRM
17507,403570,CREATED,2026-05-04 02:48:07,Mobile
17508,403570,ASSIGNED,2026-05-04 03:37:07,Mobile
17509,403570,ENROUTE,2026-05-04 10:28:07,Mobile
17510,403570,ARRIVED,2026-05-04 12:16:07,Dispatch
17511,403570,COMPLETED,2026-05-04 17:50:07,Mobile
17512,403571,CREATED,2026-05-04 05:18:32,Mobile
17513,403571,ASSIGNED,2026-05-04 07:35:32,Dispatch
17514,403571,ENROUTE,2026-05-04 13:40:32,Dispatch
17515,403571,ARRIVED,2026-05-04 14:29:32,Mobile
17516,403572,CREATED,2026-05-04 06:16:04,Dispatch
17517,403572,ASSIGNED,2026-05-04 09:12:04,Dispatch
17518,403572,ENROUTE,2026-05-04 15:25:04,Dispatch
17519,403572,ARRIVED,2026-05-04 15:38:04,Mobile
17520,403572,COMPLETED,2026-05-04 19:07:04,Dispatch
17521,403573,CREATED,2026-05-04 07:28:46,Mobile
17522,403573,ASSIGNED,2026-05-04 11:05:46,Dispatch
17523,403573,ENROUTE,2026-05-04 18:32:46,Dispatch
17524,403573,ARRIVED,2026-05-04 21:21:46,Dispatch
17525,403573,COMPLETED,2026-05-05 05:53:46,Dispatch
17526,403574,CREATED,2026-05-04 08:57:43,Dispatch
17527,403574,ASSIGNED,2026-05-04 11:35:43,Mobile
17528,403574,ENROUTE,2026-05-04 13:28:43,Mobile
17529,403574,ARRIVED,2026-05-04 14:38:43,Dispatch
17530,403574,COMPLETED,2026-05-04 20:04:43,Mobile
17531,403575,CREATED,2026-05-04 09:06:19,Dispatch
17532,403575,ASSIGNED,2026-05-04 12:03:19,Mobile
17533,403575,ENROUTE,2026-05-04 15:51:19,Dispatch
17534,403575,ARRIVED,2026-05-04 18:15:19,Dispatch
17535,403575,COMPLETED,2026-05-05 02:18:19,Dispatch
17536,403576,CREATED,2026-05-04 12:59:08,Dispatch
17537,403576,ASSIGNED,2026-05-04 14:39:08,Dispatch
17538,403576,ENROUTE,2026-05-04 20:04:08,Dispatch
17539,403576,ARRIVED,2026-05-04 21:50:08,Mobile
17540,403576,COMPLETED,2026-05-04 22:27:08,Mobile
17541,403577,CREATED,2026-05-04 15:06:24,Dispatch
17542,403577,ASSIGNED,2026-05-04 18:40:24,Dispatch
17543,403577,ENROUTE,2026-05-04 20:43:24,Mobile
17544,403577,ARRIVED,2026-05-04 22:34:24,Dispatch
17545,403577,COMPLETED,2026-05-05 03:35:24,Mobile
17546,403578,CREATED,2026-05-04 18:11:45,Dispatch
17547,403578,ASSIGNED,2026-05-04 19:46:45,Mobile
17548,403578,ENROUTE,2026-05-04 20:46:45,Mobile
17549,403578,ARRIVED,2026-05-04 23:31:45,Dispatch
17550,403578,COMPLETED,2026-05-05 05:29:45,CRM
17551,403579,CREATED,2026-05-04 18:57:24,Dispatch
17552,403579,ASSIGNED,2026-05-04 19:40:24,Mobile
17553,403579,ENROUTE,2026-05-05 00:36:24,CRM
17554,403579,ARRIVED,2026-05-05 01:38:24,Dispatch
17555,403579,COMPLETED,2026-05-05 02:46:24,Dispatch
17556,403580,CREATED,2026-05-05 04:11:22,Mobile
17557,403580,ASSIGNED,2026-05-05 05:57:22,Mobile
17558,403580,ENROUTE,2026-05-05 10:17:22,Mobile
17559,403580,ARRIVED,2026-05-05 13:07:22,Dispatch
17560,403580,COMPLETED,2026-05-05 14:05:22,Dispatch
17561,403581,CREATED,2026-05-05 04:21:03,Mobile
17562,403581,ASSIGNED,2026-05-05 06:24:03,Dispatch
17563,403581,ENROUTE,2026-05-05 12:32:03,Dispatch
17564,403581,ARRIVED,2026-05-05 13:05:03,Mobile
17565,403581,COMPLETED,2026-05-05 19:55:03,Dispatch
17566,403582,CREATED,2026-05-05 09:12:39,Mobile
17567,403582,ASSIGNED,2026-05-05 11:17:39,Mobile
17568,403582,ENROUTE,2026-05-05 11:38:39,CRM
17569,403582,ARRIVED,2026-05-05 14:06:39,Dispatch
17570,403582,COMPLETED,2026-05-05 23:59:39,Dispatch
17571,403583,CREATED,2026-05-05 13:08:58,Dispatch
17572,403583,ASSIGNED,2026-05-05 13:23:58,Dispatch
17573,403583,ENROUTE,2026-05-05 13:41:58,Mobile
17574,403583,ARRIVED,2026-05-05 15:56:58,Mobile
17575,403583,COMPLETED,2026-05-05 22:49:58,Mobile
17576,403584,CREATED,2026-05-05 14:15:42,CRM
17577,403584,ASSIGNED,2026-05-05 14:38:42,CRM
17578,403584,ENROUTE,2026-05-05 16:55:42,Dispatch
17579,403584,ARRIVED,2026-05-05 18:53:42,Mobile
17580,403584,COMPLETED,2026-05-05 22:42:42,Dispatch
17581,403585,CREATED,2026-05-05 19:14:26,Mobile
17582,403585,ASSIGNED,2026-05-05 22:31:26,Dispatch
17583,403585,ENROUTE,2026-05-06 01:17:26,Mobile
17584,403585,ARRIVED,2026-05-06 01:53:26,Mobile
17585,403585,COMPLETED,2026-05-06 09:07:26,Dispatch
17586,403586,CREATED,2026-05-05 22:54:27,Dispatch
17587,403586,ASSIGNED,2026-05-06 01:31:27,Dispatch
17588,403586,ENROUTE,2026-05-06 07:17:27,CRM
17589,403586,ARRIVED,2026-05-06 08:05:27,Mobile
17590,403586,COMPLETED,2026-05-06 13:43:27,Mobile
17591,403587,CREATED,2026-05-05 23:15:41,Mobile
17592,403587,ASSIGNED,2026-05-06 00:19:41,CRM
17593,403587,ENROUTE,2026-05-06 01:24:41,Dispatch
17594,403587,ARRIVED,2026-05-06 04:03:41,Mobile
17595,403588,CREATED,2026-05-06 02:49:12,Mobile
17596,403588,ASSIGNED,2026-05-06 06:21:12,Mobile
17597,403588,ENROUTE,2026-05-06 14:05:12,Dispatch
17598,403588,ARRIVED,2026-05-06 15:01:12,Dispatch
17599,403588,COMPLETED,2026-05-06 16:20:12,Mobile
17600,403589,CREATED,2026-05-06 06:23:58,CRM
17601,403589,ASSIGNED,2026-05-06 08:39:58,Mobile
17602,403589,ENROUTE,2026-05-06 15:16:58,Dispatch
17603,403589,ARRIVED,2026-05-06 15:45:58,Mobile
17604,403589,COMPLETED,2026-05-06 18:50:58,CRM
17605,403590,CREATED,2026-05-06 07:36:30,Dispatch
17606,403590,ASSIGNED,2026-05-06 09:10:30,CRM
17607,403590,ENROUTE,2026-05-06 16:33:30,Mobile
17608,403590,ARRIVED,2026-05-06 18:06:30,Dispatch
17609,403590,COMPLETED,2026-05-07 02:05:30,Dispatch
17610,403591,CREATED,2026-05-06 13:43:57,Dispatch
17611,403591,ASSIGNED,2026-05-06 16:05:57,Mobile
17612,403591,ENROUTE,2026-05-06 18:46:57,Dispatch
17613,403591,ARRIVED,2026-05-06 20:22:57,Mobile
17614,403591,CANCELLED,2026-05-06 17:05:57,Dispatch
17615,403592,CREATED,2026-05-06 14:13:16,Mobile
17616,403592,ASSIGNED,2026-05-06 14:23:16,Dispatch
17617,403592,ENROUTE,2026-05-06 15:43:16,CRM
17618,403592,ARRIVED,2026-05-06 17:59:16,Mobile
17619,403592,COMPLETED,2026-05-06 20:21:16,Dispatch
17620,403593,CREATED,2026-05-06 23:37:17,Dispatch
17621,403593,ASSIGNED,2026-05-07 00:49:17,Dispatch
17622,403593,ENROUTE,2026-05-07 04:42:17,Mobile
17623,403593,ARRIVED,2026-05-07 07:00:17,Dispatch
17624,403593,COMPLETED,2026-05-07 16:19:17,Dispatch
17625,403594,CREATED,2026-05-07 06:13:43,Dispatch
17626,403594,ASSIGNED,2026-05-07 07:40:43,Dispatch
17627,403594,ENROUTE,2026-05-07 08:24:43,Mobile
17628,403594,ARRIVED,2026-05-07 10:57:43,Dispatch
17629,403594,COMPLETED,2026-05-07 15:06:43,Mobile
17630,403595,CREATED,2026-05-07 08:07:22,Dispatch
17631,403595,ASSIGNED,2026-05-07 09:04:22,Dispatch
17632,403595,ENROUTE,2026-05-07 14:16:22,CRM
17633,403595,ARRIVED,2026-05-07 15:54:22,Dispatch
17634,403596,CREATED,2026-05-07 08:48:48,Dispatch
17635,403596,ASSIGNED,2026-05-07 10:37:48,Dispatch
17636,403596,ENROUTE,2026-05-07 15:05:48,Dispatch
17637,403596,ARRIVED,2026-05-07 17:03:48,Mobile
17638,403596,COMPLETED,2026-05-08 01:36:48,Mobile
17639,403597,CREATED,2026-05-07 13:34:17,Mobile
17640,403597,ASSIGNED,2026-05-07 14:42:17,Dispatch
17641,403597,ENROUTE,2026-05-07 19:06:17,CRM
17642,403597,ARRIVED,2026-05-07 20:36:17,Dispatch
17643,403598,CREATED,2026-05-07 13:38:43,Mobile
17644,403598,ASSIGNED,2026-05-07 14:09:43,Dispatch
17645,403598,ENROUTE,2026-05-07 17:16:43,Dispatch
17646,403598,ARRIVED,2026-05-07 19:08:43,CRM
17647,403598,COMPLETED,2026-05-08 01:59:43,Dispatch
17648,403599,CREATED,2026-05-07 15:12:40,Mobile
17649,403599,ASSIGNED,2026-05-07 17:57:40,Mobile
17650,403599,ENROUTE,2026-05-07 19:19:40,CRM
17651,403599,ARRIVED,2026-05-07 20:04:40,Mobile
17652,403599,COMPLETED,2026-05-07 23:04:40,Dispatch
17653,403600,CREATED,2026-05-07 21:47:55,CRM
17654,403600,ASSIGNED,2026-05-07 22:14:55,Mobile
17655,403600,ENROUTE,2026-05-08 04:41:55,Mobile
17656,403600,ARRIVED,2026-05-08 07:07:55,Mobile
17657,403600,COMPLETED,2026-05-08 12:43:55,Mobile
17658,403601,CREATED,2026-05-07 22:09:08,Dispatch
17659,403601,ASSIGNED,2026-05-07 22:16:08,Mobile
17660,403601,ENROUTE,2026-05-07 22:49:08,Dispatch
17661,403601,ARRIVED,2026-05-08 00:17:08,Dispatch
17662,403601,COMPLETED,2026-05-08 10:16:08,Dispatch
17663,403602,CREATED,2026-05-07 23:27:49,CRM
17664,403602,ASSIGNED,2026-05-07 23:32:49,Dispatch
17665,403602,ENROUTE,2026-05-08 03:50:49,Dispatch
17666,403602,ARRIVED,2026-05-08 05:21:49,Mobile
17667,403602,COMPLETED,2026-05-08 14:16:49,Dispatch
17668,403603,CREATED,2026-05-08 03:04:55,Mobile
17669,403603,ASSIGNED,2026-05-08 05:33:55,Dispatch
17670,403603,ENROUTE,2026-05-08 10:39:55,Dispatch
17671,403603,ARRIVED,2026-05-08 12:46:55,Dispatch
17672,403603,COMPLETED,2026-05-08 16:32:55,Dispatch
17673,403604,CREATED,2026-05-08 10:05:15,Dispatch
17674,403604,ASSIGNED,2026-05-08 11:39:15,Dispatch
17675,403604,ENROUTE,2026-05-08 18:18:15,Dispatch
17676,403604,ARRIVED,2026-05-08 20:09:15,Dispatch
17677,403604,COMPLETED,2026-05-08 23:54:15,Mobile
17678,403605,CREATED,2026-05-08 11:25:12,Dispatch
17679,403605,ASSIGNED,2026-05-08 14:10:12,Mobile
17680,403605,ENROUTE,2026-05-08 19:02:12,Dispatch
17681,403605,ARRIVED,2026-05-08 19:36:12,Dispatch
17682,403605,COMPLETED,2026-05-09 03:31:12,Mobile
17683,403606,CREATED,2026-05-08 14:27:59,Mobile
17684,403606,ASSIGNED,2026-05-08 14:32:59,Mobile
17685,403606,ENROUTE,2026-05-08 15:40:59,Mobile
17686,403606,ARRIVED,2026-05-08 16:53:59,Mobile
17687,403606,COMPLETED,2026-05-09 01:30:59,Mobile
17688,403607,CREATED,2026-05-08 20:29:39,Dispatch
17689,403607,ASSIGNED,2026-05-08 23:52:39,Mobile
17690,403607,ENROUTE,2026-05-09 03:59:39,Dispatch
17691,403607,ARRIVED,2026-05-09 06:29:39,Dispatch
17692,403607,COMPLETED,2026-05-09 10:43:39,Dispatch
17693,403608,CREATED,2026-05-09 03:09:45,Dispatch
17694,403608,ASSIGNED,2026-05-09 04:18:45,CRM
17695,403608,ENROUTE,2026-05-09 07:50:45,Mobile
17696,403608,ARRIVED,2026-05-09 09:04:45,Dispatch
17697,403608,COMPLETED,2026-05-09 16:21:45,Dispatch
17698,403609,CREATED,2026-05-09 10:21:48,Mobile
17699,403609,ASSIGNED,2026-05-09 12:14:48,Mobile
17700,403609,ENROUTE,2026-05-09 17:02:48,CRM
17701,403609,ARRIVED,2026-05-09 19:51:48,CRM
17702,403609,COMPLETED,2026-05-10 03:17:48,Mobile
17703,403610,CREATED,2026-05-09 10:55:34,Dispatch
17704,403610,ASSIGNED,2026-05-09 12:15:34,Dispatch
17705,403610,ENROUTE,2026-05-09 19:20:34,Dispatch
17706,403610,ARRIVED,2026-05-09 20:21:34,CRM
17707,403610,COMPLETED,2026-05-10 02:13:34,Mobile
17708,403611,CREATED,2026-05-09 13:55:04,CRM
17709,403611,ASSIGNED,2026-05-09 15:51:04,Mobile
17710,403611,ENROUTE,2026-05-09 17:29:04,CRM
17711,403611,ARRIVED,2026-05-09 19:00:04,Dispatch
17712,403611,COMPLETED,2026-05-09 22:50:04,Dispatch
17713,403612,CREATED,2026-05-09 16:50:37,Mobile
17714,403612,ASSIGNED,2026-05-09 17:48:37,Mobile
17715,403612,ENROUTE,2026-05-09 23:28:37,Dispatch
17716,403612,ARRIVED,2026-05-10 02:18:37,CRM
17717,403612,COMPLETED,2026-05-10 08:12:37,Dispatch
17718,403613,CREATED,2026-05-09 19:01:57,Dispatch
17719,403613,ASSIGNED,2026-05-09 22:52:57,Dispatch
17720,403613,ENROUTE,2026-05-10 02:14:57,Dispatch
17721,403613,ARRIVED,2026-05-10 02:46:57,CRM
17722,403614,CREATED,2026-05-09 20:30:57,Dispatch
17723,403614,ASSIGNED,2026-05-09 23:14:57,Dispatch
17724,403614,ENROUTE,2026-05-10 00:21:57,Mobile
17725,403614,ARRIVED,2026-05-10 02:10:57,Dispatch
17726,403614,COMPLETED,2026-05-10 04:08:57,Dispatch
17727,403615,CREATED,2026-05-09 20:54:54,Dispatch
17728,403615,ASSIGNED,2026-05-09 23:04:54,Mobile
17729,403615,ENROUTE,2026-05-10 05:52:54,Dispatch
17730,403615,ARRIVED,2026-05-10 06:53:54,Dispatch
17731,403615,COMPLETED,2026-05-10 11:02:54,Dispatch
17732,403616,CREATED,2026-05-10 00:16:37,Dispatch
17733,403616,ASSIGNED,2026-05-10 02:50:37,CRM
17734,403616,ENROUTE,2026-05-10 09:10:37,CRM
17735,403616,ARRIVED,2026-05-10 09:55:37,Dispatch
17736,403616,COMPLETED,2026-05-10 14:08:37,Mobile
17737,403617,CREATED,2026-05-10 01:42:02,Dispatch
17738,403617,ASSIGNED,2026-05-10 02:31:02,Dispatch
17739,403617,ENROUTE,2026-05-10 09:37:02,Mobile
17740,403617,ARRIVED,2026-05-10 12:16:02,Dispatch
17741,403618,CREATED,2026-05-10 04:39:14,Dispatch
17742,403618,ASSIGNED,2026-05-10 07:52:14,Dispatch
17743,403618,ENROUTE,2026-05-10 10:43:14,Dispatch
17744,403618,ARRIVED,2026-05-10 12:13:14,CRM
17745,403618,COMPLETED,2026-05-10 16:34:14,Dispatch
17746,403619,CREATED,2026-05-10 11:58:11,Dispatch
17747,403619,ASSIGNED,2026-05-10 13:08:11,Mobile
17748,403619,ENROUTE,2026-05-10 17:31:11,CRM
17749,403619,ARRIVED,2026-05-10 19:41:11,CRM
17750,403619,COMPLETED,2026-05-11 05:01:11,Dispatch
17751,403620,CREATED,2026-05-10 15:12:11,Dispatch
17752,403620,ASSIGNED,2026-05-10 15:55:11,Mobile
17753,403620,ENROUTE,2026-05-10 23:41:11,Dispatch
17754,403620,ARRIVED,2026-05-11 01:06:11,Dispatch
17755,403620,COMPLETED,2026-05-11 07:06:11,Dispatch
17756,403621,CREATED,2026-05-10 20:26:45,Dispatch
17757,403621,ASSIGNED,2026-05-10 21:59:45,Dispatch
17758,403621,ENROUTE,2026-05-11 01:59:45,Mobile
17759,403621,ARRIVED,2026-05-11 02:21:45,Mobile
17760,403621,COMPLETED,2026-05-11 03:07:45,Dispatch
17761,403622,CREATED,2026-05-11 02:02:31,Mobile
17762,403622,ASSIGNED,2026-05-11 02:41:31,Dispatch
17763,403622,ENROUTE,2026-05-11 03:11:31,Dispatch
17764,403622,ARRIVED,2026-05-11 03:28:31,Dispatch
17765,403623,CREATED,2026-05-11 02:44:01,Dispatch
17766,403623,ASSIGNED,2026-05-11 04:35:01,Mobile
17767,403623,ENROUTE,2026-05-11 11:44:01,Dispatch
17768,403623,ARRIVED,2026-05-11 11:54:01,CRM
17769,403623,COMPLETED,2026-05-11 20:10:01,Mobile
17770,403624,CREATED,2026-05-11 06:40:27,Dispatch
17771,403624,ASSIGNED,2026-05-11 07:15:27,Mobile
17772,403624,ENROUTE,2026-05-11 13:56:27,Dispatch
17773,403624,ARRIVED,2026-05-11 16:15:27,Dispatch
17774,403624,COMPLETED,2026-05-12 01:19:27,Dispatch
17775,403625,CREATED,2026-05-11 13:20:12,Dispatch
17776,403625,ASSIGNED,2026-05-11 16:04:12,Mobile
17777,403625,ENROUTE,2026-05-11 20:39:12,Dispatch
17778,403625,ARRIVED,2026-05-11 20:53:12,Dispatch
17779,403625,COMPLETED,2026-05-11 23:03:12,Dispatch
17780,403626,CREATED,2026-05-11 15:55:46,Mobile
17781,403626,ASSIGNED,2026-05-11 16:15:46,Dispatch
17782,403626,ENROUTE,2026-05-11 17:28:46,Dispatch
17783,403626,ARRIVED,2026-05-11 19:42:46,Dispatch
17784,403626,COMPLETED,2026-05-12 03:10:46,Mobile
17785,403627,CREATED,2026-05-11 17:45:41,Dispatch
17786,403627,ASSIGNED,2026-05-11 19:36:41,Mobile
17787,403627,ENROUTE,2026-05-11 22:31:41,Dispatch
17788,403627,ARRIVED,2026-05-11 23:17:41,Mobile
17789,403627,COMPLETED,2026-05-12 08:56:41,Dispatch
17790,403628,CREATED,2026-05-11 18:24:21,Mobile
17791,403628,ASSIGNED,2026-05-11 21:57:21,Dispatch
17792,403628,ENROUTE,2026-05-12 02:53:21,Dispatch
17793,403628,ARRIVED,2026-05-12 03:35:21,Mobile
17794,403628,COMPLETED,2026-05-12 06:45:21,Mobile
17795,403629,CREATED,2026-05-12 04:24:22,Dispatch
17796,403629,ASSIGNED,2026-05-12 06:23:22,Dispatch
17797,403629,ENROUTE,2026-05-12 12:29:22,Mobile
17798,403629,ARRIVED,2026-05-12 14:26:22,CRM
17799,403629,CANCELLED,2026-05-12 07:23:22,CRM
17800,403630,CREATED,2026-05-12 06:27:47,Dispatch
17801,403630,ASSIGNED,2026-05-12 10:15:47,Dispatch
17802,403630,ENROUTE,2026-05-12 18:08:47,Mobile
17803,403630,ARRIVED,2026-05-12 21:02:47,CRM
17804,403630,COMPLETED,2026-05-13 03:48:47,Dispatch
17805,403631,CREATED,2026-05-12 06:28:40,CRM
17806,403631,ASSIGNED,2026-05-12 09:22:40,Mobile
17807,403631,ENROUTE,2026-05-12 17:13:40,Mobile
17808,403631,ARRIVED,2026-05-12 19:30:40,Dispatch
17809,403631,COMPLETED,2026-05-13 03:45:40,Dispatch
17810,403632,CREATED,2026-05-12 06:46:23,Mobile
17811,403632,ASSIGNED,2026-05-12 08:22:23,Mobile
17812,403632,ENROUTE,2026-05-12 13:09:23,Dispatch
17813,403632,ARRIVED,2026-05-12 15:34:23,Mobile
17814,403632,COMPLETED,2026-05-12 17:12:23,Dispatch
17815,403633,CREATED,2026-05-12 07:08:14,Dispatch
17816,403633,ASSIGNED,2026-05-12 07:17:14,Mobile
17817,403633,ENROUTE,2026-05-12 13:04:14,Dispatch
17818,403633,ARRIVED,2026-05-12 15:10:14,Dispatch
17819,403633,COMPLETED,2026-05-12 21:19:14,Mobile
17820,403634,CREATED,2026-05-12 13:24:35,Mobile
17821,403634,ASSIGNED,2026-05-12 16:54:35,Dispatch
17822,403634,ENROUTE,2026-05-12 22:55:35,Dispatch
17823,403634,ARRIVED,2026-05-13 01:53:35,Dispatch
17824,403634,COMPLETED,2026-05-13 02:51:35,Dispatch
17825,403635,CREATED,2026-05-12 14:27:19,Dispatch
17826,403635,ASSIGNED,2026-05-12 15:44:19,Dispatch
17827,403635,ENROUTE,2026-05-12 18:33:19,Dispatch
17828,403635,ARRIVED,2026-05-12 21:11:19,Mobile
17829,403635,COMPLETED,2026-05-13 01:52:19,Dispatch
17830,403636,CREATED,2026-05-12 16:49:44,Dispatch
17831,403636,ASSIGNED,2026-05-12 18:34:44,Dispatch
17832,403636,ENROUTE,2026-05-13 02:05:44,Dispatch
17833,403636,ARRIVED,2026-05-13 04:44:44,Mobile
17834,403636,COMPLETED,2026-05-13 10:41:44,Mobile
17835,403637,CREATED,2026-05-12 16:52:27,Dispatch
17836,403637,ASSIGNED,2026-05-12 20:09:27,Dispatch
17837,403637,ENROUTE,2026-05-12 21:38:27,CRM
17838,403637,ARRIVED,2026-05-12 23:49:27,Dispatch
17839,403637,COMPLETED,2026-05-13 08:47:27,Mobile
17840,403638,CREATED,2026-05-12 20:00:24,Mobile
17841,403638,ASSIGNED,2026-05-12 20:18:24,Dispatch
17842,403638,ENROUTE,2026-05-12 20:37:24,Dispatch
17843,403638,ARRIVED,2026-05-12 22:58:24,Dispatch
17844,403638,COMPLETED,2026-05-13 05:22:24,Mobile
17845,403639,CREATED,2026-05-13 03:36:51,Dispatch
17846,403639,ASSIGNED,2026-05-13 04:42:51,Dispatch
17847,403639,ENROUTE,2026-05-13 12:30:51,Dispatch
17848,403639,ARRIVED,2026-05-13 12:54:51,Mobile
17849,403639,COMPLETED,2026-05-13 21:55:51,Mobile
17850,403640,CREATED,2026-05-13 04:43:28,Mobile
17851,403640,ASSIGNED,2026-05-13 07:33:28,Dispatch
17852,403640,ENROUTE,2026-05-13 08:13:28,Mobile
17853,403640,ARRIVED,2026-05-13 08:31:28,Dispatch
17854,403640,CANCELLED,2026-05-13 08:33:28,Mobile
17855,403641,CREATED,2026-05-13 07:35:24,Mobile
17856,403641,ASSIGNED,2026-05-13 11:17:24,Dispatch
17857,403641,ENROUTE,2026-05-13 18:45:24,Dispatch
17858,403641,ARRIVED,2026-05-13 21:03:24,Dispatch
17859,403641,COMPLETED,2026-05-14 03:33:24,CRM
17860,403642,CREATED,2026-05-13 08:47:14,Mobile
17861,403642,ASSIGNED,2026-05-13 11:18:14,Dispatch
17862,403642,ENROUTE,2026-05-13 15:28:14,Mobile
17863,403642,ARRIVED,2026-05-13 17:30:14,Dispatch
17864,403643,CREATED,2026-05-13 09:21:37,Dispatch
17865,403643,ASSIGNED,2026-05-13 12:04:37,Mobile
17866,403643,ENROUTE,2026-05-13 17:20:37,Mobile
17867,403643,ARRIVED,2026-05-13 17:50:37,CRM
17868,403643,CANCELLED,2026-05-13 13:04:37,Dispatch
17869,403644,CREATED,2026-05-13 13:04:36,Dispatch
17870,403644,ASSIGNED,2026-05-13 16:54:36,Dispatch
17871,403644,ENROUTE,2026-05-13 17:30:36,Dispatch
17872,403644,ARRIVED,2026-05-13 17:55:36,Mobile
17873,403644,COMPLETED,2026-05-14 01:41:36,Mobile
17874,403645,CREATED,2026-05-13 16:19:47,Dispatch
17875,403645,ASSIGNED,2026-05-13 17:44:47,Dispatch
17876,403645,ENROUTE,2026-05-14 01:41:47,Dispatch
17877,403645,ARRIVED,2026-05-14 03:46:47,Dispatch
17878,403645,COMPLETED,2026-05-14 06:30:47,Dispatch
17879,403646,CREATED,2026-05-14 10:08:14,Dispatch
17880,403646,ASSIGNED,2026-05-14 13:57:14,Dispatch
17881,403646,ENROUTE,2026-05-14 18:53:14,CRM
17882,403646,ARRIVED,2026-05-14 19:43:14,Dispatch
17883,403646,CANCELLED,2026-05-14 14:57:14,Mobile
17884,403647,CREATED,2026-05-14 10:29:45,Dispatch
17885,403647,ASSIGNED,2026-05-14 13:19:45,Dispatch
17886,403647,ENROUTE,2026-05-14 15:37:45,Dispatch
17887,403647,ARRIVED,2026-05-14 16:07:45,CRM
17888,403647,COMPLETED,2026-05-14 20:13:45,Dispatch
17889,403648,CREATED,2026-05-14 11:20:51,Mobile
17890,403648,ASSIGNED,2026-05-14 13:15:51,Dispatch
17891,403648,ENROUTE,2026-05-14 14:40:51,Mobile
17892,403648,ARRIVED,2026-05-14 15:59:51,Mobile
17893,403649,CREATED,2026-05-14 13:34:34,Dispatch
17894,403649,ASSIGNED,2026-05-14 14:52:34,Dispatch
17895,403649,ENROUTE,2026-05-14 20:26:34,Mobile
17896,403649,ARRIVED,2026-05-14 21:19:34,Dispatch
17897,403650,CREATED,2026-05-15 04:38:22,Mobile
17898,403650,ASSIGNED,2026-05-15 04:58:22,Dispatch
17899,403650,ENROUTE,2026-05-15 10:31:22,CRM
17900,403650,ARRIVED,2026-05-15 12:20:22,Dispatch
17901,403650,COMPLETED,2026-05-15 14:31:22,CRM
17902,403651,CREATED,2026-05-15 11:37:27,Dispatch
17903,403651,ASSIGNED,2026-05-15 14:55:27,Mobile
17904,403651,ENROUTE,2026-05-15 17:27:27,Mobile
17905,403651,ARRIVED,2026-05-15 20:05:27,Dispatch
17906,403651,COMPLETED,2026-05-16 02:52:27,Mobile
17907,403652,CREATED,2026-05-15 12:32:47,Mobile
17908,403652,ASSIGNED,2026-05-15 15:12:47,Dispatch
17909,403652,ENROUTE,2026-05-15 18:36:47,Dispatch
17910,403652,ARRIVED,2026-05-15 21:01:47,Mobile
17911,403653,CREATED,2026-05-15 14:29:31,Dispatch
17912,403653,ASSIGNED,2026-05-15 15:11:31,CRM
17913,403653,ENROUTE,2026-05-15 22:00:31,Dispatch
17914,403653,ARRIVED,2026-05-15 22:40:31,Dispatch
17915,403653,COMPLETED,2026-05-16 00:34:31,Mobile
17916,403654,CREATED,2026-05-15 18:09:48,Mobile
17917,403654,ASSIGNED,2026-05-15 19:34:48,Dispatch
17918,403654,ENROUTE,2026-05-15 22:10:48,Dispatch
17919,403654,ARRIVED,2026-05-16 01:07:48,Mobile
17920,403654,CANCELLED,2026-05-15 20:34:48,Dispatch
17921,403655,CREATED,2026-05-15 18:46:33,Dispatch
17922,403655,ASSIGNED,2026-05-15 20:25:33,Mobile
17923,403655,ENROUTE,2026-05-15 22:27:33,Dispatch
17924,403655,ARRIVED,2026-05-15 23:01:33,Dispatch
17925,403655,COMPLETED,2026-05-16 07:02:33,Mobile
17926,403656,CREATED,2026-05-15 22:09:13,Dispatch
17927,403656,ASSIGNED,2026-05-16 01:53:13,Mobile
17928,403656,ENROUTE,2026-05-16 05:18:13,Mobile
17929,403656,ARRIVED,2026-05-16 05:38:13,Dispatch
17930,403656,COMPLETED,2026-05-16 09:04:13,Dispatch
17931,403657,CREATED,2026-05-15 22:13:33,Dispatch
17932,403657,ASSIGNED,2026-05-16 00:05:33,Dispatch
17933,403657,ENROUTE,2026-05-16 02:24:33,Mobile
17934,403657,ARRIVED,2026-05-16 03:14:33,Mobile
17935,403657,COMPLETED,2026-05-16 09:54:33,CRM
17936,403658,CREATED,2026-05-16 00:38:22,CRM
17937,403658,ASSIGNED,2026-05-16 00:51:22,Dispatch
17938,403658,ENROUTE,2026-05-16 03:26:22,Mobile
17939,403658,ARRIVED,2026-05-16 06:14:22,Dispatch
17940,403658,COMPLETED,2026-05-16 11:48:22,Mobile
17941,403659,CREATED,2026-05-16 01:32:10,Mobile
17942,403659,ASSIGNED,2026-05-16 04:16:10,Dispatch
17943,403659,ENROUTE,2026-05-16 05:33:10,Mobile
17944,403659,ARRIVED,2026-05-16 06:27:10,Mobile
17945,403659,COMPLETED,2026-05-16 10:10:10,Dispatch
17946,403660,CREATED,2026-05-16 06:03:20,Dispatch
17947,403660,ASSIGNED,2026-05-16 06:36:20,Dispatch
17948,403660,ENROUTE,2026-05-16 14:09:20,Dispatch
17949,403660,ARRIVED,2026-05-16 15:35:20,Mobile
17950,403660,COMPLETED,2026-05-16 18:50:20,Dispatch
17951,403661,CREATED,2026-05-16 06:29:36,Mobile
17952,403661,ASSIGNED,2026-05-16 07:31:36,Mobile
17953,403661,ENROUTE,2026-05-16 09:27:36,CRM
17954,403661,ARRIVED,2026-05-16 10:50:36,CRM
17955,403661,COMPLETED,2026-05-16 17:25:36,Dispatch
17956,403662,CREATED,2026-05-16 08:34:22,Dispatch
17957,403662,ASSIGNED,2026-05-16 10:06:22,Mobile
17958,403662,ENROUTE,2026-05-16 15:22:22,Dispatch
17959,403662,ARRIVED,2026-05-16 15:54:22,Dispatch
17960,403662,COMPLETED,2026-05-16 18:53:22,CRM
17961,403663,CREATED,2026-05-16 11:20:38,Dispatch
17962,403663,ASSIGNED,2026-05-16 13:06:38,Mobile
17963,403663,ENROUTE,2026-05-16 18:32:38,Mobile
17964,403663,ARRIVED,2026-05-16 20:51:38,Mobile
17965,403663,COMPLETED,2026-05-17 01:45:38,CRM
17966,403664,CREATED,2026-05-16 11:36:39,Mobile
17967,403664,ASSIGNED,2026-05-16 14:00:39,CRM
17968,403664,ENROUTE,2026-05-16 17:44:39,Dispatch
17969,403664,ARRIVED,2026-05-16 19:00:39,CRM
17970,403664,COMPLETED,2026-05-16 23:57:39,Dispatch
17971,403665,CREATED,2026-05-16 13:42:13,Dispatch
17972,403665,ASSIGNED,2026-05-16 15:36:13,Dispatch
17973,403665,ENROUTE,2026-05-16 16:53:13,CRM
17974,403665,ARRIVED,2026-05-16 18:46:13,Dispatch
17975,403665,COMPLETED,2026-05-17 02:23:13,CRM
17976,403666,CREATED,2026-05-16 17:24:55,Dispatch
17977,403666,ASSIGNED,2026-05-16 20:40:55,Mobile
17978,403666,ENROUTE,2026-05-17 02:03:55,CRM
17979,403666,ARRIVED,2026-05-17 04:20:55,Mobile
17980,403666,COMPLETED,2026-05-17 14:13:55,Dispatch
17981,403667,CREATED,2026-05-16 17:45:03,Mobile
17982,403667,ASSIGNED,2026-05-16 18:04:03,CRM
17983,403667,ENROUTE,2026-05-16 22:39:03,Dispatch
17984,403667,ARRIVED,2026-05-17 00:54:03,Mobile
17985,403668,CREATED,2026-05-16 20:56:06,Mobile
17986,403668,ASSIGNED,2026-05-16 23:13:06,Mobile
17987,403668,ENROUTE,2026-05-17 06:12:06,Mobile
17988,403668,ARRIVED,2026-05-17 06:25:06,Mobile
17989,403668,COMPLETED,2026-05-17 12:24:06,Dispatch
17990,403669,CREATED,2026-05-16 22:48:51,Dispatch
17991,403669,ASSIGNED,2026-05-17 00:02:51,Dispatch
17992,403669,ENROUTE,2026-05-17 01:43:51,CRM
17993,403669,ARRIVED,2026-05-17 02:53:51,Dispatch
17994,403670,CREATED,2026-05-17 04:19:10,Dispatch
17995,403670,ASSIGNED,2026-05-17 08:00:10,Mobile
17996,403670,ENROUTE,2026-05-17 12:46:10,Mobile
17997,403670,ARRIVED,2026-05-17 15:35:10,Dispatch
17998,403670,COMPLETED,2026-05-17 21:54:10,CRM
17999,403671,CREATED,2026-05-17 07:30:37,Dispatch
18000,403671,ASSIGNED,2026-05-17 08:48:37,Dispatch
18001,403671,ENROUTE,2026-05-17 10:00:37,Mobile
18002,403671,ARRIVED,2026-05-17 10:33:37,Dispatch
18003,403671,COMPLETED,2026-05-17 16:53:37,Mobile
18004,403672,CREATED,2026-05-17 08:23:04,Dispatch
18005,403672,ASSIGNED,2026-05-17 10:49:04,Dispatch
18006,403672,ENROUTE,2026-05-17 12:22:04,Mobile
18007,403672,ARRIVED,2026-05-17 14:46:04,Mobile
18008,403672,COMPLETED,2026-05-17 22:27:04,Mobile
18009,403673,CREATED,2026-05-17 13:05:48,Mobile
18010,403673,ASSIGNED,2026-05-17 14:06:48,Dispatch
18011,403673,ENROUTE,2026-05-17 18:39:48,Dispatch
18012,403673,ARRIVED,2026-05-17 19:29:48,Mobile
18013,403673,COMPLETED,2026-05-17 23:19:48,CRM
18014,403674,CREATED,2026-05-17 15:18:50,Dispatch
18015,403674,ASSIGNED,2026-05-17 16:35:50,CRM
18016,403674,ENROUTE,2026-05-17 23:40:50,Mobile
18017,403674,ARRIVED,2026-05-18 01:59:50,Dispatch
18018,403674,COMPLETED,2026-05-18 04:44:50,Mobile
18019,403675,CREATED,2026-05-17 18:03:45,Dispatch
18020,403675,ASSIGNED,2026-05-17 21:44:45,Mobile
18021,403675,ENROUTE,2026-05-17 22:14:45,CRM
18022,403675,ARRIVED,2026-05-17 22:37:45,Dispatch
18023,403675,COMPLETED,2026-05-18 07:04:45,Dispatch
18024,403676,CREATED,2026-05-17 18:38:31,Mobile
18025,403676,ASSIGNED,2026-05-17 21:28:31,Mobile
18026,403676,ENROUTE,2026-05-18 00:25:31,Mobile
18027,403676,ARRIVED,2026-05-18 02:13:31,Mobile
18028,403677,CREATED,2026-05-17 23:47:18,Dispatch
18029,403677,ASSIGNED,2026-05-18 02:31:18,Mobile
18030,403677,ENROUTE,2026-05-18 03:07:18,Mobile
18031,403677,ARRIVED,2026-05-18 04:49:18,Dispatch
18032,403677,COMPLETED,2026-05-18 09:40:18,Dispatch
18033,403678,CREATED,2026-05-18 02:20:07,Dispatch
18034,403678,ASSIGNED,2026-05-18 04:55:07,Dispatch
18035,403678,ENROUTE,2026-05-18 12:48:07,Mobile
18036,403678,ARRIVED,2026-05-18 13:58:07,Mobile
18037,403678,COMPLETED,2026-05-18 18:18:07,Dispatch
18038,403679,CREATED,2026-05-18 02:55:14,Dispatch
18039,403679,ASSIGNED,2026-05-18 06:52:14,Dispatch
18040,403679,ENROUTE,2026-05-18 07:55:14,CRM
18041,403679,ARRIVED,2026-05-18 08:42:14,CRM
18042,403679,COMPLETED,2026-05-18 11:40:14,Mobile
18043,403680,CREATED,2026-05-18 08:09:53,Mobile
18044,403680,ASSIGNED,2026-05-18 09:10:53,Mobile
18045,403680,ENROUTE,2026-05-18 11:58:53,Dispatch
18046,403680,ARRIVED,2026-05-18 13:36:53,Mobile
18047,403680,COMPLETED,2026-05-18 16:33:53,Mobile
18048,403681,CREATED,2026-05-18 08:18:48,Dispatch
18049,403681,ASSIGNED,2026-05-18 10:45:48,Dispatch
18050,403681,ENROUTE,2026-05-18 17:28:48,Mobile
18051,403681,ARRIVED,2026-05-18 19:54:48,Dispatch
18052,403682,CREATED,2026-05-18 09:31:55,Dispatch
18053,403682,ASSIGNED,2026-05-18 12:34:55,Mobile
18054,403682,ENROUTE,2026-05-18 15:16:55,Mobile
18055,403682,ARRIVED,2026-05-18 16:42:55,Dispatch
18056,403682,COMPLETED,2026-05-19 01:22:55,Dispatch
18057,403683,CREATED,2026-05-18 11:24:24,Dispatch
18058,403683,ASSIGNED,2026-05-18 12:08:24,Dispatch
18059,403683,ENROUTE,2026-05-18 14:27:24,Mobile
18060,403683,ARRIVED,2026-05-18 16:38:24,CRM
18061,403684,CREATED,2026-05-18 15:33:16,CRM
18062,403684,ASSIGNED,2026-05-18 19:04:16,Mobile
18063,403684,ENROUTE,2026-05-18 19:28:16,Dispatch
18064,403684,ARRIVED,2026-05-18 19:41:16,Mobile
18065,403685,CREATED,2026-05-18 17:46:33,Dispatch
18066,403685,ASSIGNED,2026-05-18 19:54:33,Dispatch
18067,403685,ENROUTE,2026-05-18 21:09:33,Dispatch
18068,403685,ARRIVED,2026-05-18 21:56:33,Mobile
18069,403685,COMPLETED,2026-05-19 03:07:33,Dispatch
18070,403686,CREATED,2026-05-19 01:44:26,Dispatch
18071,403686,ASSIGNED,2026-05-19 03:31:26,CRM
18072,403686,ENROUTE,2026-05-19 11:17:26,Dispatch
18073,403686,ARRIVED,2026-05-19 11:42:26,Dispatch
18074,403686,CANCELLED,2026-05-19 04:31:26,Mobile
18075,403687,CREATED,2026-05-19 02:36:47,Dispatch
18076,403687,ASSIGNED,2026-05-19 05:39:47,Dispatch
18077,403687,ENROUTE,2026-05-19 13:03:47,Dispatch
18078,403687,ARRIVED,2026-05-19 14:38:47,Mobile
18079,403688,CREATED,2026-05-19 03:17:01,CRM
18080,403688,ASSIGNED,2026-05-19 04:10:01,Dispatch
18081,403688,ENROUTE,2026-05-19 05:17:01,Dispatch
18082,403688,ARRIVED,2026-05-19 07:26:01,Mobile
18083,403688,COMPLETED,2026-05-19 16:17:01,Dispatch
18084,403689,CREATED,2026-05-19 04:20:32,Dispatch
18085,403689,ASSIGNED,2026-05-19 08:03:32,Dispatch
18086,403689,ENROUTE,2026-05-19 09:21:32,Mobile
18087,403689,ARRIVED,2026-05-19 12:18:32,Dispatch
18088,403689,COMPLETED,2026-05-19 22:04:32,Dispatch
18089,403690,CREATED,2026-05-19 04:42:41,Dispatch
18090,403690,ASSIGNED,2026-05-19 06:58:41,Mobile
18091,403690,ENROUTE,2026-05-19 13:03:41,Dispatch
18092,403690,ARRIVED,2026-05-19 14:39:41,Dispatch
18093,403690,COMPLETED,2026-05-19 18:54:41,Dispatch
18094,403691,CREATED,2026-05-19 07:28:21,Dispatch
18095,403691,ASSIGNED,2026-05-19 10:12:21,Mobile
18096,403691,ENROUTE,2026-05-19 17:57:21,Dispatch
18097,403691,ARRIVED,2026-05-19 20:15:21,Dispatch
18098,403691,COMPLETED,2026-05-20 00:01:21,Mobile
18099,403692,CREATED,2026-05-19 08:22:37,Dispatch
18100,403692,ASSIGNED,2026-05-19 11:28:37,Mobile
18101,403692,ENROUTE,2026-05-19 12:13:37,Mobile
18102,403692,ARRIVED,2026-05-19 14:43:37,Mobile
18103,403692,COMPLETED,2026-05-19 19:07:37,Dispatch
18104,403693,CREATED,2026-05-19 18:41:01,CRM
18105,403693,ASSIGNED,2026-05-19 19:15:01,Dispatch
18106,403693,ENROUTE,2026-05-20 01:00:01,Mobile
18107,403693,ARRIVED,2026-05-20 02:38:01,CRM
18108,403693,COMPLETED,2026-05-20 12:18:01,Dispatch
18109,403694,CREATED,2026-05-19 22:23:43,Dispatch
18110,403694,ASSIGNED,2026-05-20 01:04:43,Dispatch
18111,403694,ENROUTE,2026-05-20 08:33:43,CRM
18112,403694,ARRIVED,2026-05-20 10:08:43,Dispatch
18113,403694,COMPLETED,2026-05-20 14:52:43,Dispatch
18114,403695,CREATED,2026-05-20 00:04:40,Dispatch
18115,403695,ASSIGNED,2026-05-20 03:18:40,Dispatch
18116,403695,ENROUTE,2026-05-20 08:06:40,Dispatch
18117,403695,ARRIVED,2026-05-20 10:57:40,Dispatch
18118,403695,COMPLETED,2026-05-20 17:12:40,Dispatch
18119,403696,CREATED,2026-05-20 01:35:42,Mobile
18120,403696,ASSIGNED,2026-05-20 03:57:42,Mobile
18121,403696,ENROUTE,2026-05-20 04:31:42,Dispatch
18122,403696,ARRIVED,2026-05-20 05:21:42,Mobile
18123,403696,COMPLETED,2026-05-20 08:18:42,Mobile
18124,403697,CREATED,2026-05-20 04:07:56,Mobile
18125,403697,ASSIGNED,2026-05-20 04:32:56,Mobile
18126,403697,ENROUTE,2026-05-20 09:23:56,Mobile
18127,403697,ARRIVED,2026-05-20 10:58:56,Dispatch
18128,403697,COMPLETED,2026-05-20 15:23:56,CRM
18129,403698,CREATED,2026-05-20 06:41:01,Mobile
18130,403698,ASSIGNED,2026-05-20 07:08:01,Mobile
18131,403698,ENROUTE,2026-05-20 09:04:01,Dispatch
18132,403698,ARRIVED,2026-05-20 11:03:01,Dispatch
18133,403698,COMPLETED,2026-05-20 18:06:01,Mobile
18134,403699,CREATED,2026-05-20 07:41:27,Mobile
18135,403699,ASSIGNED,2026-05-20 09:39:27,Dispatch
18136,403699,ENROUTE,2026-05-20 16:36:27,Mobile
18137,403699,ARRIVED,2026-05-20 18:44:27,Dispatch
18138,403699,COMPLETED,2026-05-21 00:37:27,Mobile
18139,403700,CREATED,2026-05-20 08:02:09,Dispatch
18140,403700,ASSIGNED,2026-05-20 08:18:09,Mobile
18141,403700,ENROUTE,2026-05-20 09:30:09,Dispatch
18142,403700,ARRIVED,2026-05-20 10:34:09,Mobile
18143,403700,COMPLETED,2026-05-20 12:31:09,Mobile
18144,403701,CREATED,2026-05-20 09:18:01,Dispatch
18145,403701,ASSIGNED,2026-05-20 12:48:01,Mobile
18146,403701,ENROUTE,2026-05-20 16:54:01,Dispatch
18147,403701,ARRIVED,2026-05-20 18:05:01,Dispatch
18148,403702,CREATED,2026-05-20 14:50:47,Mobile
18149,403702,ASSIGNED,2026-05-20 18:25:47,Dispatch
18150,403702,ENROUTE,2026-05-20 23:11:47,Dispatch
18151,403702,ARRIVED,2026-05-21 01:17:47,Dispatch
18152,403702,COMPLETED,2026-05-21 03:54:47,Dispatch
18153,403703,CREATED,2026-05-20 18:31:34,Dispatch
18154,403703,ASSIGNED,2026-05-20 18:56:34,Mobile
18155,403703,ENROUTE,2026-05-20 22:15:34,Mobile
18156,403703,ARRIVED,2026-05-21 00:19:34,Mobile
18157,403703,CANCELLED,2026-05-20 19:56:34,Mobile
18158,403704,CREATED,2026-05-20 19:17:53,CRM
18159,403704,ASSIGNED,2026-05-20 20:52:53,Dispatch
18160,403704,ENROUTE,2026-05-20 23:00:53,Mobile
18161,403704,ARRIVED,2026-05-21 01:08:53,Mobile
18162,403704,COMPLETED,2026-05-21 03:07:53,Mobile
18163,403705,CREATED,2026-05-21 01:59:52,Mobile
18164,403705,ASSIGNED,2026-05-21 03:34:52,Dispatch
18165,403705,ENROUTE,2026-05-21 10:39:52,Mobile
18166,403705,ARRIVED,2026-05-21 13:02:52,Mobile
18167,403705,COMPLETED,2026-05-21 21:00:52,Dispatch
18168,403706,CREATED,2026-05-21 03:34:29,Dispatch
18169,403706,ASSIGNED,2026-05-21 04:21:29,Mobile
18170,403706,ENROUTE,2026-05-21 05:03:29,Dispatch
18171,403706,ARRIVED,2026-05-21 07:12:29,Mobile
18172,403706,COMPLETED,2026-05-21 14:04:29,Dispatch
18173,403707,CREATED,2026-05-21 04:31:33,Mobile
18174,403707,ASSIGNED,2026-05-21 05:57:33,Mobile
18175,403707,ENROUTE,2026-05-21 11:21:33,Mobile
18176,403707,ARRIVED,2026-05-21 11:49:33,Dispatch
18177,403707,COMPLETED,2026-05-21 17:24:33,Mobile
18178,403708,CREATED,2026-05-21 06:51:46,Dispatch
18179,403708,ASSIGNED,2026-05-21 07:24:46,Mobile
18180,403708,ENROUTE,2026-05-21 09:02:46,Mobile
18181,403708,ARRIVED,2026-05-21 10:39:46,Dispatch
18182,403708,COMPLETED,2026-05-21 14:52:46,Dispatch
18183,403709,CREATED,2026-05-21 14:38:45,Mobile
18184,403709,ASSIGNED,2026-05-21 16:27:45,Mobile
18185,403709,ENROUTE,2026-05-21 21:38:45,Mobile
18186,403709,ARRIVED,2026-05-21 22:30:45,Mobile
18187,403709,COMPLETED,2026-05-22 07:42:45,Mobile
18188,403710,CREATED,2026-05-21 16:00:38,Mobile
18189,403710,ASSIGNED,2026-05-21 16:39:38,Dispatch
18190,403710,ENROUTE,2026-05-21 19:39:38,Mobile
18191,403710,ARRIVED,2026-05-21 22:38:38,Dispatch
18192,403710,COMPLETED,2026-05-22 08:12:38,Dispatch
18193,403710,REOPENED,2026-05-23 08:12:38,Mobile
18194,403710,ASSIGNED,2026-05-23 09:12:38,Mobile
18195,403710,COMPLETED,2026-05-24 10:12:38,Dispatch
18196,403711,CREATED,2026-05-21 16:52:48,Mobile
18197,403711,ASSIGNED,2026-05-21 18:27:48,Mobile
18198,403711,ENROUTE,2026-05-22 00:49:48,Dispatch
18199,403711,ARRIVED,2026-05-22 01:25:48,Dispatch
18200,403711,COMPLETED,2026-05-22 05:05:48,Dispatch
18201,403712,CREATED,2026-05-21 23:22:47,Mobile
18202,403712,ASSIGNED,2026-05-22 01:58:47,Mobile
18203,403712,ENROUTE,2026-05-22 04:00:47,Dispatch
18204,403712,ARRIVED,2026-05-22 04:48:47,Mobile
18205,403712,COMPLETED,2026-05-22 07:04:47,Mobile
18206,403713,CREATED,2026-05-22 01:41:38,Mobile
18207,403713,ASSIGNED,2026-05-22 03:56:38,Dispatch
18208,403713,ENROUTE,2026-05-22 11:42:38,Mobile
18209,403713,ARRIVED,2026-05-22 12:17:38,Dispatch
18210,403713,COMPLETED,2026-05-22 13:02:38,Dispatch
18211,403714,CREATED,2026-05-22 13:22:55,CRM
18212,403714,ASSIGNED,2026-05-22 17:09:55,Dispatch
18213,403714,ENROUTE,2026-05-22 23:19:55,Dispatch
18214,403714,ARRIVED,2026-05-23 00:31:55,Mobile
18215,403714,COMPLETED,2026-05-23 07:08:55,CRM
18216,403715,CREATED,2026-05-22 14:09:07,Mobile
18217,403715,ASSIGNED,2026-05-22 16:51:07,Mobile
18218,403715,ENROUTE,2026-05-22 20:42:07,Dispatch
18219,403715,ARRIVED,2026-05-22 21:50:07,Mobile
18220,403716,CREATED,2026-05-22 14:47:31,Mobile
18221,403716,ASSIGNED,2026-05-22 16:54:31,Dispatch
18222,403716,ENROUTE,2026-05-22 23:32:31,Mobile
18223,403716,ARRIVED,2026-05-23 01:17:31,Dispatch
18224,403716,COMPLETED,2026-05-23 03:10:31,Mobile
18225,403717,CREATED,2026-05-23 01:17:30,Dispatch
18226,403717,ASSIGNED,2026-05-23 03:58:30,Dispatch
18227,403717,ENROUTE,2026-05-23 05:40:30,Mobile
18228,403717,ARRIVED,2026-05-23 08:19:30,Mobile
18229,403717,COMPLETED,2026-05-23 13:21:30,Mobile
18230,403718,CREATED,2026-05-23 10:13:00,Dispatch
18231,403718,ASSIGNED,2026-05-23 12:13:00,Dispatch
18232,403718,ENROUTE,2026-05-23 15:20:00,Dispatch
18233,403718,ARRIVED,2026-05-23 17:53:00,Dispatch
18234,403718,COMPLETED,2026-05-23 20:41:00,Dispatch
18235,403719,CREATED,2026-05-23 12:07:24,Mobile
18236,403719,ASSIGNED,2026-05-23 14:34:24,Dispatch
18237,403719,ENROUTE,2026-05-23 16:36:24,Dispatch
18238,403719,ARRIVED,2026-05-23 19:02:24,Dispatch
18239,403720,CREATED,2026-05-23 12:57:59,Dispatch
18240,403720,ASSIGNED,2026-05-23 13:39:59,Dispatch
18241,403720,ENROUTE,2026-05-23 17:07:59,Dispatch
18242,403720,ARRIVED,2026-05-23 19:46:59,Mobile
18243,403720,COMPLETED,2026-05-24 00:01:59,Mobile
18244,403720,REOPENED,2026-05-25 00:01:59,Dispatch
18245,403720,ASSIGNED,2026-05-25 01:01:59,Dispatch
18246,403720,COMPLETED,2026-05-26 02:01:59,Mobile
18247,403721,CREATED,2026-05-23 14:22:59,Dispatch
18248,403721,ASSIGNED,2026-05-23 18:17:59,Mobile
18249,403721,ENROUTE,2026-05-23 20:56:59,Mobile
18250,403721,ARRIVED,2026-05-23 21:13:59,Dispatch
18251,403721,COMPLETED,2026-05-24 04:13:59,Mobile
18252,403722,CREATED,2026-05-23 20:44:17,Mobile
18253,403722,ASSIGNED,2026-05-24 00:11:17,Dispatch
18254,403722,ENROUTE,2026-05-24 05:21:17,Mobile
18255,403722,ARRIVED,2026-05-24 08:03:17,CRM
18256,403722,COMPLETED,2026-05-24 10:30:17,Dispatch
18257,403723,CREATED,2026-05-24 02:10:26,Dispatch
18258,403723,ASSIGNED,2026-05-24 04:20:26,Dispatch
18259,403723,ENROUTE,2026-05-24 08:19:26,CRM
18260,403723,ARRIVED,2026-05-24 11:18:26,Mobile
18261,403723,COMPLETED,2026-05-24 13:11:26,Mobile
18262,403724,CREATED,2026-05-24 03:41:44,Dispatch
18263,403724,ASSIGNED,2026-05-24 07:34:44,CRM
18264,403724,ENROUTE,2026-05-24 11:52:44,Mobile
18265,403724,ARRIVED,2026-05-24 13:50:44,Dispatch
18266,403724,COMPLETED,2026-05-24 19:45:44,Mobile
18267,403725,CREATED,2026-05-24 17:45:47,Dispatch
18268,403725,ASSIGNED,2026-05-24 20:15:47,Mobile
18269,403725,ENROUTE,2026-05-24 21:30:47,Mobile
18270,403725,ARRIVED,2026-05-24 22:10:47,Dispatch
18271,403725,COMPLETED,2026-05-24 23:32:47,Mobile
18272,403726,CREATED,2026-05-24 19:54:52,Dispatch
18273,403726,ASSIGNED,2026-05-24 23:49:52,Mobile
18274,403726,ENROUTE,2026-05-25 02:47:52,Dispatch
18275,403726,ARRIVED,2026-05-25 04:06:52,Dispatch
18276,403726,COMPLETED,2026-05-25 11:26:52,Dispatch
18277,403726,REOPENED,2026-05-26 11:26:52,Mobile
18278,403726,ASSIGNED,2026-05-26 12:26:52,Mobile
18279,403726,COMPLETED,2026-05-27 13:26:52,Mobile
18280,403727,CREATED,2026-05-25 01:23:34,Mobile
18281,403727,ASSIGNED,2026-05-25 02:49:34,Dispatch
18282,403727,ENROUTE,2026-05-25 05:53:34,Dispatch
18283,403727,ARRIVED,2026-05-25 06:23:34,Dispatch
18284,403727,COMPLETED,2026-05-25 15:34:34,Dispatch
18285,403728,CREATED,2026-05-25 03:06:15,Dispatch
18286,403728,ASSIGNED,2026-05-25 03:42:15,Dispatch
18287,403728,ENROUTE,2026-05-25 04:59:15,CRM
18288,403728,ARRIVED,2026-05-25 07:48:15,Mobile
18289,403728,COMPLETED,2026-05-25 08:45:15,Dispatch
18290,403729,CREATED,2026-05-25 04:41:21,Mobile
18291,403729,ASSIGNED,2026-05-25 07:46:21,Dispatch
18292,403729,ENROUTE,2026-05-25 08:57:21,Mobile
18293,403729,ARRIVED,2026-05-25 09:07:21,Dispatch
18294,403729,CANCELLED,2026-05-25 08:46:21,Dispatch
18295,403730,CREATED,2026-05-25 05:59:55,Dispatch
18296,403730,ASSIGNED,2026-05-25 09:04:55,Dispatch
18297,403730,ENROUTE,2026-05-25 11:19:55,Dispatch
18298,403730,ARRIVED,2026-05-25 12:40:55,CRM
18299,403730,COMPLETED,2026-05-25 22:17:55,Dispatch
18300,403731,CREATED,2026-05-25 09:28:04,Dispatch
18301,403731,ASSIGNED,2026-05-25 11:08:04,Mobile
18302,403731,ENROUTE,2026-05-25 18:13:04,Mobile
18303,403731,ARRIVED,2026-05-25 18:49:04,Dispatch
18304,403731,COMPLETED,2026-05-26 02:19:04,Dispatch
18305,403732,CREATED,2026-05-25 10:27:02,Dispatch
18306,403732,ASSIGNED,2026-05-25 14:14:02,Mobile
18307,403732,ENROUTE,2026-05-25 21:52:02,Dispatch
18308,403732,ARRIVED,2026-05-25 23:59:02,Mobile
18309,403732,COMPLETED,2026-05-26 04:32:02,Mobile
18310,403733,CREATED,2026-05-25 13:02:35,Dispatch
18311,403733,ASSIGNED,2026-05-25 14:39:35,Mobile
18312,403733,ENROUTE,2026-05-25 18:31:35,CRM
18313,403733,ARRIVED,2026-05-25 20:58:35,Mobile
18314,403733,COMPLETED,2026-05-26 02:06:35,Mobile
18315,403734,CREATED,2026-05-25 14:14:56,Mobile
18316,403734,ASSIGNED,2026-05-25 17:47:56,Mobile
18317,403734,ENROUTE,2026-05-25 19:11:56,CRM
18318,403734,ARRIVED,2026-05-25 20:15:56,Dispatch
18319,403734,COMPLETED,2026-05-26 02:09:56,CRM
18320,403735,CREATED,2026-05-25 19:59:00,Dispatch
18321,403735,ASSIGNED,2026-05-25 20:40:00,Mobile
18322,403735,ENROUTE,2026-05-25 21:30:00,Mobile
18323,403735,ARRIVED,2026-05-25 23:53:00,Dispatch
18324,403735,COMPLETED,2026-05-26 04:39:00,Dispatch
18325,403736,CREATED,2026-05-25 20:26:04,Dispatch
18326,403736,ASSIGNED,2026-05-25 21:56:04,Mobile
18327,403736,ENROUTE,2026-05-26 00:11:04,Dispatch
18328,403736,ARRIVED,2026-05-26 02:45:04,Dispatch
18329,403736,COMPLETED,2026-05-26 09:41:04,Dispatch
18330,403737,CREATED,2026-05-25 21:04:16,Mobile
18331,403737,ASSIGNED,2026-05-25 23:08:16,Dispatch
18332,403737,ENROUTE,2026-05-26 06:50:16,Dispatch
18333,403737,ARRIVED,2026-05-26 07:55:16,Mobile
18334,403737,COMPLETED,2026-05-26 12:31:16,Dispatch
18335,403738,CREATED,2026-05-25 21:49:47,Dispatch
18336,403738,ASSIGNED,2026-05-26 00:02:47,Mobile
18337,403738,ENROUTE,2026-05-26 02:41:47,Dispatch
18338,403738,ARRIVED,2026-05-26 04:06:47,Dispatch
18339,403738,COMPLETED,2026-05-26 06:30:47,Mobile
18340,403739,CREATED,2026-05-26 01:49:07,Dispatch
18341,403739,ASSIGNED,2026-05-26 04:05:07,Dispatch
18342,403739,ENROUTE,2026-05-26 06:55:07,Mobile
18343,403739,ARRIVED,2026-05-26 07:29:07,Dispatch
18344,403739,COMPLETED,2026-05-26 14:26:07,Mobile
18345,403740,CREATED,2026-05-26 05:10:54,Mobile
18346,403740,ASSIGNED,2026-05-26 08:24:54,CRM
18347,403740,ENROUTE,2026-05-26 13:20:54,Mobile
18348,403740,ARRIVED,2026-05-26 15:07:54,Mobile
18349,403740,COMPLETED,2026-05-26 22:28:54,Dispatch
18350,403741,CREATED,2026-05-26 07:54:39,Dispatch
18351,403741,ASSIGNED,2026-05-26 09:04:39,Dispatch
18352,403741,ENROUTE,2026-05-26 14:32:39,Dispatch
18353,403741,ARRIVED,2026-05-26 16:46:39,CRM
18354,403741,COMPLETED,2026-05-26 19:09:39,Dispatch
18355,403742,CREATED,2026-05-26 08:05:07,Dispatch
18356,403742,ASSIGNED,2026-05-26 08:26:07,Dispatch
18357,403742,ENROUTE,2026-05-26 11:19:07,Dispatch
18358,403742,ARRIVED,2026-05-26 12:57:07,Dispatch
18359,403742,COMPLETED,2026-05-26 17:34:07,Dispatch
18360,403743,CREATED,2026-05-26 10:04:50,Dispatch
18361,403743,ASSIGNED,2026-05-26 12:24:50,Dispatch
18362,403743,ENROUTE,2026-05-26 17:49:50,Dispatch
18363,403743,ARRIVED,2026-05-26 19:44:50,Mobile
18364,403743,COMPLETED,2026-05-26 20:36:50,Dispatch
18365,403744,CREATED,2026-05-26 12:20:23,Dispatch
18366,403744,ASSIGNED,2026-05-26 12:31:23,Mobile
18367,403744,ENROUTE,2026-05-26 19:18:23,Dispatch
18368,403744,ARRIVED,2026-05-26 19:32:23,Mobile
18369,403744,COMPLETED,2026-05-26 21:24:23,Mobile
18370,403745,CREATED,2026-05-26 13:22:39,Mobile
18371,403745,ASSIGNED,2026-05-26 13:29:39,Mobile
18372,403745,ENROUTE,2026-05-26 19:47:39,Dispatch
18373,403745,ARRIVED,2026-05-26 21:17:39,Mobile
18374,403745,COMPLETED,2026-05-27 05:00:39,Mobile
18375,403746,CREATED,2026-05-26 15:54:16,Dispatch
18376,403746,ASSIGNED,2026-05-26 18:49:16,Mobile
18377,403746,ENROUTE,2026-05-27 01:43:16,Mobile
18378,403746,ARRIVED,2026-05-27 02:04:16,Mobile
18379,403747,CREATED,2026-05-26 19:13:20,Dispatch
18380,403747,ASSIGNED,2026-05-26 21:46:20,Mobile
18381,403747,ENROUTE,2026-05-27 03:22:20,Mobile
18382,403747,ARRIVED,2026-05-27 05:29:20,CRM
18383,403747,COMPLETED,2026-05-27 06:16:20,Dispatch
18384,403748,CREATED,2026-05-27 03:56:37,Dispatch
18385,403748,ASSIGNED,2026-05-27 05:25:37,Mobile
18386,403748,ENROUTE,2026-05-27 08:09:37,CRM
18387,403748,ARRIVED,2026-05-27 09:17:37,Mobile
18388,403748,COMPLETED,2026-05-27 14:59:37,Dispatch
18389,403749,CREATED,2026-05-27 10:39:38,Dispatch
18390,403749,ASSIGNED,2026-05-27 12:09:38,Mobile
18391,403749,ENROUTE,2026-05-27 17:27:38,Dispatch
18392,403749,ARRIVED,2026-05-27 17:37:38,Dispatch
18393,403749,COMPLETED,2026-05-28 01:45:38,CRM
18394,403750,CREATED,2026-05-27 11:19:55,Mobile
18395,403750,ASSIGNED,2026-05-27 13:59:55,Mobile
18396,403750,ENROUTE,2026-05-27 14:27:55,Dispatch
18397,403750,ARRIVED,2026-05-27 14:50:55,Mobile
18398,403750,COMPLETED,2026-05-27 17:47:55,Dispatch
18399,403751,CREATED,2026-05-27 11:44:16,Dispatch
18400,403751,ASSIGNED,2026-05-27 13:48:16,Mobile
18401,403751,ENROUTE,2026-05-27 15:31:16,Dispatch
18402,403751,ARRIVED,2026-05-27 18:11:16,Mobile
18403,403751,COMPLETED,2026-05-28 03:19:16,Dispatch
18404,403752,CREATED,2026-05-27 16:27:14,Dispatch
18405,403752,ASSIGNED,2026-05-27 18:18:14,Dispatch
18406,403752,ENROUTE,2026-05-27 19:03:14,Dispatch
18407,403752,ARRIVED,2026-05-27 20:36:14,Dispatch
18408,403752,COMPLETED,2026-05-28 06:33:14,Mobile
18409,403752,REOPENED,2026-05-29 06:33:14,Mobile
18410,403752,ASSIGNED,2026-05-29 07:33:14,Mobile
18411,403752,COMPLETED,2026-05-30 08:33:14,Dispatch
18412,403753,CREATED,2026-05-27 19:17:19,Dispatch
18413,403753,ASSIGNED,2026-05-27 21:26:19,Dispatch
18414,403753,ENROUTE,2026-05-28 05:21:19,Mobile
18415,403753,ARRIVED,2026-05-28 07:27:19,Dispatch
18416,403753,COMPLETED,2026-05-28 11:40:19,Mobile
18417,403754,CREATED,2026-05-28 01:51:18,CRM
18418,403754,ASSIGNED,2026-05-28 02:11:18,Dispatch
18419,403754,ENROUTE,2026-05-28 07:33:18,Dispatch
18420,403754,ARRIVED,2026-05-28 09:02:18,Dispatch
18421,403754,COMPLETED,2026-05-28 10:23:18,Dispatch
18422,403755,CREATED,2026-05-28 02:32:22,Mobile
18423,403755,ASSIGNED,2026-05-28 05:20:22,Mobile
18424,403755,ENROUTE,2026-05-28 08:34:22,CRM
18425,403755,ARRIVED,2026-05-28 09:20:22,Mobile
18426,403755,COMPLETED,2026-05-28 13:47:22,Dispatch
18427,403756,CREATED,2026-05-28 06:30:45,Mobile
18428,403756,ASSIGNED,2026-05-28 10:17:45,Dispatch
18429,403756,ENROUTE,2026-05-28 12:08:45,Dispatch
18430,403756,ARRIVED,2026-05-28 14:58:45,Dispatch
18431,403756,COMPLETED,2026-05-28 20:50:45,CRM
18432,403757,CREATED,2026-05-28 06:55:57,Dispatch
18433,403757,ASSIGNED,2026-05-28 09:56:57,Dispatch
18434,403757,ENROUTE,2026-05-28 16:30:57,CRM
18435,403757,ARRIVED,2026-05-28 19:22:57,Mobile
18436,403757,COMPLETED,2026-05-29 03:15:57,Dispatch
18437,403758,CREATED,2026-05-28 14:33:55,Dispatch
18438,403758,ASSIGNED,2026-05-28 17:52:55,Mobile
18439,403758,ENROUTE,2026-05-28 22:25:55,Mobile
18440,403758,ARRIVED,2026-05-29 01:09:55,CRM
18441,403758,COMPLETED,2026-05-29 06:48:55,Mobile
18442,403759,CREATED,2026-05-28 17:45:04,Mobile
18443,403759,ASSIGNED,2026-05-28 20:50:04,Dispatch
18444,403759,ENROUTE,2026-05-28 22:26:04,CRM
18445,403759,ARRIVED,2026-05-28 22:44:04,CRM
18446,403759,COMPLETED,2026-05-29 00:43:04,Dispatch
18447,403760,CREATED,2026-05-28 19:12:52,Mobile
18448,403760,ASSIGNED,2026-05-28 21:46:52,Mobile
18449,403760,ENROUTE,2026-05-29 04:43:52,Dispatch
18450,403760,ARRIVED,2026-05-29 06:21:52,CRM
18451,403761,CREATED,2026-05-28 23:01:46,Dispatch
18452,403761,ASSIGNED,2026-05-29 01:25:46,Mobile
18453,403761,ENROUTE,2026-05-29 04:05:46,Mobile
18454,403761,ARRIVED,2026-05-29 05:25:46,CRM
18455,403761,COMPLETED,2026-05-29 07:30:46,Mobile
18456,403762,CREATED,2026-05-29 01:33:35,Dispatch
18457,403762,ASSIGNED,2026-05-29 01:56:35,Dispatch
18458,403762,ENROUTE,2026-05-29 05:56:35,Mobile
18459,403762,ARRIVED,2026-05-29 08:48:35,Mobile
18460,403762,COMPLETED,2026-05-29 13:48:35,Dispatch
18461,403763,CREATED,2026-05-29 01:35:28,Mobile
18462,403763,ASSIGNED,2026-05-29 04:53:28,CRM
18463,403763,ENROUTE,2026-05-29 12:38:28,CRM
18464,403763,ARRIVED,2026-05-29 15:07:28,Mobile
18465,403763,COMPLETED,2026-05-30 00:47:28,Dispatch
18466,403764,CREATED,2026-05-29 05:33:48,CRM
18467,403764,ASSIGNED,2026-05-29 06:32:48,Dispatch
18468,403764,ENROUTE,2026-05-29 14:04:48,Mobile
18469,403764,ARRIVED,2026-05-29 15:11:48,Dispatch
18470,403764,COMPLETED,2026-05-30 00:31:48,Dispatch
18471,403765,CREATED,2026-05-29 08:42:19,Mobile
18472,403765,ASSIGNED,2026-05-29 11:18:19,Dispatch
18473,403765,ENROUTE,2026-05-29 16:45:19,Mobile
18474,403765,ARRIVED,2026-05-29 18:02:19,Dispatch
18475,403765,COMPLETED,2026-05-30 00:01:19,Dispatch
18476,403766,CREATED,2026-05-29 13:27:20,Dispatch
18477,403766,ASSIGNED,2026-05-29 17:23:20,Dispatch
18478,403766,ENROUTE,2026-05-29 22:47:20,Dispatch
18479,403766,ARRIVED,2026-05-30 00:49:20,Mobile
18480,403766,COMPLETED,2026-05-30 02:32:20,Mobile
18481,403767,CREATED,2026-05-29 14:10:33,Dispatch
18482,403767,ASSIGNED,2026-05-29 16:17:33,Mobile
18483,403767,ENROUTE,2026-05-29 18:00:33,Mobile
18484,403767,ARRIVED,2026-05-29 20:54:33,Dispatch
18485,403767,COMPLETED,2026-05-30 03:01:33,Dispatch
18486,403768,CREATED,2026-05-29 17:05:55,Mobile
18487,403768,ASSIGNED,2026-05-29 19:44:55,Mobile
18488,403768,ENROUTE,2026-05-29 21:53:55,Mobile
18489,403768,ARRIVED,2026-05-30 00:23:55,Dispatch
18490,403769,CREATED,2026-05-29 17:57:58,Mobile
18491,403769,ASSIGNED,2026-05-29 20:16:58,Dispatch
18492,403769,ENROUTE,2026-05-30 00:23:58,Dispatch
18493,403769,ARRIVED,2026-05-30 00:42:58,Mobile
18494,403769,COMPLETED,2026-05-30 08:12:58,Mobile
18495,403770,CREATED,2026-05-29 18:39:37,Dispatch
18496,403770,ASSIGNED,2026-05-29 19:53:37,Dispatch
18497,403770,ENROUTE,2026-05-30 00:10:37,Dispatch
18498,403770,ARRIVED,2026-05-30 00:30:37,Dispatch
18499,403770,COMPLETED,2026-05-30 06:52:37,Mobile
18500,403771,CREATED,2026-05-30 00:25:36,CRM
18501,403771,ASSIGNED,2026-05-30 02:16:36,Mobile
18502,403771,ENROUTE,2026-05-30 04:03:36,Mobile
18503,403771,ARRIVED,2026-05-30 06:14:36,Dispatch
18504,403771,COMPLETED,2026-05-30 16:10:36,Dispatch
18505,403772,CREATED,2026-05-30 03:07:31,CRM
18506,403772,ASSIGNED,2026-05-30 05:10:31,Dispatch
18507,403772,ENROUTE,2026-05-30 10:17:31,Mobile
18508,403772,ARRIVED,2026-05-30 11:48:31,CRM
18509,403773,CREATED,2026-05-30 03:46:08,Mobile
18510,403773,ASSIGNED,2026-05-30 04:20:08,Mobile
18511,403773,ENROUTE,2026-05-30 10:26:08,Mobile
18512,403773,ARRIVED,2026-05-30 13:11:08,Dispatch
18513,403773,COMPLETED,2026-05-30 18:01:08,Dispatch
18514,403774,CREATED,2026-05-30 08:32:28,Dispatch
18515,403774,ASSIGNED,2026-05-30 12:16:28,Dispatch
18516,403774,ENROUTE,2026-05-30 18:21:28,Mobile
18517,403774,ARRIVED,2026-05-30 19:29:28,Dispatch
18518,403774,COMPLETED,2026-05-30 20:01:28,Dispatch
18519,403775,CREATED,2026-05-30 12:43:35,Mobile
18520,403775,ASSIGNED,2026-05-30 13:51:35,Dispatch
18521,403775,ENROUTE,2026-05-30 15:29:35,Mobile
18522,403775,ARRIVED,2026-05-30 17:31:35,Dispatch
18523,403775,COMPLETED,2026-05-30 18:09:35,Mobile
18524,403776,CREATED,2026-05-30 21:20:12,Dispatch
18525,403776,ASSIGNED,2026-05-30 21:49:12,Mobile
18526,403776,ENROUTE,2026-05-31 04:40:12,Dispatch
18527,403776,ARRIVED,2026-05-31 06:08:12,Mobile
18528,403776,COMPLETED,2026-05-31 07:19:12,CRM
18529,403777,CREATED,2026-05-31 00:02:21,Dispatch
18530,403777,ASSIGNED,2026-05-31 00:20:21,Mobile
18531,403777,ENROUTE,2026-05-31 02:58:21,Dispatch
18532,403777,ARRIVED,2026-05-31 03:10:21,Mobile
18533,403777,COMPLETED,2026-05-31 09:47:21,Dispatch
18534,403778,CREATED,2026-05-31 02:51:50,Mobile
18535,403778,ASSIGNED,2026-05-31 05:22:50,Dispatch
18536,403778,ENROUTE,2026-05-31 11:36:50,Mobile
18537,403778,ARRIVED,2026-05-31 12:01:50,Dispatch
18538,403778,CANCELLED,2026-05-31 06:22:50,Mobile
18539,403779,CREATED,2026-05-31 02:54:02,Dispatch
18540,403779,ASSIGNED,2026-05-31 04:45:02,Dispatch
18541,403779,ENROUTE,2026-05-31 05:24:02,Dispatch
18542,403779,ARRIVED,2026-05-31 07:37:02,Dispatch
18543,403779,COMPLETED,2026-05-31 10:46:02,Dispatch
18544,403780,CREATED,2026-05-31 04:57:18,Mobile
18545,403780,ASSIGNED,2026-05-31 05:39:18,Dispatch
18546,403780,ENROUTE,2026-05-31 12:22:18,Mobile
18547,403780,ARRIVED,2026-05-31 14:04:18,Dispatch
18548,403781,CREATED,2026-05-31 08:09:30,Dispatch
18549,403781,ASSIGNED,2026-05-31 11:09:30,Dispatch
18550,403781,ENROUTE,2026-05-31 15:55:30,CRM
18551,403781,ARRIVED,2026-05-31 18:31:30,Mobile
18552,403781,COMPLETED,2026-05-31 23:20:30,Mobile
18553,403782,CREATED,2026-05-31 08:27:18,Dispatch
18554,403782,ASSIGNED,2026-05-31 11:58:18,Mobile
18555,403782,ENROUTE,2026-05-31 13:42:18,Mobile
18556,403782,ARRIVED,2026-05-31 15:51:18,Mobile
18557,403782,COMPLETED,2026-06-01 00:56:18,Dispatch
18558,403783,CREATED,2026-05-31 09:29:04,Dispatch
18559,403783,ASSIGNED,2026-05-31 10:46:04,Mobile
18560,403783,ENROUTE,2026-05-31 11:57:04,Dispatch
18561,403783,ARRIVED,2026-05-31 12:10:04,Dispatch
18562,403783,COMPLETED,2026-05-31 15:08:04,Dispatch
18563,403784,CREATED,2026-05-31 14:05:37,Dispatch
18564,403784,ASSIGNED,2026-05-31 17:23:37,Mobile
18565,403784,ENROUTE,2026-05-31 20:34:37,Mobile
18566,403784,ARRIVED,2026-05-31 23:00:37,Mobile
18567,403784,COMPLETED,2026-06-01 05:43:37,CRM
18568,403785,CREATED,2026-05-31 15:56:48,Mobile
18569,403785,ASSIGNED,2026-05-31 17:35:48,Dispatch
18570,403785,ENROUTE,2026-05-31 22:46:48,CRM
18571,403785,ARRIVED,2026-05-31 23:26:48,Dispatch
18572,403785,COMPLETED,2026-06-01 00:46:48,CRM
18573,403786,CREATED,2026-05-31 17:54:39,Dispatch
18574,403786,ASSIGNED,2026-05-31 19:48:39,Dispatch
18575,403786,ENROUTE,2026-06-01 01:44:39,Dispatch
18576,403786,ARRIVED,2026-06-01 03:41:39,Dispatch
18577,403786,COMPLETED,2026-06-01 06:43:39,CRM
18578,403787,CREATED,2026-05-31 20:12:24,Mobile
18579,403787,ASSIGNED,2026-05-31 22:51:24,Dispatch
18580,403787,ENROUTE,2026-06-01 06:22:24,Dispatch
18581,403787,ARRIVED,2026-06-01 08:18:24,Dispatch
18582,403787,COMPLETED,2026-06-01 12:04:24,CRM
18583,403788,CREATED,2026-06-01 02:51:55,CRM
18584,403788,ASSIGNED,2026-06-01 04:11:55,Mobile
18585,403788,ENROUTE,2026-06-01 04:28:55,Mobile
18586,403788,ARRIVED,2026-06-01 06:53:55,Mobile
18587,403788,COMPLETED,2026-06-01 08:17:55,Dispatch
18588,403789,CREATED,2026-06-01 04:48:02,Dispatch
18589,403789,ASSIGNED,2026-06-01 05:10:02,Dispatch
18590,403789,ENROUTE,2026-06-01 07:00:02,Mobile
18591,403789,ARRIVED,2026-06-01 08:01:02,Dispatch
18592,403789,COMPLETED,2026-06-01 09:37:02,Mobile
18593,403790,CREATED,2026-06-01 06:31:49,CRM
18594,403790,ASSIGNED,2026-06-01 08:46:49,Dispatch
18595,403790,ENROUTE,2026-06-01 16:08:49,Dispatch
18596,403790,ARRIVED,2026-06-01 18:26:49,Dispatch
18597,403790,COMPLETED,2026-06-02 02:39:49,Dispatch
18598,403791,CREATED,2026-06-01 13:40:48,Mobile
18599,403791,ASSIGNED,2026-06-01 14:47:48,Dispatch
18600,403791,ENROUTE,2026-06-01 20:43:48,Mobile
18601,403791,ARRIVED,2026-06-01 21:43:48,CRM
18602,403791,COMPLETED,2026-06-02 01:06:48,Dispatch
18603,403792,CREATED,2026-06-01 19:15:41,Mobile
18604,403792,ASSIGNED,2026-06-01 20:30:41,Dispatch
18605,403792,ENROUTE,2026-06-02 03:17:41,Mobile
18606,403792,ARRIVED,2026-06-02 04:06:41,CRM
18607,403792,COMPLETED,2026-06-02 10:29:41,CRM
18608,403793,CREATED,2026-06-01 20:16:25,CRM
18609,403793,ASSIGNED,2026-06-01 22:40:25,Dispatch
18610,403793,ENROUTE,2026-06-02 04:33:25,Dispatch
18611,403793,ARRIVED,2026-06-02 05:23:25,Dispatch
18612,403793,COMPLETED,2026-06-02 07:02:25,CRM
18613,403794,CREATED,2026-06-01 20:35:05,Mobile
18614,403794,ASSIGNED,2026-06-01 23:52:05,Dispatch
18615,403794,ENROUTE,2026-06-02 02:03:05,Dispatch
18616,403794,ARRIVED,2026-06-02 02:59:05,Mobile
18617,403794,COMPLETED,2026-06-02 06:52:05,Dispatch
18618,403795,CREATED,2026-06-01 23:38:51,Dispatch
18619,403795,ASSIGNED,2026-06-02 03:24:51,Dispatch
18620,403795,ENROUTE,2026-06-02 05:49:51,Dispatch
18621,403795,ARRIVED,2026-06-02 08:07:51,Mobile
18622,403795,COMPLETED,2026-06-02 11:01:51,Mobile
18623,403796,CREATED,2026-06-02 08:30:08,Dispatch
18624,403796,ASSIGNED,2026-06-02 11:25:08,Dispatch
18625,403796,ENROUTE,2026-06-02 13:09:08,Dispatch
18626,403796,ARRIVED,2026-06-02 15:22:08,Mobile
18627,403796,COMPLETED,2026-06-02 23:07:08,CRM
18628,403797,CREATED,2026-06-02 08:59:23,Dispatch
18629,403797,ASSIGNED,2026-06-02 10:54:23,CRM
18630,403797,ENROUTE,2026-06-02 18:26:23,Dispatch
18631,403797,ARRIVED,2026-06-02 20:10:23,Dispatch
18632,403798,CREATED,2026-06-02 09:22:47,Mobile
18633,403798,ASSIGNED,2026-06-02 13:05:47,Dispatch
18634,403798,ENROUTE,2026-06-02 16:03:47,Mobile
18635,403798,ARRIVED,2026-06-02 17:57:47,Dispatch
18636,403798,COMPLETED,2026-06-02 20:25:47,Dispatch
18637,403799,CREATED,2026-06-02 17:08:39,Mobile
18638,403799,ASSIGNED,2026-06-02 20:08:39,Dispatch
18639,403799,ENROUTE,2026-06-02 23:38:39,Dispatch
18640,403799,ARRIVED,2026-06-03 00:58:39,Dispatch
18641,403799,COMPLETED,2026-06-03 10:10:39,Dispatch
18642,403800,CREATED,2026-06-02 17:24:21,Dispatch
18643,403800,ASSIGNED,2026-06-02 18:58:21,CRM
18644,403800,ENROUTE,2026-06-03 00:57:21,Dispatch
18645,403800,ARRIVED,2026-06-03 02:38:21,Mobile
18646,403800,COMPLETED,2026-06-03 10:56:21,CRM
18647,403801,CREATED,2026-06-02 19:17:04,Dispatch
18648,403801,ASSIGNED,2026-06-02 20:42:04,Mobile
18649,403801,ENROUTE,2026-06-03 04:02:04,CRM
18650,403801,ARRIVED,2026-06-03 04:37:04,Mobile
18651,403802,CREATED,2026-06-02 20:33:20,CRM
18652,403802,ASSIGNED,2026-06-02 23:26:20,Mobile
18653,403802,ENROUTE,2026-06-03 04:54:20,CRM
18654,403802,ARRIVED,2026-06-03 07:13:20,Dispatch
18655,403802,COMPLETED,2026-06-03 16:51:20,Dispatch
18656,403803,CREATED,2026-06-02 23:27:37,Dispatch
18657,403803,ASSIGNED,2026-06-03 01:43:37,Dispatch
18658,403803,ENROUTE,2026-06-03 07:27:37,Mobile
18659,403803,ARRIVED,2026-06-03 10:15:37,Dispatch
18660,403803,COMPLETED,2026-06-03 12:47:37,Dispatch
18661,403804,CREATED,2026-06-02 23:42:07,Dispatch
18662,403804,ASSIGNED,2026-06-03 02:46:07,Dispatch
18663,403804,ENROUTE,2026-06-03 06:07:07,CRM
18664,403804,ARRIVED,2026-06-03 08:57:07,Dispatch
18665,403804,COMPLETED,2026-06-03 14:37:07,Mobile
18666,403805,CREATED,2026-06-03 01:03:03,CRM
18667,403805,ASSIGNED,2026-06-03 02:07:03,Mobile
18668,403805,ENROUTE,2026-06-03 10:05:03,Dispatch
18669,403805,ARRIVED,2026-06-03 13:02:03,CRM
18670,403806,CREATED,2026-06-03 01:30:40,Dispatch
18671,403806,ASSIGNED,2026-06-03 02:14:40,Dispatch
18672,403806,ENROUTE,2026-06-03 09:18:40,CRM
18673,403806,ARRIVED,2026-06-03 12:09:40,Dispatch
18674,403807,CREATED,2026-06-03 09:56:25,Dispatch
18675,403807,ASSIGNED,2026-06-03 10:47:25,Dispatch
18676,403807,ENROUTE,2026-06-03 11:09:25,Dispatch
18677,403807,ARRIVED,2026-06-03 14:08:25,Dispatch
18678,403807,COMPLETED,2026-06-03 22:16:25,Mobile
18679,403808,CREATED,2026-06-03 10:18:31,Dispatch
18680,403808,ASSIGNED,2026-06-03 11:56:31,Mobile
18681,403808,ENROUTE,2026-06-03 14:59:31,Dispatch
18682,403808,ARRIVED,2026-06-03 15:28:31,Mobile
18683,403808,COMPLETED,2026-06-03 22:15:31,Mobile
18684,403809,CREATED,2026-06-03 15:45:51,Dispatch
18685,403809,ASSIGNED,2026-06-03 17:41:51,Mobile
18686,403809,ENROUTE,2026-06-03 22:51:51,Dispatch
18687,403809,ARRIVED,2026-06-03 23:43:51,Mobile
18688,403809,COMPLETED,2026-06-04 07:19:51,Mobile
18689,403810,CREATED,2026-06-03 18:13:37,CRM
18690,403810,ASSIGNED,2026-06-03 20:13:37,Mobile
18691,403810,ENROUTE,2026-06-03 23:41:37,Mobile
18692,403810,ARRIVED,2026-06-04 00:13:37,Dispatch
18693,403811,CREATED,2026-06-03 23:44:07,Mobile
18694,403811,ASSIGNED,2026-06-04 01:37:07,Mobile
18695,403811,ENROUTE,2026-06-04 02:33:07,Mobile
18696,403811,ARRIVED,2026-06-04 03:07:07,Mobile
18697,403811,COMPLETED,2026-06-04 10:11:07,Dispatch
18698,403812,CREATED,2026-06-04 01:24:19,Mobile
18699,403812,ASSIGNED,2026-06-04 01:44:19,Mobile
18700,403812,ENROUTE,2026-06-04 06:40:19,Dispatch
18701,403812,ARRIVED,2026-06-04 09:38:19,Dispatch
18702,403812,COMPLETED,2026-06-04 13:11:19,Mobile
18703,403813,CREATED,2026-06-04 08:29:59,Mobile
18704,403813,ASSIGNED,2026-06-04 11:49:59,Dispatch
18705,403813,ENROUTE,2026-06-04 18:32:59,CRM
18706,403813,ARRIVED,2026-06-04 21:05:59,Mobile
18707,403813,COMPLETED,2026-06-04 23:28:59,Mobile
18708,403814,CREATED,2026-06-04 09:54:50,Dispatch
18709,403814,ASSIGNED,2026-06-04 10:37:50,Mobile
18710,403814,ENROUTE,2026-06-04 12:59:50,Mobile
18711,403814,ARRIVED,2026-06-04 14:21:50,Dispatch
18712,403814,COMPLETED,2026-06-04 20:00:50,Mobile
18713,403815,CREATED,2026-06-04 17:15:45,Dispatch
18714,403815,ASSIGNED,2026-06-04 20:54:45,Mobile
18715,403815,ENROUTE,2026-06-04 23:45:45,CRM
18716,403815,ARRIVED,2026-06-05 00:56:45,CRM
18717,403815,COMPLETED,2026-06-05 04:59:45,Mobile
18718,403816,CREATED,2026-06-05 06:20:45,Mobile
18719,403816,ASSIGNED,2026-06-05 06:55:45,Mobile
18720,403816,ENROUTE,2026-06-05 11:58:45,Mobile
18721,403816,ARRIVED,2026-06-05 12:20:45,Dispatch
18722,403816,COMPLETED,2026-06-05 19:18:45,Mobile
18723,403817,CREATED,2026-06-05 07:30:42,Dispatch
18724,403817,ASSIGNED,2026-06-05 11:25:42,Mobile
18725,403817,ENROUTE,2026-06-05 15:38:42,Mobile
18726,403817,ARRIVED,2026-06-05 16:20:42,CRM
18727,403817,COMPLETED,2026-06-05 18:37:42,Dispatch
18728,403818,CREATED,2026-06-05 09:54:30,Dispatch
18729,403818,ASSIGNED,2026-06-05 10:29:30,Mobile
18730,403818,ENROUTE,2026-06-05 16:56:30,CRM
18731,403818,ARRIVED,2026-06-05 19:20:30,Mobile
18732,403818,COMPLETED,2026-06-05 21:17:30,CRM
18733,403819,CREATED,2026-06-05 10:25:01,Dispatch
18734,403819,ASSIGNED,2026-06-05 13:57:01,Dispatch
18735,403819,ENROUTE,2026-06-05 16:07:01,Dispatch
18736,403819,ARRIVED,2026-06-05 18:21:01,Mobile
18737,403819,COMPLETED,2026-06-06 03:05:01,Dispatch
18738,403820,CREATED,2026-06-05 13:50:51,Mobile
18739,403820,ASSIGNED,2026-06-05 14:18:51,Dispatch
18740,403820,ENROUTE,2026-06-05 19:33:51,Mobile
18741,403820,ARRIVED,2026-06-05 20:16:51,CRM
18742,403820,COMPLETED,2026-06-06 04:52:51,Mobile
18743,403821,CREATED,2026-06-05 14:11:01,Mobile
18744,403821,ASSIGNED,2026-06-05 17:47:01,Dispatch
18745,403821,ENROUTE,2026-06-05 18:51:01,Dispatch
18746,403821,ARRIVED,2026-06-05 20:59:01,Mobile
18747,403821,COMPLETED,2026-06-06 00:15:01,Mobile
18748,403822,CREATED,2026-06-05 14:57:23,Dispatch
18749,403822,ASSIGNED,2026-06-05 16:47:23,Dispatch
18750,403822,ENROUTE,2026-06-05 18:39:23,Mobile
18751,403822,ARRIVED,2026-06-05 19:34:23,Dispatch
18752,403823,CREATED,2026-06-05 16:58:46,Dispatch
18753,403823,ASSIGNED,2026-06-05 17:30:46,Dispatch
18754,403823,ENROUTE,2026-06-05 18:35:46,Mobile
18755,403823,ARRIVED,2026-06-05 19:13:46,Dispatch
18756,403823,COMPLETED,2026-06-05 19:58:46,Dispatch
18757,403824,CREATED,2026-06-05 18:57:27,Dispatch
18758,403824,ASSIGNED,2026-06-05 20:16:27,Mobile
18759,403824,ENROUTE,2026-06-06 00:27:27,Dispatch
18760,403824,ARRIVED,2026-06-06 02:16:27,Mobile
18761,403824,COMPLETED,2026-06-06 05:41:27,Dispatch
18762,403825,CREATED,2026-06-05 23:33:58,Dispatch
18763,403825,ASSIGNED,2026-06-06 02:27:58,Dispatch
18764,403825,ENROUTE,2026-06-06 05:38:58,Dispatch
18765,403825,ARRIVED,2026-06-06 05:51:58,Mobile
18766,403825,COMPLETED,2026-06-06 15:23:58,CRM
18767,403826,CREATED,2026-06-06 08:40:17,Dispatch
18768,403826,ASSIGNED,2026-06-06 09:29:17,Mobile
18769,403826,ENROUTE,2026-06-06 14:00:17,Mobile
18770,403826,ARRIVED,2026-06-06 15:06:17,CRM
18771,403826,COMPLETED,2026-06-06 18:25:17,Dispatch
18772,403827,CREATED,2026-06-06 09:32:42,Dispatch
18773,403827,ASSIGNED,2026-06-06 10:33:42,Mobile
18774,403827,ENROUTE,2026-06-06 14:22:42,Mobile
18775,403827,ARRIVED,2026-06-06 15:43:42,Mobile
18776,403827,COMPLETED,2026-06-06 20:41:42,Mobile
18777,403828,CREATED,2026-06-06 14:32:07,Dispatch
18778,403828,ASSIGNED,2026-06-06 15:40:07,Dispatch
18779,403828,ENROUTE,2026-06-06 20:21:07,Mobile
18780,403828,ARRIVED,2026-06-06 21:21:07,Mobile
18781,403828,COMPLETED,2026-06-07 06:36:07,Dispatch
18782,403829,CREATED,2026-06-06 17:34:02,Dispatch
18783,403829,ASSIGNED,2026-06-06 18:49:02,Mobile
18784,403829,ENROUTE,2026-06-06 22:32:02,Dispatch
18785,403829,ARRIVED,2026-06-06 23:04:02,Mobile
18786,403830,CREATED,2026-06-07 01:22:35,CRM
18787,403830,ASSIGNED,2026-06-07 02:10:35,Dispatch
18788,403830,ENROUTE,2026-06-07 04:12:35,Dispatch
18789,403830,ARRIVED,2026-06-07 04:55:35,Dispatch
18790,403830,COMPLETED,2026-06-07 13:31:35,Dispatch
18791,403831,CREATED,2026-06-07 04:04:54,Dispatch
18792,403831,ASSIGNED,2026-06-07 05:07:54,Mobile
18793,403831,ENROUTE,2026-06-07 12:00:54,Mobile
18794,403831,ARRIVED,2026-06-07 13:47:54,Dispatch
18795,403832,CREATED,2026-06-07 05:20:57,Mobile
18796,403832,ASSIGNED,2026-06-07 05:56:57,Mobile
18797,403832,ENROUTE,2026-06-07 07:58:57,Mobile
18798,403832,ARRIVED,2026-06-07 08:46:57,CRM
18799,403832,COMPLETED,2026-06-07 16:59:57,Mobile
18800,403833,CREATED,2026-06-07 07:23:02,Dispatch
18801,403833,ASSIGNED,2026-06-07 07:39:02,Dispatch
18802,403833,ENROUTE,2026-06-07 08:14:02,Mobile
18803,403833,ARRIVED,2026-06-07 09:50:02,Dispatch
18804,403834,CREATED,2026-06-07 18:02:05,Dispatch
18805,403834,ASSIGNED,2026-06-07 19:44:05,Mobile
18806,403834,ENROUTE,2026-06-07 20:26:05,Dispatch
18807,403834,ARRIVED,2026-06-07 20:46:05,CRM
18808,403835,CREATED,2026-06-07 20:26:34,Mobile
18809,403835,ASSIGNED,2026-06-08 00:13:34,Mobile
18810,403835,ENROUTE,2026-06-08 02:33:34,Dispatch
18811,403835,ARRIVED,2026-06-08 05:29:34,Dispatch
18812,403835,COMPLETED,2026-06-08 13:46:34,Dispatch
18813,403836,CREATED,2026-06-07 20:43:52,Mobile
18814,403836,ASSIGNED,2026-06-07 23:49:52,Mobile
18815,403836,ENROUTE,2026-06-08 06:47:52,Mobile
18816,403836,ARRIVED,2026-06-08 08:36:52,CRM
18817,403836,COMPLETED,2026-06-08 10:39:52,CRM
18818,403837,CREATED,2026-06-08 00:59:07,Dispatch
18819,403837,ASSIGNED,2026-06-08 03:58:07,CRM
18820,403837,ENROUTE,2026-06-08 09:49:07,Dispatch
18821,403837,ARRIVED,2026-06-08 11:28:07,Mobile
18822,403837,COMPLETED,2026-06-08 20:10:07,Dispatch
18823,403838,CREATED,2026-06-08 04:18:41,CRM
18824,403838,ASSIGNED,2026-06-08 05:31:41,Mobile
18825,403838,ENROUTE,2026-06-08 12:30:41,Dispatch
18826,403838,ARRIVED,2026-06-08 13:32:41,Dispatch
18827,403838,COMPLETED,2026-06-08 20:41:41,Mobile
18828,403839,CREATED,2026-06-08 10:33:44,Dispatch
18829,403839,ASSIGNED,2026-06-08 12:57:44,Dispatch
18830,403839,ENROUTE,2026-06-08 15:21:44,Dispatch
18831,403839,ARRIVED,2026-06-08 16:48:44,Dispatch
18832,403839,COMPLETED,2026-06-08 23:42:44,Dispatch
18833,403840,CREATED,2026-06-08 11:53:33,Dispatch
18834,403840,ASSIGNED,2026-06-08 15:38:33,Mobile
18835,403840,ENROUTE,2026-06-08 21:28:33,Mobile
18836,403840,ARRIVED,2026-06-08 22:02:33,CRM
18837,403840,COMPLETED,2026-06-09 07:11:33,Dispatch
18838,403841,CREATED,2026-06-08 19:28:36,Dispatch
18839,403841,ASSIGNED,2026-06-08 21:55:36,Dispatch
18840,403841,ENROUTE,2026-06-09 04:00:36,Mobile
18841,403841,ARRIVED,2026-06-09 05:47:36,Dispatch
18842,403841,COMPLETED,2026-06-09 12:06:36,Dispatch
18843,403842,CREATED,2026-06-09 04:25:16,Dispatch
18844,403842,ASSIGNED,2026-06-09 06:00:16,Mobile
18845,403842,ENROUTE,2026-06-09 12:27:16,Mobile
18846,403842,ARRIVED,2026-06-09 14:27:16,CRM
18847,403842,CANCELLED,2026-06-09 07:00:16,Dispatch
18848,403843,CREATED,2026-06-09 05:23:17,Mobile
18849,403843,ASSIGNED,2026-06-09 08:05:17,Dispatch
18850,403843,ENROUTE,2026-06-09 13:52:17,Dispatch
18851,403843,ARRIVED,2026-06-09 14:13:17,Mobile
18852,403843,COMPLETED,2026-06-09 20:03:17,Dispatch
18853,403844,CREATED,2026-06-09 08:35:21,Dispatch
18854,403844,ASSIGNED,2026-06-09 08:41:21,Mobile
18855,403844,ENROUTE,2026-06-09 13:16:21,Mobile
18856,403844,ARRIVED,2026-06-09 16:06:21,Mobile
18857,403844,COMPLETED,2026-06-10 00:19:21,Mobile
18858,403845,CREATED,2026-06-09 09:04:02,Dispatch
18859,403845,ASSIGNED,2026-06-09 11:03:02,Dispatch
18860,403845,ENROUTE,2026-06-09 16:39:02,Mobile
18861,403845,ARRIVED,2026-06-09 18:43:02,CRM
18862,403846,CREATED,2026-06-09 09:05:38,Dispatch
18863,403846,ASSIGNED,2026-06-09 09:16:38,Mobile
18864,403846,ENROUTE,2026-06-09 16:28:38,Mobile
18865,403846,ARRIVED,2026-06-09 16:44:38,Dispatch
18866,403846,COMPLETED,2026-06-09 17:15:38,Mobile
18867,403847,CREATED,2026-06-09 15:39:18,Mobile
18868,403847,ASSIGNED,2026-06-09 17:55:18,Dispatch
18869,403847,ENROUTE,2026-06-09 22:56:18,Dispatch
18870,403847,ARRIVED,2026-06-09 23:30:18,CRM
18871,403847,COMPLETED,2026-06-10 07:00:18,Mobile
18872,403848,CREATED,2026-06-09 18:40:00,Dispatch
18873,403848,ASSIGNED,2026-06-09 21:31:00,Mobile
18874,403848,ENROUTE,2026-06-10 02:59:00,Dispatch
18875,403848,ARRIVED,2026-06-10 03:21:00,Dispatch
18876,403849,CREATED,2026-06-09 21:08:46,Mobile
18877,403849,ASSIGNED,2026-06-09 23:30:46,Mobile
18878,403849,ENROUTE,2026-06-10 03:49:46,Dispatch
18879,403849,ARRIVED,2026-06-10 06:30:46,Dispatch
18880,403849,COMPLETED,2026-06-10 10:19:46,Dispatch
18881,403850,CREATED,2026-06-09 23:34:29,Dispatch
18882,403850,ASSIGNED,2026-06-10 01:29:29,CRM
18883,403850,ENROUTE,2026-06-10 06:56:29,Mobile
18884,403850,ARRIVED,2026-06-10 09:06:29,CRM
18885,403851,CREATED,2026-06-10 03:43:22,Mobile
18886,403851,ASSIGNED,2026-06-10 05:44:22,Mobile
18887,403851,ENROUTE,2026-06-10 06:06:22,Dispatch
18888,403851,ARRIVED,2026-06-10 06:40:22,Dispatch
18889,403851,COMPLETED,2026-06-10 14:50:22,Mobile
18890,403852,CREATED,2026-06-10 04:58:58,Dispatch
18891,403852,ASSIGNED,2026-06-10 08:22:58,Mobile
18892,403852,ENROUTE,2026-06-10 10:01:58,Dispatch
18893,403852,ARRIVED,2026-06-10 10:41:58,CRM
18894,403853,CREATED,2026-06-10 06:36:17,Dispatch
18895,403853,ASSIGNED,2026-06-10 08:56:17,Dispatch
18896,403853,ENROUTE,2026-06-10 13:58:17,Dispatch
18897,403853,ARRIVED,2026-06-10 14:47:17,Dispatch
18898,403854,CREATED,2026-06-10 09:44:27,Mobile
18899,403854,ASSIGNED,2026-06-10 11:54:27,Mobile
18900,403854,ENROUTE,2026-06-10 18:16:27,Mobile
18901,403854,ARRIVED,2026-06-10 19:52:27,Mobile
18902,403854,COMPLETED,2026-06-10 23:15:27,Dispatch
18903,403855,CREATED,2026-06-10 10:30:57,Mobile
18904,403855,ASSIGNED,2026-06-10 11:23:57,Dispatch
18905,403855,ENROUTE,2026-06-10 11:41:57,Dispatch
18906,403855,ARRIVED,2026-06-10 13:08:57,Mobile
18907,403855,COMPLETED,2026-06-10 15:48:57,Mobile
18908,403856,CREATED,2026-06-10 14:56:27,Mobile
18909,403856,ASSIGNED,2026-06-10 16:20:27,CRM
18910,403856,ENROUTE,2026-06-10 16:58:27,Mobile
18911,403856,ARRIVED,2026-06-10 18:42:27,Mobile
18912,403856,COMPLETED,2026-06-11 02:44:27,Dispatch
18913,403857,CREATED,2026-06-10 17:14:49,Mobile
18914,403857,ASSIGNED,2026-06-10 18:57:49,Dispatch
18915,403857,ENROUTE,2026-06-10 20:03:49,Dispatch
18916,403857,ARRIVED,2026-06-10 21:26:49,Dispatch
18917,403857,COMPLETED,2026-06-11 04:17:49,Dispatch
18918,403858,CREATED,2026-06-10 17:54:53,Dispatch
18919,403858,ASSIGNED,2026-06-10 21:12:53,Mobile
18920,403858,ENROUTE,2026-06-10 22:15:53,Dispatch
18921,403858,ARRIVED,2026-06-11 01:05:53,Mobile
18922,403858,COMPLETED,2026-06-11 03:07:53,Dispatch
18923,403859,CREATED,2026-06-11 00:14:06,Mobile
18924,403859,ASSIGNED,2026-06-11 02:39:06,Dispatch
18925,403859,ENROUTE,2026-06-11 08:59:06,Dispatch
18926,403859,ARRIVED,2026-06-11 10:59:06,Dispatch
18927,403859,COMPLETED,2026-06-11 18:09:06,Mobile
18928,403860,CREATED,2026-06-11 02:35:14,CRM
18929,403860,ASSIGNED,2026-06-11 05:54:14,Dispatch
18930,403860,ENROUTE,2026-06-11 08:38:14,Mobile
18931,403860,ARRIVED,2026-06-11 10:08:14,Dispatch
18932,403860,COMPLETED,2026-06-11 10:44:14,Mobile
18933,403861,CREATED,2026-06-11 05:25:06,Dispatch
18934,403861,ASSIGNED,2026-06-11 08:18:06,Dispatch
18935,403861,ENROUTE,2026-06-11 10:57:06,Mobile
18936,403861,ARRIVED,2026-06-11 12:36:06,Dispatch
18937,403861,COMPLETED,2026-06-11 19:01:06,Mobile
18938,403862,CREATED,2026-06-11 12:14:47,Mobile
18939,403862,ASSIGNED,2026-06-11 13:43:47,Mobile
18940,403862,ENROUTE,2026-06-11 16:12:47,Mobile
18941,403862,ARRIVED,2026-06-11 17:25:47,Dispatch
18942,403862,COMPLETED,2026-06-11 21:59:47,Mobile
18943,403863,CREATED,2026-06-11 13:06:52,Dispatch
18944,403863,ASSIGNED,2026-06-11 16:00:52,Mobile
18945,403863,ENROUTE,2026-06-11 17:33:52,Dispatch
18946,403863,ARRIVED,2026-06-11 20:08:52,Mobile
18947,403863,COMPLETED,2026-06-12 00:34:52,Mobile
18948,403864,CREATED,2026-06-11 15:46:22,Dispatch
18949,403864,ASSIGNED,2026-06-11 19:12:22,Dispatch
18950,403864,ENROUTE,2026-06-12 03:06:22,Dispatch
18951,403864,ARRIVED,2026-06-12 04:00:22,Dispatch
18952,403864,COMPLETED,2026-06-12 11:27:22,Mobile
18953,403865,CREATED,2026-06-11 16:48:57,Mobile
18954,403865,ASSIGNED,2026-06-11 19:51:57,Mobile
18955,403865,ENROUTE,2026-06-12 03:42:57,Mobile
18956,403865,ARRIVED,2026-06-12 04:31:57,CRM
18957,403865,COMPLETED,2026-06-12 09:00:57,Dispatch
18958,403866,CREATED,2026-06-11 21:24:41,Mobile
18959,403866,ASSIGNED,2026-06-11 22:43:41,Mobile
18960,403866,ENROUTE,2026-06-12 06:34:41,Dispatch
18961,403866,ARRIVED,2026-06-12 09:16:41,Dispatch
18962,403867,CREATED,2026-06-12 01:33:16,Dispatch
18963,403867,ASSIGNED,2026-06-12 02:53:16,CRM
18964,403867,ENROUTE,2026-06-12 07:10:16,Dispatch
18965,403867,ARRIVED,2026-06-12 07:25:16,Dispatch
18966,403868,CREATED,2026-06-12 02:19:04,Mobile
18967,403868,ASSIGNED,2026-06-12 04:59:04,Dispatch
18968,403868,ENROUTE,2026-06-12 08:42:04,Dispatch
18969,403868,ARRIVED,2026-06-12 09:59:04,Dispatch
18970,403869,CREATED,2026-06-12 16:48:31,Dispatch
18971,403869,ASSIGNED,2026-06-12 17:02:31,Dispatch
18972,403869,ENROUTE,2026-06-12 17:58:31,CRM
18973,403869,ARRIVED,2026-06-12 18:25:31,Mobile
18974,403869,COMPLETED,2026-06-12 22:06:31,Dispatch
18975,403870,CREATED,2026-06-12 16:59:11,Mobile
18976,403870,ASSIGNED,2026-06-12 19:24:11,Mobile
18977,403870,ENROUTE,2026-06-13 03:12:11,Dispatch
18978,403870,ARRIVED,2026-06-13 05:48:11,Mobile
18979,403870,COMPLETED,2026-06-13 12:46:11,Dispatch
18980,403871,CREATED,2026-06-12 17:42:11,Mobile
18981,403871,ASSIGNED,2026-06-12 18:13:11,Dispatch
18982,403871,ENROUTE,2026-06-12 20:52:11,Dispatch
18983,403871,ARRIVED,2026-06-12 23:29:11,Dispatch
18984,403871,COMPLETED,2026-06-13 07:47:11,Dispatch
18985,403872,CREATED,2026-06-12 18:42:00,Mobile
18986,403872,ASSIGNED,2026-06-12 19:32:00,Mobile
18987,403872,ENROUTE,2026-06-12 20:42:00,Dispatch
18988,403872,ARRIVED,2026-06-12 23:17:00,Dispatch
18989,403872,COMPLETED,2026-06-13 04:30:00,Mobile
18990,403873,CREATED,2026-06-12 20:16:04,Mobile
18991,403873,ASSIGNED,2026-06-12 22:51:04,Mobile
18992,403873,ENROUTE,2026-06-13 04:03:04,Dispatch
18993,403873,ARRIVED,2026-06-13 06:40:04,CRM
18994,403874,CREATED,2026-06-12 20:37:41,Dispatch
18995,403874,ASSIGNED,2026-06-12 22:41:41,CRM
18996,403874,ENROUTE,2026-06-13 04:10:41,Mobile
18997,403874,ARRIVED,2026-06-13 05:19:41,Mobile
18998,403875,CREATED,2026-06-12 20:43:35,Dispatch
18999,403875,ASSIGNED,2026-06-13 00:07:35,Dispatch
19000,403875,ENROUTE,2026-06-13 04:59:35,Mobile
19001,403875,ARRIVED,2026-06-13 05:45:35,Mobile
19002,403876,CREATED,2026-06-13 04:44:31,Dispatch
19003,403876,ASSIGNED,2026-06-13 06:43:31,Dispatch
19004,403876,ENROUTE,2026-06-13 08:07:31,Dispatch
19005,403876,ARRIVED,2026-06-13 08:51:31,Dispatch
19006,403876,COMPLETED,2026-06-13 18:01:31,CRM
19007,403877,CREATED,2026-06-13 05:20:32,Dispatch
19008,403877,ASSIGNED,2026-06-13 05:49:32,Mobile
19009,403877,ENROUTE,2026-06-13 11:29:32,Dispatch
19010,403877,ARRIVED,2026-06-13 11:46:32,Mobile
19011,403877,COMPLETED,2026-06-13 15:43:32,Dispatch
19012,403878,CREATED,2026-06-13 11:00:58,Mobile
19013,403878,ASSIGNED,2026-06-13 11:10:58,Dispatch
19014,403878,ENROUTE,2026-06-13 18:53:58,CRM
19015,403878,ARRIVED,2026-06-13 21:09:58,Dispatch
19016,403878,COMPLETED,2026-06-14 03:33:58,Mobile
19017,403879,CREATED,2026-06-13 11:01:23,Dispatch
19018,403879,ASSIGNED,2026-06-13 12:02:23,Mobile
19019,403879,ENROUTE,2026-06-13 15:18:23,Mobile
19020,403879,ARRIVED,2026-06-13 16:18:23,Dispatch
19021,403880,CREATED,2026-06-13 17:23:45,Mobile
19022,403880,ASSIGNED,2026-06-13 20:13:45,CRM
19023,403880,ENROUTE,2026-06-13 23:04:45,Mobile
19024,403880,ARRIVED,2026-06-14 01:02:45,Dispatch
19025,403881,CREATED,2026-06-13 19:01:04,Mobile
19026,403881,ASSIGNED,2026-06-13 22:14:04,Dispatch
19027,403881,ENROUTE,2026-06-14 01:40:04,Dispatch
19028,403881,ARRIVED,2026-06-14 03:32:04,Dispatch
19029,403881,COMPLETED,2026-06-14 10:35:04,Mobile
19030,403882,CREATED,2026-06-13 20:59:18,Mobile
19031,403882,ASSIGNED,2026-06-14 00:13:18,Dispatch
19032,403882,ENROUTE,2026-06-14 03:23:18,Mobile
19033,403882,ARRIVED,2026-06-14 04:11:18,Dispatch
19034,403882,COMPLETED,2026-06-14 08:44:18,Dispatch
19035,403883,CREATED,2026-06-13 23:47:50,CRM
19036,403883,ASSIGNED,2026-06-14 01:14:50,Dispatch
19037,403883,ENROUTE,2026-06-14 06:18:50,Mobile
19038,403883,ARRIVED,2026-06-14 08:27:50,Mobile
19039,403884,CREATED,2026-06-14 01:35:24,Mobile
19040,403884,ASSIGNED,2026-06-14 05:08:24,Mobile
19041,403884,ENROUTE,2026-06-14 09:20:24,CRM
19042,403884,ARRIVED,2026-06-14 10:12:24,Dispatch
19043,403884,COMPLETED,2026-06-14 15:17:24,Dispatch
19044,403885,CREATED,2026-06-14 03:56:41,CRM
19045,403885,ASSIGNED,2026-06-14 05:49:41,Dispatch
19046,403885,ENROUTE,2026-06-14 13:16:41,Dispatch
19047,403885,ARRIVED,2026-06-14 13:39:41,Mobile
19048,403885,COMPLETED,2026-06-14 14:44:41,Dispatch
19049,403886,CREATED,2026-06-14 04:44:41,Mobile
19050,403886,ASSIGNED,2026-06-14 08:22:41,CRM
19051,403886,ENROUTE,2026-06-14 09:02:41,Mobile
19052,403886,ARRIVED,2026-06-14 09:29:41,CRM
19053,403886,COMPLETED,2026-06-14 13:19:41,Mobile
19054,403887,CREATED,2026-06-14 05:36:10,Dispatch
19055,403887,ASSIGNED,2026-06-14 06:53:10,Dispatch
19056,403887,ENROUTE,2026-06-14 13:01:10,Mobile
19057,403887,ARRIVED,2026-06-14 14:55:10,Mobile
19058,403887,COMPLETED,2026-06-14 16:52:10,Dispatch
19059,403888,CREATED,2026-06-14 06:00:33,CRM
19060,403888,ASSIGNED,2026-06-14 09:53:33,Dispatch
19061,403888,ENROUTE,2026-06-14 10:22:33,Dispatch
19062,403888,ARRIVED,2026-06-14 10:57:33,Mobile
19063,403889,CREATED,2026-06-14 11:35:50,Mobile
19064,403889,ASSIGNED,2026-06-14 14:17:50,Dispatch
19065,403889,ENROUTE,2026-06-14 14:38:50,Dispatch
19066,403889,ARRIVED,2026-06-14 15:38:50,CRM
19067,403889,COMPLETED,2026-06-15 01:10:50,Dispatch
19068,403890,CREATED,2026-06-14 15:10:55,CRM
19069,403890,ASSIGNED,2026-06-14 18:35:55,Dispatch
19070,403890,ENROUTE,2026-06-14 22:08:55,Mobile
19071,403890,ARRIVED,2026-06-14 23:27:55,CRM
19072,403890,COMPLETED,2026-06-15 07:31:55,Dispatch
19073,403891,CREATED,2026-06-14 19:46:55,Dispatch
19074,403891,ASSIGNED,2026-06-14 21:59:55,CRM
19075,403891,ENROUTE,2026-06-14 22:23:55,Mobile
19076,403891,ARRIVED,2026-06-14 22:51:55,Dispatch
19077,403892,CREATED,2026-06-14 23:52:51,Mobile
19078,403892,ASSIGNED,2026-06-15 02:59:51,Dispatch
19079,403892,ENROUTE,2026-06-15 08:52:51,Mobile
19080,403892,ARRIVED,2026-06-15 10:21:51,Dispatch
19081,403892,COMPLETED,2026-06-15 10:51:51,Dispatch
19082,403893,CREATED,2026-06-15 00:55:29,CRM
19083,403893,ASSIGNED,2026-06-15 03:58:29,Mobile
19084,403893,ENROUTE,2026-06-15 10:02:29,Mobile
19085,403893,ARRIVED,2026-06-15 11:02:29,Mobile
19086,403893,COMPLETED,2026-06-15 19:37:29,Dispatch
19087,403894,CREATED,2026-06-15 14:12:01,Mobile
19088,403894,ASSIGNED,2026-06-15 17:35:01,CRM
19089,403894,ENROUTE,2026-06-15 17:50:01,Dispatch
19090,403894,ARRIVED,2026-06-15 19:01:01,Mobile
19091,403895,CREATED,2026-06-15 18:27:50,Dispatch
19092,403895,ASSIGNED,2026-06-15 19:53:50,Mobile
19093,403895,ENROUTE,2026-06-16 03:21:50,Dispatch
19094,403895,ARRIVED,2026-06-16 05:41:50,Dispatch
19095,403895,COMPLETED,2026-06-16 14:26:50,CRM
19096,403896,CREATED,2026-06-15 20:57:01,CRM
19097,403896,ASSIGNED,2026-06-16 00:38:01,Dispatch
19098,403896,ENROUTE,2026-06-16 02:48:01,Dispatch
19099,403896,ARRIVED,2026-06-16 05:32:01,Mobile
19100,403896,COMPLETED,2026-06-16 12:05:01,Mobile
19101,403897,CREATED,2026-06-15 21:10:03,Dispatch
19102,403897,ASSIGNED,2026-06-15 21:30:03,Dispatch
19103,403897,ENROUTE,2026-06-16 02:54:03,Dispatch
19104,403897,ARRIVED,2026-06-16 05:39:03,Mobile
19105,403897,COMPLETED,2026-06-16 08:14:03,Dispatch
19106,403898,CREATED,2026-06-15 21:55:50,Dispatch
19107,403898,ASSIGNED,2026-06-16 01:37:50,Dispatch
19108,403898,ENROUTE,2026-06-16 09:36:50,Dispatch
19109,403898,ARRIVED,2026-06-16 10:54:50,Mobile
19110,403898,COMPLETED,2026-06-16 13:01:50,Mobile
19111,403899,CREATED,2026-06-16 00:11:14,Mobile
19112,403899,ASSIGNED,2026-06-16 04:03:14,Dispatch
19113,403899,ENROUTE,2026-06-16 06:17:14,Dispatch
19114,403899,ARRIVED,2026-06-16 07:25:14,Dispatch
19115,403899,COMPLETED,2026-06-16 12:49:14,Dispatch
19116,403900,CREATED,2026-06-16 01:52:08,CRM
19117,403900,ASSIGNED,2026-06-16 04:43:08,Dispatch
19118,403900,ENROUTE,2026-06-16 05:36:08,Dispatch
19119,403900,ARRIVED,2026-06-16 07:15:08,Mobile
19120,403900,COMPLETED,2026-06-16 11:35:08,CRM
19121,403901,CREATED,2026-06-16 02:25:02,CRM
19122,403901,ASSIGNED,2026-06-16 06:04:02,Mobile
19123,403901,ENROUTE,2026-06-16 12:04:02,Dispatch
19124,403901,ARRIVED,2026-06-16 12:56:02,Dispatch
19125,403901,CANCELLED,2026-06-16 07:04:02,Dispatch
19126,403902,CREATED,2026-06-16 08:15:12,Dispatch
19127,403902,ASSIGNED,2026-06-16 11:56:12,Dispatch
19128,403902,ENROUTE,2026-06-16 15:45:12,Dispatch
19129,403902,ARRIVED,2026-06-16 16:56:12,Mobile
19130,403902,COMPLETED,2026-06-16 17:59:12,CRM
19131,403903,CREATED,2026-06-16 10:09:48,Dispatch
19132,403903,ASSIGNED,2026-06-16 10:43:48,Dispatch
19133,403903,ENROUTE,2026-06-16 17:10:48,Dispatch
19134,403903,ARRIVED,2026-06-16 19:57:48,Mobile
19135,403903,COMPLETED,2026-06-17 02:40:48,Mobile
19136,403904,CREATED,2026-06-16 13:10:13,Mobile
19137,403904,ASSIGNED,2026-06-16 13:25:13,Mobile
19138,403904,ENROUTE,2026-06-16 15:03:13,Dispatch
19139,403904,ARRIVED,2026-06-16 16:38:13,Dispatch
19140,403904,COMPLETED,2026-06-16 22:42:13,Mobile
19141,403905,CREATED,2026-06-16 18:04:01,Mobile
19142,403905,ASSIGNED,2026-06-16 20:32:01,Mobile
19143,403905,ENROUTE,2026-06-16 21:41:01,Mobile
19144,403905,ARRIVED,2026-06-16 23:51:01,CRM
19145,403905,COMPLETED,2026-06-17 01:10:01,CRM
19146,403906,CREATED,2026-06-16 21:52:11,Mobile
19147,403906,ASSIGNED,2026-06-16 23:54:11,Dispatch
19148,403906,ENROUTE,2026-06-17 06:45:11,Mobile
19149,403906,ARRIVED,2026-06-17 09:43:11,Mobile
19150,403906,COMPLETED,2026-06-17 17:35:11,Dispatch
19151,403907,CREATED,2026-06-16 23:40:32,Dispatch
19152,403907,ASSIGNED,2026-06-17 00:08:32,Mobile
19153,403907,ENROUTE,2026-06-17 03:17:32,Mobile
19154,403907,ARRIVED,2026-06-17 05:47:32,Mobile
19155,403907,COMPLETED,2026-06-17 07:44:32,Mobile
19156,403908,CREATED,2026-06-17 01:21:31,Dispatch
19157,403908,ASSIGNED,2026-06-17 02:51:31,CRM
19158,403908,ENROUTE,2026-06-17 10:36:31,Dispatch
19159,403908,ARRIVED,2026-06-17 12:29:31,Mobile
19160,403908,COMPLETED,2026-06-17 16:29:31,Dispatch
19161,403909,CREATED,2026-06-17 01:33:51,Dispatch
19162,403909,ASSIGNED,2026-06-17 04:38:51,Dispatch
19163,403909,ENROUTE,2026-06-17 08:40:51,Dispatch
19164,403909,ARRIVED,2026-06-17 09:52:51,Dispatch
19165,403909,COMPLETED,2026-06-17 15:13:51,Mobile
19166,403910,CREATED,2026-06-17 01:53:23,Mobile
19167,403910,ASSIGNED,2026-06-17 03:18:23,Dispatch
19168,403910,ENROUTE,2026-06-17 10:36:23,Dispatch
19169,403910,ARRIVED,2026-06-17 12:01:23,Dispatch
19170,403910,COMPLETED,2026-06-17 20:47:23,Dispatch
19171,403911,CREATED,2026-06-17 05:15:49,Dispatch
19172,403911,ASSIGNED,2026-06-17 06:35:49,Dispatch
19173,403911,ENROUTE,2026-06-17 07:09:49,Dispatch
19174,403911,ARRIVED,2026-06-17 07:52:49,Dispatch
19175,403911,CANCELLED,2026-06-17 07:35:49,Mobile
19176,403912,CREATED,2026-06-17 07:44:20,Dispatch
19177,403912,ASSIGNED,2026-06-17 11:30:20,Mobile
19178,403912,ENROUTE,2026-06-17 12:07:20,Mobile
19179,403912,ARRIVED,2026-06-17 13:20:20,CRM
19180,403913,CREATED,2026-06-17 08:05:25,Dispatch
19181,403913,ASSIGNED,2026-06-17 11:42:25,Dispatch
19182,403913,ENROUTE,2026-06-17 17:04:25,Mobile
19183,403913,ARRIVED,2026-06-17 19:34:25,Mobile
19184,403913,COMPLETED,2026-06-18 01:19:25,Mobile
19185,403914,CREATED,2026-06-17 11:07:03,Dispatch
19186,403914,ASSIGNED,2026-06-17 15:00:03,CRM
19187,403914,ENROUTE,2026-06-17 16:49:03,Dispatch
19188,403914,ARRIVED,2026-06-17 17:29:03,CRM
19189,403914,COMPLETED,2026-06-18 02:13:03,Dispatch
19190,403915,CREATED,2026-06-17 14:42:17,Dispatch
19191,403915,ASSIGNED,2026-06-17 15:53:17,Mobile
19192,403915,ENROUTE,2026-06-17 20:30:17,CRM
19193,403915,ARRIVED,2026-06-17 21:18:17,Dispatch
19194,403915,CANCELLED,2026-06-17 16:53:17,Dispatch
19195,403916,CREATED,2026-06-17 15:22:42,Mobile
19196,403916,ASSIGNED,2026-06-17 17:03:42,CRM
19197,403916,ENROUTE,2026-06-17 19:16:42,Mobile
19198,403916,ARRIVED,2026-06-17 21:09:42,Dispatch
19199,403916,COMPLETED,2026-06-18 03:42:42,Mobile
19200,403917,CREATED,2026-06-17 17:18:03,Dispatch
19201,403917,ASSIGNED,2026-06-17 18:48:03,Dispatch
19202,403917,ENROUTE,2026-06-17 22:15:03,Mobile
19203,403917,ARRIVED,2026-06-18 00:26:03,Mobile
19204,403918,CREATED,2026-06-17 17:34:48,Mobile
19205,403918,ASSIGNED,2026-06-17 20:17:48,CRM
19206,403918,ENROUTE,2026-06-17 22:35:48,Dispatch
19207,403918,ARRIVED,2026-06-18 01:01:48,Mobile
19208,403918,COMPLETED,2026-06-18 09:43:48,Mobile
19209,403919,CREATED,2026-06-18 10:31:54,Mobile
19210,403919,ASSIGNED,2026-06-18 13:51:54,Dispatch
19211,403919,ENROUTE,2026-06-18 18:31:54,Dispatch
19212,403919,ARRIVED,2026-06-18 21:27:54,Dispatch
19213,403919,COMPLETED,2026-06-19 01:17:54,Dispatch
19214,403920,CREATED,2026-06-18 20:13:26,Mobile
19215,403920,ASSIGNED,2026-06-18 20:59:26,Dispatch
19216,403920,ENROUTE,2026-06-18 22:37:26,Dispatch
19217,403920,ARRIVED,2026-06-19 00:31:26,CRM
19218,403920,COMPLETED,2026-06-19 04:38:26,CRM
19219,403921,CREATED,2026-06-18 20:54:07,CRM
19220,403921,ASSIGNED,2026-06-18 22:18:07,CRM
19221,403921,ENROUTE,2026-06-19 03:12:07,CRM
19222,403921,ARRIVED,2026-06-19 04:20:07,Mobile
19223,403921,COMPLETED,2026-06-19 05:30:07,Dispatch
19224,403922,CREATED,2026-06-19 08:39:51,Dispatch
19225,403922,ASSIGNED,2026-06-19 11:07:51,Mobile
19226,403922,ENROUTE,2026-06-19 19:01:51,Dispatch
19227,403922,ARRIVED,2026-06-19 19:58:51,Dispatch
19228,403922,CANCELLED,2026-06-19 12:07:51,Mobile
19229,403923,CREATED,2026-06-19 09:49:32,Dispatch
19230,403923,ASSIGNED,2026-06-19 11:27:32,Mobile
19231,403923,ENROUTE,2026-06-19 14:03:32,Dispatch
19232,403923,ARRIVED,2026-06-19 15:39:32,CRM
19233,403923,COMPLETED,2026-06-19 19:27:32,Dispatch
19234,403924,CREATED,2026-06-19 13:11:03,CRM
19235,403924,ASSIGNED,2026-06-19 14:15:03,Dispatch
19236,403924,ENROUTE,2026-06-19 17:27:03,Dispatch
19237,403924,ARRIVED,2026-06-19 17:41:03,Mobile
19238,403924,COMPLETED,2026-06-19 22:13:03,Dispatch
19239,403925,CREATED,2026-06-19 19:43:14,Dispatch
19240,403925,ASSIGNED,2026-06-19 20:20:14,Mobile
19241,403925,ENROUTE,2026-06-20 06:31:14,Dispatch
19242,403925,ARRIVED,2026-06-20 06:11:14,Dispatch
19243,403925,COMPLETED,2026-06-20 12:39:14,Mobile
19244,403926,CREATED,2026-06-19 20:01:58,Mobile
19245,403926,ASSIGNED,2026-06-19 22:45:58,Mobile
19246,403926,ENROUTE,2026-06-20 01:06:58,Dispatch
19247,403926,ARRIVED,2026-06-20 02:57:58,Dispatch
19248,403926,COMPLETED,2026-06-20 08:37:58,Mobile
19249,403927,CREATED,2026-06-19 22:16:01,CRM
19250,403927,ASSIGNED,2026-06-19 22:47:01,Mobile
19251,403927,ENROUTE,2026-06-20 00:17:01,Dispatch
19252,403927,ARRIVED,2026-06-20 02:04:01,Dispatch
19253,403927,COMPLETED,2026-06-20 10:51:01,Dispatch
19254,403928,CREATED,2026-06-19 22:46:13,Mobile
19255,403928,ASSIGNED,2026-06-20 01:54:13,Dispatch
19256,403928,ENROUTE,2026-06-20 03:39:13,Mobile
19257,403928,ARRIVED,2026-06-20 05:43:13,CRM
19258,403928,COMPLETED,2026-06-20 08:12:13,CRM
19259,403929,CREATED,2026-06-20 09:52:18,Dispatch
19260,403929,ASSIGNED,2026-06-20 12:03:18,Mobile
19261,403929,ENROUTE,2026-06-20 15:09:18,Dispatch
19262,403929,ARRIVED,2026-06-20 17:46:18,Dispatch
19263,403929,COMPLETED,2026-06-21 03:40:18,Dispatch
19264,403930,CREATED,2026-06-20 10:45:01,Dispatch
19265,403930,ASSIGNED,2026-06-20 12:38:01,Mobile
19266,403930,ENROUTE,2026-06-20 13:55:01,Mobile
19267,403930,ARRIVED,2026-06-20 16:25:01,Mobile
19268,403930,COMPLETED,2026-06-20 22:06:01,Mobile
19269,403931,CREATED,2026-06-20 12:15:40,Dispatch
19270,403931,ASSIGNED,2026-06-20 14:19:40,CRM
19271,403931,ENROUTE,2026-06-20 14:48:40,Mobile
19272,403931,ARRIVED,2026-06-20 17:44:40,Mobile
19273,403932,CREATED,2026-06-20 12:39:05,Dispatch
19274,403932,ASSIGNED,2026-06-20 14:10:05,Mobile
19275,403932,ENROUTE,2026-06-20 17:33:05,Mobile
19276,403932,ARRIVED,2026-06-20 17:59:05,Mobile
19277,403932,COMPLETED,2026-06-21 01:22:05,Dispatch
19278,403933,CREATED,2026-06-20 22:44:46,Mobile
19279,403933,ASSIGNED,2026-06-21 02:10:46,CRM
19280,403933,ENROUTE,2026-06-21 06:25:46,Dispatch
19281,403933,ARRIVED,2026-06-21 08:11:46,Mobile
19282,403933,COMPLETED,2026-06-21 15:36:46,Mobile
19283,403934,CREATED,2026-06-21 00:23:07,Mobile
19284,403934,ASSIGNED,2026-06-21 03:02:07,Mobile
19285,403934,ENROUTE,2026-06-21 06:24:07,Mobile
19286,403934,ARRIVED,2026-06-21 06:59:07,Dispatch
19287,403934,COMPLETED,2026-06-21 10:15:07,Mobile
19288,403935,CREATED,2026-06-21 03:33:37,CRM
19289,403935,ASSIGNED,2026-06-21 04:19:37,Dispatch
19290,403935,ENROUTE,2026-06-21 08:14:37,Mobile
19291,403935,ARRIVED,2026-06-21 10:10:37,Dispatch
19292,403935,COMPLETED,2026-06-21 17:48:37,Dispatch
19293,403936,CREATED,2026-06-21 07:35:15,Mobile
19294,403936,ASSIGNED,2026-06-21 10:42:15,Dispatch
19295,403936,ENROUTE,2026-06-21 16:50:15,Dispatch
19296,403936,ARRIVED,2026-06-21 19:41:15,Mobile
19297,403936,COMPLETED,2026-06-22 03:27:15,Dispatch
19298,403937,CREATED,2026-06-21 13:51:47,Mobile
19299,403937,ASSIGNED,2026-06-21 16:11:47,CRM
19300,403937,ENROUTE,2026-06-21 21:22:47,Mobile
19301,403937,ARRIVED,2026-06-21 22:20:47,CRM
19302,403937,COMPLETED,2026-06-21 23:14:47,Dispatch
19303,403938,CREATED,2026-06-21 16:04:29,Mobile
19304,403938,ASSIGNED,2026-06-21 19:44:29,Dispatch
19305,403938,ENROUTE,2026-06-21 20:47:29,Dispatch
19306,403938,ARRIVED,2026-06-21 21:21:29,Dispatch
19307,403938,COMPLETED,2026-06-21 23:43:29,Dispatch
19308,403939,CREATED,2026-06-21 16:11:30,Mobile
19309,403939,ASSIGNED,2026-06-21 19:09:30,CRM
19310,403939,ENROUTE,2026-06-21 21:18:30,Dispatch
19311,403939,ARRIVED,2026-06-21 21:41:30,Dispatch
19312,403940,CREATED,2026-06-21 16:34:08,Dispatch
19313,403940,ASSIGNED,2026-06-21 19:42:08,Dispatch
19314,403940,ENROUTE,2026-06-21 21:25:08,Mobile
19315,403940,ARRIVED,2026-06-21 23:37:08,CRM
19316,403940,CANCELLED,2026-06-21 20:42:08,Mobile
19317,403941,CREATED,2026-06-21 22:49:48,Dispatch
19318,403941,ASSIGNED,2026-06-22 01:08:48,Dispatch
19319,403941,ENROUTE,2026-06-22 08:15:48,Dispatch
19320,403941,ARRIVED,2026-06-22 09:00:48,Dispatch
19321,403941,COMPLETED,2026-06-22 12:48:48,Mobile
19322,403942,CREATED,2026-06-22 00:38:17,Dispatch
19323,403942,ASSIGNED,2026-06-22 01:08:17,Mobile
19324,403942,ENROUTE,2026-06-22 02:10:17,Dispatch
19325,403942,ARRIVED,2026-06-22 02:25:17,Mobile
19326,403942,COMPLETED,2026-06-22 03:21:17,Dispatch
19327,403943,CREATED,2026-06-22 12:14:55,Mobile
19328,403943,ASSIGNED,2026-06-22 14:44:55,Mobile
19329,403943,ENROUTE,2026-06-22 18:52:55,Mobile
19330,403943,ARRIVED,2026-06-22 21:48:55,CRM
19331,403943,COMPLETED,2026-06-23 07:21:55,Dispatch
19332,403944,CREATED,2026-06-22 21:19:58,Dispatch
19333,403944,ASSIGNED,2026-06-23 01:02:58,CRM
19334,403944,ENROUTE,2026-06-23 02:45:58,Dispatch
19335,403944,ARRIVED,2026-06-23 03:53:58,Dispatch
19336,403944,COMPLETED,2026-06-23 06:59:58,Dispatch
19337,403945,CREATED,2026-06-23 01:14:15,Mobile
19338,403945,ASSIGNED,2026-06-23 01:34:15,Mobile
19339,403945,ENROUTE,2026-06-23 04:12:15,Mobile
19340,403945,ARRIVED,2026-06-23 04:54:15,Mobile
19341,403945,COMPLETED,2026-06-23 11:33:15,CRM
19342,403946,CREATED,2026-06-23 04:33:12,Mobile
19343,403946,ASSIGNED,2026-06-23 06:10:12,Mobile
19344,403946,ENROUTE,2026-06-23 07:42:12,Dispatch
19345,403946,ARRIVED,2026-06-23 10:11:12,Mobile
19346,403946,COMPLETED,2026-06-23 14:42:12,Mobile
19347,403947,CREATED,2026-06-23 04:42:39,Dispatch
19348,403947,ASSIGNED,2026-06-23 05:01:39,Dispatch
19349,403947,ENROUTE,2026-06-23 09:41:39,Dispatch
19350,403947,ARRIVED,2026-06-23 11:24:39,Mobile
19351,403947,COMPLETED,2026-06-23 21:04:39,CRM
19352,403948,CREATED,2026-06-23 10:00:29,CRM
19353,403948,ASSIGNED,2026-06-23 13:47:29,Mobile
19354,403948,ENROUTE,2026-06-23 19:05:29,Mobile
19355,403948,ARRIVED,2026-06-23 20:31:29,Dispatch
19356,403948,COMPLETED,2026-06-24 02:32:29,Dispatch
19357,403949,CREATED,2026-06-23 12:20:53,Dispatch
19358,403949,ASSIGNED,2026-06-23 15:56:53,Mobile
19359,403949,ENROUTE,2026-06-23 23:27:53,CRM
19360,403949,ARRIVED,2026-06-24 01:56:53,CRM
19361,403949,CANCELLED,2026-06-23 16:56:53,Dispatch
19362,403950,CREATED,2026-06-23 13:26:06,CRM
19363,403950,ASSIGNED,2026-06-23 13:37:06,Dispatch
19364,403950,ENROUTE,2026-06-23 18:28:06,CRM
19365,403950,ARRIVED,2026-06-23 20:13:06,Dispatch
19366,403950,COMPLETED,2026-06-24 05:51:06,Mobile
19367,403951,CREATED,2026-06-23 15:44:09,CRM
19368,403951,ASSIGNED,2026-06-23 17:15:09,Dispatch
19369,403951,ENROUTE,2026-06-23 18:41:09,Mobile
19370,403951,ARRIVED,2026-06-23 21:04:09,Dispatch
19371,403951,COMPLETED,2026-06-24 05:10:09,Dispatch
19372,403952,CREATED,2026-06-23 19:48:55,Mobile
19373,403952,ASSIGNED,2026-06-23 23:40:55,Dispatch
19374,403952,ENROUTE,2026-06-24 04:48:55,CRM
19375,403952,ARRIVED,2026-06-24 06:52:55,Dispatch
19376,403953,CREATED,2026-06-23 20:46:14,Dispatch
19377,403953,ASSIGNED,2026-06-23 21:56:14,Mobile
19378,403953,ENROUTE,2026-06-24 05:30:14,Dispatch
19379,403953,ARRIVED,2026-06-24 08:13:14,Dispatch
19380,403953,COMPLETED,2026-06-24 09:00:14,Mobile
19381,403954,CREATED,2026-06-23 20:59:52,Mobile
19382,403954,ASSIGNED,2026-06-23 23:39:52,Mobile
19383,403954,ENROUTE,2026-06-24 02:32:52,Mobile
19384,403954,ARRIVED,2026-06-24 03:53:52,Dispatch
19385,403954,COMPLETED,2026-06-24 12:20:52,CRM
19386,403955,CREATED,2026-06-23 23:54:46,Dispatch
19387,403955,ASSIGNED,2026-06-24 03:32:46,Dispatch
19388,403955,ENROUTE,2026-06-24 04:23:46,Dispatch
19389,403955,ARRIVED,2026-06-24 05:42:46,Dispatch
19390,403955,COMPLETED,2026-06-24 09:05:46,Mobile
19391,403956,CREATED,2026-06-24 09:03:23,Mobile
19392,403956,ASSIGNED,2026-06-24 11:41:23,Mobile
19393,403956,ENROUTE,2026-06-24 12:38:23,Mobile
19394,403956,ARRIVED,2026-06-24 15:10:23,Dispatch
19395,403956,COMPLETED,2026-06-24 17:08:23,Mobile
19396,403957,CREATED,2026-06-24 11:41:45,Dispatch
19397,403957,ASSIGNED,2026-06-24 14:39:45,Dispatch
19398,403957,ENROUTE,2026-06-24 20:56:45,Dispatch
19399,403957,ARRIVED,2026-06-24 23:26:45,Dispatch
19400,403957,COMPLETED,2026-06-25 07:39:45,Mobile
19401,403958,CREATED,2026-06-24 14:54:19,Dispatch
19402,403958,ASSIGNED,2026-06-24 17:19:19,Dispatch
19403,403958,ENROUTE,2026-06-24 19:41:19,Mobile
19404,403958,ARRIVED,2026-06-24 21:04:19,Mobile
19405,403958,COMPLETED,2026-06-25 06:10:19,Dispatch
19406,403959,CREATED,2026-06-24 16:11:01,Mobile
19407,403959,ASSIGNED,2026-06-24 19:40:01,Dispatch
19408,403959,ENROUTE,2026-06-25 01:27:01,Dispatch
19409,403959,ARRIVED,2026-06-25 03:25:01,Dispatch
19410,403959,COMPLETED,2026-06-25 09:06:01,Dispatch
19411,403960,CREATED,2026-06-24 17:38:20,CRM
19412,403960,ASSIGNED,2026-06-24 19:23:20,CRM
19413,403960,ENROUTE,2026-06-24 23:09:20,Mobile
19414,403960,ARRIVED,2026-06-25 01:08:20,Dispatch
19415,403960,COMPLETED,2026-06-25 09:26:20,Dispatch
19416,403961,CREATED,2026-06-24 22:40:53,Dispatch
19417,403961,ASSIGNED,2026-06-25 02:14:53,Dispatch
19418,403961,ENROUTE,2026-06-25 07:16:53,Dispatch
19419,403961,ARRIVED,2026-06-25 09:52:53,Mobile
19420,403961,COMPLETED,2026-06-25 18:00:53,CRM
19421,403962,CREATED,2026-06-25 07:37:16,Dispatch
19422,403962,ASSIGNED,2026-06-25 08:12:16,Mobile
19423,403962,ENROUTE,2026-06-25 08:37:16,Mobile
19424,403962,ARRIVED,2026-06-25 09:45:16,Mobile
19425,403963,CREATED,2026-06-25 08:23:23,Mobile
19426,403963,ASSIGNED,2026-06-25 11:00:23,Mobile
19427,403963,ENROUTE,2026-06-25 14:11:23,Dispatch
19428,403963,ARRIVED,2026-06-25 15:32:23,Dispatch
19429,403963,COMPLETED,2026-06-25 16:34:23,Dispatch
19430,403963,REOPENED,2026-06-26 16:34:23,Dispatch
19431,403963,ASSIGNED,2026-06-26 17:34:23,Dispatch
19432,403963,COMPLETED,2026-06-27 18:34:23,CRM
19433,403964,CREATED,2026-06-25 11:20:12,Mobile
19434,403964,ASSIGNED,2026-06-25 13:02:12,Dispatch
19435,403964,ENROUTE,2026-06-25 19:49:12,Mobile
19436,403964,ARRIVED,2026-06-25 20:07:12,Dispatch
19437,403964,COMPLETED,2026-06-25 23:51:12,CRM
19438,403965,CREATED,2026-06-25 19:31:30,Mobile
19439,403965,ASSIGNED,2026-06-25 21:47:30,Mobile
19440,403965,ENROUTE,2026-06-25 23:39:30,Dispatch
19441,403965,ARRIVED,2026-06-26 01:23:30,Mobile
19442,403965,COMPLETED,2026-06-26 08:43:30,Mobile
19443,403966,CREATED,2026-06-25 23:39:52,Dispatch
19444,403966,ASSIGNED,2026-06-26 01:19:52,CRM
19445,403966,ENROUTE,2026-06-26 02:49:52,Mobile
19446,403966,ARRIVED,2026-06-26 03:39:52,Mobile
19447,403966,COMPLETED,2026-06-26 07:54:52,Mobile
19448,403967,CREATED,2026-06-26 02:22:02,Dispatch
19449,403967,ASSIGNED,2026-06-26 02:36:02,Dispatch
19450,403967,ENROUTE,2026-06-26 07:03:02,Dispatch
19451,403967,ARRIVED,2026-06-26 09:05:02,Dispatch
19452,403967,COMPLETED,2026-06-26 12:47:02,Mobile
19453,403968,CREATED,2026-06-26 06:44:39,Dispatch
19454,403968,ASSIGNED,2026-06-26 07:17:39,Dispatch
19455,403968,ENROUTE,2026-06-26 14:28:39,Dispatch
19456,403968,ARRIVED,2026-06-26 15:52:39,Dispatch
19457,403968,COMPLETED,2026-06-26 18:59:39,Dispatch
19458,403969,CREATED,2026-06-26 08:51:12,Dispatch
19459,403969,ASSIGNED,2026-06-26 12:35:12,Dispatch
19460,403969,ENROUTE,2026-06-26 14:23:12,Mobile
19461,403969,ARRIVED,2026-06-26 16:48:12,Dispatch
19462,403969,COMPLETED,2026-06-27 02:37:12,Mobile
19463,403970,CREATED,2026-06-26 10:43:29,Dispatch
19464,403970,ASSIGNED,2026-06-26 13:23:29,Mobile
19465,403970,ENROUTE,2026-06-26 18:40:29,Dispatch
19466,403970,ARRIVED,2026-06-26 21:23:29,Dispatch
19467,403970,COMPLETED,2026-06-27 03:26:29,CRM
19468,403971,CREATED,2026-06-26 15:11:56,Mobile
19469,403971,ASSIGNED,2026-06-26 16:37:56,Dispatch
19470,403971,ENROUTE,2026-06-26 17:57:56,Dispatch
19471,403971,ARRIVED,2026-06-26 18:26:56,Dispatch
19472,403971,COMPLETED,2026-06-26 21:45:56,Dispatch
19473,403972,CREATED,2026-06-26 16:03:55,Dispatch
19474,403972,ASSIGNED,2026-06-26 16:42:55,Mobile
19475,403972,ENROUTE,2026-06-26 20:09:55,Dispatch
19476,403972,ARRIVED,2026-06-26 22:29:55,Mobile
19477,403972,COMPLETED,2026-06-27 04:27:55,Dispatch
19478,403973,CREATED,2026-06-26 17:52:58,Mobile
19479,403973,ASSIGNED,2026-06-26 21:00:58,Mobile
19480,403973,ENROUTE,2026-06-27 00:19:58,Dispatch
19481,403973,ARRIVED,2026-06-27 01:51:58,Dispatch
19482,403973,COMPLETED,2026-06-27 09:18:58,Mobile
19483,403974,CREATED,2026-06-26 18:18:24,CRM
19484,403974,ASSIGNED,2026-06-26 18:52:24,Mobile
19485,403974,ENROUTE,2026-06-26 20:39:24,Mobile
19486,403974,ARRIVED,2026-06-26 21:39:24,Mobile
19487,403975,CREATED,2026-06-26 18:44:30,Mobile
19488,403975,ASSIGNED,2026-06-26 20:33:30,Mobile
19489,403975,ENROUTE,2026-06-26 21:20:30,Mobile
19490,403975,ARRIVED,2026-06-26 21:57:30,Dispatch
19491,403975,COMPLETED,2026-06-27 06:51:30,Dispatch
19492,403976,CREATED,2026-06-26 19:42:00,Mobile
19493,403976,ASSIGNED,2026-06-26 22:26:00,Dispatch
19494,403976,ENROUTE,2026-06-27 02:15:00,Mobile
19495,403976,ARRIVED,2026-06-27 05:08:00,Dispatch
19496,403976,COMPLETED,2026-06-27 08:46:00,Mobile
19497,403977,CREATED,2026-06-27 00:59:46,Mobile
19498,403977,ASSIGNED,2026-06-27 03:36:46,Dispatch
19499,403977,ENROUTE,2026-06-27 06:41:46,Mobile
19500,403977,ARRIVED,2026-06-27 06:54:46,Dispatch
19501,403977,COMPLETED,2026-06-27 09:00:46,Dispatch
19502,403978,CREATED,2026-06-27 05:21:39,CRM
19503,403978,ASSIGNED,2026-06-27 08:30:39,Dispatch
19504,403978,ENROUTE,2026-06-27 13:30:39,Mobile
19505,403978,ARRIVED,2026-06-27 14:03:39,Dispatch
19506,403978,COMPLETED,2026-06-27 20:00:39,CRM
19507,403979,CREATED,2026-06-27 08:11:54,Dispatch
19508,403979,ASSIGNED,2026-06-27 11:56:54,Dispatch
19509,403979,ENROUTE,2026-06-27 14:31:54,Mobile
19510,403979,ARRIVED,2026-06-27 14:58:54,Mobile
19511,403979,COMPLETED,2026-06-27 16:04:54,Dispatch
19512,403980,CREATED,2026-06-27 09:29:53,Dispatch
19513,403980,ASSIGNED,2026-06-27 11:23:53,Mobile
19514,403980,ENROUTE,2026-06-27 18:30:53,CRM
19515,403980,ARRIVED,2026-06-27 20:30:53,Mobile
19516,403981,CREATED,2026-06-27 15:38:21,Dispatch
19517,403981,ASSIGNED,2026-06-27 15:52:21,Dispatch
19518,403981,ENROUTE,2026-06-27 17:11:21,CRM
19519,403981,ARRIVED,2026-06-27 18:11:21,Dispatch
19520,403982,CREATED,2026-06-27 15:57:37,Dispatch
19521,403982,ASSIGNED,2026-06-27 17:43:37,Mobile
19522,403982,ENROUTE,2026-06-27 22:05:37,Mobile
19523,403982,ARRIVED,2026-06-27 23:29:37,Mobile
19524,403982,COMPLETED,2026-06-28 06:55:37,Mobile
19525,403983,CREATED,2026-06-27 17:06:09,Mobile
19526,403983,ASSIGNED,2026-06-27 19:48:09,Mobile
19527,403983,ENROUTE,2026-06-27 21:33:09,CRM
19528,403983,ARRIVED,2026-06-27 21:59:09,Mobile
19529,403983,COMPLETED,2026-06-28 06:57:09,Mobile
19530,403984,CREATED,2026-06-27 18:53:07,Dispatch
19531,403984,ASSIGNED,2026-06-27 19:14:07,Mobile
19532,403984,ENROUTE,2026-06-28 01:53:07,Mobile
19533,403984,ARRIVED,2026-06-28 02:25:07,Mobile
19534,403984,COMPLETED,2026-06-28 10:50:07,Dispatch
19535,403985,CREATED,2026-06-27 22:50:24,Dispatch
19536,403985,ASSIGNED,2026-06-27 23:19:24,Mobile
19537,403985,ENROUTE,2026-06-28 07:05:24,Dispatch
19538,403985,ARRIVED,2026-06-28 08:46:24,Mobile
19539,403985,COMPLETED,2026-06-28 17:32:24,Mobile
19540,403986,CREATED,2026-06-28 00:24:34,CRM
19541,403986,ASSIGNED,2026-06-28 02:33:34,Mobile
19542,403986,ENROUTE,2026-06-28 08:31:34,Dispatch
19543,403986,ARRIVED,2026-06-28 11:22:34,Dispatch
19544,403986,COMPLETED,2026-06-28 16:23:34,Dispatch
19545,403987,CREATED,2026-06-28 01:27:09,Mobile
19546,403987,ASSIGNED,2026-06-28 05:26:09,Dispatch
19547,403987,ENROUTE,2026-06-28 11:01:09,Mobile
19548,403987,ARRIVED,2026-06-28 13:17:09,Mobile
19549,403987,COMPLETED,2026-06-28 18:42:09,Mobile
19550,403988,CREATED,2026-06-28 16:22:20,Mobile
19551,403988,ASSIGNED,2026-06-28 19:59:20,Dispatch
19552,403988,ENROUTE,2026-06-29 00:36:20,Dispatch
19553,403988,ARRIVED,2026-06-29 03:22:20,Dispatch
19554,403988,COMPLETED,2026-06-29 12:42:20,Dispatch
19555,403989,CREATED,2026-06-29 03:25:06,Mobile
19556,403989,ASSIGNED,2026-06-29 04:29:06,Mobile
19557,403989,ENROUTE,2026-06-29 06:03:06,Mobile
19558,403989,ARRIVED,2026-06-29 06:13:06,Dispatch
19559,403990,CREATED,2026-06-29 03:25:58,Dispatch
19560,403990,ASSIGNED,2026-06-29 05:53:58,Dispatch
19561,403990,ENROUTE,2026-06-29 13:08:58,Dispatch
19562,403990,ARRIVED,2026-06-29 13:21:58,Dispatch
19563,403990,COMPLETED,2026-06-29 16:29:58,Mobile
19564,403991,CREATED,2026-06-29 04:25:37,Mobile
19565,403991,ASSIGNED,2026-06-29 08:24:37,Mobile
19566,403991,ENROUTE,2026-06-29 12:59:37,Dispatch
19567,403991,ARRIVED,2026-06-29 15:00:37,Mobile
19568,403991,COMPLETED,2026-06-29 17:50:37,Dispatch
19569,403992,CREATED,2026-06-29 05:02:17,Dispatch
19570,403992,ASSIGNED,2026-06-29 08:40:17,CRM
19571,403992,ENROUTE,2026-06-29 15:44:17,Dispatch
19572,403992,ARRIVED,2026-06-29 16:57:17,CRM
19573,403992,COMPLETED,2026-06-29 17:35:17,Dispatch
19574,403993,CREATED,2026-06-29 07:38:57,Dispatch
19575,403993,ASSIGNED,2026-06-29 08:13:57,Mobile
19576,403993,ENROUTE,2026-06-29 14:01:57,Dispatch
19577,403993,ARRIVED,2026-06-29 15:43:57,Mobile
19578,403993,COMPLETED,2026-06-29 23:28:57,Dispatch
19579,403994,CREATED,2026-06-29 09:20:05,Mobile
19580,403994,ASSIGNED,2026-06-29 13:14:05,Mobile
19581,403994,ENROUTE,2026-06-29 14:30:05,Dispatch
19582,403994,ARRIVED,2026-06-29 15:15:05,Mobile
19583,403994,COMPLETED,2026-06-29 22:37:05,Dispatch
19584,403995,CREATED,2026-06-29 14:50:08,CRM
19585,403995,ASSIGNED,2026-06-29 17:53:08,CRM
19586,403995,ENROUTE,2026-06-29 18:38:08,Dispatch
19587,403995,ARRIVED,2026-06-29 19:13:08,Dispatch
19588,403995,COMPLETED,2026-06-30 02:26:08,Mobile
19589,403996,CREATED,2026-06-29 15:39:38,Dispatch
19590,403996,ASSIGNED,2026-06-29 16:51:38,Mobile
19591,403996,ENROUTE,2026-06-29 21:24:38,Mobile
19592,403996,ARRIVED,2026-06-30 00:21:38,Dispatch
19593,403996,COMPLETED,2026-06-30 09:41:38,Mobile
19594,403997,CREATED,2026-06-29 18:04:46,Mobile
19595,403997,ASSIGNED,2026-06-29 19:56:46,Dispatch
19596,403997,ENROUTE,2026-06-30 03:34:46,Mobile
19597,403997,ARRIVED,2026-06-30 04:17:46,Mobile
19598,403997,COMPLETED,2026-06-30 12:29:46,Dispatch
19599,403998,CREATED,2026-06-29 18:06:21,Mobile
19600,403998,ASSIGNED,2026-06-29 21:01:21,Dispatch
19601,403998,ENROUTE,2026-06-29 22:10:21,Mobile
19602,403998,ARRIVED,2026-06-30 00:34:21,Mobile
19603,403998,COMPLETED,2026-06-30 10:24:21,Mobile
19604,403999,CREATED,2026-06-29 23:10:15,Mobile
19605,403999,ASSIGNED,2026-06-29 23:56:15,CRM
19606,403999,ENROUTE,2026-06-30 04:30:15,Mobile
19607,403999,ARRIVED,2026-06-30 06:17:15,CRM
19608,404000,CREATED,2026-06-29 23:11:59,CRM
19609,404000,ASSIGNED,2026-06-30 01:03:59,Mobile
19610,404000,ENROUTE,2026-06-30 05:29:59,CRM
19611,404000,ARRIVED,2026-06-30 08:15:59,Mobile
19612,404000,CANCELLED,2026-06-30 02:03:59,Dispatch
19613,402989,ARRIVED,2026-02-10 18:03:40,Mobile
19614,402628,CREATED,2025-12-23 02:42:48,Dispatch
19615,403696,ENROUTE,2026-05-20 04:31:42,Dispatch
19616,403094,CREATED,2026-02-23 17:24:52,Dispatch
19617,402643,ENROUTE,2025-12-25 05:33:24,Dispatch
19618,403076,COMPLETED,2026-02-20 23:29:15,Mobile
19619,401779,CREATED,2025-09-01 10:04:37,Dispatch
19620,402180,ENROUTE,2025-10-24 06:26:22,Mobile
19621,402496,CREATED,2025-12-06 21:26:03,Dispatch
19622,402027,ASSIGNED,2025-10-05 12:22:16,Dispatch
19623,403536,COMPLETED,2026-04-29 04:35:08,Dispatch
19624,400990,COMPLETED,2025-05-18 04:17:25,Dispatch
19625,400082,ASSIGNED,2025-01-12 18:52:52,Dispatch
19626,403030,COMPLETED,2026-02-15 03:43:03,Mobile
19627,402585,CREATED,2025-12-17 13:59:28,Dispatch
19628,402779,COMPLETED,2026-01-09 22:54:42,Mobile
19629,401507,COMPLETED,2025-07-30 06:31:21,Mobile
19630,401417,ARRIVED,2025-07-19 02:37:58,Dispatch
19631,402762,ENROUTE,2026-01-07 03:34:08,Mobile
19632,402025,COMPLETED,2025-10-05 13:04:31,CRM
19633,401458,ARRIVED,2025-07-24 13:45:28,Dispatch
19634,403756,ARRIVED,2026-05-28 14:58:45,Dispatch
19635,401049,ENROUTE,2025-05-28 03:05:48,Mobile
19636,400334,ENROUTE,2025-02-17 06:49:44,Dispatch
19637,403607,ENROUTE,2026-05-09 03:59:39,Dispatch
19638,403320,ENROUTE,2026-03-29 05:53:30,Dispatch
19639,400896,COMPLETED,2025-05-03 22:13:11,Dispatch
19640,401776,ASSIGNED,2025-08-31 17:39:19,Dispatch
19641,401595,CREATED,2025-08-08 04:08:55,Dispatch
19642,403098,CREATED,2026-02-24 02:17:48,Dispatch
19643,401888,ARRIVED,2025-09-16 05:11:54,Dispatch
19644,403177,ARRIVED,2026-03-07 15:40:58,Mobile
19645,400466,ENROUTE,2025-03-04 23:26:18,Dispatch
19646,403811,ENROUTE,2026-06-04 02:33:07,Mobile
19647,403691,CREATED,2026-05-19 07:28:21,Dispatch
19648,400489,ASSIGNED,2025-03-08 12:39:37,CRM
19649,403615,ASSIGNED,2026-05-09 23:04:54,Mobile
19650,401578,ENROUTE,2025-08-06 13:22:46,Mobile
19651,400152,COMPLETED,2025-01-22 04:50:19,CRM
19652,401370,ARRIVED,2025-07-11 10:56:46,Dispatch
19653,402713,CREATED,2026-01-01 20:29:20,Mobile
19654,401220,ARRIVED,2025-06-21 04:38:57,Dispatch
19655,401902,CREATED,2025-09-18 03:39:47,Dispatch
19656,400238,CREATED,2025-02-01 19:30:43,Dispatch
19657,402930,ARRIVED,2026-02-03 05:01:11,Mobile
19658,402582,CREATED,2025-12-17 06:58:22,Dispatch
19659,401221,ENROUTE,2025-06-20 22:37:03,CRM
19660,400914,ARRIVED,2025-05-05 12:53:33,Mobile
19661,400049,ENROUTE,2025-01-08 17:32:51,Mobile
19662,400111,ASSIGNED,2025-01-16 18:10:26,Dispatch
19663,400532,ASSIGNED,2025-03-13 23:23:22,Mobile
19664,402609,ENROUTE,2025-12-20 09:03:07,Mobile
19665,402351,ASSIGNED,2025-11-15 13:49:36,CRM
19666,402783,ARRIVED,2026-01-10 19:46:36,Mobile
19667,401463,ARRIVED,2025-07-25 06:48:12,Dispatch
19668,402914,ENROUTE,2026-02-01 09:21:48,Dispatch
19669,401701,COMPLETED,2025-08-22 06:46:47,Mobile
19670,400780,ENROUTE,2025-04-16 17:34:48,Dispatch
19671,402431,CREATED,2025-11-27 13:03:24,Mobile
19672,401968,ASSIGNED,2025-09-27 15:57:30,Mobile
19673,401502,COMPLETED,2025-07-29 11:48:57,Mobile
19674,401235,ARRIVED,2025-06-23 00:47:44,Mobile
19675,402213,COMPLETED,2025-10-29 03:53:49,Dispatch
19676,402547,COMPLETED,2025-12-13 14:34:02,Dispatch
19677,401833,ARRIVED,2025-09-09 13:54:06,Dispatch
19678,400237,ARRIVED,2025-02-01 19:10:20,Mobile
19679,403835,ARRIVED,2026-06-08 05:29:34,Dispatch
19680,403178,ENROUTE,2026-03-07 16:01:57,Mobile
19681,400267,ARRIVED,2025-02-06 17:35:31,Dispatch
19682,400472,ASSIGNED,2025-03-05 04:17:27,Dispatch
19683,403685,ASSIGNED,2026-05-18 19:54:33,Dispatch
19684,403960,CREATED,2026-06-24 17:38:20,CRM
19685,400756,CREATED,2025-04-13 04:05:46,Dispatch
19686,400141,ASSIGNED,2025-01-20 10:10:06,Dispatch
19687,402744,CREATED,2026-01-04 08:47:18,Dispatch
19688,402387,ASSIGNED,2025-11-21 09:21:33,Dispatch
19689,401390,ARRIVED,2025-07-14 13:41:59,Dispatch
19690,401748,ASSIGNED,2025-08-28 02:31:32,CRM
