work_order_part_id,work_order_id,part_id,quantity
1,400001,191,3
2,400001,36,1
3,400003,48,2
4,400003,135,3
5,400004,93,1
6,400005,154,3
7,400006,81,2
8,400006,47,3
9,400007,82,2
10,400007,42,2
11,400007,160,2
12,400009,123,3
13,400010,40,3
14,400010,55,1
15,400010,5,3
16,400011,98,1
17,400011,192,1
18,400013,99,3
19,400013,119,1
20,400014,95,2
21,400015,182,1
22,400016,66,2
23,400016,111,3
24,400017,193,3
25,400017,18,2
26,400018,65,1
27,400018,78,3
28,400018,82,1
29,400022,84,2
30,400022,179,3
31,400022,34,2
32,400025,5,3
33,400025,185,1
34,400026,47,1
35,400026,136,3
36,400026,164,3
37,400027,73,3
38,400027,163,3
39,400028,129,2
40,400028,108,3
41,400028,149,2
42,400029,15,2
43,400031,117,1
44,400032,61,3
45,400032,144,3
46,400032,22,1
47,400033,126,1
48,400033,136,1
49,400034,75,3
50,400034,159,3
51,400035,67,3
52,400036,99,3
53,400036,95,1
54,400036,72,3
55,400039,192,2
56,400039,167,2
57,400039,183,1
58,400041,43,2
59,400041,56,3
60,400044,123,1
61,400045,43,3
62,400046,20,2
63,400046,7,1
64,400048,188,2
65,400048,32,3
66,400051,182,2
67,400051,155,3
68,400051,185,2
69,400052,39,2
70,400052,45,2
71,400052,161,1
72,400053,46,2
73,400055,112,1
74,400056,134,1
75,400056,200,1
76,400057,181,3
77,400057,88,3
78,400057,98,1
79,400058,196,1
80,400058,170,2
81,400058,102,1
82,400059,15,2
83,400059,149,2
84,400059,160,2
85,400061,60,1
86,400061,9,2
87,400062,112,2
88,400062,49,2
89,400063,50,1
90,400063,9,3
91,400064,36,1
92,400065,20,1
93,400066,125,2
94,400066,151,1
95,400066,139,2
96,400067,148,2
97,400067,8,2
98,400069,17,2
99,400069,84,2
100,400070,152,1
101,400070,60,2
102,400070,15,1
103,400071,39,1
104,400073,125,1
105,400074,102,2
106,400074,52,3
107,400075,104,1
108,400075,156,1
109,400075,110,1
110,400077,96,2
111,400078,165,3
112,400078,142,1
113,400078,89,1
114,400080,166,1
115,400081,136,3
116,400081,127,2
117,400082,57,3
118,400084,127,3
119,400084,181,1
120,400084,133,2
121,400085,63,2
122,400085,171,2
123,400088,48,3
124,400089,41,3
125,400089,183,2
126,400089,172,3
127,400090,55,3
128,400090,52,2
129,400090,76,2
130,400091,15,3
131,400093,83,1
132,400093,43,2
133,400096,192,3
134,400096,142,3
135,400096,97,3
136,400097,30,1
137,400098,140,3
138,400098,167,3
139,400099,179,2
140,400099,22,2
141,400100,11,3
142,400101,89,3
143,400102,139,2
144,400102,40,1
145,400102,193,3
146,400103,32,3
147,400103,130,3
148,400105,155,1
149,400105,49,1
150,400106,42,1
151,400106,105,2
152,400106,3,3
153,400107,1,3
154,400107,174,3
155,400108,155,2
156,400108,132,1
157,400108,102,3
158,400110,192,1
159,400111,7,1
160,400111,163,3
161,400111,148,3
162,400112,159,3
163,400112,33,3
164,400112,23,3
165,400113,43,3
166,400113,62,3
167,400113,186,1
168,400115,72,1
169,400115,64,1
170,400116,50,3
171,400116,96,2
172,400116,185,3
173,400117,99,1
174,400117,127,1
175,400117,148,3
176,400118,13,1
177,400118,5,2
178,400118,200,3
179,400119,171,2
180,400119,17,1
181,400120,13,1
182,400120,57,3
183,400120,40,2
184,400121,122,3
185,400121,56,1
186,400122,21,1
187,400122,58,3
188,400123,105,2
189,400123,146,3
190,400123,155,3
191,400125,60,1
192,400126,88,2
193,400127,66,1
194,400127,154,1
195,400128,35,2
196,400128,47,2
197,400129,196,2
198,400129,35,3
199,400129,80,1
200,400130,108,2
201,400130,38,1
202,400134,156,1
203,400134,167,2
204,400134,125,1
205,400135,90,2
206,400135,40,1
207,400135,106,1
208,400136,187,3
209,400136,84,1
210,400137,37,1
211,400138,71,1
212,400139,34,3
213,400139,7,3
214,400139,199,1
215,400141,101,3
216,400141,124,3
217,400144,40,1
218,400144,22,2
219,400145,82,3
220,400145,44,3
221,400145,139,1
222,400146,66,3
223,400146,20,2
224,400147,99,1
225,400148,145,3
226,400148,197,3
227,400149,93,2
228,400151,21,3
229,400151,106,3
230,400151,197,2
231,400152,111,1
232,400153,66,3
233,400154,84,3
234,400154,66,1
235,400154,37,2
236,400155,121,1
237,400155,115,1
238,400156,76,3
239,400156,89,2
240,400157,191,2
241,400157,160,1
242,400157,180,2
243,400158,160,1
244,400158,198,3
245,400158,56,3
246,400161,164,1
247,400161,46,2
248,400161,59,3
249,400162,96,1
250,400162,151,2
251,400163,26,1
252,400163,10,3
253,400164,18,1
254,400166,58,2
255,400166,170,1
256,400166,113,1
257,400167,6,1
258,400167,182,3
259,400167,78,1
260,400169,79,3
261,400170,171,2
262,400170,29,2
263,400170,38,1
264,400171,84,3
265,400171,166,2
266,400171,140,2
267,400172,111,3
268,400172,126,1
269,400173,109,3
270,400173,184,1
271,400174,36,1
272,400174,47,3
273,400174,107,1
274,400176,19,3
275,400177,161,1
276,400177,24,1
277,400177,91,3
278,400178,59,2
279,400178,54,1
280,400179,194,3
281,400179,117,1
282,400180,12,2
283,400180,128,2
284,400181,16,2
285,400182,159,3
286,400182,144,3
287,400182,192,2
288,400184,152,1
289,400184,180,1
290,400186,155,2
291,400186,177,3
292,400187,64,3
293,400187,30,2
294,400187,115,1
295,400188,147,3
296,400188,74,2
297,400189,36,1
298,400189,57,3
299,400189,34,2
300,400190,173,1
301,400190,35,2
302,400190,130,3
303,400191,15,3
304,400191,108,2
305,400193,84,3
306,400193,72,3
307,400193,173,2
308,400194,141,3
309,400194,162,2
310,400194,185,3
311,400196,163,1
312,400196,60,2
313,400196,180,3
314,400197,19,3
315,400197,148,1
316,400197,185,3
317,400200,158,1
318,400200,189,2
319,400200,50,1
320,400201,1,3
321,400202,157,3
322,400202,185,2
323,400202,148,1
324,400203,148,2
325,400203,37,3
326,400205,172,2
327,400205,50,3
328,400207,118,2
329,400208,61,2
330,400208,112,3
331,400208,197,3
332,400209,140,3
333,400210,171,1
334,400210,15,1
335,400212,84,1
336,400212,197,1
337,400212,138,3
338,400214,81,1
339,400215,48,1
340,400218,95,3
341,400218,9,3
342,400218,169,3
343,400219,163,3
344,400219,7,3
345,400220,123,3
346,400220,148,2
347,400221,59,2
348,400221,117,2
349,400222,12,3
350,400222,52,1
351,400226,124,3
352,400227,154,2
353,400227,60,1
354,400227,93,1
355,400228,118,3
356,400228,70,1
357,400228,99,1
358,400229,178,1
359,400229,89,1
360,400230,43,2
361,400230,60,1
362,400230,61,3
363,400231,135,1
364,400231,54,1
365,400231,96,3
366,400232,21,1
367,400232,122,1
368,400232,152,2
369,400234,121,1
370,400234,97,3
371,400235,69,2
372,400237,183,3
373,400238,59,3
374,400238,173,1
375,400238,94,1
376,400239,199,2
377,400239,126,2
378,400239,93,1
379,400240,65,2
380,400241,154,2
381,400241,128,2
382,400241,68,1
383,400242,22,1
384,400243,145,2
385,400243,146,3
386,400244,56,1
387,400244,154,3
388,400245,114,1
389,400246,168,2
390,400247,41,1
391,400247,84,2
392,400247,166,1
393,400248,189,3
394,400248,148,2
395,400249,189,2
396,400249,173,1
397,400249,20,3
398,400252,41,2
399,400252,194,3
400,400253,93,2
401,400253,52,3
402,400254,109,1
403,400254,33,3
404,400254,121,3
405,400255,65,1
406,400255,196,2
407,400255,175,3
408,400256,195,2
409,400257,5,2
410,400257,173,3
411,400258,197,1
412,400258,178,2
413,400258,113,2
414,400259,123,3
415,400260,126,2
416,400260,101,3
417,400261,92,2
418,400261,59,1
419,400262,139,2
420,400262,88,1
421,400262,23,1
422,400263,174,1
423,400264,168,1
424,400264,62,2
425,400265,116,3
426,400265,11,2
427,400265,9,2
428,400266,69,1
429,400266,24,3
430,400266,105,3
431,400267,115,1
432,400267,33,2
433,400267,178,3
434,400269,171,1
435,400269,5,3
436,400269,24,3
437,400270,17,1
438,400270,144,2
439,400271,184,1
440,400271,173,1
441,400271,104,1
442,400275,131,1
443,400275,135,2
444,400275,125,2
445,400276,134,2
446,400277,74,3
447,400278,132,2
448,400278,37,3
449,400280,160,1
450,400280,30,3
451,400281,40,2
452,400283,42,1
453,400283,63,2
454,400283,129,2
455,400284,198,2
456,400284,124,3
457,400284,130,3
458,400286,189,2
459,400286,131,1
460,400287,60,2
461,400288,80,3
462,400289,179,1
463,400289,95,3
464,400289,52,3
465,400292,95,2
466,400292,43,2
467,400292,61,2
468,400294,79,1
469,400294,73,3
470,400294,102,2
471,400295,6,3
472,400295,120,3
473,400296,141,3
474,400296,131,2
475,400296,31,3
476,400297,24,3
477,400297,108,1
478,400299,159,3
479,400299,122,1
480,400300,135,1
481,400301,9,1
482,400302,112,1
483,400302,82,1
484,400303,141,3
485,400303,176,1
486,400304,73,2
487,400305,163,2
488,400305,155,2
489,400305,158,2
490,400308,32,1
491,400309,111,1
492,400309,77,2
493,400309,84,3
494,400310,74,2
495,400311,54,2
496,400311,114,1
497,400311,39,2
498,400312,110,2
499,400312,122,2
500,400312,177,2
501,400313,72,3
502,400313,8,1
503,400313,96,2
504,400315,77,2
505,400315,109,1
506,400316,156,2
507,400317,112,2
508,400319,61,2
509,400319,104,3
510,400319,47,3
511,400321,27,2
512,400322,124,1
513,400323,143,2
514,400323,60,1
515,400323,11,1
516,400324,118,2
517,400325,150,3
518,400325,12,1
519,400326,141,2
520,400326,11,2
521,400328,133,2
522,400328,11,3
523,400328,167,2
524,400329,162,2
525,400329,7,1
526,400329,34,2
527,400331,179,2
528,400332,56,2
529,400333,177,1
530,400333,68,3
531,400334,179,1
532,400336,197,2
533,400336,199,3
534,400336,174,2
535,400337,110,2
536,400337,95,2
537,400337,175,1
538,400338,66,2
539,400338,75,1
540,400341,49,2
541,400342,40,2
542,400342,49,1
543,400343,188,1
544,400344,147,2
545,400344,191,2
546,400344,90,1
547,400346,5,2
548,400347,3,2
549,400348,125,2
550,400349,43,1
551,400349,50,3
552,400349,145,3
553,400350,57,1
554,400350,94,3
555,400351,41,3
556,400352,198,3
557,400352,7,3
558,400352,33,2
559,400353,75,2
560,400353,138,2
561,400353,79,1
562,400354,57,1
563,400357,110,2
564,400357,102,1
565,400358,186,2
566,400358,6,1
567,400358,33,3
568,400359,56,2
569,400359,23,1
570,400361,11,2
571,400361,68,2
572,400361,184,3
573,400362,36,2
574,400362,146,1
575,400363,116,3
576,400363,177,3
577,400363,104,3
578,400364,142,3
579,400365,130,3
580,400365,142,3
581,400367,18,2
582,400367,165,2
583,400368,127,3
584,400368,118,3
585,400369,135,2
586,400369,132,3
587,400370,163,1
588,400370,84,3
589,400373,149,3
590,400374,69,3
591,400374,175,2
592,400375,22,3
593,400375,166,3
594,400377,189,1
595,400377,47,2
596,400378,25,1
597,400378,79,2
598,400379,154,2
599,400379,157,1
600,400379,36,1
601,400381,92,2
602,400382,44,2
603,400382,155,1
604,400383,179,1
605,400384,163,2
606,400384,127,1
607,400385,162,2
608,400385,118,1
609,400387,74,3
610,400387,85,1
611,400388,82,2
612,400388,72,2
613,400389,138,2
614,400391,130,1
615,400393,138,2
616,400393,139,1
617,400393,61,2
618,400394,98,3
619,400394,104,2
620,400395,82,1
621,400395,127,1
622,400395,109,3
623,400396,195,2
624,400396,38,2
625,400396,34,3
626,400397,86,3
627,400398,124,1
628,400400,13,2
629,400400,197,2
630,400401,179,3
631,400401,181,3
632,400402,79,2
633,400402,20,3
634,400402,43,2
635,400403,45,2
636,400403,85,2
637,400403,153,1
638,400404,116,2
639,400405,179,3
640,400405,88,1
641,400405,13,2
642,400406,172,3
643,400406,194,2
644,400406,171,2
645,400407,105,1
646,400407,89,1
647,400408,55,3
648,400408,83,3
649,400408,150,3
650,400410,5,3
651,400410,196,1
652,400411,149,1
653,400411,11,2
654,400411,29,3
655,400413,96,3
656,400415,160,1
657,400415,77,3
658,400416,70,2
659,400417,175,2
660,400418,162,2
661,400418,13,2
662,400420,162,2
663,400420,27,2
664,400420,119,2
665,400421,92,2
666,400421,95,1
667,400421,164,1
668,400422,159,2
669,400422,75,3
670,400422,178,2
671,400423,179,3
672,400423,38,3
673,400423,180,1
674,400424,136,2
675,400424,174,1
676,400424,119,1
677,400425,106,3
678,400427,49,2
679,400427,127,1
680,400428,191,1
681,400428,142,2
682,400428,112,1
683,400429,159,2
684,400429,70,1
685,400429,4,3
686,400430,39,1
687,400430,135,3
688,400431,49,2
689,400431,28,3
690,400432,7,3
691,400432,149,1
692,400433,169,1
693,400434,20,2
694,400434,69,2
695,400434,90,2
696,400437,143,3
697,400440,18,1
698,400441,59,3
699,400441,87,2
700,400441,64,3
701,400442,69,2
702,400442,50,3
703,400444,30,2
704,400444,185,2
705,400445,22,3
706,400446,110,3
707,400446,7,1
708,400447,197,1
709,400448,66,2
710,400448,38,2
711,400449,95,3
712,400449,93,2
713,400449,118,2
714,400451,71,2
715,400451,67,3
716,400452,58,1
717,400452,177,2
718,400452,172,2
719,400453,137,3
720,400453,182,1
721,400454,26,1
722,400454,89,3
723,400454,112,1
724,400456,155,2
725,400456,67,3
726,400456,58,1
727,400457,118,1
728,400457,59,2
729,400458,192,3
730,400461,46,3
731,400461,57,2
732,400462,131,3
733,400463,41,3
734,400463,52,1
735,400464,101,1
736,400464,76,1
737,400464,7,3
738,400465,37,2
739,400465,115,2
740,400465,150,2
741,400466,75,1
742,400466,29,1
743,400466,90,1
744,400467,148,2
745,400467,26,3
746,400468,67,2
747,400470,175,1
748,400470,118,2
749,400470,102,1
750,400471,94,2
751,400471,99,2
752,400472,177,2
753,400472,174,1
754,400472,136,1
755,400473,106,2
756,400474,50,2
757,400474,113,1
758,400476,1,3
759,400477,54,1
760,400478,93,2
761,400478,148,2
762,400478,145,2
763,400479,78,1
764,400482,148,2
765,400483,1,1
766,400483,32,3
767,400485,154,3
768,400485,54,2
769,400486,109,1
770,400486,121,3
771,400486,132,3
772,400487,68,3
773,400487,15,1
774,400487,166,2
775,400488,166,3
776,400488,94,3
777,400488,78,3
778,400489,104,1
779,400490,30,1
780,400493,99,2
781,400493,149,1
782,400493,36,1
783,400494,193,3
784,400494,61,1
785,400494,23,2
786,400497,27,2
787,400497,200,1
788,400497,157,1
789,400498,157,1
790,400498,151,2
791,400500,24,2
792,400502,182,1
793,400502,126,2
794,400503,27,1
795,400503,193,1
796,400503,114,3
797,400507,165,1
798,400508,186,1
799,400508,60,2
800,400509,50,2
801,400513,128,1
802,400514,119,3
803,400514,104,2
804,400515,100,2
805,400516,19,2
806,400516,200,1
807,400518,4,1
808,400518,66,3
809,400518,188,2
810,400523,119,3
811,400523,94,3
812,400526,200,1
813,400527,150,3
814,400527,130,1
815,400527,164,1
816,400529,87,2
817,400529,10,3
818,400529,144,2
819,400532,145,3
820,400533,185,3
821,400533,155,2
822,400534,4,2
823,400534,94,2
824,400534,3,1
825,400536,33,1
826,400536,129,1
827,400536,137,1
828,400538,106,2
829,400538,84,3
830,400538,141,2
831,400539,100,1
832,400539,117,2
833,400543,133,3
834,400544,116,2
835,400545,76,3
836,400545,60,1
837,400545,25,2
838,400546,68,3
839,400546,72,1
840,400546,9,3
841,400548,2,1
842,400548,164,3
843,400549,118,1
844,400549,129,3
845,400550,49,3
846,400550,148,2
847,400550,117,3
848,400555,143,2
849,400555,144,2
850,400556,54,1
851,400556,17,1
852,400556,147,1
853,400557,47,3
854,400557,68,3
855,400557,193,2
856,400558,166,3
857,400558,62,2
858,400559,122,3
859,400562,78,2
860,400562,22,3
861,400562,194,2
862,400563,16,1
863,400563,61,3
864,400564,25,3
865,400564,166,2
866,400565,199,2
867,400565,138,1
868,400565,123,1
869,400566,185,2
870,400566,200,1
871,400566,50,2
872,400567,143,3
873,400567,110,2
874,400567,154,2
875,400568,109,2
876,400571,190,1
877,400571,126,3
878,400571,125,2
879,400572,40,1
880,400572,67,2
881,400574,66,1
882,400575,81,1
883,400575,7,1
884,400576,187,1
885,400576,57,3
886,400579,14,3
887,400579,171,3
888,400579,3,3
889,400581,179,2
890,400581,88,3
891,400582,159,3
892,400582,170,3
893,400582,99,2
894,400583,66,2
895,400583,44,3
896,400583,107,1
897,400584,138,3
898,400584,87,2
899,400584,175,1
900,400587,87,3
901,400587,59,2
902,400589,151,3
903,400589,111,3
904,400589,79,1
905,400591,188,1
906,400591,102,2
907,400592,66,1
908,400592,200,1
909,400592,109,2
910,400593,51,2
911,400593,191,1
912,400594,17,3
913,400594,10,1
914,400595,103,3
915,400595,108,2
916,400595,120,2
917,400596,132,3
918,400596,6,3
919,400597,44,1
920,400597,187,3
921,400600,119,1
922,400600,105,2
923,400600,192,1
924,400601,140,2
925,400601,1,3
926,400601,156,2
927,400602,22,1
928,400604,163,1
929,400604,126,3
930,400607,182,2
931,400607,183,2
932,400608,17,1
933,400608,75,2
934,400608,176,2
935,400609,125,1
936,400610,65,2
937,400610,20,3
938,400610,37,1
939,400612,85,1
940,400612,100,1
941,400612,110,2
942,400613,174,1
943,400613,13,3
944,400614,177,3
945,400614,52,3
946,400614,100,1
947,400616,18,1
948,400617,79,3
949,400617,130,2
950,400617,60,2
951,400619,9,1
952,400619,73,2
953,400620,198,2
954,400621,154,1
955,400621,155,2
956,400622,49,2
957,400623,44,3
958,400623,93,1
959,400624,142,1
960,400624,199,1
961,400625,171,3
962,400625,151,2
963,400626,75,2
964,400626,14,3
965,400626,68,2
966,400627,87,1
967,400627,99,2
968,400628,127,1
969,400628,182,1
970,400629,94,3
971,400629,155,1
972,400630,191,1
973,400630,26,2
974,400630,2,2
975,400632,170,3
976,400632,24,1
977,400632,160,3
978,400633,32,3
979,400633,171,1
980,400634,74,3
981,400634,6,1
982,400634,86,1
983,400637,34,1
984,400637,161,2
985,400638,40,2
986,400639,148,2
987,400642,108,1
988,400643,113,3
989,400643,25,1
990,400644,174,1
991,400644,21,2
992,400644,135,3
993,400645,4,3
994,400645,16,2
995,400645,187,1
996,400646,164,1
997,400646,81,2
998,400646,88,2
999,400647,60,1
1000,400648,49,2
1001,400649,147,2
1002,400649,172,3
1003,400649,34,2
1004,400650,108,1
1005,400651,118,1
1006,400651,81,2
1007,400651,137,1
1008,400652,170,2
1009,400652,107,2
1010,400652,143,1
1011,400653,75,1
1012,400653,47,1
1013,400653,104,1
1014,400654,146,3
1015,400655,110,2
1016,400655,71,1
1017,400657,50,1
1018,400657,70,1
1019,400658,49,2
1020,400658,19,3
1021,400661,98,3
1022,400661,66,3
1023,400662,101,2
1024,400662,4,3
1025,400663,165,1
1026,400663,64,3
1027,400663,2,2
1028,400664,24,3
1029,400666,50,2
1030,400667,85,3
1031,400668,11,3
1032,400670,75,3
1033,400671,131,1
1034,400671,194,1
1035,400672,28,2
1036,400674,73,2
1037,400674,62,3
1038,400675,17,2
1039,400675,15,1
1040,400676,160,1
1041,400678,139,2
1042,400678,164,2
1043,400679,52,2
1044,400679,187,1
1045,400680,120,3
1046,400680,98,1
1047,400680,36,2
1048,400681,200,1
1049,400681,190,3
1050,400681,149,1
1051,400683,105,3
1052,400684,146,2
1053,400690,61,2
1054,400690,129,2
1055,400691,40,2
1056,400691,187,3
1057,400692,49,1
1058,400693,89,2
1059,400694,105,2
1060,400694,116,2
1061,400694,196,1
1062,400695,47,3
1063,400695,157,3
1064,400696,48,1
1065,400696,178,2
1066,400696,150,3
1067,400697,70,1
1068,400697,160,3
1069,400697,173,3
1070,400698,22,1
1071,400698,184,3
1072,400699,170,3
1073,400699,72,3
1074,400700,44,2
1075,400700,114,1
1076,400700,6,3
1077,400701,31,1
1078,400701,136,1
1079,400702,72,2
1080,400702,64,1
1081,400702,109,2
1082,400704,53,2
1083,400704,119,3
1084,400704,47,1
1085,400705,190,3
1086,400706,14,3
1087,400706,2,2
1088,400706,167,2
1089,400707,50,1
1090,400707,199,3
1091,400707,155,3
1092,400709,147,2
1093,400709,41,3
1094,400710,46,3
1095,400711,24,2
1096,400711,164,1
1097,400711,81,2
1098,400712,20,3
1099,400712,140,3
1100,400712,120,2
1101,400713,5,3
1102,400713,45,2
1103,400713,3,3
1104,400715,53,1
1105,400715,109,1
1106,400717,93,3
1107,400717,76,3
1108,400718,169,2
1109,400718,147,1
1110,400718,146,2
1111,400719,41,3
1112,400719,176,2
1113,400719,149,1
1114,400723,65,1
1115,400724,173,1
1116,400724,187,1
1117,400725,16,2
1118,400725,15,1
1119,400725,65,3
1120,400726,61,3
1121,400726,86,2
1122,400727,70,1
1123,400728,66,3
1124,400729,59,3
1125,400729,76,1
1126,400729,2,1
1127,400730,34,3
1128,400730,150,2
1129,400731,100,1
1130,400731,11,2
1131,400731,42,1
1132,400732,114,1
1133,400732,24,2
1134,400732,52,2
1135,400733,63,2
1136,400733,100,3
1137,400733,21,1
1138,400734,72,1
1139,400735,107,2
1140,400736,78,1
1141,400736,93,1
1142,400736,8,1
1143,400737,19,2
1144,400737,179,1
1145,400738,196,2
1146,400738,84,2
1147,400738,65,1
1148,400739,136,1
1149,400739,92,2
1150,400739,76,3
1151,400740,163,1
1152,400741,41,2
1153,400741,171,2
1154,400741,93,1
1155,400742,84,2
1156,400743,106,3
1157,400743,88,2
1158,400743,134,1
1159,400745,36,3
1160,400745,4,1
1161,400746,29,3
1162,400747,37,1
1163,400752,117,1
1164,400752,85,2
1165,400753,82,1
1166,400753,87,1
1167,400754,136,1
1168,400755,139,3
1169,400756,193,1
1170,400756,143,2
1171,400757,178,2
1172,400757,77,1
1173,400757,75,3
1174,400758,3,1
1175,400758,124,3
1176,400760,51,1
1177,400760,32,2
1178,400760,50,3
1179,400761,74,1
1180,400761,135,1
1181,400762,25,2
1182,400762,129,1
1183,400762,134,1
1184,400763,140,3
1185,400763,92,2
1186,400763,198,3
1187,400764,108,3
1188,400765,23,1
1189,400765,68,1
1190,400766,133,1
1191,400766,113,3
1192,400767,86,1
1193,400767,138,2
1194,400768,147,1
1195,400769,93,2
1196,400769,179,3
1197,400769,119,3
1198,400770,199,1
1199,400770,127,3
1200,400771,151,3
1201,400771,149,2
1202,400772,168,3
1203,400772,84,1
1204,400772,175,3
1205,400774,113,1
1206,400775,172,2
1207,400777,153,1
1208,400777,182,2
1209,400777,83,3
1210,400779,21,2
1211,400779,27,2
1212,400780,156,1
1213,400780,46,2
1214,400781,39,2
1215,400783,30,2
1216,400783,142,2
1217,400783,13,1
1218,400785,174,3
1219,400785,7,3
1220,400785,147,1
1221,400786,158,3
1222,400786,27,3
1223,400789,51,1
1224,400790,16,1
1225,400790,84,1
1226,400790,44,2
1227,400791,119,2
1228,400792,137,3
1229,400792,130,1
1230,400793,7,1
1231,400793,40,1
1232,400794,17,3
1233,400794,179,2
1234,400794,65,3
1235,400796,9,1
1236,400796,108,1
1237,400797,41,2
1238,400797,185,3
1239,400798,98,1
1240,400799,131,2
1241,400802,16,2
1242,400802,77,3
1243,400802,135,3
1244,400803,32,1
1245,400804,198,3
1246,400804,79,1
1247,400804,49,2
1248,400805,18,3
1249,400808,169,3
1250,400808,192,2
1251,400808,122,3
1252,400809,66,2
1253,400809,91,1
1254,400809,20,1
1255,400811,160,1
1256,400811,104,3
1257,400812,1,2
1258,400812,4,2
1259,400814,20,2
1260,400814,66,1
1261,400815,118,3
1262,400817,118,3
1263,400817,126,1
1264,400818,4,2
1265,400818,24,3
1266,400820,175,1
1267,400820,193,3
1268,400820,68,2
1269,400821,100,1
1270,400821,22,2
1271,400822,152,2
1272,400822,159,2
1273,400823,5,2
1274,400823,185,1
1275,400823,72,1
1276,400824,125,2
1277,400825,157,3
1278,400827,63,3
1279,400827,25,2
1280,400827,182,1
1281,400829,132,2
1282,400829,168,2
1283,400830,60,1
1284,400830,156,1
1285,400831,27,2
1286,400833,22,2
1287,400833,105,2
1288,400833,143,1
1289,400838,80,2
1290,400838,10,2
1291,400839,173,3
1292,400839,2,3
1293,400839,70,1
1294,400841,15,3
1295,400842,141,2
1296,400842,3,2
1297,400843,100,3
1298,400843,128,3
1299,400844,87,3
1300,400845,168,1
1301,400846,77,1
1302,400847,2,2
1303,400849,13,3
1304,400850,46,3
1305,400851,164,1
1306,400851,166,2
1307,400851,48,2
1308,400853,80,3
1309,400853,136,3
1310,400853,48,1
1311,400855,132,3
1312,400855,100,1
1313,400855,148,3
1314,400856,26,2
1315,400856,68,2
1316,400857,138,2
1317,400857,126,1
1318,400857,182,1
1319,400858,192,1
1320,400859,120,3
1321,400859,196,1
1322,400859,129,1
1323,400860,62,1
1324,400861,14,3
1325,400861,106,2
1326,400861,75,2
1327,400863,187,3
1328,400863,141,2
1329,400865,53,1
1330,400865,66,3
1331,400867,60,3
1332,400867,176,1
1333,400869,170,1
1334,400869,186,2
1335,400869,84,1
1336,400871,98,3
1337,400871,33,3
1338,400872,33,1
1339,400872,161,3
1340,400872,59,1
1341,400873,58,3
1342,400873,176,2
1343,400873,154,3
1344,400875,133,3
1345,400876,2,1
1346,400876,187,2
1347,400877,172,2
1348,400878,50,3
1349,400879,124,2
1350,400879,56,3
1351,400880,85,2
1352,400880,90,3
1353,400880,93,3
1354,400881,20,3
1355,400882,164,1
1356,400882,1,3
1357,400883,12,1
1358,400883,22,1
1359,400884,25,1
1360,400884,136,3
1361,400884,73,1
1362,400885,200,2
1363,400885,47,2
1364,400885,58,2
1365,400887,182,3
1366,400888,16,1
1367,400889,162,3
1368,400890,42,3
1369,400891,97,2
1370,400892,179,3
1371,400893,1,2
1372,400895,120,2
1373,400896,48,1
1374,400896,40,1
1375,400897,180,1
1376,400897,123,3
1377,400898,56,3
1378,400898,179,3
1379,400898,127,1
1380,400899,197,2
1381,400900,130,1
1382,400901,24,2
1383,400901,31,2
1384,400902,31,2
1385,400903,176,3
1386,400905,57,2
1387,400905,32,3
1388,400905,30,2
1389,400906,7,2
1390,400907,62,1
1391,400907,3,2
1392,400908,138,1
1393,400910,39,2
1394,400911,14,1
1395,400911,151,3
1396,400913,97,2
1397,400913,155,3
1398,400913,115,3
1399,400914,98,3
1400,400914,176,3
1401,400914,81,2
1402,400916,17,2
1403,400916,164,1
1404,400916,120,3
1405,400917,135,1
1406,400918,172,3
1407,400918,173,2
1408,400918,128,3
1409,400920,1,3
1410,400922,185,3
1411,400922,94,2
1412,400923,152,1
1413,400924,192,2
1414,400924,120,2
1415,400926,179,3
1416,400928,114,1
1417,400929,131,3
1418,400929,121,3
1419,400931,183,2
1420,400931,51,2
1421,400931,156,1
1422,400932,38,3
1423,400932,181,3
1424,400933,156,2
1425,400935,193,2
1426,400935,89,2
1427,400935,168,2
1428,400936,61,2
1429,400936,172,1
1430,400936,200,3
1431,400937,43,3
1432,400939,165,2
1433,400939,32,2
1434,400940,60,2
1435,400940,32,1
1436,400941,159,2
1437,400941,141,2
1438,400942,144,3
1439,400942,130,1
1440,400942,34,1
1441,400943,139,2
1442,400943,184,1
1443,400944,57,2
1444,400944,23,2
1445,400945,40,1
1446,400945,93,3
1447,400945,187,2
1448,400946,46,2
1449,400947,189,3
1450,400948,136,2
1451,400948,49,1
1452,400949,168,3
1453,400950,132,2
1454,400950,125,1
1455,400950,153,1
1456,400951,136,2
1457,400951,143,1
1458,400952,109,3
1459,400952,127,3
1460,400953,65,2
1461,400953,59,1
1462,400953,13,2
1463,400954,93,1
1464,400954,110,3
1465,400955,116,2
1466,400955,28,2
1467,400955,22,2
1468,400956,140,2
1469,400957,7,3
1470,400957,190,3
1471,400958,82,3
1472,400958,53,1
1473,400959,170,1
1474,400960,25,1
1475,400961,26,2
1476,400961,154,3
1477,400961,88,2
1478,400962,18,2
1479,400963,16,3
1480,400964,159,1
1481,400966,77,1
1482,400966,43,3
1483,400967,132,2
1484,400967,113,1
1485,400967,10,2
1486,400968,173,3
1487,400969,51,3
1488,400969,49,1
1489,400969,135,2
1490,400970,157,3
1491,400970,136,1
1492,400970,173,1
1493,400971,36,1
1494,400973,14,3
1495,400973,52,2
1496,400974,73,2
1497,400974,99,3
1498,400974,30,1
1499,400977,16,1
1500,400978,190,3
1501,400978,189,1
1502,400981,146,1
1503,400981,171,3
1504,400982,102,1
1505,400983,71,1
1506,400983,4,3
1507,400984,193,2
1508,400984,18,2
1509,400985,85,1
1510,400985,148,2
1511,400985,200,1
1512,400986,156,2
1513,400986,61,3
1514,400986,191,3
1515,400987,68,1
1516,400987,104,1
1517,400987,100,3
1518,400988,189,1
1519,400988,35,1
1520,400990,91,2
1521,400990,144,3
1522,400990,105,2
1523,400992,135,3
1524,400992,163,2
1525,400993,110,1
1526,400993,122,3
1527,400993,44,2
1528,400995,106,1
1529,400995,34,1
1530,400995,118,2
1531,400996,7,1
1532,400996,70,1
1533,400996,106,1
1534,400997,31,2
1535,400997,26,2
1536,400997,117,3
1537,400998,169,2
1538,400998,38,2
1539,400998,54,1
1540,400999,167,3
1541,401000,111,1
1542,401000,198,1
1543,401000,127,1
1544,401001,160,1
1545,401001,137,1
1546,401002,67,3
1547,401002,199,1
1548,401003,183,3
1549,401004,61,1
1550,401004,163,3
1551,401004,56,1
1552,401005,188,3
1553,401008,117,1
1554,401008,7,1
1555,401008,81,3
1556,401009,23,1
1557,401010,138,2
1558,401011,189,3
1559,401011,103,1
1560,401011,149,2
1561,401013,59,2
1562,401013,196,1
1563,401013,62,2
1564,401014,113,3
1565,401014,167,3
1566,401015,197,3
1567,401015,23,1
1568,401015,91,3
1569,401017,82,3
1570,401019,104,3
1571,401020,40,1
1572,401020,195,2
1573,401020,91,3
1574,401021,174,2
1575,401021,92,3
1576,401022,154,3
1577,401022,193,3
1578,401022,137,1
1579,401024,56,1
1580,401024,110,1
1581,401024,9,3
1582,401025,194,1
1583,401025,133,3
1584,401026,48,2
1585,401026,153,1
1586,401026,171,3
1587,401027,54,3
1588,401027,62,3
1589,401027,89,2
1590,401028,124,3
1591,401029,142,1
1592,401031,25,3
1593,401031,102,3
1594,401033,183,1
1595,401033,46,2
1596,401033,90,3
1597,401034,176,1
1598,401034,34,3
1599,401035,90,3
1600,401036,164,2
1601,401036,92,3
1602,401036,143,1
1603,401038,52,2
1604,401038,170,2
1605,401038,74,1
1606,401040,165,3
1607,401041,79,2
1608,401041,111,1
1609,401042,85,1
1610,401042,56,3
1611,401043,51,2
1612,401043,83,3
1613,401043,161,1
1614,401044,60,3
1615,401046,90,2
1616,401046,3,2
1617,401047,47,1
1618,401048,152,2
1619,401048,69,1
1620,401048,181,3
1621,401049,147,1
1622,401049,195,1
1623,401050,92,2
1624,401051,46,1
1625,401053,74,1
1626,401053,117,2
1627,401053,182,3
1628,401056,68,1
1629,401056,12,1
1630,401056,84,2
1631,401057,105,1
1632,401057,122,3
1633,401057,56,3
1634,401058,105,1
1635,401058,118,1
1636,401058,68,3
1637,401059,24,1
1638,401059,63,3
1639,401059,81,2
1640,401060,97,1
1641,401060,110,3
1642,401060,3,2
1643,401061,54,3
1644,401062,42,3
1645,401063,111,3
1646,401064,25,2
1647,401064,65,2
1648,401066,131,1
1649,401067,109,3
1650,401067,106,2
1651,401067,14,2
1652,401068,82,2
1653,401068,97,1
1654,401068,103,2
1655,401069,80,1
1656,401069,54,1
1657,401069,164,3
1658,401071,154,1
1659,401071,26,1
1660,401073,89,3
1661,401073,101,2
1662,401074,4,2
1663,401074,153,2
1664,401074,185,1
1665,401076,110,3
1666,401076,79,3
1667,401076,166,2
1668,401078,83,3
1669,401079,46,3
1670,401080,105,3
1671,401080,175,1
1672,401081,42,1
1673,401081,22,3
1674,401081,80,3
1675,401082,79,3
1676,401082,38,3
1677,401083,139,1
1678,401085,93,2
1679,401085,194,3
1680,401086,108,1
1681,401086,184,2
1682,401089,26,3
1683,401089,143,2
1684,401090,149,3
1685,401090,131,3
1686,401091,138,2
1687,401092,30,2
1688,401093,173,2
1689,401098,98,1
1690,401098,22,2
1691,401098,11,3
1692,401099,30,3
1693,401099,163,3
1694,401099,24,3
1695,401100,159,2
1696,401101,8,2
1697,401101,18,3
1698,401101,41,3
1699,401103,105,2
1700,401104,190,3
1701,401104,95,2
1702,401104,61,3
1703,401105,62,3
1704,401105,138,3
1705,401105,120,1
1706,401106,71,2
1707,401107,7,1
1708,401108,129,2
1709,401108,93,1
1710,401109,143,3
1711,401110,28,3
1712,401110,159,1
1713,401113,171,1
1714,401113,181,2
1715,401114,54,1
1716,401114,92,2
1717,401115,7,1
1718,401115,49,3
1719,401115,121,2
1720,401116,17,2
1721,401116,100,1
1722,401117,51,3
1723,401119,28,2
1724,401119,185,3
1725,401120,50,1
1726,401122,11,2
1727,401122,100,2
1728,401123,120,2
1729,401123,111,2
1730,401123,190,2
1731,401124,122,1
1732,401127,73,3
1733,401127,62,3
1734,401128,93,1
1735,401128,10,1
1736,401130,75,1
1737,401131,127,1
1738,401131,55,2
1739,401132,79,2
1740,401132,4,1
1741,401132,117,2
1742,401133,184,3
1743,401134,103,3
1744,401134,2,2
1745,401134,107,2
1746,401135,184,2
1747,401135,122,2
1748,401136,53,2
1749,401137,131,1
1750,401137,62,1
1751,401139,15,3
1752,401139,34,2
1753,401139,160,3
1754,401140,143,1
1755,401142,63,1
1756,401142,13,2
1757,401142,73,1
1758,401146,92,2
1759,401148,173,3
1760,401148,32,1
1761,401149,133,1
1762,401149,95,2
1763,401153,48,3
1764,401154,99,1
1765,401154,22,2
1766,401154,98,1
1767,401156,160,1
1768,401157,33,1
1769,401158,166,2
1770,401158,157,3
1771,401158,99,3
1772,401159,122,2
1773,401163,20,3
1774,401165,188,2
1775,401166,63,1
1776,401166,166,2
1777,401166,177,3
1778,401170,129,3
1779,401170,177,3
1780,401171,54,3
1781,401172,29,1
1782,401173,55,1
1783,401173,57,2
1784,401173,134,1
1785,401174,182,3
1786,401174,185,3
1787,401178,163,2
1788,401179,37,2
1789,401179,193,2
1790,401180,92,3
1791,401181,103,2
1792,401182,137,1
1793,401182,5,2
1794,401183,56,3
1795,401184,163,1
1796,401184,180,2
1797,401186,138,2
1798,401186,187,2
1799,401187,1,1
1800,401187,131,3
1801,401187,178,2
1802,401188,117,1
1803,401189,55,2
1804,401192,132,1
1805,401192,21,1
1806,401192,49,3
1807,401193,125,1
1808,401193,31,2
1809,401194,20,3
1810,401194,92,2
1811,401194,60,3
1812,401195,176,1
1813,401195,88,3
1814,401196,23,3
1815,401197,104,1
1816,401197,114,2
1817,401197,3,1
1818,401199,146,2
1819,401199,83,2
1820,401200,183,1
1821,401201,130,2
1822,401201,114,3
1823,401201,12,3
1824,401203,154,2
1825,401203,128,2
1826,401203,195,3
1827,401204,75,2
1828,401204,81,1
1829,401205,115,1
1830,401205,17,3
1831,401205,2,3
1832,401206,110,2
1833,401206,185,3
1834,401207,4,2
1835,401207,196,2
1836,401208,175,3
1837,401209,59,1
1838,401209,138,3
1839,401210,16,2
1840,401211,140,3
1841,401212,132,2
1842,401213,79,3
1843,401213,52,3
1844,401213,159,3
1845,401214,78,2
1846,401214,82,1
1847,401214,136,1
1848,401215,175,2
1849,401215,63,3
1850,401215,189,3
1851,401216,94,1
1852,401216,145,1
1853,401217,62,2
1854,401217,25,2
1855,401217,58,3
1856,401218,113,3
1857,401218,197,3
1858,401220,16,3
1859,401220,28,3
1860,401220,48,1
1861,401222,165,3
1862,401222,123,2
1863,401222,143,2
1864,401223,166,3
1865,401223,129,1
1866,401223,93,2
1867,401224,149,3
1868,401224,1,1
1869,401225,7,1
1870,401225,127,3
1871,401227,120,3
1872,401228,107,1
1873,401229,160,1
1874,401229,7,1
1875,401229,145,2
1876,401230,166,3
1877,401231,54,1
1878,401231,161,2
1879,401232,44,1
1880,401232,15,2
1881,401232,185,1
1882,401233,87,1
1883,401233,107,1
1884,401233,77,1
1885,401234,123,3
1886,401234,138,3
1887,401234,181,2
1888,401236,146,2
1889,401236,185,1
1890,401236,104,1
1891,401237,128,2
1892,401237,153,1
1893,401237,79,2
1894,401238,57,3
1895,401238,92,1
1896,401238,104,3
1897,401239,40,1
1898,401240,7,3
1899,401240,177,3
1900,401240,140,2
1901,401241,35,2
1902,401241,115,2
1903,401242,183,2
1904,401243,53,2
1905,401243,9,1
1906,401244,170,3
1907,401244,186,3
1908,401245,107,2
1909,401245,83,2
1910,401245,141,2
1911,401246,103,2
1912,401246,138,3
1913,401247,57,1
1914,401250,76,1
1915,401251,130,2
1916,401251,187,2
1917,401251,149,3
1918,401252,173,2
1919,401252,27,2
1920,401253,24,1
1921,401254,80,2
1922,401255,38,1
1923,401255,191,3
1924,401255,3,3
1925,401256,154,1
1926,401256,79,3
1927,401257,185,1
1928,401258,118,3
1929,401259,58,3
1930,401260,195,2
1931,401260,185,3
1932,401260,33,1
1933,401261,100,2
1934,401261,111,3
1935,401261,40,2
1936,401262,94,1
1937,401262,56,1
1938,401263,193,2
1939,401263,131,3
1940,401264,44,1
1941,401265,56,3
1942,401265,158,3
1943,401265,190,3
1944,401266,100,3
1945,401266,77,3
1946,401267,120,1
1947,401267,8,3
1948,401267,75,1
1949,401268,163,3
1950,401269,172,2
1951,401269,22,3
1952,401269,178,3
1953,401271,25,2
1954,401271,34,2
1955,401271,46,3
1956,401272,48,1
1957,401272,10,1
1958,401272,145,2
1959,401273,99,2
1960,401273,167,1
1961,401273,179,3
1962,401276,144,1
1963,401276,105,1
1964,401277,27,1
1965,401278,111,2
1966,401280,162,3
1967,401282,158,3
1968,401282,22,3
1969,401283,198,1
1970,401283,38,1
1971,401284,145,2
1972,401286,139,2
1973,401286,11,2
1974,401287,62,2
1975,401289,39,2
1976,401289,96,1
1977,401290,20,2
1978,401291,123,1
1979,401291,179,3
1980,401292,152,3
1981,401292,15,2
1982,401292,140,3
1983,401293,197,1
1984,401295,155,1
1985,401295,63,2
1986,401296,41,3
1987,401296,7,2
1988,401297,180,1
1989,401297,175,2
1990,401298,89,3
1991,401298,75,3
1992,401298,44,2
1993,401299,55,3
1994,401301,17,3
1995,401301,79,1
1996,401301,51,3
1997,401302,58,1
1998,401302,188,2
1999,401302,113,1
2000,401303,178,2
2001,401303,191,2
2002,401304,120,1
2003,401304,117,1
2004,401304,111,2
2005,401305,176,3
2006,401305,196,2
2007,401307,114,3
2008,401309,153,1
2009,401309,170,3
2010,401310,123,2
2011,401310,74,2
2012,401310,67,3
2013,401312,132,3
2014,401312,145,3
2015,401313,51,2
2016,401313,24,2
2017,401313,31,2
2018,401314,73,1
2019,401314,66,1
2020,401315,54,2
2021,401315,191,1
2022,401318,109,3
2023,401318,33,2
2024,401318,21,1
2025,401319,98,2
2026,401320,164,2
2027,401320,176,1
2028,401321,193,2
2029,401321,25,3
2030,401321,73,1
2031,401323,185,1
2032,401326,159,2
2033,401328,183,2
2034,401328,31,1
2035,401331,72,3
2036,401331,182,2
2037,401332,117,3
2038,401332,26,2
2039,401332,60,1
2040,401334,37,3
2041,401334,180,3
2042,401334,196,2
2043,401335,54,2
2044,401336,188,1
2045,401336,3,3
2046,401336,133,2
2047,401337,163,1
2048,401338,74,2
2049,401338,109,2
2050,401339,14,2
2051,401339,107,1
2052,401339,53,3
2053,401340,54,1
2054,401340,150,1
2055,401343,65,2
2056,401343,165,1
2057,401344,171,1
2058,401344,122,3
2059,401346,29,3
2060,401347,170,1
2061,401347,65,3
2062,401350,47,2
2063,401350,172,2
2064,401351,165,3
2065,401352,108,3
2066,401352,39,1
2067,401353,54,3
2068,401353,17,2
2069,401354,26,2
2070,401355,48,2
2071,401355,178,2
2072,401355,107,1
2073,401356,50,3
2074,401356,149,2
2075,401357,84,3
2076,401357,52,1
2077,401357,73,3
2078,401358,100,2
2079,401358,96,1
2080,401359,34,3
2081,401360,62,3
2082,401360,80,2
2083,401361,125,2
2084,401362,58,1
2085,401362,16,3
2086,401363,139,2
2087,401363,163,2
2088,401364,181,1
2089,401365,198,1
2090,401366,21,1
2091,401366,184,2
2092,401366,122,3
2093,401367,44,2
2094,401369,87,1
2095,401370,147,1
2096,401373,43,1
2097,401373,138,1
2098,401376,133,1
2099,401377,156,2
2100,401377,7,1
2101,401377,77,2
2102,401378,154,3
2103,401378,56,1
2104,401378,77,3
2105,401379,109,2
2106,401379,154,3
2107,401379,20,1
2108,401380,125,2
2109,401381,52,3
2110,401381,185,2
2111,401381,144,1
2112,401383,93,1
2113,401383,28,2
2114,401383,182,2
2115,401385,196,1
2116,401385,172,2
2117,401389,49,1
2118,401389,152,1
2119,401389,62,2
2120,401390,196,1
2121,401392,19,1
2122,401392,156,1
2123,401392,48,2
2124,401393,38,1
2125,401394,196,2
2126,401396,198,2
2127,401396,83,3
2128,401398,13,1
2129,401398,82,2
2130,401399,147,2
2131,401399,26,1
2132,401399,52,2
2133,401400,82,2
2134,401400,23,3
2135,401400,196,1
2136,401402,74,2
2137,401402,9,2
2138,401402,72,2
2139,401403,164,1
2140,401403,43,3
2141,401404,82,3
2142,401404,166,1
2143,401405,128,2
2144,401405,46,3
2145,401405,95,3
2146,401406,33,2
2147,401406,85,1
2148,401407,183,3
2149,401407,16,2
2150,401407,73,3
2151,401408,162,1
2152,401409,24,1
2153,401409,185,1
2154,401410,56,1
2155,401410,34,3
2156,401410,191,1
2157,401412,187,1
2158,401412,190,2
2159,401412,184,2
2160,401413,34,2
2161,401414,9,3
2162,401415,138,2
2163,401415,139,2
2164,401416,129,3
2165,401416,60,1
2166,401421,199,2
2167,401423,58,1
2168,401423,195,1
2169,401424,159,1
2170,401426,173,1
2171,401427,50,2
2172,401427,56,1
2173,401428,78,1
2174,401429,160,1
2175,401429,111,2
2176,401429,93,2
2177,401430,128,3
2178,401432,6,3
2179,401432,104,3
2180,401432,115,2
2181,401433,62,1
2182,401434,142,2
2183,401435,71,2
2184,401435,125,2
2185,401435,77,1
2186,401437,20,3
2187,401439,97,3
2188,401439,109,2
2189,401440,159,3
2190,401440,183,3
2191,401443,3,3
2192,401444,161,1
2193,401446,96,3
2194,401446,25,3
2195,401446,181,2
2196,401447,100,1
2197,401447,57,1
2198,401447,21,1
2199,401450,146,1
2200,401450,137,2
2201,401452,53,1
2202,401452,179,1
2203,401453,7,2
2204,401453,131,3
2205,401453,157,3
2206,401454,8,3
2207,401454,68,3
2208,401454,65,2
2209,401456,80,1
2210,401456,36,3
2211,401456,82,2
2212,401458,151,2
2213,401459,200,3
2214,401459,33,3
2215,401459,175,1
2216,401460,151,3
2217,401464,20,3
2218,401464,178,3
2219,401464,49,3
2220,401465,34,3
2221,401467,188,1
2222,401467,144,1
2223,401467,21,2
2224,401468,184,1
2225,401468,169,3
2226,401469,188,2
2227,401469,76,1
2228,401470,33,3
2229,401470,196,3
2230,401470,152,1
2231,401471,158,1
2232,401471,14,3
2233,401473,51,1
2234,401473,145,1
2235,401473,47,1
2236,401474,144,2
2237,401475,15,1
2238,401475,34,1
2239,401476,104,2
2240,401476,46,1
2241,401477,161,1
2242,401477,33,2
2243,401477,15,3
2244,401478,120,2
2245,401479,1,2
2246,401480,4,3
2247,401481,124,3
2248,401481,78,3
2249,401482,170,1
2250,401482,45,2
2251,401483,186,2
2252,401484,192,1
2253,401484,190,2
2254,401484,86,1
2255,401486,161,2
2256,401486,43,2
2257,401486,79,1
2258,401487,48,2
2259,401487,91,1
2260,401487,121,3
2261,401488,119,2
2262,401488,187,3
2263,401488,82,2
2264,401489,86,2
2265,401490,52,2
2266,401491,187,1
2267,401492,81,1
2268,401492,7,2
2269,401494,103,2
2270,401494,1,2
2271,401496,26,2
2272,401496,48,1
2273,401497,22,3
2274,401498,13,2
2275,401498,177,3
2276,401499,165,3
2277,401499,1,2
2278,401500,103,2
2279,401501,3,2
2280,401501,45,2
2281,401501,72,2
2282,401502,175,1
2283,401503,172,1
2284,401503,32,3
2285,401504,34,2
2286,401504,154,2
2287,401505,69,3
2288,401505,20,2
2289,401507,97,1
2290,401508,119,1
2291,401508,129,1
2292,401510,102,3
2293,401513,31,1
2294,401513,12,1
2295,401514,78,2
2296,401514,46,2
2297,401515,128,1
2298,401515,25,2
2299,401516,94,1
2300,401516,75,1
2301,401517,102,1
2302,401518,196,1
2303,401518,7,2
2304,401518,11,1
2305,401519,23,2
2306,401519,188,2
2307,401520,200,1
2308,401520,53,2
2309,401521,31,2
2310,401521,60,2
2311,401521,153,1
2312,401522,164,2
2313,401522,114,2
2314,401523,130,2
2315,401523,75,3
2316,401524,191,3
2317,401524,187,3
2318,401524,193,2
2319,401526,124,1
2320,401526,133,2
2321,401527,179,2
2322,401527,93,2
2323,401529,61,3
2324,401529,179,2
2325,401532,45,2
2326,401532,10,3
2327,401533,67,1
2328,401533,123,1
2329,401534,23,1
2330,401535,19,1
2331,401535,172,1
2332,401535,124,3
2333,401536,176,2
2334,401536,93,1
2335,401537,135,2
2336,401538,184,1
2337,401538,154,2
2338,401539,46,1
2339,401539,63,1
2340,401540,142,3
2341,401540,41,2
2342,401542,111,3
2343,401542,175,3
2344,401542,97,1
2345,401543,159,1
2346,401544,86,2
2347,401545,126,2
2348,401546,112,2
2349,401546,63,2
2350,401546,27,3
2351,401547,113,2
2352,401547,183,1
2353,401548,59,3
2354,401550,176,3
2355,401550,152,1
2356,401550,54,2
2357,401551,9,3
2358,401551,73,1
2359,401551,36,3
2360,401552,87,3
2361,401552,31,2
2362,401552,57,1
2363,401553,186,3
2364,401553,115,1
2365,401553,55,3
2366,401554,90,2
2367,401555,167,1
2368,401555,29,1
2369,401555,23,2
2370,401556,198,3
2371,401557,199,2
2372,401557,71,3
2373,401559,30,3
2374,401559,69,3
2375,401559,52,3
2376,401560,61,1
2377,401560,168,3
2378,401561,127,1
2379,401561,67,1
2380,401561,97,1
2381,401562,168,1
2382,401562,172,3
2383,401562,25,3
2384,401563,56,2
2385,401563,167,2
2386,401563,188,3
2387,401564,106,3
2388,401565,143,3
2389,401566,97,3
2390,401566,155,3
2391,401566,99,3
2392,401569,148,2
2393,401569,155,2
2394,401569,188,3
2395,401572,167,3
2396,401573,126,3
2397,401574,161,2
2398,401575,184,3
2399,401576,98,1
2400,401576,13,1
2401,401577,167,3
2402,401578,81,1
2403,401579,180,1
2404,401580,144,1
2405,401580,125,1
2406,401582,49,2
2407,401583,118,2
2408,401583,182,3
2409,401584,161,1
2410,401588,110,1
2411,401588,137,3
2412,401588,80,3
2413,401590,179,2
2414,401590,96,3
2415,401590,112,1
2416,401592,127,2
2417,401592,166,1
2418,401592,190,2
2419,401594,166,2
2420,401594,24,3
2421,401596,20,3
2422,401596,18,1
2423,401596,142,1
2424,401598,192,3
2425,401598,31,2
2426,401599,167,3
2427,401599,150,3
2428,401600,60,2
2429,401601,182,3
2430,401602,15,3
2431,401602,63,3
2432,401602,100,2
2433,401604,43,1
2434,401605,57,1
2435,401605,72,1
2436,401605,112,1
2437,401607,75,2
2438,401607,95,1
2439,401608,45,1
2440,401608,188,1
2441,401608,140,2
2442,401609,145,3
2443,401609,25,1
2444,401610,113,1
2445,401610,23,2
2446,401610,181,2
2447,401611,24,3
2448,401612,46,3
2449,401612,66,1
2450,401613,35,3
2451,401614,184,2
2452,401614,40,3
2453,401614,85,3
2454,401615,16,1
2455,401615,176,1
2456,401615,17,1
2457,401617,150,3
2458,401617,67,3
2459,401617,70,2
2460,401618,170,3
2461,401618,147,1
2462,401619,190,1
2463,401621,104,3
2464,401622,39,1
2465,401622,89,3
2466,401622,133,2
2467,401625,145,1
2468,401627,195,1
2469,401629,26,3
2470,401629,70,1
2471,401630,166,1
2472,401630,96,1
2473,401632,127,3
2474,401632,91,1
2475,401633,116,1
2476,401633,197,3
2477,401633,64,3
2478,401635,157,1
2479,401636,34,3
2480,401636,194,3
2481,401640,34,3
2482,401640,83,3
2483,401643,140,3
2484,401643,173,3
2485,401644,160,1
2486,401644,11,3
2487,401645,21,3
2488,401646,59,3
2489,401646,30,2
2490,401646,106,3
2491,401648,64,2
2492,401648,113,2
2493,401649,38,3
2494,401649,115,1
2495,401649,118,2
2496,401651,59,1
2497,401652,141,1
2498,401653,127,1
2499,401655,176,1
2500,401655,28,2
2501,401656,159,2
2502,401658,167,3
2503,401658,2,1
2504,401658,155,1
2505,401661,134,1
2506,401661,4,3
2507,401661,7,2
2508,401662,141,3
2509,401662,178,1
2510,401664,30,2
2511,401665,91,3
2512,401665,40,3
2513,401666,156,2
2514,401666,145,1
2515,401667,91,1
2516,401667,125,1
2517,401670,39,1
2518,401672,171,2
2519,401672,139,3
2520,401672,186,1
2521,401673,83,2
2522,401673,131,3
2523,401673,78,2
2524,401674,41,3
2525,401675,155,2
2526,401675,18,1
2527,401675,121,2
2528,401676,127,1
2529,401677,87,3
2530,401677,82,3
2531,401678,145,1
2532,401678,21,3
2533,401678,27,2
2534,401680,179,2
2535,401680,112,1
2536,401682,51,2
2537,401682,193,2
2538,401682,59,1
2539,401684,140,3
2540,401684,122,2
2541,401684,174,2
2542,401685,103,2
2543,401685,148,3
2544,401687,183,2
2545,401687,101,1
2546,401687,85,1
2547,401688,190,1
2548,401690,26,2
2549,401691,125,1
2550,401692,109,2
2551,401692,23,1
2552,401693,200,2
2553,401694,94,2
2554,401694,61,1
2555,401695,64,3
2556,401697,182,2
2557,401697,48,1
2558,401697,71,1
2559,401699,129,1
2560,401699,190,1
2561,401699,48,2
2562,401701,99,1
2563,401701,78,3
2564,401702,151,1
2565,401703,24,2
2566,401705,171,3
2567,401705,113,2
2568,401705,63,1
2569,401706,17,1
2570,401707,3,2
2571,401709,195,3
2572,401709,142,3
2573,401710,67,3
2574,401711,107,2
2575,401712,160,2
2576,401712,135,2
2577,401712,142,1
2578,401713,176,2
2579,401713,115,3
2580,401714,157,3
2581,401716,111,1
2582,401716,131,2
2583,401717,199,1
2584,401717,13,2
2585,401717,81,1
2586,401718,147,3
2587,401719,115,2
2588,401719,75,1
2589,401719,98,3
2590,401720,158,1
2591,401720,106,1
2592,401721,53,3
2593,401721,176,3
2594,401721,115,1
2595,401722,157,1
2596,401722,50,2
2597,401723,146,3
2598,401723,188,1
2599,401724,96,2
2600,401725,36,2
2601,401725,76,2
2602,401725,15,3
2603,401726,58,3
2604,401726,184,3
2605,401726,32,1
2606,401727,41,1
2607,401728,85,3
2608,401730,70,2
2609,401730,140,1
2610,401731,169,2
2611,401731,11,2
2612,401732,102,1
2613,401734,190,2
2614,401734,128,2
2615,401734,139,3
2616,401735,120,1
2617,401735,71,1
2618,401737,57,2
2619,401738,115,2
2620,401739,81,3
2621,401739,126,1
2622,401739,105,2
2623,401741,85,3
2624,401741,122,3
2625,401743,65,2
2626,401743,36,1
2627,401745,173,3
2628,401746,42,1
2629,401746,145,2
2630,401746,82,3
2631,401747,194,3
2632,401748,151,3
2633,401750,69,3
2634,401750,16,1
2635,401750,198,3
2636,401751,66,3
2637,401751,79,1
2638,401752,7,3
2639,401753,104,2
2640,401755,74,3
2641,401755,160,3
2642,401757,136,2
2643,401759,98,1
2644,401760,125,2
2645,401762,67,3
2646,401762,16,3
2647,401763,122,3
2648,401765,12,1
2649,401765,148,3
2650,401765,41,2
2651,401767,88,2
2652,401767,15,1
2653,401767,182,3
2654,401768,98,1
2655,401768,157,1
2656,401768,14,1
2657,401769,113,3
2658,401770,138,2
2659,401772,47,3
2660,401772,44,1
2661,401772,17,1
2662,401773,92,1
2663,401774,160,1
2664,401774,98,3
2665,401775,128,3
2666,401775,158,3
2667,401775,32,2
2668,401776,110,3
2669,401777,98,1
2670,401777,64,3
2671,401779,148,3
2672,401780,14,3
2673,401780,27,2
2674,401780,67,2
2675,401782,182,1
2676,401782,186,1
2677,401783,169,3
2678,401783,147,1
2679,401783,159,2
2680,401784,166,2
2681,401784,54,3
2682,401785,130,3
2683,401786,24,1
2684,401786,11,3
2685,401787,190,3
2686,401787,124,1
2687,401787,167,1
2688,401790,86,2
2689,401791,101,1
2690,401793,97,2
2691,401793,185,1
2692,401793,152,1
2693,401794,98,3
2694,401794,199,3
2695,401794,42,2
2696,401795,6,3
2697,401797,63,3
2698,401799,72,1
2699,401799,166,1
2700,401801,134,1
2701,401802,74,3
2702,401802,87,3
2703,401802,102,2
2704,401803,135,3
2705,401804,109,3
2706,401805,172,2
2707,401805,53,2
2708,401805,64,3
2709,401806,48,3
2710,401806,190,3
2711,401806,4,1
2712,401807,133,1
2713,401807,82,1
2714,401807,169,1
2715,401808,114,3
2716,401808,86,2
2717,401808,169,1
2718,401809,187,2
2719,401810,172,2
2720,401810,37,2
2721,401810,64,3
2722,401811,25,2
2723,401811,51,1
2724,401811,177,3
2725,401812,23,2
2726,401812,45,1
2727,401812,190,1
2728,401814,109,2
2729,401814,56,1
2730,401814,22,1
2731,401816,183,3
2732,401816,179,1
2733,401817,195,3
2734,401817,116,3
2735,401817,84,3
2736,401818,2,2
2737,401819,30,1
2738,401819,125,1
2739,401820,89,1
2740,401820,73,1
2741,401820,163,3
2742,401823,32,2
2743,401823,146,2
2744,401826,76,2
2745,401826,163,3
2746,401826,72,2
2747,401827,52,1
2748,401827,44,1
2749,401827,13,2
2750,401828,51,3
2751,401828,165,3
2752,401828,111,1
2753,401829,49,1
2754,401830,128,1
2755,401830,96,2
2756,401832,66,1
2757,401832,183,3
2758,401833,87,2
2759,401833,125,3
2760,401833,22,1
2761,401834,130,3
2762,401834,93,1
2763,401834,76,1
2764,401835,59,1
2765,401835,180,3
2766,401836,147,2
2767,401836,36,1
2768,401839,160,3
2769,401839,127,1
2770,401840,59,1
2771,401843,139,1
2772,401844,134,2
2773,401844,35,3
2774,401844,30,2
2775,401845,4,1
2776,401846,170,2
2777,401846,158,3
2778,401847,68,3
2779,401849,139,2
2780,401849,100,2
2781,401850,43,1
2782,401850,126,2
2783,401850,52,3
2784,401851,130,2
2785,401851,187,1
2786,401851,77,3
2787,401853,90,1
2788,401853,13,3
2789,401854,8,3
2790,401854,163,2
2791,401854,93,2
2792,401855,121,1
2793,401855,131,1
2794,401857,145,2
2795,401857,85,3
2796,401857,125,2
2797,401858,104,1
2798,401859,34,2
2799,401860,65,3
2800,401860,45,2
2801,401862,9,2
2802,401862,71,1
2803,401863,108,1
2804,401863,161,2
2805,401865,13,3
2806,401865,15,1
2807,401868,126,1
2808,401868,58,3
2809,401868,10,1
2810,401869,174,1
2811,401870,76,3
2812,401870,112,1
2813,401871,125,1
2814,401871,31,3
2815,401872,93,1
2816,401872,111,3
2817,401873,165,2
2818,401873,68,2
2819,401874,25,1
2820,401874,24,1
2821,401874,1,1
2822,401875,191,2
2823,401875,60,2
2824,401875,146,2
2825,401876,73,1
2826,401876,186,3
2827,401876,5,1
2828,401877,153,2
2829,401877,156,2
2830,401878,75,2
2831,401878,85,2
2832,401878,178,2
2833,401879,61,2
2834,401880,173,1
2835,401881,43,1
2836,401881,135,2
2837,401881,21,1
2838,401884,182,2
2839,401884,111,1
2840,401885,108,2
2841,401886,6,2
2842,401887,16,1
2843,401887,75,2
2844,401887,41,2
2845,401888,135,1
2846,401889,33,1
2847,401889,189,1
2848,401889,77,3
2849,401890,128,3
2850,401890,85,2
2851,401891,77,1
2852,401891,15,3
2853,401891,53,3
2854,401893,190,2
2855,401894,113,2
2856,401894,170,1
2857,401894,112,1
2858,401896,139,3
2859,401896,184,3
2860,401899,62,3
2861,401899,153,1
2862,401900,172,3
2863,401901,168,3
2864,401902,192,2
2865,401902,22,2
2866,401902,84,2
2867,401903,155,1
2868,401903,169,3
2869,401904,179,2
2870,401904,27,3
2871,401906,62,2
2872,401906,11,2
2873,401906,109,2
2874,401907,27,2
2875,401908,35,1
2876,401908,138,1
2877,401909,152,2
2878,401909,148,3
2879,401909,195,3
2880,401910,113,2
2881,401911,49,2
2882,401911,40,3
2883,401911,66,2
2884,401912,175,3
2885,401912,15,3
2886,401913,146,1
2887,401913,113,1
2888,401915,30,1
2889,401915,68,3
2890,401915,15,1
2891,401916,200,3
2892,401916,4,2
2893,401918,163,2
2894,401918,165,1
2895,401919,49,3
2896,401921,45,2
2897,401921,189,3
2898,401921,96,2
2899,401922,95,3
2900,401924,30,3
2901,401925,79,3
2902,401926,35,1
2903,401927,193,1
2904,401928,106,3
2905,401928,115,1
2906,401929,98,2
2907,401930,149,1
2908,401931,152,2
2909,401931,111,1
2910,401931,85,2
2911,401932,33,1
2912,401933,115,3
2913,401933,94,1
2914,401933,15,3
2915,401934,40,3
2916,401935,139,2
2917,401935,71,2
2918,401935,175,1
2919,401936,200,1
2920,401936,191,2
2921,401936,109,1
2922,401937,16,2
2923,401938,27,1
2924,401940,65,2
2925,401940,141,2
2926,401941,156,1
2927,401941,120,2
2928,401943,85,2
2929,401944,52,2
2930,401944,158,1
2931,401944,87,1
2932,401945,43,1
2933,401947,74,3
2934,401948,39,1
2935,401948,155,3
2936,401948,91,2
2937,401949,146,2
2938,401950,80,2
2939,401951,141,1
2940,401952,25,1
2941,401953,200,3
2942,401953,82,2
2943,401954,95,3
2944,401954,189,2
2945,401955,128,3
2946,401956,114,3
2947,401959,55,1
2948,401960,123,3
2949,401960,87,2
2950,401961,49,3
2951,401961,6,1
2952,401961,176,2
2953,401962,169,2
2954,401962,160,1
2955,401963,135,1
2956,401964,26,3
2957,401964,13,2
2958,401964,157,2
2959,401966,169,1
2960,401968,29,3
2961,401968,89,2
2962,401968,117,1
2963,401969,188,1
2964,401969,73,2
2965,401970,64,2
2966,401970,118,3
2967,401970,167,2
2968,401971,85,2
2969,401972,121,3
2970,401972,3,3
2971,401973,89,2
2972,401973,199,1
2973,401975,118,2
2974,401976,122,3
2975,401976,93,3
2976,401976,40,2
2977,401977,185,3
2978,401977,23,3
2979,401977,41,1
2980,401979,181,3
2981,401981,94,2
2982,401981,35,1
2983,401981,102,2
2984,401982,155,1
2985,401982,139,2
2986,401984,82,2
2987,401984,90,2
2988,401984,53,1
2989,401985,97,3
2990,401985,2,1
2991,401986,147,1
2992,401986,18,3
2993,401986,31,1
2994,401987,30,3
2995,401987,67,3
2996,401987,98,1
2997,401988,175,3
2998,401988,80,1
2999,401990,171,1
3000,401990,93,1
3001,401990,7,3
3002,401991,69,1
3003,401991,63,1
3004,401991,46,2
3005,401992,73,2
3006,401992,72,3
3007,401993,130,3
3008,401993,43,2
3009,401993,184,3
3010,401995,23,1
3011,401995,108,2
3012,401997,37,2
3013,401997,180,2
3014,401999,102,3
3015,401999,150,2
3016,401999,156,3
3017,402001,87,1
3018,402001,107,3
3019,402001,46,2
3020,402002,95,1
3021,402002,30,1
3022,402002,14,2
3023,402003,27,1
3024,402003,84,1
3025,402003,18,2
3026,402004,149,1
3027,402004,200,2
3028,402005,106,2
3029,402005,98,2
3030,402005,141,2
3031,402007,157,2
3032,402007,43,1
3033,402007,91,1
3034,402008,194,2
3035,402008,49,2
3036,402009,46,1
3037,402009,51,2
3038,402010,121,1
3039,402010,18,2
3040,402011,75,3
3041,402012,60,3
3042,402012,71,3
3043,402012,90,1
3044,402014,111,1
3045,402014,155,1
3046,402014,62,3
3047,402015,116,2
3048,402015,149,2
3049,402016,48,3
3050,402016,21,2
3051,402017,43,1
3052,402017,190,2
3053,402019,131,1
3054,402020,88,3
3055,402020,65,1
3056,402020,186,1
3057,402021,187,2
3058,402022,36,1
3059,402023,64,1
3060,402024,30,3
3061,402024,110,1
3062,402025,93,2
3063,402025,58,1
3064,402026,53,1
3065,402026,39,1
3066,402026,68,3
3067,402027,198,3
3068,402028,200,1
3069,402028,167,2
3070,402028,15,3
3071,402029,32,2
3072,402030,115,3
3073,402030,41,2
3074,402030,14,3
3075,402031,116,1
3076,402032,34,1
3077,402032,66,2
3078,402033,65,3
3079,402033,27,3
3080,402033,165,1
3081,402034,113,2
3082,402037,77,2
3083,402037,191,2
3084,402037,95,1
3085,402039,1,1
3086,402039,30,3
3087,402041,149,1
3088,402042,62,2
3089,402042,66,3
3090,402042,121,1
3091,402043,78,3
3092,402043,182,3
3093,402044,57,1
3094,402047,17,1
3095,402047,181,2
3096,402047,78,1
3097,402048,35,1
3098,402049,65,2
3099,402050,138,2
3100,402052,15,1
3101,402053,141,1
3102,402054,126,3
3103,402054,61,3
3104,402054,75,1
3105,402055,138,2
3106,402055,159,2
3107,402055,187,3
3108,402057,39,2
3109,402057,26,2
3110,402057,28,2
3111,402058,105,1
3112,402058,106,2
3113,402058,101,3
3114,402060,130,3
3115,402060,102,1
3116,402060,72,2
3117,402061,98,3
3118,402061,46,1
3119,402062,164,3
3120,402064,154,2
3121,402065,192,1
3122,402065,196,3
3123,402066,32,1
3124,402066,198,2
3125,402068,103,2
3126,402068,76,2
3127,402068,6,3
3128,402069,195,2
3129,402069,141,2
3130,402070,75,1
3131,402070,187,2
3132,402070,106,2
3133,402071,103,1
3134,402071,97,1
3135,402073,31,2
3136,402073,33,2
3137,402073,5,3
3138,402074,184,3
3139,402074,4,3
3140,402074,7,1
3141,402075,72,3
3142,402075,154,3
3143,402075,91,3
3144,402077,178,3
3145,402077,162,2
3146,402078,88,1
3147,402078,116,2
3148,402078,137,3
3149,402079,119,2
3150,402079,189,1
3151,402079,71,1
3152,402080,108,2
3153,402080,123,3
3154,402080,52,3
3155,402081,67,3
3156,402081,77,1
3157,402082,143,1
3158,402082,144,3
3159,402083,160,1
3160,402083,13,1
3161,402086,57,3
3162,402086,107,1
3163,402087,104,3
3164,402087,87,3
3165,402087,178,1
3166,402088,21,3
3167,402088,195,3
3168,402089,128,1
3169,402089,76,2
3170,402090,52,3
3171,402090,184,3
3172,402090,9,3
3173,402091,100,2
3174,402092,20,1
3175,402093,37,3
3176,402093,53,1
3177,402093,132,2
3178,402095,70,1
3179,402096,186,3
3180,402096,83,2
3181,402096,140,2
3182,402097,157,2
3183,402097,112,1
3184,402097,137,2
3185,402099,168,3
3186,402099,93,2
3187,402099,4,3
3188,402100,37,3
3189,402100,106,2
3190,402100,79,1
3191,402101,65,3
3192,402101,42,3
3193,402102,6,3
3194,402103,184,2
3195,402103,21,2
3196,402103,70,1
3197,402104,159,2
3198,402104,47,3
3199,402104,134,2
3200,402105,29,1
3201,402107,112,3
3202,402107,35,1
3203,402109,123,3
3204,402110,74,2
3205,402111,88,2
3206,402111,71,1
3207,402112,65,1
3208,402114,90,2
3209,402115,196,1
3210,402117,145,1
3211,402117,40,1
3212,402118,89,3
3213,402119,71,1
3214,402119,184,3
3215,402119,44,2
3216,402120,26,3
3217,402121,101,2
3218,402122,177,1
3219,402123,86,1
3220,402124,116,2
3221,402124,66,1
3222,402124,56,1
3223,402125,17,1
3224,402125,2,1
3225,402125,115,3
3226,402126,101,1
3227,402127,33,1
3228,402127,174,2
3229,402127,8,1
3230,402128,144,2
3231,402130,8,3
3232,402130,84,1
3233,402131,78,1
3234,402131,63,2
3235,402132,128,3
3236,402132,36,1
3237,402132,169,3
3238,402133,11,3
3239,402133,191,2
3240,402134,117,1
3241,402134,1,3
3242,402134,185,1
3243,402136,94,2
3244,402137,188,2
3245,402137,123,3
3246,402137,29,3
3247,402138,99,3
3248,402138,170,2
3249,402138,195,3
3250,402139,39,2
3251,402139,89,3
3252,402139,148,1
3253,402140,66,3
3254,402140,63,2
3255,402141,20,2
3256,402141,109,1
3257,402142,32,2
3258,402142,39,1
3259,402142,12,2
3260,402143,6,1
3261,402144,4,3
3262,402144,61,1
3263,402146,180,2
3264,402146,122,1
3265,402147,138,3
3266,402147,74,2
3267,402147,144,3
3268,402149,16,2
3269,402149,180,3
3270,402149,14,1
3271,402151,4,1
3272,402151,79,3
3273,402151,131,1
3274,402152,196,2
3275,402152,163,3
3276,402153,43,2
3277,402155,188,2
3278,402155,163,2
3279,402155,74,2
3280,402157,107,3
3281,402157,147,3
3282,402158,94,2
3283,402158,42,3
3284,402161,10,3
3285,402161,117,3
3286,402165,178,3
3287,402165,34,1
3288,402165,153,1
3289,402167,180,3
3290,402169,168,2
3291,402171,39,1
3292,402171,192,1
3293,402172,38,3
3294,402173,52,1
3295,402173,175,3
3296,402176,180,3
3297,402177,18,2
3298,402177,159,1
3299,402178,169,1
3300,402178,51,3
3301,402178,115,2
3302,402179,79,3
3303,402179,92,3
3304,402179,167,2
3305,402180,1,3
3306,402181,51,3
3307,402184,22,3
3308,402184,179,1
3309,402185,46,3
3310,402185,138,1
3311,402185,171,1
3312,402186,32,3
3313,402187,200,1
3314,402187,11,3
3315,402187,141,1
3316,402189,15,3
3317,402190,48,1
3318,402190,135,2
3319,402191,98,3
3320,402192,149,3
3321,402192,96,2
3322,402192,122,2
3323,402193,137,1
3324,402193,155,3
3325,402193,62,2
3326,402194,79,1
3327,402195,132,1
3328,402196,189,1
3329,402196,86,1
3330,402196,65,1
3331,402198,60,3
3332,402199,42,1
3333,402200,83,3
3334,402200,139,2
3335,402202,10,1
3336,402204,126,1
3337,402205,36,2
3338,402207,41,3
3339,402207,180,1
3340,402207,12,2
3341,402208,141,1
3342,402209,13,1
3343,402211,152,1
3344,402211,70,2
3345,402212,89,2
3346,402213,198,3
3347,402213,195,1
3348,402213,126,1
3349,402215,24,3
3350,402215,107,2
3351,402217,99,3
3352,402217,183,1
3353,402218,194,1
3354,402218,24,2
3355,402219,162,2
3356,402219,12,1
3357,402220,54,3
3358,402222,19,3
3359,402222,62,1
3360,402222,80,3
3361,402224,45,1
3362,402224,163,2
3363,402224,167,2
3364,402226,63,1
3365,402227,167,1
3366,402234,12,2
3367,402235,75,2
3368,402235,182,2
3369,402239,91,1
3370,402239,146,1
3371,402239,66,3
3372,402241,99,2
3373,402241,159,1
3374,402243,147,2
3375,402244,40,3
3376,402245,10,2
3377,402246,183,1
3378,402247,145,1
3379,402247,47,2
3380,402248,105,1
3381,402249,72,1
3382,402249,9,3
3383,402249,114,2
3384,402250,77,1
3385,402250,93,1
3386,402250,64,2
3387,402251,138,3
3388,402251,103,2
3389,402251,96,2
3390,402252,6,3
3391,402252,79,2
3392,402253,59,2
3393,402254,47,3
3394,402254,140,2
3395,402255,41,3
3396,402255,39,1
3397,402255,198,1
3398,402256,37,2
3399,402256,178,1
3400,402256,184,1
3401,402258,147,1
3402,402259,168,1
3403,402261,12,1
3404,402261,146,2
3405,402262,15,2
3406,402262,134,1
3407,402262,78,2
3408,402264,185,2
3409,402265,82,3
3410,402267,85,1
3411,402268,6,3
3412,402268,83,2
3413,402269,83,1
3414,402270,188,3
3415,402271,187,2
3416,402272,135,3
3417,402272,107,1
3418,402273,11,3
3419,402273,126,1
3420,402273,35,1
3421,402274,98,1
3422,402274,69,2
3423,402274,96,3
3424,402276,54,2
3425,402276,29,3
3426,402276,51,1
3427,402277,91,2
3428,402277,119,3
3429,402277,30,1
3430,402279,32,3
3431,402280,200,1
3432,402281,134,1
3433,402281,164,1
3434,402282,16,1
3435,402282,29,3
3436,402283,45,3
3437,402283,13,1
3438,402283,79,2
3439,402285,7,3
3440,402286,155,3
3441,402288,61,3
3442,402288,152,1
3443,402288,100,3
3444,402289,152,1
3445,402289,44,1
3446,402291,195,3
3447,402292,182,1
3448,402292,99,2
3449,402292,9,1
3450,402293,46,1
3451,402293,82,1
3452,402293,42,3
3453,402294,52,2
3454,402294,15,2
3455,402295,67,2
3456,402297,60,3
3457,402298,151,2
3458,402299,25,3
3459,402299,85,2
3460,402299,165,1
3461,402300,98,1
3462,402300,80,3
3463,402301,83,3
3464,402303,34,1
3465,402303,44,2
3466,402303,167,3
3467,402304,113,1
3468,402305,114,3
3469,402305,26,3
3470,402306,39,1
3471,402309,173,1
3472,402310,101,3
3473,402310,5,2
3474,402310,44,2
3475,402311,116,1
3476,402312,12,3
3477,402313,61,3
3478,402314,116,3
3479,402314,34,2
3480,402314,135,3
3481,402315,124,3
3482,402315,152,1
3483,402316,181,3
3484,402317,96,2
3485,402319,128,2
3486,402320,30,2
3487,402321,131,3
3488,402321,40,3
3489,402321,178,3
3490,402323,12,2
3491,402324,119,3
3492,402325,148,2
3493,402325,200,3
3494,402327,194,2
3495,402328,199,1
3496,402328,1,1
3497,402328,36,2
3498,402329,32,2
3499,402329,125,3
3500,402330,16,1
3501,402332,164,2
3502,402333,136,3
3503,402336,34,3
3504,402336,194,3
3505,402338,107,3
3506,402338,171,3
3507,402340,169,1
3508,402340,129,3
3509,402341,195,1
3510,402341,112,1
3511,402341,156,3
3512,402342,113,2
3513,402342,153,1
3514,402342,98,3
3515,402343,116,3
3516,402344,19,3
3517,402345,14,3
3518,402345,120,3
3519,402345,21,2
3520,402347,73,3
3521,402347,113,1
3522,402347,109,3
3523,402348,149,2
3524,402350,38,2
3525,402350,6,3
3526,402350,100,2
3527,402351,159,2
3528,402351,69,2
3529,402351,193,1
3530,402352,192,2
3531,402352,175,1
3532,402352,43,3
3533,402354,22,3
3534,402356,19,2
3535,402356,196,3
3536,402356,105,1
3537,402357,94,1
3538,402358,99,3
3539,402358,78,3
3540,402360,17,3
3541,402360,35,3
3542,402360,66,3
3543,402362,44,2
3544,402362,26,2
3545,402363,76,1
3546,402363,140,2
3547,402363,92,3
3548,402364,17,2
3549,402364,2,2
3550,402364,126,2
3551,402365,9,2
3552,402365,192,1
3553,402366,136,1
3554,402366,133,3
3555,402366,27,1
3556,402368,124,2
3557,402368,45,2
3558,402369,150,3
3559,402370,41,2
3560,402371,50,1
3561,402371,198,3
3562,402371,180,1
3563,402372,14,2
3564,402372,77,3
3565,402374,168,1
3566,402376,136,2
3567,402376,99,3
3568,402377,134,2
3569,402378,103,2
3570,402382,43,2
3571,402382,65,1
3572,402382,30,2
3573,402383,40,2
3574,402383,134,3
3575,402383,198,2
3576,402384,117,1
3577,402384,45,1
3578,402384,168,3
3579,402386,142,2
3580,402386,89,1
3581,402387,121,2
3582,402387,31,3
3583,402388,194,2
3584,402388,11,3
3585,402388,75,2
3586,402391,66,1
3587,402391,125,1
3588,402392,14,1
3589,402392,85,2
3590,402392,145,3
3591,402394,142,3
3592,402396,136,2
3593,402396,8,1
3594,402397,45,3
3595,402397,104,2
3596,402399,54,1
3597,402399,154,2
3598,402400,107,2
3599,402401,168,2
3600,402401,177,1
3601,402402,188,1
3602,402402,162,2
3603,402403,55,2
3604,402404,33,1
3605,402404,195,2
3606,402404,65,2
3607,402406,23,3
3608,402406,80,2
3609,402406,151,3
3610,402407,152,1
3611,402407,27,3
3612,402408,36,1
3613,402408,136,3
3614,402408,166,1
3615,402409,130,2
3616,402409,71,3
3617,402409,31,2
3618,402410,16,3
3619,402410,110,1
3620,402411,177,3
3621,402411,73,3
3622,402411,91,1
3623,402412,167,2
3624,402412,110,3
3625,402413,29,2
3626,402413,200,2
3627,402413,74,1
3628,402414,107,1
3629,402415,147,3
3630,402416,172,2
3631,402416,144,2
3632,402417,140,3
3633,402419,81,2
3634,402420,147,2
3635,402420,8,2
3636,402420,193,1
3637,402421,191,3
3638,402421,105,1
3639,402423,117,3
3640,402424,171,3
3641,402424,140,1
3642,402424,103,2
3643,402425,6,1
3644,402426,28,3
3645,402427,182,2
3646,402428,11,3
3647,402428,14,2
3648,402428,194,3
3649,402430,119,2
3650,402430,59,1
3651,402431,38,1
3652,402431,125,2
3653,402431,39,2
3654,402432,90,2
3655,402433,18,3
3656,402433,79,3
3657,402434,104,1
3658,402435,115,2
3659,402435,9,2
3660,402436,160,1
3661,402436,135,1
3662,402436,94,2
3663,402437,6,3
3664,402438,68,1
3665,402438,154,2
3666,402439,17,1
3667,402441,55,2
3668,402441,140,2
3669,402441,160,1
3670,402442,192,1
3671,402442,36,2
3672,402442,150,3
3673,402443,78,3
3674,402443,131,2
3675,402444,200,1
3676,402446,142,1
3677,402447,36,1
3678,402447,150,3
3679,402449,133,1
3680,402449,106,1
3681,402449,169,1
3682,402450,68,2
3683,402450,126,3
3684,402450,133,1
3685,402451,71,3
3686,402452,54,2
3687,402452,78,2
3688,402453,123,1
3689,402453,128,2
3690,402455,95,1
3691,402456,6,1
3692,402457,155,3
3693,402459,135,1
3694,402459,111,2
3695,402460,188,3
3696,402460,145,1
3697,402460,69,1
3698,402461,25,2
3699,402462,144,3
3700,402462,89,1
3701,402463,99,2
3702,402463,169,3
3703,402464,62,2
3704,402464,140,2
3705,402464,103,1
3706,402465,39,2
3707,402465,107,3
3708,402465,175,3
3709,402467,185,3
3710,402467,86,2
3711,402468,193,3
3712,402468,174,2
3713,402468,126,3
3714,402469,4,2
3715,402470,55,1
3716,402470,54,2
3717,402470,166,2
3718,402471,180,2
3719,402474,89,3
3720,402474,174,3
3721,402474,45,1
3722,402475,194,1
3723,402475,198,2
3724,402475,98,3
3725,402477,15,2
3726,402477,146,1
3727,402477,78,2
3728,402478,189,2
3729,402478,85,1
3730,402478,126,1
3731,402479,20,3
3732,402479,21,1
3733,402480,140,2
3734,402480,38,2
3735,402482,91,1
3736,402483,47,3
3737,402483,10,2
3738,402483,93,2
3739,402484,126,3
3740,402484,101,3
3741,402485,66,3
3742,402486,52,1
3743,402486,150,3
3744,402486,111,3
3745,402489,154,3
3746,402489,200,3
3747,402489,46,2
3748,402490,159,3
3749,402490,64,1
3750,402490,173,3
3751,402492,68,1
3752,402494,132,3
3753,402494,129,2
3754,402494,9,2
3755,402496,30,1
3756,402496,141,1
3757,402496,79,2
3758,402497,82,2
3759,402499,161,1
3760,402499,67,3
3761,402499,11,1
3762,402500,53,3
3763,402500,45,3
3764,402501,66,1
3765,402501,17,3
3766,402502,169,1
3767,402503,95,2
3768,402504,66,2
3769,402504,80,1
3770,402505,154,2
3771,402505,72,1
3772,402506,48,2
3773,402506,155,3
3774,402506,146,2
3775,402507,187,1
3776,402508,57,2
3777,402508,151,1
3778,402509,120,3
3779,402510,179,3
3780,402510,188,1
3781,402510,149,1
3782,402511,71,2
3783,402511,8,1
3784,402511,157,1
3785,402512,144,1
3786,402514,17,1
3787,402515,133,2
3788,402515,56,3
3789,402516,197,1
3790,402516,6,1
3791,402516,167,2
3792,402517,182,2
3793,402518,178,1
3794,402519,151,1
3795,402519,106,3
3796,402519,44,2
3797,402520,157,3
3798,402520,182,2
3799,402520,75,1
3800,402521,137,1
3801,402523,154,2
3802,402523,162,2
3803,402523,16,2
3804,402524,87,1
3805,402524,160,1
3806,402524,58,2
3807,402525,50,1
3808,402525,195,3
3809,402526,115,3
3810,402526,194,1
3811,402529,87,1
3812,402529,7,3
3813,402531,163,1
3814,402531,190,2
3815,402533,41,1
3816,402533,176,3
3817,402533,120,1
3818,402534,2,3
3819,402535,64,1
3820,402535,115,3
3821,402537,21,3
3822,402539,42,1
3823,402539,91,1
3824,402539,19,3
3825,402540,185,2
3826,402541,72,3
3827,402541,5,2
3828,402541,145,1
3829,402542,171,3
3830,402542,131,1
3831,402542,160,1
3832,402543,90,3
3833,402544,132,3
3834,402544,58,2
3835,402544,81,1
3836,402546,54,3
3837,402546,108,3
3838,402546,175,2
3839,402548,170,1
3840,402548,161,2
3841,402549,197,3
3842,402549,171,1
3843,402552,50,2
3844,402553,25,2
3845,402555,22,1
3846,402555,19,2
3847,402557,24,3
3848,402558,172,1
3849,402558,131,1
3850,402559,195,1
3851,402559,100,2
3852,402560,100,3
3853,402560,20,1
3854,402560,169,1
3855,402561,62,1
3856,402562,28,3
3857,402562,22,1
3858,402562,88,3
3859,402564,135,1
3860,402567,13,1
3861,402567,60,1
3862,402568,128,1
3863,402569,57,2
3864,402569,79,3
3865,402569,109,3
3866,402570,4,3
3867,402570,97,3
3868,402570,150,2
3869,402571,123,1
3870,402572,48,2
3871,402572,125,2
3872,402572,183,1
3873,402573,111,1
3874,402573,127,2
3875,402573,101,3
3876,402575,142,3
3877,402576,17,2
3878,402576,61,3
3879,402577,180,3
3880,402578,79,1
3881,402579,58,3
3882,402579,132,3
3883,402579,133,1
3884,402580,148,3
3885,402580,178,1
3886,402580,143,2
3887,402581,154,1
3888,402581,69,3
3889,402582,171,1
3890,402582,67,2
3891,402582,86,3
3892,402583,78,2
3893,402583,30,2
3894,402584,172,3
3895,402585,168,3
3896,402585,81,3
3897,402585,121,1
3898,402586,138,1
3899,402586,96,2
3900,402586,91,2
3901,402587,77,2
3902,402587,196,1
3903,402587,143,2
3904,402589,132,1
3905,402590,110,2
3906,402590,178,1
3907,402590,1,2
3908,402591,48,1
3909,402591,158,3
3910,402592,7,1
3911,402592,96,1
3912,402592,196,2
3913,402593,95,3
3914,402593,17,2
3915,402595,95,2
3916,402595,168,1
3917,402595,24,2
3918,402599,134,2
3919,402599,172,3
3920,402601,59,1
3921,402601,160,3
3922,402602,122,2
3923,402603,16,1
3924,402603,174,2
3925,402605,129,3
3926,402605,86,3
3927,402605,64,3
3928,402606,146,1
3929,402607,166,3
3930,402607,19,1
3931,402609,114,2
3932,402610,133,2
3933,402611,183,3
3934,402612,133,1
3935,402612,53,2
3936,402613,195,3
3937,402613,145,2
3938,402613,86,2
3939,402614,122,2
3940,402615,114,1
3941,402615,176,3
3942,402615,58,1
3943,402616,8,2
3944,402616,56,3
3945,402616,62,2
3946,402618,124,1
3947,402618,184,3
3948,402618,52,2
3949,402619,148,3
3950,402619,153,1
3951,402619,177,1
3952,402621,156,2
3953,402621,56,2
3954,402621,111,2
3955,402622,23,2
3956,402622,123,3
3957,402623,89,1
3958,402624,194,3
3959,402624,183,2
3960,402625,62,1
3961,402625,61,2
3962,402625,162,2
3963,402626,152,3
3964,402626,86,1
3965,402627,108,1
3966,402627,175,2
3967,402628,108,3
3968,402628,168,1
3969,402628,146,1
3970,402629,183,3
3971,402630,161,1
3972,402630,19,3
3973,402631,58,1
3974,402631,197,1
3975,402632,153,2
3976,402632,69,1
3977,402633,185,1
3978,402633,24,1
3979,402635,152,2
3980,402637,26,2
3981,402639,24,2
3982,402639,20,3
3983,402640,171,1
3984,402642,199,2
3985,402642,7,2
3986,402643,34,3
3987,402644,106,2
3988,402644,115,1
3989,402646,192,1
3990,402646,3,1
3991,402646,61,2
3992,402647,130,3
3993,402647,175,2
3994,402647,57,2
3995,402648,174,1
3996,402648,113,2
3997,402648,176,1
3998,402649,111,1
3999,402650,172,3
4000,402652,102,3
4001,402652,99,2
4002,402653,143,2
4003,402654,122,1
4004,402654,177,2
4005,402656,171,3
4006,402656,58,2
4007,402656,69,1
4008,402657,34,2
4009,402657,152,2
4010,402660,82,1
4011,402661,119,1
4012,402662,22,3
4013,402662,75,1
4014,402662,133,3
4015,402663,192,1
4016,402663,48,1
4017,402664,171,2
4018,402664,17,1
4019,402664,24,3
4020,402666,90,1
4021,402667,166,2
4022,402668,120,2
4023,402668,142,2
4024,402669,164,2
4025,402669,140,1
4026,402669,119,1
4027,402670,31,2
4028,402670,5,1
4029,402671,16,3
4030,402671,161,1
4031,402671,76,1
4032,402672,158,3
4033,402672,82,1
4034,402674,196,2
4035,402675,129,1
4036,402676,90,3
4037,402677,64,2
4038,402677,174,3
4039,402677,122,2
4040,402678,47,3
4041,402678,180,1
4042,402678,63,2
4043,402679,123,3
4044,402679,182,2
4045,402680,13,2
4046,402680,91,3
4047,402680,179,1
4048,402681,116,3
4049,402681,41,2
4050,402682,42,3
4051,402682,73,3
4052,402682,12,2
4053,402683,84,3
4054,402683,101,1
4055,402684,93,3
4056,402684,147,1
4057,402685,55,2
4058,402685,64,1
4059,402685,160,1
4060,402686,40,2
4061,402687,166,1
4062,402688,156,1
4063,402689,117,3
4064,402690,176,3
4065,402690,29,2
4066,402690,33,3
4067,402691,101,1
4068,402693,157,2
4069,402693,68,2
4070,402694,133,2
4071,402695,79,3
4072,402695,117,3
4073,402698,24,1
4074,402698,6,2
4075,402699,157,3
4076,402700,63,1
4077,402700,79,3
4078,402700,77,3
4079,402704,60,2
4080,402704,23,3
4081,402706,135,3
4082,402706,20,2
4083,402707,27,1
4084,402707,194,1
4085,402708,112,2
4086,402710,130,2
4087,402711,189,3
4088,402711,88,2
4089,402712,178,2
4090,402713,147,1
4091,402713,131,3
4092,402713,116,1
4093,402714,10,1
4094,402714,122,3
4095,402715,63,3
4096,402716,49,2
4097,402716,144,3
4098,402716,122,1
4099,402717,7,3
4100,402718,175,1
4101,402718,189,1
4102,402718,150,3
4103,402721,122,3
4104,402721,12,1
4105,402723,81,1
4106,402723,103,2
4107,402723,169,1
4108,402724,194,2
4109,402724,27,2
4110,402727,7,2
4111,402727,71,2
4112,402728,181,1
4113,402729,129,2
4114,402729,188,3
4115,402730,169,3
4116,402730,103,1
4117,402730,145,3
4118,402731,56,3
4119,402733,157,1
4120,402734,101,2
4121,402736,56,1
4122,402737,159,3
4123,402737,177,1
4124,402739,10,2
4125,402739,164,3
4126,402739,177,2
4127,402740,74,2
4128,402740,78,1
4129,402740,63,3
4130,402741,115,2
4131,402741,77,2
4132,402742,80,2
4133,402742,27,2
4134,402743,199,1
4135,402743,141,2
4136,402746,116,2
4137,402746,94,2
4138,402747,107,3
4139,402748,153,1
4140,402750,17,2
4141,402750,15,3
4142,402751,156,3
4143,402751,67,3
4144,402753,96,2
4145,402754,23,1
4146,402755,16,1
4147,402756,157,3
4148,402756,57,3
4149,402756,178,1
4150,402757,19,3
4151,402759,23,1
4152,402759,95,1
4153,402759,28,2
4154,402760,116,2
4155,402760,150,2
4156,402761,7,1
4157,402761,59,3
4158,402762,38,2
4159,402763,134,2
4160,402764,13,2
4161,402764,43,2
4162,402766,69,3
4163,402766,63,1
4164,402766,195,2
4165,402767,42,3
4166,402767,184,3
4167,402767,116,2
4168,402769,165,2
4169,402770,72,1
4170,402770,181,3
4171,402770,125,1
4172,402771,68,1
4173,402773,2,2
4174,402774,159,1
4175,402775,4,3
4176,402775,117,2
4177,402775,43,2
4178,402776,72,3
4179,402776,193,2
4180,402776,129,3
4181,402777,167,2
4182,402777,68,2
4183,402778,182,3
4184,402779,59,2
4185,402779,132,1
4186,402779,130,2
4187,402780,44,2
4188,402780,61,3
4189,402780,31,2
4190,402782,50,1
4191,402782,123,3
4192,402783,138,3
4193,402786,20,1
4194,402786,95,3
4195,402786,185,3
4196,402787,195,3
4197,402788,47,3
4198,402788,48,3
4199,402789,75,1
4200,402789,88,3
4201,402790,27,1
4202,402791,127,3
4203,402793,145,1
4204,402793,196,3
4205,402793,42,2
4206,402794,30,2
4207,402795,19,1
4208,402796,171,1
4209,402797,165,1
4210,402797,186,1
4211,402798,95,2
4212,402798,94,3
4213,402799,130,1
4214,402799,77,3
4215,402800,158,1
4216,402801,87,2
4217,402802,89,2
4218,402802,57,1
4219,402802,24,1
4220,402803,90,1
4221,402804,188,1
4222,402804,81,3
4223,402804,55,1
4224,402805,67,1
4225,402806,147,1
4226,402808,180,2
4227,402808,196,1
4228,402810,158,3
4229,402811,48,1
4230,402812,107,2
4231,402812,88,2
4232,402812,29,1
4233,402814,164,1
4234,402815,175,2
4235,402815,182,3
4236,402818,190,2
4237,402819,187,1
4238,402819,9,2
4239,402820,35,1
4240,402820,131,1
4241,402821,198,2
4242,402822,3,3
4243,402823,142,3
4244,402823,76,1
4245,402823,21,1
4246,402824,46,2
4247,402825,163,3
4248,402826,60,2
4249,402826,96,3
4250,402826,93,2
4251,402827,17,1
4252,402827,92,1
4253,402827,8,3
4254,402828,174,3
4255,402828,66,2
4256,402832,179,3
4257,402832,18,1
4258,402838,134,2
4259,402838,2,3
4260,402839,13,3
4261,402839,57,1
4262,402839,186,3
4263,402840,80,2
4264,402840,198,1
4265,402841,64,2
4266,402841,29,1
4267,402841,132,3
4268,402842,96,3
4269,402842,138,1
4270,402844,28,2
4271,402845,49,3
4272,402846,117,3
4273,402846,188,3
4274,402846,71,2
4275,402847,81,2
4276,402848,40,2
4277,402849,107,1
4278,402849,160,2
4279,402849,173,1
4280,402850,4,1
4281,402852,176,2
4282,402854,121,1
4283,402854,22,2
4284,402856,121,3
4285,402856,27,3
4286,402856,70,1
4287,402857,39,3
4288,402857,200,1
4289,402857,141,2
4290,402858,199,2
4291,402862,43,3
4292,402862,184,1
4293,402863,76,1
4294,402863,97,3
4295,402863,49,1
4296,402864,102,2
4297,402865,159,1
4298,402866,121,3
4299,402866,111,1
4300,402866,135,1
4301,402867,27,2
4302,402867,88,2
4303,402867,97,1
4304,402869,63,1
4305,402871,104,2
4306,402872,79,1
4307,402872,75,3
4308,402872,76,2
4309,402873,143,1
4310,402873,129,3
4311,402873,37,3
4312,402875,143,3
4313,402875,49,1
4314,402876,109,1
4315,402878,141,3
4316,402883,115,2
4317,402884,82,2
4318,402885,175,1
4319,402885,7,2
4320,402885,132,1
4321,402886,23,1
4322,402886,165,3
4323,402886,160,3
4324,402887,29,1
4325,402889,154,2
4326,402889,101,1
4327,402890,15,3
4328,402890,46,2
4329,402891,182,3
4330,402891,73,3
4331,402891,180,2
4332,402892,122,3
4333,402893,162,1
4334,402893,38,3
4335,402893,4,2
4336,402894,65,1
4337,402894,82,3
4338,402894,121,2
4339,402895,124,3
4340,402896,189,3
4341,402898,26,2
4342,402899,157,3
4343,402899,39,3
4344,402900,183,3
4345,402900,177,2
4346,402902,24,3
4347,402902,37,3
4348,402903,106,2
4349,402903,182,2
4350,402903,148,2
4351,402904,52,1
4352,402905,97,3
4353,402905,103,3
4354,402905,111,2
4355,402906,138,3
4356,402906,96,2
4357,402907,94,1
4358,402907,159,2
4359,402907,184,2
4360,402908,116,3
4361,402908,96,2
4362,402910,79,3
4363,402910,63,2
4364,402912,111,2
4365,402913,199,2
4366,402913,5,2
4367,402914,73,2
4368,402917,188,3
4369,402917,119,2
4370,402918,165,3
4371,402918,22,1
4372,402918,136,3
4373,402919,178,1
4374,402920,67,2
4375,402920,17,3
4376,402920,10,2
4377,402921,166,1
4378,402922,162,2
4379,402922,72,1
4380,402922,182,2
4381,402923,105,1
4382,402925,119,2
4383,402926,124,3
4384,402927,95,2
4385,402927,62,2
4386,402928,97,1
4387,402928,139,1
4388,402928,116,1
4389,402929,120,3
4390,402929,163,3
4391,402929,36,1
4392,402930,61,3
4393,402930,55,2
4394,402932,179,1
4395,402932,65,1
4396,402933,179,2
4397,402933,200,3
4398,402933,78,2
4399,402934,64,1
4400,402936,144,1
4401,402937,189,1
4402,402938,145,1
4403,402938,98,2
4404,402938,155,3
4405,402939,95,1
4406,402941,51,1
4407,402941,179,1
4408,402941,119,1
4409,402943,62,1
4410,402943,200,1
4411,402943,17,3
4412,402944,114,1
4413,402944,55,1
4414,402945,62,1
4415,402949,92,1
4416,402949,40,1
4417,402952,119,2
4418,402952,19,3
4419,402953,13,1
4420,402956,81,1
4421,402956,118,2
4422,402957,17,3
4423,402957,116,3
4424,402957,79,1
4425,402958,12,2
4426,402959,197,3
4427,402960,172,1
4428,402960,7,3
4429,402960,108,1
4430,402961,159,2
4431,402961,84,3
4432,402961,191,1
4433,402963,27,2
4434,402963,120,3
4435,402964,188,1
4436,402964,178,1
4437,402964,190,3
4438,402965,17,2
4439,402965,89,3
4440,402966,22,3
4441,402967,110,2
4442,402968,116,1
4443,402968,67,1
4444,402969,38,1
4445,402969,193,1
4446,402970,112,2
4447,402970,76,3
4448,402971,93,1
4449,402971,140,3
4450,402973,95,3
4451,402973,133,2
4452,402974,122,1
4453,402975,50,1
4454,402975,110,3
4455,402976,53,2
4456,402977,111,1
4457,402977,6,3
4458,402978,193,2
4459,402979,177,2
4460,402979,119,3
4461,402979,18,1
4462,402980,66,1
4463,402980,105,1
4464,402981,8,1
4465,402981,94,3
4466,402981,114,2
4467,402982,112,1
4468,402982,96,3
4469,402984,120,3
4470,402985,38,2
4471,402987,179,1
4472,402988,144,2
4473,402988,154,1
4474,402989,190,1
4475,402989,158,2
4476,402990,99,2
4477,402992,73,3
4478,402992,113,1
4479,402992,124,3
4480,402993,73,3
4481,402993,200,1
4482,402993,184,3
4483,402995,134,1
4484,402995,17,2
4485,402997,195,2
4486,402997,136,2
4487,402997,189,1
4488,402999,7,2
4489,402999,153,3
4490,402999,50,1
4491,403001,49,2
4492,403002,33,1
4493,403002,170,3
4494,403003,117,2
4495,403003,153,3
4496,403003,2,2
4497,403004,168,2
4498,403004,141,3
4499,403006,19,1
4500,403007,128,2
4501,403008,128,2
4502,403009,36,3
4503,403011,142,1
4504,403012,86,1
4505,403012,24,3
4506,403013,157,3
4507,403013,80,1
4508,403013,191,3
4509,403014,118,1
4510,403014,4,3
4511,403015,65,1
4512,403015,137,3
4513,403016,45,1
4514,403016,139,3
4515,403016,163,3
4516,403017,57,1
4517,403017,81,1
4518,403018,58,2
4519,403019,117,1
4520,403020,71,3
4521,403021,171,3
4522,403021,156,3
4523,403021,140,1
4524,403022,174,2
4525,403022,93,1
4526,403022,157,2
4527,403023,14,2
4528,403024,124,2
4529,403025,69,2
4530,403025,113,3
4531,403025,77,3
4532,403026,122,2
4533,403027,32,1
4534,403027,146,3
4535,403028,91,1
4536,403028,19,2
4537,403029,178,3
4538,403030,33,1
4539,403030,125,3
4540,403032,22,3
4541,403033,58,2
4542,403033,14,1
4543,403033,114,3
4544,403034,139,3
4545,403035,74,2
4546,403036,152,2
4547,403037,79,2
4548,403038,183,3
4549,403038,143,1
4550,403039,9,3
4551,403039,120,3
4552,403040,152,3
4553,403041,72,3
4554,403041,134,1
4555,403041,64,2
4556,403046,95,2
4557,403047,109,1
4558,403049,37,3
4559,403049,108,3
4560,403049,163,1
4561,403051,113,3
4562,403051,197,1
4563,403051,98,2
4564,403052,122,2
4565,403052,180,3
4566,403052,104,1
4567,403053,57,3
4568,403053,56,2
4569,403053,32,3
4570,403055,57,1
4571,403055,188,3
4572,403058,142,3
4573,403058,188,1
4574,403059,132,2
4575,403062,71,2
4576,403063,102,3
4577,403063,48,3
4578,403065,96,1
4579,403066,9,2
4580,403066,200,2
4581,403066,26,1
4582,403067,7,2
4583,403068,169,1
4584,403069,200,3
4585,403069,194,2
4586,403071,5,1
4587,403071,73,2
4588,403071,158,3
4589,403073,193,3
4590,403074,31,2
4591,403074,76,1
4592,403074,81,1
4593,403075,51,3
4594,403075,39,3
4595,403075,96,1
4596,403077,163,1
4597,403077,144,1
4598,403078,163,3
4599,403078,56,3
4600,403079,143,3
4601,403080,124,3
4602,403080,4,1
4603,403081,92,1
4604,403081,84,1
4605,403081,132,2
4606,403084,170,3
4607,403084,141,1
4608,403085,181,2
4609,403085,110,3
4610,403085,46,3
4611,403086,128,3
4612,403086,99,1
4613,403086,179,3
4614,403090,184,1
4615,403090,148,1
4616,403091,34,2
4617,403092,12,1
4618,403092,121,1
4619,403092,135,1
4620,403093,53,3
4621,403095,49,1
4622,403095,183,3
4623,403096,153,1
4624,403096,155,1
4625,403096,125,3
4626,403097,16,2
4627,403097,72,1
4628,403099,103,3
4629,403099,167,2
4630,403100,122,3
4631,403100,77,1
4632,403101,48,3
4633,403101,77,1
4634,403102,28,3
4635,403102,130,1
4636,403103,183,3
4637,403103,143,1
4638,403103,146,1
4639,403104,131,1
4640,403104,147,3
4641,403104,36,3
4642,403105,126,2
4643,403105,50,3
4644,403106,45,3
4645,403107,141,1
4646,403107,111,3
4647,403107,25,2
4648,403108,3,1
4649,403108,55,2
4650,403109,186,1
4651,403109,195,1
4652,403111,194,3
4653,403111,30,2
4654,403111,125,1
4655,403112,126,2
4656,403112,197,1
4657,403112,128,2
4658,403113,128,2
4659,403113,189,3
4660,403114,24,1
4661,403114,14,3
4662,403114,196,3
4663,403115,74,3
4664,403115,198,2
4665,403115,67,1
4666,403116,108,1
4667,403116,19,2
4668,403119,6,3
4669,403120,41,3
4670,403120,84,3
4671,403120,141,1
4672,403122,35,3
4673,403122,43,1
4674,403123,56,2
4675,403123,21,2
4676,403124,64,2
4677,403124,93,3
4678,403124,117,3
4679,403125,83,3
4680,403126,123,3
4681,403126,9,2
4682,403127,118,2
4683,403127,19,3
4684,403127,62,1
4685,403128,74,2
4686,403128,160,1
4687,403128,82,3
4688,403130,101,3
4689,403130,70,2
4690,403130,89,1
4691,403131,34,1
4692,403131,26,1
4693,403131,178,3
4694,403132,68,1
4695,403133,105,1
4696,403133,194,2
4697,403134,44,3
4698,403134,77,1
4699,403134,158,3
4700,403135,74,3
4701,403135,29,1
4702,403138,100,1
4703,403138,85,3
4704,403138,75,3
4705,403139,70,2
4706,403141,37,1
4707,403141,18,2
4708,403141,67,3
4709,403143,27,2
4710,403143,194,3
4711,403145,132,1
4712,403145,130,2
4713,403146,86,3
4714,403147,116,2
4715,403149,24,2
4716,403149,111,2
4717,403150,149,3
4718,403150,108,1
4719,403150,117,1
4720,403152,188,1
4721,403153,154,2
4722,403153,155,1
4723,403153,17,2
4724,403154,176,2
4725,403154,167,2
4726,403155,156,1
4727,403156,23,1
4728,403156,120,3
4729,403157,37,1
4730,403157,26,2
4731,403158,181,3
4732,403159,43,2
4733,403160,152,1
4734,403160,140,2
4735,403161,61,1
4736,403162,114,3
4737,403163,195,2
4738,403163,54,1
4739,403165,121,1
4740,403166,7,1
4741,403166,64,2
4742,403166,183,3
4743,403167,94,1
4744,403168,66,2
4745,403168,150,2
4746,403169,177,2
4747,403171,170,1
4748,403172,193,2
4749,403172,16,3
4750,403174,91,1
4751,403177,119,1
4752,403178,122,2
4753,403178,80,2
4754,403178,60,3
4755,403179,199,2
4756,403179,20,3
4757,403180,149,2
4758,403181,66,1
4759,403181,67,2
4760,403181,150,3
4761,403182,30,1
4762,403182,166,3
4763,403183,194,3
4764,403183,146,3
4765,403183,26,3
4766,403185,110,2
4767,403185,157,3
4768,403186,62,1
4769,403186,180,2
4770,403187,142,2
4771,403187,137,2
4772,403188,79,1
4773,403188,153,3
4774,403188,93,1
4775,403189,160,3
4776,403190,90,2
4777,403191,138,2
4778,403191,171,1
4779,403193,171,1
4780,403193,20,3
4781,403195,31,2
4782,403195,48,1
4783,403195,114,3
4784,403196,103,2
4785,403196,59,3
4786,403198,184,3
4787,403198,95,1
4788,403198,151,1
4789,403199,177,1
4790,403199,125,1
4791,403201,46,3
4792,403202,72,1
4793,403203,155,3
4794,403204,148,3
4795,403204,87,3
4796,403205,194,1
4797,403205,67,1
4798,403205,108,2
4799,403207,115,1
4800,403208,53,1
4801,403208,1,3
4802,403208,122,1
4803,403210,98,3
4804,403211,181,3
4805,403211,59,1
4806,403211,175,1
4807,403212,17,2
4808,403214,172,2
4809,403215,164,1
4810,403215,5,2
4811,403216,154,3
4812,403216,127,3
4813,403217,113,3
4814,403217,86,1
4815,403218,79,3
4816,403218,6,1
4817,403220,18,2
4818,403220,90,3
4819,403220,72,2
4820,403221,193,1
4821,403221,110,2
4822,403222,126,3
4823,403222,196,2
4824,403223,81,3
4825,403223,58,1
4826,403224,162,3
4827,403224,52,3
4828,403224,102,3
4829,403225,179,2
4830,403225,119,2
4831,403226,136,3
4832,403227,9,2
4833,403227,170,3
4834,403227,183,1
4835,403228,137,1
4836,403229,160,2
4837,403229,38,2
4838,403229,144,3
4839,403231,109,2
4840,403231,178,1
4841,403232,101,1
4842,403232,9,1
4843,403232,32,1
4844,403233,74,1
4845,403233,149,2
4846,403234,3,2
4847,403234,56,1
4848,403234,43,2
4849,403236,72,1
4850,403236,116,2
4851,403236,5,1
4852,403237,68,3
4853,403237,118,1
4854,403238,43,1
4855,403238,65,2
4856,403240,167,3
4857,403241,84,2
4858,403241,63,1
4859,403241,57,2
4860,403243,9,3
4861,403244,194,3
4862,403245,187,3
4863,403247,152,2
4864,403247,60,1
4865,403250,4,3
4866,403250,21,3
4867,403251,128,2
4868,403251,198,3
4869,403252,190,3
4870,403252,57,2
4871,403253,100,2
4872,403254,180,1
4873,403254,67,2
4874,403254,4,2
4875,403255,82,1
4876,403255,178,2
4877,403255,3,1
4878,403256,86,2
4879,403256,1,1
4880,403256,63,2
4881,403257,198,1
4882,403257,13,3
4883,403258,71,1
4884,403258,127,3
4885,403258,192,3
4886,403260,117,2
4887,403260,157,3
4888,403260,174,3
4889,403261,56,3
4890,403261,30,2
4891,403262,4,1
4892,403262,156,3
4893,403262,21,3
4894,403265,96,2
4895,403265,70,1
4896,403266,67,2
4897,403266,120,2
4898,403267,186,2
4899,403267,47,3
4900,403267,147,1
4901,403268,86,1
4902,403270,124,3
4903,403270,132,2
4904,403270,84,1
4905,403271,104,2
4906,403271,149,1
4907,403271,158,2
4908,403272,91,2
4909,403273,61,2
4910,403273,97,1
4911,403274,18,2
4912,403279,87,2
4913,403280,167,3
4914,403281,100,3
4915,403281,150,2
4916,403282,71,3
4917,403282,53,1
4918,403282,29,3
4919,403283,29,2
4920,403285,149,3
4921,403285,146,3
4922,403285,78,3
4923,403287,165,3
4924,403287,133,1
4925,403287,136,1
4926,403290,124,3
4927,403290,139,1
4928,403291,200,1
4929,403292,145,1
4930,403293,105,3
4931,403293,48,2
4932,403293,62,3
4933,403294,127,3
4934,403295,68,2
4935,403295,100,1
4936,403296,133,2
4937,403296,155,3
4938,403297,122,3
4939,403298,22,2
4940,403298,55,2
4941,403299,82,2
4942,403299,86,1
4943,403299,12,1
4944,403300,113,3
4945,403300,99,1
4946,403300,88,2
4947,403303,133,1
4948,403305,98,1
4949,403306,103,2
4950,403306,199,3
4951,403307,124,3
4952,403307,103,3
4953,403308,158,2
4954,403308,129,2
4955,403309,166,3
4956,403309,42,2
4957,403309,39,3
4958,403312,199,2
4959,403312,115,2
4960,403312,27,1
4961,403313,54,3
4962,403313,77,2
4963,403313,174,3
4964,403314,198,2
4965,403315,133,2
4966,403317,10,1
4967,403318,123,3
4968,403318,104,2
4969,403319,93,1
4970,403319,47,2
4971,403319,196,1
4972,403320,182,2
4973,403320,19,1
4974,403320,6,1
4975,403321,81,3
4976,403322,77,3
4977,403322,130,1
4978,403323,185,1
4979,403323,168,3
4980,403324,94,1
4981,403324,198,2
4982,403324,147,1
4983,403325,68,3
4984,403326,158,3
4985,403327,160,2
4986,403327,86,1
4987,403328,22,3
4988,403328,101,2
4989,403328,145,2
4990,403329,165,2
4991,403331,59,1
4992,403332,195,3
4993,403334,183,3
4994,403334,195,2
4995,403334,37,1
4996,403335,21,2
4997,403335,11,1
4998,403335,93,3
4999,403338,51,2
5000,403338,157,2
5001,403342,175,3
5002,403344,87,3
5003,403344,11,1
5004,403344,47,3
5005,403345,75,3
5006,403346,34,1
5007,403347,194,1
5008,403350,69,1
5009,403350,148,3
5010,403350,73,2
5011,403352,169,1
5012,403353,66,1
5013,403355,68,1
5014,403356,123,1
5015,403356,84,3
5016,403359,29,1
5017,403359,3,3
5018,403360,85,1
5019,403360,14,3
5020,403360,86,2
5021,403361,133,2
5022,403365,58,2
5023,403366,70,3
5024,403366,16,1
5025,403367,134,2
5026,403367,62,2
5027,403368,85,2
5028,403368,11,3
5029,403368,185,1
5030,403369,172,2
5031,403369,10,3
5032,403369,89,1
5033,403370,66,1
5034,403370,181,2
5035,403370,196,1
5036,403371,195,2
5037,403371,56,1
5038,403371,108,1
5039,403373,12,2
5040,403373,103,1
5041,403374,167,3
5042,403375,78,3
5043,403375,14,2
5044,403375,130,1
5045,403376,52,3
5046,403377,99,2
5047,403377,200,3
5048,403378,129,1
5049,403378,197,1
5050,403379,137,3
5051,403379,111,1
5052,403380,28,3
5053,403380,109,1
5054,403381,44,3
5055,403381,1,2
5056,403381,197,1
5057,403382,86,1
5058,403384,137,3
5059,403384,99,2
5060,403387,48,2
5061,403388,41,1
5062,403388,33,2
5063,403388,186,3
5064,403394,20,2
5065,403395,146,2
5066,403395,26,3
5067,403396,46,1
5068,403396,45,2
5069,403396,20,3
5070,403397,84,2
5071,403397,22,1
5072,403397,11,3
5073,403398,70,3
5074,403398,45,3
5075,403399,165,1
5076,403399,145,2
5077,403400,157,3
5078,403400,154,1
5079,403401,163,1
5080,403401,69,1
5081,403401,45,1
5082,403402,104,1
5083,403402,75,2
5084,403402,12,3
5085,403403,80,3
5086,403403,134,2
5087,403403,26,2
5088,403405,8,2
5089,403405,147,3
5090,403406,27,3
5091,403406,39,1
5092,403407,114,2
5093,403407,122,1
5094,403407,3,3
5095,403409,131,2
5096,403411,188,1
5097,403414,186,3
5098,403414,35,1
5099,403414,150,2
5100,403415,32,2
5101,403415,117,3
5102,403415,8,3
5103,403418,71,1
5104,403418,82,3
5105,403418,53,3
5106,403421,125,3
5107,403421,124,2
5108,403421,118,1
5109,403422,50,1
5110,403423,42,3
5111,403423,183,3
5112,403423,147,2
5113,403424,81,2
5114,403424,192,3
5115,403424,34,3
5116,403426,174,3
5117,403426,130,3
5118,403426,156,1
5119,403427,200,2
5120,403427,77,2
5121,403427,62,3
5122,403428,24,1
5123,403428,54,3
5124,403431,56,2
5125,403431,51,1
5126,403431,153,1
5127,403435,26,3
5128,403435,177,2
5129,403436,184,2
5130,403436,166,2
5131,403436,21,3
5132,403437,70,3
5133,403437,36,2
5134,403438,179,1
5135,403438,167,3
5136,403439,71,2
5137,403439,195,3
5138,403439,111,2
5139,403440,130,3
5140,403442,157,1
5141,403442,40,2
5142,403442,111,2
5143,403443,15,1
5144,403443,188,2
5145,403444,188,2
5146,403444,151,2
5147,403444,82,2
5148,403445,24,3
5149,403445,77,3
5150,403446,196,2
5151,403446,174,3
5152,403447,26,2
5153,403447,80,1
5154,403448,43,2
5155,403448,134,1
5156,403449,137,1
5157,403449,93,1
5158,403450,78,1
5159,403450,77,1
5160,403450,105,3
5161,403451,128,3
5162,403454,135,2
5163,403454,100,1
5164,403454,187,2
5165,403455,3,2
5166,403455,91,2
5167,403456,19,3
5168,403456,89,2
5169,403456,39,3
5170,403457,199,3
5171,403458,164,2
5172,403458,188,2
5173,403458,140,3
5174,403459,56,2
5175,403459,198,1
5176,403459,107,3
5177,403460,37,2
5178,403461,141,2
5179,403461,33,1
5180,403461,62,2
5181,403462,173,1
5182,403462,180,2
5183,403463,167,3
5184,403463,134,1
5185,403463,87,2
5186,403464,34,2
5187,403464,166,2
5188,403464,139,1
5189,403465,118,2
5190,403465,71,2
5191,403465,139,2
5192,403466,1,2
5193,403466,12,1
5194,403466,72,3
5195,403469,62,1
5196,403470,55,2
5197,403471,136,2
5198,403472,31,1
5199,403473,90,1
5200,403474,73,3
5201,403474,129,1
5202,403474,13,1
5203,403475,193,2
5204,403476,72,3
5205,403476,65,1
5206,403477,53,1
5207,403477,100,3
5208,403477,123,1
5209,403478,31,2
5210,403478,57,1
5211,403478,76,2
5212,403479,180,3
5213,403479,15,3
5214,403480,136,2
5215,403480,184,1
5216,403480,103,2
5217,403481,176,2
5218,403482,38,2
5219,403482,181,3
5220,403484,92,2
5221,403484,157,1
5222,403485,76,3
5223,403485,169,1
5224,403485,94,2
5225,403486,163,2
5226,403487,141,3
5227,403487,120,2
5228,403490,167,2
5229,403491,98,2
5230,403492,57,1
5231,403493,54,3
5232,403493,64,3
5233,403493,119,3
5234,403494,43,2
5235,403494,24,2
5236,403495,164,1
5237,403495,7,3
5238,403495,198,3
5239,403498,64,1
5240,403498,11,3
5241,403499,144,1
5242,403499,176,2
5243,403499,78,1
5244,403500,37,3
5245,403501,47,2
5246,403502,185,3
5247,403502,133,1
5248,403502,45,2
5249,403503,187,1
5250,403503,110,3
5251,403503,199,1
5252,403504,156,1
5253,403504,174,1
5254,403504,34,1
5255,403506,28,2
5256,403506,39,1
5257,403508,27,3
5258,403509,68,3
5259,403509,72,1
5260,403511,176,3
5261,403511,182,1
5262,403512,126,3
5263,403513,83,1
5264,403513,29,1
5265,403513,25,3
5266,403514,102,1
5267,403515,179,3
5268,403516,157,1
5269,403516,159,3
5270,403516,54,1
5271,403517,86,1
5272,403517,40,1
5273,403517,195,1
5274,403519,107,1
5275,403520,74,3
5276,403520,185,3
5277,403521,55,1
5278,403521,87,3
5279,403523,118,2
5280,403523,82,1
5281,403527,25,1
5282,403527,132,1
5283,403527,77,3
5284,403528,25,1
5285,403528,169,2
5286,403529,163,2
5287,403529,90,1
5288,403529,155,1
5289,403533,150,1
5290,403533,36,1
5291,403533,5,1
5292,403536,63,2
5293,403536,33,3
5294,403537,129,2
5295,403538,173,2
5296,403538,13,1
5297,403540,17,1
5298,403541,48,1
5299,403541,121,3
5300,403541,93,3
5301,403542,173,2
5302,403542,13,1
5303,403542,101,1
5304,403543,159,2
5305,403547,25,2
5306,403547,31,3
5307,403548,42,1
5308,403548,30,2
5309,403549,151,2
5310,403549,58,3
5311,403549,96,1
5312,403550,38,3
5313,403551,198,2
5314,403554,22,1
5315,403554,32,3
5316,403555,134,2
5317,403555,162,1
5318,403556,179,2
5319,403556,162,3
5320,403556,14,2
5321,403557,117,1
5322,403557,79,2
5323,403557,162,3
5324,403558,178,2
5325,403558,65,3
5326,403559,170,1
5327,403559,11,2
5328,403559,2,1
5329,403560,114,3
5330,403560,17,1
5331,403561,39,2
5332,403562,105,1
5333,403564,171,3
5334,403565,113,1
5335,403566,31,1
5336,403566,174,3
5337,403567,119,3
5338,403567,183,2
5339,403569,141,2
5340,403569,164,3
5341,403570,167,1
5342,403570,181,1
5343,403570,9,2
5344,403571,69,3
5345,403572,132,1
5346,403572,116,2
5347,403572,40,2
5348,403574,9,3
5349,403576,28,1
5350,403576,190,2
5351,403577,72,3
5352,403577,89,3
5353,403578,100,2
5354,403578,71,3
5355,403579,125,1
5356,403579,102,2
5357,403580,43,3
5358,403580,73,1
5359,403581,41,3
5360,403581,59,3
5361,403582,36,1
5362,403583,15,1
5363,403583,52,3
5364,403584,130,3
5365,403587,12,1
5366,403587,55,3
5367,403587,75,2
5368,403590,164,2
5369,403590,48,1
5370,403591,45,1
5371,403593,155,2
5372,403593,160,2
5373,403593,194,2
5374,403595,67,1
5375,403595,44,1
5376,403596,95,3
5377,403596,189,2
5378,403596,98,2
5379,403597,151,1
5380,403598,79,3
5381,403598,195,1
5382,403599,122,3
5383,403599,128,2
5384,403600,61,2
5385,403600,54,2
5386,403601,43,1
5387,403601,163,1
5388,403602,31,2
5389,403602,119,3
5390,403603,5,2
5391,403603,182,2
5392,403604,58,2
5393,403605,97,1
5394,403605,114,2
5395,403606,79,1
5396,403607,18,3
5397,403607,185,3
5398,403608,6,3
5399,403608,20,1
5400,403609,125,3
5401,403609,81,2
5402,403610,196,1
5403,403611,42,3
5404,403612,106,2
5405,403613,10,1
5406,403613,184,1
5407,403614,155,3
5408,403614,48,3
5409,403614,1,3
5410,403615,88,3
5411,403615,177,1
5412,403615,54,3
5413,403616,124,1
5414,403616,149,1
5415,403617,190,1
5416,403618,69,3
5417,403619,25,2
5418,403620,55,2
5419,403620,23,3
5420,403620,177,1
5421,403621,102,3
5422,403623,190,1
5423,403623,184,1
5424,403623,93,3
5425,403624,97,1
5426,403624,75,3
5427,403625,194,1
5428,403625,39,1
5429,403625,8,2
5430,403627,166,1
5431,403627,30,2
5432,403627,107,1
5433,403628,137,1
5434,403628,146,2
5435,403629,175,3
5436,403629,35,2
5437,403629,98,2
5438,403630,146,3
5439,403630,167,1
5440,403630,14,3
5441,403631,122,1
5442,403632,166,1
5443,403634,33,2
5444,403634,153,2
5445,403634,15,1
5446,403635,107,2
5447,403635,14,2
5448,403636,156,3
5449,403638,128,1
5450,403638,113,3
5451,403638,66,3
5452,403639,56,2
5453,403639,51,3
5454,403639,75,1
5455,403640,41,1
5456,403640,49,2
5457,403640,132,3
5458,403642,165,2
5459,403643,160,3
5460,403644,115,1
5461,403644,195,1
5462,403644,92,3
5463,403646,134,2
5464,403648,8,1
5465,403648,91,2
5466,403649,180,1
5467,403650,90,1
5468,403651,143,1
5469,403652,61,2
5470,403652,91,1
5471,403652,200,3
5472,403653,199,1
5473,403654,60,2
5474,403654,108,3
5475,403654,79,3
5476,403655,143,3
5477,403656,138,3
5478,403657,1,3
5479,403658,64,2
5480,403658,183,3
5481,403658,65,3
5482,403659,196,2
5483,403660,124,1
5484,403661,84,3
5485,403662,175,1
5486,403664,66,3
5487,403664,60,2
5488,403665,115,1
5489,403665,67,3
5490,403665,79,3
5491,403666,130,1
5492,403666,87,2
5493,403666,31,1
5494,403667,88,1
5495,403669,102,1
5496,403669,166,1
5497,403670,159,2
5498,403670,138,3
5499,403671,38,3
5500,403671,53,2
5501,403674,107,3
5502,403674,182,2
5503,403674,156,1
5504,403675,32,3
5505,403676,180,3
5506,403677,83,3
5507,403677,32,2
5508,403678,177,2
5509,403680,105,3
5510,403680,122,1
5511,403680,112,2
5512,403681,67,2
5513,403681,48,1
5514,403682,166,1
5515,403684,68,2
5516,403685,95,1
5517,403686,136,3
5518,403686,23,1
5519,403686,111,1
5520,403688,46,3
5521,403688,55,3
5522,403688,24,3
5523,403689,139,2
5524,403689,183,2
5525,403689,41,2
5526,403690,35,2
5527,403690,121,2
5528,403690,151,1
5529,403692,149,2
5530,403692,132,3
5531,403694,85,1
5532,403695,88,3
5533,403696,90,1
5534,403696,68,1
5535,403696,29,2
5536,403697,119,3
5537,403697,157,3
5538,403698,50,3
5539,403698,143,3
5540,403699,162,2
5541,403699,79,1
5542,403699,98,3
5543,403700,119,3
5544,403701,59,2
5545,403701,87,2
5546,403702,173,3
5547,403702,162,1
5548,403703,118,1
5549,403703,126,2
5550,403704,85,1
5551,403704,56,3
5552,403704,103,3
5553,403705,28,1
5554,403705,9,1
5555,403705,151,2
5556,403706,175,1
5557,403706,15,2
5558,403706,109,3
5559,403707,112,3
5560,403708,32,3
5561,403708,30,1
5562,403708,141,1
5563,403709,142,2
5564,403710,128,3
5565,403710,16,1
5566,403710,131,2
5567,403711,115,3
5568,403711,129,3
5569,403712,107,2
5570,403713,112,3
5571,403713,108,3
5572,403713,147,2
5573,403715,94,2
5574,403717,23,3
5575,403717,121,1
5576,403717,128,3
5577,403718,173,3
5578,403718,21,1
5579,403722,66,2
5580,403722,180,3
5581,403722,30,2
5582,403723,121,1
5583,403723,199,3
5584,403723,34,3
5585,403724,141,3
5586,403724,147,2
5587,403724,96,3
5588,403727,84,3
5589,403727,107,3
5590,403730,192,1
5591,403730,134,3
5592,403732,193,2
5593,403734,92,2
5594,403734,16,3
5595,403734,167,1
5596,403735,145,3
5597,403735,160,2
5598,403735,189,3
5599,403736,6,2
5600,403737,93,3
5601,403738,91,3
5602,403739,153,1
5603,403739,95,3
5604,403739,18,3
5605,403740,52,3
5606,403740,152,3
5607,403741,50,1
5608,403741,117,2
5609,403743,194,1
5610,403745,35,3
5611,403745,162,1
5612,403748,66,1
5613,403748,25,2
5614,403748,129,3
5615,403749,168,2
5616,403749,94,2
5617,403750,164,1
5618,403750,62,1
5619,403753,155,1
5620,403753,193,3
5621,403754,152,3
5622,403755,38,2
5623,403755,103,2
5624,403756,84,2
5625,403756,156,1
5626,403756,146,1
5627,403757,32,3
5628,403757,36,2
5629,403757,154,1
5630,403758,63,3
5631,403758,168,3
5632,403758,176,1
5633,403759,53,1
5634,403760,138,1
5635,403760,90,3
5636,403762,129,1
5637,403762,6,3
5638,403762,50,3
5639,403763,86,1
5640,403763,8,1
5641,403763,40,2
5642,403764,42,1
5643,403766,81,2
5644,403766,63,2
5645,403766,144,2
5646,403767,187,2
5647,403767,22,3
5648,403767,76,2
5649,403768,133,2
5650,403768,155,3
5651,403768,13,2
5652,403769,131,2
5653,403769,115,1
5654,403770,161,2
5655,403770,49,1
5656,403773,181,2
5657,403773,145,3
5658,403774,174,1
5659,403776,119,3
5660,403776,69,2
5661,403776,12,2
5662,403777,145,3
5663,403777,103,1
5664,403777,116,3
5665,403778,173,3
5666,403780,6,3
5667,403781,112,3
5668,403782,179,3
5669,403782,75,2
5670,403783,153,3
5671,403785,118,2
5672,403785,58,1
5673,403785,96,2
5674,403787,16,1
5675,403787,108,2
5676,403788,144,1
5677,403788,28,3
5678,403788,103,3
5679,403789,2,1
5680,403789,62,3
5681,403791,108,3
5682,403791,126,1
5683,403792,147,1
5684,403792,81,1
5685,403793,188,1
5686,403794,133,2
5687,403794,116,3
5688,403794,176,1
5689,403795,23,2
5690,403795,70,2
5691,403796,89,1
5692,403796,30,2
5693,403796,116,2
5694,403798,155,3
5695,403800,103,3
5696,403800,35,1
5697,403800,184,3
5698,403801,92,3
5699,403801,177,3
5700,403802,101,2
5701,403802,180,3
5702,403802,144,3
5703,403804,15,3
5704,403804,169,3
5705,403805,134,2
5706,403805,87,1
5707,403806,86,1
5708,403807,28,1
5709,403808,4,1
5710,403809,168,2
5711,403809,15,1
5712,403810,152,2
5713,403811,155,1
5714,403811,156,3
5715,403812,181,3
5716,403812,96,2
5717,403813,106,2
5718,403814,83,1
5719,403814,116,1
5720,403815,191,1
5721,403816,47,1
5722,403816,93,2
5723,403817,67,3
5724,403817,63,1
5725,403817,126,1
5726,403818,96,2
5727,403818,3,1
5728,403818,55,2
5729,403819,61,1
5730,403819,200,1
5731,403819,26,3
5732,403820,75,1
5733,403822,174,2
5734,403823,150,2
5735,403823,131,1
5736,403823,19,2
5737,403824,53,2
5738,403827,64,3
5739,403827,6,2
5740,403830,31,3
5741,403830,75,3
5742,403830,161,3
5743,403831,85,2
5744,403831,132,1
5745,403831,78,2
5746,403833,191,3
5747,403834,25,1
5748,403835,127,2
5749,403835,187,1
5750,403836,160,1
5751,403836,65,1
5752,403836,139,1
5753,403837,45,1
5754,403837,126,3
5755,403838,134,3
5756,403838,100,1
5757,403838,198,2
5758,403839,139,1
5759,403839,106,1
5760,403839,142,3
5761,403840,88,1
5762,403840,68,1
5763,403840,108,3
5764,403843,155,3
5765,403844,171,3
5766,403844,188,1
5767,403844,9,3
5768,403845,76,2
5769,403845,50,2
5770,403845,47,1
5771,403848,34,3
5772,403848,149,3
5773,403848,183,2
5774,403849,126,2
5775,403849,49,1
5776,403849,89,1
5777,403850,95,3
5778,403851,133,2
5779,403852,189,1
5780,403852,36,2
5781,403853,169,3
5782,403853,151,2
5783,403854,161,3
5784,403855,127,3
5785,403857,145,3
5786,403857,58,2
5787,403858,185,3
5788,403858,164,3
5789,403858,88,3
5790,403859,169,1
5791,403860,27,1
5792,403861,42,3
5793,403861,92,3
5794,403863,135,2
5795,403865,186,1
5796,403865,24,1
5797,403865,169,3
5798,403867,69,2
5799,403867,199,1
5800,403868,165,2
5801,403869,110,3
5802,403869,48,2
5803,403871,53,3
5804,403871,180,2
5805,403872,3,1
5806,403873,48,3
5807,403874,68,2
5808,403875,178,3
5809,403875,12,3
5810,403876,199,3
5811,403876,45,3
5812,403876,87,1
5813,403877,103,1
5814,403877,87,1
5815,403877,136,2
5816,403878,189,1
5817,403879,190,2
5818,403879,155,1
5819,403880,57,2
5820,403880,21,1
5821,403881,57,1
5822,403882,39,3
5823,403882,103,3
5824,403883,158,3
5825,403883,63,2
5826,403883,17,3
5827,403884,146,1
5828,403884,188,2
5829,403885,25,3
5830,403885,190,2
5831,403886,96,1
5832,403886,70,2
5833,403887,137,2
5834,403887,199,3
5835,403888,190,2
5836,403888,191,3
5837,403888,123,1
5838,403889,102,2
5839,403889,80,3
5840,403889,81,3
5841,403890,95,2
5842,403890,158,3
5843,403890,191,3
5844,403891,35,2
5845,403891,196,2
5846,403891,110,1
5847,403892,144,3
5848,403892,94,1
5849,403892,155,3
5850,403893,30,2
5851,403893,73,1
5852,403893,111,2
5853,403894,36,1
5854,403894,118,3
5855,403894,68,2
5856,403896,30,2
5857,403897,174,3
5858,403897,199,2
5859,403898,167,3
5860,403898,2,1
5861,403898,69,3
5862,403900,59,1
5863,403900,168,3
5864,403901,173,3
5865,403903,152,1
5866,403903,65,3
5867,403904,161,2
5868,403905,103,2
5869,403905,1,2
5870,403906,7,3
5871,403907,200,1
5872,403908,149,1
5873,403908,19,2
5874,403908,162,2
5875,403910,62,2
5876,403910,54,1
5877,403910,58,3
5878,403911,132,3
5879,403911,118,2
5880,403912,73,3
5881,403912,5,2
5882,403913,19,3
5883,403915,58,2
5884,403915,176,1
5885,403916,87,3
5886,403916,132,2
5887,403917,45,2
5888,403917,173,1
5889,403918,100,1
5890,403918,24,2
5891,403918,172,2
5892,403920,138,2
5893,403921,139,2
5894,403922,172,2
5895,403922,75,2
5896,403922,128,3
5897,403923,48,3
5898,403923,57,1
5899,403923,152,2
5900,403924,101,2
5901,403925,160,2
5902,403929,196,2
5903,403929,66,1
5904,403929,164,2
5905,403930,34,1
5906,403930,188,1
5907,403931,77,2
5908,403931,127,1
5909,403932,113,2
5910,403933,30,3
5911,403933,146,3
5912,403933,111,3
5913,403934,25,2
5914,403934,153,3
5915,403935,137,1
5916,403935,21,3
5917,403937,171,3
5918,403940,69,3
5919,403941,8,3
5920,403941,168,1
5921,403941,102,3
5922,403942,114,3
5923,403942,200,1
5924,403943,68,3
5925,403945,199,3
5926,403945,20,3
5927,403948,22,1
5928,403948,13,3
5929,403949,138,3
5930,403949,157,1
5931,403949,126,2
5932,403950,37,3
5933,403950,173,2
5934,403951,4,3
5935,403951,20,1
5936,403951,145,1
5937,403952,91,1
5938,403952,180,2
5939,403954,61,1
5940,403954,104,2
5941,403955,194,3
5942,403956,164,2
5943,403956,65,1
5944,403956,74,3
5945,403957,101,1
5946,403958,12,2
5947,403960,89,2
5948,403961,101,1
5949,403961,168,3
5950,403961,25,1
5951,403962,62,2
5952,403963,154,1
5953,403964,132,1
5954,403964,185,1
5955,403964,92,1
5956,403965,126,1
5957,403965,142,2
5958,403966,99,2
5959,403966,196,1
5960,403966,170,2
5961,403968,173,2
5962,403968,43,3
5963,403968,113,2
5964,403969,180,2
5965,403971,64,1
5966,403971,50,1
5967,403972,119,2
5968,403973,193,1
5969,403974,19,3
5970,403974,60,1
5971,403974,48,3
5972,403975,14,1
5973,403977,100,2
5974,403977,22,2
5975,403977,54,3
5976,403979,80,3
5977,403980,112,1
5978,403980,144,2
5979,403981,96,3
5980,403981,27,1
5981,403981,62,3
5982,403982,51,2
5983,403982,113,1
5984,403982,149,3
5985,403983,29,3
5986,403983,95,1
5987,403983,88,2
5988,403984,112,1
5989,403984,93,3
5990,403988,162,1
5991,403989,18,3
5992,403989,118,2
5993,403991,193,3
5994,403991,151,3
5995,403992,75,3
5996,403995,194,3
5997,403996,97,3
5998,403997,51,1
5999,403997,45,2
6000,403998,160,3
6001,403999,95,3
6002,404000,78,2
6003,404000,74,2
6004,404000,84,3
